id,EAP,HPL,MWS
id02310,0.01729890338531555,0.007281645359707827,0.9754194512549766
id24541,0.9997781742588303,0.00012346710013678752,9.835864103287978e-05
id00134,0.0019461984814755319,0.9976063475331339,0.0004474539853906723
id27757,0.9130883151478135,0.08553360686866933,0.001378077983517287
id04081,0.849634395391081,0.0735046860091957,0.07686091859972335
id27337,0.9933160377789942,0.006628646167930339,5.531605307545268e-05
id24265,0.9053829833209229,0.09280558850692727,0.0018114281721498115
id25917,0.0006873059875724185,0.052732321463088254,0.9465803725493394
id04951,0.9986790477592082,0.0013192305495873667,1.7216912043522611e-06
id14549,0.9480968457361212,0.016972393774437197,0.034930760489441666
id22505,0.0612263955349699,0.06667283130610802,0.8721007731589221
id24002,1.2506131524707233e-07,0.9999998568687395,1.8069945360824235e-08
id18982,0.06583802077892652,0.9069070107787512,0.027254968442322232
id15181,0.008958783710926168,0.9908751074178549,0.0001661088712189202
id21888,0.9077050739400959,0.01909186593418769,0.07320306012571647
id12035,0.00040481352664376176,6.213301201774293e-05,0.9995330534613386
id17991,0.37169217786776865,0.0060309414975442165,0.6222768806346871
id10707,0.9999990488579246,4.5168250329351196e-07,4.994595722336724e-07
id07101,0.5780865902567158,0.008793540510593558,0.41311986923269056
id00345,0.157521063181626,0.8395175866677749,0.0029613501505991197
id05912,0.9242422031597998,0.04384218112891615,0.031915615711284186
id13443,0.9921787859031168,0.0028466886320021602,0.004974525464881074
id09248,0.38475805857474754,0.05487895105764414,0.5603629903676084
id17542,0.02733374840311874,0.9663620044294554,0.006304247167425819
id06995,0.0024421730816571955,3.839479080003633e-06,0.9975539874392628
id25159,0.6254328617605469,0.015902334487632678,0.35866480375182047
id25729,0.11851024574626279,0.8570398251974024,0.02444992905633481
id26949,0.9435443031369349,0.04947951703211715,0.006976179830947919
id27191,0.0016887047799163737,0.00014201709088162718,0.998169278129202
id07668,0.11946419099336698,2.4868226963938718e-05,0.8805109407796691
id02230,0.009198235962879536,0.3497335869262957,0.6410681771108248
id15553,0.9998416171060722,3.908682883701453e-07,0.00015799202563937723
id25688,0.0004997244726175283,0.9994597056427934,4.056988458908039e-05
id17545,0.9933902021660511,0.004014112703380439,0.0025956851305684227
id13929,0.19263910302855575,0.24240555685506454,0.5649553401163797
id12880,0.14768918994410818,0.8442169482534946,0.008093861802397202
id19282,0.6758453441867426,0.08199429304620143,0.24216036276705602
id14690,0.001807249694095083,0.0003827860853604575,0.9978099642205445
id17975,0.01612076299405301,0.9789942734231799,0.004884963582767129
id08037,0.9924409809675572,0.0006926717057136186,0.0068663473267292765
id15412,0.04416932885888726,0.0010151434609279736,0.9548155276801847
id25032,0.5520991429801763,0.06832297162937641,0.37957788539044734
id27165,0.9999174459710597,5.760605197320108e-05,2.4947976967081948e-05
id03327,0.7659453564022289,0.20284627163928953,0.031208371958481546
id18515,0.9138632032626702,0.004838897424432548,0.08129789931289727
id21003,0.0523649228965541,0.0025121112042931094,0.9451229658991528
id23855,2.4170712925122495e-05,0.9793060376961144,0.020669791590960516
id20724,0.7342313522320486,0.17756151544631604,0.08820713232163532
id13303,0.5851059932586453,0.01812961023734534,0.39676439650400924
id16521,0.00022950444226555982,0.8321187828158424,0.16765171274189208
id20775,0.9999921275822794,6.971060053515217e-06,9.013576670756879e-07
id13029,0.9978300389879889,0.0019988709934861777,0.0001710900185249095
id14660,0.6469381441258599,0.34751731373325945,0.005544542140880629
id11028,0.00049337325634643,5.460972789498074e-05,0.9994520170157587
id14180,0.9842920355261083,0.014279007761076781,0.0014289567128148595
id25860,0.9999780091479009,1.2504723332362125e-06,2.074037976583232e-05
id11910,0.41532169956729015,0.01922351149179573,0.565454788940914
id08065,0.06059083853702023,0.008129391114525507,0.9312797703484542
id22674,0.0037686173575834565,0.0003330876383412289,0.9958982950040753
id25018,0.41188235414945346,0.0007334719370749239,0.5873841739134716
id10892,0.00012825186048613893,0.999854271555169,1.7476584344824054e-05
id10217,0.03657521286032694,0.9633879130068628,3.68741328103235e-05
id12996,0.3679468664636041,0.06420902123749589,0.5678441122989001
id18262,0.8008981800490312,0.11273614516898278,0.08636567478198602
id08606,9.169122342348636e-05,0.9998991809343789,9.12784219759524e-06
id17233,0.8577481824430646,0.020430299665267555,0.12182151789166784
id00101,0.5553321233912485,0.3921818935029446,0.05248598310580696
id12225,0.8763649411148129,0.08629622251431637,0.03733883637087074
id01364,0.0013945757486332913,0.9970126211776916,0.0015928030736750217
id24973,0.8427703435009138,0.0029914852778680423,0.15423817122121805
id25363,0.8880024805972202,1.468457218864831e-08,0.11199750471820753
id10061,0.2812826966582666,0.008448067105515805,0.7102692362362175
id17673,0.03850879450469818,0.9515598094546356,0.009931396040666311
id13249,0.22826232877191727,0.03473061782864193,0.7370070533994408
id10107,0.004190249373891002,0.0014410907566313822,0.9943686598694776
id04403,0.9956379020184364,0.00011857568386976162,0.004243522297693901
id25728,0.8035515462016981,0.03898240997761849,0.15746604382068338
id16184,0.12647528300283287,0.052279347227073995,0.8212453697700932
id03438,0.01811913711916575,2.451965244929427e-05,0.981856343228385
id22923,0.00026114452608472384,0.9997342586187548,4.596855160514256e-06
id08610,0.997525037315859,0.002032204210575852,0.0004427584735652492
id25355,0.01340611113343113,0.005231941726204273,0.9813619471403646
id16916,0.45529422414912907,0.49024854353269626,0.05445723231817469
id12793,0.000942982158310841,0.9988126981186602,0.0002443197230289688
id11859,0.7422126160236231,0.002528657133550998,0.2552587268428259
id02434,0.9999998211734016,1.0636299656562922e-07,7.246360194996263e-08
id27703,0.0004599915928446616,0.00025409965926176387,0.9992859087478936
id25212,0.0006480533718298717,0.9991582419537394,0.00019370467443075904
id11308,0.04302152737875756,0.012026233472150216,0.9449522391490923
id26094,0.9973173321519241,0.0015897144227021147,0.0010929534253738807
id22080,0.8286784413484546,0.16969455060391617,0.0016270080476292548
id03545,0.9996688714666443,0.00030374582637022687,2.738270698554372e-05
id23725,0.0012157191149552737,0.00020304770318823633,0.9985812331818565
id12009,0.9207307208159274,0.047782816913224245,0.03148646227084833
id24241,0.11868752627066875,0.5289756738327908,0.35233679989654054
id03596,0.00032390508427111123,0.9996436535031084,3.2441412620566895e-05
id10749,0.005720590153996541,0.988988284994148,0.005291124851855545
id22794,0.013994131093709799,0.0008540320038558607,0.9851518369024344
id15482,0.033890670670812834,0.7573683442116664,0.20874098511752068
id04833,0.8594240048076982,0.1306320906478595,0.00994390454444236
id00397,4.6437156345744025e-06,7.77300886759022e-09,0.9999953485113566
id14691,0.01217467111440956,0.013202844668680708,0.9746224842169098
id05193,0.1637755104957186,0.0017269599317108987,0.8344975295725705
id19541,0.9905761834579384,0.0008222097222819004,0.008601606819779785
id22166,0.0005780402987737628,3.401105106344606e-05,0.9993879486501628
id20744,0.005056895642779047,3.395637751429258e-05,0.9949091479797068
id10392,9.112607355288797e-07,0.0001302630889545203,0.99986882565031
id00770,0.9943084775407303,0.002671610061678878,0.0030199123975907937
id06018,0.9219291602251686,0.07418585315494702,0.003884986619884438
id15678,0.5566362262718803,0.007041843259243946,0.43632193046887574
id08305,0.9420847022634196,0.05577783686799778,0.0021374608685826345
id08903,0.33823428130769306,0.020923624755832183,0.6408420939364747
id14752,0.07463238151183998,0.9235567158862821,0.0018109026018780212
id12468,0.010556375174350822,0.9893776138312209,6.601099442832055e-05
id05085,0.1757188683432849,0.8233346821119055,0.0009464495448096426
id21993,0.185640976034069,6.723917156959834e-05,0.8142917847943614
id15503,0.815881093385763,0.14332968701373405,0.04078921960050298
id03021,6.284371963843772e-09,0.9999999556833836,3.803224445474596e-08
id16123,0.999784479317523,0.00020316904696324675,1.235163551368606e-05
id19383,0.9995752430976597,0.0003553370125617539,6.94198897785593e-05
id04186,0.9995715629100586,1.7807455948166064e-05,0.0004106296339933023
id17954,0.00010839630185934883,3.3277115872189415e-07,0.9998912709269819
id12030,0.22615865176167277,0.003579872483200031,0.7702614757551273
id13020,0.9104872329157789,0.07714039138167851,0.01237237570254254
id25327,0.00023780491419928384,0.9427916998191472,0.056970495266653466
id16344,0.3326322792647797,0.04936407492440777,0.6180036458108126
id12303,0.1084534313071938,0.8884343055644497,0.0031122631283565976
id15017,0.9994722816527865,0.0005261507997568585,1.5675474567266236e-06
id22308,0.29579476621418654,0.015616617033881333,0.6885886167519322
id06536,9.078805453988422e-06,4.436207081953182e-06,0.9999864849874641
id19797,0.08476753880502873,0.9084124861026289,0.006819975092342311
id06332,0.6529540699450107,0.16839074814140426,0.17865518191358506
id22941,0.006240773972961631,0.05647500728057792,0.9372842187464604
id13547,0.00506516168496792,0.029973543849718662,0.9649612944653134
id06928,0.005928579992948652,8.558202203365948e-05,0.9939858379850177
id12521,0.47860056193860845,0.512313077668265,0.009086360393126668
id25716,0.9030030721490359,0.0002945378405204733,0.0967023900104437
id27116,3.3310694361905475e-05,6.102804859222861e-09,0.9999666832028332
id19941,0.023274503634057912,0.9581753293598617,0.018550167006080344
id05711,3.299917848455829e-05,1.8805281530847453e-05,0.9999481955399846
id02097,0.001226949792456263,0.0028810470815845853,0.9958920031259592
id03563,0.0004113514506463533,0.9994285277111455,0.00016012083820818966
id02295,0.1056476471381278,0.867469051454262,0.026883301407610246
id08179,0.9999999999855975,8.578036864784447e-12,5.8245105413061356e-12
id05332,0.03302834262018074,0.9604286047691146,0.006543052610704624
id15697,0.762967326308069,0.001187939585386074,0.23584473410654494
id17026,0.1465273331425084,0.06635405798119366,0.787118608876298
id04243,0.8404379376109357,0.15888679519353663,0.0006752671955277225
id13175,0.9999999913411358,8.03412149081426e-09,6.247427371220708e-10
id05387,0.998605245401949,0.0005241479196553648,0.0008706066783956846
id19989,0.9611114752432423,0.012706697894893208,0.026181826861864602
id25173,0.11085592481939818,0.017309059245872102,0.8718350159347297
id08925,0.0017840936249288754,0.9980985408709095,0.00011736550416153182
id03034,0.0018373207158826586,0.9887694461422646,0.009393233141852796
id13272,5.51114870020586e-06,0.9999706085117278,2.388033957198909e-05
id07956,0.958022201229917,0.003185735476394532,0.03879206329368851
id02648,0.0034046884709041745,0.00044511072630989246,0.9961502008027859
id01778,0.053256973069585635,0.0022513937428054083,0.944491633187609
id12846,2.8949138843128235e-05,1.4801448536849643e-05,0.9999562494126201
id19001,0.2562663385432355,0.019750661056214813,0.7239830004005497
id05763,0.8162148909092627,0.03071151434384298,0.15307359474689428
id15590,0.00015191983064101122,1.0979679351747073e-06,0.9998469822014239
id04912,0.7859105843413376,0.15735614194947894,0.05673327370918326
id21201,0.8815407877804404,0.07402695792576103,0.044432254293798594
id13215,0.9900361201524891,0.0006619345992643119,0.009301945248246579
id15612,0.09355214114679043,0.8964697330812861,0.009978125771923455
id18501,0.05740350354482717,0.003945007979369278,0.9386514884758036
id07223,0.8524775102150437,0.1054001180920951,0.04212237169286116
id06707,0.5336063070484555,0.16657745439549843,0.29981623855604606
id05238,3.296652898274126e-07,0.999998920605266,7.497294441414413e-07
id00935,0.0020123556152380423,0.0943436502368884,0.9036439941478736
id00110,0.9640538920089226,0.00025347366094626825,0.03569263433013122
id17476,0.9369360422913219,0.05926311452403884,0.0038008431846392396
id15170,0.9999851988120305,1.376129328669037e-05,1.0398946828543807e-06
id13397,0.42279694742959223,0.09270522601908408,0.48449782655132373
id24283,0.9476095126520968,0.02708590726895434,0.025304580078948886
id15234,0.9583425800646777,0.04003333267135509,0.0016240872639673326
id16884,0.7383387391706644,0.1589530066540169,0.10270825417531869
id07831,0.43907304103417255,0.4291663232248595,0.13176063574096805
id16038,0.8960488104711798,0.10094186637328911,0.0030093231555311235
id03629,0.960436829090215,0.029553620218454313,0.010009550691330742
id21019,0.9104843595451863,0.0391246957754358,0.050390944679378026
id21835,0.34875695157051984,0.05146632126612585,0.5997767271633543
id04480,0.0008322569697611593,0.9991180037964336,4.973923380527201e-05
id20838,0.40069339603945614,0.5864119112506012,0.012894692709942744
id24195,0.5666704438081138,0.05655786108188581,0.37677169511000036
id05448,0.9461068309399975,0.04988206707279148,0.004011101987211019
id15957,0.029832354974271166,0.9685868071947245,0.0015808378310044194
id19956,0.000788083198020041,1.8043372968112974e-05,0.9991938734290119
id15104,0.0135330736599171,0.05090656294700905,0.9355603633930739
id17559,0.6423129927672817,0.24770897734626995,0.1099780298864484
id16839,0.06020113830417012,0.1960197316664134,0.7437791300294165
id14493,0.7211328675660653,0.010392120072336537,0.26847501236159815
id08833,0.8290223006753465,0.0010369005403420247,0.16994079878431154
id15723,0.17489688503622344,0.006367530650278133,0.8187355843134985
id02716,0.9989748147405488,9.679544943996328e-05,0.000928389810011298
id06689,0.04355183296845004,0.9424781138468019,0.013970053184748109
id18837,0.6703456874159269,0.0018745525484485735,0.3277797600356244
id04466,0.9906943123541052,0.00664160449020242,0.0026640831556923503
id00686,0.8331086313557118,0.003802231630635975,0.16308913701365224
id09010,0.08883500525075227,0.9096659604687561,0.0014990342804915343
id23353,0.9852085681021256,0.002719891682590143,0.012071540215284232
id00066,0.8545580717775877,0.14341363785196998,0.0020282903704424296
id15724,0.01811846428273275,0.9757707260851932,0.006110809632074029
id23486,0.07329944983301812,5.900856221763657e-05,0.9266415416047643
id22258,0.00820537156024054,0.004239182808936408,0.9875554456308231
id02292,0.6325328825532321,0.3215635057943533,0.0459036116524145
id16356,0.12408557121098111,0.0017559372621042612,0.8741584915269146
id00235,0.9873652145620793,0.0005308400133274488,0.012103945424593207
id25522,0.0717579318851292,0.000653240223635276,0.9275888278912355
id04204,0.01396056688948132,0.9848730926402995,0.0011663404702191812
id22016,0.5741239933300791,0.08135165340366507,0.34452435326625586
id06480,0.005599519596646988,0.9940272787392614,0.000373201664091683
id08718,0.08065495990405967,2.5274493455072938e-05,0.9193197656024853
id05251,1.0859491696248777e-05,0.9999843940157801,4.746492523713632e-06
id03359,0.8334683222572444,0.007599660143629142,0.15893201759912648
id16117,0.005987075010779299,3.9267481171160365e-05,0.9939736575080496
id17000,0.00025300447160887357,0.9997115962822875,3.539924610367364e-05
id01730,0.0001996110756204034,0.9997480925290513,5.229639532839762e-05
id00630,0.852068453949623,0.14721154387560617,0.0007200021747708051
id18175,0.06767249996806153,0.0005297871151631458,0.9317977129167754
id00907,0.9045449685130331,0.03332433826092623,0.062130693226040735
id18251,0.00017342706435533105,0.9998103638937035,1.6209041941298592e-05
id25861,0.7514109132565553,0.09404454272890589,0.15454454401453885
id00398,0.9074522361056407,0.04942957716910702,0.04311818672525224
id27573,0.9999059172828061,2.3424901140056038e-07,9.38484681824725e-05
id10022,0.00020533418814735872,0.9885051450008824,0.01128952081097021
id15901,0.023923204896667726,7.139774114165284e-06,0.9760696553292181
id00451,0.029074478966725204,0.005601162679308124,0.9653243583539667
id23129,0.001715211974413094,0.9982570748612254,2.771316436151152e-05
id26498,0.062024038317768496,0.9221207201432137,0.01585524153901794
id14741,0.03072020732702114,0.9677680127483049,0.0015117799246738735
id18453,0.088242374545479,0.021334785053863506,0.8904228404006574
id08309,0.7064406297230812,0.27966762820815233,0.013891742068766465
id00320,0.9999999998025941,7.780375161500478e-11,1.1960212628786245e-10
id07688,0.22599650221467585,0.08477984126993514,0.6892236565153891
id01556,0.0022119129152091727,5.263092405604072e-05,0.9977354561607348
id00178,0.30321953536516466,0.008081222870366075,0.6886992417644693
id18902,0.010548312616261636,0.0034634100497513316,0.9859882773339871
id27002,0.32161003281101325,0.6661369410379169,0.01225302615106983
id21418,0.9999622199508743,3.010653662598875e-05,7.673512499764717e-06
id23018,0.04701577170876161,0.11027147630814141,0.8427127519830969
id07032,0.6185440703875582,0.008859672743698293,0.37259625686874354
id16195,0.7469403868184656,0.04039483962131596,0.21266477356021835
id11202,0.029302874977136514,0.9680853441538398,0.002611780869023677
id09578,0.8755852064729909,0.01078406514525112,0.11363072838175804
id26984,0.954046640137956,0.005122677137476689,0.040830682724567254
id19856,0.0030805083661282506,0.9963652602715937,0.0005542313622780621
id12086,0.5257612804159849,0.037283129634571505,0.4369555899494436
id12052,0.030609068126051346,0.018730247660451838,0.9506606842134968
id17728,0.00014943256955726028,0.00012653720610829224,0.9997240302243345
id24608,0.7817186800118782,0.00981101848213225,0.20847030150598958
id21097,0.0842417631891322,0.009023323593885248,0.9067349132169826
id20179,1.106068655120575e-05,1.1972186238771294e-05,0.9999769671272101
id15144,0.7138647541645592,0.20218427445460024,0.08395097138084064
id00206,0.9806319376993039,0.0011031165805828638,0.018264945720113255
id22285,0.0039386133136161015,0.001150446489544767,0.9949109401968391
id06417,0.12138885006728019,0.758038937138687,0.1205722127940328
id00215,0.00661614347791817,0.9933025147951441,8.13417269377178e-05
id04201,0.3364580900734734,0.010976436785327896,0.6525654731411987
id21771,0.9813538139289933,0.016818041861962868,0.0018281442090437258
id12451,0.003606258136900261,0.21938474822886117,0.7770089936342386
id14250,0.08348155194138648,0.7252305776534408,0.19128787040517273
id03433,0.008085550459114157,0.9917502804593952,0.00016416908149067535
id03303,0.052115716149989805,0.0031310926356553047,0.944753191214355
id25901,0.12897288603197862,0.6184545843149809,0.2525725296530405
id06945,0.35105010408027876,0.010439259170027452,0.6385106367496938
id05664,0.8661279170012303,0.07684810992421601,0.05702397307455376
id05741,0.9999997362161056,3.12253182102494e-08,2.325585761270822e-07
id10652,0.9197623520126663,0.024837250054762332,0.055400397932571434
id16300,0.9976469555568537,0.00022082717451411916,0.002132217268632202
id12319,0.7614021632942263,0.18716673741166504,0.05143109929410882
id07500,0.00170074582343886,0.9982834376613399,1.5816515221353532e-05
id12478,0.23830879808653802,0.14275923962694612,0.6189319622865159
id03076,0.047049097688747606,0.00021754697922669742,0.9527333553320257
id00969,0.6077531346480128,0.33163832592789805,0.06060853942408912
id23636,0.004174783176600195,0.9799539929617884,0.01587122386161138
id09791,0.012099817517574047,0.09934705781548103,0.8885531246669449
id05680,0.0003362797208563002,0.9922724678296128,0.007391252449531086
id03672,0.0018729433302237782,0.9962199524886791,0.001907104181097111
id04286,0.00041021096401229625,0.9881126185467234,0.011477170489264344
id23883,0.00012361850643873514,0.00597129369774569,0.9939050877958157
id11914,0.17674543778369267,0.002601594319567126,0.8206529678967402
id20974,0.00011975193611589561,0.9998372718721265,4.297619175758534e-05
id26125,0.08146907403417908,0.0009630276436807932,0.9175678983221401
id15543,0.27414705373494375,0.0039757202444558794,0.7218772260206004
id19471,0.9999915947576462,5.657483736833461e-06,2.7477586170527387e-06
id11503,0.906850951181861,0.052632655949762734,0.04051639286837628
id09321,0.0009045824659905184,0.9882358925249571,0.010859525009052403
id25560,3.6970415094782246e-07,9.967265430522669e-06,0.9999896630304186
id06726,0.39510052142560037,0.28385709964475214,0.3210423789296476
id05709,0.9936220476123957,1.1364476430446964e-05,0.006366587911173786
id09788,0.08978200223918927,0.3699236547694672,0.5402943429913436
id05289,0.9999993955800109,5.949862006121067e-07,9.433788364882511e-09
id11815,0.0026759969817584145,0.9955193783352827,0.0018046246829588337
id22422,0.9032244039862545,0.06604831304284084,0.030727282970904702
id25954,0.9926542453629861,0.0035070974481672588,0.003838657188846743
id13601,0.9342835305344233,0.030589209060835218,0.03512726040474152
id05677,0.942163234047138,7.531665008476294e-05,0.05776144930277726
id10498,0.009909538269235983,0.9899844851848689,0.00010597654589507288
id02665,0.762141915669198,0.21879060621995614,0.019067478110845852
id10114,0.03610074479061671,0.9130076239998387,0.050891631209544555
id26314,0.9630983700724934,0.03426263294977926,0.0026389969777273316
id21240,0.3042344050760917,0.11450526958146216,0.5812603253424462
id15569,0.9992100422195381,0.0007537707254033138,3.618705505862259e-05
id25928,0.06390059403716823,0.05552324647699033,0.8805761594858416
id22706,0.001953402545644109,0.9980055248469434,4.107260741246996e-05
id20877,5.149260381736471e-05,0.9957279261984568,0.004220581197725861
id04318,0.9591332817388968,0.0018560883143615785,0.03901062994674162
id18299,0.1827637383470281,0.6432639572377237,0.17397230441524833
id08126,0.006649191062644758,8.109612413000875e-05,0.9932697128132252
id14293,0.4723551263503145,0.00465502171877085,0.5229898519309146
id12759,0.9987624938926545,3.006805982161045e-05,0.0012074380475239096
id11983,0.46112292390603266,0.08880662180144594,0.4500704542925214
id05580,0.12319614175254816,0.7786049279280801,0.09819893031937175
id25846,0.3725995893092317,0.4957618750981316,0.13163853559263675
id01939,0.7091677584350224,0.016974208967075136,0.27385803259790253
id26327,0.17803926521601654,0.38682389699868963,0.4351368377852939
id11068,0.00026107353189540854,8.4411185126892e-06,0.9997304853495919
id08404,0.9988322075492433,0.00015582421934834544,0.0010119682314084417
id27189,0.11736609146689814,0.8825300803797327,0.00010382815336916587
id15119,0.000780694178483358,0.9956528672060179,0.0035664386154988024
id26525,0.9947509017230203,0.0019746379577365264,0.003274460319243123
id03618,0.793901945482644,0.17459393858345987,0.031504115933896085
id27220,0.9999938151672582,2.001514409137285e-06,4.183318332757933e-06
id18777,0.04863785893779576,0.0008520023573423825,0.9505101387048619
id20213,0.9759260243096822,0.006275781236073081,0.017798194454244725
id20403,0.9905082445493933,0.004537117958542167,0.004954637492064449
id03777,0.009707095452362107,0.016888543924667564,0.9734043606229704
id10595,0.00834512719203353,0.9896779379958414,0.0019769348121251524
id13816,0.48950485426168344,0.01500774587088659,0.49548739986742996
id05667,0.008003027759842813,0.0007138081869168064,0.9912831640532405
id24629,0.9123524129445202,0.005389695694626144,0.08225789136085371
id20398,0.660332946530947,0.09159544440954652,0.24807160905950654
id14108,4.204981792851481e-05,9.96687160466571e-06,0.9999479833104669
id06196,4.350677448608127e-05,0.9999478458328332,8.647392680688734e-06
id02800,0.974694657717403,0.019295991422905903,0.006009350859691012
id18732,0.00011937806913656142,0.9993123790500208,0.0005682428808426561
id11915,0.003924734971474726,0.9901370450857208,0.0059382199428046145
id09739,0.9251970308166649,0.020678957607194903,0.054124011576140066
id24672,0.9993432013245939,0.000124020725320845,0.0005327779500853524
id00414,4.1484279090052204e-08,9.204219371746365e-06,0.9999907542963492
id16307,0.9998204281905839,7.868929680457459e-05,0.00010088251261154676
id14043,0.1487522863121938,0.0010171874774113434,0.8502305262103949
id00517,1.1963634222702236e-06,8.955907761614856e-08,0.9999987140775002
id09744,0.9817021754657513,0.0182975227205746,3.0181367408636826e-07
id19257,0.9990452040312952,0.00051992796449444,0.00043486800421043965
id15437,0.5255653421682049,0.47120157821915987,0.003233079612635098
id16352,0.035277148831988174,0.020299545825435104,0.9444233053425768
id18849,0.38986822894542933,0.006866495890623134,0.6032652751639475
id19434,6.609193080174111e-08,0.9999999298859229,4.022146268358908e-09
id17928,0.10212139934910024,0.02987193286718895,0.8680066677837108
id16896,0.02332518978115622,0.003727921853370922,0.9729468883654729
id02135,0.07383024119559355,0.5381414801312743,0.3880282786731322
id15075,0.9955865338553311,0.003893625838000082,0.0005198403066686996
id27486,2.5013047884438916e-07,0.9999997324475544,1.7421966835066232e-08
id19422,0.8550439668133778,0.14390819925429083,0.0010478339323314342
id09603,0.06786681487194936,0.8890293332577331,0.043103851870317574
id02133,0.007643637855515527,0.986127229590388,0.006229132554096595
id03441,0.7842823580072011,0.00022747909759218623,0.21549016289520684
id02398,6.221835739955241e-05,0.9999306848111124,7.096831488122676e-06
id05152,0.031133240333141236,0.0009658717578860296,0.9679008879089728
id17838,0.35460906009406257,0.014217779028688992,0.6311731608772485
id25060,0.9999982764990569,1.2022473368729984e-06,5.212536061512e-07
id09998,0.0266381848973589,0.0068060252574932,0.9665557898451479
id01828,0.014311143220357824,0.9501631873335192,0.03552566944612292
id25377,0.2309467844862444,0.013565748488052537,0.7554874670257031
id22175,0.021301411016022703,0.9783124821731856,0.00038610681079174065
id02974,0.002378572817901218,0.0025238881550550068,0.9950975390270438
id26955,0.9992962802769985,0.0006948610169479439,8.85870605357455e-06
id21091,0.9974011993400955,0.00037045477556512583,0.0022283458843393904
id12802,0.9307811396165122,0.06721487693380357,0.0020039834496842516
id07432,4.859811919512783e-07,0.9999951550124803,4.359006327856931e-06
id18749,0.0062301811939127335,0.9904598175011333,0.003310001304954043
id15030,1.866319551361167e-05,0.00022013263123339606,0.999761204173253
id17155,1.683420212693477e-06,0.9999982523517025,6.422808487521675e-08
id08128,0.00030330794789926586,0.9962414084692229,0.0034552835828778575
id25706,0.0003685720647396953,0.9980844502206562,0.001546977714604069
id15645,0.9657684448212267,0.029193087478793855,0.005038467699979444
id04943,0.8625231418132531,0.0981740933406926,0.03930276484605434
id27566,8.542223552237906e-05,4.457667192414798e-06,0.9999101200972852
id11765,0.4442037504187547,0.09754228856237376,0.4582539610188715
id13783,0.4008112053969968,0.43266329671706644,0.1665254978859368
id00492,0.0014262518396162091,0.0010795826850094135,0.9974941654753744
id27636,0.06496220932707841,0.00038403556288842724,0.9346537551100331
id04273,0.9406042126027805,0.01712564238442762,0.04227014501279188
id02537,0.06413640674193279,0.08222625472552546,0.8536373385325418
id24349,0.9501856315876058,0.04950564296764509,0.00030872544474914196
id00023,9.53790077166501e-06,0.9997754004782701,0.00021506162095832453
id23025,0.010065565505540943,0.9897373381961769,0.00019709629828217133
id08722,0.9925534996313106,0.004092286612342199,0.003354213756347332
id02420,0.9999710503546247,2.872376616715233e-05,2.258792080796197e-07
id10811,0.9984033289265131,0.00033793304631306683,0.0012587380271739039
id04019,7.069217950616304e-06,1.4554074411329552e-05,0.999978376707638
id18334,0.9220504703824348,0.0699354824398408,0.008014047177724363
id16781,0.6401582937848724,0.3287792295123741,0.031062476702753524
id08773,0.638211794190029,0.36003228916299845,0.0017559166469725022
id19214,0.8600566836000244,0.12950380882307802,0.010439507576897392
id09589,1.1101888732693888e-06,0.9999663250207604,3.2564790366388157e-05
id24246,0.9984853829136411,0.0013416544880226738,0.00017296259833624847
id23577,0.23871848895774533,0.7608359553567989,0.000445555685455695
id09305,0.9203698321244781,0.015040406663969923,0.06458976121155204
id16460,0.13338501368826028,0.014002750406060418,0.8526122359056792
id21115,0.7241845498154942,0.014343752637740207,0.2614716975467656
id25996,0.5785669231067286,0.21846064608250892,0.20297243081076247
id02551,0.0001825382772936469,0.0018207458535556735,0.9979967158691507
id19352,0.0009334184936112365,1.6430294550389193e-07,0.9990664172034432
id03806,0.03254104924284533,0.0075764477546388705,0.9598825030025159
id26544,0.9644167816210963,0.0016026255293858373,0.033980592849517814
id18761,0.9397484277310176,0.034817120069567394,0.025434452199415074
id24148,0.030791838952259704,0.9668691966517924,0.002338964395947967
id16095,0.021614959968872322,0.9692452513830516,0.009139788648076028
id18442,0.8842721258639449,0.040436720620542814,0.07529115351551231
id22596,4.222418954256978e-07,2.2090912363820238e-07,0.9999993568489809
id23002,0.046819003879885704,0.0032793679592573463,0.949901628160857
id04797,0.9995715322801647,0.00027783404124941417,0.00015063367858593468
id06610,0.11787699025020525,0.0019982937116813245,0.8801247160381135
id16173,0.41418963088546507,0.40195561648484274,0.18385475262969214
id18292,0.013414675017411124,0.020924094475748944,0.9656612305068399
id27328,0.9810104458844126,0.0032227187405772786,0.015766835375010318
id01695,6.280343804213513e-06,0.9999905931939032,3.1264622926031464e-06
id05761,0.29338850083977736,0.0005984245014030193,0.7060130746588197
id16354,0.9841653287405411,0.0003191847515707584,0.01551548650788816
id12207,0.0008666776432574695,0.9424633383156668,0.056669984041075844
id05665,0.009982774223185933,0.0006711034853050741,0.989346122291509
id01911,0.8749600677315635,0.12231228163346107,0.002727650634975424
id19153,0.07092349644147387,9.330335053824144e-05,0.928983200207988
id10295,0.8014889295360071,0.07040841227285048,0.12810265819114242
id23038,0.759825454369883,0.16840026838241656,0.07177427724770036
id23783,0.11079646549722215,0.888852629744835,0.0003509047579428492
id27879,0.9844901322779152,0.014786356401125321,0.000723511320959529
id19190,0.0006515595623549659,0.9993405196882759,7.920749369225944e-06
id05065,0.9690839927860363,0.015370624011290841,0.015545383202672862
id21296,0.05940211267848196,0.9365632710680218,0.004034616253496166
id13262,0.22226828654518607,0.2900206058258801,0.4877111076289339
id10333,0.9976066671061775,0.0007357318041574743,0.0016576010896650535
id16677,0.13598111584555203,0.8349644162797826,0.029054467874665438
id01392,0.11281172274906566,0.01286820895224268,0.8743200682986917
id27874,0.9298516019399053,0.06735507400304953,0.0027933240570451492
id02294,0.0014092077451841438,0.9892265601068063,0.009364232148009539
id18298,0.009393651186633484,0.13271045555914543,0.8578958932542211
id06997,0.9998379235452387,0.0001228865140766949,3.9189940684740525e-05
id05243,0.5694033232572233,0.2142679341532814,0.21632874258949525
id00860,0.0006450400115636906,0.9925012426860398,0.006853717302396449
id26681,0.9999744725322658,2.539025823224559e-05,1.372095020195313e-07
id06020,0.00020865657458765525,1.9370692468369286e-08,0.9997913240547198
id27683,0.9447209837132322,0.014223584339006818,0.04105543194776098
id17655,6.491115805010515e-05,0.999934077479801,1.0113621489683673e-06
id08817,0.0335549862102695,0.009345504123593858,0.9570995096661367
id11512,0.00034523362181762643,0.011334913989542396,0.98831985238864
id00478,0.2647061140538518,0.0087849161982813,0.7265089697478668
id02116,0.9849190781053262,0.003070777956796523,0.012010143937877327
id06746,0.9922364156164902,0.0070255568246785135,0.0007380275588312912
id03863,0.5279703064307326,0.4226744823204126,0.04935521124885489
id01802,0.13535356221862688,0.851889210128311,0.012757227653062215
id11682,0.7458686440841112,0.019298688091061094,0.23483266782482773
id04033,0.0001969964212781618,0.9995618690049934,0.00024113457372842604
id09286,0.028319932361760863,0.8939286872384102,0.07775138039982887
id12904,0.9999978155564816,2.0333851709235104e-06,1.5105834759865344e-07
id07420,0.0002747119660093654,0.00025171239711761534,0.999473575636873
id22398,1.975608198494219e-06,0.999985454950755,1.2569441046539886e-05
id00424,0.019611114443166308,0.002212666567436694,0.9781762189893971
id20960,0.9956539312342133,0.004148932490027127,0.00019713627575957036
id10267,0.021197880196474086,0.9764240208994589,0.002378098904067034
id19330,0.4643569318807137,0.001964042899799882,0.5336790252194864
id00994,0.0011644251859287765,0.9983170571853964,0.0005185176286748522
id10785,0.8345503412081849,0.09786998105991179,0.06757967773190335
id00955,0.01206079022085776,0.9829960807009175,0.004943129078224842
id09757,0.0001350914085995433,0.999821815966704,4.309262469638683e-05
id10030,0.060342216357329656,0.08320742640619702,0.8564503572364733
id22952,0.015848549294464925,0.09543760179609517,0.8887138489094399
id21955,6.575858578527851e-05,0.003365035496273459,0.9965692059179413
id07674,0.9329496421144213,0.007839997682791467,0.05921036020278736
id13760,0.0021555065739018095,0.9978126874049879,3.180602111029388e-05
id18166,0.9827821852960272,0.00028893137914510233,0.01692888332482769
id23498,0.9741838116100584,0.02335366088567654,0.002462527504265102
id05296,0.9992231057920097,0.0004739521694054388,0.0003029420385847752
id26709,0.9953487304910653,0.0029043713156986306,0.0017468981932360357
id02853,0.9942571011979116,0.0010162742717584584,0.004726624530330045
id06800,0.6134952342217794,0.10028080921020968,0.286223956568011
id14758,0.17620972052160838,0.8166033684271121,0.0071869110512795525
id12356,0.999624560780513,0.00034587950007192994,2.9559719415145206e-05
id21492,0.9923054862206864,0.0032525711461393247,0.004441942633174355
id27540,0.6237476600338029,4.394605615376356e-06,0.37624794536058165
id07376,0.06455880945388763,0.4043000255895367,0.5311411649565756
id15201,0.17887693375349636,0.8039129967546892,0.017210069491814462
id23388,0.0008445397477620914,0.9895831907393349,0.009572269512903046
id13923,0.001166326147128265,0.9988049776557062,2.8696197165547348e-05
id00794,9.341544653927643e-05,0.9894973749250934,0.010409209628367399
id23910,0.08348881025699365,0.005040735179364901,0.9114704545636415
id02556,0.019634572405927857,0.04850317497830421,0.9318622526157679
id22151,0.00010875626203586118,0.9998905113267921,7.324111721034973e-07
id11698,0.03948419169324207,0.8618951450024415,0.09862066330431656
id11627,0.4421566368572795,0.06567664462393016,0.4921667185187904
id06340,0.9999978828282556,1.0607144010922577e-06,1.056457343335488e-06
id05123,0.940963279656747,0.0028932365938803225,0.05614348374937275
id26620,0.0026756060880783277,4.900781235715484e-05,0.9972753860995646
id04002,0.0037134771706115732,0.01613255020452223,0.9801539726248661
id26554,0.0935111344243451,0.6067787629563721,0.2997101026192828
id18012,0.1163155420089085,0.0017745976680126187,0.8819098603230788
id12964,0.2941063741261997,0.004163557871862584,0.7017300680019377
id18965,0.0017192577574875988,0.5604840844749966,0.43779665776751575
id19082,0.010087774241547208,0.00018126101341600415,0.9897309647450367
id26742,0.020743837994592187,4.14098331141047e-05,0.9792147521722937
id15442,0.014415856495985653,0.9853377009007988,0.00024644260321562945
id16647,0.6407357378564139,0.03766142473850812,0.32160283740507806
id11544,0.03694702964039065,0.00793203587810392,0.9551209344815055
id20581,0.3645060652292048,0.1093028269786358,0.5261911077921594
id13192,0.27959804357665796,0.5378287590026142,0.18257319742072783
id15814,0.07331354480979918,0.004702521277155109,0.9219839339130457
id26279,0.033223306061864445,0.9662269987274447,0.0005496952106909452
id00240,0.9735329232239056,0.010749480959377562,0.01571759581671691
id22836,0.9997762419579285,1.6018748248446755e-05,0.00020773929382310696
id15085,0.0003568673203568295,0.8415238194605091,0.15811931321913414
id17495,0.6870710448498564,0.01682295632492959,0.29610599882521405
id26762,0.9256658714786586,0.002936236590836342,0.0713978919305051
id13685,0.9999693910046639,4.273082525134598e-09,3.060472225358493e-05
id16560,0.001040765592670427,0.998892629312983,6.660509434667105e-05
id17184,8.48977756971247e-05,0.9995554506186229,0.00035965160568005516
id21635,0.999984165213481,1.207991008598562e-06,1.4626795510426987e-05
id26751,0.6918391922363024,0.2575711239788041,0.05058968378489346
id12351,0.9973619689199168,0.00039260428308264924,0.002245426797000553
id14872,0.40763476065916276,0.5437893294959628,0.048575909844874254
id18372,0.9895931949405777,0.0016503279565488875,0.00875647710287349
id26851,0.832042519115019,0.10276693662833873,0.06519054425664225
id22659,0.8878970838832567,0.11208576922194148,1.7146894801837075e-05
id04102,0.00011389468908792239,2.751461040671071e-07,0.999885830164808
id02353,0.0007786926437750899,0.9983191850049372,0.0009021223512877771
id26721,0.999915863422278,6.910347271035914e-05,1.5033105011638569e-05
id11171,0.874254425809586,0.009632089927397346,0.11611348426301668
id13562,0.8184653796954555,0.1703059455850374,0.011228674719507043
id26425,0.8049605496437815,0.017926598546925233,0.17711285180929326
id26394,0.6109380480224961,0.0026029453789881553,0.38645900659851584
id22187,0.7546238852166294,0.19581248943411234,0.049563625349258233
id00422,0.9999480945401286,4.9823395599852e-05,2.0820642716176937e-06
id22667,6.362703160214993e-06,0.9999936139219747,2.337486513690383e-08
id00911,0.954601533744116,0.0018513843238905047,0.04354708193199348
id17291,0.056212869775121535,0.007575983492285541,0.936211146732593
id01915,0.01766489390273173,0.07446238937699186,0.9078727167202765
id01434,0.11902425019249914,0.02282570495733115,0.8581500448501698
id01584,0.814145921069824,0.006467218845832817,0.17938686008434326
id09266,0.9977527516349836,0.0010553828262711991,0.0011918655387453405
id17494,5.7283441936786794e-05,0.9998428915841099,9.982497395327854e-05
id24919,0.516832752479739,0.22116529690224618,0.26200195061801484
id21043,0.007370501642293612,1.1293292914374127e-06,0.992628369028415
id17796,0.00037519432402878603,0.99961728760435,7.51807162125078e-06
id02166,0.9179793906146146,0.000148942980793937,0.08187166640459147
id17503,0.9860369123059843,0.0027773809207339213,0.011185706773281777
id21203,0.8750563455417655,0.04981392128391248,0.07512973317432199
id25626,0.9999996528997401,2.1399097744597438e-07,1.3310928237158493e-07
id09836,0.9991802863495383,0.0003117029807326665,0.0005080106697290264
id24202,0.007106920209759178,0.02713796871670769,0.9657551110735332
id27260,0.4886663984315264,0.009410123225876636,0.5019234783425969
id23167,0.00042922867919435476,9.048683012853303e-05,0.9994802844906772
id10393,1.2939664242013057e-05,0.9999455640983601,4.149623739792433e-05
id01171,0.9678167858634754,0.03215238505424879,3.082908227582601e-05
id06380,0.9852399078536931,0.001321379039284059,0.013438713107022852
id22686,0.035604297714537735,0.00015389731498425147,0.9642418049704781
id26250,0.16491761342771502,0.007333813358541602,0.8277485732137434
id09315,0.077787680044022,0.7884557621664023,0.13375655778957574
id00886,0.003891916022809883,0.9907932063582601,0.005314877618929967
id03101,0.9883166025897412,0.00269867624888107,0.008984721161377671
id12367,0.7321552649753674,0.0008641809802012662,0.2669805540444313
id10770,0.9532953076878173,0.024105264060672035,0.022599428251510595
id14949,0.0008178613935905723,0.9990202607314291,0.00016187787498033674
id14141,0.3155075790873982,0.6838525754988538,0.0006398454137480261
id25417,0.49789860952210474,0.3559084129631715,0.14619297751472374
id26873,0.9611808610844871,0.0363436049869545,0.0024755339285583793
id10818,0.20726257020580918,0.014426418821932655,0.7783110109722582
id15146,0.8802758458028478,0.0012126430241615298,0.11851151117299065
id23328,0.9970256409516444,0.002401039401278704,0.0005733196470769947
id16765,0.4698582122789146,0.4551061062107213,0.07503568151036405
id24383,0.9983397354221771,1.212441204907122e-05,0.001648140165773743
id21304,0.993013900637507,0.0013992984995569984,0.005586800862935971
id12551,0.0017470451649285069,0.99803675350167,0.0002162013334014976
id23274,0.0018339530628430668,0.013682471272913999,0.9844835756642429
id08117,0.940957497729087,0.011472453985562975,0.047570048285350094
id23961,0.9993535651895474,4.417513911383428e-05,0.0006022596713387747
id13865,0.000300074051602503,0.99968248355569,1.7442392707596605e-05
id22807,0.24031627547249165,0.028203719986130252,0.7314800045413781
id08951,0.1593539591322232,0.0067360956793483555,0.8339099451884284
id18684,0.997690604353205,0.0011478275936904875,0.0011615680531045362
id25179,0.020705429962449375,0.948685345727596,0.03060922430995458
id27033,0.9560389299700678,2.16648886343783e-06,0.043958903541068836
id13977,0.00945820699178937,0.9843015202027864,0.006240272805424244
id19337,2.7472936995290162e-05,0.9998090593745655,0.0001634676884390995
id25764,1.1912984473866483e-05,0.9999801264285955,7.960586930608661e-06
id16106,0.17965204881377436,0.002858825775285963,0.8174891254109398
id05468,0.009077846520003955,0.00023008581727296555,0.9906920676627231
id05241,0.9918528372341152,0.00023488147726678308,0.007912281288618006
id10215,0.6202425712554192,0.20130775966266562,0.1784496690819153
id23457,0.000276307285308291,0.0007641258032952895,0.9989595669113964
id02200,0.9999999985417781,1.3959354781446219e-09,6.228635145035366e-11
id13714,0.067736964488223,0.9262938217486407,0.005969213763136328
id20332,3.5224383594535883e-07,1.3106041492416676e-07,0.9999995166957492
id18573,0.06621932099261721,0.022277169675318637,0.9115035093320643
id08569,0.9999967184671816,2.0509829284876817e-09,3.279481835511641e-06
id22767,0.1732307511937348,0.40711541372560855,0.41965383508065673
id25390,0.019504510922877565,0.9486671864905117,0.03182830258661074
id09288,0.9784206690046241,4.5029809878808235e-05,0.021534301185497078
id12381,0.9995953459826922,0.00025521143968390607,0.00014944257762394285
id02895,0.0324223221500715,0.0010351887328837244,0.9665424891170448
id25270,3.468508175318146e-05,1.4710610491612541e-08,0.9999653002076364
id14248,0.6490636125752937,0.04203012199741987,0.3089062654272865
id12831,0.9826012438314019,3.183389205388041e-05,0.017366922276544267
id18305,0.8108095962804707,0.007861086046003033,0.1813293176735263
id07805,0.9998108432453647,0.00018792407796730848,1.2326766680167824e-06
id14027,0.014763837781361781,0.011231093356612864,0.9740050688620254
id02760,0.8334407660461809,0.11733359061792123,0.049225643335897885
id24362,0.9965808812796582,0.0023519351241626275,0.0010671835961791982
id17065,0.0005421014559356086,0.9994538105076685,4.088036395987827e-06
id26583,0.00022781968961923388,0.9934515470737653,0.006320633236615497
id19664,0.9999998375424585,1.6210590894098753e-07,3.516325912022365e-10
id25145,0.8795140073326825,0.09352704615237671,0.026958946514940817
id17858,0.00713058664167067,0.9920126408572555,0.0008567725010738516
id05148,0.07485272654832607,0.31926135086845264,0.6058859225832214
id22928,0.7764437343098862,0.20499520986053565,0.018561055829578073
id21549,0.6857789257331249,2.144429022021159e-06,0.3142189298378531
id12649,0.021035810016097032,0.9784345387625359,0.0005296512213670187
id21597,0.9889096059567405,0.004615137293691063,0.006475256749568548
id27945,0.9962707168684193,0.0018667188977069614,0.001862564233873744
id00243,0.9998898090435775,3.0086511873816537e-06,0.00010718230523504586
id02745,0.9923125235967695,5.8495793105824926e-05,0.007628980610124701
id23550,0.01338385515973195,0.013278434433545337,0.9733377104067227
id13023,0.07737580522568353,1.5489487510134197e-05,0.9226087052868063
id24796,0.03717243511213879,0.00012100830230873773,0.9627065565855525
id12284,0.002853886577943175,0.9969067487334353,0.00023936468862150343
id02664,3.1341926928064617e-12,0.9999997291168933,2.70879972587854e-07
id23767,0.9892110660787108,0.007206583142316474,0.0035823507789727797
id05859,0.010219529010113554,0.9680340786853449,0.021746392304541593
id14350,0.2852166755240492,0.36603536635552275,0.34874795812042797
id01191,0.18974890216104193,0.6153343757562412,0.1949167220827169
id17034,0.48632220721253483,0.009396878013679534,0.5042809147737857
id25292,0.8514746578386598,0.1484000765026067,0.00012526565873354604
id22121,0.9949131270509713,0.0015670584307865285,0.0035198145182421484
id20872,0.9997264707233827,7.352292798870841e-05,0.00020000634862856856
id17720,0.014162978994003326,0.9843112646917709,0.0015257563142259036
id22658,0.10865197394043566,0.8874941938912292,0.0038538321683352222
id09567,0.9708876179853377,0.015667270812266314,0.013445111202396028
id16445,0.9960079948339896,0.0019219530428186823,0.002070052123191672
id08349,0.030220166590882912,0.23215746087520103,0.7376223725339162
id27437,0.009599054877049559,0.017228284590141887,0.9731726605328086
id03812,0.9999592822758702,3.684626425602552e-05,3.8714598737832596e-06
id22304,0.8828489146711769,0.09937854674632327,0.017772538582499827
id04449,0.31562795443108393,0.6333196722994684,0.05105237326944777
id15605,0.3975361199785316,0.040469670490131435,0.5619942095313369
id01768,0.9597283493552946,0.008089531399693909,0.03218211924501144
id20019,0.06836932564119778,0.792672617743802,0.1389580566150002
id09593,0.0020761512928236464,0.9971526533709371,0.0007711953362392845
id23179,0.7112325668720456,0.0013407771745153675,0.28742665595343897
id21279,0.9723959508251907,0.0016664384616339606,0.025937610713175307
id06711,0.0007733280587839775,0.0002757764709280891,0.9989508954702879
id14243,6.153814986966034e-07,0.9999767198042553,2.266481424607039e-05
id04839,0.0004786384619952397,0.0006269633477416845,0.9988943981902632
id17220,0.0015692038959039805,0.9947766693267801,0.0036541267773159557
id24177,0.7904827059178688,0.048569019333755244,0.16094827474837595
id20512,0.02038098685507195,0.0011803781053323394,0.9784386350395957
id14036,2.2512313866006574e-05,0.9999759605836818,1.527102452291509e-06
id25001,0.005153986426995976,0.0004267078619892032,0.9944193057110149
id06175,2.35524643228726e-06,0.9999847562927111,1.2888460856555201e-05
id24720,0.0793601977382855,0.9033856329512602,0.017254169310454388
id08070,0.9960205873451047,0.003974264237747474,5.148417147855964e-06
id18934,0.9962285687742832,0.0007593093343794895,0.0030121218913372982
id01338,0.9983326888010916,2.6101137884916165e-05,0.0016412100610235074
id19008,2.473122525305808e-06,0.9999550138573495,4.251302012516035e-05
id19632,0.0016929689119638748,0.9571030671224706,0.041203963965565575
id26224,4.4921693590184425e-09,3.476102056015664e-08,0.9999999607468102
id08219,0.990958485689771,0.004037884619914832,0.005003629690314171
id24008,1.7517986530643376e-05,5.244022114265122e-08,0.9999824295732482
id12475,0.03638540044957344,0.9287031669284569,0.03491143262196974
id05766,0.19305711761638175,0.048357670250439605,0.7585852121331786
id27386,0.0003901759677200749,0.9994132872702249,0.0001965367620549465
id12476,1.313773827798395e-08,0.999999986377641,4.846208104905399e-10
id08311,0.9890462978272477,0.010463350904997119,0.0004903512677551271
id04996,0.0699791828328437,0.9297035510874816,0.00031726607967454926
id17350,0.01613274481653574,0.9838663020059623,9.531775020667715e-07
id05546,7.53813273194037e-05,0.9997754291532317,0.00014918951944889062
id16504,0.002037840078364293,0.9978954556199153,6.670430172038077e-05
id05782,1.910299902301525e-06,0.00010299226259826126,0.9998950974374995
id20560,0.8163476116742889,0.1658962860381633,0.01775610228754777
id14171,0.007408443473945074,0.031557522504606424,0.9610340340214485
id27461,0.2658162261799345,0.031167803090318785,0.7030159707297468
id03581,0.030053265298245833,0.0058683172912779805,0.9640784174104763
id21847,0.00642076146246651,0.00027462331229082454,0.9933046152252427
id11712,0.9361758824515747,0.015035573955458565,0.048788543592966784
id26738,0.006285325218568213,0.006260611388687528,0.9874540633927442
id13668,0.9986636241034932,0.0013332958309299587,3.080065576810762e-06
id15114,0.9997693979659444,1.1802891905413812e-06,0.00022942174486503198
id20130,0.4418486147775269,0.018748319742361776,0.5394030654801114
id18331,0.9847364369212012,3.9035994584842905e-05,0.015224527084213988
id24465,0.9999876515819399,9.405685930925409e-06,2.9427321292518807e-06
id13539,0.9492704330704066,0.05050358437732142,0.00022598255227201784
id27564,0.00036984022816945807,0.9994676046249803,0.0001625551468502086
id26043,0.1352044761171328,2.803809157534074e-05,0.8647674857912919
id04965,8.904738032701537e-07,1.561259305853411e-05,0.9999834969331383
id08645,0.00034112140926617905,0.0002074617051472573,0.9994514168855866
id26610,0.770133194046462,0.016390810849966526,0.21347599510357146
id21737,0.5228814647621645,0.4131009235905292,0.06401761164730628
id25784,5.0934921904340766e-11,0.999999930438801,6.951026405241641e-08
id23030,0.9949432737955588,0.004575211164304883,0.00048151504013628624
id16450,0.0007134054692672191,0.9983296918704492,0.0009569026602836223
id02161,0.1629679886182843,0.0033599136257688126,0.833672097755947
id25535,0.997572089912674,0.00019963712724318969,0.0022282729600828816
id16566,0.9652061429878527,0.0009603556110301337,0.03383350140111726
id05714,0.9958515013580962,0.004129312421072419,1.918622083143385e-05
id16524,0.8698299202498534,0.12634874962197043,0.003821330128176156
id23941,0.000596027075079372,0.9989891113937159,0.00041486153120475074
id00831,0.0007357688442634968,0.03006563193294486,0.9691985992227917
id18145,0.5339471086906711,0.05504287963846897,0.41101001167086
id17227,0.9999999962835848,5.7770561145422176e-11,3.658644665119952e-09
id09417,0.8119278016222374,0.03983147896716855,0.14824071941059405
id21307,0.822032177713575,0.12355777979057875,0.05441004249584623
id05650,1.4342391586243235e-05,0.9999840067143093,1.6508941044442416e-06
id23901,0.8570204865525007,0.12148831535551084,0.021491198091988413
id05831,0.9999977514203381,5.7552562929322585e-09,2.2428244057411206e-06
id16708,0.013576460724182227,0.9861795684649267,0.00024397081089094818
id02281,0.04062572919038653,0.100029115436151,0.8593451553734626
id11599,0.1772264120598399,0.047625504007216476,0.7751480839329435
id18353,0.020906019038210297,0.8954584393465386,0.08363554161525108
id07413,0.7262939359933831,0.2708724520676462,0.0028336119389706853
id15653,0.00046024690392419926,0.9985471095093886,0.0009926435866872254
id09715,0.00036138984582362196,2.3841059806129053e-06,0.9996362260481958
id05108,0.05165989340246237,0.9479842134352591,0.00035589316227856914
id09537,0.8173343848838798,0.01650936882457331,0.16615624629154696
id27596,0.9201297825193595,0.07746410850618522,0.00240610897445531
id24255,0.11647796584798586,0.00013038951022063185,0.8833916446417935
id05080,0.0001679967298111644,3.060790409032246e-05,0.9998013953660986
id09484,0.9940882505282462,0.00037272661286364474,0.005539022858890124
id14864,0.016413400757569745,0.00015515267991396528,0.9834314465625162
id26836,0.8684531096100443,0.03373215168774804,0.09781473870220768
id07003,0.8696577941948901,0.1272903368770803,0.003051868928029622
id13750,9.105840238135433e-11,0.9999999998808288,2.8112872156306912e-11
id21799,0.05353077651685815,0.19209876370813464,0.7543704597750073
id11285,0.9999998038799254,1.5691124810104016e-08,1.80428949791639e-07
id04735,0.9959789455774798,0.0016016454431448722,0.002419408979375358
id23049,2.776668906095025e-07,7.72647002636687e-06,0.9999919958630831
id05826,0.04845216656668585,0.9359095132955005,0.015638320137813612
id17916,0.3459945419221483,0.643778808089436,0.010226649988415739
id14081,0.035517413617742404,9.238573935443749e-06,0.9644733478083222
id10527,0.0680496106283247,3.1615570708712025e-06,0.9319472278146044
id16059,0.003293353014959909,0.9871857233120743,0.00952092367296582
id25542,0.9999777371691695,2.2161280239228453e-05,1.0155059124203821e-07
id05402,0.00018567340271993744,0.0012218965854533434,0.9985924300118267
id01927,0.9985296074731457,0.0008878931381490249,0.0005824993887052933
id27656,0.7660956895946646,0.012829031092127508,0.2210752793132079
id06708,0.09459644093996347,0.7633028405443116,0.1421007185157249
id03524,0.548865551506459,0.36439345157624636,0.08674099691729469
id12297,0.7289048703526121,0.052325649170270716,0.21876948047711725
id03439,0.9991517969889768,0.00020685226949535967,0.0006413507415278565
id04587,3.3317559508398324e-10,0.9999999985769588,1.0898655879177394e-09
id25470,3.333527929004194e-06,0.9999966575762215,8.895849584913854e-09
id01212,0.21617532168660478,0.7793282676293809,0.0044964106840142916
id13932,0.8770906417653215,0.08307338911238464,0.03983596912229394
id00124,0.027229824093105186,0.0003282034253391972,0.9724419724815557
id01592,0.984094849134554,0.0008251750743197172,0.015079975791126396
id13461,0.19074179822167064,0.7785487740122572,0.030709427766072238
id24681,0.03807755021622204,0.39366454926719097,0.5682579005165871
id23245,0.2108396293972647,0.0011915956507780904,0.7879687749519573
id14073,0.44951199029859484,0.017902882264101246,0.5325851274373039
id05172,0.9878971128588859,0.00046735748436796236,0.011635529656746186
id21979,0.9801106279940386,0.005123228951193621,0.014766143054767825
id00328,0.9695289332642147,0.0004411592692618236,0.030029907466523495
id26102,0.9963388400243781,0.0009491688515577478,0.0027119911240642406
id14867,0.17644726563574042,0.0022956962343023113,0.8212570381299573
id27544,0.0018639956714713913,0.9981351175606257,8.867679029608912e-07
id16228,0.9927178191879634,0.0015795594354322034,0.0057026213766043785
id16342,0.08330017031488224,0.9165650710705123,0.0001347586146054662
id24933,0.9993569674436893,2.303268276240638e-05,0.0006199998735483404
id04601,0.8736279202456616,0.004525929479535145,0.12184615027480325
id01599,0.003669835285071075,0.9899542878052712,0.00637587690965785
id06238,0.9624309382131314,0.036034270632916414,0.0015347911539521184
id06826,0.17085830751621683,0.6661221685576736,0.1630195239261097
id23307,0.9876807714291292,0.012316999070126625,2.2295007441878085e-06
id13575,0.9860436051108663,0.012885819829931209,0.0010705750592025387
id24174,0.5809733161717142,0.0003023384116368401,0.4187243454166489
id19534,0.04571630100527052,0.16137081938723896,0.7929128796074905
id19602,0.007707756390196723,2.1743481554249142e-05,0.992270500128249
id26962,0.0004276756182585316,0.9956947465860286,0.0038775777957128854
id04448,0.015346036713676755,0.9845616937213578,9.226956496551593e-05
id09786,0.17931353869672684,0.6568764292175175,0.1638100320857556
id25240,0.5112250071641934,0.295455944546532,0.1933190482892746
id14893,0.9747438313022478,0.025089718726081255,0.00016644997167095904
id24221,0.9999932493154152,5.430670090491102e-06,1.3200144942711402e-06
id04696,0.718276928148946,0.01147212211642337,0.27025094973463076
id15153,0.004638619596075328,0.9870943074136946,0.008267072990230037
id13882,2.0260627132521567e-12,0.9999999999169277,8.104625855134534e-11
id17836,0.010275116427197766,0.987150839540834,0.0025740440319682394
id00574,0.00035863360673983716,0.9995035357451111,0.00013783064814907925
id02078,0.0029722178977629643,0.6552819017080161,0.3417458803942209
id21206,0.009309304757024224,0.98356225876484,0.007128436478135772
id20084,0.9834002653877191,4.1695395072571344e-05,0.01655803921720838
id26598,0.0048754525949514125,0.00010544799811666408,0.995019099406932
id06838,0.10970415114395911,0.00012417071954212895,0.8901716781364988
id08786,0.007962060310033296,0.0006922987989395667,0.9913456408910272
id09550,0.0017356905694767863,0.0001214774794558632,0.9981428319510673
id10206,0.9605454738093161,0.00248516625957522,0.03696935993110873
id21113,0.9862678550035536,0.010944724256277905,0.002787420740168489
id21151,0.3247525644588247,0.6701204800199073,0.005126955521267978
id02692,0.9999659590804425,2.2978079524061638e-05,1.1062840033405136e-05
id26446,0.9780838398513223,0.008073435303040022,0.013842724845637661
id07377,0.0020500679759119403,0.9979409787313277,8.953292760437055e-06
id15998,0.8709732771880284,0.054025750698875996,0.07500097211309549
id19637,0.9976838839570259,7.303576396253144e-05,0.002243080279011524
id19735,0.008338927817398086,0.970469718341202,0.021191353841399932
id13739,0.07569610828560423,0.009528835660048442,0.9147750560543474
id25175,0.7362153540537201,0.22707874225638638,0.036705903689893536
id00563,0.44912989018192123,0.38861330016150875,0.16225680965657002
id09982,0.9581285169943675,0.0004120974685091041,0.04145938553712339
id15459,2.1415517254512035e-11,0.9999999999785532,3.128368456787454e-14
id20785,0.000528115228403296,4.3789024504220956e-05,0.9994280957470925
id07145,0.0013664713571970286,0.007827232569222216,0.9908062960735808
id22204,0.006941768646986706,0.9833840309099372,0.00967420044307617
id09285,0.7058970741761369,0.0027848211973423784,0.2913181046265207
id18157,0.001004623623686663,0.0007357672668646679,0.9982596091094488
id12134,0.02419809979088952,0.004306845570248037,0.9714950546388624
id23914,0.9983779867932222,7.75124551515702e-05,0.0015445007516262169
id10483,0.990533231727713,0.009299205332932707,0.00016756293935437692
id07092,0.9704176089179438,0.003261563832410124,0.02632082724964598
id14786,0.004877816337821847,0.06262394793485139,0.9324982357273268
id25741,0.9733002018065499,0.00021964216492382008,0.02648015602852628
id09050,0.0013052628753356878,0.9985203935021064,0.00017434362255786624
id04938,0.9806690725855892,0.0016049242334265628,0.01772600318098428
id05901,0.5349918115852662,0.029751855476068744,0.4352563329386651
id16975,8.699252859306596e-05,0.9998537398512088,5.9267620198134304e-05
id08547,0.00023868098190781158,0.00013547063397516216,0.999625848384117
id16355,0.8283053115713549,0.0005630964933350396,0.17113159193531008
id14568,0.9400638187654395,0.0011555149140277654,0.05878066632053271
id25599,0.04068144848554316,0.6272434010562303,0.33207515045822655
id01670,0.043561510123806886,0.9557572534780926,0.0006812363981005382
id23945,0.00018365485816042827,0.9998123072341848,4.037907654856682e-06
id17394,0.00438094998861698,4.3912817093064856e-05,0.9955751371942899
id06501,0.3205610245257029,0.4553947863463185,0.2240441891279785
id26234,0.01747485036374816,0.9776947566841512,0.004830392952100653
id21280,0.005325035870544517,2.059167280099053e-06,0.9946729049621754
id20048,0.004511684525812623,0.04947275262124637,0.946015562852941
id01216,0.074098699839397,0.9017017819988634,0.024199518161739562
id25320,0.9653225574101175,0.01626783299563044,0.018409609594252092
id22833,0.04005648247503541,0.005844789567054733,0.9540987279579098
id22056,0.2616250753513062,0.6880877129634965,0.05028721168519744
id02275,0.0009347000224903572,0.9964639854061793,0.0026013145713303294
id26127,0.7325143207205093,0.0013084374102050674,0.26617724186928565
id17011,0.0012560100109829774,0.998702719213166,4.1270775851045196e-05
id13847,0.9854400245944102,0.0009262055974598687,0.013633769808130032
id00013,0.0033896015805854295,0.9957143677019992,0.0008960307174154806
id16463,0.9918342389808688,0.002412026006826649,0.00575373501230466
id04845,0.035992546466168826,0.9413227038087322,0.022684749725099002
id01787,0.007680736149864829,0.018772914626617575,0.9735463492235176
id08637,0.9762383160795082,0.023001291588870914,0.0007603923316209472
id11414,0.0004730383951874115,9.16099777454303e-06,0.9995178006070381
id13177,0.050439012323477916,0.5682297031124103,0.3813312845641119
id24517,0.998222192793089,0.001238867007032255,0.0005389401998787567
id26838,0.928384679049889,0.014278719223419629,0.057336601726691507
id23081,0.0001187895016212137,0.9996958893407504,0.0001853211576284776
id16327,0.008513516382547943,0.9703295085162029,0.021156975101249118
id27282,1.8883221031404318e-07,0.9999998088996447,2.268144955141244e-09
id07489,0.3290197414954242,0.021459855159801478,0.6495204033447743
id01718,0.0006166151816975829,6.514030854842032e-05,0.999318244509754
id15441,0.9582906258380709,0.022575662379599883,0.019133711782329234
id27736,0.0023343259148969698,0.9217823519460073,0.07588332213909568
id16324,0.0013239111146039328,0.3115992293929047,0.6870768594924913
id12027,0.27873904560829155,0.14438195230682657,0.5768790020848819
id24653,0.0002384313095617908,0.999761070620656,4.980697822271815e-07
id17541,0.051251837597475446,0.009362242845288575,0.9393859195572359
id22406,0.048066419538110916,0.6892424973567561,0.2626910831051331
id18356,0.7391612688169661,0.24360677468077638,0.017231956502257475
id04505,0.783007284568576,0.05724316009261649,0.15974955533880736
id04246,0.6771325368872129,0.16486313443588524,0.15800432867690192
id07368,0.6408680402274044,0.20188755069739792,0.15724440907519774
id26185,0.002329844327968897,0.00010046675437165761,0.9975696889176595
id08878,0.10746794469359512,0.18275536956007316,0.7097766857463318
id27691,1.1117875809308914e-05,4.842767972791069e-06,0.9999840393562179
id18004,0.8841174602295236,0.019883036020151564,0.09599950375032483
id24426,0.85039247989728,0.06569745814773714,0.08391006195498274
id14164,0.9926729071159779,0.004981240911652288,0.0023458519723698356
id12653,1.5433398612108656e-06,0.9998086278399425,0.00018982882019622586
id18060,0.4585477903411979,0.07871262102729831,0.4627395886315037
id18556,0.7856685331694329,0.0723604022365641,0.14197106459400294
id27371,0.008342454620313376,0.03838684002773554,0.9532707053519511
id11989,0.21140114110092903,0.4977727353357708,0.2908261235633001
id26095,0.9998946646217348,5.454411405977403e-05,5.079126420539657e-05
id24978,0.08198588658103342,0.019145603669591775,0.8988685097493748
id20322,0.5922484968737487,0.003347832800564436,0.40440367032568697
id01954,0.99278886872303,0.006655462054679653,0.0005556692222903881
id07434,0.24651018685522552,0.2880801158321258,0.4654096973126487
id18144,2.622440432936143e-05,1.2434719877275835e-05,0.9999613408757934
id16250,0.022363080820457855,0.9604612357276616,0.017175683451880468
id17793,4.780621025882111e-05,0.000849001209188562,0.9991031925805527
id24067,0.42462517112890347,0.017729616175468102,0.5576452126956284
id13891,0.0023857013155012033,1.5679193978250705e-05,0.9975986194905205
id07334,0.000853606395203549,0.9987315531157847,0.0004148404890117475
id15633,0.0003734432193547251,0.9991115143935844,0.0005150423870609656
id23239,0.9878521966410323,0.002160347164448755,0.009987456194518966
id10674,0.08516934195411428,0.013617974394300136,0.9012126836515856
id22093,0.5240532271332229,0.28511344255335447,0.19083333031342262
id08444,0.00832973280889352,0.9631232415716414,0.02854702561946511
id03257,0.0071489303025605525,0.003625370061799985,0.9892256996356394
id10040,0.3511790737407243,0.6461433164001021,0.002677609859173514
id04902,3.2501327281520345e-05,6.881536036819865e-07,0.9999668105191148
id01219,0.9227891405866067,0.016918454669084294,0.0602924047443091
id01340,0.9945158581288053,0.002618193940406034,0.002865947930788593
id05117,0.008695006481994104,0.9837234836559667,0.007581509862039285
id04908,0.028655409976839318,8.002695230615018e-05,0.9712645630708545
id03626,0.0007246752562519254,6.537891316971445e-07,0.9992746709546164
id01888,0.9999878991414823,9.420709255856777e-06,2.6801492618730816e-06
id17199,0.04255107522709763,0.0011328299322791219,0.9563160948406233
id11200,0.9704543188364576,0.027390458440571905,0.0021552227229704904
id27561,0.2127966705780093,0.03600735515856064,0.7511959742634301
id20966,4.859439625129683e-05,0.9999068785695205,4.452703422821609e-05
id10257,0.008552362206444616,0.9831148530393873,0.008332784754168055
id21168,0.0015797978427858049,0.9704372271923888,0.027982974964825418
id23363,0.00044187127669384355,1.3470906850777622e-05,0.9995446578164554
id05321,0.9993449640421871,0.0005272998602341102,0.00012773609757881722
id09928,0.0168801961136188,8.484704476575113e-05,0.9830349568416155
id18015,0.9999999996970941,3.0265292516206664e-10,2.5305974039822376e-13
id02082,0.008298701340089313,0.9915238419498115,0.00017745671009915874
id19279,0.8517485985081481,0.1413376872951134,0.0069137141967384715
id08541,0.0019109149472299265,0.997605858223778,0.0004832268289920936
id15249,0.008043571340361665,0.9868876566879153,0.005068771971722929
id03609,0.011400751122366857,0.9534741013365369,0.03512514754109632
id22902,0.0003400906656115476,7.703080116685952e-05,0.9995828785332216
id17733,0.9992707787796955,0.0006986327936933946,3.058842661108066e-05
id07554,0.01769917919202635,0.011029977664086092,0.9712708431438876
id14120,0.9234144680434111,0.036045727307628214,0.04053980464896067
id21802,0.004814371328487481,0.9951399691171917,4.565955432078766e-05
id15614,0.000900110803287102,0.9988108319741844,0.0002890572225284494
id19437,6.763421900493137e-07,1.3279342480963265e-08,0.9999993103784675
id22698,0.9423196610586443,0.04368807539134196,0.01399226355001365
id21841,0.0008144364331583955,0.9984589458365896,0.0007266177302521188
id16177,0.9196936035493529,0.06770500982813267,0.012601386622514452
id15887,0.010663062942018065,0.01556752585599412,0.9737694112019878
id22629,0.6995396065979139,0.024849575877220725,0.2756108175248653
id10346,0.9147128044324747,0.005537221904132474,0.07974997366339273
id05154,0.9611487955702949,0.019460795416943545,0.019390409012761615
id22913,0.5051477145433874,0.48955010291002543,0.005302182546587197
id10544,0.06494474802952442,0.6816804171720154,0.2533748347984601
id08703,0.0014462822566369154,0.9985491231531759,4.594590187189047e-06
id12817,0.1644987957815761,0.001058166335264386,0.8344430378831594
id25433,0.9784495956521964,0.005427065686434505,0.016123338661369144
id25112,0.010540919708039958,0.0005513206033586357,0.9889077596886015
id05054,0.00015820213076846165,0.9906014654244065,0.009240332444825066
id02311,0.012913000413093801,0.9843198437111597,0.002767155875746526
id22160,0.009272472902424356,0.9903893570804669,0.00033817001710875316
id17422,0.9999998762725577,1.0073483105661242e-07,2.2992611245410827e-08
id18985,0.7609645275040272,0.01824538780326824,0.22079008469270453
id21905,0.01676220268734501,0.0025136494520174362,0.9807241478606376
id17474,0.9264571609995722,0.06854795743204672,0.004994881568380912
id15236,7.938334136982007e-06,0.999697788870229,0.00029427279563407457
id13964,0.9678568871827785,0.011011655524302427,0.02113145729291913
id15962,0.00022749751626745135,0.9996702739362321,0.00010222854750050366
id20866,0.03816266505908396,0.0577407175314699,0.9040966174094462
id06625,0.2543737251295868,0.04614711828206546,0.6994791565883477
id09793,0.8115643098110754,0.00690288449910658,0.181532805689818
id17365,2.181150129673842e-05,0.9999741475670747,4.040931628485331e-06
id18463,0.034920724813271,0.9204347903935889,0.044644484793140114
id20693,0.11612995178196829,0.5705318337175163,0.3133382145005154
id08785,0.00033706762342326226,0.9995215249808255,0.00014140739575129924
id06783,0.00709127963907918,0.9889761726912327,0.003932547669688108
id23178,0.028296224308211777,0.00026908572852966836,0.9714346899632585
id13513,0.0023333772281930666,0.9951639772249548,0.0025026455468522267
id25361,0.0003744205654452937,2.106180416225005e-05,0.9996045176303925
id22319,0.458513560674924,0.09242843644491897,0.449058002880157
id14024,0.39324742048019623,0.047787095333597686,0.5589654841862061
id24186,0.0006821516389578646,0.998936127719185,0.0003817206418570921
id20965,0.9372049790063836,0.011049236444654371,0.05174578454896206
id06242,0.05411388147016372,0.04692740452589713,0.8989587140039391
id25665,0.024187792230676262,0.3626235425627751,0.6131886652065486
id09706,0.4989588475956665,0.13765827116677545,0.36338288123755796
id11026,5.357318735094047e-09,0.9999999641869729,3.045570839754386e-08
id04223,0.9919941631948221,0.003961877055360883,0.004043959749816971
id19674,1.66214026303716e-05,0.9998121744168367,0.0001712041805330124
id23420,0.010671379923523919,0.7863626917133696,0.20296592836310648
id18059,0.07105540027680164,0.9161310200263678,0.012813579696830578
id22576,0.9588765770101183,0.031708341004427765,0.009415081985454005
id18495,1.5529615463738676e-05,0.9999005188008812,8.395158365517447e-05
id14139,0.9981266368386097,0.0011978193467211981,0.0006755438146690283
id18313,0.027061033336776903,0.9707052770398832,0.0022336896233399665
id27356,0.9969590029778389,0.002695697266275256,0.0003452997558859108
id16035,0.012209482277296317,0.0003621075296524705,0.9874284101930512
id04182,0.7241610460679275,0.1905931454147366,0.0852458085173359
id15667,0.9999230606875765,4.4958761929593344e-05,3.198055049394956e-05
id08713,0.9978990603656599,0.0009547012277235914,0.0011462384066165006
id25563,3.856168232927124e-06,0.9999495712965538,4.6572535213310114e-05
id17023,0.9980795684795307,0.0014643487031527785,0.00045608281731653863
id03014,6.507606328662902e-12,0.9999999366931531,6.330033931626862e-08
id23812,0.0057393800918581804,0.9941809487593508,7.967114879108449e-05
id20057,0.07440844323660298,0.21663985189450335,0.7089517048688937
id12385,0.9451803120157145,0.028618357964055513,0.02620133002023002
id24416,0.11262418504512313,0.8871067343278253,0.0002690806270515073
id15672,0.012733027117932134,0.8125728743915467,0.17469409849052125
id13868,0.9998693252706647,0.00013067400839521508,7.209400773326288e-10
id21095,0.0548259611155087,0.050874837536476175,0.8942992013480151
id05305,0.21710301532695894,0.6876445594569348,0.09525242521610633
id15384,0.004660972126898793,0.006646085391962524,0.9886929424811387
id14049,0.005266513811692449,5.970841053606532e-06,0.994727515347254
id23441,0.9517377093578416,0.04015123232147631,0.008111058320682065
id12856,0.04322390156360431,6.239198135358444e-06,0.9567698592382603
id16055,1.4615124607175983e-06,7.400648897291063e-07,0.9999977984226496
id24771,0.04266741101658069,0.938955550675198,0.018377038308221433
id14053,0.8952271376711424,0.04466430729143982,0.06010855503741784
id19547,0.0020488273951142894,0.10164276087600317,0.8963084117288825
id03639,0.1742924369986579,0.8144650280026866,0.01124253499865553
id14546,0.16539303866865368,0.8120629008708898,0.02254406046045653
id13935,0.7643690106471067,0.00044045720136170623,0.23519053215153168
id20335,0.2134083524727062,0.7506627130437196,0.035928934483574246
id07301,0.01910670495196388,0.025260222246549148,0.955633072801487
id10186,0.9062953626747892,4.789140028043112e-05,0.09365674592493045
id00192,0.7698647521365687,0.02738287023496477,0.2027523776284666
id17851,0.9972212714926227,0.0027435806367859784,3.514787059130379e-05
id08403,0.0048500246809997346,0.9887982281816006,0.006351747137399818
id06183,0.6350612038196254,0.04662212257737638,0.3183166736029983
id24738,0.06499635984654557,0.6707427132022361,0.26426092695121833
id15112,0.9415309494642541,0.011354584565787407,0.047114465969958504
id19819,0.0006401885548974997,0.0003531963219805142,0.999006615123122
id17722,0.001263199668288885,0.006660328026022123,0.9920764723056891
id24273,0.00435844685245521,0.810682221903545,0.18495933124399982
id18939,0.000656309112259914,1.864424679343679e-05,0.9993250466409467
id16076,0.09290166232782027,0.9054168924040384,0.0016814452681413379
id23158,0.0035264807474976226,0.003286545418819765,0.9931869738336827
id12745,0.688191012886617,0.06963129172665457,0.24217769538672837
id22538,0.12943336692426424,0.750146851725807,0.12041978134992883
id14975,0.20469327583169938,0.7952155029871019,9.122118119878235e-05
id27537,0.9878973420797953,0.010315515594050962,0.0017871423261537319
id06632,0.3841542694747702,0.0001459845060518499,0.6156997460191779
id08100,0.03908743957976882,0.9607764787173014,0.00013608170292972989
id00843,0.999992367400253,1.3241163404102168e-07,7.5001881129872345e-06
id22159,0.015643353687038397,2.2305403284259988e-05,0.9843343409096773
id18672,0.9133757385428546,0.00042188348470666794,0.08620237797243885
id06916,0.04520397522653368,0.9515159988975511,0.0032800258759153075
id22212,0.8958059444165402,0.01813422319807606,0.08605983238538378
id00273,0.07874402809857534,0.0011230240738688193,0.9201329478275558
id26325,0.29303297857275695,0.6630046564799027,0.04396236494734031
id23683,0.04506959367450501,0.9546729746239656,0.00025743170152942295
id14419,0.0014223750501283462,0.9969375832977593,0.0016400416521124381
id11931,1.560709586171377e-09,0.999999998394607,4.468351662021287e-11
id00568,0.15506147652596758,0.8333554347962238,0.011583088677808707
id12271,0.978526269825821,0.02100295219705531,0.0004707779771237414
id12622,0.996846661382261,0.0031449425447070776,8.396073031946819e-06
id03156,0.17222027188319433,0.7110650636800392,0.11671466443676654
id25592,0.933784474355954,0.06313864187217735,0.003076883771868716
id24367,0.9973065567480994,6.370627790421688e-05,0.0026297369739964314
id16007,0.006214965073013796,0.02957956009435302,0.9642054748326332
id04785,0.7206317741302535,0.009802151848371271,0.2695660740213753
id07888,0.006522209590965501,0.001363105981712549,0.992114684427322
id13557,0.08869528717719553,0.9020598451693816,0.009244867653422846
id20726,0.9792381079095673,0.003911391292539643,0.016850500797893124
id09580,0.993363473472397,0.0045860503588848614,0.0020504761687182064
id05173,0.0015712095455880782,0.9984007781440726,2.801231033934369e-05
id10394,0.000569152749803313,0.9993745064956177,5.634075457900249e-05
id03926,0.004832901152315687,0.9916605261960084,0.003506572651675868
id07264,0.9993753508438307,7.901818141997616e-05,0.000545630974749404
id01862,0.007452983964495787,0.9790311024202877,0.013515913615216608
id20808,0.018260985154859348,0.981299362177458,0.00043965266768272666
id26658,0.8395656341476624,0.03932375062661392,0.12111061522572374
id04479,0.6746994754627289,0.07612566625939975,0.24917485827787136
id17445,0.004075987166945644,0.9910229923884667,0.004901020444587704
id04430,0.0008396327865349208,0.9951622053691874,0.003998161844277669
id06052,0.4491218067766889,0.007947083079294351,0.5429311101440168
id11485,0.5063539492725672,0.04249949478904812,0.45114655593838476
id13060,0.19437309514925738,0.016249555496882364,0.7893773493538603
id20873,0.4901148231323134,0.04642116806379368,0.46346400880389294
id21927,0.018174469911483016,0.9808913919826245,0.0009341381058925099
id02736,0.3543261629199006,0.05781781295519626,0.5878560241249032
id11234,0.11776897093730679,0.02456507343007314,0.85766595563262
id27894,0.9971349619672091,3.800163488449302e-05,0.0028270363979063383
id23208,0.07689502619594187,0.5655278045489841,0.3575771692550741
id18470,0.28569657545321187,0.2775999655627254,0.4367034589840627
id23172,0.0392268984005216,0.9448464643783917,0.015926637221086767
id08752,0.9122483183497072,0.0006366263327174666,0.08711505531757541
id14242,0.30746838429043616,0.009420144105093061,0.6831114716044708
id22908,0.9564040542832081,0.00040422629624453226,0.043191719420547475
id17454,0.015785755817848236,0.17073535829828393,0.8134788858838679
id23797,0.9466378209245219,0.0022552186243416984,0.05110696045113642
id03788,0.9574021960084041,0.010053141396789127,0.032544662594806754
id23682,0.36732669296240306,0.019003345584289594,0.6136699614533073
id07179,0.9633916804759326,0.03538769621558671,0.0012206233084807625
id09746,0.0007180775488274985,0.9992622038678817,1.9718583290838417e-05
id26613,0.05973001449859657,0.08287427993056212,0.8573957055708413
id05142,0.9999998599237853,7.596759967208885e-08,6.410861515413869e-08
id04825,8.851418401538956e-05,0.9994925066543594,0.00041897916162521347
id13691,0.49139055593676134,0.051890589276491476,0.4567188547867472
id14183,0.0008114412156370802,3.061173808914415e-07,0.9991882526669821
id19519,0.05494898120562396,7.720332136559382e-05,0.9449738154730105
id26685,0.5844454539803713,0.003257871991759213,0.41229667402786946
id07937,0.06536780452085567,0.031354522144914236,0.90327767333423
id10574,5.5529045168824996e-05,0.9999433684963084,1.102458522911206e-06
id15310,7.023514953128074e-05,0.9992197169298075,0.0007100479206612242
id27311,5.563533152753923e-07,3.367949444387492e-07,0.9999991068517403
id11590,0.9538978038067795,0.009155089550080972,0.036947106643139646
id19798,0.0002521138339457828,0.9245860800455689,0.07516180612048545
id12201,0.9055605850657372,0.07662488657899882,0.017814528355264026
id12460,0.13353061059160296,0.012520039221786834,0.8539493501866102
id12019,0.9290528299625772,0.06322740188313496,0.007719768154287708
id08046,0.35132349438819527,0.03740938726372472,0.61126711834808
id02989,0.030124588930649236,0.18220049357607765,0.7876749174932732
id26905,0.0006732829411775696,0.07092168770913154,0.9284050293496909
id09779,0.9999999610110667,3.199070544844381e-08,6.998227853520545e-09
id04359,0.23263448194540148,0.5444350860694599,0.22293043198513865
id01526,0.9992355572647597,0.0007323727604586549,3.2069974781703266e-05
id22325,0.02777474187374814,0.9419220980830111,0.030303160043240757
id27878,0.4319464908125915,0.29888426138722624,0.2691692478001822
id06413,0.0002142514299924492,0.9997218284280871,6.392014192047034e-05
id12616,0.0036984849474999575,0.9958457143788048,0.00045580067369533045
id05301,0.9945711443066331,0.00022879609129988388,0.0052000596020670585
id13258,0.14512289739157444,0.012140690809423782,0.8427364117990018
id08789,1.3514405014492237e-05,0.9997003407666846,0.0002861448283009425
id11776,0.00021045584433978604,0.9997801082627976,9.435892862572495e-06
id21899,0.9082721575748329,0.08766374179857028,0.004064100626596849
id18108,0.09930254058751839,0.00210965523048284,0.8985878041819988
id23585,0.5695291104189062,0.26591699140710034,0.1645538981739934
id22122,0.14178414408625903,4.148532524329134e-06,0.8582117073812167
id22855,0.622409663459255,0.25288475027698665,0.12470558626375841
id19551,0.9977048819527583,0.00020314300718464462,0.0020919750400570972
id18535,3.610740269379632e-06,0.999787468145956,0.00020892111377468739
id15115,0.22946769909031237,0.007475781109609619,0.763056519800078
id00678,0.9999936727515742,5.1617936450623814e-06,1.1654547806324579e-06
id21876,0.02398875929515551,0.9114647702968338,0.06454647040801069
id01553,0.8558998088048619,0.016354541059148648,0.12774565013598935
id09456,0.9847968129495389,0.013923575288597388,0.0012796117618637482
id01455,0.11956783630772452,0.6553464408814144,0.22508572281086112
id02454,4.936201568544639e-05,0.999941501820494,9.136163820624936e-06
id07911,0.19347215629305836,0.00010306019628111195,0.8064247835106605
id13383,0.9475576682489715,0.04545517279451036,0.006987158956518146
id19953,0.35972202164736927,0.00012307835964806075,0.6401548999929826
id10316,0.9632381884141804,0.018030732162882215,0.01873107942293739
id01991,0.2952427588259124,0.05169806044542985,0.6530591807286578
id19176,0.9960288242549211,0.003691486684849203,0.000279689060229727
id06744,0.05618799920828164,0.024289480239660603,0.9195225205520577
id09999,0.10854864445880254,0.00026423534657468495,0.8911871201946228
id11253,0.015319105730902088,0.010870558329179965,0.973810335939918
id15089,0.010176843870623653,0.9833869375669091,0.00643621856246726
id16821,0.15829103727753382,0.0012274791890714075,0.8404814835333948
id08256,0.9999931984348579,4.255655826597779e-08,6.759008583800509e-06
id14844,0.3706904526902578,0.19995517523694817,0.4293543720727941
id25950,0.0010025362688974684,0.9928665688687632,0.0061308948623393245
id11961,1.736086963048466e-05,0.999068706471799,0.0009139326585705759
id00092,0.00021922588259104916,0.00027042210659717356,0.9995103520108117
id13083,0.002462796615029539,0.048438668055615065,0.9490985353293555
id25825,0.9123188886011365,0.015789815374757227,0.07189129602410627
id03045,0.0014492159679595034,0.001732901227858004,0.9968178828041826
id19037,0.3922133280381198,0.34550552852580274,0.2622811434360775
id24357,0.03033863343482977,0.005357971279215535,0.9643033952859548
id24449,0.036937152283794565,0.916946058355655,0.04611678936055039
id22847,0.0005345296996473409,0.9980870857494448,0.0013783845509078528
id27720,0.999909803684259,6.558429891055558e-05,2.4612016830508708e-05
id11619,0.5171937202989838,0.4687082837548503,0.014097995946165986
id03129,0.9955586823408248,0.0024145631556496882,0.00202675450352553
id04264,0.0001751138579207387,0.9998217583663281,3.127775751126273e-06
id19748,0.05257946294290098,0.00624518179305191,0.9411753552640472
id20851,0.0008373341498592295,0.0008357777418585277,0.9983268881082823
id13277,0.991111333302327,0.008146626626663643,0.0007420400710092583
id06419,0.0011177868327923402,0.9988736768278396,8.536339368133345e-06
id00581,0.9817855313003863,0.008044114126005742,0.010170354573608011
id08765,0.8685375719437382,7.062599026964982e-07,0.13146172179635923
id13492,0.08077821032881066,0.8502515177568243,0.0689702719143649
id12049,0.04164945979208144,0.9572137699501697,0.0011367702577488737
id12700,0.9785589129446501,0.021237729889124254,0.00020335716622575079
id07697,0.9998452129199288,6.552895871783381e-05,8.925812135344505e-05
id00262,1.950743870496831e-08,0.9999999799599224,5.326389263869461e-10
id20969,0.0019191827532078873,0.9221759765680579,0.07590484067873417
id18465,0.00011657217798260021,9.179631751649698e-05,0.999791631504501
id10027,3.367680284843854e-05,0.9996413752787114,0.00032494791844012573
id03007,0.028038269010413883,0.9601844715837623,0.011777259405823878
id23465,0.14348727827619204,0.36917240959420905,0.48734031212959905
id09086,0.8697597216152345,0.08135649289173916,0.0488837854930263
id08015,0.0004523178963424442,0.9889817461691891,0.010565935934468364
id04285,0.5312039703389774,0.003476696576533725,0.4653193330844889
id04356,0.0008227266259336132,0.0008323681088958969,0.9983449052651705
id03554,0.6117616110956464,0.34913675821714074,0.039101630687212785
id06922,0.8953799470148589,0.06617444248826353,0.03844561049687765
id15733,5.774514201000241e-05,0.9999360688346225,6.186023367570199e-06
id24934,0.004442521294697411,9.565955234708633e-06,0.9955479127500679
id05529,0.991454627466761,0.002358966647452657,0.006186405885786302
id00298,0.0016819325315531322,0.9608643479323311,0.037453719536115815
id08158,0.9385073183311253,0.05038057398710236,0.011112107681772294
id15135,0.33121623002764666,0.1862921705005911,0.48249159947176234
id06574,0.3281824780285485,0.36153836359277824,0.31027915837867326
id20017,0.00021491145119021277,0.999551149706884,0.00023393884192581324
id14386,0.004344415448326928,0.00039263093563217155,0.995262953616041
id24226,0.7293222995361782,0.2629051363137853,0.007772564150036437
id24212,0.3416970375135921,0.5104596532508711,0.1478433092355369
id14116,1.041407905643719e-06,9.415831713368008e-10,0.9999989576505112
id14500,0.004821647356623525,2.657290474981905e-07,0.995178086914329
id22744,0.03482865459675543,0.2034423071424583,0.7617290382607863
id16163,0.999999993431425,2.166111067712176e-09,4.402463923646919e-09
id17883,0.9975295833691411,0.0009658228717227295,0.0015045937591361496
id04631,0.005121157314115923,0.0004431916335977302,0.9944356510522864
id26517,0.6088503557407047,0.12140090208241293,0.2697487421768824
id12655,0.014578033676883435,0.7948799048505699,0.19054206147254668
id01505,0.6887723318254245,0.26418300279497603,0.04704466537959958
id00104,0.025712665385122277,0.00556979110245986,0.9687175435124179
id20387,0.012533797750845363,0.9649242700921339,0.022541932157020772
id02843,0.033057665628829606,0.001620296750506723,0.9653220376206637
id04361,0.07067194455319487,0.0009341032652607801,0.9283939521815444
id26813,0.999984263015129,3.1334106555486166e-07,1.5423643805464833e-05
id01466,0.00017183945421417261,0.9457918488186242,0.05403631172716161
id17090,0.1206299599906929,0.8382808857047499,0.04108915430455721
id06691,0.03338260849273996,0.0036937514501612424,0.9629236400570989
id09408,0.9265293397501225,0.05444502097077027,0.01902563927910713
id15285,0.9992836918850039,2.1195358226291034e-05,0.0006951127567698665
id16283,0.9999041446335659,3.70978486093702e-05,5.875751782477668e-05
id12607,0.9683087601788107,0.006524966781564842,0.02516627303962439
id25965,0.759257841868693,0.003756565064336633,0.23698559306697034
id07268,1.2679358885868479e-05,0.9999849302670042,2.3903741099849532e-06
id13529,0.00042973096272089,0.006904155327774862,0.9926661137095042
id11969,6.016890476959169e-05,0.9996266171626823,0.0003132139325481387
id20299,2.980457512620629e-05,0.9989314246413684,0.0010387707835053598
id08770,0.024493128817062657,0.004287687054859661,0.9712191841280777
id20730,0.4833385065447719,0.008546884411194344,0.5081146090440338
id06333,1.056116100013316e-05,0.9999841693280841,5.26951091574619e-06
id27451,0.9824208665655594,0.008394078047234486,0.00918505538720616
id12111,0.588059731948342,0.0005767582875334987,0.4113635097641245
id06609,0.10444506465305994,0.0013290274690174408,0.8942259078779227
id12299,0.9713113585192859,0.0005288102945004135,0.02815983118621375
id23264,0.9988632691427277,2.3851662192210112e-05,0.0011128791950800272
id04222,0.03334052253402533,0.9647027595605535,0.001956717905421159
id17229,0.0002867397850720613,0.9995121306039402,0.00020112961098775554
id24365,0.000980095410715905,0.0011936753585795848,0.9978262292307045
id18294,7.0914360591458125e-06,0.9999917106358307,1.1979281101260272e-06
id04493,0.9933100506644461,0.005757070579241657,0.0009328787563122156
id27575,0.999642015243825,0.00030043270484512215,5.7552051329941844e-05
id03801,0.8287080959975887,0.005034847320693909,0.16625705668171742
id11611,0.0032186632843682543,5.416138186633091e-06,0.9967759205774451
id01632,0.3710141581879046,0.0016720215201617285,0.6273138202919337
id06510,0.7428572266499087,0.11181249080955895,0.14533028254053235
id20431,0.3995006133248485,0.0032175958449762753,0.5972817908301753
id23529,0.7883118571996337,0.13269954674284684,0.07898859605751953
id13951,2.386764815726559e-05,0.04083609917815333,0.9591400331736893
id00803,0.018109759825400296,0.9815676217620077,0.000322618412591961
id06737,0.9997031975640361,6.620813679525592e-05,0.0002305942991685883
id24288,0.999338590110265,0.00043618261558193554,0.0002252272741529259
id08385,0.005595155125141635,0.9894070399177697,0.004997804957088635
id22859,2.057902296284724e-05,0.9999776303004365,1.7906766007139667e-06
id22234,0.23670072932619682,0.21495479167427112,0.5483444789995321
id10365,5.891271450601241e-08,0.9999999379131461,3.174139392692447e-09
id00865,0.0011306055360407394,0.00010943399216314088,0.9987599604717962
id19405,0.0001157793598242062,4.6717193192139734e-07,0.9998837534682439
id11246,0.010371068542813595,5.085262397728581e-05,0.9895780788332091
id19587,1.7073780968829782e-06,0.0017674605454022772,0.9982308320765009
id24614,0.019208578396355844,0.9784808449929433,0.0023105766107009654
id23623,0.9897826698185378,0.009817687359574277,0.0003996428218879301
id15271,0.36472239811012863,0.0026393021599072555,0.6326382997299641
id20478,0.0032712479939783377,3.749094536775971e-05,0.996691261060654
id25277,0.9927091950614317,0.0001479468042856395,0.007142858134282663
id22004,0.9876090586222077,0.001192741787385803,0.011198199590406537
id16728,1.693063679067121e-05,0.9999787292775683,4.340085641181781e-06
id06907,0.5218176149733151,0.3423848875943713,0.13579749743231362
id11895,1.0577476462575114e-05,0.9999864508985981,2.9716249392989095e-06
id13802,0.14131283312230702,0.7665714010065852,0.09211576587110779
id18459,0.015859882123697336,0.9827136642132818,0.0014264536630208137
id21371,0.9971135614148243,0.0008532577792122583,0.0020331808059633806
id11408,0.015486971234818729,0.9840977059968286,0.00041532276835279093
id05442,0.2327419205439806,0.7491634300661972,0.01809464938982223
id21499,0.43584651193935003,0.10093481555997187,0.4632186725006781
id18066,0.6987517334843862,0.26653341359203236,0.034714852923581375
id23617,0.04404283359928174,0.0016476814887684647,0.9543094849119499
id07725,0.0022127858645041285,0.008731607841724243,0.9890556062937716
id24627,0.6754928707325061,0.03749643717320057,0.28701069209429336
id19108,0.9980060966962783,0.0019653907937395524,2.851250998210643e-05
id11800,0.0006467903612223117,3.4307244022326493e-06,0.9993497789143755
id14588,0.9267780628972254,0.0014666127470920488,0.0717553243556825
id27474,0.7656996813151661,0.20692269862148044,0.027377620063353487
id07924,0.9822568336426031,0.001985227087364671,0.015757939270032165
id10772,0.9936333423231245,0.002306754803243465,0.004059902873631994
id19235,0.11477438924574311,0.19540904406734247,0.6898165666869145
id13647,0.32435981782399814,0.2543747491036504,0.42126543307235154
id08673,0.9207942740757142,0.0018011923541733411,0.07740453357011243
id24850,0.000483205217976889,0.998767834047029,0.0007489607349943075
id11764,0.9642040241869556,0.000504620534628327,0.03529135527841614
id05197,0.006985124868881859,0.9923529986624422,0.0006618764686760958
id23600,0.34843215294221574,0.0032467267870911866,0.6483211202706931
id14699,0.0016220770919628763,0.9980609983101583,0.00031692459787894747
id26801,0.7628543770313186,0.029606309862857713,0.20753931310582363
id25664,0.8845058233156804,0.11519740965201081,0.00029676703230882546
id07809,0.9995834866228679,0.00035716602393004486,5.9347353202071444e-05
id13081,9.01348213833547e-05,0.00014937939861796597,0.9997604857799988
id11381,0.017417781791436566,0.024039188139096973,0.9585430300694665
id14721,0.16517886756577257,0.4366398658889148,0.39818126654531266
id07800,0.9289150934534365,0.0003292003178657756,0.07075570622869772
id13883,0.6266752143711936,0.19725051689419307,0.17607426873461338
id04488,0.451934765948785,0.02502600205824717,0.5230392319929679
id03530,0.3397560965431464,0.19622822900350614,0.46401567445334746
id15823,0.0012046613586894376,1.4201708856625581e-07,0.998795196624222
id11701,0.14675939552034487,0.004693753042532885,0.8485468514371223
id07806,2.5001775826765252e-06,0.9998029016347005,0.000194598187716787
id19036,1.973942079929482e-06,0.9999896556319137,8.370426006505823e-06
id20765,0.9529904793460455,0.0401160740907657,0.006893446563188851
id26691,0.10683268306387213,0.05619217194489067,0.8369751449912372
id02642,0.0020164851783352105,0.0006155022846798692,0.9973680125369849
id06475,0.8977882719272261,0.09440406348102899,0.007807664591744901
id19019,0.9467559995942451,0.021217111364755514,0.03202688904099943
id14616,0.0008483175252164045,0.00016898324762032373,0.9989826992271633
id08537,0.9981971159901354,0.00179131026304245,1.1573746822133075e-05
id19126,0.21617274366869307,0.024894846672729693,0.7589324096585772
id01774,0.0007526770875335629,0.00031037529305817494,0.9989369476194082
id08623,0.610585003802951,0.22053509885596123,0.16887989734108783
id17150,1.6131399433231918e-05,8.687591225892305e-06,0.9999751810093409
id06325,0.008671552312726982,0.01177446074036577,0.9795539869469072
id23161,0.0013237808703143133,0.011149313189643168,0.9875269059400426
id09876,0.06080343805605862,0.0021801841598234374,0.937016377784118
id01551,0.9984048704171086,0.0012029583450601368,0.0003921712378313883
id12334,1.1705188626179032e-08,0.9999999490454692,3.924934221139637e-08
id03577,0.13420847745838194,0.003287413154075379,0.8625041093875426
id20706,0.999978132832502,6.281022267796982e-06,1.5586145230136585e-05
id23704,4.994104897999467e-05,0.9998250489431776,0.00012501000784241497
id10029,4.925985664235611e-06,0.9998376740930379,0.00015739992129786147
id19600,2.5623754580320525e-06,0.9999883410583961,9.096566145866215e-06
id22367,0.054626502905317384,0.9441854923536374,0.0011880047410453305
id12262,0.9991668470718923,0.0001902609088140066,0.0006428920192937593
id09698,0.029980146129574912,0.9358395150184532,0.03418033885197189
id10919,0.9982595643107618,0.0014032370190818063,0.0003371986701564131
id12508,0.0061898185233657844,0.9347151890325435,0.05909499244409088
id16206,0.780110194786659,0.004224178482865539,0.21566562673047557
id25927,0.0007644037758402975,0.011248575542012283,0.9879870206821474
id23189,0.0007725397254105184,0.9992155282078705,1.1932066719015341e-05
id00406,0.0036659885646372643,0.9944696047808914,0.0018644066544713195
id01257,0.03458412168921346,0.8292296464498307,0.13618623186095588
id15147,0.999999998422139,1.8652431738993956e-10,1.3913366304747185e-09
id24692,0.9368336233768877,0.04229416935780585,0.02087220726530651
id02919,0.01890569745466492,0.9809360875790506,0.00015821496628455676
id00339,0.0057432776790369575,0.949605362036457,0.04465136028450611
id20981,0.0037259615068430366,0.9961923528701557,8.168562300120488e-05
id00658,0.9232274810899237,4.7482714421050906e-07,0.0767720440829322
id02255,0.06611898916201332,0.004109908652912134,0.9297711021850745
id13282,0.9269153708961642,0.000616367327865173,0.0724682617759707
id13189,0.3818303189981455,0.37944973951171673,0.23871994149013775
id07267,0.9999991414518598,2.3778914067089032e-07,6.207589995581627e-07
id05272,0.7184885650406578,0.005862479774939991,0.2756489551844022
id22653,0.9791951792566889,0.005379872286254973,0.015424948457056161
id06894,0.6013805950181096,0.0020478604432392646,0.39657154453865123
id21657,0.08681903565501381,0.8942158619535876,0.01896510239139857
id00430,0.03271955456772295,0.5631351909487621,0.40414525448351507
id21655,0.0018713748339520167,0.7613930975765978,0.2367355275894502
id04764,0.9515559814070492,0.0013329968193113637,0.0471110217736395
id08665,0.00048269193170107647,6.151539074393348e-05,0.999455792677555
id20985,2.723357423657988e-06,7.596629430716074e-07,0.9999965169796333
id08095,0.2575514075461429,0.7205548257197503,0.02189376673410686
id12015,0.9500439429308067,0.049937486436932875,1.8570632260474146e-05
id13210,0.15628362820741493,0.7132994117236622,0.13041696006892292
id24937,0.024993787879218174,0.8052045148428385,0.16980169727794336
id03675,1.6464859780635965e-06,0.9999880430801857,1.0310433836142974e-05
id26951,0.9765313895806662,0.004994016154641958,0.01847459426469189
id06104,0.009132500162031869,0.00032312254466764645,0.9905443772933005
id20105,0.0008851930782928198,0.9986711464312766,0.0004436604904305746
id20441,4.05175528023768e-05,1.6727473885561034e-06,0.9999578096998091
id05660,0.9999592340472802,4.016310000694361e-05,6.028527129355258e-07
id04078,0.002460959608091798,0.03135910449799108,0.9661799358939172
id26101,0.006779334709783734,0.0012246237170146898,0.9919960415732015
id10144,1.4163801393113358e-06,0.9999896303253328,8.953294527990063e-06
id15096,0.0002231616810663028,0.00015476579031844804,0.9996220725286152
id11903,0.5704752012111584,0.018204204778195572,0.411320594010646
id24093,0.002345434420882512,0.00011793088776655535,0.9975366346913509
id06388,0.3940151928840415,0.09701580523234438,0.5089690018836142
id01203,0.9818588476333778,0.011543632842099812,0.006597519524522465
id18448,0.9979254523674128,3.7424420339863664e-05,0.002037123212247427
id10382,0.1680261080653104,0.24211845139238738,0.5898554405423022
id25109,0.09926315689141896,0.38812108257540484,0.5126157605331763
id15526,0.023430821425057088,1.7117459272122116e-05,0.9765520611156708
id09411,0.8905571480250617,0.005774888897777533,0.1036679630771607
id03937,0.008724850238972185,0.0015686625374769759,0.9897064872235508
id09740,0.0011228771849245308,4.594066138699934e-05,0.9988311821536885
id11584,0.023998958355922716,0.04711355947402742,0.9288874821700499
id06135,0.9910004925066603,0.007614442170994912,0.0013850653223447358
id22666,0.9079485648526938,0.09161613337744264,0.0004353017698634729
id03104,0.9999999937258685,1.1356590130889667e-09,5.1384725243849746e-09
id21763,0.5933347787068031,0.19885048104829098,0.20781474024490584
id26344,0.025111293233788804,0.00024160341049349123,0.9746471033557177
id11819,0.9746295593551939,0.022461768364883318,0.002908672279922707
id20309,0.0014822698868888504,0.996884889731882,0.001632840381229134
id12751,0.9915621674473409,0.0028680410694010153,0.005569791483258138
id16205,0.054694376068559716,0.04276172814001055,0.9025438957914297
id07347,0.04666991178448463,0.003314757109459262,0.9500153311060561
id20347,0.0016250842293684615,0.9982844402069795,9.047556365205835e-05
id05696,0.10345175182935816,0.0028412183574157363,0.8937070298132261
id04648,0.19903640482827062,0.7484089448604363,0.05255465031129311
id19654,0.1409580304642211,0.8528697181161219,0.006172251419656878
id03991,0.11681886737621512,0.025217020154055338,0.8579641124697296
id05523,0.13248143104363735,0.19625181110258427,0.6712667578537783
id27445,0.9997013622771049,0.00022350008276310232,7.513764013206504e-05
id27516,4.331164252531229e-06,0.9999953545568612,3.142788863008368e-07
id13992,6.55802593536529e-06,1.6244119737652425e-09,0.9999934403496527
id02429,9.572822043208582e-05,3.3256412752774307e-06,0.9999009461382927
id01682,3.5104896918524424e-05,0.99942944289415,0.0005354522089314927
id20561,0.9980917175115602,0.0003935200593032778,0.0015147624291365438
id26906,0.9977872414423491,0.00028340925859582106,0.0019293492990550987
id01724,0.6084279622706877,0.2760506786344196,0.11552135909489274
id25283,0.7922834617275574,0.024460441760811594,0.183256096511631
id06926,0.9797118973229272,0.018224955856412612,0.0020631468206602564
id13887,0.9872943177733838,0.012557576208634968,0.00014810601798116987
id07530,0.9912809284539286,0.004548098002692339,0.0041709735433790975
id13460,0.9975181065430325,0.0023251865065887396,0.00015670695037880032
id14695,1.3722830602226218e-05,0.9999801504071375,6.126762260388348e-06
id08133,0.6605918204304017,0.0040841603871046295,0.3353240191824937
id06364,0.01493864662883837,0.003121368208251295,0.9819399851629104
id22368,0.006905419996292647,0.9924014461046798,0.0006931338990274424
id04855,0.002060425241289297,0.9945639964112412,0.0033755783474695897
id14016,0.14089022194341225,0.5173902491750311,0.34171952888155666
id25801,9.577583115306666e-05,0.999818163364486,8.606080436094234e-05
id16241,0.05543680661156858,0.0014930299364989876,0.9430701634519324
id01120,0.9175068528404919,0.06647034950673447,0.016022797652773663
id00058,0.7250028587426383,0.21412189163558024,0.06087524962178155
id24503,0.013222164655221951,0.007010852011750409,0.9797669833330277
id03213,0.008593608676171503,0.9819673359639226,0.009439055359905899
id06040,0.9965976587005182,0.00034083598376963693,0.003061505315712197
id26219,0.05449997635791673,0.7186919179875171,0.22680810565456627
id23723,0.0018675062843430804,0.9303694969454623,0.06776299677019466
id17565,0.4943568790010723,0.019675874428588137,0.4859672465703396
id02243,0.13874795315700236,0.37303983570652127,0.48821221113647634
id04802,0.9995243097180736,0.00017359316889047137,0.0003020971130360148
id07148,0.020054232856118584,6.972904365986833e-05,0.9798760381002215
id16071,0.9546130119045089,0.04138021232992755,0.004006775765563446
id14810,0.8135491639673122,0.01280534898122404,0.17364548705146382
id15386,0.7998102785906795,0.19750266117155654,0.002687060237764019
id14768,0.9611763661298921,0.011157612840899266,0.02766602102920869
id05056,0.9999999624497499,2.5125747386409806e-11,3.752512432733895e-08
id27065,0.034112507759777935,0.08840404688028725,0.8774834453599348
id27245,0.4784438488195761,0.3061572570527425,0.2153988941276813
id25911,0.9840677287989893,0.00267482941160159,0.0132574417894091
id10581,0.9537000569421825,0.03730946138202139,0.008990481675796079
id21852,0.3938211451705667,0.15558057777074746,0.4505982770586859
id13922,0.2791723075048003,0.5851383377758331,0.1356893547193666
id21904,0.07547527175450762,0.05341290032330361,0.8711118279221889
id25974,0.003999881086873113,2.3085515981396725e-06,0.9959978103615288
id03323,0.03297061026990838,0.7016409948470599,0.26538839488303173
id01385,0.48338099350710484,0.45148397462965734,0.0651350318632377
id20469,0.8452194370285818,0.11027570537003152,0.044504857601386665
id04281,0.004393084545162533,0.622136544528225,0.37347037092661256
id17752,0.8207726909016884,0.17738312981597593,0.0018441792823357403
id27768,0.9995688660428134,9.043729325643364e-05,0.00034069666393019184
id15545,0.0008996081933114765,0.9862141883189557,0.012886203487732787
id27853,0.0036062767721298846,0.0004765781712128602,0.9959171450566573
id10103,0.9882538349267437,4.089434098189084e-06,0.011742075639158056
id04374,3.214588207941246e-05,0.00014987234923023921,0.9998179817686904
id23102,0.01320405791612165,0.9765906321343925,0.01020530994948591
id15727,0.001894818149049589,0.00019858374705485513,0.9979065981038956
id22643,0.375022138153083,0.06761196013776771,0.5573659017091493
id26174,0.0016755527880826019,0.4889705290879507,0.5093539181239667
id16776,0.00012193111915536431,0.9997830764840252,9.499239681943574e-05
id11156,0.9987595930193535,0.0005151805744129037,0.000725226406233578
id18288,8.083741702850802e-05,9.857457285468366e-05,0.9998205880101169
id21487,0.044730578639577835,0.38383397526597396,0.5714354460944483
id06888,0.39649560615037505,0.0763403967654179,0.527163997084207
id24094,0.7860516789241645,0.004963421976516977,0.2089848990993186
id21383,0.044500424354501016,0.8579675235364213,0.09753205210907778
id10309,0.0005092328758391982,0.003109165992402527,0.9963816011317583
id09189,0.9647807580870996,0.0014844127400925578,0.03373482917280777
id26844,0.019465110167023153,0.0002140956786340029,0.9803207941543429
id02103,6.789132163071968e-06,1.1559686579286335e-05,0.9999816511812576
id13699,0.005737990309877949,3.8329343259718655e-05,0.9942236803468624
id05005,8.848258686383402e-05,0.00011087371408763685,0.9998006436990485
id19814,0.94556767295779,0.037825765454134,0.016606561588076014
id24703,0.916676512795329,0.082145002905316,0.001178484299354972
id04594,0.0003808715212997278,6.84482627636746e-06,0.9996122836524239
id13789,0.7404788660925029,0.2572320410572686,0.002289092850228483
id01938,0.11519287117541892,0.8621361938866469,0.022670934937934265
id24274,0.8429951402852568,0.0072605729601202965,0.14974428675462287
id13727,0.9526730825895958,0.04381049486069446,0.003516422549709724
id19335,0.005329664739257232,1.809677116986945e-05,0.994652238489573
id21064,0.00294484502136746,0.004596724976343468,0.9924584300022891
id04044,0.0010817938233698159,0.9987551105803749,0.0001630955962552577
id01696,0.6873414898684254,0.15691524394236817,0.15574326618920648
id05601,0.007049453064826645,0.0006857375488183476,0.992264809386355
id13591,0.8423901182065927,0.0006169508272792368,0.15699293096612812
id09164,0.0125556802271917,0.9869391696489047,0.0005051501239036149
id16563,0.0016309146637493378,0.0014879129354297286,0.996881172400821
id00380,0.9836582989046673,0.01190209619956075,0.004439604895772029
id04612,0.002354914864781285,0.05255640425138131,0.9450886808838375
id17341,0.1232622905604623,0.002988053338160212,0.8737496561013774
id23426,0.0004689875217697024,0.9994201107934728,0.00011090168475752397
id02177,0.9949078913052813,0.0013824643618707032,0.003709644332847972
id24279,0.0011317076459540498,2.415362337526733e-05,0.9988441387306707
id07226,0.9873320709668119,0.01228019056806774,0.00038773846512045327
id23305,0.03518457943804387,0.019065749945314917,0.9457496706166413
id00684,0.4378737343326801,0.00827487424650219,0.5538513914208177
id22025,0.00024073794161568395,1.276790577779832e-05,0.9997464941526065
id26143,0.881306766598241,0.11830329653302983,0.0003899368687291744
id12002,0.050340430535076135,0.21643805402415894,0.733221515440765
id04610,0.9588828095429609,0.04093095702275458,0.0001862334342845306
id27224,0.019916964448803632,6.402373504888375e-07,0.9800823953138459
id10716,0.5517705099495251,0.4116293325155319,0.03660015753494298
id14057,0.9908237583513353,0.0045762613835489225,0.0045999802651157965
id14982,0.9999999990456022,5.095044006990346e-10,4.448933728185677e-10
id00401,0.9822324847811018,0.004457400308819255,0.013310114910078935
id12248,0.9944533911508169,0.005347460370014731,0.0001991484791683938
id04641,0.8137592761595738,0.030278512939079825,0.15596221090134638
id01658,0.6199284036799674,0.00013517699186011865,0.3799364193281725
id03153,0.17014220811687236,0.383252953433561,0.4466048384495667
id27961,0.7664765625189578,0.04340776979050132,0.1901156676905409
id15984,0.9885383294591708,0.0011987804513984201,0.010262890089430831
id01789,0.8862417322771233,0.10646138417800477,0.007296883544871933
id27264,0.0001206848807897077,0.0010340578194280553,0.9988452572997822
id05158,0.0001654939893996235,0.0028340528304786955,0.9970004531801216
id14265,0.7077287653549911,0.07681770207292472,0.21545353257208416
id20696,0.9101324159508123,0.04739332373831251,0.04247426031087521
id01133,0.27731153789241286,0.21747982414875514,0.505208637958832
id24953,0.15042401498208421,0.8403030384278096,0.009272946590106197
id11298,0.10574766782400412,0.0006207424955039863,0.893631589680492
id20917,0.1963709803702784,0.6895947019310238,0.11403431769869793
id25275,2.8134759837692834e-06,0.9999965748377122,6.116863040829237e-07
id00850,0.8851705543274349,0.003173306206057903,0.11165613946650724
id23225,1.0477309984347183e-05,0.999989468852929,5.383708657007597e-08
id15602,0.03439481637670518,0.03068856348608233,0.9349166201372126
id12160,0.05006540148181638,0.13881857284471627,0.8111160256734674
id25388,0.0007799102643278076,0.9992027423861483,1.7347349524068968e-05
id13837,0.005301510841734901,0.9946884794252355,1.0009733029547002e-05
id06804,3.6685597771465796e-05,0.00025150979857649006,0.999711804603652
id19978,0.9057675635479849,0.08707312929190024,0.007159307160114859
id27563,7.160608425647238e-05,4.958728138890225e-07,0.9999278980429297
id23762,0.2678850929558281,0.7314636360815303,0.0006512709626415666
id22734,0.00036688761266553586,0.9988910456370651,0.0007420667502693759
id09094,0.4679960276416018,0.061076521586556805,0.4709274507718415
id27270,0.005205976450421414,0.9940463431691492,0.0007476803804293461
id05043,0.0021278923692003857,0.9771759468907351,0.020696160740064612
id15290,0.08047926203322289,0.9191884038950865,0.0003323340716906156
id26333,0.9993382003627679,0.00030863072130653626,0.00035316891592562745
id26111,0.33199639470698156,0.6522737082826804,0.015729897010338036
id23029,0.012043547418446795,4.97533042757054e-05,0.9879066992772776
id11837,0.9697302429597865,0.015539578093380762,0.014730178946832654
id03497,0.8760338886684643,0.00010963659765768419,0.1238564747338779
id19290,0.6327351914372822,0.3532302496904841,0.014034558872233751
id08008,0.9552377667168871,0.01681502678000035,0.027947206503112592
id24949,0.005470624875603992,0.9819431045392417,0.012586270585154274
id25023,5.178701144176259e-05,0.000596163493869283,0.999352049494689
id02205,0.00023172210437128046,0.99106262489243,0.008705653003198692
id11041,0.9863314226259348,6.530415236595656e-05,0.013603273221699375
id14395,1.0000300679051877e-05,0.9999711403320984,1.885936722244595e-05
id01130,0.8259066411155931,0.05096644458387739,0.12312691430052952
id21066,0.06804252295787835,0.028562321269344104,0.9033951557727775
id17774,0.9997660490153072,0.00022729795215156812,6.653032541211857e-06
id24519,3.581861915061643e-07,1.781579600308386e-08,0.9999996239980125
id08460,0.9046310507595056,0.0053068140541232605,0.09006213518637125
id19897,6.475778131290302e-07,0.9999990490668887,3.033552981703747e-07
id19028,0.9987792185422693,0.00023862169526843221,0.0009821597624624038
id01850,0.986576981391414,0.0019873569458108294,0.011435661662775095
id22472,0.00010053790702711619,0.9998994131282172,4.896475573345439e-08
id10709,0.002392611257045682,0.9513152129562444,0.04629217578670988
id17260,0.06862821005859376,0.6732816086154829,0.25809018132592326
id22262,0.9478434169745555,0.013954984273630434,0.03820159875181402
id00115,0.9576569585880685,0.03988163344705236,0.0024614079648791814
id17483,0.002809887011780427,0.0005690469314310716,0.9966210660567886
id10763,0.3945800587175053,0.44120950484757376,0.16421043643492092
id18014,9.068441536236923e-05,0.9989122076838257,0.0009971079008118506
id20414,0.19340251404776243,0.006028286534507056,0.8005691994177306
id14244,0.9101438165186233,0.08555176096012418,0.0043044225212525615
id24952,0.9787177392796533,7.049811360324622e-06,0.021275210908986344
id08217,0.017169036509603986,0.007735230544699711,0.9750957329456963
id01578,5.845082238122831e-06,6.464043338207367e-05,0.9999295144843798
id00641,0.9766157729991056,0.023015873458549045,0.0003683535423452751
id24982,0.9999984589344012,1.533092431272082e-06,7.973167539793032e-09
id11192,0.9994881968919557,0.0001342094421204836,0.0003775936659238204
id13759,0.02568239059038246,0.024068434853003973,0.9502491745566136
id26752,0.9783286450046926,0.020656692121583164,0.0010146628737242255
id06820,0.9901244997605259,0.000914397191190873,0.008961103048283181
id27298,0.7140855762191654,0.20266522153306904,0.0832492022477656
id20735,0.0002783887589473451,8.48596397980796e-06,0.9997131252770729
id08390,0.019286891995289594,0.9383379608338713,0.04237514717083908
id18571,0.014838706710637077,1.2642325364164934e-05,0.9851486509639987
id05804,0.00039142209773290754,0.99938042704741,0.00022815085485710602
id11867,0.003200948371733972,0.002922562784452046,0.9938764888438141
id10286,0.8414502176785603,0.0002889178843099434,0.15826086443712978
id22020,0.9401780129626262,0.009139162502750587,0.05068282453462324
id25835,0.005088604468622076,1.4506479897116057e-05,0.9948968890514808
id06583,0.9553896620170306,0.017400245938887244,0.027210092044082198
id21403,0.0021280771735206544,0.9978620312158735,9.891610605843762e-06
id26730,0.9999951263287663,4.558074236609009e-06,3.1559699716137074e-07
id06873,0.9932719945842834,0.0019201050495361042,0.004807900366180451
id03552,0.9999995266214743,4.452349835378262e-07,2.81435422117211e-08
id05607,0.07740466204935538,0.03705868184603784,0.8855366561046067
id26395,0.012641480383178872,0.00020338540182222764,0.9871551342149989
id02844,0.8190009825200122,0.05485877958649057,0.12614023789349726
id19710,0.07619331486006535,0.8709155484729667,0.052891136666968035
id17076,0.9031399023298589,0.051329795304001315,0.0455303023661399
id14070,0.9818243024975198,0.0017712479229062047,0.016404449579574005
id17106,0.8285981315301576,0.015026177894022066,0.15637569057582032
id24689,0.9830303230348663,0.0026976441510002873,0.014272032814133449
id03718,0.13537287310338667,0.048367462964186335,0.816259663932427
id03957,0.9926879965406883,0.006494553022067654,0.0008174504372440032
id18995,0.0069187553509610904,0.9929038539655517,0.00017739068348722844
id11668,0.7894916471953427,0.05176413657605675,0.15874421622860058
id15721,0.9879731591303856,0.010297587955373168,0.0017292529142412742
id10379,0.00047948576652019056,0.9662716367403876,0.03324887749309219
id15009,0.4822872805045806,0.05291538747764975,0.4647973320177696
id11339,0.03611271754711906,0.96373284879778,0.000154433655101006
id18532,0.0030922702540546426,0.9948035162948673,0.002104213451078114
id16469,0.7950258317432864,0.003744400921566912,0.2012297673351467
id22464,0.014808487954351477,0.9851837495440879,7.762501560486348e-06
id06314,0.008432333292679256,6.600195222813157e-05,0.9915016647550927
id27085,0.9557442355601685,0.0015385286328117049,0.04271723580701978
id14452,0.9994774717125298,0.00013489087141565568,0.00038763741605467083
id14939,0.8001879878202304,0.13849174503706638,0.06132026714270332
id20094,0.7140319333705093,0.11817785918765109,0.16779020744183964
id23077,0.909408422008634,0.02429292033208633,0.06629865765927972
id17527,0.9569539626771582,0.03754800418038795,0.005498033142453884
id14895,0.689937278295198,0.2719125609101984,0.03815016079460364
id22577,0.002705678134245253,3.5386755888140115e-05,0.9972589351098666
id16111,0.05311345684813797,0.9449018791370023,0.0019846640148598275
id21649,0.18271548661546386,0.17324014867888027,0.6440443647056558
id22954,0.9607818274712786,0.037388318930430056,0.0018298535982913468
id12624,0.0006157751826836368,0.005044491059443751,0.9943397337578727
id05737,0.9871639036505,0.0020220849627453023,0.010814011386754745
id23937,0.07293505187142507,0.010883254493059692,0.9161816936355153
id06620,0.0002342176858585487,0.003704778789189088,0.9960610035249524
id18650,0.023990712120000608,0.052598697625906764,0.9234105902540927
id09656,0.9686393246522704,2.618838670799078e-05,0.03133448696102164
id10285,0.9616211371958685,0.028769807429951198,0.009609055374180378
id05729,0.0015766789831696355,0.002339894302758637,0.9960834267140717
id00102,0.0018335525775834331,0.10477443320271068,0.8933920142197059
id26276,0.0009508886284101284,0.3264589021153008,0.672590209256289
id12620,0.9415398189658665,0.05828162649764228,0.00017855453649134786
id17949,0.9969849806396505,0.002379132552220017,0.0006358868081294872
id15708,0.0013480890816424636,0.9986429310347401,8.979883617480036e-06
id18300,0.11390233815904925,0.00021200575500899844,0.8858856560859417
id04039,0.9281204559757172,0.046816279730841015,0.025063264293441846
id12158,0.9973250940394485,0.00195343981915406,0.0007214661413974741
id23197,2.5157286183792345e-05,0.9968648096539321,0.0031100330598841427
id25384,0.890133490142611,0.09863021461764818,0.011236295239740842
id09070,0.013769291543845211,0.020428209221891157,0.9658024992342636
id27734,0.9183643222133355,0.008416376408822914,0.07321930137784165
id27332,0.13393967340337282,0.6919738824553261,0.1740864441413011
id00973,0.9951249282344251,0.0019744871970530467,0.0029005845685218623
id26625,0.028367163476215485,0.9587115007335619,0.0129213357902226
id24578,0.03585456103418583,0.9629789094165656,0.001166529549248604
id05423,0.008746882983660937,0.9783778107495243,0.012875306266814733
id19124,5.886603079365738e-06,0.9999830564384621,1.1056958458553058e-05
id00946,0.9826272198045253,2.252993957923701e-05,0.017350250255895594
id19229,0.8149539466637237,0.17542777345094795,0.009618279885328446
id05311,0.04167587843893913,0.9318806043761647,0.0264435171848962
id03289,0.8147820433651406,0.18178280101778216,0.0034351556170773186
id17758,3.4506976400746115e-05,0.9989347248284798,0.0010307681951195222
id24336,1.8624774490334676e-09,0.9999999007016344,9.74358882921982e-08
id00603,0.020995602361343967,0.0021991769212416266,0.9768052207174144
id26467,0.32096515134921805,0.22983114096735616,0.44920370768342577
id27835,0.012466724375354002,0.001590624212196682,0.9859426514124493
id06861,0.23419938653585923,0.024448480898064492,0.7413521325660762
id23847,0.0005474541784165987,3.839005024730126e-07,0.999452161921081
id06174,0.1267785820003739,0.8731923595480986,2.9058451527559464e-05
id10968,0.9802957511063946,0.008993898455226045,0.010710350438379371
id10881,0.9800110505537512,0.0036434678698223696,0.016345481576426523
id03204,0.0016378621527593279,0.9975129659659501,0.0008491718812905867
id21921,0.500678880481737,0.4745843206165549,0.024736798901707883
id06539,0.9594702149096141,0.027480925018393044,0.01304886007199283
id08880,0.017807651692600568,0.4850735348009178,0.49711881350648174
id14725,0.18427830262651188,0.0002999211486905721,0.8154217762247975
id26107,0.002307794413087092,2.329031299812112e-05,0.9976689152739149
id07874,0.0053950117674882074,0.9946034650099853,1.5232225264544555e-06
id23638,0.9896109167779628,1.840993663864043e-05,0.010370673285398676
id13498,0.001798345808103067,0.0004516948242983764,0.9977499593675986
id18940,0.0001257527921385284,0.0004044782122258168,0.9994697689956357
id02120,0.8849328387124549,0.1013513910918859,0.013715770195659258
id26663,0.9108657584544195,0.00610480614909979,0.08302943539648067
id20127,7.379557034580427e-08,1.6544222619536476e-05,0.9999833819818101
id27922,0.6249552600984861,0.014212597436114428,0.36083214246539946
id15106,0.669137928982857,0.2584333971769363,0.07242867384020671
id22158,8.693206078096216e-15,3.5223001296189473e-14,0.999999999999956
id17029,0.0010542821703338392,0.9989246196656779,2.1098163988196202e-05
id02554,0.8810003448398508,0.07129969312263668,0.04769996203751254
id18454,0.006163477698139308,0.036278724816039214,0.9575577974858215
id09016,0.2864596299631474,0.0093158511215112,0.7042245189153414
id02307,0.9993069783050184,0.000343873963522633,0.0003491477314590545
id01650,0.02272513070441576,2.6385316943094642e-05,0.9772484839786412
id01254,1.2218194290027482e-07,0.9999998737365157,4.081541397153958e-09
id12921,0.004586806715438639,0.0013026850121953355,0.994110508272366
id05721,0.4572673251543608,7.689085226015441e-05,0.542655783993379
id05798,0.04878298694642062,0.9222834802429859,0.02893353281059356
id04417,0.000508079760336472,1.4628970656745676e-06,0.9994904573425979
id19620,0.9351714203717152,0.0410353188339815,0.023793260794303335
id22680,0.0059732967227598245,0.9938738192650179,0.00015288401222232772
id21992,0.2888511464939094,0.0007640336454741973,0.7103848198606164
id22823,0.002304381145842695,0.9976892808523323,6.3380018250143406e-06
id12750,0.729055411541343,0.08955511856576434,0.18138946989289267
id23220,7.011761484468429e-05,0.0019815195328722938,0.997948362852283
id11851,0.9493191712781838,0.019400525184414447,0.03128030353740174
id27438,0.9039117656929101,0.039933313170072135,0.05615492113701783
id00797,0.6018308775921918,0.0147590742002995,0.3834100482075086
id08593,0.9820258800527379,0.0001980281937930503,0.01777609175346907
id01042,0.006729259680684831,0.4193261375627061,0.5739446027566091
id19898,0.8516161026256333,0.11852574733078688,0.029858150043579914
id24615,0.0284855846874707,0.07907856865509405,0.8924358466574352
id18594,0.01912324494071816,0.0009735286153009114,0.979903226443981
id08534,0.006985587136987955,0.0008885170291763506,0.9921258958338357
id03889,0.9472703294329938,0.05272453754095929,5.133026046875189e-06
id04873,0.9999887039629172,4.865202427062443e-06,6.430834655794167e-06
id08264,0.9999040341092145,3.77065115473053e-05,5.825937923817255e-05
id10187,0.43941933882685436,0.020272739782360348,0.5403079213907854
id14278,0.018993646902828332,0.04929182034399221,0.9317145327531795
id22528,1e-15,0.9999999999999969,2.1547371160544105e-15
id07416,0.02286363787243369,0.9548966097704122,0.022239752357154044
id02857,0.5902308181402748,0.12712720311458167,0.2826419787451436
id03875,3.222523910187179e-06,0.9999904816931241,6.295782965747453e-06
id24437,1.0028439953894308e-06,0.9999415827323426,5.7414423662011305e-05
id24940,0.11302031029766771,0.8600718335040531,0.026907856198279193
id15070,0.16554520874454487,0.004320528619986435,0.8301342626354686
id14891,0.9507403798536234,0.04889849803600591,0.00036112211037072343
id02110,0.9998023883992339,9.257972314285767e-05,0.00010503187762332122
id24405,0.13674567050169512,0.04134905886152118,0.8219052706367836
id00373,9.869982392582503e-05,2.0105670489486595e-05,0.9998811945055847
id12728,0.9999999801512548,2.8364631633063064e-12,1.9845908702056414e-08
id18958,0.9964423605642576,0.0006630651210130487,0.0028945743147294123
id17443,8.67689699308457e-06,0.9999854159481442,5.90715486271021e-06
id03959,0.9907033482103832,0.00863400046549269,0.0006626513241241254
id13218,0.31197684936853964,0.002178468579216298,0.685844682052244
id01980,0.7808428450182324,0.19242569913437382,0.026731455847393587
id10697,0.9999968861913409,2.0539641304143484e-08,3.093269017825171e-06
id24816,0.8627853441740181,0.11874587733608215,0.018468778489899595
id00088,0.06789342432640187,0.0021894281109391322,0.929917147562659
id13846,0.07092078735859911,0.9277773364564426,0.0013018761849583188
id17597,0.9783104024802958,0.01151717819503997,0.010172419324664261
id09947,1.8765217119589795e-07,0.9999993273626219,4.849852068329325e-07
id12050,0.896284004062047,0.10166134288001448,0.0020546530579384926
id24060,0.00020692910787116278,8.276825257223716e-05,0.9997103026395566
id19942,0.991387589927963,5.486294129903967e-05,0.008557547130737909
id06541,0.3843927075367172,0.6153680818189776,0.00023921064430517452
id05746,0.9998059942809467,0.00015087748909105306,4.3128229962198946e-05
id13577,0.06555763136110893,0.31371492205342777,0.6207274465854633
id11877,0.00015766057504342456,0.9998422813891165,5.80358401563453e-08
id19491,0.6612864814220859,0.18834607054611716,0.15036744803179686
id11352,0.02219010877204549,0.0010572604105944822,0.9767526308173601
id12791,0.9955600918970421,0.0002619872409923262,0.004177920861965502
id05282,0.06446315091668525,0.025003593350627105,0.9105332557326876
id26833,0.992210933310469,0.006982829394152982,0.0008062372953781137
id00580,0.06654879406357597,0.0008237932389282539,0.9326274126974958
id01236,0.024045765220109414,0.0003252916629407668,0.9756289431169498
id05455,0.15923700235160088,0.8131032444009756,0.02765975324742354
id00069,0.0010888583527744356,0.9980648455393951,0.0008462961078304911
id01605,0.99679411411546,9.07650905043831e-05,0.0031151207940355486
id17737,0.9969256212156258,0.0003316226873522161,0.002742756097022068
id11315,0.012539496270873654,0.027250941742806862,0.9602095619863196
id24044,0.12894682085440864,0.20547658314068373,0.6655765960049077
id18677,0.9986220950387384,1.4864225861167648e-05,0.001363040735400417
id17678,0.9848307836709976,0.011005095201441198,0.0041641211275611255
id21528,0.9982881611356329,0.0013351505169194517,0.0003766883474476666
id21985,0.5565796278489044,0.3423913793899753,0.10102899276112041
id12860,0.5017122076788854,0.3383516004816404,0.1599361918394742
id08793,0.9982969876635779,0.0008137770285660333,0.0008892353078561446
id09245,0.985552135986656,0.013655024352998871,0.0007928396603450473
id12523,0.03105408705907363,0.0051415725712769264,0.9638043403696495
id07158,0.01369073992551947,0.9773923258243213,0.008916934250159226
id03473,0.0014657064161514252,0.9974742147466643,0.0010600788371842684
id05999,0.99997750956848,7.089138384411356e-06,1.5401293135651044e-05
id02469,0.7774250599246988,0.06926477375011517,0.15331016632518607
id16675,0.005313562855558471,0.0054858413211357916,0.9892005958233058
id20508,0.00017220245513486755,1.8588984269661646e-06,0.9998259386464382
id12669,0.9998987958438843,3.063321932475218e-05,7.057093679096001e-05
id22277,0.1309761733393555,0.0432605782496651,0.8257632484109795
id00355,0.0011153442260959424,0.01565344539515252,0.9832312103787516
id24427,0.0034611698944031063,0.9959439689366296,0.0005948611689672575
id19241,0.3765656617917999,0.5911254070683987,0.03230893113980149
id26301,0.048620289436345866,0.21265016991950542,0.7387295406441488
id09404,0.058359325522525554,0.9355446027958492,0.006096071681625352
id14347,0.9650749083324428,0.006321504187294738,0.028603587480262444
id06898,0.9998815467104181,8.105086842664282e-05,3.740242115522333e-05
id08750,0.9469036886496586,0.004465281413469799,0.04863102993687166
id13572,0.9826581220631522,0.006734495142781571,0.010607382794066225
id08731,3.524168873879013e-06,0.9999502440504188,4.623178070748164e-05
id20124,0.9962874867138946,0.00032981092735397555,0.003382702358751488
id14276,0.002427327546316918,0.014759397343278724,0.9828132751104044
id13035,0.999600349433849,0.00031502514302378,8.462542312724525e-05
id24056,0.00047754414144921616,3.2700906641576255e-06,0.9995191857678867
id21132,0.9999808357572386,1.915850629294035e-05,5.736468420999749e-09
id21465,0.28794321326954375,0.005247681276473064,0.7068091054539831
id27148,0.00037649683804452005,0.9996209180522954,2.585109660061561e-06
id14482,0.7750718160088548,0.02753853572286664,0.19738964826827857
id17950,0.9603374466891048,0.03250672286288311,0.007155830448012086
id15233,1.7854105206031557e-09,0.9999999415145366,5.670005284892509e-08
id11794,0.1141000921769387,0.009657231252328249,0.8762426765707331
id27227,0.022302949222003664,0.9608722810693917,0.016824769708604526
id13093,0.12094656756973733,0.8730749506370685,0.005978481793194131
id12869,1.3277567381268081e-07,0.9999992786507473,5.885735789173945e-07
id01256,0.9577761779455273,0.027116268416376904,0.015107553638095858
id00934,0.2720650644881055,0.07956685926488281,0.6483680762470116
id00121,0.23482604435138615,0.6201872135093452,0.14498674213926865
id11054,0.0002211364818477973,0.9996382007821545,0.00014066273599769782
id02573,0.9726657432742666,0.0015850806709863446,0.02574917605474705
id13626,0.6928835685677182,0.1424190874563369,0.16469734397594493
id25047,0.4195915196582285,0.5381008228491355,0.04230765749263592
id04465,0.00041594374522417105,0.9995830771489422,9.79105833584714e-07
id09344,0.004465185952921772,0.002863462383617119,0.9926713516634611
id24254,2.7453575873932817e-09,0.9999999903836391,6.87100328627062e-09
id04266,0.0073919370033711,0.00742578206522439,0.9851822809314045
id19734,0.07220784155832032,0.026299267238501126,0.9014928912031785
id13127,0.9952040347697455,1.7927469801784955e-05,0.0047780377604527005
id27066,0.05858138618689758,0.000308825390126397,0.941109788422976
id13629,1.3799077818453136e-05,1.1708739976437017e-09,0.9999861997513076
id26484,0.9879214923167117,0.00425225647871539,0.00782625120457303
id02074,0.7017930403948014,0.00044408254132859485,0.2977628770638701
id24688,0.9694820132030922,0.026590327482954687,0.003927659313953103
id17455,0.0015032435432075623,0.9984795594205743,1.719703621820019e-05
id14980,0.9999462756171429,2.1596992488055754e-06,5.156468360841824e-05
id15840,0.9917661517567566,0.0008419334315374785,0.007391914811705875
id20440,7.947200949163525e-06,0.006100854184927657,0.9938911986141232
id25262,0.9999998506407951,3.136870788309726e-08,1.1799049708600466e-07
id20395,8.534563845390562e-05,0.9998050464555739,0.00010960790597226606
id14332,0.0103456024139387,0.9824540659768894,0.007200331609171965
id07118,0.44063989993188424,0.03692569214265049,0.5224344079254652
id26424,0.9999243818173106,5.594197302837959e-05,1.9676209661104375e-05
id21308,0.7273453553550272,0.02370748284063626,0.24894716180433646
id21688,0.01022626723073686,0.0003544213663067767,0.9894193114029564
id09581,0.020779481896324913,0.9769137824109722,0.0023067356927029482
id27297,0.9211722551529994,0.07761574553333402,0.0012119993136665412
id20086,0.07596844432543422,0.8539883552720818,0.07004320040248392
id03762,0.0022309139507371047,0.9977682090672151,8.769820477895847e-07
id10789,0.8996643604552969,0.0038313309031927176,0.09650430864151044
id18058,0.06533377630162204,0.1396486703319242,0.7950175533664539
id01701,0.9986398368042968,0.0007074175173486258,0.000652745678354621
id17232,0.02758853747615591,0.9719286424630909,0.00048282006075307804
id23541,0.3532720139759892,0.0019944289509139586,0.6447335570730969
id20699,9.74734543916632e-10,0.9999999990240322,1.2333265511073571e-12
id06657,0.00011527469621091462,0.22290063026592835,0.7769840950378607
id13807,0.09609164606949037,0.010234297963835468,0.8936740559666742
id18344,0.3671574757990301,0.5924863045124561,0.04035621968851389
id09363,0.5174885679494294,0.05861972048673148,0.4238917115638391
id12470,0.0017416108844254068,0.9979552872944584,0.00030310182111630793
id13430,0.9991396412741106,0.00012026373813141378,0.000740094987757905
id13549,0.04399886025524665,0.0015820851025250165,0.9544190546422283
id24423,0.942844787502978,0.055708573690157435,0.0014466388068646201
id15402,0.558438429812931,0.01945895479184247,0.4221026153952265
id22070,9.299132432155616e-06,0.9999880765146487,2.624352919143838e-06
id05977,0.9988469420996338,0.0011283303503292709,2.4727550037045975e-05
id18772,0.6516310041625882,0.0027532965302861814,0.3456156993071256
id11214,0.025644065731644593,0.9740743696309666,0.0002815646373888448
id01263,0.9583001057248056,0.011930229153157695,0.02976966512203676
id03187,0.6508764888827487,0.3413762923788209,0.007747218738430377
id07817,0.9988235450769952,0.000559600911587698,0.0006168540114171104
id08796,0.04299396753529118,0.9260777646653746,0.030928267799334264
id02347,0.21161974800069222,0.0016220996905073701,0.7867581523088004
id08989,0.00912142464307215,0.00011898084109503732,0.9907595945158328
id24462,0.4024605686388464,0.5552402863699638,0.04229914499118971
id05147,0.019066363538815394,0.0007479729015894889,0.9801856635595951
id26389,0.0006670917607353409,0.9518917637709838,0.047441144468280835
id12300,0.019394738156313963,0.005762106264208756,0.9748431555794773
id06273,0.942029474164116,0.006669096006301259,0.051301429829582745
id27453,0.0465326132121796,0.8820182368882366,0.07144914989958388
id19255,0.9269352164835047,0.03844993577511951,0.03461484774137583
id22593,0.816094654403445,0.010189541422730188,0.17371580417382476
id07089,0.9999917383956519,1.0468292219058868e-06,7.214775126208286e-06
id22379,1.0645787856464673e-05,0.9999848392819924,4.514930151097602e-06
id22024,0.9941137404112879,0.002736087714101033,0.0031501718746111875
id25541,0.09111500345506435,0.7658172711906065,0.14306772535432927
id10216,4.7391361606900574e-07,0.9999995208412724,5.245111664830351e-09
id07493,0.9997319192042855,0.0002676019724056282,4.788233089233828e-07
id25552,0.7994594796468559,0.06327440036122871,0.13726611999191535
id21244,0.9820451518893487,0.0021183260687325386,0.01583652204191873
id17278,0.0031284872636900716,0.988395648479748,0.008475864256561855
id14850,0.5987629270810387,0.3853999583278599,0.01583711459110131
id21434,0.003377538387677905,0.02048260974087045,0.9761398518714517
id22924,0.9977777496163268,0.0005354322610158758,0.0016868181226573128
id17321,0.9091175451432186,0.04777023423634684,0.043112220620434544
id04319,0.9612432168004188,0.010943856654953498,0.027812926544627775
id09823,0.31061047937279695,0.675730079672269,0.013659440954934201
id03485,0.00037548006553582154,0.9976339342222098,0.001990585712254436
id12138,0.9682854573927614,0.01913093993025259,0.01258360267698602
id00196,0.004009809593909438,0.008737769306852342,0.9872524210992383
id07822,0.16096619994863115,0.07289145593823429,0.7661423441131345
id21775,0.014747578948206897,0.0076933433533313755,0.9775590776984617
id13407,0.43245871435887395,0.0006732133826029773,0.5668680722585231
id12430,0.0011239636486146101,0.9988429613141916,3.3075037193839924e-05
id23691,0.9999550008171457,3.994577944364522e-05,5.053403410663423e-06
id17641,0.0012266547355149918,0.9983413007172238,0.0004320445472612225
id09125,0.00020755158269528923,0.9970526157656551,0.0027398326516497175
id18512,0.7730092931378274,0.018180270019900992,0.20881043684227157
id01639,0.22921406059828958,0.5711405963438451,0.1996453430578654
id06860,0.002709082144188499,0.004436097707802941,0.9928548201480085
id25534,0.9988390521662976,0.0011128689497483296,4.8078883954027105e-05
id13546,0.9961896414962489,0.0032969131115473836,0.0005134453922038186
id10032,0.8533571248475522,0.012946026053303838,0.13369684909914398
id05228,0.0580901000311111,0.13359332636789073,0.8083165736009982
id24992,0.001222023134760093,0.00025752008863624457,0.9985204567766036
id14168,0.9999864135483064,1.1900903547237045e-08,1.3574550789939859e-05
id20747,0.9802618803968974,0.006523174235455316,0.01321494536764723
id16986,0.996723201888281,0.003075568835071739,0.0002012292766473121
id11226,0.5980551558945114,0.36240083277748014,0.039544011328008465
id13998,0.9952651749605734,0.00015483154700897232,0.004579993492417566
id15169,0.9989356810934051,0.0007204204696316152,0.0003438984369632072
id00737,0.9586307244137817,0.001900825759145411,0.03946844982707283
id24476,0.9575527862860768,0.0012366265997940742,0.04121058711412918
id03044,0.8025830478885978,0.01605999040398081,0.18135696170742152
id26746,0.9875938110489317,0.008826937688918445,0.0035792512621499167
id10776,0.5213402237066558,0.012358952729036273,0.46630082356430785
id06266,0.0018585444755170608,0.00018044164158469874,0.9979610138828983
id13362,0.5510020101060981,0.4489928881962839,5.101697618123022e-06
id09335,0.987315049289727,0.0024157340849334276,0.010269216625339495
id15894,0.14329320598306997,0.8241760569984318,0.03253073701849832
id15866,0.023636309767123474,0.0011834678911170037,0.9751802223417596
id25763,0.49069263587903805,0.19343751651568694,0.315869847605275
id01091,0.0003379341185869369,0.9996330275060406,2.9038375372576357e-05
id11647,0.9839719625435986,0.015202841883497648,0.0008251955729037876
id19671,0.002146792543719142,0.15146952176588896,0.846383685690392
id18007,0.00036709957240902086,0.007540772529254085,0.9920921278983369
id01473,0.6445903815857071,0.30640083983343575,0.04900877858085715
id07169,0.06579357696965193,0.016384653752865515,0.9178217692774825
id05484,1.8175039017737252e-07,6.015747703996075e-07,0.9999992166748394
id18452,0.9039564832654426,0.09353576339916939,0.0025077533353879845
id27490,0.5949513319068279,0.38892258928598594,0.016126078807186153
id11050,0.5739353233257237,0.3302796800505552,0.0957849966237212
id07588,0.017957472405915248,1.9774775950181907e-06,0.9820405501164897
id21194,0.9999998409838597,1.4517544084399163e-07,1.3840699411036202e-08
id07282,3.320312911710685e-05,1.03891342547048e-07,0.9999666929795403
id03652,0.9974295938901961,6.902363909020206e-07,0.00256971587341296
id04009,0.00035192395201550075,0.9814847925383936,0.01816328350959082
id27188,0.9417711690078919,0.01329099498991544,0.0449378360021927
id19554,0.7314680563593793,0.00014027598706748898,0.2683916676535533
id04072,0.9971824842288782,0.0006652511357873881,0.0021522646353343902
id19023,0.5724513047961397,0.39917311131594246,0.028375583887917735
id08801,0.0017999185673084144,0.0016251994506463199,0.9965748819820452
id08893,0.6230851986043935,0.0094835979237937,0.3674312034718128
id03644,0.0009427100832164863,0.9975759687864875,0.0014813211302961708
id00579,0.6153484139270056,0.007568167903176371,0.377083418169818
id15631,0.9003535682940078,0.09887621903752111,0.0007702126684711627
id07828,0.6879251699214367,0.25465801611171834,0.05741681396684508
id00411,0.009331033738003792,0.9819856702230374,0.008683296038958798
id26553,0.90184805995063,0.006239968231549861,0.0919119718178202
id05221,0.020991970339747736,0.00012004726805402858,0.9788879823921982
id20958,0.9684281431673001,0.023190400305853103,0.008381456526846905
id19691,0.9951363135490463,6.174145365899687e-07,0.004863069036417038
id10400,0.999973417156306,1.5172494687235497e-05,1.1410349006756232e-05
id16157,0.00380734813026765,2.0840521841566067e-05,0.9961718113478908
id26110,0.010309777126201895,0.9886414867729066,0.0010487361008915436
id26270,0.5641150433314479,0.4245741272495368,0.011310829419015235
id04157,0.9977488515688583,0.0021006528003340214,0.00015049563080770002
id24711,0.0975870270190747,0.004707304608249513,0.8977056683726758
id05534,0.34612175310036647,0.01995317592097559,0.633925070978658
id21712,0.3305859497861775,0.4946343107549591,0.17477973945886338
id03280,0.012393848223624335,0.0012057728449746273,0.9864003789314011
id14997,0.08980964461943616,4.5503986476090035e-06,0.9101858049819163
id21964,7.4880045121549465e-06,3.5063351895975743e-07,0.9999921613619689
id20963,7.987325240456879e-08,1.937432340642882e-09,0.9999999181893153
id08635,0.31098392047340306,0.6595546787319515,0.02946140079464547
id16390,0.06838595912832143,0.6135796988016117,0.3180343420700669
id16486,0.8182616396761265,0.013173139104361261,0.16856522121951228
id14367,0.0009380234645440068,0.4579050863040337,0.5411568902314223
id10560,0.9999480996833559,3.033674947019366e-05,2.1563567173999325e-05
id14106,0.8271650087984062,0.03303873084943494,0.1397962603521589
id09668,0.9947949490455281,0.0006134618481180471,0.004591589106353825
id18250,0.9997902058841861,2.737329274265464e-05,0.00018242082307128474
id26648,0.9875935873886555,0.0037755919127644894,0.008630820698580063
id27314,0.9545946838477735,0.007061021583636673,0.038344294568589954
id04581,0.012390184443137033,0.04842517223380484,0.9391846433230582
id06405,0.8391720734754199,0.15196847516829548,0.008859451356284681
id17908,0.004447325136439439,0.00046379418950971707,0.9950888806740509
id07217,0.1073518954831612,0.2295860968176931,0.6630620076991457
id17285,0.023209181955048397,0.0002648494759259101,0.9765259685690257
id19589,0.9667354105859557,0.028678325859256813,0.004586263554787595
id15916,0.7503487794635724,0.055106338124252294,0.19454488241217532
id26239,0.9988576021241529,0.00013943373930860753,0.001002964136538621
id20163,0.9994612447529075,1.6670786478195118e-05,0.0005220844606142626
id22845,0.0045953137295168004,0.19212018345497797,0.8032845028155052
id11509,0.6247730480582185,0.13259891051806771,0.2426280414237138
id26789,0.9372082474602602,0.06206075351174825,0.0007309990279916163
id24679,0.9582081950405841,0.015180191882774082,0.02661161307664181
id19832,0.9999803744184109,5.958822883219816e-06,1.3666758705863917e-05
id11724,0.9224144662129172,0.018477126937524645,0.05910840684955813
id01539,0.9447402857547366,0.0005548601593698131,0.05470485408589366
id22039,0.33258995964487725,0.5452062496245216,0.12220379073060118
id07621,4.304932249692407e-05,4.9367724999889035e-06,0.9999520139050031
id16398,0.00012542831881994223,0.9998739674417899,6.042393901381208e-07
id15932,0.6714088480093194,0.07600345269571512,0.25258769929496555
id17054,2.5120871553628767e-06,0.9999974653209727,2.2591872020458463e-08
id23487,0.8079887697264971,1.1698834493726157e-05,0.19199953143900916
id16099,0.0016556089498551494,0.9979551765385841,0.00038921451156074453
id25225,0.9972013214565293,6.8926601640477e-05,0.00272975194183033
id18173,0.0895205925935681,0.7329104524436931,0.17756895496273886
id24856,0.9999065696468801,5.144797141568504e-05,4.198238170429456e-05
id14760,0.0019056845065537097,0.24568913102701706,0.7524051844664292
id25291,0.5585106203407472,0.44088410069167133,0.0006052789675814264
id16267,0.9258967573136596,0.0003743063886861195,0.07372893629765435
id07922,0.012457229201287471,0.00018168855347114985,0.9873610822452414
id20870,0.83503026339126,0.0052304577151174566,0.15973927889362263
id21780,0.38776406154815624,0.3030407161111496,0.3091952223406942
id21309,0.44024989792861735,0.29793503355880246,0.26181506851258024
id05849,0.8756789395192616,0.09739336322688437,0.02692769725385406
id16246,0.013983470526277901,0.002885319951730924,0.9831312095219912
id25081,0.00024605693978679805,0.9996335578404844,0.00012038521972894235
id06468,0.20033739180322932,0.7969373252752805,0.002725282921490007
id13842,0.5359016292994289,0.38154200572524377,0.08255636497532731
id23976,0.0126580245572628,0.0031731903622084128,0.9841687850805289
id25649,0.9991442273588617,2.502046549406178e-06,0.0008532705945889388
id26815,9.960899897931811e-06,0.9999863867968992,3.6523032028912147e-06
id09343,0.003014161217463896,0.0008774395000888705,0.9961083992824472
id03120,0.14782687633712488,0.04989385770150424,0.8022792659613709
id16638,0.9007518935655608,0.00024987364797361206,0.09899823278646558
id18625,0.0001868772603752096,1.076083836623546e-06,0.9998120466557882
id01679,0.5000837271783178,0.014060063762727237,0.4858562090589548
id17137,0.006440975839506398,0.993410761434885,0.00014826272560855395
id14684,0.0004278834371483279,6.689369895889013e-05,0.9995052228638928
id01671,0.5275241849634743,0.2493279446839223,0.22314787035260347
id27271,0.6290002825596723,0.049375244868547566,0.3216244725717801
id16321,0.999999999214286,4.837101809155444e-10,3.0200388822531315e-10
id07468,9.340772771350218e-06,0.9999895342617465,1.124965482109952e-06
id20777,0.0012937841542955684,0.0017795338484156596,0.9969266819972887
id26036,0.875547772515962,0.03131329168734827,0.09313893579668966
id23135,0.006220261387465994,0.00232092827945518,0.9914588103330789
id07669,0.00021942882849632274,0.04207770651421131,0.9577028646572924
id00142,3.3482513128365436e-05,0.9999621190313999,4.398455471721137e-06
id12357,0.9931483424000419,0.00015596580060321677,0.0066956917993549366
id08890,0.01377634538799286,0.22685596547785752,0.7593676891341496
id21379,0.0007485345917198919,0.9992480444276358,3.4209806443324922e-06
id12099,0.8033963762409485,0.0004597226469207702,0.1961439011121308
id06503,0.483449843625604,0.0350141970370328,0.48153595933736326
id14408,0.056605402500453914,0.9402192365602664,0.0031753609392797507
id17370,0.8253667381463428,0.16236217472041542,0.012271087133241836
id25432,0.9964919987999987,0.0024431498551590763,0.0010648513448422647
id10132,0.22647807792578425,0.009789691051890176,0.7637322310223256
id27069,0.0010963851477410135,0.9664987869511199,0.03240482790113914
id11515,0.6750919828403456,0.22228189688149694,0.10262612027815742
id01323,0.9987208525691826,0.0003376735998691666,0.0009414738309482244
id22520,0.00012539332086329262,0.0005336914718244066,0.9993409152073124
id03293,0.0022857260365807056,1.0947783750458683e-05,0.9977033261796688
id19708,0.036207595253270636,0.0007461650932611768,0.9630462396534683
id22346,0.9000171733231452,0.08395264378024798,0.016030182896606845
id27744,0.9985500412719984,1.3456522268659106e-05,0.0014365022057329089
id04004,0.9051934680447601,0.05843856960320141,0.03636796235203854
id09476,0.9980868555368554,0.000908223875893954,0.001004920587250695
id01582,0.004612671144891976,0.002057711977300065,0.993329616877808
id23782,0.5114307219129387,0.12683856142462935,0.361730716662432
id03403,2.9139994894245584e-05,0.0010165677078978002,0.998954292297208
id11119,0.009194347132479639,0.9903270325561665,0.0004786203113538846
id16681,0.807764007719811,0.19130088831856765,0.0009351039616211556
id16399,0.9999950025773405,5.134480274411994e-07,4.483974632045775e-06
id22630,0.9478111894516013,0.03206884952293979,0.020119961025458946
id27950,0.7400610339537063,0.054263048850234766,0.20567591719605902
id00046,0.9933766195416388,0.00136735514229339,0.0052560253160678
id25556,0.08650092463288052,0.23063575659859653,0.682863318768523
id16039,0.9992867330607876,0.00038732191897048065,0.00032594502024180477
id09110,0.9999962123703062,3.944122230719276e-07,3.393217470687834e-06
id19881,0.9777994140705143,0.0199640967602707,0.0022364891692150586
id21735,0.9960533094820363,0.000515339475639883,0.0034313510423238202
id02023,0.9999753216870659,3.4938864381020398e-06,2.1184426495994533e-05
id01230,0.0063600806056252675,0.9932344182873156,0.00040550110705906946
id14916,6.478351015887667e-05,0.001549882475630422,0.9983853340142108
id04944,0.7045341440659854,0.23391742049677738,0.06154843543723733
id04349,0.011625744191647467,0.0010930355729779828,0.9872812202353746
id22580,0.0031084215180024934,0.9925795915367036,0.004311986945293918
id00343,0.3952357080903921,0.5829902539878864,0.021774037921721445
id14218,1.5962066596159587e-05,0.9995070341819299,0.0004770037514740327
id10546,0.9941516513595785,0.005637492888334205,0.0002108557520873638
id05627,0.022246827315408224,0.00029139957215715365,0.9774617731124347
id13735,0.005829085106172413,0.9913998344279321,0.002771080465895574
id01525,0.008932201843619529,0.07260026466330737,0.9184675334930731
id25242,0.5982141604957951,0.03249732761852403,0.3692885118856809
id17077,0.45094856865896943,0.028133319450815018,0.5209181118902155
id05672,0.5362869997989337,0.4509962016443525,0.012716798556713716
id22404,0.04403865420920302,0.9552542096548223,0.0007071361359747234
id25704,0.0032961547952095513,0.83976498063022,0.1569388645745705
id00903,0.9999999861276563,1.3838961978705137e-08,3.338182673689529e-11
id15496,0.9024034825066203,0.0884278321157559,0.009168685377623787
id09903,0.038081209021570854,0.0010791707251948004,0.9608396202532343
id03419,0.99192457466478,3.747745576281601e-05,0.00803794787945719
id06647,0.7977334705018495,0.0034754526420910977,0.19879107685605932
id16700,0.0010703432584620485,0.9987803782520873,0.00014927848945072754
id08983,0.9448426388343436,0.020918406063167194,0.034238955102489206
id20782,0.8762541410577628,0.06618199690535356,0.05756386203688364
id24494,0.9671522321724497,0.02731928030307525,0.0055284875244750184
id10495,6.067390879522049e-06,0.9999936384851267,2.9412399381845445e-07
id21262,0.3333385643298076,0.00039730528340058385,0.6662641303867919
id25689,0.006820918559028149,0.0013431292323272724,0.9918359522086446
id03705,0.02772356880337137,0.03711476958263865,0.9351616616139901
id01187,0.005247746840943178,0.9944496488381954,0.0003026043208614081
id24649,0.8387528203761102,0.13603360955904795,0.02521357006484191
id12629,0.00417803843002527,0.00021143041951762344,0.9956105311504571
id15211,0.0029782137953578555,0.9958929070445577,0.0011288791600844506
id13170,0.05397705545979632,0.08332160946850521,0.8627013350716985
id14801,0.9336064568547754,0.018022637274314874,0.04837090587090972
id18525,0.9828464126629226,0.003051701676119649,0.014101885660957799
id21963,0.9999520428097093,4.7807359224107855e-05,1.49831066559336e-07
id23746,0.01648636958795487,0.0031488317927623704,0.9803647986192828
id18216,0.02908984971468946,0.0032514020335794674,0.9676587482517311
id16493,0.003995940192244495,1.9020460340697528e-05,0.9959850393474149
id12987,0.0014908678291816802,0.9943738085890071,0.004135323581811149
id04814,0.5781726145085979,0.23067469528933002,0.19115269020207198
id18602,0.9466884166389,0.003259560980640248,0.050052022380459714
id23173,0.002187770422248407,0.9971130990346745,0.00069913054307719
id21165,0.2482020709615591,0.015666469443657724,0.7361314595947832
id26123,0.9987362678500834,0.0012009929425221735,6.273920739441834e-05
id22608,0.012235852677549548,0.00012063756597916936,0.9876435097564713
id21139,0.9984357857888517,0.0001875617722416412,0.0013766524389066273
id21853,0.014534519404147572,0.9846963473392863,0.0007691332565661569
id24128,0.9604900852836104,0.028238681798933324,0.011271232917456441
id15666,0.8736997978786278,0.10598580720546615,0.020314394915906104
id11552,0.01989046095591974,0.9791959899985604,0.0009135490455199658
id17621,0.06624563264703917,0.027423434074215255,0.9063309332787456
id20001,0.8457778688704545,0.13237058962072584,0.021851541508819676
id14166,0.6379103739740798,0.36113644293038794,0.000953183095532268
id24108,0.11884136774318403,0.8042454234614004,0.0769132087954156
id19871,0.0015810769529439113,0.9888014416013855,0.009617481445670593
id22361,0.0072643769250458025,0.005338692453382794,0.9873969306215714
id21065,0.05725863188967458,0.2573723579449212,0.6853690101654042
id20749,0.9994089780405575,0.00046671860704050133,0.00012430335240202743
id20898,4.613608513555171e-05,0.9999524208824898,1.4430323745707665e-06
id10398,0.030413746202021995,0.011436443031433924,0.958149810766544
id03578,0.47180247240595774,0.02734343331279383,0.5008540942812484
id25932,0.11509257554321514,0.004665695625935471,0.8802417288308494
id11133,0.01361983165290842,0.014077501510848732,0.9723026668362429
id15794,0.0374819497080844,0.9412706940065545,0.02124735628536109
id24479,0.9952912951152327,0.004145588346805885,0.0005631165379613334
id09563,6.093673865318762e-05,0.9993604272880761,0.0005786359732708346
id11279,0.0005011714602198146,0.972240954172941,0.027257874366839213
id26680,0.9962677537438476,0.0006371594196352159,0.0030950868365172022
id20529,0.13001560878714882,0.010701680170536281,0.8592827110423149
id11761,0.641618830001561,0.32009965857429945,0.03828151142413964
id02337,0.0004514742735907479,0.9994648434288361,8.368229757312679e-05
id04890,0.003553172996516863,0.0015309314342500512,0.9949158955692331
id15707,5.106385834614361e-07,7.444966970492593e-06,0.999992044394446
id26204,6.966697657288927e-05,0.09307238830611396,0.9068579447173132
id15611,0.9842752920176062,0.011508578682780822,0.004216129299612994
id17714,0.162848048063511,0.07830144650632102,0.758850505430168
id15392,0.9998625325243822,2.3441960455771692e-05,0.00011402551516199555
id14685,0.00038809576101616234,0.9990925170390328,0.0005193871999510175
id02508,0.19672597563492547,0.7710306084838893,0.03224341588118529
id12406,0.9789857258173528,0.013538203257632641,0.007476070925014609
id24096,0.0001550642830620848,0.999818206704284,2.6729012653854782e-05
id19837,0.9982570786754005,0.0004388272057616313,0.0013040941188378716
id25565,0.008514603216452466,0.0012540526637486297,0.990231344119799
id27598,0.9999927110639187,7.04193242406031e-07,6.584742838928908e-06
id26085,0.9674464189165772,0.011608256657636474,0.020945324425786414
id17400,0.003387558741142641,0.038242638393479654,0.9583698028653778
id04501,0.8778257245116045,0.034853968167004375,0.08732030732139115
id02468,0.00019881062743326293,5.8539465419060316e-05,0.9997426499071477
id07394,0.9868699655186925,0.0071148394195139604,0.006015195061793504
id18917,0.006569062083916538,0.9496544148774472,0.04377652303863635
id14083,0.9558823837660737,0.030349118078462675,0.013768498155463686
id22675,0.018168089557006748,0.00841012400303704,0.9734217864399562
id27343,0.010661273032112865,0.014349786099605974,0.9749889408682813
id23206,0.10196575601880485,0.6795191057740495,0.2185151382071457
id11105,0.008828564259930793,0.9908120623770378,0.00035937336303134816
id21017,4.091206718921313e-06,1.0705230759795441e-05,0.9999852035625213
id13716,0.5152653194972159,0.12882019217460963,0.3559144883281745
id00352,0.0003501066656121935,0.9905724463905202,0.009077446943867619
id12173,0.05549255369713367,1.7708396804040737e-05,0.9444897379060623
id15008,0.9750369615664242,0.01218736651278504,0.012775671920790826
id23347,0.225308799986114,0.0064436549556424715,0.7682475450582436
id23939,0.02362095021959512,0.17867659429642785,0.7977024554839771
id12090,0.5751220839304304,0.39119555512732773,0.033682360942241925
id08307,0.002355535317641218,0.9972252166095995,0.00041924807275932644
id21316,0.0059063697148654575,0.2126345183461494,0.7814591119389851
id16457,0.1073828477905816,0.0006762014799074057,0.891940950729511
id23808,4.868418373101309e-06,0.00016911283089438077,0.9998260187507325
id12826,0.00432724258965102,0.9956249630857219,4.779432462712167e-05
id16819,0.010707140686294374,0.007705487963212224,0.9815873713504935
id15128,0.0011441629117362004,0.9988498341868457,6.002901418067e-06
id14953,0.0014729295641961507,0.9956792244777182,0.0028478459580856754
id04083,0.9998763121451172,1.7909642790858526e-05,0.00010577821209196202
id00773,0.0005271041806313349,0.9993339838869267,0.0001389119324420179
id24585,0.15570568228261455,0.055914741338191076,0.7883795763791944
id01362,0.08978211348189295,0.0010477075807684285,0.9091701789373386
id04514,0.895079220148706,0.10267394127562693,0.002246838575667093
id19075,0.9999996151595316,3.7918411245606866e-07,5.656355986878769e-09
id06283,0.9649158822096905,0.02965032267394278,0.0054337951163667365
id19848,4.2257384743138366e-10,0.9999999995321225,4.530369742808742e-11
id02566,0.013146751907544748,0.9789309909404383,0.007922257152016915
id26973,0.16581475866470136,0.013101314745886125,0.8210839265894125
id09333,3.523664355280671e-11,3.763699670247186e-13,0.9999999999643869
id21745,0.007065592877165279,0.011431895814692535,0.9815025113081421
id27167,0.02467666494269857,0.9753038490438073,1.9486013494149198e-05
id08481,0.010865084588572129,0.9857677447835065,0.0033671706279213907
id19456,0.9994795239897465,0.0005195390970810694,9.369131724807634e-07
id01495,0.5096341835802775,0.40711653176846874,0.08324928465125377
id15069,0.4802402411671323,0.028173694289715386,0.4915860645431524
id18174,3.793752750386933e-05,6.410672656458848e-08,0.9999619983657696
id14450,0.00015465647462743586,0.04002461958878538,0.9598207239365872
id04149,0.0011285983927765274,0.9986357526396534,0.00023564896757003945
id10972,0.006503612936140971,9.879118201064682e-06,0.993486507945658
id05547,0.0018930861070663,0.7457545888401946,0.2523523250527391
id17670,0.029464393862247504,0.8065720246372969,0.16396358150045548
id04740,0.12747324215996214,0.027701631082949284,0.8448251267570885
id24842,2.566076190456483e-06,3.010641121596149e-06,0.999994423282688
id26895,0.29701678811774296,0.0021374634115884712,0.7008457484706685
id15591,0.8360065901200954,0.006554241884603439,0.15743916799530125
id20895,0.048263551840776936,0.9510552073077423,0.0006812408514808297
id11532,1.7891601127796187e-05,2.252245728344194e-05,0.9999595859415888
id16516,0.019856341675172178,0.0011229018225520542,0.9790207565022758
id14940,0.054033876365906744,0.8330352899981389,0.11293083363595431
id17152,0.9959866274689888,0.0029469690998237762,0.0010664034311875013
id12870,0.007886005617369757,0.9906251133380048,0.0014888810446254184
id17405,0.6560988210348901,0.08566163837364628,0.25823954059146353
id22274,0.0028107357756400383,0.9692785922308051,0.027910671993554785
id08337,0.04030263404209409,0.004636098660522915,0.9550612672973829
id19549,0.44263147329519176,0.004294487895006782,0.5530740388098015
id19195,0.9982233049772141,0.0017103508026945352,6.634422009139647e-05
id11564,0.9956478520676028,0.004263368086003392,8.877984639384628e-05
id26771,3.659611882864656e-05,0.027608847932860052,0.9723545559483113
id24955,0.010291013800356503,0.987617222373351,0.0020917638262924823
id22140,0.8853502902330496,0.003345352040271468,0.11130435772667907
id19920,0.07483531444777382,0.007257405503853844,0.9179072800483724
id09807,8.186179418930393e-08,0.9988937824727862,0.0011061356654196261
id27426,0.998336026016181,2.0820361425626037e-06,0.0016618919476764095
id22006,0.9999992463683794,3.1750001079162864e-07,4.361316097355013e-07
id10604,0.6971451059988693,0.14109643757045132,0.1617584564306795
id11017,0.5601754568861939,0.4184468830327858,0.021377660081020166
id14335,0.0004318644177368302,4.679772079474653e-06,0.9995634558101837
id08707,0.8929599440927253,0.011163261207868423,0.09587679469940637
id15869,2.736386486648106e-06,8.708886016903424e-06,0.9999885547274965
id20593,0.9939035981923073,0.0019693824530496867,0.004127019354643019
id07428,0.4070494477928617,0.5842685161572234,0.008682036049915019
id11527,0.48070707331677437,0.03025660591831365,0.48903632076491194
id14901,0.9999972195556228,4.6233000541635307e-07,2.318114371816004e-06
id19733,0.9996980382231022,3.5725132785183255e-06,0.0002983892636192276
id24677,0.00013379441702503932,0.9997624421689335,0.00010376341404147084
id26656,0.0007737619095406321,6.026262267416868e-05,0.9991659754677852
id11707,0.9998943506764113,9.768305263071627e-05,7.966270957987251e-06
id26218,0.00010056298473608885,0.9998970313973495,2.4056179143751e-06
id19262,4.273497108533878e-05,0.00018867862926980923,0.9997685863996448
id24905,0.20811420010887563,0.6290874242968013,0.16279837559432303
id09170,0.991781327145086,0.003272268386493701,0.004946404468420239
id05772,0.0005120769714716738,0.03699106808932592,0.9624968549392025
id25405,0.4614177658973872,0.09504340882615003,0.4435388252764627
id18491,0.002912621084940904,3.2119744173572816e-05,0.9970552591708856
id07780,0.647715085781709,0.1109380993701876,0.24134681484810347
id01689,0.1933266947691412,0.006196885698077085,0.8004764195327818
id17498,6.167898581457698e-07,2.1250407900644907e-07,0.9999991707060628
id19964,0.840459211298098,0.14528057894126473,0.014260209760637287
id14525,0.005477479248289863,0.003997843294679078,0.9905246774570311
id26363,0.06391432974940507,0.02267102769957035,0.9134146425510246
id07108,0.034409836965305425,0.0014447748161728485,0.9641453882185217
id11692,0.9968424817202235,0.002211178471086539,0.0009463398086899413
id10891,0.02699918606986794,0.7606431794707386,0.21235763445939354
id16743,0.0014595694125022506,0.9887460983217581,0.009794332265739652
id11556,0.9945001470303148,0.004991434773647914,0.0005084181960373551
id09116,0.4842849140717499,0.510020569343788,0.00569451658446208
id24015,0.206873103700184,0.12925843837314174,0.6638684579266743
id00347,0.07281916244425347,0.03113102498799058,0.896049812567756
id06284,0.00597111465902087,0.007569351306924678,0.9864595340340545
id18794,0.00011686424751821683,0.9993776304257979,0.0005055053266839003
id10702,1.264781200334273e-07,0.9999990892920092,7.842298706767967e-07
id19239,0.18254189333278945,7.586841155338364e-05,0.8173822382556571
id26016,0.9987865726824557,0.0008332693162185181,0.00038015800132569375
id26227,0.29277232376466494,0.18262218230027472,0.5246054939350604
id05367,0.10855790181072075,0.887020149170181,0.0044219490190981914
id09568,0.09928908012203111,0.0045616037789464004,0.8961493160990225
id04660,0.9469390271967888,0.0041737682665402105,0.0488872045366709
id04744,0.8378180947993747,0.0060963157275367615,0.15608558947308857
id07251,0.0002338609809549806,0.9995305494081571,0.0002355896108879283
id25977,1.4547174360614393e-05,0.9999642614740712,2.1191351568089495e-05
id06244,0.04868114288041788,0.040095568696364575,0.9112232884232175
id24560,0.003911132944654166,0.9960667037940313,2.2163261314550904e-05
id05091,0.021104153598573636,0.22862959638568925,0.7502662500157371
id27248,0.1938186218827789,0.6293740253493831,0.1768073527678379
id12528,0.09407837790334328,0.5910700206638485,0.31485160143280827
id27322,0.9997748035841131,0.00021884379202865293,6.352623858314693e-06
id27213,0.10903991808393927,0.00764759805695086,0.8833124838591099
id18588,0.990663906717991,0.0012674630671490048,0.00806863021486003
id14485,0.04218117766084736,0.03707372569156151,0.9207450966475911
id27475,0.09614213683210258,0.3002221685555937,0.6036356946123038
id02280,0.3185052619997856,0.5513448620246503,0.13014987597556413
id24083,0.13445277061137745,0.8640473565929445,0.0014998727956779228
id02321,0.001351324434455795,0.0003265668648728971,0.9983221087006714
id10299,0.00010375816997011489,2.1463187599233407e-07,0.999896027198154
id27680,0.990778628164015,0.002637530061650582,0.006583841774334462
id17607,0.0016224929738455417,0.004819329726518482,0.993558177299636
id06661,0.2686096426895056,0.6581505229709044,0.0732398343395901
id23860,0.9950955092010031,9.996414139961229e-06,0.004894494384856911
id26850,6.468709053704831e-07,0.9999975369158915,1.8162132030559334e-06
id16484,0.5644262394351484,0.01548815018529379,0.42008561037955783
id15302,0.40610255863798184,0.0013006174123697401,0.5925968239496484
id21138,0.6263294432489473,0.35496750863714577,0.018703048113906988
id02525,0.1995638932115852,0.5027755833599887,0.297660523428426
id12608,9.850207252471748e-06,0.999952948049981,3.720174276640847e-05
id23863,0.0144681713196195,0.0008795085415256371,0.9846523201388548
id01755,0.9962342374052104,0.00047689254506008656,0.003288870049729428
id10567,0.9977046399113434,0.00011577310090666309,0.002179586987749959
id08445,0.6039142828304941,0.34359316827795783,0.052492548891548155
id18146,0.0029998368067582775,0.0003078902046523448,0.9966922729885894
id22263,0.25716448027059036,0.004130124171276532,0.7387053955581332
id13537,0.006601645419228486,9.513524372032367e-05,0.9933032193370512
id19985,0.722895970224552,0.012789036658516965,0.2643149931169311
id08053,0.015605602024730514,0.0017298442914382016,0.9826645536838313
id18959,2.0051059748332353e-09,0.9999999957531284,2.241765677668144e-09
id06641,0.3097415080418404,0.6895481916247358,0.0007103003334238049
id27291,0.000866538328326443,0.9983830701676375,0.0007503915040360737
id16124,0.05554255022098853,0.006410011026866934,0.9380474387521446
id18221,0.0022545973427845643,0.0004702690383306505,0.9972751336188849
id25670,0.9998657000723244,0.00012602228856809923,8.277639107513458e-06
id18472,0.9956130510788396,0.0001611430855402283,0.0042258058356202475
id10302,0.41430456418664724,0.006382263054433115,0.5793131727589197
id07721,0.00018246602859632761,0.9998151802930076,2.353678396101602e-06
id22148,0.041307758055761645,0.0031560259586544924,0.9555362159855839
id04724,9.541311082250681e-08,0.9999998836127073,2.0974181884609156e-08
id03980,0.9911573209115618,0.008764639852500184,7.803923593797982e-05
id11982,0.998659800968938,0.000547916527125118,0.0007922825039368756
id05566,6.830125429472156e-05,0.9999304350614984,1.2636842068908863e-06
id13235,0.018773836379834832,0.9791651123515304,0.002061051268634814
id24524,0.932483567164799,0.00455349532219371,0.06296293751300729
id26783,0.05646268828540885,9.323798301022021e-05,0.943444073731581
id02220,0.035586166527714305,0.9567799694648006,0.007633864007485077
id17163,0.9766133705361485,0.0024951840606288853,0.020891445403222637
id21903,0.9900901098687599,0.0023589330170659113,0.007550957114174201
id13350,8.438816369254471e-08,8.304413528212321e-08,0.999999832567701
id07036,0.9999999943281683,2.1168161047758198e-11,5.650663482161894e-09
id09150,0.9835858757873351,0.010254329067022748,0.0061597951456421815
id22042,9.82634360797683e-10,8.172464811078039e-09,0.9999999908449009
id19562,0.4313128685120167,0.02948979106951777,0.5391973404184655
id05125,0.931225525517953,0.031643811332842456,0.03713066314920456
id19462,0.9990294671527543,0.000881305354160785,8.922749308497964e-05
id02265,0.9348865028434282,0.06332899032963,0.0017845068269417266
id11769,0.13027854698007965,0.8599067051939638,0.00981474782595653
id19021,0.8423994011909222,0.019812969719505937,0.13778762908957196
id06166,0.9995586293787343,0.00031620964421813334,0.00012516097704766993
id26800,0.9734000359215431,0.00013909095305131042,0.026460873125405546
id21422,0.0316916846210832,0.0026106603646248653,0.965697655014292
id13116,0.7582618465701579,0.24173218570840055,5.9677214415373406e-06
id05996,0.999984737150911,1.2099859798868425e-05,3.162989290225511e-06
id23318,0.9999994911037643,5.082317147952954e-07,6.645208695431659e-10
id20725,6.499002874542302e-05,0.0014121223868392822,0.9985228875844153
id09210,0.9690840716222296,0.0013070034852743558,0.029608924892495978
id25842,0.5645818659117467,0.09758451619892511,0.33783361788932825
id00767,0.6357116305810598,0.03482462062300212,0.329463748795938
id05036,0.0012162141750829596,0.9984362303417417,0.0003475554831753276
id14853,0.03436472266011198,0.030748112878706726,0.9348871644611814
id16946,0.006487188711275763,0.0007895235724206398,0.9927232877163037
id26804,0.2115313403897256,0.7561446039235442,0.032324055686730115
id24061,0.013869101049295183,0.02787843464284774,0.958252464307857
id19861,0.9976645561370542,0.0004011180317005298,0.0019343258312453464
id18210,0.907310211640929,0.00036208254050960496,0.0923277058185615
id24313,0.01438650664717845,5.7971319843080004e-05,0.9855555220329786
id15960,0.13544454702092798,0.09030626739242925,0.7742491855866428
id14037,0.9998791208281278,9.094095036724171e-05,2.9938221505071e-05
id17785,2.5386636132185394e-05,0.0029725139487002746,0.9970020994151676
id19362,0.06699524664057849,0.0009882340126512715,0.9320165193467703
id10372,0.9983448472699195,0.0016294881329778903,2.5664597102637384e-05
id03061,0.002695877857522363,0.9972866570345722,1.746510790549717e-05
id27583,2.7585475431875744e-05,9.604191544047248e-06,0.999962810333024
id22055,0.9999840410317051,1.147798819407949e-06,1.4811169475410542e-05
id07920,0.0012270470399143565,0.9987707503552085,2.2026048772103014e-06
id16813,0.6834480918003037,0.026692728395338716,0.28985917980435755
id03088,0.01760626548886218,0.6947185230908378,0.28767521142030017
id03026,0.0005709115086982177,0.9928706901611007,0.006558398330201033
id09934,0.9999996490558326,1.8734448981281148e-07,1.6359967755447227e-07
id21452,0.9965314367651669,0.0013963391876812383,0.002072224047151954
id05576,0.0019176116269411863,0.011383833127716363,0.9866985552453426
id22391,0.0011748530277743347,0.001379618028978379,0.9974455289432473
id10554,0.9283704682028256,0.07118672302487711,0.00044280877229710576
id03291,0.012183022616484901,0.012963858052027842,0.9748531193314873
id23280,0.9695098148356474,0.0001809580707347925,0.030309227093617924
id17777,6.941172342319516e-05,2.172054830360877e-06,0.9999284162217464
id24574,0.9562397147036774,0.013276451166685221,0.030483834129637413
id05459,1.1235653421587322e-05,0.9999886973306769,6.701590161286481e-08
id02724,0.014417041657299647,0.027740655778567342,0.957842302564133
id27678,0.9102874626789291,0.03847289093262197,0.05123964638844895
id21722,1.3454483125056439e-05,0.9995439073347795,0.00044263818209548504
id18139,0.9056564602344317,0.07145474988804928,0.022888789877519026
id16264,0.00030358086403723994,0.9995782670022548,0.00011815213370786148
id14537,0.9072123359352245,0.027779194632048806,0.0650084694327266
id18814,0.9996239084890294,0.00036237878681465234,1.3712724155942864e-05
id08331,0.0007314560394087237,0.9992483175444936,2.0226416097649177e-05
id03963,0.999588374296967,1.4351377067950896e-05,0.0003972743259650913
id07558,0.9999404065901512,2.494833139785647e-07,5.934392653480966e-05
id26275,0.770946932950695,0.0025421855531194736,0.2265108814961855
id26188,0.020971263394199934,0.9786298769770886,0.00039885962871142737
id06789,0.02717604314171235,0.8507347380389855,0.12208921881930221
id21788,1.1077800074301462e-05,0.9999884744946841,4.477052416178094e-07
id13972,0.8548509294512113,0.016417498444594576,0.12873157210419411
id08643,0.9999996800890144,1.7223903223850973e-07,1.4767195330765263e-07
id09642,0.00028234847216672957,0.9996064997702451,0.00011115175758823469
id14054,0.9944188317155841,0.00017686286489895193,0.005404305419517024
id12216,0.004494518753473355,0.00011354344861089956,0.9953919377979158
id09211,0.0008740125872200397,0.9989636285751768,0.00016235883760311423
id16903,0.00011305958592804128,0.9997717188027696,0.00011522161130244618
id18976,5.560502228777821e-06,0.0016103368420942077,0.998384102655677
id01861,0.9879365361526004,0.0077183499916074,0.004345113855792289
id22745,0.0008063230651743816,0.9991339047702059,5.977216461975677e-05
id03560,0.9686467817517618,0.02632243547204745,0.0050307827761908374
id17799,0.9999270268923465,1.6473881269717316e-05,5.649922638391751e-05
id12387,0.006301038506356952,0.10433960599683177,0.8893593554968113
id09450,0.6564542353780983,0.006354208497470663,0.337191556124431
id18088,0.04921162144565808,0.0006713307200540605,0.950117047834288
id21697,0.9990380478387624,0.0002751316898755412,0.0006868204713620294
id26128,7.340175581392493e-08,0.9999999243069082,2.291336050989226e-09
id27462,0.0005568182617548017,7.91285773308345e-06,0.9994352688805122
id19394,0.9999896473016717,1.0225321392235631e-05,1.2737693606746945e-07
id19929,0.2032925688737956,0.7964318205027366,0.00027561062346782346
id16056,0.2500153312190744,0.18814950057725377,0.5618351682036719
id08756,0.019018583180534045,0.0006586474890097353,0.9803227693304563
id09203,0.003005063089258131,0.9904270066100329,0.006567930300709037
id14098,0.9992401049235303,0.0004497718703467095,0.0003101232061229563
id24641,0.9207714164572168,0.06932153591169138,0.009907047631091629
id24507,4.482584020762878e-06,0.9993447814111075,0.0006507360048717219
id20161,0.5292427097712653,0.46758108561372363,0.0031762046150109946
id11710,0.04256809070363754,0.0002735393417110445,0.9571583699546514
id15751,0.28108895502459924,0.43426963454814727,0.28464141042725355
id06617,0.3375961171574684,0.03461485008673635,0.6277890327557952
id19131,0.9971857231702566,0.00043931232805215095,0.0023749645016912942
id02796,0.4830894527853154,0.48807415867972614,0.02883638853495844
id15575,0.04963090398184499,0.9385663016486858,0.011802794369469148
id21828,0.9652571346478903,0.00806728897048846,0.026675576381621283
id15093,0.0006940719504786461,0.9988613878142909,0.0004445402352304976
id27867,0.5066109728838878,0.021160287188793564,0.47222873992731856
id19315,0.019068396175367198,0.0003152518519854616,0.9806163519726473
id19398,0.9242676963665842,0.07073953096178999,0.0049927726716258005
id01572,0.12500629743852457,0.8054855000497905,0.06950820251168498
id09781,0.9448888797416014,0.04008144763680843,0.015029672621590141
id19278,0.43082873599462806,0.393901560291432,0.17526970371394002
id11852,0.025428170262929876,0.01585348914069205,0.9587183405963782
id07067,0.00030589538387058136,2.377048034915234e-05,0.9996703341357802
id08550,4.1753281628000116e-06,0.9999958238299509,8.418864031589246e-10
id02634,0.9487859728520938,0.0006129914111135331,0.05060103573679275
id02449,0.9708676239916363,0.0024927930323250984,0.026639582976038644
id10359,0.8763192400628489,0.03327162309546924,0.09040913684168182
id00217,0.9639970590694528,0.01331604647185258,0.022686894458694658
id20848,0.00039551007088161396,0.9995227022264452,8.178770267321869e-05
id20229,0.8645639091538471,0.1354271293179602,8.96152819279142e-06
id02211,0.8637751720123407,0.08255389891007105,0.053670929077588345
id08435,0.19541624627780188,0.783508374138641,0.02107537958355704
id23681,0.01160681951076093,0.00537903834834891,0.9830141421408902
id00571,0.32607180304094185,0.0002902704066093858,0.6736379265524487
id16280,1.568840177773323e-09,8.769062404450404e-10,0.9999999975542536
id15022,0.34479115396375665,0.038192649933274314,0.6170161961029691
id08040,0.000142624594427214,0.0003598328970664457,0.9994975425085063
id18087,0.9372657769073206,0.062165412843616645,0.000568810249062837
id11280,0.9994872026567311,0.0005089784646734177,3.818878595460347e-06
id21543,0.7020690431506339,0.2527645825363413,0.04516637431302481
id00245,0.9985446851990583,3.158503053915954e-06,0.0014521562978878422
id13745,1.3942781781381472e-06,5.238316056842693e-09,0.9999986004835058
id15734,0.9384221035511991,0.05835699661113929,0.0032208998376616316
id22572,0.017257242341725012,0.9825327305503201,0.00021002710795487025
id12741,0.05331611937260105,1.4986409977449068e-05,0.9466688942174215
id16477,0.34338777639184914,0.6503761866931099,0.006236036915040868
id26261,3.1142300110848385e-05,1.695482762932676e-06,0.9999671622171262
id15867,0.7100115589329504,0.1864204631901394,0.10356797787691026
id10479,0.9926672868183695,0.0005540941597997192,0.00677861902183084
id17736,0.0001376683885618785,4.415543991586231e-06,0.9998579160674466
id17768,2.8071939425915577e-05,2.3648599336722203e-05,0.9999482794612373
id14172,0.8569334873192029,0.021025149924866496,0.12204136275593053
id01972,0.005984292107917429,0.0008004152525330432,0.9932152926395496
id10962,0.9878438459588865,0.0021779414049376334,0.009978212636175864
id16692,0.8454420985841317,0.10529434540984192,0.0492635560060265
id25471,4.6054744242615835e-08,0.9999990948087741,8.591364816463517e-07
id05603,0.0005610504259218108,0.9994140501251564,2.4899448921828093e-05
id15340,0.7978006663757201,0.015733353812405895,0.18646597981187396
id22971,0.6353068672972259,0.03159292410713636,0.3331002085956379
id06765,0.00038598572337714197,0.9989422010135485,0.00067181326307442
id19864,0.990456455208202,0.0001331086822720845,0.009410436109525926
id15834,0.030936155014910448,0.9578012524576887,0.0112625925274009
id17395,0.009777074669823006,0.00791033225342728,0.9823125930767497
id02585,0.0020388154719385276,0.9922601568594046,0.005701027668656866
id13154,0.9999985327683816,8.378124720195356e-07,6.294191463284088e-07
id12972,0.2201357000799673,0.3773835008125813,0.40248079910745144
id11103,0.8646901616671823,0.03226870742707275,0.103041130905745
id26062,0.06565441358382297,0.044615230907378234,0.8897303555087989
id07339,0.9957407422206557,0.0016949320700974293,0.0025643257092469126
id06096,0.9999962089562822,3.298478050841925e-06,4.925656670062906e-07
id22945,0.00775198343998296,0.9920964042492096,0.0001516123108074041
id10058,0.9456798758222926,0.0419086876238795,0.01241143655382793
id06435,0.9999999900166457,3.493074854219507e-10,9.634046864243787e-09
id12636,0.018229705028460854,0.003144099320030141,0.9786261956515091
id25423,2.44549204781813e-05,3.223053839141471e-06,0.9999723220256826
id12990,0.1028272883157556,0.1380971972969853,0.7590755143872591
id24106,0.008259687076099186,0.9313323315416498,0.060407981382250994
id14481,1.9462271243653743e-05,0.9999128569250468,6.768080370958364e-05
id03617,0.058059430157122074,0.0007012753844304151,0.9412392944584476
id26055,0.9998809218367899,4.5759389773765517e-07,0.00011862056931234072
id23712,0.9967295336326286,9.584106800799404e-05,0.0031746252993634363
id19441,0.0013473519975002203,0.998427052269148,0.000225595733351794
id17042,0.9599759467759903,0.03989171284732982,0.00013234037667988273
id09018,4.442656077565831e-05,0.9999553895455671,1.8389365732198967e-07
id08879,1e-15,0.999999999999998,1e-15
id10841,8.048768859046634e-08,0.9999998700898571,4.942245431681889e-08
id04776,0.03129174890906209,0.9684546713679082,0.00025357972302972857
id26526,3.758747452012416e-06,0.0007396255752091108,0.9992566156773389
id14181,0.019568865564831735,0.9522782224532527,0.028152911981915656
id18396,0.9915706069289671,0.001309507892956723,0.007119885178076187
id05585,0.11748503040516137,0.8759366065415779,0.00657836305326084
id11546,0.08089719149531022,0.34966380890184035,0.5694389996028495
id08027,0.0002019421830117906,0.9982404445931086,0.001557613223879628
id00659,0.39243224909983854,0.0001721816923021179,0.6073955692078594
id10937,0.0017851867009507662,0.9970089258504179,0.0012058874486313492
id01898,0.024626622779211467,0.9420076245189587,0.0333657527018299
id23695,0.00010196697940261366,9.914554499277824e-06,0.9998881184660982
id07856,0.08381020633515418,0.7805195429793287,0.13567025068551702
id25233,0.9784451699626067,4.3120495821378885e-06,0.021550517987811196
id24052,0.039405427032943904,0.21389692978097227,0.7466976431860838
id01698,0.0027773456579220715,0.9972121452780854,1.0509063992576589e-05
id01356,8.348118802560246e-05,0.9999156679128397,8.508991347761149e-07
id10430,0.0006941078361534784,0.9992186518037384,8.72403601082232e-05
id04778,0.001128194354515824,8.19331871901427e-05,0.998789872458294
id24707,0.0002979264704090218,0.9968483003660222,0.002853773163568802
id04539,0.6295984857010469,0.0014261340509770474,0.36897538024797605
id20011,0.9484287978839806,0.008628766359640142,0.04294243575637929
id09950,1.0205262852724888e-05,0.9999897937436211,9.935262733330475e-10
id14397,0.9764237923849577,0.01632666964234897,0.007249537972693307
id04457,7.167792029735833e-06,0.9999877938738065,5.038334163810671e-06
id19469,0.13577453751887766,0.5991823460722411,0.2650431164088813
id24230,0.03453338443045573,0.04605362565745302,0.9194129899120913
id16719,0.9641157498895637,0.03582648086020642,5.7769250229775074e-05
id20183,6.576712300043412e-06,0.9999933120350607,1.1125263925810751e-07
id24531,0.0003601611677740391,2.0568180906270773e-06,0.9996377820141353
id04934,0.9272869660919522,0.03856275246424232,0.03415028144380547
id17230,0.01432389341904467,0.0034092588572392714,0.9822668477237161
id07561,0.9605410902398814,0.009790493403640693,0.029668416356477854
id12282,0.0009773257078247361,0.9990220177409115,6.56551263789874e-07
id14992,0.3902561678340097,0.5181497032112953,0.09159412895469508
id02934,0.4652852193161124,0.13101406991830342,0.4037007107655843
id00189,0.9999990562788572,8.690459178717247e-07,7.46752249593883e-08
id27941,6.502212157936547e-05,0.99993191505056,3.06282786068333e-06
id14642,0.003565981407921444,0.9928080662141378,0.0036259523779408843
id23445,0.7537196284968154,0.061860542918782596,0.184419828584402
id21603,0.0007103162115739475,0.00030963306756739067,0.9989800507208587
id21046,4.887841881527982e-06,0.9997573229338086,0.00023778922430981874
id02264,0.002133489538063226,0.9924987487915415,0.005367761670395237
id00409,0.8909289750515695,0.00822718796099452,0.10084383698743594
id00351,0.5951706594779519,0.04335360493435407,0.36147573558769414
id14362,1.2867620573057403e-09,0.9999998471520418,1.5156119614682714e-07
id20757,0.8583269951257652,0.07011778283183179,0.07155522204240304
id22764,0.950112454958378,0.04856004887113825,0.0013274961704837554
id19264,0.019957823415647252,0.003972239785066873,0.9760699367992859
id04506,0.8455092143997404,0.05387448703083594,0.10061629856942363
id18505,0.8849272952530467,0.11505050892493413,2.2195822019245526e-05
id27354,0.035259722445900005,0.02866552217201169,0.9360747553820883
id22410,0.998375735835461,0.00019446148654755354,0.001429802677991433
id14241,7.414524165965329e-08,0.9999999214022145,4.452543911108732e-09
id18785,0.13704928387794288,0.833697069268456,0.02925364685360116
id16649,0.8597947802450131,0.1398040554574738,0.00040116429751308727
id16386,1.4140933156343831e-06,0.9999984934312245,9.247545985582107e-08
id09051,0.012457791706660035,0.00037174476821585017,0.9871704635251242
id22296,0.9945990148694585,0.0053464090452684234,5.4576085273195684e-05
id08584,0.8695096753166058,0.049932674566924996,0.08055765011646926
id22219,0.0007829516495061948,0.0005701443188677228,0.998646904031626
id18790,1.8174325946910574e-09,0.999999997115054,1.067513340979547e-09
id10922,0.037590640078476935,0.44622528445117504,0.5161840754703481
id15002,0.9166340268796235,0.007931764261458547,0.07543420885891801
id24862,1.6940150261753205e-05,0.9999793676580826,3.692191655668119e-06
id25845,0.688826531229998,0.2524347650773339,0.05873870369266805
id17586,0.017763327316645008,0.9811176702918842,0.0011190023914708273
id09390,7.565475134709653e-08,1.0504288252493625e-10,0.9999999242402058
id20069,0.9975034396927948,0.0005169795179560168,0.001979580789249187
id05953,0.013841491776060253,0.9837858328509957,0.0023726753729441372
id15583,0.00013290808340076302,0.9998666459037068,4.4601289247403946e-07
id03482,0.0012384891318493823,5.4549867679195165e-05,0.9987069610004714
id06243,0.49848472952412504,0.43065910878106556,0.07085616169480928
id01116,0.0011121275052640228,0.012039888462348665,0.9868479840323873
id17530,0.00035610834684266104,0.9976160636506836,0.0020278280024738676
id07552,0.01870754719838988,0.00025742490455733975,0.9810350278970529
id03131,0.0025702922913176,0.9973935270307052,3.6180677977263214e-05
id23142,0.0012241712331030735,0.0015676810540914,0.9972081477128055
id05540,0.9928600654583749,0.00683728175267282,0.00030265278895228365
id06292,0.9744463201585352,0.009069349539725307,0.016484330301739597
id26506,0.6097998943505749,0.2645382141954748,0.12566189145395035
id19068,0.006821354205415899,0.00044935554411897717,0.9927292902504651
id21782,0.001707303030259898,0.0014213022349776289,0.9968713947347625
id24563,0.008469917267925054,0.9884847517740345,0.003045330958040512
id21986,0.09001500059001596,0.8635285785341587,0.04645642087582544
id04967,0.11917287654549263,0.032063522989313926,0.8487636004651934
id11760,0.06118257823250986,0.03430244353244543,0.9045149782350448
id02483,0.9999203830171391,1.3873925427274669e-05,6.574305743366496e-05
id15791,6.738811199720919e-06,1.1537832735237048e-07,0.9999931458104729
id14256,0.04701740437473773,0.002671426887148466,0.9503111687381138
id18328,0.9646413183486245,0.0022766958368920934,0.03308198581448347
id06213,0.018994529217933404,0.9267717829166413,0.05423368786542528
id00772,0.8110362890012744,0.17486098579348625,0.014102725205239173
id01113,0.9074607896107754,0.009735900483038675,0.08280330990618598
id03972,0.9893887296406664,0.010506371740681026,0.00010489861865256379
id25386,0.1454906321072001,0.6478663255917492,0.20664304230105077
id09156,0.5397358737671112,0.4177100613529066,0.04255406487998233
id22624,0.9300654640995497,0.04085146918257154,0.029083066717878803
id17789,2.603870711621064e-06,0.9998882730703021,0.00010912305898632946
id09039,0.002130067326164348,0.99767386834039,0.00019606433344567482
id20538,0.2179156879684056,2.213051491216741e-06,0.7820820989801032
id05501,0.0005645011208459184,2.0037341763182977e-07,0.9994352985057364
id27641,0.9088623114621481,0.08740523984431504,0.0037324486935368085
id05965,0.004729155127155519,0.002112202475077831,0.9931586423977667
id23431,0.23714187426720973,0.7159012076781269,0.04695691805466342
id13075,0.004499990057701503,0.05130386968745204,0.9441961402548464
id26190,0.11682699407942632,9.995083375838687e-07,0.8831720064122361
id12196,0.9219506798030774,0.0006969501716593107,0.07735237002526335
id21318,7.113893180161298e-05,0.9999240162084836,4.844859714722298e-06
id11277,0.19764538888843036,0.6457422367384231,0.15661237437314657
id07193,0.9928404009114907,0.004180868997286603,0.0029787300912226156
id17105,0.0028992577759483075,0.08472854858319857,0.9123721936408531
id18263,0.9680140457750384,0.0005693893524566836,0.03141656487250503
id22875,0.03124113244385766,0.0010645385652117438,0.9676943289909306
id07157,4.361486778870468e-06,1.1334433908968033e-08,0.9999956271787872
id15051,0.6269002767115439,0.0003242242431938043,0.37277549904526225
id08871,0.15942218200641373,0.41886180190670547,0.4217160160868808
id17036,0.0004672281491022445,0.0021815004139333744,0.9973512714369643
id02783,1.3206738471410114e-05,0.00871183614195099,0.9912749571195776
id26418,0.9980069084415291,4.1772068421796546e-07,0.0019926738377866707
id15748,0.9262206635916838,0.003786398379192566,0.06999293802912365
id00820,0.546828941669131,0.44284071489450383,0.010330343436365245
id27695,0.022916119118224755,0.9368362301791963,0.04024765070257892
id27286,0.9181845479812323,0.06629787979787222,0.015517572220895589
id11680,0.0007163931488055863,0.0010169846033270843,0.9982666222478673
id01070,0.005024467613934113,0.0009341523067270971,0.9940413800793388
id18486,0.001457291357400037,0.00022272596589972395,0.9983199826767003
id12389,0.00033939214980443334,0.9993028481784499,0.0003577596717456483
id12544,0.010457283602612272,0.9886971728662752,0.000845543531112599
id04692,0.9932445658169038,8.77810670753333e-05,0.006667653116020908
id17342,0.9789960960549483,0.0010262770296677244,0.019977626915384024
id09640,0.01080100276139976,0.004855490024193036,0.9843435072144072
id24300,0.24741235767449005,0.002974140262766151,0.7496135020627438
id13725,0.8509198854874923,0.03539174784740334,0.11368836666510417
id22633,0.9999998841347073,1.1586316332923095e-07,2.1293767854497154e-12
id16653,0.9629852638706747,0.03285520520394921,0.004159530925376032
id00184,0.9982064626451747,7.677761908942479e-05,0.0017167597357358939
id23872,0.9994726658156424,0.0002343205176188611,0.0002930136667388203
id05095,0.7263561418625449,0.02257688546237913,0.251066972675076
id05757,0.2410951330081108,0.017179834169927445,0.7417250328219617
id26883,0.9781409737638052,0.0126921284597359,0.009166897776458955
id01868,0.9610612663134624,0.0021859732233537846,0.036752760463183855
id13053,0.00011738497784746286,3.6863920191666443e-06,0.9998789286301334
id24443,0.9652807193385627,0.025525443056877165,0.009193837604560091
id12795,7.800041460865719e-05,0.9999108488231373,1.1150762253966464e-05
id05298,0.00652007093730875,6.734770802158314e-05,0.9934125813546697
id07560,0.07798722663260857,0.005062820567601223,0.9169499527997902
id10281,0.9731845110170384,2.4183679928462137e-05,0.026791305303033124
id07254,0.9679142105548426,7.644348350460042e-05,0.03200934596165282
id00837,0.009417845335669995,0.9674020784805341,0.023180076183795983
id04534,0.030218651129768664,0.27861008369299495,0.6911712651772364
id16716,0.994711693064386,0.0015622803803167441,0.0037260265552973046
id04057,0.6877373855929362,0.09444497514334421,0.21781763926371966
id14988,0.5893956273984886,0.005282619559909361,0.405321753041602
id05353,0.17821929643958803,0.18320459067487987,0.6385761128855322
id21250,0.9111173588045715,0.08756670029391725,0.0013159409015113537
id25963,0.0008513199466177352,0.9952590952611395,0.0038895847922428093
id10370,0.0009229729476742317,0.15299989930222332,0.8460771277501025
id26934,0.8929387220219147,0.029979117791483684,0.0770821601866016
id07649,0.11516189733597833,0.06036501229916277,0.8244730903648589
id21169,0.9873676641003896,0.012303639284879835,0.00032869661473056697
id25824,0.9999561745838185,1.5505351509264958e-05,2.832006467228105e-05
id01154,0.2542494410632327,0.7184375627783832,0.02731299615838409
id02523,0.3788361215663514,0.039680509206661545,0.5814833692269871
id07677,0.9585330095715361,0.006730538929395903,0.034736451499068004
id24447,0.003552505504389792,1.306714507454578e-06,0.9964461877811027
id23036,0.006447264745905137,6.610858981573043e-06,0.9935461243951133
id05424,0.8893313635945961,0.08807927878096702,0.02258935762443698
id18807,0.0033928378605974437,0.004080657726081586,0.992526504413321
id05894,1.4597193168687034e-05,0.9922967415503633,0.007688661256468088
id08494,0.10005154416639432,0.5212504538747422,0.37869800195886355
id17181,0.6505748638724954,0.024201936046701365,0.32522320008080313
id24037,0.0011587192987006281,0.9980040077568465,0.0008372729444529427
id22495,0.7765165730613716,0.12765586832818648,0.09582755861044183
id21717,0.9246210336430686,0.029768136757703494,0.045610829599228
id00477,0.2265403124365482,0.7060229021010419,0.06743678546240987
id03167,0.005843996265720611,0.0073711896038058475,0.9867848141304736
id08783,0.06940207627883516,0.1355111408654458,0.795086782855719
id11954,0.9995440564164982,1.1033163018544902e-05,0.00044491042048325734
id03029,0.9978759376983688,0.00014938325023919496,0.001974679051392078
id16359,0.6489983617912342,0.10404118372892937,0.2469604544798366
id02984,0.9999566439541226,1.5917923420762046e-05,2.7438122456633223e-05
id24559,0.9873469028170048,0.006310524467097973,0.006342572715897176
id26880,1.614356719398193e-07,3.9037336695972994e-08,0.9999997995269914
id00656,0.1707601388659489,0.0003073681388259631,0.8289324929952251
id07825,8.68802348448861e-06,0.9999790541585011,1.2257818014419686e-05
id16525,0.0018225867751258927,0.9973566024670792,0.0008208107577947778
id08849,0.4962960993368881,0.47017728802140374,0.03352661264170819
id09260,0.0001482450094807616,0.9998516272137673,1.2777675200894133e-07
id22233,0.999517592525309,0.0004224825965245924,5.9924878166390786e-05
id12191,8.178551451746138e-07,2.829177640235554e-05,0.9999708903684524
id15505,0.00021095915935264548,0.9997876964788144,1.3443618329730319e-06
id15882,0.88182239150917,0.07440544176782121,0.04377216672300891
id10569,0.22055828900187896,0.0024388849078049485,0.7770028260903161
id26059,0.9433535601693426,0.05615316363097094,0.0004932761996863113
id13055,0.026660680165205574,0.02703375511031003,0.9463055647244843
id05388,0.9972115757351463,0.0022344887225169145,0.0005539355423368154
id25199,0.0010621406814991419,0.9984419056796442,0.0004959536388567271
id11813,0.01610996581640155,0.02635934929570624,0.9575306848878923
id14866,0.0746036975330315,0.00017629688629277747,0.9252200055806757
id22247,0.34990909284563904,0.010040478611099801,0.6400504285432612
id08196,0.6372803073960852,0.3392963394897328,0.023423353114182
id27246,0.016033660721372345,0.9630969366384485,0.02086940264017922
id21926,0.00025837071676704845,0.0007645829704931345,0.9989770463127399
id01930,0.25231155177776715,0.006999747715711001,0.7406887005065219
id26406,0.32598094289054086,0.025679031159831445,0.6483400259496277
id07760,0.008530717120229485,0.9888430800480417,0.002626202831728929
id24815,0.012398193373634871,0.0016084413822051156,0.98599336524416
id22063,0.9976487716044918,0.0006367815164682608,0.0017144468790399208
id21513,0.029139271023732854,0.8663523179403582,0.10450841103590902
id04006,0.9996014876164399,4.159520600844244e-05,0.0003569171775516554
id06177,0.774891664831133,0.2240682596548884,0.001040075513978571
id24010,0.7830417124034122,0.002470739296960066,0.21448754829962774
id16402,1.6056238940648496e-07,3.431474036194458e-09,0.9999998360061366
id23894,0.9580220602493098,0.0419551889331614,2.275081752888669e-05
id18867,0.84098531838998,0.0024627896982806524,0.15655189191173935
id01691,0.000327288754135714,0.9996575085035414,1.5202742322873919e-05
id11818,0.053755232183749925,0.8832398357622934,0.06300493205395682
id18481,0.10043770230436193,0.32009517994091297,0.579467117754725
id20137,0.9945706788006659,0.0036037706633044535,0.0018255505360298392
id14630,0.02071059830237724,0.407107120681254,0.5721822810163688
id03058,0.6555407705283572,0.08511606223831762,0.2593431672333252
id27857,0.10215059974726508,0.8675392529310065,0.030310147321728483
id19345,0.04895479702037947,0.9374054019257011,0.013639801053919431
id12726,0.05412195002689763,0.019767048872283574,0.9261110011008188
id06015,0.001590409427630496,0.013301451279227832,0.9851081392931417
id26548,0.02992571971279423,0.014627145750156688,0.9554471345370491
id20284,0.0005268019797106747,0.0005648712624141621,0.9989083267578752
id17912,0.32847960954596694,0.030719190696081755,0.6408011997579512
id10287,0.5469552342094285,0.0036333904823996834,0.4494113753081718
id03604,0.001529748888440411,0.9979933554527112,0.00047689565884855755
id07423,0.0076431582423970995,0.0010278220266746196,0.9913290197309284
id01484,0.009385520984435748,0.9901995266416957,0.0004149523738684378
id16904,0.9999985926035099,5.828420936124915e-07,8.245543965469684e-07
id13187,7.593818294253164e-08,3.445818556968329e-06,0.9999964782432601
id08507,2.568999730904711e-14,0.9999999999999734,1e-15
id09599,0.9989031047188306,0.0005928252631715883,0.000504070017997794
id20460,0.0019712605792386027,0.995038044506532,0.002990694914229401
id23743,1.1208817120218908e-05,0.9999671762221877,2.1614960692079867e-05
id13914,0.00015660604617619004,0.9996777349647177,0.00016565898910621775
id23108,0.9674582214596493,0.017475817654533893,0.015065960885816784
id20111,0.103487196157644,0.8952511740149618,0.001261629827394268
id00300,2.7852567598099416e-06,0.9990044683531752,0.0009927463900649657
id25970,0.533562190839172,0.1004876454630611,0.36595016369776684
id24588,3.865591707537283e-06,3.9475717638119796e-08,0.9999960949325748
id04799,0.3718195303333138,0.0555244360837833,0.572656033582903
id19685,0.001989218142939989,0.001421016028938317,0.9965897658281216
id00628,4.9401917840128516e-05,1.1861366591320097e-05,0.9999387367155685
id10632,0.8359687904868229,0.03480752786786107,0.12922368164531606
id24894,0.0012946769050151598,0.9975951379548144,0.00111018514017054
id06843,0.15840005497709617,0.8412816447419658,0.00031830028093809244
id16211,0.9927453073465083,0.006734540735692942,0.000520151917798788
id10730,0.0004629213092845902,0.9995359019986556,1.1766920597686328e-06
id06399,0.012634817605456575,0.9872359677323819,0.0001292146621615667
id25138,0.9998451638751972,0.0001394837715572816,1.5352353245529627e-05
id04372,0.01767806353499331,0.1963063891010329,0.7860155473639738
id01057,0.24800383220687683,0.0036148267188849973,0.7483813410742383
id07505,0.6760776057328934,0.3117819840378618,0.0121404102292448
id17331,0.9999924266795249,5.371024652977236e-07,7.0362180097483605e-06
id11306,0.04783004428122073,0.48300148927100095,0.4691684664477784
id07490,4.224929720752869e-10,0.9999999987037063,8.738008948260859e-10
id00721,7.482399519676914e-05,0.9938281912913987,0.0060969847134046224
id07538,0.6733710409680871,0.047187661246647514,0.27944129778526533
id11289,0.01380480203917527,0.0001993241447271441,0.9859958738160975
id25207,0.9999994657465476,3.0698088846625697e-07,2.2727256387672823e-07
id03831,0.9999953592333083,3.4308973162700456e-06,1.2098693754798186e-06
id05371,0.7785576003266832,0.21450133087472006,0.0069410687985966574
id07405,0.001606138050360407,0.9982691786118962,0.00012468333774347257
id25960,0.00021033628291709382,0.9996302808169779,0.00015938290010502986
id18497,0.11748985037273622,0.17567118998275155,0.7068389596445123
id24478,0.9947838053760467,0.00466560419711804,0.0005505904268353262
id12431,0.004410279540893655,0.9955119289165079,7.779154259842863e-05
id24080,0.3381349346904144,0.0010406353819560575,0.6608244299276296
id11862,0.001904895847178421,3.778972312683029e-05,0.9980573144296947
id04798,0.993681469903197,0.0008746457231619591,0.005443884373641023
id22638,0.0002110341773664117,0.9996628780268625,0.00012608779577109403
id16105,0.0006199171920485636,0.9963203312909548,0.0030597515169967105
id05863,0.10076271152428963,0.01582492603345362,0.8834123624422567
id11466,0.9999664788423107,3.0058368566502748e-06,3.0515320832680222e-05
id06091,0.9712639734543097,0.00394037102792787,0.02479565551776239
id04214,4.025389861728353e-06,0.9998684511590273,0.0001275234511109829
id21197,0.955352633699565,0.03143930488720229,0.013208061413232759
id06479,0.09823025641880939,0.002641768806462535,0.8991279747747281
id21801,0.9937391646502926,0.00011161450347874209,0.006149220846228751
id00540,0.9907758289701147,0.00912211812868975,0.00010205290119544995
id07102,0.9385116965555846,0.05571133524177393,0.005776968202641392
id12012,0.0003762776258975574,3.767557447002563e-05,0.9995860467996325
id17850,0.13957437872535478,0.00021354044333246548,0.8602120808313127
id12708,0.7408736691416318,0.011902408077663127,0.2472239227807052
id09277,0.4295221225551416,0.06781531070772075,0.5026625667371377
id11482,0.001717300572936056,0.9654812779661631,0.03280142146090086
id15327,0.9326329565199446,0.06722407820123494,0.00014296527882055925
id17561,3.2024091242616805e-05,0.9999622670333687,5.708875388822616e-06
id21966,0.5108153307471953,0.02487433992345432,0.46431032932935046
id05742,0.9999997111474731,9.710686100413184e-08,1.9174566593451978e-07
id21441,0.9838182824548569,0.005380550226161236,0.010801167318981897
id10819,0.0012525307054881542,0.9974556032332634,0.001291866061248516
id00018,0.3523760757725642,0.5281945746492319,0.11942934957820395
id17038,0.9544745327706755,0.04512422092282942,0.0004012463064951114
id14680,0.0001819304890938433,0.9997810485381616,3.702097274453684e-05
id17760,0.03298728754492701,0.05276777409592614,0.9142449383591469
id14436,0.7837269627592827,0.179965361506212,0.03630767573450533
id17180,0.0003775979023952939,3.3224904663223314e-08,0.9996223688727001
id19132,0.0324258643886859,0.9576156930273806,0.009958442583933578
id17497,0.00011240127106039098,0.9998279707359861,5.9627992953624885e-05
id26284,0.025153285139524414,0.0005808646635088072,0.9742658501969668
id04340,3.0227636417608772e-06,0.9999900606845358,6.9165518225548065e-06
id06427,0.00020998007313858288,0.9997826830520896,7.3368747718779e-06
id08340,0.9677990641198109,0.032188059830754324,1.2876049434768789e-05
id07167,0.0004116210476763153,0.9992821230412602,0.0003062559110635099
id02218,0.8407358146976914,6.453484788476771e-07,0.15926353995382972
id18406,0.8440306507587062,0.14597187563043262,0.009997473610861063
id22134,0.9897163101449505,0.004016599036872576,0.006267090818176925
id04983,0.0021161997642186155,2.1787988962448145e-05,0.997862012246819
id17767,0.3512094888464325,0.645984921661516,0.002805589492051512
id15131,6.489897745958063e-05,0.9998514555579495,8.36454645909945e-05
id11132,0.9734790734205031,0.003681970882112289,0.022838955697384658
id10054,0.3427805800501313,0.24880664673345854,0.40841277321641023
id03797,0.0005314093333147955,0.005853046975749263,0.993615543690936
id17143,0.987871570832335,0.00016731605760215821,0.011961113110062822
id19078,1.4584949082606518e-06,4.6615263211505645e-07,0.9999980753524597
id04919,0.9999949260822136,2.107119211627983e-06,2.9667985747707655e-06
id03272,0.2852062200417056,0.5973490477249289,0.11744473223336549
id15047,0.001127459899791152,0.008582956627422582,0.9902895834727863
id23727,0.3176656570820256,0.36184596018394577,0.32048838273402863
id07221,0.9476047550409213,0.04589715403913852,0.006498090919940146
id13974,0.0014194357020644768,0.9964463475030152,0.0021342167949202997
id24050,0.9273495002281076,0.020903502836109096,0.05174699693578338
id18119,0.9781661074727156,0.0017756719665333897,0.020058220560751013
id05205,0.7934663193430744,0.15775104217379443,0.04878263848313122
id05233,0.0997717484494898,0.8993233949171306,0.0009048566333796238
id23556,0.806770439668334,0.0019671187479005296,0.1912624415837655
id06323,0.9532499678259331,0.0050256012916702645,0.04172443088239665
id27903,0.0006839802240561274,0.030870759881123103,0.9684452598948208
id15164,0.8977159294457068,0.06906909880228412,0.033214971752009215
id14714,0.00021944042782982425,0.9988692813262033,0.0009112782459667829
id11585,1.9985601903859794e-06,0.9999969495768877,1.0518629220183546e-06
id09119,0.7829177900669047,0.0718614259663607,0.1452207839667346
id03135,0.8764160370941696,0.07419790660434529,0.04938605630148512
id23385,0.9101660661489079,0.029410379211943647,0.060423554639148495
id18219,0.8851827820816937,0.006823566041322959,0.10799365187698341
id17596,0.004512281459471999,0.9954859000738997,1.8184666283372207e-06
id12235,0.0590125442901121,0.006407564195427713,0.9345798915144602
id15394,0.9990019637385448,8.474207176115017e-05,0.0009132941896940915
id07727,0.9551391552353866,0.0019642670748146736,0.04289657768979874
id02748,0.9977320913182167,0.0021380573875740454,0.0001298512942093102
id14913,0.004052087292677209,0.00035137685783001815,0.9955965358494928
id05257,0.1444130521741326,0.0010425461063342972,0.854544401719533
id23759,0.003156914221634049,0.03845547633388972,0.9583876094444762
id08726,0.9640845863221572,0.03586131150729989,5.410217054299627e-05
id24493,0.9908078891890755,0.00797422782553714,0.0012178829853874734
id19945,0.01795160509703758,0.9817206780512073,0.0003277168517551196
id27893,0.979972278248679,0.00017583248929280346,0.019851889262028154
id04975,0.021119040599154624,0.000467383742909905,0.9784135756579355
id14722,0.7975478769063462,0.18299226790734224,0.01945985518631161
id10320,0.00073240426612261,0.9748403366404637,0.024427259093413804
id09619,8.275138224083595e-06,0.9993336395115053,0.0006580853502706047
id07480,0.4137097187280804,0.5025559869480495,0.08373429432387013
id00342,0.009824088201855605,0.9273229930159396,0.06285291878220475
id08611,0.9456982666461047,0.03380627258803607,0.020495460765859314
id24284,0.03447771862845531,4.5647743908674683e-05,0.965476633627636
id20491,0.02381687470564148,0.879325252829712,0.09685787246464661
id18337,0.00015297466444962588,0.0002486472339261679,0.9995983781016242
id04781,0.9932106802631231,0.0007207270160250504,0.006068592720851797
id11067,0.9640015494015471,0.0086601199363328,0.027338330662120113
id19402,0.9899943803145578,0.006060386307018766,0.003945233378423506
id20009,0.0024856231620524858,0.001908229398901657,0.995606147439046
id08535,0.001935122122390514,0.008571030391056512,0.989493847486553
id07495,0.0914359523867894,0.00013419775187150732,0.9084298498613391
id06262,0.011406754251942677,0.0004668473947635143,0.9881263983532939
id10898,0.6649392383590617,0.09304468876899369,0.24201607287194465
id17778,0.0003915168301249857,0.9996012575827661,7.2255871089659286e-06
id07210,0.019278919282708598,0.9724761308599765,0.008244949857314882
id04367,0.0148913293740708,0.9529631974283489,0.0321454731975803
id27713,0.6199514970567187,0.009413905589947282,0.3706345973533341
id15428,0.08501660930477073,0.9008557235532437,0.014127667141985559
id25427,0.5688587971980859,0.08958271872985116,0.341558484072063
id09789,0.7629516157688339,0.001129399249497676,0.23591898498166844
id07658,0.9999375375290153,5.8335921017309595e-05,4.126549967430262e-06
id25453,0.01956570487869313,0.8367256496185871,0.14370864550271986
id24495,0.9985483478521641,0.0005910639916836003,0.0008605881561523225
id03270,0.0028455260196198658,0.9877348053415266,0.009419668638853554
id11879,0.16391486229455662,0.8334477619272885,0.002637375778154858
id24356,0.09679627145987847,0.01196309574272029,0.8912406327974013
id22256,0.018881198465191856,0.027764803206970307,0.9533539983278378
id06050,0.017428966481446824,0.9816461095966136,0.0009249239219396095
id09555,0.982476372176394,9.4956831608527e-05,0.01742867099199749
id23772,9.737915236247545e-07,0.9999988869782653,1.392302110468002e-07
id21930,0.030557454223294405,0.02055936059425641,0.9488831851824492
id00823,0.0006933710346385862,0.9617883895320449,0.03751823943331647
id23666,0.0006100644820740845,0.9992988581708904,9.107734703554922e-05
id08118,3.0708066813609473e-06,0.0003051299519245723,0.9996917992413942
id21388,9.503582517355367e-05,0.9825947004055987,0.01731026376922776
id23312,0.9480480413470249,0.0024700777889388424,0.04948188086403624
id08545,0.003411647750036487,0.9911394889083839,0.005448863341579654
id20351,0.37519610376342355,0.07389318845293098,0.5509107077836455
id13536,0.315256718328111,0.0485820733624513,0.6361612083094378
id27742,0.0018551493126699112,0.9981036410789461,4.120960838395543e-05
id13343,0.0006685744700151172,6.945065328404769e-05,0.9992619748767009
id11987,0.010488611379576384,0.9497695394481208,0.039741849172302855
id08921,0.1859271549207567,0.00972055396666868,0.8043522911125747
id09972,0.005514052989468761,0.9944636066730611,2.234033747018818e-05
id26173,0.9994026921080756,3.8961015118104055e-06,0.0005934117904125545
id07917,0.1841988516873713,0.5106271052476817,0.3051740430649469
id01383,0.994277287422017,0.0026053886910009406,0.003117323886982153
id26699,0.12692474908042678,0.8529966342806291,0.020078616638944186
id11058,0.00797933228241021,0.00015236845864249185,0.9918682992589473
id20425,1.3484124522396829e-05,0.9997299750943821,0.00025654078109554066
id20238,0.0002249175816107944,0.99797360875555,0.0018014736628392714
id21348,0.5638232003308175,0.316093372736528,0.1200834269326546
id09552,0.30612615403758225,0.02346290630119274,0.670410939661225
id25075,0.5148884574254872,0.4196136519428548,0.06549789063165806
id17749,0.020994602364542793,0.0009553164228177405,0.9780500812126395
id18910,0.16270619776576678,0.001347558527568507,0.8359462437066648
id13534,4.580785236906111e-06,0.9999934821544717,1.9370602914496543e-06
id22205,0.006634044340707387,0.9875360657488731,0.005829889910419567
id23896,0.9872243573811845,0.0008378013810530602,0.011937841237762465
id23616,0.23713614022732815,0.0033519658398662817,0.7595118939328056
id03537,0.6436227058901616,0.26395929794099743,0.09241799616884107
id18147,0.15183551058002367,0.8437099385827632,0.0044545508372131545
id25408,0.9999959142761128,1.0379493727761913e-06,3.047774514434054e-06
id09997,0.1792651615411642,0.0007771209004226092,0.8199577175584133
id23357,0.0008094937855827173,0.0004189022105692776,0.998771604003848
id21880,0.8015470078978956,0.015737460789530047,0.1827155313125744
id21633,7.109807998994704e-06,0.9999886988755241,4.191316476860472e-06
id15976,0.0008828467404844451,0.019860698548200776,0.9792564547113148
id20266,0.00015211972393531386,0.0006124899081789153,0.9992353903678858
id26726,0.6421218520691887,0.31944638260066127,0.03843176533015003
id02958,0.8296405519204889,0.13373557408874276,0.03662387399076817
id25211,0.6417013586656605,0.019740959609008214,0.3385576817253313
id24314,0.9999921394517799,7.849804216152725e-06,1.074400391573608e-08
id21475,5.949471562141703e-05,2.567409168121966e-06,0.9999379378752106
id22733,0.009430054688901833,0.988198626783505,0.0023713185275932216
id14297,7.576685613133615e-07,0.9999717384896627,2.75038417760259e-05
id27627,0.005972704818119723,0.9939884663453035,3.882883657687162e-05
id03580,0.0006770330914157815,0.9993220427795227,9.241290615299798e-07
id08858,0.0008039911095451834,0.0034766268423044155,0.9957193820481505
id22512,2.402590796323782e-06,0.9999970049083522,5.925008515251956e-07
id05634,0.01848353094036631,0.003249461619751298,0.9782670074398825
id00105,2.2781354097809194e-05,4.566437351507442e-05,0.9999315542723871
id26635,0.9804289759412373,0.013231519048994732,0.00633950500976783
id19324,0.011100835055007871,3.557874043597935e-05,0.9888635862045562
id00210,0.7955067277588554,0.12239085819017814,0.08210241405096642
id06809,0.8759939978707332,0.006741830675339594,0.11726417145392722
id04074,2.6235289851691536e-05,0.999666329613697,0.0003074350964513715
id27010,0.4630077761587465,0.22878921593963236,0.30820300790162114
id00699,0.002917960591971624,0.0009204304562859966,0.9961616089517424
id18549,0.2577467675616841,0.2073482697756157,0.5349049626627002
id14089,0.85464971264272,0.13902949588328392,0.006320791473996094
id19792,2.256535226003997e-05,0.9999748037967899,2.630850950000963e-06
id19935,0.00021184355394921275,0.0003007265523507576,0.9994874298937
id22960,2.217952099589173e-05,0.008684871476405398,0.9912929490025988
id02471,5.170834049122979e-07,2.5933524527447316e-09,0.9999994803232427
id07896,0.0027682314581073853,0.0005323658839439749,0.9966994026579487
id20033,0.989570166222152,0.004962908323711079,0.005466925454136915
id15018,0.9996496320429767,0.00010179027254663405,0.0002485776844766295
id19528,0.9863662368095912,0.0033054877511314133,0.010328275439277433
id21621,0.3209572852764411,0.03524855423717482,0.643794160486384
id14328,0.01574625454405527,0.9204258242254683,0.06382792123047643
id19524,0.9992588751919433,0.00020042489542397397,0.0005406999126326931
id00219,0.9999999779636971,1.2440507417782726e-08,9.595795445857794e-09
id23229,0.006344837814594618,2.406207729602369e-06,0.9936527559776758
id14357,0.9832293725727071,0.007433911548521198,0.009336715878771565
id21829,0.04565750540839202,0.015732824905713313,0.9386096696858947
id02137,0.732226351755315,0.19303998554051985,0.07473366270416515
id23524,0.4605708986096393,0.007927709708985917,0.5315013916813748
id12022,0.9997742895266841,7.080343054065926e-05,0.00015490704277523607
id05255,0.9903429719722163,0.00480238641368467,0.0048546416140990666
id14605,0.977124400887616,0.0012296110115064577,0.021645988100877554
id15329,0.05464353833066408,0.016095056635285564,0.9292614050340503
id06046,0.4986125395099675,0.011600873670710783,0.48978658681932186
id16548,0.006203701805348307,0.0012547864038674726,0.9925415117907842
id23369,0.0020884836197212152,0.0013466694638747975,0.996564846916404
id17824,0.972958566989423,0.0010854156668205646,0.02595601734375658
id17243,0.0004363179312191867,1.2181248969020985e-05,0.9995515008198118
id13185,3.1125466142192114e-07,0.9999996863157196,2.4296190762281186e-09
id27091,0.898920845846928,0.07464486683708042,0.026434287315991664
id21817,0.03384771699588346,0.0018402390432775027,0.964312043960839
id21912,0.9669867061488507,0.030521130261272712,0.00249216358987662
id24163,0.03613089267720625,0.12013825093237536,0.8437308563904184
id12484,8.353662750560147e-06,6.059027732760891e-06,0.9999855873095167
id15799,0.8995372389615074,0.08636628384231018,0.014096477196182509
id22315,0.0371737529006169,0.958865612472771,0.003960634626612117
id02608,0.00023334842262735163,0.9985508870401884,0.001215764537184353
id10057,0.999889939660324,0.0001009109347130247,9.1494049630317e-06
id01709,0.9971886043633035,7.982879228102568e-05,0.0027315668444154078
id11153,6.342493840519342e-05,0.9999325558065444,4.019255050513339e-06
id25154,0.10985157531172161,0.86414229181754,0.026006132870738434
id18207,0.004507521259553652,0.9939006142464846,0.0015918644939617813
id03370,0.0013046511124732661,0.9985744858918376,0.0001208629956891605
id26760,0.9266468264676443,0.012344794432204721,0.06100837910015099
id15099,0.9362793174054971,0.008086209256354743,0.055634473338148145
id16341,0.001999771200941806,0.0007330249081896048,0.9972672038908685
id15572,0.6146786450008939,0.08073090002576679,0.3045904549733394
id24901,0.9999998789377564,3.874341155890296e-08,8.231883205601084e-08
id04528,0.9942860098440274,0.0017058659916770645,0.004008124164295582
id26507,1.564341168393226e-05,3.15209060241107e-07,0.9999840413792558
id26687,0.7995125044620569,0.0312531595292946,0.1692343360086485
id27819,0.05323023452392148,0.002647988599188222,0.9441217768768903
id17610,0.00010342413087760986,0.9998877773342676,8.798534854818075e-06
id03373,0.5094939520240428,0.48083022177524104,0.00967582620071606
id05881,0.0817136554490715,0.006057057543295046,0.9122292870076335
id15875,0.028187769123084197,0.037150682420359564,0.9346615484565562
id18400,0.9525824351799206,0.03611454308683482,0.011303021733244656
id23596,0.00141242166424474,0.004911379356336436,0.9936761989794188
id07006,1.3274764313452184e-05,0.9999837108725742,3.0143631123195647e-06
id25134,5.059110014563061e-05,0.9999452983888121,4.110511042317067e-06
id17393,0.999980584836366,5.90658634057295e-06,1.3508577293441117e-05
id20155,0.006069924678729613,0.9938797292220417,5.0346099228684035e-05
id09536,0.0005134955887633384,0.9980988190831716,0.001387685328065064
id09155,0.005055296612241205,0.9946045352488077,0.0003401681389511002
id26482,0.9998847495777888,6.122901848581034e-05,5.402140372537039e-05
id17001,0.015319292638736772,0.9664969864962781,0.018183720864985056
id08134,0.8176054449306652,0.002609814570506815,0.179784740498828
id10174,0.768525242363851,0.2008579507600785,0.03061680687607056
id04760,0.36906275249299897,0.029663471273145652,0.6012737762338555
id04941,0.9951400530486298,0.004678596492294443,0.00018135045907576275
id01339,0.8812091185302153,0.10692290044631265,0.011867981023471978
id24710,0.24323007280286027,0.09489648902087039,0.6618734381762693
id20408,0.792734569956948,0.13518153807617656,0.07208389196687545
id04028,0.01599611404441482,0.5430060317193871,0.44099785423619814
id07153,0.20378126773485028,0.008597788988436637,0.7876209432767131
id20098,0.005978610630344714,0.9912643856821859,0.002757003687469406
id24146,0.05959279660699845,0.012590083739820493,0.927817119653181
id06276,0.9760623717755329,0.012933657915491267,0.01100397030897593
id18978,0.3067812326345488,0.621330004321043,0.07188876304440812
id04247,0.9853776195925381,0.0013718305066115894,0.01325054990085035
id02020,0.0002546144970790574,0.9996719681404757,7.341736244529289e-05
id14299,0.00040293232067956997,1.2719532237369516e-05,0.9995843481470831
id27255,0.26131296688868233,0.6318944387594255,0.10679259435189226
id05751,0.002071534830592991,0.0013768562667937888,0.9965516089026132
id09428,0.9999951911084879,1.5749623326256523e-06,3.2339291794380686e-06
id06941,0.9549012889746805,0.04501181885197187,8.689217334766881e-05
id25678,9.192656675741676e-05,1.0739587276527874e-05,0.9998973338459661
id27425,0.999526976531118,0.00025678439581299363,0.00021623907306897802
id12619,0.02699804008651641,0.9706541920164399,0.002347767897043739
id00530,0.00024704134345414743,1.6282189512312843e-05,0.9997366764670336
id14683,0.9990440279743452,0.0009486240637358627,7.347961918930726e-06
id14618,4.527340921478119e-05,0.9995530500731381,0.000401676517647109
id07599,0.9993245321585777,5.6710200340986155e-05,0.0006187576410813007
id02786,0.9997952677582489,2.005240900782511e-05,0.0001846798327433071
id21563,0.8546018310044313,0.03137078181949101,0.11402738717607765
id26412,0.00710859103078192,3.067411448328949e-05,0.9928607348547348
id18320,0.15067764943676382,0.8072187087605832,0.042103641802652976
id02043,0.72624192630101,0.03990917054464971,0.23384890315434034
id03179,0.5347826743286471,0.33890452883678696,0.12631279683456595
id17256,0.17765633735785236,0.8204623938015233,0.0018812688406243108
id07435,0.0006415949472175275,0.018918489331222792,0.9804399157215596
id17659,0.8538714090167114,0.07550748321779405,0.07062110776549452
id06828,0.017215458436465797,0.9819124648216263,0.0008720767419079595
id18636,0.0029968092192919843,0.0008424006146673361,0.9961607901660406
id05216,0.9962383605210745,1.9442212826403918e-07,0.0037614450567972483
id23156,0.6577536904353667,0.10304374017802102,0.2392025693866123
id23861,0.9971608059339505,0.0023339961613642797,0.0005051979046851928
id21416,0.365337469328213,0.00016166535269751704,0.6345008653190896
id02763,0.8505936942152112,0.031888818794066284,0.11751748699072256
id12625,8.337356101939687e-06,5.16193987716724e-05,0.9999400432451264
id08033,0.014346564451973458,0.0009190243222668594,0.9847344112257597
id24105,0.5577939276382037,0.3205148920008069,0.12169118036098944
id09295,0.9999809245331743,8.578829173483096e-07,1.8217583908317167e-05
id22062,0.3630221615328038,0.6106081148244409,0.026369723642755284
id21044,0.9999854222083471,5.615872980535428e-06,8.96191867235902e-06
id17419,0.7700890610711918,0.03971318154915404,0.19019775737965414
id10969,0.9928487738963487,0.0038044578363617375,0.0033467682672895134
id23066,0.028316708281799313,0.22430118711459848,0.7473821046036022
id25667,0.9411869951821209,0.0011488199717038662,0.05766418484617519
id14534,0.9836015033528996,0.0037791071374089105,0.012619389509691492
id26645,0.0035089341027487097,0.9920430310511245,0.004448034846126887
id03965,0.0012593566175280507,0.0002704258768342805,0.9984702175056377
id25956,0.9905993813116231,0.007636616386239282,0.0017640023021376371
id23707,0.9980445826220503,0.0011711211345916198,0.0007842962433581375
id18026,0.8203311370187752,0.020652605495158606,0.15901625748606618
id10767,1.899872436063094e-06,0.9999959667930681,2.1333344959230985e-06
id18802,0.6621118664594079,0.3349196026026994,0.0029685309378927765
id02940,0.012387582706303342,0.9757227309329969,0.01188968636069982
id13403,0.9986366528185893,0.001305941398973326,5.7405782437405045e-05
id10201,6.035172795414025e-07,0.9999993531310712,4.335164913243462e-08
id15333,0.012015453439350825,0.0020830304570008586,0.9859015161036483
id25619,0.006890590956805127,0.0022004530885518367,0.990908955954643
id18506,0.00568571679418103,0.9938939655038386,0.0004203177019804147
id09835,0.0033306705314201227,0.9961406548843258,0.0005286745842541462
id14828,0.9979541828303305,0.0019451871880442509,0.00010062998162522944
id26816,1.2821630291556707e-05,0.9996858333798878,0.00030134498982059885
id26134,0.23949058263652878,0.7602789041377884,0.00023051322568289537
id25064,0.8671723777864824,0.0018758134507070572,0.13095180876281054
id14254,0.6412954879208402,0.12652160398386428,0.23218290809529546
id09352,0.049657530270919514,0.5264594507346483,0.4238830189944323
id21495,0.9967500322548002,0.001830501305135533,0.001419466440064336
id15349,0.00047644763116886437,0.0007394993304967142,0.9987840530383345
id06759,0.0014123728808767228,0.9964452749382281,0.0021423521808952546
id20876,0.7495382510333288,0.0004908936360268822,0.2499708553306444
id14644,0.8516272014495835,0.09459242794798584,0.05378037060243064
id16927,0.00012247291647395387,0.0032600923364775277,0.9966174347470486
id00417,0.016151570148217696,0.9341992896866124,0.04964914016517001
id18892,0.27121801944280427,0.025742367646691404,0.7030396129105043
id17500,0.00022025912409875936,0.9997756623981012,4.078477800065964e-06
id17676,0.0049484636737994565,0.9893678400490914,0.005683696277109171
id03378,0.999999999997832,1.8840039183867907e-12,2.84033198374349e-13
id26891,0.5442827355369584,0.0028689767537864556,0.4528482877092552
id15609,0.9877896744824695,0.012164631200671015,4.5694316859614576e-05
id11270,0.8657462420409159,0.058350088784176204,0.07590366917490789
id01141,0.002778998969432422,0.00011031740778459546,0.997110683622783
id18738,0.4153271882472643,0.0005896063141242365,0.5840832054386115
id23964,0.0012142203539177413,0.023065917721594147,0.9757198619244881
id08032,0.660467775726473,0.0013481659602584603,0.3381840583132686
id10410,0.03633993060895323,0.08832253756746672,0.8753375318235801
id15738,0.9069065926943161,0.0922815030274096,0.0008119042782744149
id22293,0.08967730606196103,4.310171320229998e-05,0.9102795922248367
id23174,0.8171609621793328,0.11946226140307943,0.06337677641758774
id13041,1.7084095209815503e-05,0.9998237970792336,0.00015911882555656964
id18377,0.08947630716784609,0.05875851846335952,0.8517651743687945
id24269,0.02257199795275995,0.967479085796151,0.009948916251088954
id19445,0.010916040652940976,0.9888184061212746,0.00026555322578456663
id16449,0.006259380358498925,0.9917990564197307,0.00194156322177037
id11857,0.0007376866791179372,0.07387392683486038,0.9253883864860217
id14929,0.06302977107188133,0.8702688304823374,0.06670139844578132
id16029,0.1421142427574371,0.04837623827933077,0.8095095189632322
id09091,0.9998560904742672,1.6142854388895203e-05,0.00012776667134396363
id14431,0.04331232745647876,0.9411944320122312,0.015493240531290073
id15857,0.44466489865850134,0.24098919304112898,0.31434590830036974
id26177,0.013442345867922851,0.003411807736854975,0.9831458463952222
id07001,0.0030086598280038737,0.12032344309781921,0.876667897074177
id00626,0.3839335909579074,0.0001975590849225927,0.61586884995717
id25160,0.6465876467534495,0.06528348871442219,0.2881288645321284
id21474,1.0720970053361464e-05,3.054032208745882e-06,0.9999862249977379
id03155,0.9999999999979552,1.9249476356986083e-12,1.1987046223041002e-13
id11858,9.066368478470771e-07,3.0261785430149477e-09,0.9999990903369737
id12413,6.800793326152524e-06,0.9999931758232722,2.338340162907747e-08
id25656,1.1639177556380328e-06,0.9999986034529399,2.3262930456065532e-07
id24322,0.802502965096447,0.0788342370834396,0.11866279782011335
id20603,0.8962880738918437,0.0952715124084722,0.008440413699684178
id06878,0.9999993859770776,4.3666682424481547e-07,1.7735609818717522e-07
id03535,0.9478212868810008,0.0506073952196709,0.0015713178993283362
id11831,0.9948025837318004,3.283585873764501e-07,0.005197087909612106
id24685,0.9744633180094581,0.025072710655071315,0.0004639713354705678
id10426,0.03117130511574556,0.05348704596932157,0.915341648914933
id09024,0.000809479173571131,0.9991899449056743,5.759207546952749e-07
id09728,0.32390214020100305,0.0006261170293111314,0.6754717427696858
id01065,4.836231747554924e-06,0.9999941512704004,1.0124978520616704e-06
id14005,0.9983865164396607,0.0012091467533461436,0.00040433680699312585
id18534,0.0008049895922255181,0.013489723451537271,0.9857052869562372
id19862,0.15048422989621593,0.6266787446275373,0.2228370254762468
id14707,0.9999952983155821,4.325457218782837e-06,3.762271991951534e-07
id02248,0.002596802948476601,0.9923983836227905,0.005004813428732768
id20494,0.09356876409196593,0.012529624245195803,0.8939016116628383
id27072,0.9941268180902529,0.005868998894167745,4.1830155794614046e-06
id20587,0.26551945186519216,0.535889830754282,0.19859071738052578
id24134,0.004795467509323176,0.0009255338918902157,0.9942789985987867
id22696,0.19574719760404624,0.0027872166899046103,0.8014655857060492
id23757,0.979236560789456,0.0031431706410996753,0.017620268569444347
id18828,0.9999646325510798,3.434300806659104e-05,1.0244408536819409e-06
id14040,0.011941157795132823,0.0005072443437492794,0.9875515978611179
id09385,0.9283860542151222,0.012178263383956216,0.05943568240092157
id16005,0.0006242973341769951,0.9989846812992316,0.00039102136659141317
id12467,0.35689760413308086,0.04500454014362549,0.5980978557232937
id16209,0.8735995714610421,0.052998476698502786,0.07340195184045523
id01621,0.0001032085760143533,0.9998955396400927,1.2517838929539321e-06
id18081,0.2431149034672417,0.00538818858429141,0.7514969079484669
id06667,0.026374971721040866,0.0008987017048091224,0.97272632657415
id07436,3.927523633357219e-05,4.5778548254531843e-07,0.999960266978184
id19498,0.03214191975460166,0.9662022898629805,0.0016557903824178496
id12123,0.987860741488981,0.010503445299099096,0.0016358132119200103
id17082,0.9341820026314717,0.02334311153306142,0.042474885835466894
id00313,0.02256718723267314,0.9693333771102451,0.008099435657081704
id14281,0.1327861585204126,0.027176917710903692,0.8400369237686838
id14755,0.8911868253318834,0.0005302073305981423,0.1082829673375184
id17484,0.9040290704322034,0.08546493644669849,0.010505993121098182
id00111,3.255881066278461e-09,0.9999999878994447,8.844674283767774e-09
id16542,0.036394212843336333,0.07717162053960928,0.8864341666170543
id00458,0.9165544581994315,0.008804739064491881,0.07464080273607665
id07682,0.056534913226903155,0.9181440580097214,0.02532102876337534
id02041,0.012597707888888296,0.9806968763562003,0.006705415754911428
id26070,0.16909564597560636,0.0047373645520543805,0.8261669894723392
id05271,0.9990990462114152,0.00041749845354457113,0.0004834553350402847
id18107,0.9972414812112568,0.0020461813615547148,0.0007123374271885192
id01170,0.019094645518692062,0.024142223395334082,0.9567631310859739
id23464,0.06374791293850508,0.9104845496595326,0.025767537401962335
id03879,0.3411097062848399,0.17659228173012262,0.4822980119850376
id22473,0.00012894268422940252,0.9984195359562384,0.001451521359532158
id20937,0.8043364216260015,0.15966871640394945,0.035994861970049086
id16239,0.1958591073113763,0.7963312939515741,0.00780959873704964
id02348,0.9994425773526905,8.042997795156539e-05,0.000476992669358002
id19796,0.9999999967452402,4.40564478168601e-10,2.8141953121508434e-09
id06531,0.001009281193474948,5.7845440475795845e-06,0.9989849342624775
id02641,0.015239925493645988,0.9826162355842811,0.0021438389220729596
id01332,0.44043039445861154,0.001998487558284247,0.5575711179831042
id24038,0.005870392899618879,0.9658287660912114,0.028300841009169773
id23699,0.9949227278742905,0.003828806293223657,0.0012484658324858368
id07294,0.9801194305029478,0.019687717039547765,0.0001928524575044804
id00319,0.9421469234392618,0.05717848366039303,0.0006745929003452236
id05699,0.9835003996104078,0.016333703377285513,0.00016589701230670205
id18863,0.9912532763967777,0.004052112312786274,0.004694611290436028
id07745,0.6852159476858052,0.005082018985214459,0.30970203332898044
id02157,0.0002519777671170198,0.9985972481914233,0.001150774041459686
id00525,0.2740202066331011,0.34951678482547804,0.3764630085414209
id14740,0.8506745321926134,0.00453029805718745,0.14479516975019935
id01420,1.479225524004265e-06,0.9999985161571334,4.617342580119117e-09
id17725,0.9999990780142571,9.175274120743724e-07,4.4583308672985565e-09
id07807,0.04353032857210388,0.852066819746667,0.10440285168122912
id11676,0.0007407716047214794,0.9983388304098814,0.0009203979853971732
id06720,0.012052499893017163,4.585257146411356e-05,0.9879016475355187
id08048,0.00015796449331089058,0.001440528287785697,0.9984015072189034
id04185,0.24401457812796107,0.0012403433982189716,0.75474507847382
id02077,0.9656589881678265,0.002789833586420162,0.03155117824575334
id12968,1.8727233818870975e-05,0.0006928777560322948,0.9992883950101489
id01945,0.932591806785103,0.05682818396912815,0.010580009245768837
id06446,0.6488258571337877,0.342038752932426,0.009135389933786153
id01072,0.9593964332909176,0.03739600253950953,0.003207564169572891
id15124,0.8747719615674497,0.030327184653261948,0.09490085377928834
id14173,0.00013171734001660921,0.9998039500796728,6.43325803106067e-05
id27559,0.0005196491024897963,4.560165664763679e-06,0.9994757907318454
id13722,0.8659677791254458,0.052768811528739745,0.08126340934581446
id09310,0.9328536452862372,0.05506796749699706,0.012078387216765794
id23024,0.9999672706880969,1.911952737121299e-05,1.360978453192343e-05
id24332,0.01624101483253847,0.981331119173527,0.0024278659939346134
id07699,0.4740441741880498,0.26144656738563227,0.264509258426318
id06837,0.5108199843917096,0.48163807427295646,0.007541941335333995
id07279,0.9939676946166803,0.0010467788678294614,0.0049855265154903055
id16451,0.10582036610232494,0.006677133425068107,0.8875025004726069
id17588,0.000215375243176637,0.9682406622379194,0.03154396251890409
id07018,0.9890823611013604,8.764940190644073e-06,0.010908873958448998
id12994,0.18798801627740472,0.7917140308211588,0.02029795290143651
id03703,0.9148252585066581,0.004053746304691447,0.08112099518865057
id01753,0.8865889394508369,0.005358944535622846,0.1080521160135403
id02866,0.003207225468266622,0.005343959762353352,0.9914488147693801
id21884,1.25328071936434e-13,0.9999999999996165,2.5816726018692854e-13
id27543,0.12670412691200614,5.626750180970731e-05,0.8732396055861842
id22149,0.002205757449157184,0.704660826541228,0.29313341600961496
id14595,0.8391212945048311,0.15439747696829137,0.006481228526877596
id12383,0.3250864835597449,0.6736789688118695,0.0012345476283855965
id27714,0.9504536665838152,0.049073973448929414,0.00047235996725535507
id17634,0.905148719153601,0.072348927874984,0.02250235297141499
id15906,8.232550596320502e-06,1.4437642186304579e-08,0.9999917530117615
id09047,0.0030519320405209124,6.63709092121215e-05,0.996881697050267
id02059,0.7401162466520224,0.01023171408106292,0.24965203926691465
id19107,0.9997462311311274,8.188985763788412e-05,0.00017187901123472523
id02385,0.3687063307797093,0.0009766424443717202,0.630317026775919
id21312,0.9915111424381972,0.008146279908103649,0.00034257765369917134
id02215,0.012805316204854162,0.9864055993455911,0.000789084449554734
id08928,0.6675333841113867,0.14941860954183914,0.18304800634677412
id07099,0.9999369244608572,5.600580136523511e-05,7.069737777568262e-06
id01935,0.7082343217391446,0.22318478270151,0.06858089555934535
id24757,0.013309580288702062,0.9857112881616373,0.0009791315496606656
id01848,0.01394297922445787,0.004668164182011019,0.9813888565935311
id06224,0.999996321592007,1.1157265609814801e-06,2.5626814319126976e-06
id15539,0.005148295732895626,0.8809060119379815,0.11394569232912288
id22907,0.0035526972005001122,0.9951800790013048,0.0012672237981951606
id12713,0.9999376877993932,2.502603975706639e-05,3.7286160849795934e-05
id15521,0.05784157410490284,0.05050590209297254,0.8916525238021247
id25539,0.6118207103617301,0.01664789750886388,0.37153139212940606
id23370,0.0009896172122057774,0.003635683708183594,0.9953746990796106
id15868,0.9532880965690159,0.017497572686854018,0.029214330744130088
id17808,0.0046245134030063655,0.007441252981418107,0.9879342336155755
id08241,0.35314642649444855,0.5983487763323655,0.04850479717318601
id27284,0.9556875103721799,0.04239593670895082,0.0019165529188693844
id20707,0.9932804557930462,0.006531558832032351,0.00018798537492139327
id03823,0.00024263882812027514,0.999606442478602,0.00015091869327780492
id00463,0.006518514029240023,0.940571355593397,0.05291013037736302
id07241,0.9592120412061613,0.04008135516444284,0.0007066036293957316
id05702,4.764277308625057e-06,0.9999949939498072,2.4177288412574454e-07
id18973,0.9746607152601195,0.005789036163911322,0.01955024857596908
id18662,0.7447099126479932,0.06583633109061404,0.18945375626139266
id06448,0.0013469281748212001,0.026518177064423172,0.9721348947607557
id21002,6.771324918457781e-06,0.9982427027155517,0.0017505259595298167
id08753,0.9998584774328049,0.00012314627524846815,1.837629194666755e-05
id27832,0.02093199621901202,0.9651807745199653,0.013887229261022729
id11341,0.1832514013901247,0.8113553011369692,0.005393297472906052
id11426,0.01836813210014609,0.07201921921061527,0.9096126486892386
id15388,0.02976674769558853,0.0004043216414062281,0.9698289306630052
id12801,0.8539775084301373,0.13101143206907126,0.015011059500791518
id02380,0.2826528567943225,0.002760485242265607,0.7145866579634119
id02777,0.5669326257879177,0.0005881994957553743,0.43247917471632696
id05412,0.026952938880193438,0.0005582794215956563,0.972488781698211
id01303,0.9998022534198073,0.00013540882683176546,6.233775336100372e-05
id21665,0.9982627673070148,0.00017747883758561166,0.0015597538553996544
id12973,0.010694459663522109,0.0005551108099630731,0.9887504295265148
id22046,0.9957766905460109,1.2525960015229072e-06,0.004222056857987549
id24035,0.009655832223662316,5.7240309760038196e-06,0.9903384437453617
id15513,0.028934340594189464,0.9703923333247697,0.0006733260810409146
id12302,0.17632592143259013,0.005650345739501534,0.8180237328279084
id01751,0.8905094027979564,0.045995049630391534,0.06349554757165204
id27003,0.9573271238744534,0.004174974679870585,0.038497901445676046
id14689,1.1371149156516643e-05,0.9999775076939184,1.1121156925118474e-05
id11885,0.9012594574490623,0.0038801908100714088,0.09486035174086631
id16558,0.512975004956301,0.31598276715853957,0.17104222788515938
id15785,0.33939046576797244,0.5610416923672921,0.09956784186473543
id25382,0.0001388906064594081,0.9997889676435664,7.214174997418642e-05
id19170,0.9727903509869975,0.02282782299193116,0.004381826021071302
id22689,0.9196949214381871,0.07669406200089535,0.0036110165609175796
id03178,0.9443463476673815,0.04143085147051217,0.014222800862106387
id22393,0.9041986062337414,0.00520127813620192,0.09060011563005668
id19215,0.2725905222109702,0.022312833049162793,0.705096644739867
id27829,0.4368096268022237,0.08651087309085838,0.47667950010691795
id11659,0.5373768501121228,0.0017772454456552434,0.46084590444222207
id25831,4.778403252081955e-10,0.9999999150498365,8.447232317295712e-08
id08781,0.9445571494421239,0.004328554777445982,0.051114295780430134
id11550,0.08688791149417466,0.9118268161172713,0.0012852723885540531
id25478,0.06390636674704948,0.0005712373364509159,0.9355223959164997
id09909,0.9999495494848334,4.0489025031044354e-05,9.961490135576367e-06
id09009,0.30684069725976815,0.0005750527053426601,0.6925842500348892
id12660,0.32382813879642997,0.0032418342855004634,0.6729300269180697
id23033,0.4167127819094554,0.2901157936640465,0.2931714244264981
id25937,0.8621542187425826,0.10302081995772847,0.03482496129968892
id10385,0.6757200917733263,0.3218126304933964,0.002467277733277242
id15288,0.0002993754687124721,0.0003028621932354834,0.9993977623380521
id06403,0.996191026021352,0.0037797875079370346,2.9186470710951785e-05
id18342,0.003334684965720715,0.9888209504357099,0.007844364598569284
id00497,0.21531503183754153,0.0007310628161087358,0.7839539053463497
id12156,0.9983261893352924,0.0016687506800440316,5.059984663683989e-06
id26825,0.9958082890876606,0.0012298490456441387,0.0029618618666953306
id20140,0.14925049260350884,0.0009977157881264735,0.8497517916083647
id06714,0.3717201097375479,0.015246984055331824,0.6130329062071203
id06017,0.00405422336998331,0.019913132700381166,0.9760326439296355
id14841,0.991588508526973,0.008092449023818544,0.0003190424492084924
id25646,0.018089340864038333,0.011698447503765228,0.9702122116321965
id09218,0.8626421478090759,0.1307599085918226,0.006597943599101579
id21857,2.9048277783522647e-08,0.9999999668261625,4.125559730538056e-09
id05750,0.006371559448627877,0.0024781887255278154,0.9911502518258443
id10507,0.024456939438676398,0.5362350011338578,0.43930805942746576
id09696,0.0059026710156506205,0.015372282527011215,0.9787250464573382
id00835,0.16198734369179454,0.805962831952265,0.032049824355940434
id26717,0.09761618049583297,0.01214359349321986,0.8902402260109472
id17573,4.341031564268325e-05,2.080611641832547e-05,0.999935783567939
id21144,0.11482975912124396,0.8125677344785214,0.07260250640023479
id02305,0.9959311161335257,0.004068555911714317,3.279547599805478e-07
id26035,0.3316878293010235,0.1539497045822685,0.514362466116708
id00878,0.9991418342003712,6.22466560228739e-07,0.0008575433330686211
id08728,0.6321911044991747,0.27074366249134124,0.09706523300948414
id10579,0.20565668506414095,0.6842391146215568,0.11010420031430228
id10720,0.5356919530962054,0.007102463527651722,0.4572055833761428
id09163,6.313584183610119e-05,0.00019243509127510157,0.9997444290668888
id16298,0.04837784787261652,0.9515762797249627,4.587240242070244e-05
id05342,0.7974927809548074,0.016779522375593,0.18572769666959962
id24256,0.08194783642079773,0.01595400412472313,0.9020981594544791
id12217,0.01707558539360439,0.9336060231203918,0.04931839148600388
id06159,0.9906498487396017,0.0038736627726052046,0.005476488487792993
id24394,0.9830825727161004,0.0053564953147810955,0.011560931969118421
id20232,0.0005703111291591807,0.005099125396779141,0.9943305634740617
id26856,0.9996455133090805,0.00022253949754911566,0.0001319471933704491
id15108,0.006951362259260606,0.9594090753318739,0.03363956240886541
id00751,0.8412380464739606,0.0006369669530717945,0.1581249865729677
id01784,0.9418234576847488,0.02225747701920603,0.035919065296045216
id26419,0.5274014503356103,0.17049324464951057,0.30210530501487914
id23877,0.4388913267817303,0.5516268376149817,0.009481835603287973
id05019,0.7544588087896946,0.017603506416611393,0.22793768479369403
id23003,0.0147826184992351,1.606526845101721e-05,0.9852013162323139
id22153,0.2826289376947457,0.10442433522431097,0.6129467270809433
id19726,0.002257938168159155,0.9933694247709248,0.004372637060916071
id19033,0.9924325628180033,0.0018740274064568806,0.005693409775539857
id00534,0.00014416699777809153,5.4866037259204754e-05,0.9998009669649627
id07030,0.8556043097925974,0.02680865644451723,0.11758703376288537
id08281,0.026955206242822348,0.713081710910996,0.25996308284618164
id00366,0.8587641579798253,0.12411134833895232,0.017124493681222423
id25446,0.03925988806143008,0.9000833409779518,0.06065677096061808
id25008,0.999999977100316,1.6855313869560895e-08,6.044370224707444e-09
id24142,9.268138874314911e-07,0.9999985495229368,5.236631758722288e-07
id25331,0.00031228631820757276,1.8778898923610108e-05,0.9996689347828688
id16549,0.41599861787626535,0.009003185474236997,0.5749981966494977
id12120,0.000958963928774756,0.9989544163476932,8.661972353211355e-05
id07518,0.08315816679425461,0.916639514916604,0.000202318289141401
id24749,0.0042233596635506895,0.0025612508394679515,0.9932153894969814
id23132,0.86596345818751,0.06284189068638116,0.07119465112610898
id05946,0.047427074818579856,0.0867074446182786,0.8658654805631416
id07427,0.9939576166761792,0.0002680438137187945,0.005774339510102004
id14601,3.9366449437875834e-07,0.999999502213074,1.0412243163199967e-07
id26504,2.8788487194366606e-09,4.3126584603756066e-10,0.9999999966898855
id27199,0.7489241594359634,0.16005256553653488,0.09102327502750185
id09610,0.5469054991327925,0.36603947041379076,0.08705503045341673
id02071,0.9996204099054116,0.00035163889144535133,2.795120314307942e-05
id24431,0.8170070599950695,0.09335953962662569,0.08963340037830482
id20756,0.24296499319484857,0.1703244567095694,0.5867105500955822
id06525,0.1393440161434926,0.019452931047696943,0.8412030528088105
id11646,0.9891656351048328,0.0002758627081683583,0.01055850218699884
id26808,0.9925764289360519,0.007313023881863554,0.00011054718208467493
id15122,0.901990937705016,0.010151831041592901,0.08785723125339112
id26052,1.6369159314668373e-05,1.282999841760208e-07,0.9999835025407012
id06693,0.9994777827193199,0.00015318793233213564,0.00036902934834808653
id13520,0.9999597649089159,2.3530984826520406e-05,1.6704106257547508e-05
id04381,0.8160604826327535,3.869286331083924e-06,0.18393564808091536
id23315,0.060119908654108135,0.04715811418465141,0.8927219771612405
id15685,0.9972254703638457,0.0023857291121234304,0.00038880052403100285
id12974,0.006946934940711373,0.05818823814388485,0.9348648269154037
id22302,0.8176245592560618,0.1258397541511918,0.056535686592746486
id04848,0.9578117017258191,0.017861780609740748,0.024326517664440155
id05104,3.986681789142252e-12,1.1495148176144656e-07,0.9999998850445316
id17169,0.0010201705567304915,0.9864472790572213,0.012532550386048263
id12736,0.004086797579945622,0.9956537800153145,0.00025942240474000934
id24659,0.9643091867000967,0.011991531554594832,0.023699281745308474
id24829,0.600975517727227,0.3897746776130304,0.009249804659742577
id04164,0.000253121499085404,0.9997244997504856,2.23787504289783e-05
id17795,0.2377271645841856,0.30896479303818186,0.45330804237763256
id09104,0.14360521219402622,0.8476461301937048,0.008748657612268966
id07833,0.003762125531232193,0.0007670730395104938,0.9954708014292574
id16733,0.9314452128075792,0.04338773829860039,0.025167048893820446
id18630,0.7287996134512718,4.548955238352943e-05,0.2711548969963448
id16064,1.1575483898136349e-06,1.0056008732048025e-05,0.9999887864428781
id00561,0.00023042343562292353,0.9993917836759278,0.00037779288844920467
id16627,0.7271531382888465,0.2309039666808183,0.041942895030335214
id02162,0.988422283831518,0.011558156468614226,1.955969986780887e-05
id16092,0.0008409272539585508,0.9735769798568965,0.025582092889145026
id10710,0.0005132117238074558,0.9994623921894511,2.4396086741463724e-05
id18885,0.5939312481571813,0.01261438494358905,0.3934543668992297
id10689,2.705527859523602e-07,1.114615732241961e-06,0.9999986148314819
id00486,0.06770418951745405,0.2662419548747128,0.6660538556078331
id02370,0.9995630479552915,0.0004313843475039887,5.567697204458916e-06
id22279,0.9968030277907484,0.00020607445026384524,0.002990897758987846
id16068,0.4760788852940869,0.003351566627198531,0.5205695480787146
id04053,0.0003233709448881558,1.8945504371853e-09,0.9996766271605614
id09228,0.9994341613422022,1.4834209696310476e-06,0.0005643552368282074
id04227,0.015614024712460301,0.9842181247739998,0.000167850513539936
id13578,0.952983508160277,0.03131772738150863,0.015698764458214415
id18744,1.7881155257569944e-05,0.0019253839705700834,0.9980567348741725
id22966,7.400824630699954e-05,0.00019238784300612915,0.9997336039106869
id02979,0.8526209546473114,0.008161565510604998,0.1392174798420837
id26203,0.9162829376954172,0.06857218349216636,0.015144878812416518
id21184,0.9927996740286957,0.0025261185737958445,0.004674207397508421
id19201,0.9959212633034084,8.653727989008334e-06,0.004070082968602617
id20340,2.2271752275966085e-07,0.9999994325269362,3.447555410257397e-07
id00692,0.00486909886844417,0.004165952080145331,0.9909649490514105
id17757,0.015995198687852753,0.0001524971371538741,0.9838523041749934
id22771,0.006851458465880806,0.003369345725729242,0.9897791958083899
id10753,0.06997138184359096,0.9290853530179145,0.0009432651384945316
id11899,0.9898191124517365,0.00691737460462765,0.003263512943635967
id20961,0.9529948895451179,0.04526644966431866,0.0017386607905633762
id06095,0.04259817977579224,0.946930022340477,0.010471797883730776
id23625,0.9212792950728113,0.07655665072989755,0.0021640541972911707
id03942,0.9880685637044709,0.008958556299223909,0.0029728799963051815
id19591,0.007420251860878226,0.9575348138417574,0.03504493429736434
id19732,0.9247330828154451,0.001701285323314576,0.07356563186124036
id24912,0.0002943050697704453,0.9995614599985372,0.00014423493169230008
id15060,0.986640648714652,0.007020336599562217,0.006339014685785878
id08018,0.021426496084208952,0.9688525377998238,0.009720966115967145
id02851,0.9917594607067876,0.0017285720356228053,0.006511967257589614
id02327,0.09666379886639814,0.10105795595682791,0.802278245176774
id22631,0.8772187694102777,0.02801781567004301,0.09476341491967932
id22240,0.7753537243761128,0.20230755907418604,0.02233871654970116
id05114,0.4061638393007128,6.43789428031668e-05,0.593771781756484
id14979,0.000879165501780302,0.9990795711242624,4.1263373957308304e-05
id25837,0.0005711626821649971,0.9993624971431172,6.634017471787735e-05
id17457,0.8163629428126787,0.004998359229406414,0.17863869795791493
id23050,0.0008519137649862471,1.5943818637864312e-06,0.99914649185315
id06461,0.8109354026929285,0.001060053960558092,0.18800454334651334
id03154,0.8248970497884875,0.003576688076904019,0.1715262621346084
id20285,0.9999912743277962,4.7620583341306595e-08,8.678051620424903e-06
id23166,2.957202638425261e-07,0.9999996963702051,7.909531140070107e-09
id11496,0.8665162494972217,0.12738411026909843,0.006099640233679934
id09569,0.9826948553759022,0.011727966322967185,0.005577178301130668
id11193,0.24519055023669697,0.7468268786815698,0.00798257108173326
id26696,0.995332956981967,0.004479772686822909,0.00018727033121018153
id15363,0.04187691379606324,0.9475782997575086,0.010544786446428039
id13046,0.4920657712461303,0.11324677799192973,0.39468745076194
id17653,0.0001128863452958509,0.9998865335214142,5.801332900000068e-07
id18812,0.00025466169181954197,7.815325820905052e-08,0.9997452601549223
id23232,2.531041223694399e-07,0.9999994147099964,3.3218588126328304e-07
id05290,0.4078659371992582,0.5232566929214614,0.0688773698792804
id10667,0.8956058177884759,0.0058720424850200025,0.09852213972650412
id15546,9.491026542374335e-05,5.882321898915701e-06,0.9998992074126773
id05862,0.025157796770857825,0.04108290790080671,0.9337592953283355
id06225,0.00016443719231553567,0.0035059167788087783,0.9963296460288756
id17617,0.6062394206451379,0.0025836274915292143,0.3911769518633329
id00814,0.004115821774679548,0.002414197853724539,0.993469980371596
id18898,0.012707450293127136,0.7590868445791407,0.2282057051277322
id19395,0.00019944774170303187,0.9923469829423099,0.007453569315987047
id19520,0.3356186455852037,0.6544247528318212,0.009956601582975054
id27501,0.42770638242290715,0.08501023201799146,0.4872833855591014
id06327,0.015564771741973207,0.03996421641628648,0.9444710118417403
id00330,0.001432433451559867,0.8751040619548152,0.12346350459362498
id03792,0.14032329091253257,0.7349871023689601,0.1246896067185073
id09320,0.8352984047394709,0.16003827597012735,0.0046633192904017105
id04678,0.007976692622660823,0.008917774209095447,0.9831055331682437
id11663,0.9561490652688472,0.0003218373719372838,0.043529097359215535
id24945,0.00266086897287898,0.00022067767238684993,0.9971184533547341
id03046,3.3610203232600644e-08,0.9999999056473232,6.074247354500138e-08
id20236,0.881597289137709,0.0012217609648374473,0.11718094989745369
id07869,0.4518135881218444,0.14011778811338174,0.4080686237647739
id08152,3.8844653327073904e-08,2.932000841866841e-08,0.9999999318353383
id02910,0.0036624720272653774,0.9958018117914175,0.0005357161813172337
id26837,0.10176158228124343,0.5473910068564463,0.35084741086231036
id24188,0.04113715034396536,0.9311090289584666,0.027753820697568033
id08748,0.007205595234960342,0.307596730274655,0.6851976744903847
id18608,0.7825679461733303,0.0038904653740048155,0.2135415884526649
id18773,0.8557832555239528,0.015618114110433018,0.1285986303656142
id21822,0.9940807672582651,0.0027320251850309857,0.003187207556703831
id09721,0.0725431691625452,0.012373786354959981,0.9150830444824949
id23152,0.9986543983407389,0.00040761977217304264,0.0009379818870880632
id02249,1.0266624559755729e-06,0.9999989099930979,6.334444609511115e-08
id14065,0.9435534467417254,0.04761458591672845,0.00883196734154606
id01598,0.0009341988533422433,7.000825997093069e-05,0.9989957928866868
id06294,6.283526114421636e-06,1.5858437105350276e-07,0.9999935578895145
id19196,0.9950891911153241,0.004876824529021222,3.398435565460739e-05
id06846,0.8414499572704321,0.10716468712316367,0.051385355606404004
id02239,0.007286795750421489,5.93038468801193e-05,0.9926539004026984
id20363,0.00012735656834355824,1.244333085968053e-08,0.9998726309883256
id14986,0.0007290456637690301,0.9992510936493939,1.9860686837004764e-05
id25864,0.002133315203229609,0.0012705555611127958,0.9965961292356575
id22272,0.8587850354207172,0.0014464394675341005,0.13976852511174873
id06212,0.7475249413426581,0.046787633456817086,0.2056874252005247
id15497,0.01896346617118245,0.9640489241832129,0.01698760964560464
id12206,0.00010547783147331726,4.8675954997819097e-05,0.9998458462135289
id03109,0.0004376033719461845,0.9995362423187395,2.61543093142929e-05
id00812,0.0703122972553346,0.0012901615568970577,0.9283975411877683
id04837,0.2955497437693685,0.3451111448409031,0.3593391113897284
id14518,0.9985830247809311,0.0012710027227741747,0.00014597249629475607
id18095,0.21423427156855143,0.7734143925318147,0.012351335899633997
id15831,0.10460388925074784,0.841850086979858,0.05354602376939402
id12558,0.21704706800266033,0.6429224619051249,0.14003047009221478
id27858,0.9915300268426619,0.008387886265787846,8.208689155026925e-05
id24074,0.9774821133950461,0.02030283444582479,0.0022150521591290696
id23039,0.9996256105299809,0.00034779379235022877,2.6595677668890616e-05
id23415,9.34843675554556e-09,0.9999999887227156,1.9288476555936593e-09
id00613,0.00011234494896300119,0.0003624989892807794,0.9995251560617563
id11373,0.05553239283582048,0.0024206461702299138,0.9420469609939496
id00493,1.9013742965316375e-06,0.9998877218876261,0.00011037673807743346
id20781,0.18874408461082814,0.5869121474800475,0.22434376790912436
id16367,0.9955512195208794,0.004270249564342139,0.00017853091477838953
id09831,0.003317492335473382,0.9913341387526438,0.0053483689118828575
id08016,0.0007023241902161094,0.9991307189556817,0.00016695685410212245
id02860,0.006241964904822918,0.9908475426664537,0.0029104924287234996
id02382,0.09542965460797054,0.086058594660037,0.8185117507319926
id06900,0.883739850896258,0.0032279524151790752,0.11303219668856299
id26499,0.9999488424053868,5.580207601757353e-06,4.557738701142583e-05
id21696,0.1181982880720413,0.1509658008443232,0.7308359110836355
id21364,0.030778228738220902,0.9617042187369136,0.007517552524865471
id02752,0.4944032276899152,0.03634792968014825,0.46924884262993666
id02765,0.8623164074398934,0.00010676813172191165,0.1375768244283848
id10307,0.9814278075412352,0.0061644260299716855,0.012407766428793106
id26542,0.010708373912869938,0.0013784549419384089,0.9879131711451916
id05416,0.9211254592571508,0.032566156237117505,0.0463083845057315
id03671,5.8306502498331235e-05,0.9999304794528923,1.1214044609463243e-05
id03740,0.003043983330025439,0.9969060244784826,4.999219149199616e-05
id25818,0.9474573992268798,0.0021202071789388276,0.050422393594181415
id23290,0.9981915914245397,0.00020688940985433193,0.0016015191656058637
id13438,0.0013427796529504501,0.012901992257820887,0.9857552280892287
id15502,0.7823085058589314,0.03305531399564553,0.1846361801454231
id18946,0.870369279914608,0.006336105792630206,0.1232946142927618
id26357,0.010388244741231354,0.575437009556288,0.4141747457024807
id13701,0.9978211634172062,0.0002848520397616293,0.001893984543032267
id20217,0.006306412794408078,0.9898344364877629,0.0038591507178289434
id12716,0.47223975588250516,0.2564930825654192,0.2712671615520757
id03995,1.4509378770807265e-05,0.9999826475457598,2.8430754694146847e-06
id16808,0.999558641569521,0.00039804379897677764,4.33146315022375e-05
id11082,0.9673676442050538,0.00020205623242330363,0.03243029956252288
id06832,0.019808388411645766,0.0003110957215095281,0.9798805158668448
id11655,0.19973162021477633,0.795809603077089,0.004458776708134698
id12727,0.780696492171579,0.1568965427730154,0.062406965055405494
id14495,0.009943177656601543,6.946146784834153e-05,0.9899873608755502
id15414,0.9990434554342726,9.35126814856862e-05,0.0008630318842416787
id03844,0.8798473923878103,0.008381135320288587,0.11177147229190112
id22810,0.005137136941497506,0.058730729423782733,0.9361321336347197
id05794,0.002594334229773576,0.9974022914479278,3.374322298623255e-06
id01611,0.000921724335007801,5.916327235996136e-07,0.9990776840322686
id11150,0.10008744775126321,0.8893805500236575,0.010532002225079428
id27616,0.5935988984291055,0.00020295675627378932,0.40619814481462074
id09738,0.43287660906237796,0.2181059550159694,0.34901743592165263
id23766,0.569127642466813,0.4301357313940823,0.000736626139104694
id06124,0.09081365208520696,0.10808653014460522,0.8010998177701879
id00926,0.999052231805428,0.0009406225862915678,7.1456082803943245e-06
id11991,0.007571314326741562,0.00013142469706369547,0.9922972609761948
id22681,0.8828650292091951,0.11179292080431377,0.005342049986491226
id00979,0.002019898762670138,0.9976218748137432,0.0003582264235865944
id26300,0.5189710998072866,0.03481143965029397,0.4462174605424194
id15518,0.20949045795126195,0.002060381756289409,0.7884491602924487
id26839,0.9886597545845935,0.006420878442905948,0.004919366972500462
id16154,0.9875403423845561,0.0019007214734551843,0.010558936141988724
id12877,0.9997249315178376,0.00011410149752107608,0.00016096698464134544
id02816,0.0023728348169368215,0.9976236153960446,3.549787018571714e-06
id13400,0.009856917946436564,1.1946491561315793e-05,0.9901311355620022
id14369,0.018811057817981817,0.7036060033645141,0.2775829388175042
id04073,0.8981762411101845,0.07591944749011093,0.02590431139970466
id04639,4.942389807347437e-08,0.9999935146393075,6.4359367943601905e-06
id09970,0.10810322464231971,0.005599526385156853,0.8862972489725235
id23994,0.8502740954654145,0.0792378790228262,0.07048802551175933
id24728,4.309653421519563e-06,0.9999951987974027,4.915491757497104e-07
id11539,0.9924638337719769,0.0027043952333008704,0.004831770994722221
id18368,0.004602205341242801,0.0011172622776346418,0.9942805323811226
id07722,0.9714649147713816,0.002451079996914037,0.026084005231704337
id10355,0.0014268410565733977,0.998211500809714,0.0003616581337125969
id02842,0.9655441682854276,0.033195028514409905,0.001260803200162617
id02826,0.9999951859256879,3.971669270533646e-06,8.424050414677381e-07
id14517,0.10084425083017556,0.8877941886105889,0.011361560559235514
id14833,0.7381881221459758,0.03448511899497415,0.2273267588590501
id00491,0.9975393419982135,0.0020170617348413415,0.0004435962669451875
id10784,0.0011527036623762334,0.9877989107622644,0.01104838557535932
id27648,0.9853042965594805,0.013884087476490291,0.0008116159640293001
id00372,0.411458410130337,0.47748238370737667,0.11105920616228641
id12796,0.0028816498755441923,0.0011167367976634595,0.9960016133267924
id06215,0.2621492370652809,0.7310128211193428,0.006837941815376314
id24722,0.00799648075805482,0.00025851737229649186,0.9917450018696486
id02729,0.0016588872262488237,0.010004901501049861,0.9883362112727013
id01783,0.009825128421623567,0.009780293176037154,0.9803945784023393
id03025,0.004189409080278994,0.006175734259787616,0.9896348566599333
id03714,4.3010661740312256e-05,0.9998292206774835,0.00012776866077628357
id00173,0.007678035933351472,0.9908875246904183,0.0014344393762301879
id09268,0.030057975456075373,0.0004183061190622035,0.9695237184248625
id08738,0.461510990077865,0.5362050522472731,0.002283957674861831
id18561,0.9917102339818685,0.007459766008563904,0.0008300000095675777
id04877,0.9200075211179581,0.000629186260556618,0.07936329262148525
id15173,0.06556451681990776,0.9263665943190945,0.00806888886099776
id23020,0.012005099489911799,0.7344789970770984,0.25351590343298985
id04105,0.0007396223238657971,0.9981272543095892,0.0011331233665450371
id27807,0.9043892355601412,0.019623715423952266,0.07598704901590661
id08966,0.8706457369947372,0.12559444845721046,0.003759814548052388
id15469,0.004240064742437792,0.0004440919215237997,0.9953158433360384
id26904,0.8824917956667454,0.0010205084245568522,0.11648769590869781
id14258,0.9363544970000329,0.006280611142536355,0.05736489185743077
id04371,1.5887124814567468e-06,1.7835256789279208e-07,0.9999982329349507
id13963,0.9613787489758678,0.001250994019830432,0.037370257004301785
id19097,0.9312859493796314,0.0024095988556675193,0.06630445176470114
id00350,0.03132957905913267,0.00019561681498115533,0.9684748041258862
id03571,0.9852256575483157,0.010065487638305008,0.004708854813379273
id05647,0.9982343452872869,6.76089095845297e-05,0.0016980458031284373
id03720,0.00034571356119767935,0.9996474603680027,6.826070799618953e-06
id10208,0.9938208023825258,0.0008228819872349587,0.005356315630239303
id04526,0.009074655227423544,0.8301449460433622,0.16078039872921435
id23694,3.3117276804148736e-05,0.9999580579645414,8.824758654441154e-06
id13795,0.9996406219111595,2.77806956220983e-05,0.00033159739321833625
id04551,0.13938052736625983,0.8327444226706975,0.027875049963042717
id13292,0.9727049901774949,0.02718651213910616,0.000108497683399033
id18196,0.1304708198447968,0.7313806674059831,0.1381485127492201
id12175,0.9999993157967645,2.2183728743803444e-07,4.6236594807269183e-07
id09482,0.9978782368018891,0.00041219798694469713,0.0017095652111661123
id17574,0.01634594242460014,0.0042168550339942565,0.9794372025414056
id12316,0.0016289998061989497,0.9981126593474127,0.0002583408463884089
id01875,0.01260978979882799,4.146189957184574e-08,0.9873901687392724
id12688,5.936939941367069e-07,0.9999966904753127,2.7158306931334536e-06
id12192,0.3339407367740979,0.24897506441314948,0.41708419881275266
id14713,0.0010429597723861407,0.00015602760267379026,0.99880101262494
id05961,0.001215797507588245,0.001244386615738034,0.9975398158766737
id04556,0.9886871824269621,0.0006342406219077238,0.010678576951130234
id20641,0.9758880119717098,0.024099190824743995,1.2797203546189037e-05
id24624,0.35915097581267236,0.027369055113499845,0.6134799690738277
id20096,1.4813243466553387e-06,0.00011417158333132483,0.9998843470923221
id03013,0.1246360320359562,0.40344655427727266,0.47191741368677115
id06775,0.8537313941579916,0.00025077612352000756,0.1460178297184885
id17068,0.8057534672780163,0.09154585877168099,0.10270067395030272
id25344,0.0018117625028607053,0.9978154983422269,0.000372739154912379
id04523,0.23507787870401606,0.5682155742623048,0.19670654703367912
id00132,0.731712523492484,0.2675806652738575,0.0007068112336587235
id11631,0.00012651317870396436,0.018270909906731077,0.981602576914565
id09022,0.0008074428793631043,0.0003430523784140768,0.9988495047422228
id10188,0.004515727631223746,0.005966703116263595,0.9895175692525127
id12752,0.8584641142637165,0.11004696870081725,0.031488917035466114
id02576,0.0032078956503019808,0.0025760919987788847,0.9942160123509192
id22768,0.9520872884893413,0.033471919283390196,0.014440792227268498
id25350,0.5212073620831078,0.002562469096062194,0.47623016882082997
id06560,0.9999996565121809,1.7853494560151325e-08,3.256343245395991e-07
id20366,0.046350730103519415,0.23025780952835034,0.7233914603681303
id10840,0.9993748490484253,0.0006083768435894276,1.677410798528534e-05
id18880,0.9869530657532041,0.010703134719515938,0.0023437995272800665
id11683,0.8480785099331135,0.1253450677278785,0.026576422339007887
id14734,0.21953957083181447,0.0021243066408334252,0.7783361225273521
id15336,0.05190338113280605,0.9476369753681085,0.0004596434990854249
id15319,0.9958435982107775,0.0030489916532360642,0.0011074101359865411
id03829,0.002821968548502207,0.991319233890174,0.005858797561323757
id18451,0.841803149990362,0.01131566899884053,0.14688118101079753
id11816,0.9997998323695805,2.9084041176940672e-06,0.00019725922630182532
id21792,0.9654947174689407,0.022895619696789833,0.01160966283426945
id26921,0.9789194141020305,1.1349689174271493e-08,0.021080574548280315
id08664,0.33716452731121666,0.09083027649252773,0.5720051961962557
id06944,0.023335497304121405,0.9733255351287049,0.0033389675671736886
id20817,5.7370777079715145e-05,7.423879058111174e-06,0.9999352053438623
id02759,0.9738366256696424,0.00919948227350527,0.01696389205685228
id01449,0.23378700419306792,0.7579873621658513,0.008225633641080813
id26909,0.9592685564559189,0.010073069044671899,0.030658374499409252
id03113,2.581430639047695e-07,1.4215202222419807e-07,0.9999995997049139
id18364,0.9239444871252398,0.0006949083677803053,0.07536060450697998
id21004,0.00012790193169560693,3.4347202617885237e-07,0.9998717545962782
id00305,0.019937499534285412,0.009535673096346977,0.9705268273693676
id03374,3.9105999841540845e-05,0.9996533283998357,0.00030756560032276333
id18916,0.9951873125319654,0.004033205630593296,0.0007794818374414463
id06535,1.51966725734269e-08,0.9999999847890382,1.4289272177024588e-11
id25067,0.9999997480018423,1.3290878930310973e-07,1.1908936836833017e-07
id27726,0.06179497080857704,0.916161886053105,0.02204314313831804
id21767,0.9114823421368314,0.02636721779518137,0.062150440067987235
id17581,0.993157243784894,0.0029705594069957013,0.0038721968081102845
id02354,0.8589480337893207,0.009500746981945644,0.13155121922873364
id16505,0.9543913511513363,0.005758075326474895,0.039850573522188834
id00573,0.999506471579859,0.00014678416994257212,0.0003467442501985301
id23256,0.9989687829711495,1.709443245285852e-08,0.0010311999344180369
id25798,4.6345096944584993e-05,0.9999156419973239,3.801290573156282e-05
id10439,0.12800826957969258,0.4915207658208654,0.38047096459944196
id00652,0.017573847790548436,0.9515493097528483,0.030876842456603274
id17696,0.9999999999145166,8.089109438758066e-11,4.5924294824205845e-12
id22911,0.003075956550411683,0.0028926197944075744,0.9940314236551808
id19382,0.06024573666106104,0.0012295751241923783,0.9385246882147467
id12258,0.6681226939439313,0.04695216718468672,0.284925138871382
id19349,8.475139803849086e-06,0.9999904734948584,1.0513653377676958e-06
id05653,0.9995681351023512,0.00014300956010866495,0.00028885533754004043
id24532,0.019571354381360418,0.033773708367648404,0.9466549372509911
id04344,0.9960973685303811,0.0019613995044768812,0.0019412319651419705
id26369,0.015165044014702565,0.44220640053452875,0.5426285554507687
id07974,0.2423150690673732,0.06213367688616906,0.6955512540464578
id11844,0.020948776215552866,1.236782066994901e-06,0.9790499870023802
id15836,0.9946679126030995,0.0021481769761243974,0.003183910420776121
id03278,0.0547527440799269,0.00021952189745367062,0.9450277340226194
id25245,0.9284773955774714,0.06782442108519815,0.003698183337330379
id10690,0.05089287296458877,0.0008336281893747461,0.9482734988460365
id13618,0.910150194163814,0.06377829210689215,0.02607151372929392
id05898,0.6538619568634778,0.01300252807068806,0.33313551506583416
id08866,0.21999683413236404,0.631308683517738,0.14869448234989813
id21212,0.010518752731391164,0.0003371746308194807,0.9891440726377894
id14035,0.974911761107485,0.00012255121442846122,0.02496568767808648
id27517,4.849227120796519e-05,1.5354399968443673e-06,0.9999499722887952
id22280,0.6174072740322475,0.10814672444320833,0.27444600152454424
id05488,0.93100049865163,0.06760196107180903,0.0013975402765609476
id07921,2.1911442488754028e-07,0.9999996895633697,9.132220535293236e-08
id26774,0.9950319340532912,8.063045288292002e-06,0.0049600029014205405
id05200,0.0016899749152231996,0.9983051049612565,4.920123520386104e-06
id07514,0.005993889732937038,0.9939912395518735,1.4870715189498281e-05
id26147,7.051069440178154e-07,5.881454309302537e-05,0.999940480349963
id16015,0.0001472309813506381,0.0007934956110410758,0.9990592734076083
id05730,0.9987504538586799,0.0005957646727041444,0.0006537814686159888
id10680,0.03710401553232599,0.12230645886489706,0.840589525602777
id17677,0.37257402006973234,0.395821799875199,0.2316041800550686
id11519,0.00167256600240707,0.0009862959273409333,0.997341138070252
id03255,0.952155657744122,0.047015943104525226,0.0008283991513526497
id04658,0.0957432463180433,0.00298661156691487,0.9012701421150419
id15449,0.00228031892738482,0.002147292761721939,0.9955723883108932
id08702,0.00996165786017924,0.9833792768459041,0.006659065293916711
id20255,0.040008339782450046,0.7441064810174671,0.2158851792000829
id03108,1.4473119572808992e-06,0.9999198388347487,7.87138532941354e-05
id09118,3.968483864967035e-06,1.8344852638562573e-06,0.9999941970308712
id16335,0.7737988224144222,0.022475719430877263,0.20372545815470056
id05595,0.9442393093372177,0.04931181021766744,0.006448880445114905
id06774,0.994770619632899,0.0031815745964560377,0.002047805770644845
id23750,9.443598784475232e-06,1.367633048633071e-07,0.9999904196379107
id23246,0.9003003477992066,0.015371821908080428,0.08432783029271296
id06156,0.0692332167195819,0.8939352612795702,0.036831522000848
id01049,0.010477362751176238,0.9736028104217888,0.01591982682703494
id22801,0.0006208511730803043,0.999375763328669,3.3854982507386985e-06
id14034,0.992169842558972,0.0007158550167171755,0.007114302424310747
id01156,0.028849358884169934,0.9638863198596627,0.0072643212561674135
id13489,0.8759906366777214,0.12251096252540691,0.0014984007968717294
id18217,0.038375124423673364,0.8785665843649341,0.08305829121139248
id02048,0.003698711133799012,0.995978896958041,0.0003223919081599487
id03684,0.99307434584527,0.0051138502619512,0.0018118038927788225
id11208,7.271887448119186e-05,2.81908258349986e-05,0.9998990902996838
id14453,0.4867625217616282,7.298947891563046e-07,0.5132367483435827
id03798,0.47547573458158543,0.011755663015832578,0.5127686024025819
id19911,0.017257136856913605,0.5468722245696683,0.4358706385734181
id04907,0.0016610478296820402,0.0037312694994785633,0.9946076826708394
id11148,0.9999978774798732,1.66519419348493e-06,4.573259332685128e-07
id23996,1.3354304773286766e-08,0.9999452391012389,5.474754445635134e-05
id19833,0.990707923725242,0.008886369454038773,0.000405706820719235
id01932,0.9994016144101426,0.0005964558290042712,1.9297608531013377e-06
id12137,0.7034304279790896,0.2749746800397203,0.021594891981190033
id20511,0.6754480998587289,0.005293057881786748,0.31925884225948425
id09367,8.907031558904859e-05,0.9998785799582764,3.2349726134560776e-05
id20856,0.0004983640170997945,3.3175638706146963e-07,0.9995013042265132
id20704,0.6293883044636206,0.0004125782258222385,0.3701991173105572
id14526,0.49247251268077397,0.18192369537052905,0.32560379194869704
id08881,0.0007425632249965838,0.999200217369235,5.721940576839493e-05
id04366,0.8502961242273991,0.1494896337625216,0.00021424201007913635
id05521,0.9964519791013864,0.0010440175543624816,0.0025040033442511062
id10588,0.004130875115639164,0.7940067329309275,0.20186239195343342
id20689,0.8018995353139345,0.09814058332420152,0.099959881361864
id16667,0.3097540384253674,0.6872903516632332,0.002955609911399512
id25279,0.928637465977091,0.009556344855594019,0.061806189167315076
id24194,0.0022614451239962507,0.9964104828295529,0.0013280720464508631
id27341,0.997935403522025,0.0020622829743272503,2.3135036477740155e-06
id25695,0.9317221933368635,0.010099441960378371,0.05817836470275822
id01758,0.29432805398425405,0.06628832789832569,0.6393836181174203
id02431,0.0020727562638067206,0.9236218372256375,0.07430540651055569
id19940,6.715355518555026e-06,1.1020448639660383e-08,0.9999932736240329
id23926,0.9168516336910038,0.08256944367771177,0.0005789226312844856
id14343,0.6652552905040495,4.4749733786174585e-05,0.3346999597621644
id06043,5.719290021900696e-05,4.171101192141816e-06,0.9999386359985889
id05551,0.9181157998329328,0.04836061359593759,0.03352358657112967
id16698,0.00019077392655435742,0.9997795638009555,2.9662272490243136e-05
id26006,0.9952218911140487,0.003928974174064553,0.0008491347118867767
id16244,0.00038089171315769057,0.9994983946393413,0.00012071364750101034
id21129,0.9999864429980633,1.4542647291934665e-07,1.3411575463868102e-05
id14317,0.00015789990632654547,0.00044189821607692103,0.9994002018775966
id16443,0.17794286105503698,0.0003367675787977139,0.8217203713661654
id00044,0.006793437966646292,0.00021505889565888984,0.9929915031376948
id01365,0.0018926011008606987,0.9957500512469584,0.0023573476521809586
id12797,0.8072865393461093,0.003065669802622319,0.18964779085126843
id21275,0.9593175206109256,0.0004961213820169441,0.04018635800705749
id13801,0.08057908776712112,0.07751364604552641,0.8419072661873526
id20770,0.0009950758094916991,0.995089740357292,0.003915183833216329
id03078,0.9326077582156977,0.06737751740411405,1.472438018831969e-05
id21589,0.9707930595661299,0.001079382085901371,0.028127558347968658
id25572,0.016822337982345312,0.00044963053256332223,0.9827280314850914
id10712,0.9986997648100868,8.116506900878095e-05,0.0012190701209044074
id25061,0.015147728047681436,0.1044792293336487,0.8803730426186699
id03163,0.03947297013837318,2.783115912005956e-05,0.9604991987025068
id12341,0.859342400454894,0.006929957941667782,0.13372764160343828
id25107,2.8992349412714794e-11,0.9999999995430842,4.2792348545522895e-10
id21945,0.9966625089738503,0.00229739324039939,0.0010400977857502912
id14078,0.002545448719447344,0.026406427475147612,0.9710481238054051
id06876,7.422318703562153e-06,2.7521780100520412e-05,0.9999650559011959
id05232,0.003192787819375324,0.9958758910340728,0.0009313211465517657
id07071,0.4946417356718164,0.0002125871072316353,0.5051456772209519
id10646,0.010503098055135354,0.9618067988846002,0.027690103060264402
id25540,0.7335534917839005,0.2658544029544048,0.0005921052616946993
id25607,3.267331050213119e-05,0.9999300787113738,3.7247978123942746e-05
id16479,0.9990197587113541,3.426361088460297e-05,0.000945977677761315
id05998,0.014656057084444426,0.9836924151728149,0.001651527742740644
id20554,0.27814278957985816,0.002778912741942132,0.7190782976781996
id27217,0.950428920599998,0.015412578295291064,0.034158501104710984
id20110,0.005094802734579195,0.9733455202349256,0.021559677030495276
id01990,9.840675968881666e-05,0.9997996111147731,0.00010198212553797567
id17080,0.2750322752582473,0.37610889687687643,0.3488588278648763
id19120,0.7015838012410017,0.2702899563898607,0.02812624236913755
id08476,0.007552275530459743,0.01721641563000227,0.975231308839538
id03715,0.004422310326386445,0.9948078669308545,0.0007698227427590455
id27208,0.9467186487938192,0.000502023534001637,0.0527793276721792
id04508,0.9994245213570103,0.000550991417065532,2.4487225924239204e-05
id11233,0.22847373496030143,0.004671265632073072,0.7668549994076255
id14237,0.9100194642997295,0.04581496843926237,0.0441655672610082
id12006,0.6475183689744254,0.3402817847259685,0.01219984629960614
id22925,0.0002271942607574044,3.9670188890664786e-05,0.9997331355503519
id07141,0.9865483133802856,1.7972208272813183e-08,0.013451668647506103
id08449,0.42802278700409274,0.00635234692885826,0.565624866067049
id16468,0.9379801579976691,0.00126000739391809,0.060759834608412805
id21415,0.0010558803674317588,0.0015079050396360084,0.9974362145929322
id09388,0.9999976181065368,1.6645256751860832e-06,7.173677880849987e-07
id24767,3.826542231151964e-08,0.9999999144060441,4.732853368566731e-08
id19247,0.998863621008713,0.0007354584493704747,0.00040092054191654905
id07068,0.8261790689039966,0.1643598728707333,0.009461058225270089
id27597,0.9499076655227664,0.049809865896414764,0.00028246858081890536
id21380,0.9343341455947801,0.06441270053858902,0.0012531538666307783
id01178,0.004965915392065003,9.051858701129742e-07,0.9950331794220649
id15323,0.9995267608802625,0.0002552199934506766,0.00021801912628684482
id14784,0.9996128361351461,6.890627272717738e-06,0.0003802732375811693
id07174,0.7012787055109632,0.04135041267442715,0.2573708818146097
id06577,0.9998526520019488,6.396593994051643e-05,8.338205811065128e-05
id06582,0.9212361021953026,0.04599716793428939,0.03276672987040796
id21088,0.02823739549069592,2.578026880191707e-06,0.9717600264824239
id16436,0.0069183839735907585,0.9880204226296659,0.005061193396743274
id25443,0.827118023274094,0.017575216123261826,0.1553067606026441
id16617,0.16409621222816026,0.0007604412852293984,0.8351433464866104
id21757,0.24647294377667306,0.17053935039591664,0.5829877058274103
id25902,0.31872117437381453,0.14863105608906949,0.532647769537116
id11238,0.8005576811046873,0.18015189292279266,0.019290425972520155
id13861,1.079330632326578e-05,0.999468740719865,0.0005204659738117495
id04171,0.0022731666394116166,0.006287052894751559,0.9914397804658368
id21483,0.057868775407155224,2.154840588607532e-05,0.9421096761869587
id12635,0.08801793633115468,0.25558918064039454,0.6563928830284508
id11666,0.010392121675730673,0.983832586257499,0.005775292066770295
id21552,0.8911718260893504,0.1071571237640954,0.0016710501465541856
id13582,0.004933422584883738,0.9946982590111916,0.0003683184039247232
id06447,0.9249441213333298,0.012126124687088317,0.06292975397958196
id22998,9.954670636011695e-05,1.32944964287185e-07,0.9999003203486756
id15616,8.763998389811913e-05,4.705948621418614e-05,0.9998653005298878
id09613,0.0002595018643614825,0.9997351617284844,5.336407154045157e-06
id09318,0.05799625866418461,0.9406880506515316,0.0013156906842836317
id07653,0.9996095603643288,0.0001788404494745014,0.00021159918619683785
id21311,0.7284684467874641,0.24651295084936917,0.025018602363166737
id21030,0.29225655383613036,0.7025688174860633,0.005174628677806404
id10363,3.366547122045742e-05,0.985367146668475,0.014599187860304617
id02624,0.8200602619828847,0.01769354489205714,0.16224619312505825
id21462,0.25666457886129457,0.004799922107948861,0.7385354990307565
id24961,0.0009224819260044106,0.9703549775885653,0.02872254048543043
id08598,0.03049703200493095,0.0044451300007325905,0.9650578379943364
id22701,0.9304162529703998,0.06603301292004445,0.0035507341095558013
id24954,0.26399374998432035,0.001510307554813684,0.734495942460866
id24432,0.9781997754750695,0.019306945002364274,0.0024932795225661897
id08123,0.0006834921344231667,0.003066267127526428,0.9962502407380505
id08456,0.03496328692709838,0.0009308806433717663,0.9641058324295299
id02792,0.7707996328424718,0.05413362854827448,0.1750667386092537
id01034,7.316681189027191e-05,0.9999098630045716,1.6970183538082534e-05
id05336,0.11283168388714984,0.847202419700174,0.03996589641267623
id16773,0.024099444236054694,0.9495576752089687,0.02634288055497662
id20275,0.05354165014437975,0.9457844232569966,0.0006739265986236691
id22357,0.019251863788927744,0.9689959234208767,0.011752212790195511
id08426,0.9975766723261237,0.0023355976355452657,8.773003833112644e-05
id26118,0.7163958222650105,0.08486587427226289,0.19873830346272656
id27377,0.004456036834756462,0.003474450686827724,0.9920695124784158
id19738,0.1723703616524689,0.8043799911970347,0.02324964715049638
id27211,0.996145678048451,0.0024916441163707784,0.0013626778351781715
id20362,0.7533366939029253,0.0004565310477744568,0.24620677504930027
id10769,0.449279507240638,0.4158668751272253,0.1348536176321367
id02037,0.07395685968429179,0.8780497777801022,0.04799336253560609
id24338,0.9928764220638145,0.002931478114480747,0.004192099821704682
id21154,0.00010095431857505151,0.9806766107476235,0.019222434933801526
id15815,0.000417590483787919,0.007877324511223912,0.9917050850049882
id03643,0.0018589561597553374,0.013982020601586688,0.984159023238658
id24266,1.5962101935253943e-05,0.9997559983884653,0.00022803950959958714
id09707,0.7609664355185976,0.07945393872225362,0.1595796257591488
id22786,0.9999789584041254,9.81866470150574e-08,2.0943409227586526e-05
id27783,0.9253888939622628,0.011730445887696648,0.06288066015004064
id13684,0.0005417139709503868,2.829323038168437e-05,0.999429992798668
id03721,0.6475532180702747,0.1732774600305376,0.17916932189918783
id00139,0.9074061225913427,0.07437309807489423,0.01822077933376309
id07113,0.6167921049342239,0.003673606073369261,0.3795342889924069
id25748,0.9982443090302733,0.0016714574223225505,8.423354740416956e-05
id01901,0.5557897815780778,0.016114551835890126,0.428095666586032
id15688,0.9475075034224474,0.010250980183259059,0.04224151639429355
id20660,0.5788638750913119,0.16741977948523953,0.2537163454234486
id03335,0.9853537750428193,0.0012250954964325076,0.01342112946074829
id05947,0.995730863172017,0.0026212843577435407,0.001647852470239409
id14528,0.9997109169282451,0.00020244844053190323,8.663463122305923e-05
id04437,0.9282926785386333,0.06769483348372879,0.004012487977638019
id10804,0.0002531102300243715,0.9997452866775791,1.6030923964784024e-06
id17859,0.00017338272572447552,0.9998257657275503,8.515467252301012e-07
id01631,0.03952632306077118,0.9521185214063651,0.008355155532863645
id10949,0.31984356702473227,0.4293609426170034,0.25079549035826443
id02613,0.5718076253115666,0.012686414064759904,0.41550596062367356
id21773,0.25693301432324683,0.6824518355333561,0.06061515014339717
id08523,0.0845436510492576,4.352145313712088e-05,0.9154128274976053
id08014,0.031272496592644985,0.9687105219354932,1.698147186180477e-05
id08659,0.0033671774482977057,0.9921696863519813,0.00446313619972091
id17792,0.703429687363171,0.2905398063293519,0.006030506307477072
id25612,0.043529320165996956,0.04969722704991663,0.9067734527840864
id27792,0.048225137144530424,0.9439039080984511,0.007870954757018324
id08889,0.9999773793118425,9.595309187966017e-06,1.3025378969506838e-05
id17156,0.9960103055196589,0.0030797273301040777,0.0009099671502370741
id04124,0.26501573193700245,0.0008188712821264223,0.7341653967808711
id05048,0.6766314674035817,0.07689576895785541,0.24647276363856283
id18882,0.5417811348800585,0.01960000513861876,0.4386188599813226
id03999,0.00018941349068549355,0.9964173815881083,0.0033932049212061556
id04390,0.002521958817506464,0.9974499952498841,2.8045932609476217e-05
id06734,0.9193751585354728,0.004255244492806132,0.07636959697172102
id12623,0.24095923110997883,0.5502956216426323,0.20874514724738885
id10904,0.00020029069853670992,0.9997896255328299,1.0083768633458261e-05
id23535,0.9992585386470999,0.0005992230119712122,0.0001422383409288441
id08442,0.9821249643359514,0.000231865256619718,0.017643170407428944
id25272,0.9842141275147075,0.014594375760648018,0.0011914967246445028
id15926,0.1093860748977546,0.6148762768181741,0.27573764828407127
id07186,0.05391810199308752,0.02386769659219067,0.9222142014147218
id20674,0.8005061656486708,0.01105399069865596,0.1884398436526733
id13297,0.9302300802379189,0.06819952536951518,0.001570394392565965
id08076,0.9710557993504767,0.0021651370094309935,0.026779063640092252
id10493,0.07458423448718257,8.610420715850167e-06,0.9254071550921016
id19450,0.9999960231594118,2.1951625320467518e-06,1.7816780561962807e-06
id21746,0.9880917031605241,0.011640015649980559,0.000268281189495433
id22034,0.002269497896126755,7.908738796820246e-06,0.9977225933650764
id05074,0.982954869454895,0.009944629518416483,0.007100501026688528
id07348,0.12412776520342937,0.0014740841562842241,0.8743981506402864
id01308,0.4622629827486739,0.5372085566373146,0.0005284606140113698
id06705,0.055220334485006926,0.00115060640386743,0.9436290591111257
id21444,0.9716728543057453,6.800686510076918e-05,0.028259138829153884
id12010,1.327675972482783e-05,0.9999845363485494,2.1868917257262627e-06
id19949,0.001756421874330541,0.9968233684300675,0.001420209695601953
id01125,0.68645846297348,2.990281198959544e-05,0.31351163421453043
id20380,0.757054651133673,0.00014037021456671302,0.24280497865176034
id04880,0.5657972701883521,0.4342026446109664,8.520068149631756e-08
id10095,0.0007233936838934511,0.998953522404799,0.0003230839113076088
id01379,0.10394010954203252,0.895812179616769,0.00024771084119856013
id11651,0.9974855245087557,0.002471525462091832,4.2950029152472815e-05
id24870,1.4697233276253462e-05,0.9999836068287684,1.6959379553061038e-06
id11307,0.0428005467683063,0.05294859697888687,0.9042508562528069
id00731,3.820582747296615e-08,0.9999999617732314,2.0941148351162334e-11
id18806,0.9896056508934322,0.0018854541146197863,0.008508894991948032
id16899,0.023790125245714874,0.9609958762705726,0.015213998483712498
id12522,0.017813387303351223,0.9556997084341048,0.026486904262543954
id20119,0.999795887053232,0.0001365895864925702,6.752336027555972e-05
id26937,0.002760156962508877,0.9970912942305797,0.00014854880691141865
id27439,0.0014893928948103061,0.9978015603649321,0.0007090467402576736
id27579,0.30523589039041654,0.0012687709537410826,0.6934953386558425
id13459,0.999468625619645,0.0004080803200377234,0.00012329406031730364
id11534,0.6674106931800061,0.016398751418939473,0.3161905554010545
id19984,2.0183953557645394e-08,0.9999999771955054,2.620541067873333e-09
id06404,0.9002549049400278,0.08829851562010975,0.011446579439862301
id23309,0.025018422472339347,0.6797393286535545,0.29524224887410633
id19314,0.00768777120899288,0.9778220283398271,0.014490200451179937
id13300,0.04897393495473129,0.8959324033200466,0.05509366172522214
id09562,0.10628648393696495,0.102506203575627,0.791207312487408
id08036,0.16750833492762332,0.8291094807946616,0.003382184277715092
id03683,0.36506045341740806,0.026531126731788035,0.6084084198508038
id04784,0.9865660827666112,0.010481435562819717,0.002952481670569187
id08715,0.00014421899411664216,2.248474106692369e-05,0.9998332962648165
id08479,0.998376941838948,0.0014111474819589152,0.00021191067909310073
id18360,0.9767816434248817,0.0004419211368532991,0.022776435438264964
id26170,0.0071976295001074655,0.9847642645573234,0.008038105942569158
id20424,0.9087282991721968,0.0005933118916307358,0.09067838893617255
id10361,0.9479065933605969,0.027133555229507896,0.02495985140989528
id02335,0.019945289455551022,0.28296666388879993,0.697088046655649
id18664,0.019496874906372776,0.0028352282648830772,0.9776678968287442
id11480,0.18849847736338196,0.027130703595702448,0.7843708190409157
id13229,0.0004208944454494214,0.00439596386240893,0.9951831416921416
id19658,0.024818940226343438,0.3449347220666273,0.6302463377070292
id01421,0.9587046977933729,7.152401957856987e-05,0.04122377818704862
id26050,0.07026435548194114,0.8015173308943117,0.1282183136237473
id27136,0.8442366627017646,0.12003928331877069,0.03572405397946473
id14688,0.5356228929621152,0.41003892571928596,0.05433818131859885
id24936,0.9877395380144306,0.00011663538796453228,0.012143826597604823
id09776,0.02009805138601174,0.974086598676428,0.005815349937560236
id14765,0.15513828482532915,0.00336680118190729,0.8414949139927637
id06704,0.11526981592097679,0.01722560751813894,0.8675045765608843
id06961,0.0015911461071099757,0.12559764373990248,0.8728112101529876
id12725,0.36815310562123504,0.4062016717431621,0.22564522263560288
id27875,0.016218013122935318,0.0067544029462364595,0.9770275839308282
id20750,0.003046425847671453,0.000646449827844702,0.9963071243244839
id19081,0.22838229652514833,0.03341390587628375,0.7382037975985679
id05773,0.00787279278225197,0.0040449426875172325,0.9880822645302308
id04241,0.5175579813499686,0.08874947274766047,0.39369254590237085
id24438,3.710106913391219e-06,0.9999900242261257,6.265666960974286e-06
id09353,0.9990668926890058,0.0007830329438116098,0.00015007436718251932
id19446,0.00026445284923442023,0.9995076225580891,0.0002279245926765229
id20203,0.0011470191332040112,0.0018316823607306535,0.9970212985060654
id07711,0.4399407180406735,0.3298122994082915,0.23024698255103507
id15758,0.7308078808981405,0.044453499572275686,0.22473861952958368
id17665,0.02274739644881076,0.5235997730155089,0.4536528305356804
id14167,0.27565796615869387,0.0007291177391552783,0.723612916102151
id00687,0.11554847543979492,0.08260511556676253,0.8018464089934425
id00735,0.01021964460259375,0.0037881984442242147,0.9859921569531821
id26443,0.014912579865492473,0.0014480334477050395,0.9836393866868025
id15242,0.818320049793596,0.1713159860555305,0.010363964150873541
id13474,1.4766881305230666e-05,0.9999717754200882,1.345769860660819e-05
id04409,0.9108791086951934,0.06466618798983198,0.02445470331497463
id19438,0.06773590508410633,0.09744314230422217,0.8348209526116716
id04101,0.0022007866650573756,0.39958892059218815,0.5982102927427545
id26992,0.5555774250798164,0.40679477571258654,0.03762779920759705
id14645,0.012418613401563763,0.9875770451294691,4.341468967156027e-06
id26429,0.26843102464041413,0.36596331914013863,0.3656056562194473
id05710,0.9638067932777948,0.003209199011166582,0.032984007711038606
id07474,4.555144605438128e-06,5.637503268794952e-05,0.9999390698227066
id21067,0.21519649855113895,0.0030152492369940956,0.781788252211867
id20264,0.15866994728925146,0.7341893995676791,0.10714065314306934
id04991,0.06864694060571978,0.00031788890669304015,0.9310351704875872
id07054,0.05585407015427724,0.00035203584817697755,0.9437938939975459
id14413,0.035234554517672455,0.00826294772881888,0.9565024977535087
id21861,2.121986410309715e-05,1.5246045273611184e-05,0.9999635340906233
id12933,0.0004337074970168852,0.9993249700806095,0.00024132242237366524
id08074,0.0073558114137626356,3.2919219823938174e-05,0.9926112693664134
id03176,0.7302443916691498,0.04831143411583284,0.22144417421501744
id15239,0.0606908084418484,7.430085856479348e-05,0.9392348906995868
id05322,0.03285451571147424,0.9664625742489674,0.0006829100395583206
id25957,1.4104364633082953e-05,6.124060163599388e-06,0.9999797715752033
id22789,9.000651810159128e-05,4.272262950750768e-08,0.9999099507592689
id03435,0.009187627151584384,3.3750297545999314e-05,0.9907786225508697
id06122,1.948535965860912e-05,0.9999610229395981,1.9491700743398444e-05
id00869,0.5703977836080851,0.01672892984712074,0.41287328654479416
id23400,2.9132603590767657e-05,0.9997419462410594,0.00022892115534992676
id08127,0.9996702122120522,0.000259911961266188,6.987582668159417e-05
id08856,0.00031278635707014636,2.6744703708188103e-05,0.9996604689392217
id01919,0.017033319924911326,0.0449331266571594,0.9380335534179293
id22051,0.9902158399081846,0.007690098190495803,0.0020940619013195476
id19791,0.9999824828953828,7.277103983809113e-06,1.024000063332367e-05
id06679,0.14374778912601105,0.13885628167674915,0.7173959291972398
id25385,0.00777380389519611,0.9921453172660986,8.087883870534032e-05
id04313,0.00010468810541060723,5.646440214390041e-05,0.9998388474924456
id01389,0.00018494586434220894,0.998863590784626,0.0009514633510316631
id17264,0.12707009802214436,0.8469335447039664,0.0259963572738893
id23062,0.9969651526573412,0.0020515305804792187,0.0009833167621795236
id17008,0.0009808094980351286,0.9986797500380842,0.00033944046388069437
id04746,0.0001239032055856468,0.9998521833638422,2.3913430572183613e-05
id11487,2.3367448420690135e-05,0.9999747332780929,1.8992734864220119e-06
id02111,0.966359105685787,0.018009874736751016,0.01563101957746211
id08911,0.9898646232458088,0.009683643440084575,0.0004517333141067237
id00845,0.5824751770674912,0.036728845665151444,0.38079597726735737
id02409,0.747213376465003,0.005198392276010413,0.24758823125898666
id20141,0.0004593003510092271,0.9994712259657753,6.947368321543375e-05
id06353,0.9619721126572524,0.0023466112263276027,0.03568127611642005
id14766,0.038423415333946435,0.9611677351320841,0.0004088495339694777
id05294,0.00931469289238488,0.7155082403187536,0.27517706678886156
id12568,0.918108721636558,0.07665412090629244,0.005237157457149698
id27571,8.283763502459054e-06,0.9941574595486387,0.005834256687858827
id20377,0.9999867747511872,3.859706963964361e-06,9.365541848771534e-06
id24340,0.963002082678404,0.01592359414867196,0.021074323172924035
id05355,0.52090415771917,0.04082202961981769,0.4382738126610123
id01246,0.003781082213462235,0.9959496580984726,0.0002692596880652662
id17173,0.9857447096650206,0.010247390698944852,0.004007899636034582
id16338,0.17280790454877235,0.013718797102719053,0.8134732983485086
id14712,0.015731951949648708,0.9838335904849739,0.00043445756537745917
id10590,0.25474465148413533,0.023251196492556584,0.7220041520233081
id13157,0.008281306459946016,0.021069307322233593,0.9706493862178204
id23915,0.9674165588801924,0.015869747267291314,0.016713693852516323
id05903,0.8656618702982232,0.12368441645865048,0.010653713243126306
id03661,0.2953735089803494,0.08514315156632499,0.6194833394533256
id21177,0.9926274835580438,0.0064792600886614,0.0008932563532949425
id12025,0.1844567857024931,0.7967903702729976,0.018752844024509226
id14031,0.37022146900273734,0.6192925946977756,0.010485936299487051
id21299,3.784240804855271e-07,6.845591863934585e-10,0.9999996208913603
id00758,0.009602198530915165,0.010241860910618444,0.9801559405584664
id25034,0.9693279469579196,0.0011533437406385622,0.029518709301441806
id01407,0.9839572116352571,3.3557866380266934e-07,0.016042452786079107
id24205,0.0012716616184935098,0.9987016371061234,2.6701275383216607e-05
id22350,0.9971848525657463,0.0018636397824901517,0.0009515076517635013
id05983,0.025424609347028747,0.003381316730863185,0.9711940739221081
id23821,0.7535415982290014,0.06334136248302327,0.18311703928797549
id21960,0.0011076198280799072,0.14198263268699254,0.8569097474849275
id08108,0.9967480313098128,0.0008976451923060374,0.002354323497881201
id03232,0.023976063691544584,0.02657242094448434,0.9494515153639711
id12956,0.5205709909997924,0.0020828742869867705,0.4773461347132208
id03217,0.0011141102671908063,0.9967993465199461,0.0020865432128631596
id08955,7.977500576329264e-05,0.982055657721416,0.017864567272820764
id22567,0.8874852207444666,0.003864130784126195,0.1086506484714073
id20367,0.965678169795251,0.026152180088792696,0.008169650115956375
id06319,0.6439357382578484,0.31768160080420654,0.03838266093794503
id14239,0.8900634668461456,0.00023724179608559793,0.10969929135776883
id05013,0.9661110580057226,0.00178685914618592,0.03210208284809141
id26491,4.590478995934979e-05,0.999935522090648,1.8573119392687095e-05
id23540,0.7952137661758594,0.057092554878362844,0.14769367894577784
id25631,0.8085430536047348,0.0016097966602106072,0.18984714973505468
id01591,0.929122584876778,0.024132324400833766,0.04674509072238827
id01193,0.999016528251847,0.000844882281363487,0.00013858946678958666
id24819,0.006211435614261139,0.9149352550496571,0.07885330933608173
id08308,0.9930975958200435,0.002881278857223685,0.004021125322732885
id27567,0.0027493870164600853,0.0006312725217315884,0.9966193404618083
id12998,0.3770543061210384,0.0067557828249836015,0.6161899110539779
id08315,0.07164042398266987,0.921254047371917,0.00710552864541319
id16118,0.8351932343220005,0.042256498723434295,0.12255026695456518
id27505,0.02584547900738146,0.973988305029195,0.0001662159634235659
id08529,0.0011992871655092637,0.9942993707801836,0.004501342054307138
id20249,0.5000059271797559,0.08271589358519538,0.41727817923504884
id24343,0.3352102636500597,0.09372960253988115,0.5710601338100592
id03631,0.08572206740106195,0.866027318035017,0.04825061456392115
id00349,0.2020702000776077,0.7952846966125712,0.002645103309821149
id04969,0.004166624786088534,0.9907918763910798,0.0050414988228316745
id11856,0.8567792662286675,0.023580743656970524,0.11963999011436194
id26020,0.9996054691140562,0.0003880792212929076,6.451664650871695e-06
id07957,0.999473895317392,0.00046720644332317804,5.889823928493716e-05
id03899,0.9603636246807946,0.038114287661983375,0.0015220876572218883
id14650,0.9985574773129634,0.0009627468995345966,0.0004797757875020557
id21807,0.509817100262922,0.03306123717810987,0.4571216625589682
id21685,0.9999595304147442,3.928469470898757e-05,1.184890546839617e-06
id06655,0.38493098204814497,0.6145505095958739,0.0005185083559811723
id27764,0.9658552666797546,0.005615688205366271,0.028529045114879036
id02847,0.005594520261255315,0.9927546452857748,0.0016508344529698829
id07271,0.9818151401091282,0.0010698622981327325,0.01711499759273914
id15978,0.999016015997935,0.0001259444190078484,0.0008580395830571591
id12075,0.2582418203923376,0.004008712407963463,0.7377494671996989
id23611,0.9998655791884141,2.181571312990952e-05,0.00011260509845609297
id05191,0.28015855018978564,0.7130910059707487,0.006750443839465596
id04303,0.09221051896721519,0.0020707538383928446,0.9057187271943921
id12277,0.0035479003025815055,0.0010870907558464876,0.9953650089415721
id15582,0.8233496171543946,0.17328531985037318,0.0033650629952322207
id02917,0.9622956469597483,0.01603709243705643,0.021667260603195276
id25622,0.147230052031139,0.22332842900999583,0.6294415189588651
id16495,0.026981272640990803,0.9729770032737646,4.172408524465326e-05
id17839,3.747523131164477e-05,1.2454960517406583e-05,0.9999500698081709
id20373,0.01789643524667672,0.9536554557480498,0.028448109005273555
id25342,0.9774954372954459,0.0006606635064722921,0.02184389919808188
id13518,0.9802434522198826,0.018279485044022926,0.001477062736094516
id19958,0.9908401293571241,7.234056660925768e-05,0.00908753007626672
id00228,0.8351550790030756,0.1366454340878326,0.028199486909091763
id00367,0.04696581036009805,0.09564651720276796,0.857387672437134
id16274,0.0026433090413666665,0.995172390161883,0.002184300796750362
id27969,0.0035786201968087007,0.9955202175702594,0.0009011622329319581
id18474,0.9174327946389057,0.0779363060341828,0.004630899326911572
id02892,1.2302738185141266e-09,0.9999999955525829,3.2171432823400196e-09
id03838,0.0026337173781277026,0.9973569970160023,9.285605870022421e-06
id08960,0.007447234280120509,0.9925447000007707,8.065719108830591e-06
id17320,0.0002381854021135219,0.4551979440999547,0.5445638704979319
id20922,0.001997102079681065,0.00038406256765744764,0.9976188353526615
id17364,0.10128245554958101,0.007328537040017595,0.8913890074104014
id06523,0.9995963636068117,0.00033959904327436743,6.4037349913841e-05
id16232,0.018070530428077405,0.9799730806725014,0.001956388899421195
id01886,1.2293834791162902e-05,0.999987705466255,6.989538472147365e-10
id18234,1.7971796778889914e-06,0.9999981875287774,1.5291544756434372e-08
id26057,0.996477881335283,0.0004974729363612443,0.003024645728355752
id09436,0.052803996415315975,0.9469356955352937,0.0002603080493903453
id09543,0.0019923131712395936,0.9633325814498318,0.03467510537892864
id15732,0.6593325322794122,0.2433264236939824,0.09734104402660529
id22927,0.7097101677259563,0.128540966831333,0.16174886544271075
id26551,0.0060555265509759214,0.0002180680605412248,0.9937264053884829
id11126,0.4397690113502719,0.030764218085130128,0.5294667705645979
id02903,0.9759961232763743,0.021832356940621352,0.002171519783004343
id24549,3.586800185918063e-05,0.9998979876772626,6.614432087830549e-05
id01618,0.0002685595446073434,0.9983403463678575,0.0013910940875351357
id22005,0.004692989814541075,2.865681109057157e-05,0.9952783533743684
id02603,3.242299665605276e-06,0.9998538287674347,0.0001429289328996338
id22118,0.9795528059236934,0.020141784391238197,0.0003054096850683919
id24985,0.918241313057182,0.033229972194017514,0.048528714748800515
id19044,0.9992896895314956,0.0006771656726310275,3.314479587347613e-05
id03296,0.02984489213893928,0.9675291572648788,0.002625950596181929
id17299,0.9954424623332278,0.0016023554859864438,0.0029551821807859264
id08251,0.9441866377716227,0.02961420658419643,0.026199155644180898
id05491,0.9365617456485904,0.011576880009720491,0.05186137434168918
id17009,0.9904822864871073,0.007616211795743208,0.001901501717149379
id07381,0.0001595160696430853,0.9962040033258103,0.0036364806045467075
id07643,0.9621934753326502,0.033133491978031775,0.004673032689318032
id24227,0.9978964476808573,0.0004393028444896123,0.0016642494746532072
id04099,0.7051084478497202,0.09357633473380357,0.20131521741647626
id11393,1.0137517754052474e-05,0.9999530957946537,3.676668759219094e-05
id19396,0.005434867229618806,0.9945563367658986,8.796004482572249e-06
id15362,0.9999397234638466,1.9566004141261717e-05,4.071053201217276e-05
id00195,0.9783800622955263,0.0016554346947520837,0.019964503009721607
id02296,0.009274770607540882,0.0008341656260919993,0.9898910637663672
id27754,0.9351541631794512,0.06134352284510992,0.003502313975438858
id16471,3.1900775046824486e-05,0.9999234367373488,4.466248760436006e-05
id15237,0.0054195362021706136,0.9941885467293712,0.0003919170684582242
id10099,0.00037168557903401016,0.9996237164101137,4.598010852287453e-06
id21647,0.9497087993700403,0.013235983018031196,0.03705521761192855
id13571,0.0006781368633033877,0.9988931131511452,0.00042874998555152095
id15137,1.567282097585823e-06,0.9999809412256061,1.7491492296300624e-05
id10965,0.009592147490972761,0.2168320345068612,0.7735758180021661
id24918,1.6066476724595113e-12,0.9999999998394992,1.5889421446857894e-10
id01700,0.6324547561049103,0.008862971947902353,0.3586822719471873
id03901,0.0016791160328961756,0.9983195108152959,1.3731518079052887e-06
id24411,0.019509566344178036,0.9750404735729726,0.0054499600828493725
id02597,0.05121484259606793,0.9480056437471054,0.0007795136568267253
id07981,0.020789199549526127,0.0002947320648892204,0.9789160683855846
id07429,0.04221025339186995,0.014350181296668436,0.9434395653114617
id13354,0.6828718023721211,0.31466565539704755,0.0024625422308313114
id25693,0.8485266508225482,0.0558135660524845,0.0956597831249672
id11305,0.08626882531029373,0.12640409263691627,0.78732708205279
id26634,0.999999463956798,2.6654838405108157e-07,2.694948180225681e-07
id09180,0.9274201004910825,0.01581827910203353,0.05676162040688405
id19991,0.996711447608103,6.406439840178478e-06,0.0032821459520568225
id05497,0.2799649728678556,0.013960260303342825,0.7060747668288017
id08058,0.0036094950124191372,0.9025845277814828,0.09380597720609807
id06612,0.05117939107486429,0.13648835507588428,0.8123322538492515
id22846,1.6874429131557568e-05,0.9999216741888288,6.145138203969845e-05
id09588,0.9829778343571854,0.012609037898339732,0.004413127744474798
id10337,0.0106484790386342,0.00010765332324900445,0.9892438676381168
id05744,0.99997646807891,9.359359257376106e-06,1.4172561832614866e-05
id19624,0.6463526421735427,0.3367813879481069,0.01686596987835049
id00939,0.00010818472916878977,0.999697983566432,0.00019383170439928556
id24424,0.09737832403917103,0.2771752156467935,0.6254464603140355
id14406,0.10766874451024891,0.001441534523548681,0.8908897209662024
id08961,0.1075879812840544,0.029006200363417008,0.8634058183525286
id27004,0.16370359368288792,7.58957976849856e-05,0.836220510519427
id24072,0.43456739907983,0.3976482131726629,0.16778438774750712
id23738,2.552822110775083e-05,0.9999509674685362,2.3504310356036945e-05
id13676,0.0011299496055515383,0.001053513700037458,0.9978165366944111
id19636,0.06461149552076,0.006476742740729738,0.9289117617385103
id09466,0.9991825662395716,0.0006814266832630034,0.0001360070771654474
id04434,0.0011309667707883665,0.9983489405633275,0.0005200926658841675
id24016,0.04542026132276313,0.9418031717266412,0.012776566950595711
id09168,0.8373391045664679,2.7283099240814473e-05,0.1626336123342913
id24262,0.9957120427897721,4.9663654241939245e-05,0.004238293555985923
id01441,0.9016598523877386,0.0016736453358511343,0.0966665022764103
id20170,0.016269430558183126,0.055031359918622826,0.9286992095231941
id02342,0.9230617891875205,0.00043864937369843347,0.0764995614387811
id23334,0.002822325216359062,0.9912165323463977,0.005961142437243167
id09262,0.9999936076600676,1.9677401165332475e-06,4.424599815913048e-06
id17822,0.8992677243290853,0.09111523940048231,0.009617036270432406
id14466,0.01153257371151704,0.9873148201543135,0.0011526061341694334
id14319,0.882508869501515,0.04396363728312275,0.07352749321536212
id02387,0.9641932830939184,0.0034099662941876234,0.032396750611893926
id13617,0.7616713107270623,0.237484490234339,0.0008441990385987057
id08025,0.912557882478013,0.08462119339964262,0.0028209241223444183
id23364,0.10850843628891374,0.7993313062888883,0.09216025742219805
id01438,0.9493505697006712,0.000154523276229777,0.05049490702309896
id05288,0.02442123717417291,0.9755075204388626,7.124238696455073e-05
id24441,0.572911078586818,0.32527569357600894,0.10181322783717305
id18048,0.14301778848913474,0.0027277123836340522,0.8542544991272313
id27822,3.2626290916892113e-06,0.9999637115390412,3.302583186720915e-05
id23906,0.5546000700714095,0.06575364948103532,0.37964628044755505
id07059,0.03155292456784746,0.2272065638432264,0.7412405115889261
id08357,0.3014014209338002,0.49263713255063935,0.20596144651556053
id13619,0.0005866051739311075,0.0021530769567366377,0.9972603178693323
id27086,0.00021088353569296656,0.9997872039398176,1.912524489439184e-06
id03789,0.9794157853967682,0.007594351557246727,0.012989863045985019
id00177,0.010896604428656087,0.0010426555643883745,0.9880607400069555
id01552,0.9702842036418284,0.0026765171769404746,0.027039279181231057
id03027,0.6610121648640612,0.10443115122383637,0.2345566839121025
id15841,5.263718860818815e-08,0.9999998506251397,9.67376716685455e-08
id27214,0.014903459166025186,0.6138414214386976,0.3712551193952773
id14095,0.9765957315229478,0.008507222700335746,0.014897045776716515
id08434,1.3025417152212712e-05,0.9998236129104994,0.00016336167234843438
id05532,0.09755064675012805,0.0002037061550844466,0.9022456470947876
id06247,0.001550314900013251,0.9979515822847995,0.0004981028151872373
id09916,0.4743518517134339,0.4194371339028146,0.1062110143837515
id18651,0.9915921075442139,0.0017333274482987206,0.0066745650074874355
id26324,0.10970281547709228,0.4040879602912448,0.4862092242316631
id27363,0.04858823773168898,8.69978026586573e-05,0.9513247644656524
id02302,0.005126922384667728,3.217099119769683e-05,0.9948409066241346
id12845,0.031232987130459168,0.960918146177525,0.007848866692015889
id20294,0.00016911637835682338,0.0008895405678250672,0.9989413430538181
id04233,0.24438714810222034,0.015620520671295369,0.7399923312264843
id20000,3.62152973387168e-05,0.9999622196691964,1.5650334648129664e-06
id02527,0.0013869007618790823,1.3462350100163704e-05,0.9985996368880208
id26763,4.1891924277158577e-11,0.9999999994661966,4.919115988297247e-10
id15763,3.1199576404037735e-07,0.9999993540976695,3.339065665969057e-07
id10374,0.9865444668881136,0.009933063080317668,0.003522470031568714
id00901,0.0006453836199446381,0.9989984660534534,0.00035615032660201725
id22161,0.6207196274164295,0.14902935893194755,0.23025101365162304
id15200,0.9999539217631739,1.1104790998721991e-05,3.497344582735961e-05
id15430,0.055633140169641715,0.02762114419011391,0.9167457156402444
id27468,0.7922843967626564,0.024440176777579977,0.18327542645976375
id02378,0.018914286027223885,0.00021189676033502388,0.980873817212441
id23250,0.9999243378175791,3.188542098686214e-05,4.3776761434116716e-05
id18374,7.230149547591222e-05,2.4022384624818864e-07,0.9999274582806779
id01146,0.07117526429843893,0.9175663772772937,0.011258358424267378
id24617,0.9546934240722842,0.01269611460205437,0.03261046132566147
id01754,1.2595278265700626e-05,0.9998820115101478,0.00010539321158650914
id11383,0.2555700798145679,0.3651637427765348,0.3792661774088972
id24713,0.31178927085690944,0.6250238355247727,0.06318689361831786
id26161,0.2794617556379698,0.6835705400589488,0.03696770430308149
id12466,0.6678745804688301,0.004234026123097205,0.3278913934080728
id17409,0.9911811371857328,0.008016864776479263,0.0008019980377881054
id04066,0.7712171925649488,0.2184160729905545,0.010366734444496716
id16890,1.7527511541647742e-05,0.9997592682810624,0.0002232042073959648
id03358,0.9265908122542817,0.0481842267219399,0.025224961023778306
id19133,0.9914091681475143,0.0017640283107828716,0.006826803541702817
id07358,0.007216670303693178,0.9739872555658076,0.018796074130499302
id27773,0.01840482435744166,0.9814779629785874,0.00011721266397112407
id10699,0.0001272514274244704,0.9968503607633821,0.0030223878091935326
id08693,0.9999312480035207,1.4234246448322895e-05,5.451775003094496e-05
id11944,0.0012010156108052611,0.998687160994394,0.00011182339480081064
id02240,0.3698885444820448,0.584818423037349,0.04529303248060628
id23124,0.8184955851298533,0.04035245816550039,0.14115195670464634
id05465,0.1544457037442656,0.061562417464121784,0.7839918787916126
id15540,0.0038373466051909734,0.9955030226962307,0.0006596306985783809
id16715,0.00012853053907964636,0.00025902283161035407,0.99961244662931
id12563,0.0004119649047842046,0.0003300547469363604,0.9992579803482794
id00583,0.0027558108363614133,0.11794067332576172,0.8793035158378769
id27730,0.06304087732306926,0.00921908071883242,0.9277400419580983
id00896,0.00018900354992320076,0.009692320414917119,0.9901186760351597
id15031,0.6126418631004511,0.3276594298089155,0.0596987070906335
id23271,0.0006053271339915206,0.9896660954513943,0.009728577414614161
id17004,0.11020620621864671,0.026807668786319124,0.8629861249950342
id10247,0.03726566646972671,0.027942397465665368,0.934791936064608
id12055,0.9763205194905974,0.0027003425965527565,0.020979137912849867
id22719,0.8771741835973836,6.782576437548974e-05,0.12275799063824089
id06891,2.554324748761664e-07,0.9999997346167528,9.950772326535958e-09
id27281,0.9943760304608854,0.002669130706333425,0.0029548388327810997
id23104,0.9927687567484385,0.0021089414325793313,0.005122301818982231
id14491,0.008383270458043105,0.9906181852353289,0.0009985443066280661
id24292,0.5396208018468523,0.4061067117230089,0.0542724864301388
id15777,0.0441661753468174,0.03594943927736238,0.9198843853758202
id22522,0.000692409739372487,3.7778521943299876e-05,0.9992698117386842
id25136,3.146904310220452e-05,0.9998916511481405,7.687980875721844e-05
id17735,0.040524202419204375,0.9569670380949937,0.00250875948580187
id18869,0.513407174980327,0.04770169023622501,0.438891134783448
id20815,0.001113502615594428,0.9984477692518192,0.00043872813258640815
id15238,0.7307254007590862,0.029993344208802234,0.23928125503211153
id24454,3.3932844112725605e-06,2.464537098219323e-06,0.9999941421784906
id14402,0.0007116341953942976,0.0001681425177272484,0.9991202232868784
id10985,0.9993204046090549,1.2085033161791184e-05,0.0006675103577833807
id12747,0.9973805448290118,1.1676059721866026e-05,0.0026077791112662555
id11581,0.32308799004332606,0.11919787191908897,0.557714138037585
id07594,0.996584449855886,0.0008040590699299138,0.0026114910741841437
id08240,0.22618531531868905,0.7705918162586443,0.0032228684226667647
id12773,0.0030930755779360543,0.9915952309890452,0.005311693433018728
id12838,0.5567422569384047,0.008695948472398332,0.4345617945891969
id23322,0.0075203884744140395,0.9910081360542331,0.0014714754713528635
id22344,0.919394748694837,0.03245096028044883,0.048154291024714274
id12881,0.7165482614797541,0.2055112618638365,0.07794047665640946
id20147,0.0004222705560536124,2.3132058731069793e-05,0.9995545973852153
id13261,0.2630204888470203,0.7317914061618229,0.00518810499115681
id01842,0.002484056674210832,2.0400306095684533e-05,0.9974955430196936
id25884,0.9997335631709333,7.885072123055006e-05,0.00018758610783614773
id01643,0.7214104627260246,0.1945345464294147,0.08405499084456078
id26737,0.011963377027435123,0.9880001515631927,3.647140937225892e-05
id10558,0.045406817745205816,0.932305788008164,0.022287394246630197
id20458,6.8567225281552776e-06,2.724271845227612e-05,0.9999659005590196
id23965,0.13185630197912307,0.702030147499968,0.16611355052090898
id26758,0.9886052081516062,0.004723513147147511,0.006671278701246354
id27519,0.9931766712849851,0.0004381249791418438,0.006385203735873086
id20676,0.38631986829022863,0.596930675151543,0.016749456558228525
id10536,0.9515712147047746,0.017966737377139583,0.03046204791808587
id12652,0.9956496089080723,5.054985896982421e-05,0.004299841232958005
id00041,0.0002984497295095325,2.9182354336851584e-05,0.9996723679161537
id16051,0.04110646158049319,0.10998031002485174,0.8489132283946551
id02396,0.004617448559258606,2.2888283251353662e-05,0.99535966315749
id00294,0.002768140534210518,0.00031640582451837194,0.9969154536412711
id07695,0.9090346818458096,0.023642741919557876,0.06732257623463257
id12440,0.08547601863923054,0.9139848530742394,0.0005391282865301769
id18373,0.4617658401364948,0.530194254394708,0.008039905468797107
id16812,5.785102659069375e-07,0.9999992464885785,1.750011555958494e-07
id20901,6.018436112620277e-05,0.9999309156435141,8.89999535967506e-06
id12076,0.0007794838597748415,6.61714154993024e-05,0.9991543447247259
id19184,0.9998270525903654,1.0482637652686843e-06,0.00017189914586939728
id08937,0.019619261971360234,0.9099440793733885,0.07043665865525128
id08181,0.03545393193956081,0.661690949622641,0.3028551184377982
id10111,0.9955239470151763,0.0023000110078739444,0.0021760419769497243
id24104,0.033686656315615175,0.9538073500228118,0.012505993661573013
id24837,0.11813776572641298,0.8379292268471314,0.04393300742645557
id15659,0.11394026679994726,0.01733181653662977,0.868727916663423
id14673,0.5608642124121577,0.05317788443577958,0.38595790315206274
id22539,0.009795367722894598,0.012522886842098185,0.9776817454350073
id22413,0.6691068294580067,0.3300959184286198,0.0007972521133734896
id19433,0.08667191086475062,0.652198350768774,0.2611297383664754
id11633,9.091925082615896e-05,4.909348282673161e-05,0.9998599872663471
id04727,0.003092702589863303,0.08342826288082483,0.9134790345293119
id26735,0.49877346365461106,0.4064769975992659,0.0947495387461231
id17167,0.0014816404395377794,0.9977121284053959,0.000806231155066305
id04188,0.00021347285391639257,0.9997750314340399,1.1495712043738405e-05
id07861,0.5551594492961085,0.4427215255204481,0.0021190251834434636
id05163,0.7197701646138753,0.00033331557368336214,0.2798965198124414
id14142,0.10691814247449243,0.5950528763506873,0.2980289811748204
id16011,0.962638068086597,1.424603012523545e-05,0.037347685883277755
id24117,0.030423381063877954,0.9695441428567808,3.247607934120927e-05
id06439,0.1211492658749122,0.007772615072618869,0.8710781190524689
id06481,0.023504274279208873,0.0020960758553538487,0.9743996498654374
id10069,0.9871881740899665,0.001018791582740446,0.01179303432729308
id11204,0.12504365787762317,0.02915059973358852,0.8458057423887884
id15541,0.0003216424140394018,0.000111085427723757,0.9995672721582368
id11872,0.00215546956710858,0.9928981568532712,0.004946373579620204
id21639,0.0009384932936591674,0.998762529237171,0.00029897746916990336
id19801,0.001013958710821191,1.674611860253424e-05,0.9989692951705763
id15798,0.5436951019884999,0.40264872089091364,0.05365617712058646
id18282,6.079901865292107e-06,7.596495087468128e-08,0.9999938441331838
id27107,0.25852717409906495,0.0019921458139696415,0.7394806800869654
id23052,0.9999257306998353,8.13100422569014e-06,6.613829593903251e-05
id19129,0.0011540246035020637,0.9956697121223036,0.003176263274194341
id08088,0.10433652362186294,0.8904900234417411,0.0051734529363959055
id26398,0.9968653953558633,0.0002108579607475255,0.0029237466833892953
id06010,0.6138542851377847,0.11189251432412399,0.2742532005380914
id24813,0.9998926063268913,7.454921610405926e-05,3.284445700479242e-05
id27399,0.20594584096910945,0.13634754307516025,0.6577066159557303
id15776,0.9956783536544792,0.0020359803411208266,0.002285666004399981
id25955,8.875439944800203e-07,1.9420814286895273e-07,0.9999989182478627
id19866,0.06476776058030125,0.9321006356411622,0.0031316037785366164
id00804,3.39844650458737e-05,1.2916293534346052e-05,0.9999530992414198
id03140,0.9736761892495726,0.009547519862288552,0.01677629088813898
id21261,0.31035258090388945,0.017863607694940605,0.6717838114011699
id11754,0.9994246127544668,0.00037317384200196216,0.00020221340353129936
id07880,0.9784427185189232,0.0010060320634151655,0.02055124941766168
id25080,0.094115234284836,0.6821510286782619,0.22373373703690208
id09317,0.7370261108631849,0.22646985569962666,0.03650403343718846
id15488,0.4758518748225842,0.5215541549717528,0.002593970205663045
id19606,0.9574329004905852,0.021500434477860774,0.021066665031554112
id14247,0.019346044821260868,0.00015633436912605158,0.9804976208096131
id21692,0.5664407857546164,0.08485628449731954,0.3487029297480641
id24843,0.7941946322571205,0.10840600276630975,0.09739936497656976
id11433,0.8851682396043911,0.019332559202206098,0.09549920119340281
id04705,3.701364671978607e-10,0.9999997382911314,2.6133873214957246e-07
id04583,0.0053389259153167785,0.9937423309579473,0.0009187431267359808
id21401,0.4762379142688201,8.797279149704822e-05,0.5236741129396829
id20649,0.5742522708404002,0.34499162750085394,0.08075610165874593
id02631,0.2690430459151446,0.7203071375718554,0.01064981651300002
id19128,0.11621504736464733,0.8581975536818789,0.0255873989534739
id27401,0.017468542914038303,0.9824641867267532,6.727035920855378e-05
id10015,0.8817585782375832,0.07748377038747857,0.04075765137493833
id09875,0.6772976269644205,0.31745581123837685,0.005246561797202649
id07941,0.9996871378832902,0.0002031810429189662,0.00010968107379086901
id00882,0.7901522070893857,0.023390674494847455,0.1864571184157668
id14143,0.9564417778911137,0.003932173344891385,0.0396260487639949
id02713,0.0007189929112019576,0.0009252204081685609,0.9983557866806295
id16462,0.0013727477120152628,0.5423253028726297,0.456301949415355
id08522,0.9366378511875978,0.022544519452717113,0.04081762935968515
id07181,2.231464396509767e-05,0.9999692734454101,8.411910624891454e-06
id20918,0.00015444722505537692,2.421906381448078e-06,0.9998431308685631
id06178,0.00011557096804223014,0.0005917251657832785,0.9992927038661745
id08857,0.5505710478428609,0.44389622462419615,0.005532727532942862
id23193,0.9942885664646056,0.0004135990821423813,0.005297834453252002
id19651,0.9999998539094516,1.2935624589003654e-07,1.6734302498542112e-08
id09135,0.0015067441646315401,3.409608539602007e-05,0.9984591597499725
id16416,0.002207852568522063,0.9723892602096654,0.025402887221812515
id03990,0.989912506553509,0.0023268496122248175,0.007760643834266216
id09922,0.005293760175271288,0.009062941140617916,0.9856432986841108
id17688,0.5553721607817689,0.052785532671727455,0.39184230654650365
id05846,0.6654349739243768,0.11637873669713741,0.21818628937848583
id22599,5.251578486012452e-07,0.9999994480223351,2.6819816294112926e-08
id15087,0.46090006487887264,0.5320306638053669,0.0070692713157605724
id14711,0.008615127804827252,0.07260738619286963,0.9187774860023031
id09969,0.0004908320698697217,0.999508950794963,2.1713516719456785e-07
id21377,0.00013867558285936144,1.5195935277338952e-05,0.9998461284818633
id25247,0.141276546935621,0.6380373129630195,0.2206861401013596
id23590,0.10176677667047056,0.8980890058864947,0.0001442174430347787
id21390,0.04582696313532855,0.06425057503714388,0.8899224618275277
id21176,0.1879071512566291,0.523270751538306,0.28882209720506474
id27310,0.906590111574324,0.024051912267928004,0.06935797615774802
id03802,0.043123556541814496,0.0003152526733222709,0.9565611907848632
id19012,0.9995605889900271,0.00012419671902094505,0.00031521429095194187
id02414,0.006327051844351403,0.0017920970001337735,0.9918808511555148
id21814,0.32379109030154624,0.017107090376222215,0.6591018193222316
id00247,0.9889355534563311,0.007922448920534921,0.0031419976231339447
id24584,0.9999792254533171,1.9739874550763983e-05,1.0346721321882486e-06
id01109,0.2832502410445186,0.010427524040322008,0.7063222349151594
id07953,0.9922864421548648,3.070592024959269e-06,0.007710487253110256
id02030,0.6652142391544851,0.13372240043541572,0.2010633604100992
id23912,0.5239654680084014,0.06380171373804361,0.4122328182535551
id13856,0.5774301817863838,0.024236199715094976,0.39833361849852134
id18661,0.00317126497840393,0.9967726289457809,5.610607581521127e-05
id16595,0.007398027304485004,0.006366431999672797,0.9862355406958422
id11387,0.000798304573651597,0.02675733223692328,0.9724443631894251
id12489,0.002753004500327303,0.0038580734620606914,0.993388922037612
id26079,0.9978270159841499,0.002069397708637212,0.0001035863072128501
id05553,0.389998231914272,0.5931043840075783,0.01689738407814964
id09596,0.9843646866450717,0.014380739870945108,0.0012545734839832536
id23663,0.00018592988702134606,0.9997803417913457,3.3728321633046036e-05
id25726,0.7479838364328293,0.004096806081691464,0.24791935748547916
id18105,0.016992241431784055,0.00395750961475762,0.9790502489534584
id23249,0.005824605773088408,0.9875990529887032,0.0065763412382084906
id19756,0.003973013810425709,6.213280896057559e-06,0.9960207729086782
id23981,0.001716390228035363,0.9892541780830341,0.009029431688930526
id11521,0.008856789510639361,4.058512790343288e-05,0.9911026253614572
id17449,0.0010757173985675014,5.337796596045201e-05,0.9988709046354721
id15479,0.9751824623874026,0.008832631252376722,0.015984906360220718
id13555,2.439574718039038e-06,2.412907748016309e-06,0.9999951475175339
id01520,0.7271906913030718,0.00028741894960306134,0.2725218897473251
id03093,0.8961064533073632,0.012089736582816117,0.09180381010982082
id09992,0.7891033377983578,0.12910500585761978,0.08179165634402247
id06668,0.5137060943993528,0.48089976471355717,0.00539414088709008
id19568,0.49901458201507937,0.17407784500462242,0.3269075729802982
id17963,0.5030613346734853,0.11259639844498485,0.3843422668815298
id04142,0.6888973877767399,0.27174346794447907,0.039359144278781094
id24508,0.004698737538604053,0.00048526021161541817,0.9948160022497805
id10791,0.6056704689606376,0.031171377535421596,0.3631581535039409
id01228,0.07425391181233307,0.01978943857355248,0.9059566496141145
id24879,0.9441772979177112,0.011871738514024479,0.0439509635682644
id19795,0.367387436635778,0.3930977068502223,0.2395148565139997
id02488,0.038860084278561705,0.02686855943523868,0.9342713562861996
id10204,0.5338076935009638,0.06902311811011476,0.3971691883889215
id20878,0.9596673761940592,0.009822928789370047,0.03050969501657081
id10163,0.01456227241036461,0.00011168268611947321,0.9853260449035159
id26439,0.675098422969607,0.013533114039944198,0.3113684629904488
id06268,0.9108307283535244,0.08915526245140536,1.400919507031526e-05
id05530,3.3782471232124713e-10,5.532184793314705e-10,0.9999999991089568
id15914,0.0006074782715952857,0.9989801729293616,0.0004123487990431834
id21656,0.4531282391241722,0.42832114050823844,0.1185506203675893
id16473,0.015836480189368382,0.9825872949395611,0.0015762248710705414
id11262,9.963557954236468e-12,1.7477074631626916e-11,0.9999999999725594
id15332,0.002178280322848987,0.00010309626339278141,0.9977186234137583
id01765,8.314223498285729e-06,7.70043487208776e-07,0.9999909157330145
id12527,0.9798282155959136,0.005824197617054847,0.014347586787031557
id16877,0.00020677337504921125,2.3382721089905714e-07,0.9997929927977399
id19105,0.44268053915927663,0.4869324483175613,0.07038701252316201
id19533,0.9986538972081342,0.00014171385532745932,0.0012043889365383025
id27557,0.0029823414493771855,0.9964502912217506,0.0005673673288723342
id19487,0.0018524911763810777,0.012454894886989887,0.985692613936629
id25958,0.007584510885721681,0.02889627845263569,0.9635192106616426
id22331,0.938839720808018,0.0002431524705158072,0.06091712672146619
id13674,0.8502276990982565,0.1443595539714158,0.005412746930327834
id04688,0.9999977821970562,8.812958991140923e-07,1.3365070448113555e-06
id25663,1.350550635238963e-05,6.67048987047915e-06,0.9999798240037772
id00344,0.0014292713944853827,0.9982836318717226,0.000287096733792053
id11323,0.9872154254631216,0.01220618806131648,0.0005783864755619834
id18670,0.586079805758588,0.41246523936701995,0.0014549548743921735
id23811,0.970652459556882,0.0005694892084315211,0.028778051234686523
id27702,0.9669719258671413,0.031002303461024658,0.0020257706718340867
id09979,0.9929363880237925,0.0005963432194154705,0.006467268756791993
id25040,2.304474004248532e-05,0.9999685342344647,8.42102549280757e-06
id00083,0.9749075102961304,0.025078839260486586,1.3650443382983724e-05
id19751,0.9982461752398795,0.0011502807920936028,0.0006035439680270269
id19385,0.013476769035036426,0.01535432018041222,0.9711689107845514
id22498,0.9576761167857097,0.037103450390819796,0.005220432823470475
id20381,0.957099231010489,0.01250415240318255,0.030396616586328386
id00428,0.00033618038138364325,3.489143362997256e-06,0.9996603304752534
id26942,0.0004786306234086316,0.913047775923596,0.08647359345299542
id10242,0.6076705813471969,0.09768032257921457,0.2946490960735885
id08136,0.0010419372906990663,0.0011447187628429699,0.997813343946458
id00055,2.381485454196523e-08,3.3361025847137936e-06,0.9999966400825607
id15243,0.029840306645768366,0.09044816219591571,0.8797115311583159
id13954,0.9812708302580974,0.007234276464513168,0.011494893277389524
id26797,0.9954258763537727,2.9099355969099665e-07,0.004573832652667693
id11384,0.0008441729340720175,0.9638420137104552,0.035313813355472894
id07965,0.418245493086626,0.08059656798624092,0.5011579389271331
id19311,0.7001584240775227,0.05107437392773327,0.24876720199474397
id08841,0.9660645792883983,0.03276306192223361,0.0011723587893680582
id14884,0.9049998193136796,0.04286523694258741,0.052134943743733085
id10859,0.8850303277661473,0.0005770158742246204,0.11439265635962806
id10460,0.45819986741292174,0.5312547861640229,0.010545346423055386
id25236,0.4837032905605598,0.05522594344244809,0.4610707659969922
id19325,7.681135107802578e-05,0.9999063143597084,1.687428921348399e-05
id03265,0.016094570710941294,0.9168549709578746,0.0670504583311841
id08636,0.00012439447420071998,0.9983210325692841,0.0015545729565151413
id11848,0.0058545505419160294,0.9821120923061214,0.012033357151962557
id20945,0.9021433588855692,0.007988545612677376,0.0898680955017534
id04971,0.9549988428399473,0.031670547625716715,0.013330609534336003
id08496,0.9218056676833702,0.07180192154920904,0.006392410767420673
id23091,0.031175991186085307,0.009851289223139792,0.9589727195907749
id06654,0.044750032979142505,0.8547540986943241,0.1004958683265334
id10002,0.9225644107717016,0.07721982888488181,0.00021576034341646397
id16426,0.8400547994734744,0.05427827729869639,0.10566692322782922
id12285,1.827401653680911e-06,0.9999975459288598,6.266694865539342e-07
id18466,0.9997605592612537,0.00020614455660244072,3.329618214387718e-05
id27110,0.9998807176548202,2.4768590097446735e-06,0.00011680548617008931
id07502,0.7696750485949433,0.08265940205372674,0.14766554935132994
id02890,0.4277352199645411,0.5247680921985974,0.04749668783686152
id19800,0.027184941221628196,0.9717055380842329,0.0011095206941388995
id19162,0.8420282231704038,0.13116736299669074,0.026804413832905428
id23696,0.9250426151057949,0.06067094981059033,0.014286435083614863
id25580,0.9921460082000472,0.0067333051123793465,0.0011206866875734967
id09671,0.12041477525395962,0.8723506577218324,0.007234567024208002
id21501,2.8809602503870886e-05,0.9999541081442171,1.7082253279018933e-05
id23983,0.0002499877364357315,0.02444798025001027,0.975302032013554
id15163,0.0012488794873315534,0.8691190508010505,0.12963206971161806
id03351,7.170495116358223e-05,0.9978132210568847,0.0021150739919516466
id07575,0.0028951946566643395,0.996010927679198,0.0010938776641377498
id12149,0.2203514355354027,0.21601816209940902,0.5636304023651882
id10262,0.0036790699187834873,0.9875328063573464,0.008788123723870054
id20055,0.0017286486039500848,0.9979709560601708,0.00030039533587910145
id16660,0.9984531063669965,0.00015971297994872325,0.001387180653054865
id03200,0.0766777654600569,0.8614206638848231,0.061901570655120135
id19508,0.18373024018214207,0.012840042157405324,0.8034297176604526
id03793,1.1311358559923242e-05,0.9999836816695233,5.006971916777574e-06
id19882,0.013471500754938949,0.6838115073083908,0.3027169919366703
id16261,0.8987325188428456,0.10117179008277881,9.569107437576821e-05
id22519,0.00021568672164546618,0.004500246381108875,0.9952840668972457
id24023,0.004063356432176632,0.9913497538838087,0.0045868896840146715
id04432,0.6836275515893562,0.1852930386873147,0.1310794097233291
id06228,0.9913318818409043,0.00021846341979566924,0.008449654739300056
id20655,0.7363029333728506,0.0005095394304899077,0.2631875271966596
id10603,0.0679332157388318,0.9296349492405781,0.0024318350205900234
id05162,0.9904978479193575,0.008978746954711032,0.0005234051259316202
id18462,0.03263559177214604,0.02124534537539739,0.9461190628524566
id10034,0.003693362364004311,0.9961525954620188,0.0001540421739768431
id20090,5.7343465259830455e-05,4.091001302316944e-05,0.999901746521717
id10966,0.03600821867536395,0.0007136377632125263,0.9632781435614236
id10696,1.3155005152146375e-06,0.9999899440608642,8.740438620677969e-06
id01326,0.4735036959135195,0.046077803919088986,0.48041850016739157
id03613,0.029971300468373367,0.969736818297099,0.00029188123452764917
id01794,0.9001018683389191,0.03711329429074475,0.0627848373703362
id26181,0.0005840667727265221,8.38479249967491e-06,0.9994075484347738
id27587,0.7627069399034171,0.23720203037916243,9.102971742027444e-05
id08364,0.994044876224761,0.0052055437405144084,0.0007495800347245578
id24179,0.990161638749411,0.003836991416050844,0.0060013698345381455
id02284,0.9771914250886142,0.015005195382866392,0.007803379528519399
id10671,0.9984225075141114,0.0005450320598202874,0.0010324604260683178
id08252,0.4552427303253625,0.2357549485919894,0.3090023210826481
id15951,0.5899440206914316,0.06251837652497795,0.3475376027835904
id21864,0.005365696443472846,0.0019083192569224212,0.9927259842996047
id04453,4.794135966701912e-07,0.9999975830968406,1.9374895627142446e-06
id12771,0.021886222832595312,0.09191054471911687,0.8862032324482878
id09751,0.4736285245914293,0.026341132543842526,0.5000303428647282
id10572,0.8308397940914111,0.16209333968349246,0.007066866225096467
id13036,3.702990516668981e-05,0.0005948222683684354,0.9993681478264649
id00112,0.09112325272142886,0.08338463131065046,0.8254921159679206
id13299,0.006967457860937407,0.1979960596499606,0.7950364824891021
id00858,0.04257896258968704,0.0008873152620196592,0.9565337221482934
id08297,0.0011334172111894265,0.9988535185208633,1.3064267947262543e-05
id11005,0.003728450033257313,0.03835214243392091,0.9579194075328218
id25101,0.0005876397915501353,0.9982649118951458,0.0011474483133041085
id26150,0.9987971683123593,0.0010913694109603357,0.00011146227668033585
id13836,0.9998294054142604,0.0001223706994883718,4.8223886251272255e-05
id07352,0.05205535035112567,0.8616359012829713,0.08630874836590312
id08883,0.7125827870702325,0.0072640143580173485,0.28015319857175014
id09328,0.02779915001827192,0.9207112981419708,0.05148955183975724
id03934,0.001466462661724297,0.13222623832849642,0.8663072990097793
id14064,4.139842560057248e-07,0.9999326222295417,6.696378620239202e-05
id06643,0.7878116373649308,0.0008466494898863444,0.21134171314518294
id21558,0.9920952183049616,0.006633857809712996,0.0012709238853252966
id17053,0.21617846493492993,0.006130781176314281,0.7776907538887559
id06434,0.07797798118843403,0.045429686158545105,0.8765923326530208
id16616,0.005847483094544493,0.0002879440446877836,0.9938645728607678
id03306,0.4045067267782628,0.010387656566578909,0.5851056166551583
id07375,1.406324476523045e-05,0.9901294197791393,0.009856516976095487
id07934,0.002474453562961579,1.3171425048070135e-05,0.9975123750119904
id02202,0.7835925687310705,8.920555949768033e-05,0.21631822570943188
id03667,0.7528262920611687,0.0009827914612836198,0.24619091647754773
id27531,0.8508164330472153,0.13963705681904506,0.009546510133739604
id00608,9.28212207352976e-06,0.999950028752359,4.068912556751553e-05
id18141,0.033779612132565695,0.004216444900070798,0.9620039429673635
id00008,0.9999513520249854,3.290159331248224e-05,1.574638170207877e-05
id08845,0.557665378577997,0.03956416373618801,0.40277045768581493
id16610,0.9999708550222542,1.6093543649128397e-05,1.3051434096580087e-05
id07464,0.0073095328858673965,0.00037960352357898784,0.9923108635905536
id02189,0.9965060168020551,0.0003282699123572874,0.0031657132855876253
id17456,0.003508848521383548,0.04343548147022096,0.9530556700083955
id09421,0.03975932553317912,0.01241083236651715,0.9478298421003037
id12813,0.046412333617086014,0.040078550111441694,0.9135091162714724
id23428,0.008652032828846164,0.004995373194954373,0.9863525939761995
id01358,0.9495135814642617,0.050357570312404586,0.00012884822333374552
id02737,4.0569458066175774e-05,0.9985443691378766,0.0014150614040572928
id27430,0.00457180780525476,0.005327521567700395,0.9901006706270449
id12857,0.0009078075908785777,0.996480048618185,0.0026121437909364894
id01905,4.55410702886435e-05,5.247258124416849e-05,0.9999019863484673
id18314,0.9999462664157658,2.3808275519536093e-05,2.9925308714754815e-05
id02216,0.9836739382904879,0.0005351471182359728,0.015790914591276232
id04034,5.1741797758758155e-06,0.9999864343069871,8.391513237007564e-06
id11461,0.00018707035865563507,0.9998128711659615,5.847538284426987e-08
id09397,0.007296251135554764,0.005198477594084776,0.9875052712703605
id25870,0.04433258379725538,0.9156684239087522,0.039998992293992425
id11653,0.618646067656544,0.019204866730368458,0.3621490656130876
id10046,0.9939890269281384,0.000448040172160129,0.005562932899701492
id27294,0.9995992249557557,0.0004004705720301235,3.0447221431137096e-07
id09975,0.9997413665669183,1.4959099793048476e-05,0.00024367433328865922
id09133,0.0062799147120414685,0.0003904658713043668,0.9933296194166542
id08410,0.7086850074648748,0.012912784577562736,0.2784022079575625
id19062,0.08274246263870719,0.9113673289663803,0.005890208394912529
id26530,0.00010350423116533533,5.401286437519171e-05,0.9998424829044594
id09772,0.9381197720057105,0.004513641583969313,0.057366586410320185
id10360,0.9892609054324205,0.003403450528309006,0.007335644039270453
id12530,0.0014006212788839954,0.9983862932478313,0.00021308547328471254
id06013,0.008511168282372653,0.002405224431555672,0.9890836072860717
id10525,0.9443341861009555,0.010103995546859736,0.04556181835218482
id25934,0.02093554490397989,0.9783458786535488,0.0007185764424712803
id10624,0.976498377875205,0.02201666434071389,0.0014849577840811065
id16000,0.0014716350194276388,0.0001501669011318873,0.9983781980794405
id01995,0.9426624795675217,0.0001446883004901437,0.057192832131988156
id26809,3.811790489386706e-05,4.158310926802426e-08,0.9999618405119969
id06631,0.001467165942647185,0.9982667556029938,0.000266078454358978
id23869,0.000322302723068501,0.007862200311801256,0.9918154969651303
id06357,0.01048032772087176,0.9848180157824736,0.004701656496654668
id02926,0.0506959600037408,0.00012750510966344687,0.9491765348865957
id14130,0.9982035001118428,7.488966130247649e-05,0.0017216102268548038
id12672,0.0534711807398927,0.9439144549699082,0.0026143642901992332
id21593,0.9918308803120627,0.007082566142737592,0.0010865535451997138
id06089,8.936638098164139e-07,0.9999986591334293,4.4720276079566393e-07
id09878,0.06607047668951854,0.009460544746412891,0.9244689785640686
id06940,0.0006781475113552261,0.9971951214981999,0.002126730990444958
id11312,0.0031230557183520597,0.9968647848235889,1.2159458059071464e-05
id25039,0.18764929215069906,0.0013147739255313265,0.8110359339237696
id25401,0.27917238877280043,0.6133235080485356,0.1075041031786639
id21772,0.24723354242018958,0.5489149628396882,0.20385149474012224
id22915,0.009886878472818737,0.5405305919256738,0.4495825296015076
id01096,0.7716114243600682,0.10296553638098027,0.1254230392589515
id15071,2.056078942173517e-06,0.9999944989397681,3.4449812897066832e-06
id01062,0.0005001661196461669,9.612933332132e-07,0.9994988725870206
id09059,9.434272488602867e-05,0.9990787474156474,0.0008269098594665044
id16954,0.7981753371784294,0.016716482852294687,0.18510817996927603
id11730,0.9599175108517797,0.019089120433220676,0.02099336871499972
id26294,0.015836598395292622,0.004387019297412072,0.9797763823072954
id00940,0.30077018835141645,0.5671298076351868,0.13210000401339678
id08422,0.4888763274347684,0.3502538663102892,0.1608698062549424
id14612,0.0008354076596789271,0.00019594776248760726,0.9989686445778335
id11545,0.7887079645010776,0.17054724956962772,0.04074478592929462
id24921,0.002010191512651829,0.000668220306910791,0.9973215881804375
id18942,0.807283797683106,3.329122409258446e-05,0.19268291109280145
id23652,0.017201053822556298,0.821694139113171,0.1611048070642727
id07261,0.483847194817661,0.007599677888880517,0.5085531272934585
id11791,0.9615090927208048,0.008923027056434912,0.02956788022276034
id07207,0.007822822400056783,0.09803225421517299,0.8941449233847703
id19774,0.9998393111019731,0.00013275360006243311,2.7935297964456547e-05
id06049,0.893715881991485,0.07992371425312775,0.026360403755387316
id13983,0.34393981092504583,0.004934937223795189,0.651125251851159
id27463,0.32042630289777807,0.0043892447286221865,0.6751844523735997
id09046,7.882859337820177e-05,0.6452873960239507,0.3546337753826712
id25994,0.04246641411227431,0.9558441617630874,0.0016894241246383879
id02689,0.05854660130451882,0.8783171604315708,0.06313623826391038
id14829,0.0031771249122452515,0.99682113136454,1.743723214789402e-06
id20759,0.0031865026195245084,7.81162669049221e-07,0.9968127162178065
id27848,0.9782507832324452,0.00027217538945807873,0.02147704137809675
id08225,0.00022028905433946831,3.6548807636680735e-05,0.9997431621380238
id17637,0.01852238462296393,8.700692488852548e-05,0.9813906084521475
id15355,0.991328269089271,0.0030784794834213904,0.0055932514273075735
id13448,0.06789833286300277,0.09920190457662757,0.8328997625603697
id01981,0.03912305662137561,0.8533508379506731,0.10752610542795128
id09107,0.31568324802250997,0.04421167287547169,0.6401050791020183
id20630,0.9504786720085565,0.049114586556828974,0.0004067414346144631
id10726,0.9090412749462996,0.08706662247626394,0.003892102577436442
id03636,0.0013136282926830705,0.011991761860672218,0.9866946098466447
id01736,0.3174605680709195,0.5102621324798777,0.17227729944920275
id23828,0.359679726168176,0.6097202013741535,0.030600072457670505
id27861,0.28912036815039316,0.023743696219814835,0.687135935629792
id14983,0.964362543983979,0.018660777240722074,0.016976678775298844
id04726,0.07571581323275645,0.15476937917968422,0.7695148075875593
id03313,0.04493348846320921,0.0007066682955432824,0.9543598432412476
id21981,0.007884749477773411,0.9837576256991749,0.008357624823051772
id20082,0.8299893035056765,0.16830001701654315,0.0017106794777804267
id03502,0.9874552895705725,0.002102780109600929,0.010441930319826593
id04804,0.9018520563523776,0.014667428965459901,0.08348051468216248
id20635,0.057791096783067535,0.0012077545784521149,0.9410011486384804
id09564,0.9298161682667261,0.027888516707799866,0.04229531502547401
id01354,0.04967197734012698,0.9431484192261004,0.007179603433772771
id09441,0.007731269213559541,1.4099275500738439e-05,0.9922546315109397
id07175,0.9652422473868231,0.006107468506609323,0.028650284106567617
id15544,0.1955858432750905,0.11339553677824918,0.6910186199466604
id25935,0.42499148047616614,0.3574674909819791,0.21754102854185478
id19230,0.1853280308478802,0.8140479739704168,0.0006239951817029742
id00718,0.08570288316819782,0.017463665061964458,0.8968334517698378
id00274,0.9994056998465567,0.000593488938101081,8.112153423269342e-07
id16546,0.666903838127594,0.31921686166743424,0.013879300204971726
id02136,3.735236380184517e-11,0.9999999997370896,2.2555799034277102e-10
id19618,0.027230481744290345,0.9343228215766153,0.038446696679094415
id00503,0.006087660260829662,0.000412915367200098,0.9934994243719703
id11300,0.02934511615193271,0.9703666626430878,0.0002882212049795297
id21526,0.0002347030057818584,0.9997435983727402,2.169862147803231e-05
id07300,0.000753255605961787,0.999183162825879,6.3581568159274e-05
id18782,0.021116786205221966,0.975813506783415,0.003069707011362996
id01883,0.04358105902503655,0.9458262648106319,0.010592676164331679
id25235,0.9390910903721549,0.04341876650598571,0.01749014312185942
id03747,0.0014507748522593167,0.002405131188289817,0.9961440939594509
id07155,0.9120393949616694,0.07273256625660711,0.015228038781723349
id00565,0.9999999983377483,1.6615329032021159e-09,7.187380847832773e-13
id11232,0.9997525286435185,6.834398284319873e-05,0.00017912737363829644
id00722,0.02259394330649372,0.957422953825418,0.01998310286808832
id19963,0.04209267986211134,0.1491750319206613,0.8087322882172273
id16866,0.9991048574434173,0.00030583737499536223,0.0005893051815874182
id17280,0.0007261313711497361,0.9992416258015077,3.224282734258905e-05
id04309,0.6485253836367872,0.2246644959227692,0.12681012044044365
id23317,0.0014300242072670098,0.9951283037972719,0.003441671995461141
id25757,0.0026231976576614477,0.9888009685926722,0.008575833749666344
id17088,0.021233768024787103,0.010362177903656735,0.9684040540715562
id19779,0.02211689154724139,0.00012095819821388984,0.9777621502545447
id26845,0.006532135127220235,0.9681818210559127,0.025286043816867013
id01923,0.7670223710715764,0.03233918621786797,0.2006384427105556
id09394,0.011843579601890506,0.610404937324318,0.37775148307379147
id25978,0.08563306257942913,0.034256942261913184,0.8801099951586577
id03898,0.10904885123714153,0.8908271689799239,0.0001239797829344629
id11967,0.19732911970273323,0.002131174788805891,0.800539705508461
id14964,0.9889721135648919,0.00024358138900255688,0.010784305046105532
id06337,0.004891078271605506,1.1227772205887564e-05,0.9950976939561886
id26501,0.0004950671558607618,0.0020812640766840413,0.9974236687674553
id20513,0.9936359917998654,0.0060257825808904455,0.00033822561924419303
id05044,0.9933365631395246,0.0045867727330139935,0.0020766641274614114
id07951,0.06705678144042684,0.0005475853124894941,0.9323956332470837
id14796,0.3492739300262138,0.21403619500501408,0.43668987496877215
id09780,0.02645511341678168,0.002153623042701703,0.9713912635405166
id13597,0.9999621212568035,1.984160952621102e-07,3.768032710133416e-05
id26413,0.9995673524027057,0.00034514330191488487,8.750429537940942e-05
id14007,1.8358573776106755e-06,0.9999977564242423,4.077183801612446e-07
id01799,0.2587295594241022,0.1570694093279082,0.5842010312479896
id24712,0.0020325530760393904,0.35452593542171223,0.6434415115022484
id13156,0.008839294029085823,0.1859451751518007,0.8052155308191136
id25468,4.4824398130643846e-05,1.2853471344449374e-07,0.9999550470671559
id25877,0.5866263021070883,0.00913214829496114,0.4042415495979505
id22485,2.1347761107974274e-05,0.9999786147866404,3.745225162190476e-08
id09229,0.0014751261540972217,0.00015704875019535304,0.9983678250957074
id25687,0.7549488156714228,0.027125976828114857,0.2179252075004623
id12266,0.39887252918495636,0.4472756079764692,0.1538518628385745
id19723,0.9986029891799659,0.00039646105503250516,0.0010005497650015717
id03536,0.999999985761155,5.734656978974601e-09,8.504188094608917e-09
id24370,0.00022692261880899415,0.9947707156415604,0.005002361739630693
id10745,3.1596536346421286e-07,0.9999996409118581,4.312277845858199e-08
id17620,0.9587472679805771,0.027506088221700784,0.013746643797722226
id16290,0.0007056916949421363,0.998814336244247,0.00047997206081083386
id04325,0.44085489400909916,0.16771740352342523,0.3914277024674756
id23332,0.014885527747384759,0.0002084695266041716,0.984906002726011
id15082,4.410487638148106e-06,0.9999955511212886,3.839107327849616e-08
id21581,0.0008699798809836638,0.006803656012990596,0.9923263641060258
id17460,0.9844778229795366,0.003949738305782725,0.01157243871468073
id17003,0.975669209626902,0.007929602636121653,0.016401187736976366
id15193,1.5089157663886571e-06,0.9998858884896094,0.00011260259462433877
id08389,0.010870158136366378,0.0020069932935341673,0.9871228485700995
id19831,6.022319641742746e-06,1.2843647532669398e-06,0.999992693315605
id25627,0.003856031096198384,0.004556935251235423,0.9915870336525662
id14051,0.5135358475180558,0.003565850987769897,0.4828983014941744
id00942,0.9965329274688854,0.0002678086618117561,0.0031992638693028154
id09184,0.004095726376867546,0.9758111197574386,0.0200931538656939
id21762,0.851224688264573,0.1464393316795925,0.002335980055834438
id07390,0.9206048707399962,0.04749917810568429,0.03189595115431952
id25785,0.08796162798563975,0.7919695988798526,0.12006877313450756
id17567,0.0032501512719804,0.9963894825476989,0.0003603661803207597
id13118,2.0973102099869077e-05,0.9999735979851062,5.428912793868026e-06
id17508,0.000735753642073974,2.52546511290623e-06,0.9992617208928131
id21192,0.9702002270762794,5.73807153419324e-05,0.0297423922083787
id27884,0.4824835821277213,0.06652103042861321,0.4509953874436655
id08686,0.000753610277716917,0.9655545345268022,0.03369185519548093
id01360,0.9566593453848132,0.04315910925339353,0.00018154536179330546
id13689,0.5004168224572225,0.10409295694070948,0.39549022060206795
id01772,0.2110404904576996,0.025543745259670333,0.76341576428263
id17507,0.00035405920699646857,0.9980205191285483,0.001625421664455318
id17644,0.8089862934498657,0.1688583813950252,0.02215532515510911
id00494,0.9764156003649362,0.021060554722647333,0.002523844912416375
id09881,0.0043890267486375815,0.9949797806746667,0.0006311925766956636
id02306,0.9901171298682855,0.000794232027596444,0.009088638104118118
id06761,0.9895459880918488,0.009089582085895762,0.0013644298222554878
id15045,0.06617530711426645,0.029664612056679522,0.9041600808290541
id05992,0.0030012462573910216,9.986722204893483e-09,0.9969987437558868
id18245,0.8683902491833142,0.05479911427781911,0.07681063653886662
id01047,0.9389865829109656,0.00903045329122685,0.05198296379780757
id23601,0.0008486862540873312,6.425346452672409e-05,0.9990870602813859
id13140,0.9867600018355365,0.002075358849581226,0.011164639314882313
id05280,0.0010534691779906244,0.9828540213266723,0.016092509495337026
id03728,0.07490455565009073,0.020380723434731858,0.9047147209151775
id15626,0.8699022318188395,0.06553986645372793,0.06455790172743268
id03086,3.89779188236415e-05,5.123643631116275e-06,0.9999558984375453
id27898,0.10594071209339954,0.627467261133778,0.2665920267728224
id05891,0.9999492740003588,9.057399923819326e-09,5.0716942241279473e-05
id02214,0.006238516483789032,0.02730544929013187,0.9664560342260791
id17274,0.9986872942312162,0.0007331551755545069,0.0005795505932294359
id09359,0.9642976955219582,0.0020820444304523837,0.03362026004758939
id03320,0.9940875739800752,0.00012129526381980161,0.005791130756105078
id26061,0.9763537776203179,0.005695551882228749,0.017950670497453306
id02869,0.997628505592713,0.0023658908342469123,5.6035730401206264e-06
id21891,2.8170001122161957e-12,0.999999999989755,7.428082930086138e-12
id06182,0.013045706658817094,0.9216764778055162,0.06527781553566667
id13429,6.2297317505931924e-06,0.9999922271844041,1.5430838453680903e-06
id15943,7.167251109436407e-05,0.0006720670305639026,0.9992562604583418
id13008,0.06542209433923202,0.9275430713198669,0.007034834340901183
id08587,0.8874871576759983,0.0023351365750892764,0.11017770574891238
id03346,0.9708946468011949,0.028571104012532832,0.0005342491862723018
id02052,0.10739374811962887,0.1910866314360692,0.701519620444302
id00916,0.024971320817296618,0.9705293849352004,0.004499294247503028
id11093,0.29033023400127894,0.05789205483121651,0.6517777111675046
id15190,0.9985539834692179,0.00017580860729435744,0.0012702079234877934
id23076,0.5601096227164429,0.056181225587566636,0.38370915169599046
id25738,9.386393926498468e-07,0.9999983784175258,6.829430816100891e-07
id21546,2.425778971864157e-07,1.697006351917917e-07,0.9999995877214677
id17764,0.9986873189684488,0.0012328623899024657,7.981864164869047e-05
id11990,0.8640114404196089,0.135529526545217,0.0004590330351741847
id21050,0.8917910500137435,0.059488466046436386,0.04872048393982004
id18324,0.25780556210030486,0.2543989319646427,0.4877955059350525
id20690,0.6815467779779161,0.03884084463118932,0.2796123773908947
id19799,0.005242958149215635,0.008786844278518996,0.9859701975722654
id12658,0.9610585595934147,0.035925043344868325,0.003016397061716985
id03781,0.14532240552747402,0.007867981295014866,0.8468096131775111
id04870,0.0002591792060414411,0.9927158265685411,0.007024994225417497
id20596,0.0017245823229610098,0.9980460924683717,0.00022932520866728587
id26849,0.9988634617983487,1.9239614038641592e-05,0.0011172985876127162
id00600,0.02148034257541754,0.975993038549598,0.0025266188749844946
id11902,0.9881360737973661,0.009929217254833478,0.0019347089478002916
id19219,0.9403156436908434,0.003925035016518486,0.0557593212926381
id14788,0.0004181951064531098,0.9995811927202722,6.121732745825632e-07
id22482,1.7982601967297503e-05,0.9996205594428954,0.0003614579551373205
id15378,2.436319767308879e-08,0.9999999755254416,1.1136066350225041e-10
id14696,1.157501586004634e-06,0.9999988326675202,9.830893815440937e-09
id17359,0.31525509938344476,0.05468776226910557,0.6300571383474497
id16190,0.914014308933365,0.07326294002658391,0.01272275104005115
id21285,0.8942279947236303,0.00558628719237501,0.10018571808399473
id06812,0.9516216136355815,0.03447884188255446,0.013899544481863991
id15579,8.220121651811008e-08,0.00528006030895082,0.9947198574898327
id26672,0.9999971393423219,2.7522232330078757e-06,1.0843444511647534e-07
id09842,0.011798616807052246,0.9397905374354513,0.04841084575749652
id06045,0.9737038592397692,0.026056250336654693,0.00023989042357605401
id21233,0.9995359235328191,7.798598475319039e-05,0.0003860904824277889
id16227,0.9932531151290995,0.0019633841223377292,0.004783500748562704
id17437,0.005735725696078145,0.2628403799034082,0.7314238944005137
id02309,0.9967243490073342,0.0032373262676556134,3.8324725010210885e-05
id18232,2.0485263265760186e-05,8.658074008242625e-05,0.9998929339966518
id23419,4.831152046825096e-13,2.0436321236457253e-14,0.9999999999994964
id11924,0.9998747842221951,3.0003850483168438e-06,0.00012221539275658353
id12263,0.9998938474781408,5.969130928892924e-05,4.646121257020536e-05
id16734,0.9527442185918406,0.0012067065602135803,0.04604907484794595
id07989,0.9955047672600458,0.0009081578963799581,0.0035870748435743176
id24633,0.014616592573017487,0.08397452033898971,0.9014088870879928
id19770,0.9503675052304168,0.002156774684779388,0.047475720084803885
id05094,0.19868575103724287,0.011131101761476267,0.7901831472012808
id07252,0.9200101962953038,0.030851235549640484,0.049138568155055816
id12536,0.9962891726393917,0.0018867633232804069,0.0018240640373280274
id24324,0.9635763713243434,0.023300091874219737,0.013123536801436938
id25546,0.10221176041469723,0.03193142167982631,0.8658568179054764
id24732,0.9941781338810025,0.00117752698233194,0.004644339136665538
id07280,0.042554952396923085,0.2686211183643458,0.6888239292387311
id23268,0.9522578942539124,0.018068926153274614,0.029673179592813063
id18050,0.008520729660321701,6.98279685335232e-05,0.9914094423711448
id19360,0.9949443870976582,0.005011775076976171,4.3837825365671405e-05
id00456,0.016500589346942308,0.9829606905602433,0.0005387200928144181
id14069,0.011315450431574855,0.9885179956581841,0.00016655391024110076
id24965,0.00019699035594580015,0.9996647625381403,0.00013824710591390656
id13245,0.024518078392462127,0.004479801605477294,0.9710021200020605
id22515,2.6129005406311825e-05,0.9999391287013132,3.474229328048902e-05
id11332,0.9828683783606146,3.016156075675289e-07,0.01713132002377777
id19876,0.002221115906457119,0.0002663806156165336,0.9975125034779263
id18315,0.9368855926075201,0.003244173859943001,0.05987023353253689
id05260,0.029497731400074195,0.965220839254766,0.005281429345159888
id14594,0.005509585298235487,0.9941863633395183,0.0003040513622461652
id12867,0.9540841597056763,0.043148585405959936,0.002767254888363901
id05902,0.0007976084197194754,0.9989830068145278,0.00021938476575273397
id06390,0.009569475211091841,0.00011009375515546296,0.9903204310337527
id06005,0.11941821762705958,0.830213515832859,0.050368266540081384
id24075,0.06551556106541531,0.14042452787371787,0.7940599110608668
id12630,0.26614730272359244,0.7201179099362358,0.013734787340171858
id26378,6.43950034899807e-05,0.00014881517654207602,0.9997867898199679
id05535,0.05623762795437909,0.7303838839113834,0.21337848813423752
id26702,1.0002400792900084e-06,1.5068992138147652e-05,0.9999839307677826
id25209,0.2902994079494443,0.01618201190137703,0.6935185801491787
id19835,0.0006931103464865557,0.0022268078144685,0.997080081839045
id09511,0.008224467035282543,0.9916303129257584,0.0001452200389589745
id27364,0.7093934514561019,0.2874758729916873,0.0031306755522108663
id09695,0.9806389506309326,0.007629451409273978,0.011731597959793415
id16165,0.9866362474439062,0.004684964271688506,0.008678788284405303
id19503,0.00039802484118955104,0.00017935522188658635,0.9994226199369239
id13511,0.0020385162167119238,0.0020532150171416897,0.9959082687661464
id18752,0.006236380843687149,0.00024343851512696575,0.993520180641186
id18278,0.9556339737351462,0.041012848476229505,0.0033531777886241987
id27219,0.8832689655277925,0.051043639965527764,0.06568739450667974
id05454,8.005537346280391e-05,0.9998582285907042,6.171603583305151e-05
id12347,0.5979173751505373,0.05425533205189965,0.34782729279756297
id10397,0.8267978806463395,0.04777860438411205,0.1254235149695484
id18543,0.8128590667903786,0.028869354054751977,0.15827157915486942
id05210,0.9476910600176643,0.052308208933373096,7.310489625933911e-07
id23141,0.0002231289238624279,0.9997737906376403,3.080438497337452e-06
id17139,0.9929123933378509,0.006999773405109574,8.783325703956765e-05
id21399,0.9971612270598069,0.00017391609849244828,0.0026648568417006074
id18728,0.970853610934913,0.0067686242814202335,0.0223777647836668
id12170,0.007843811770281605,0.9919411717417429,0.00021501648797554943
id02225,0.008520786739784266,0.9772389648260633,0.014240248434152435
id27210,0.033281266912401984,0.9644637059116502,0.002255027175947839
id01242,0.10004436433243638,0.013799280046306268,0.8861563556212574
id16587,0.25628801358546893,0.08824247156621247,0.6554695148483187
id11144,0.028902849466826735,0.023197017502743934,0.9479001330304293
id13709,0.9786468539545451,0.002573435361281942,0.018779710684172963
id00841,0.0005128655076613799,0.9992517596904171,0.00023537480192155054
id09692,5.641225792396193e-07,1.261896760188568e-07,0.9999993096877448
id07635,0.9986074723298175,0.0013829482402945915,9.57942988790919e-06
id11375,0.9912812044893707,0.0037588809607932115,0.00495991454983606
id05703,0.891639614149013,0.062200475008304675,0.04615991084268239
id02757,0.9991058168962055,0.0008324255255110047,6.175757828357195e-05
id08216,0.0189474236162455,0.9756644120052821,0.005388164378472461
id09311,0.008965579760709025,0.1638334774380222,0.8272009428012688
id11169,0.8538672658388212,0.08996281176818037,0.056169922392998395
id23806,0.9975670974528232,1.1725236742904306e-05,0.002421177310433945
id01253,0.3456326731349536,4.89756434829435e-05,0.6543183512215635
id27558,0.01505991038732654,0.957590318153012,0.027349771459661488
id06695,0.99999994887528,4.907195353302121e-08,2.0527665473053585e-09
id22654,0.00010378619474402317,0.9978552570840007,0.0020409567212552856
id16201,0.9729078326983047,4.836051830389887e-05,0.02704380678339138
id00873,0.6498732057787596,0.33431383529651687,0.015812958924723543
id07131,0.7835733348718559,0.15592634099346345,0.060500324134680726
id11454,0.029197159327854542,0.9577026492387987,0.013100191433346876
id19481,0.9995489015867196,0.0003662393094737731,8.485910380664131e-05
id16409,0.3454761415117355,0.003339684457754876,0.6511841740305097
id01686,0.9977423376256344,0.001827606841064536,0.0004300555333010579
id24068,0.9065849241794635,0.03686357114087907,0.056551504679657486
id14825,0.9898019337096693,0.0018016392646099813,0.008396427025720764
id13611,0.9785214679414703,0.019496234294312697,0.0019822977642170794
id05586,0.9999999998226601,7.158572348592247e-11,1.0575421938072773e-10
id04497,0.9999860363301479,1.3960333750415608e-05,3.336101650136364e-09
id13912,0.39292292031470416,0.5563538077186106,0.05072327196668521
id09675,0.10738661469210471,0.045960688616251216,0.8466526966916441
id23620,0.00011426963761767485,0.9991217141441219,0.0007640162182605458
id05596,0.0070553180495150645,0.09305615044223088,0.8998885315082541
id09067,6.817076053560161e-05,0.0004391611149558104,0.9994926681245087
id05445,5.222861532881716e-06,0.9999946300207875,1.471176796088369e-07
id16825,0.00029778338570641264,3.059537044220288e-05,0.9996716212438513
id21127,0.9999996512467639,2.4144414707739057e-07,1.0730908905594273e-07
id01740,1.2868022250167572e-05,0.00015759231828192178,0.9998295396594679
id12719,0.9560162140673785,0.012439555542416467,0.03154423039020514
id14137,0.11257622914066868,0.05228167545682291,0.8351420954025084
id08909,3.967322540487436e-06,2.1622406684419583e-07,0.9999958164533927
id24041,0.5144079642999236,0.03772486901977142,0.44786716668030485
id14489,0.961327735879332,0.029765649547432348,0.008906614573235726
id14961,0.011873545356164436,0.00031631645366573944,0.9878101381901698
id19923,0.6889277761269367,0.30109425660491007,0.00997796726815318
id03339,0.0001679513991910608,0.9998229458033019,9.1027975070685e-06
id08864,3.963724643602417e-05,4.575706222462969e-06,0.9999557870473416
id19803,0.9511759525013858,1.722859217443704e-05,0.048806818906439856
id09810,0.9450044135373039,0.0008032088588188695,0.05419237760387723
id23324,0.9999998309707291,2.5993710809646275e-10,1.6876933389302248e-07
id22050,0.00013128548058334295,0.9997985706112944,7.014390812223715e-05
id11386,0.05957839069926456,0.9388408257150909,0.00158078358564463
id14739,0.9999999536090672,5.3533801468696735e-09,4.103755252983066e-08
id02882,0.9986908017347182,0.0011618344281418016,0.00014736383713997452
id11988,0.023378950931385676,0.5726944987375994,0.40392655033101504
id18839,0.0026762563345465854,0.9957654657836756,0.0015582778817778014
id08474,0.00036523542700476547,0.9995716084233408,6.315614965454049e-05
id01060,0.10678497035448241,0.884854089424672,0.008360940220845502
id06551,0.9954373633017408,0.0003317414537440835,0.004230895244515096
id06210,0.07479113004503725,2.7208643666715564e-05,0.9251816613112961
id12349,0.0001985785694361754,0.0004481813286993798,0.9993532401018644
id21813,0.3483725995199926,0.008111079881924457,0.643516320598083
id13028,0.0588253075405007,0.8828825398617096,0.05829215259778973
id10021,0.10374128971992948,0.020723793694549658,0.8755349165855209
id07425,0.0005824940857986667,3.273311605641359e-05,0.999384772798145
id24409,8.119288425628018e-06,0.9999636117428885,2.8268968685870762e-05
id21183,0.9966560169073924,0.0001251463142471862,0.0032188367783604352
id26178,0.48642058251909503,0.5110556220370123,0.002523795443892796
id24033,0.013287465433395722,0.013151639597828753,0.9735608949687755
id14793,4.908216462038759e-06,1.2154393757983648e-06,0.9999938763441621
id03053,0.9964935798526323,0.0004013200059311898,0.003105100141436546
id24285,0.9924766736129927,0.0009756668697153349,0.006547659517292013
id09137,0.9999999600435856,3.5362461614018684e-08,4.593952751510979e-09
id03185,0.998078801821011,7.709430789731965e-05,0.0018441038710915853
id21242,0.0024390214708434085,0.9931609589728201,0.004400019556336477
id17446,0.4699989646124434,0.016755386275792875,0.5132456491117638
id00087,0.01671338067927807,0.9806080434411649,0.0026785758795571
id11019,0.9339338218786166,0.06482697451283313,0.0012392036085502696
id18832,5.162630637492629e-05,0.9999390481158821,9.325577742984299e-06
id19224,0.2403064228094848,0.13990297862633655,0.6197905985641787
id17436,0.08476447651348668,0.0058052567245576525,0.9094302667619557
id09895,1.8744559890137388e-05,1.005067691120484e-05,0.9999712047631987
id20296,0.016434154844950418,0.00023201611946354185,0.9833338290355861
id03074,0.10576331834034264,0.8048245703190128,0.08941211134064463
id09152,5.29469300648138e-05,0.9999182412687906,2.8811801144552312e-05
id15277,2.36072740026208e-05,1.5292259032557459e-06,0.9999748635000941
id07520,0.48571234979677347,0.5138569889541956,0.00043066124903092207
id12928,2.421134538518913e-05,0.999975681155162,1.0749945283663513e-07
id06197,0.00829309194726834,4.6639493708947536e-05,0.9916602685590227
id24099,0.9930569800122971,0.0007810009086063243,0.006162019079096491
id17392,0.6881692053810401,0.12150941698073311,0.19032137763822687
id17303,0.8212336111453634,0.002335855218143623,0.17643053363649303
id05682,0.9988482175060301,0.00025992177452842987,0.0008918607194414948
id14339,0.9976943480798998,1.3322726340396961e-05,0.002292329193759933
id07873,0.12166446609628247,0.06002710755922251,0.818308426344495
id06939,0.4099382121252473,0.5558364958004889,0.03422529207426395
id14827,0.5733704188720465,0.32101375625820017,0.10561582486975327
id19768,0.3205207155577596,0.6748811132864455,0.004598171155795049
id18080,0.9922010739851852,2.9653622695445258e-05,0.007769272392119334
id17384,0.65864588328108,0.3384732189697711,0.002880897749148956
id12059,0.8020684179410685,0.1362177209602495,0.06171386109868199
id27382,4.8340941857598855e-06,1.1778071407446885e-05,0.9999833878344068
id23252,0.9419592618074601,0.007393720730193408,0.0506470174623464
id14797,0.018503575805762014,0.0013249581696966883,0.9801714660245413
id25826,0.0008326886022036486,0.00016899695456456618,0.9989983144432318
id27569,0.9922444537748628,0.00015033540814770924,0.007605210816989522
id05079,0.9939189572969576,0.006023311787018739,5.773091602369224e-05
id23749,0.9758657747961648,0.006526027289734826,0.0176081979141004
id04852,8.592590965111912e-05,1.311543976242949e-07,0.9999139429359513
id08920,0.9967752142112195,0.0007033270584846461,0.0025214587302958883
id15229,0.17977854951267802,0.03631988596625299,0.783901564521069
id11992,0.006785514203836027,0.9254496995897997,0.06776478620636434
id21087,0.2536779323212718,0.06384886086797538,0.6824732068107529
id22173,0.9855713108478265,0.010166627872526372,0.0042620612796471224
id26488,0.5483992038058831,0.20264391628710146,0.2489568799070154
id09378,0.9063404051219278,0.002372091258554062,0.09128750361951812
id19280,0.08996647381404414,0.9088519170209082,0.00118160916504776
id00701,1.3112144208984575e-05,0.00012862824993066787,0.9998582596058604
id18252,0.9944154566109565,0.005496551061670518,8.799232737277767e-05
id19850,0.005990019932075938,0.021438257842462106,0.9725717222254621
id00967,0.006161572777101323,0.9850311383643231,0.008807288858575629
id00670,0.9176063727172274,0.008607103201014366,0.07378652408175823
id10795,0.0027017035008689867,1.2699294230517698e-05,0.9972855972049005
id27312,0.018252320683963895,0.10045090180526553,0.8812967775107706
id10703,0.016349363478959787,0.006795274737922472,0.9768553617831178
id25596,0.33415078339885285,0.6398005683387731,0.026048648262374113
id00443,0.044064115633304195,0.0005475085833573075,0.9553883757833386
id21638,0.013081363048604066,0.9856619776022226,0.0012566593491733272
id15800,3.656058882811097e-05,0.9990221774483822,0.0009412619627897237
id23367,0.954477292667943,0.033522574998748764,0.012000132333308175
id03600,0.8819891267002784,0.05124044458603919,0.06677042871368245
id07147,0.4368408476880211,0.20874329980658848,0.3544158525053904
id02654,0.0001239662006722239,0.999718257891676,0.00015777590765177945
id17965,2.393648251583725e-08,0.999999953464741,2.2598776559296114e-08
id24304,0.004369064660478965,0.995233089227169,0.0003978461123521216
id11626,0.7354402022874168,0.22505555783919645,0.03950423987338676
id17604,0.0018124958328712476,0.003660170306200729,0.9945273338609281
id24725,0.9933845991527814,0.002013962198178269,0.004601438649040304
id08894,0.999989088880139,1.0730450052257191e-05,1.8066980873881793e-07
id01352,0.15451036930551856,0.006324701773416857,0.8391649289210646
id07907,0.9999997237964854,1.7675282409126263e-07,9.945069059383257e-08
id02681,0.00039393991578486206,0.000113694241637107,0.9994923658425781
id23951,1.4227898306058872e-05,0.999946725690027,3.904641166701823e-05
id11154,0.5801764845475347,0.005360250976994922,0.4144632644754705
id13182,0.6378653097005211,0.3469352663080312,0.015199423991447775
id04576,1.549334979682009e-05,0.9999844986258067,8.024396441762574e-09
id16318,0.9940444077854894,0.0009470074904935767,0.005008584724017042
id05472,0.08300937081098354,0.003617263820105741,0.9133733653689107
id20567,0.9808489865439832,0.01671899438713286,0.002432019068883959
id21385,0.033463001668969754,0.11667962736105145,0.8498573709699788
id09834,0.6924035265521002,0.014512493485263244,0.2930839799626366
id02954,0.9505353687842165,0.004267187432201149,0.04519744378358238
id15456,0.08571864086436913,0.909878354922867,0.004403004212763767
id06958,0.9999288506822536,4.007539407981692e-06,6.714177833848953e-05
id18053,0.4122330866911585,0.0010079362869175761,0.5867589770219239
id05180,0.002653757215307881,0.9963925412169113,0.0009537015677808464
id21648,0.9961695786321992,0.0007919630873048467,0.003038458280495975
id27095,0.07846712474971614,0.9017231246543774,0.01980975059590646
id16645,1.3815654192019996e-06,0.9999975999992741,1.0184353067407452e-06
id22508,0.9996238261197282,0.00033638989688087044,3.9783983390923314e-05
id01151,0.04617187163262772,0.02900273919286942,0.9248253891745029
id03451,0.21798313409016765,0.7609561372947412,0.021060728615091135
id20279,0.3419645142165336,0.021410470074668023,0.6366250157087984
id17480,0.025428423278572247,0.9581670520332932,0.016404524688134546
id08280,0.06536264478344542,0.9244773204081247,0.01016003480842992
id19245,0.7418061381714848,0.008416635944501387,0.24977722588401385
id20463,0.9782124174536009,0.012740839116810948,0.009046743429588227
id01510,0.00013917379399313633,0.9962001151454766,0.0036607110605303564
id22724,0.0021510603855774096,0.0021195548160768125,0.9957293847983458
id03386,1.3471453232986286e-05,3.8018352041605635e-07,0.9999861483632466
id26858,0.9736387410332089,0.00043234597752052107,0.025928912989270574
id27612,0.9965840005367599,0.002231992775521069,0.0011840066877190185
id14606,0.9999656440316094,1.960520955858815e-05,1.4750758832143915e-05
id09273,1.2904487984056924e-05,0.004693800962214007,0.995293294549802
id07736,1.2490877395045253e-05,0.000985630029306724,0.9990018790932983
id22879,0.9704044670262184,0.02575242124237184,0.0038431117314096756
id01075,0.0005488046603029513,0.9993864593571791,6.473598251810414e-05
id14038,0.008727151323660464,0.9908351912482676,0.00043765742807197613
id10294,0.852966645866785,0.1355975602529265,0.011435793880288606
id06738,0.07173197933045242,0.7576709777624695,0.17059704290707817
id06932,0.0016459893041035263,0.9962098601386832,0.0021441505572133367
id20905,0.015749130297165858,0.9443753453923545,0.03987552431047964
id03466,0.9232714131000331,0.006938719278091838,0.06978986762187508
id17100,0.006116538404001297,8.303552197192608e-05,0.9938004260740269
id00585,0.00010374056344932448,0.0003586009706420449,0.9995376584659087
id05385,0.9999926049141633,4.78679542050891e-07,6.9164062946694946e-06
id21658,0.9984639227565816,0.0014577909671951025,7.828627622340416e-05
id25140,0.027087762785386573,0.9719428636968012,0.0009693735178122105
id14623,0.0002948109335475152,0.9996303774214866,7.48116449657884e-05
id06925,0.18061194895361618,0.7664714658589568,0.052916585187427076
id03102,0.4252452850461907,0.02894516890284727,0.5458095460509621
id15215,0.008170130686433555,0.9918138395827978,1.6029730768620287e-05
id16162,1.184342802857088e-05,0.9999877363782056,4.201937657646905e-07
id12412,0.00027196880241870975,0.9969737956670491,0.0027542355305321675
id27708,0.98691120426878,0.0006965567305047529,0.012392239000715295
id18508,0.9127225720774911,0.011563445963955789,0.07571398195855326
id19857,0.9994458971151752,2.780263143041094e-05,0.0005263002533943552
id27904,0.9768073456316566,0.00582859789288534,0.01736405647545811
id27345,0.1015616266217385,0.11084777062025392,0.7875906027580075
id09516,9.981054732088782e-05,0.9998948776234236,5.311829255596151e-06
id24277,0.039629165537190536,0.7531959528641506,0.20717488159865885
id26935,0.00011571653616039753,0.9998302211110599,5.4062352779761626e-05
id08544,0.15973648086896203,0.17281490153754794,0.6674486175934901
id13779,0.9791932399315563,0.0019620726820973942,0.01884468738634647
id17103,0.8182718907698979,0.03677364692970661,0.1449544623003954
id01771,0.8268128422880348,0.044685771870389523,0.12850138584157572
id08211,0.0006445769544921299,0.0013283882766926666,0.9980270347688153
id06392,0.999999999999623,2.459633944110879e-13,1.3107709767361647e-13
id25629,0.9187059558124594,0.07433563565380019,0.006958408533740424
id15194,0.021292742230834577,0.27674532293324,0.7019619348359255
id23962,0.0309542811774667,0.9671897731886472,0.0018559456338861626
id14252,0.01206544391590128,0.006499304378548618,0.9814352517055501
id15381,0.9996210860515035,6.267132861816953e-07,0.000378287235210402
id17385,0.08437664785876325,0.03185626259257317,0.8837670895486636
id22826,0.924586597203037,0.057941102400795697,0.017472300396167192
id16485,0.07383724838617506,0.9204080196918856,0.0057547319219393225
id25744,0.997515018873395,0.002290786548009963,0.00019419457859502762
id09192,0.9998635678553122,0.0001359589497460552,4.7319494180921806e-07
id08619,0.0010355762457168224,0.9989071894056233,5.723434865994348e-05
id27889,0.8405617599215278,0.10154221117832594,0.05789602890014626
id10964,0.0015935645259005063,0.01629015005968897,0.9821162854144105
id00821,0.9999980543309386,1.2105036631932278e-07,1.8246186951065381e-06
id07120,0.9938606151393745,0.005230144217764013,0.0009092406428615191
id05347,0.9931406476829056,0.00649473498163681,0.00036461733545770786
id14047,0.5582499172956842,0.15905925215728384,0.2826908305470319
id24871,0.8650476214843468,0.10246156365197373,0.03249081486367951
id21417,0.7362807018261346,0.00489442889772474,0.2588248692761407
id03784,0.9989608007220243,0.0006610534738427767,0.0003781458041329105
id07389,0.3129543755665985,0.6656108600922104,0.021434764341191147
id16215,0.9862226513149475,0.011987084596375468,0.0017902640886770748
id10976,0.001694743017345675,0.00940079431519734,0.988904462667457
id00348,0.9997781552287835,0.00022149137406011975,3.533971562930376e-07
id04027,0.8564407361395553,0.0005557086009871442,0.14300355525945746
id21625,0.9590262274443114,0.011015178849462525,0.029958593706226007
id15117,0.0015176291144594228,0.004930476089490901,0.9935518947960497
id06776,6.599397946755298e-06,0.9999918884845443,1.5121175088966647e-06
id10947,0.9999978967282582,1.1853916908764981e-07,1.984732572726542e-06
id11746,0.2298943897879165,0.002978528817636927,0.7671270813944465
id27779,0.0006954383452434569,5.132929958850781e-05,0.999253232355168
id20789,0.06512023582598897,0.7392380590924572,0.19564170508155374
id16187,0.178663127918803,0.02516186817063679,0.7961750039105603
id23834,0.023886379295485878,0.9760099487057536,0.00010367199876045729
id25848,1e-15,0.9999999999999978,1.209722442117517e-15
id08777,0.9994889313834343,0.00031256972918551043,0.0001984988873801691
id17045,6.273784724582167e-05,7.491838024905227e-05,0.9998623437725052
id01474,0.016320469357973363,0.0020550552433084173,0.9816244753987182
id09396,0.17948456491660397,0.8135584632449141,0.006956971838481989
id22208,0.9985691409808651,0.0013874693243902476,4.338969474461161e-05
id13813,0.0008116933887545322,0.0010700517501279522,0.9981182548611175
id23386,0.9769821226755496,0.001439591917448598,0.021578285407001775
id02610,2.93028126301856e-05,0.9999576189376288,1.3078249741095248e-05
id07647,0.028457413379709563,0.8772292720305038,0.09431331458978671
id24025,0.9997592716839718,0.00020804975415854377,3.2678561869623244e-05
id25573,0.9996389156187679,8.320181040960453e-07,0.0003602523631280451
id23575,0.9818388428232887,0.005243985048069766,0.01291717212864162
id08968,0.26430881289425584,0.6752189324070942,0.060472254698649947
id09958,0.16988311313921284,0.827449978639884,0.0026669082209032444
id13648,0.5519031566070842,0.22593574185656684,0.222161101536349
id00335,0.9990424684077854,0.0001240013931199881,0.0008335301990946554
id18099,0.32313588005420124,0.6532572602510192,0.023606859694779728
id24297,0.001441166863141909,0.0012406379541926463,0.9973181951826654
id17751,0.02014718390364077,0.13198790258737003,0.8478649135089893
id02158,0.009717428727266494,0.9898389698090997,0.0004436014636338885
id03039,0.992730888056851,0.0016503931576750848,0.005618718785474002
id09467,0.3126448973388925,1.810133463625939e-07,0.6873549216477611
id14903,0.9493545252523343,0.05043627543009223,0.00020919931757355534
id03331,0.048421005075045306,0.8953110520846477,0.05626794284030695
id27366,0.008654447476357994,0.0028866524311478166,0.9884589000924942
id09199,0.9958254750977995,3.29234525754537e-05,0.004141601449625148
id07681,0.3128924612094266,0.013011069378126771,0.6740964694124466
id11502,2.7150599728160275e-08,0.9999999516845927,2.116480752880852e-08
id00140,0.9916977003565305,0.0027009101713104727,0.005601389472159024
id20159,0.8051701210885547,0.00035911464459432887,0.19447076426685095
id02007,3.51238006078564e-05,0.00026316321275538613,0.9997017129866368
id08188,0.9972295956389533,0.0025125860955060603,0.0002578182655405703
id04504,7.72057072424641e-06,7.136355057955938e-06,0.9999851430742178
id22031,0.9197625554478437,0.07719459753398866,0.0030428470181675877
id17947,0.00026682214854094756,0.0019123747729199332,0.9978208030785392
id06267,0.9438323704887052,0.039920089767783794,0.016247539743511074
id14577,0.8733757342232545,0.007535459488562358,0.11908880628818307
id27313,0.9942359310463812,0.00160781508301747,0.004156253870601335
id16231,0.013496183996710556,0.9864706229911188,3.3193012170634874e-05
id02587,0.2011357228266436,0.016059646279040517,0.7828046308943158
id04379,0.029404930436303853,0.9643077413669765,0.006287328196719663
id13503,0.0006620369353497598,0.9993374586536549,5.044109954152413e-07
id03887,0.9999201519562182,2.1429223462606893e-05,5.841882031918574e-05
id22338,0.964436733332364,0.015911352184255063,0.019651914483380977
id20080,0.8407102495461535,0.1550949839475824,0.0041947665062641755
id22392,0.9991741546070925,0.0006747496324295607,0.00015109576047796984
id03895,0.9237830900934922,4.153995046116479e-05,0.07617536995604661
id17179,0.0009920950630730263,0.9988871611053526,0.00012074383157431655
id23466,0.0010438218895737629,2.2192429423511348e-07,0.998955956186132
id12592,0.0006350515052012482,0.9978156939773007,0.0015492545174979582
id16947,0.9985899269921564,0.00028228618777506213,0.0011277868200685593
id13870,0.275424150241323,0.01454811367947567,0.7100277360792013
id10717,0.001340486788796436,7.878067354097754e-05,0.9985807325376626
id09418,0.9710388636604221,0.01610386184542078,0.012857274494157122
id20753,0.9818717844019538,0.009250707883956995,0.008877507714089183
id00114,0.004263588853641166,0.009279214051158542,0.9864571970952003
id00627,0.9999996817981215,3.0582711918503235e-07,1.2374759374355356e-08
id07738,2.6414575185703953e-06,0.9999970651268733,2.934156081583532e-07
id14516,0.9171114176179231,0.0612476083555765,0.021640974026500396
id02107,7.572075313222548e-07,0.9999991944301388,4.836232987325206e-08
id18378,0.000786155271850922,0.9955580527132961,0.0036557920148530235
id02751,0.05161489682591614,0.0008382413648318972,0.947546861809252
id26105,0.031004143630811935,0.3452846223626087,0.6237112340065794
id07659,0.020278381582079646,0.2699946099346359,0.7097270084832845
id07421,0.9995067684775705,0.0001760023269688451,0.0003172291954607664
id00325,0.9131569988469935,0.0708505129082371,0.015992488244769378
id12253,0.9983059513438386,0.0016855610576305183,8.487598530925855e-06
id23427,0.9699170421178249,0.029980356422484665,0.00010260145969042268
id06202,0.9913247800878384,3.380002465662575e-05,0.008641419887505048
id21320,0.0021502997982371834,0.0023328908770450293,0.9955168093247179
id21994,0.5480060627558189,0.4299655947627344,0.022028342481446656
id13903,0.49970599304719343,0.14245351054274152,0.35784049641006493
id13767,0.9987770884583141,0.0010701562498593897,0.00015275529182644533
id03750,8.880081736949875e-05,1.1233391453897892e-05,0.9998999657911767
id08666,0.0005572709081543778,0.00017915374475365684,0.999263575347092
id12171,0.0297504013147609,0.08777990909902918,0.8824696895862099
id26202,0.15831739299999714,0.0016862585910727291,0.8399963484089302
id16310,0.0012014841646288202,8.34661336980053e-07,0.9987976811740342
id02650,0.663886122141352,0.19096183109147666,0.1451520467671714
id26558,0.9734664673554672,0.017453794256013032,0.00907973838851985
id24794,0.9996996451079898,0.0001174920280915372,0.00018286286391868206
id01299,0.9820722455721655,5.153495507331454e-07,0.017927239078283697
id19281,0.9999943447326962,4.762012427709733e-07,5.179066060990085e-06
id20504,0.773757578167917,0.04834132139929918,0.17790110043278382
id15716,0.028187382638497877,0.018927129133327992,0.9528854882281741
id08222,0.012282140647283392,0.07995218491624059,0.907765674436476
id12393,0.0004900476043540017,0.13167301745990467,0.8678369349357413
id26841,0.04907241338762296,0.9503614283790862,0.0005661582332906997
id22947,0.0200585230599812,0.9790455394416896,0.0008959374983291759
id10817,0.9999993935166129,6.053801763601669e-07,1.1032107698323533e-09
id01486,0.23580291408341586,0.7349673272836507,0.02922975863293358
id00296,0.016693600780356588,0.9770082916192719,0.006298107600371358
id24189,0.5295419322687314,0.1642397443078167,0.30621832342345184
id20909,0.2695180848151145,0.09503455757887917,0.6354473576060063
id21079,0.9988918091758986,0.0010911828559268778,1.7007968174456627e-05
id02478,0.007907418436484834,0.2499347801539571,0.7421578014095581
id03727,0.9097541541034712,0.0022992750656317096,0.08794657083089713
id09794,0.9567975253613328,0.0025750432202452595,0.040627431418422
id08527,0.16106684892816656,0.8372005515048876,0.0017325995669458189
id18716,0.9989990714146524,0.00025125864274658114,0.0007496699426010222
id21733,0.00011062349989976389,3.2581202907539623e-07,0.9998890506880712
id08898,0.9772343042259846,0.021140278886082286,0.0016254168879332226
id16571,0.13526901310152104,0.007025714548762531,0.8577052723497164
id17780,0.9740755515852659,3.3811568692027415e-05,0.025890636846042096
id11537,0.9871570538311591,0.007730600400954897,0.005112345767885961
id23242,0.8608517397134596,0.12976376074632495,0.009384499540215427
id16749,0.01596888018931801,0.0010585779519808214,0.9829725418587012
id02226,0.9988911711422958,1.839311398206263e-05,0.0010904357437221737
id08369,2.1562269455858774e-05,0.0004174132361537411,0.9995610244943904
id18013,0.09007214953536544,0.9062497494551469,0.0036781010094876997
id23454,0.996488493284261,0.0018306866479155064,0.0016808200678234328
id03878,4.579090849111117e-09,0.9999998668444284,1.285764806775647e-07
id15129,2.8397508722206864e-07,3.6953038629286425e-05,0.9999627629862835
id21874,0.6568197146293686,0.0011315705594006995,0.3420487148112307
id24455,0.2693518914052719,0.0034502793925231985,0.7271978292022049
id03860,7.835392373303249e-07,0.9999972362082653,1.9802524973573495e-06
id07622,0.0010960953054455675,0.9988841906797655,1.971401478893899e-05
id18449,0.5319838681889222,0.028370356283192375,0.4396457755278855
id16952,0.9956266623197753,0.0017672491149696204,0.0026060885652551486
id08212,0.9964869628077988,0.0010696051063105762,0.002443432085890554
id05513,0.3736601986484187,0.006366381275928449,0.6199734200756528
id24536,0.9999999879912598,1.1941474056059651e-08,6.72661546859149e-11
id18070,0.9947659839256038,0.001389090224049309,0.0038449258503469286
id03094,1.3738932423307724e-08,0.9999999860818911,1.7917644274370775e-10
id13815,0.0072335267595256564,0.00029355542849426305,0.9924729178119801
id14023,2.22202307694871e-06,0.9999970976599858,6.803169371910707e-07
id14480,0.4969546498450842,0.32957049177829284,0.173474858376623
id00059,0.9434746899311939,0.015954306636840637,0.040571003431965624
id16873,0.9941036117419637,0.0016001740806683342,0.004296214177367922
id23144,0.8722097395102012,0.0013944491060679022,0.1263958113837309
id02845,0.9995794458437112,0.00034460719486003444,7.59469614287742e-05
id25492,0.2487726350638459,0.0020190211574827553,0.7492083437786713
id04097,0.4365578086482281,0.5450801861670335,0.018362005184738343
id25883,0.9998961146627138,7.954840744849144e-06,9.593049654130815e-05
id23391,0.0030681750261291017,0.987146786777049,0.009785038196821912
id27018,0.9968323885961764,0.0029142554316253693,0.0002533559721982598
id23614,0.2247185188788894,0.7737798631578569,0.0015016179632537827
id14309,0.0009933718408958873,0.9984514634634072,0.0005551646956969768
id27746,1.0695091131540188e-06,0.9999989289802047,1.5106822442115817e-09
id05057,0.33162364517445114,0.5935772570086164,0.07479909781693238
id06246,0.7832639502106816,0.07321095372996321,0.1435250960593552
id00509,0.0009320097247172389,0.019939411229698563,0.9791285790455843
id19473,0.9999995220116302,4.777565013293413e-07,2.3186850198707504e-10
id07044,0.046273221844614076,0.012817234069541257,0.9409095440858447
id09871,0.13779975298672423,5.182744073672773e-05,0.8621484195725391
id26870,0.7542473944807688,0.05994153543987977,0.1858110700793514
id06125,0.12348155026420367,0.8687370826615096,0.0077813670742867625
id02829,0.9930099322020035,0.00014869244695819923,0.006841375351038255
id24935,0.33205217381301494,0.011317608314570612,0.6566302178724145
id04557,0.00018440685708932822,1.0239313697986275e-05,0.9998053538292128
id01208,0.9362443239478471,0.02530245289999454,0.03845322315215841
id16235,9.523445628591904e-10,0.9999999986540581,3.935973359670114e-10
id05135,0.005006043999996804,0.9943332222437616,0.0006607337562415559
id05892,0.03444858023633858,0.00029214981422428447,0.9652592699494372
id21207,0.999385587792772,4.121355220723417e-06,0.0006102908520072689
id10722,0.5495375771303561,0.3172711496493791,0.13319127322026478
id17396,5.3787696235956134e-05,0.04416375489627933,0.9557824574074848
id17755,0.9054907851507032,0.02246411332469125,0.07204510152460562
id18529,0.017446431388308727,0.0010806642656056324,0.9814729043460857
id18235,0.8547154473033761,0.1425130020907373,0.002771550605886662
id20188,0.18428444521676043,0.004075802318466071,0.8116397524647735
id13483,0.003910392538490464,0.0275712168689377,0.9685183905925718
id16860,0.8422489604231145,0.08419430959448525,0.07355672998240022
id11203,0.9999992148870942,7.017350939390887e-08,7.149393964481381e-07
id01104,0.997044561278474,0.0013163987026113023,0.001639040018914688
id26195,0.0010272568018353213,0.9944702519480334,0.004502491250131242
id19647,0.004583790740785483,2.314289011080338e-05,0.9953930663691037
id24377,0.09410097155988621,0.001983212035748222,0.9039158164043656
id07103,0.9999569331134908,3.158308529558877e-05,1.148380121360282e-05
id27061,0.9915286897830045,0.008452894892580094,1.8415324415498333e-05
id06255,0.23343981133319067,0.7573073175710872,0.009252871095722188
id19483,0.39958338966346435,0.09419590611987114,0.5062207042166645
id27936,0.3045226062416713,0.69519826180398,0.0002791319543486443
id21761,0.9377573812285809,0.056750108648960094,0.005492510122459011
id06543,6.191544021236772e-10,0.9999999765359582,2.284488744062831e-08
id04779,0.19145338938791043,0.7482134401432934,0.060333170468796146
id05819,0.8407716196119763,0.0020506284995059033,0.1571777518885178
id04670,0.056570892966770814,0.943197282516084,0.00023182451714522955
id22206,0.9469017225053428,0.0027717601756630694,0.050326517318994124
id18557,0.9892420928313405,0.007516434669463489,0.003241472499196084
id24017,0.0869496933940206,0.822574617253885,0.09047568935209441
id10305,0.9929587582306144,0.00608815257477532,0.0009530891946102622
id25879,0.9889728078691201,4.46482560313813e-05,0.010982543874848566
id08243,0.002700632022134672,0.9935750874825742,0.0037242804952911843
id11999,0.025186762675072936,0.9567060887930559,0.01810714853187126
id13392,0.028892423591684323,0.9704246692316382,0.0006829071766775878
id00681,0.057487535727636874,0.9403916160347161,0.002120848237647104
id03225,0.6408908720703875,0.32522461635571787,0.03388451157389469
id19684,0.009349585944164494,0.055997946753264076,0.9346524673025715
id01944,0.9826149889831416,0.0002483141490163377,0.017136696867842107
id04903,0.004855439487455411,0.0005769521984716048,0.994567608314073
id22131,0.9881694182410313,0.008508719933625567,0.0033218618253431104
id17465,0.43974677252144256,0.0016589394743780335,0.5585942880041794
id02341,0.0909047371770878,0.0006357893726054495,0.9084594734503068
id23306,0.45376694649070476,0.3034947523245339,0.24273830118476133
id13543,0.0018335915566069585,8.983598069273025e-05,0.9980765724627003
id05527,0.7585623427573739,0.06539323760352833,0.1760444196390978
id13622,0.0006952947087859847,0.9991220138463982,0.00018269144481583834
id04807,0.44668822178321116,0.5431328891049116,0.010178889111877297
id03763,0.3622226973508599,0.004157890583506925,0.6336194120656332
id04860,0.0015222782527650437,3.2788478786468255e-05,0.9984449332684485
id18552,0.9999769234919115,1.410942198152946e-05,8.967086107018763e-06
id05624,0.6997255786112859,0.2550460485990353,0.04522837278967875
id10691,0.002447048380672025,0.11111666825313868,0.8864362833661894
id12723,0.7897279320189547,0.18983290692413743,0.020439161056907854
id14533,0.9760175577415292,0.022887123575059894,0.0010953186834110106
id07197,0.899270220762009,0.00021402674058843476,0.10051575249740255
id08284,0.9994541031529196,0.00043600759715283117,0.00010988924992765472
id13373,0.43752689037166237,0.3093681457918539,0.2531049638364836
id25880,0.1590186914840313,0.017689325428630553,0.8232919830873382
id00879,0.773376002612218,0.17927407952203428,0.04734991786574782
id27931,0.000543537589878132,0.9789910196191817,0.020465442790940154
id20774,0.0008140635754174499,0.0008145392468149533,0.9983713971777676
id18642,0.08229163343345125,0.8452182014837931,0.07249016508275558
id26855,0.044390993406362454,0.6742519998607034,0.2813570067329342
id08684,0.369284504718492,0.04782054366656743,0.5828949516149405
id01743,0.016104951011969557,0.5921465568243219,0.3917484921637086
id09704,0.00042047063705407853,0.9993233012735917,0.0002562280893542693
id00696,0.3058610438037629,0.014234327882427882,0.6799046283138093
id08351,0.022009932806868145,0.9775072620171171,0.0004828051760147566
id08495,0.9878773734706873,0.002603274128821757,0.009519352400490953
id05141,0.0011382333013009369,7.043841521180849e-06,0.9988547228571779
id08515,0.01248094075325689,0.000666409201145951,0.9868526500455972
id23509,0.006246090717150102,0.005699189857491902,0.988054719425358
id20577,0.0003773443370598906,0.00013117014455203753,0.9994914855183881
id04217,0.04301601018757712,0.00024101639290934865,0.9567429734195135
id24430,0.07881352754387214,0.2272597433451582,0.6939267291109696
id11995,3.368893469430699e-07,9.103030012994616e-07,0.9999987528076518
id10871,0.0008935921900176843,0.026097760757855887,0.9730086470521264
id21988,0.0003255586504233091,0.00029438871334608064,0.9993800526362306
id07248,0.9979752177994815,0.001071294190247981,0.0009534880102705618
id22805,0.9047889124010716,0.03466863693131006,0.06054245066761837
id18064,0.00739705400004133,1.6294082809828737e-05,0.9925866519171488
id02256,0.35918115131597234,0.17336615475800704,0.46745269392602057
id18835,0.8530692988906111,0.00017212645186803226,0.1467585746575209
id06068,0.028639820082063432,0.27323306253068763,0.6981271173872489
id13355,0.0003211613382478564,0.9993553924840164,0.00032344617773572313
id15890,0.0009724402530740874,0.9988352377319791,0.0001923220149468207
id11828,0.9999357140563849,6.330687253666275e-05,9.790710785164618e-07
id14235,0.008203216268950906,0.00018020005977843054,0.9916165836712707
id07891,0.014273829267262481,0.3150358269585909,0.6706903437741467
id00426,0.023939745050788074,0.9506162726143027,0.025443982334909198
id00194,1.3571239853981495e-05,2.3849046888040203e-08,0.9999864049110991
id10086,0.15513192954927488,0.00015606369660386675,0.8447120067541213
id24683,0.0035644846074737667,0.003587098100359374,0.9928484172921669
id01217,0.03687646736039484,0.9593504849373323,0.003773047702272919
id09906,0.035014156615183464,0.8671082455713619,0.09787759781345462
id04780,0.009447619432877299,1.0597525201531844e-06,0.9905513208146026
id15682,0.999562662211486,0.0004150327281491288,2.2305060364856147e-05
id27193,0.8971600558956323,0.012305979545391236,0.09053396455897653
id01574,0.0015761868930659459,3.948889301041503e-05,0.9983843242139236
id26894,0.03353177305938991,0.006288788774380701,0.9601794381662294
id08143,0.3162430680808809,0.5248810408590376,0.15887589106008151
id05756,0.01773911158745975,0.9046138757003493,0.07764701271219085
id14803,7.418320926426842e-05,3.1227396143068867e-07,0.9999255045167743
id01103,0.0005666071267143568,0.9973194985826918,0.002113894290594015
id17451,0.7327864373839139,0.22973454853412606,0.03747901408196011
id10497,0.14016696575491938,0.6833574359747879,0.17647559827029263
id23770,0.9780437270581329,0.009314045859390283,0.012642227082476752
id01731,0.6155143865500733,0.005622545498096384,0.37886306795183033
id24021,0.015482697916089855,0.8384129446984704,0.14610435738543986
id24904,0.9999992987309854,1.2407536750512722e-09,7.000282609026338e-07
id16795,0.006931363661446024,0.1877418739342295,0.8053267624043245
id27308,0.5662825399004217,0.017102252433997732,0.4166152076655805
id16671,0.9985357976467207,0.0011549870653615297,0.0003092152879177873
id10035,0.8037164144735857,0.03489777213499666,0.1613858133914176
id12143,0.7210793873549215,0.09189391481364143,0.18702669783143713
id14087,0.9992960967108856,0.00023212035260556881,0.0004717829365088595
id02962,5.860836975641272e-06,0.9987844637217138,0.001209675441310544
id17035,0.029371995709628115,0.010687363592937583,0.9599406406974343
id07600,0.20810958549341138,0.0267845791886002,0.7651058353179885
id08201,0.013311619404936678,0.0035025817680871115,0.9831857988269762
id04623,0.999543345978611,0.00018856789649237263,0.000268086124896611
id07245,0.7283595105436218,0.18712992912370802,0.08451056033267017
id01334,0.9379677933269392,0.02862652091362937,0.03340568575943141
id23105,0.9989916668609583,7.410997733062126e-05,0.0009342231617111191
id19744,0.2062441238553569,0.14518084232875553,0.6485750338158875
id22884,0.9987923977997492,0.0002510630167055641,0.0009565391835453736
id01936,0.35271978129322323,0.6038802339300852,0.04339998477669162
id21910,1.8803879618522683e-05,0.9999709408867977,1.025523358383801e-05
id10801,0.0507400671985505,0.8888577444245959,0.06040218837685368
id02629,1.953030647233793e-06,0.0003174938869951167,0.9996805530823577
id11940,4.0992865078999107e-05,0.9999261130906207,3.289404430032215e-05
id12664,0.2010715350288073,0.03379175214815441,0.7651367128230383
id06308,0.00016038277147583177,1.8876254414050313e-05,0.9998207409741102
id21510,0.9967506367594413,2.2413381542984884e-07,0.0032491391067432634
id20043,0.0024732555662699126,0.00010047407320672923,0.9974262703605233
id01014,0.8634809931035646,0.09648283479448981,0.040036172101945565
id04968,0.11319126700467169,0.25958574757349717,0.6272229854218312
id17552,0.12351089353325498,0.8333962207357561,0.04309288573098896
id25395,0.15238113354134072,0.00295864915586169,0.8446602173027976
id25931,0.999994407358553,5.101009034700739e-07,5.082540543382043e-06
id21548,0.009585693179445317,0.00023691589979044506,0.9901773909207643
id07443,0.0005138187380411799,0.00014669385311748745,0.9993394874088414
id01215,9.5121182432612e-06,0.9997895374312894,0.00020095045046727354
id20060,1.4343930573658436e-05,0.9999846323240313,1.0237453951196447e-06
id17279,0.5636312528285566,0.12029932669061918,0.3160694204808242
id20214,0.000677040955169583,0.9983792336153966,0.000943725429433883
id08809,1.422553284242936e-05,9.448889167865949e-06,0.9999763255779898
id17098,0.826763148936409,0.019399478932673336,0.15383737213091758
id10146,0.9933619698348003,0.002254329394846797,0.004383700770352969
id24986,0.9330049959235914,0.057654219188494005,0.00934078488791462
id19690,0.11900315380887044,0.07125297925509601,0.8097438669360335
id14487,0.8166995870669368,0.0448176130383165,0.1384827998947467
id26146,0.9813659754767468,0.008121569894559933,0.010512454628693373
id01942,9.847539803808241e-07,5.534563911352583e-07,0.9999984617896285
id03843,0.41309377406397124,0.5418054294685597,0.04510079646746903
id02026,0.33455188673451375,0.4064989326833421,0.2589491805821442
id10903,0.8861072212736874,0.09094949188553764,0.022943286840775092
id07340,0.2371568903469315,0.10609216456877281,0.6567509450842958
id25682,0.2640367778654233,0.7359182164557396,4.500567883706541e-05
id13830,0.9781450628941358,0.018324672605805198,0.0035302645000590055
id08319,0.1345257085533853,0.0004785501086454352,0.8649957413379693
id25558,0.05974287921745242,0.0008717218549109373,0.9393853989276366
id07084,0.007089408037994464,0.008820812875640877,0.9840897790863646
id00203,0.42879748196546474,0.4790880417489202,0.09211447628561506
id23804,0.20977429829717703,0.0010490385230112606,0.7891766631798118
id06863,0.017294073286262392,0.001840270538875779,0.9808656561748619
id11191,0.7163459814187505,0.1849733061893114,0.0986807123919382
id00846,0.008045600015382626,0.9547672551773188,0.037187144807298685
id17290,0.03488412776306325,0.9483189837198439,0.016796888517092858
id00047,0.0029795726615918405,0.9868013068854761,0.010219120452932096
id27631,0.9519742850270531,0.047965745977001796,5.99689959451759e-05
id15793,0.006989786493673488,0.0004121785704281046,0.9925980349358985
id03142,0.012929851249552645,0.0030241625512586853,0.9840459861991887
id24825,0.9999990359997151,7.879969916480559e-07,1.760032932252906e-07
id12069,0.037435460764256426,0.017535758843945832,0.9450287803917978
id23009,0.9990745995427862,0.0009167348713874238,8.665585826315002e-06
id06793,8.645146205838217e-05,0.9996634746777668,0.00025007386017483226
id18638,0.9978251839106536,0.002117277846407354,5.753824293904923e-05
id02966,0.9991034416361161,0.0004402158649695335,0.00045634249891441986
id20346,0.002407039051403895,0.00011796381549055948,0.9974749971331055
id16855,0.8992768124288414,0.012798622858013985,0.08792456471314469
id16350,2.1300262166782796e-05,0.9999729553202095,5.744417623754154e-06
id25092,0.0022833528509220947,0.9966912292236288,0.0010254179254491288
id16132,0.8454929878260038,0.10815804489331542,0.04634896728068083
id15977,0.0003191328009693308,6.267831151068373e-05,0.9996181888875201
id26922,0.6386866325039735,0.007778021284333104,0.35353534621169347
id20054,0.9256505832583254,0.0602204986346754,0.01412891810699929
id14375,0.04865893541717163,0.005519876870638579,0.9458211877121898
id23372,0.24023416638194894,0.05331951099946929,0.7064463226185819
id20360,0.0002118516677272398,0.9994810854235254,0.00030706290874738825
id25380,2.8620090255500066e-13,0.9999999999995282,1.8572649823350588e-13
id07295,0.05519874367084869,0.0003877154604127527,0.9444135408687385
id20349,0.4416741909191567,0.5562637709809896,0.0020620380998538097
id17177,0.0013390336527091876,0.0011263285469357166,0.9975346378003551
id07041,0.6582311879103189,0.006609234716336856,0.3351595773733443
id27459,0.02504818961970223,0.9742781803383126,0.0006736300419851788
id24144,0.7533751222851971,0.24340671696484203,0.0032181607499608216
id13748,0.003996190873280612,0.00016313811439660743,0.9958406710123228
id08295,0.9602599377501546,0.015169155556995495,0.02457090669284993
id00744,0.01021783826361173,0.012659779875359847,0.9771223818610284
id19662,0.024244490534297704,0.9522796615738016,0.023475847891900693
id13027,0.023422451523480943,1.352088938987302e-06,0.9765761963875801
id21785,0.2080907004221432,0.047450506175830943,0.7444587934020258
id13431,0.9959836314236009,0.0034471201115718613,0.0005692484648272152
id21455,2.5593039420950716e-05,0.9999154085217864,5.899843879269525e-05
id25429,0.0012117361882803181,0.996270492888313,0.0025177709234066436
id16944,0.7236042060361354,0.00025789578706243927,0.2761378981768021
id01458,0.0008534106034234925,0.9836615002901669,0.015485089106409718
id15684,4.9099672103150724e-08,0.9999999494826245,1.417703457458565e-09
id00970,0.9798989289888783,0.0006779701510985949,0.0194231008600231
id12185,0.027395279213677865,0.043944542570832947,0.9286601782154893
id15050,0.15544329383760466,0.6611511110512385,0.183405595111157
id05062,0.0006307100387764853,0.0010401846477441062,0.9983291053134794
id13150,0.006249482723971317,0.986404764619508,0.007345752656520704
id02821,2.563300801451535e-06,0.9999973201805465,1.1651865197713904e-07
id05545,0.9897292718010803,0.0018813482112928698,0.008389379987626894
id03523,0.999844737677261,6.456763769602917e-05,9.069468504299254e-05
id02098,0.000688604329592056,0.004559227751171925,0.994752167919236
id26788,0.8851904662162324,0.037812443959494256,0.07699708982427338
id22116,0.01675234076823111,0.9660619940499006,0.01718566518186838
id16175,0.9999999999968068,1.0003595319423111e-12,2.19301265436262e-12
id24957,6.9214807052976e-05,0.9550976457219579,0.04483313947098907
id10844,0.001740783471578448,0.9982575847419939,1.6317864277071855e-06
id11758,0.9844867506952861,0.015202152385763536,0.0003110969189503456
id05134,0.05329597516739147,0.8281477943860448,0.11855623044656374
id15865,0.0032987065160857876,0.9923909519090863,0.004310341574827875
id08591,0.061022763345764085,0.9360557023861212,0.002921534268114708
id26318,0.029398237942171623,0.004734088491587171,0.9658676735662413
id05612,0.9973947881819073,0.0005278185218156667,0.0020773932962769824
id14561,0.03445933257563778,0.3193624594888908,0.6461782079354714
id07666,1.3888030749697935e-06,3.764389400736145e-09,0.9999986074325357
id01297,0.976029578481897,0.006213805289736673,0.017756616228366377
id10688,0.010123312374437048,0.287968217382399,0.7019084702431639
id15377,0.115284032953568,0.8838606111247481,0.0008553559216838878
id23377,0.27326426425068495,0.44642534168669434,0.2803103940626207
id05797,0.018188212199022353,0.949661326091458,0.03215046170951958
id06241,0.5422405142300567,0.04147855179297751,0.41628093397696575
id10766,0.9577801938715648,0.016268855051791157,0.025950951076644135
id03928,0.9999865130365012,1.1498384540105439e-05,1.9885789587639123e-06
id04429,0.008680523418220164,0.3283144473206062,0.6630050292611736
id24846,0.0599867912921762,0.04964862299060244,0.8903645857172213
id19784,0.0007187076101592022,2.7868079671448934e-06,0.9992785055818737
id02452,0.9165813639798596,0.0012090538952399948,0.08220958212490052
id02600,0.9532190207048394,0.045336618247836726,0.001444361047323783
id27487,0.012254640542515335,0.001693609962647264,0.9860517494948374
id12323,0.9992290129941496,0.0007525196044079597,1.8467401442533757e-05
id00487,0.003372637438940189,0.02878670791161386,0.9678406546494459
id06032,0.9767513976699845,0.01664513787801632,0.006603464451999069
id05211,0.7179936180991668,0.014865930838030303,0.2671404510628028
id16523,0.7821413119778127,0.21308761910124344,0.004771068920943945
id08800,0.1475781978285376,0.8061501501517149,0.04627165201974743
id08791,2.0297643484369304e-05,7.673294850817497e-05,0.9999029694080075
id10429,0.01773797080837223,0.10418374599436678,0.878078283197261
id20801,0.9805030930986436,0.01936556206605463,0.00013134483530185195
id14055,0.00034131765246092415,4.397897572013655e-06,0.9996542844499671
id09462,0.00016710054268778094,0.9997891021230453,4.3797334266950146e-05
id06725,0.089889609421003,0.9094716464301456,0.000638744148851458
id01749,0.9638943866930452,0.03480388567626922,0.0013017276306855601
id22054,0.00016127954150303969,0.999622337387475,0.00021638307102195652
id07244,0.0020661270201169624,0.00010828597810376588,0.9978255870017794
id12562,0.9977721917093075,0.000119230955516776,0.0021085773351757118
id13838,0.5999197669255274,0.3950093630881957,0.005070869986276943
id22535,8.768077502434125e-07,0.9999978607941947,1.2623980550072197e-06
id01099,0.25317727117138,0.7392313386761814,0.007591390152438626
id02190,0.03285884252036706,0.9667836705753433,0.00035748690428957645
id25921,0.20926679525277175,0.34841466452064207,0.4423185402265862
id16075,0.00486773734989079,0.03840508587305991,0.9567271767770493
id20465,0.7965268254198408,0.19151243274058605,0.01196074183957318
id06556,0.04208193916897493,0.09134668192464984,0.8665713789063753
id09360,1.1352332715443217e-05,5.797999664367666e-07,0.9999880678673181
id09042,0.00022927446942190647,0.9997294133665331,4.1312164044963404e-05
id08846,1.6128586088530862e-07,0.9999998149634324,2.3750706785874867e-08
id21274,0.0038579021518478085,0.20254294266765965,0.7935991551804926
id05841,0.8985982256966025,0.08174971490051759,0.019652059402879903
id20361,0.9651550370978502,0.00121720489520896,0.03362775800694088
id07499,0.998364795773662,9.00138492490977e-07,0.0016343040878455256
id19466,0.2394966492657349,0.44048368663429893,0.3200196640999663
id16550,0.0041232311193744155,0.9958449198813727,3.184899925285049e-05
id24512,0.31179780708437177,0.5025118039936143,0.18569038892201395
id14444,0.956753245236175,0.002256232024530266,0.04099052273929478
id11395,0.9031711661304096,0.0053134762735597835,0.09151535759603066
id14907,0.00036399808679941383,0.0007310148820724019,0.9989049870311283
id19393,0.0014632877640618394,0.000486891422078104,0.9980498208138601
id26780,0.9708387442431707,0.01450546287168639,0.014655792885142897
id03132,0.00937194479376891,0.00968474688510502,0.9809433083211261
id17709,0.9944425724375588,0.00020493576411353273,0.005352491798327602
id19739,0.822156306605478,0.012835819490441743,0.16500787390408023
id08470,0.9980346580151491,0.0019547287507358435,1.0613234115053271e-05
id22312,0.0005695512165067793,0.9979530219264781,0.00147742685701511
id20391,0.7088461898324119,0.08169713556902962,0.2094566745985586
id05295,2.6709703961522567e-05,6.463549779230086e-06,0.9999668267462593
id08129,0.1230379097223331,0.006158371832243071,0.8708037184454238
id10615,0.2181743428272319,0.0017912603121507942,0.7800343968606174
id09506,0.14419373907548386,0.1247819973802027,0.7310242635443135
id22557,0.20766779896420007,0.7701144266592599,0.022217774376540187
id04181,0.00011236689731127215,0.9998203786381811,6.72544645076763e-05
id22457,0.001043462313757128,0.9989545094205861,2.0282656567976853e-06
id00340,0.21239852156075475,0.0045286095762161966,0.7830728688630291
id18205,0.00027490930114655766,1.4415712971956229e-05,0.9997106749858815
id03861,9.699677846010259e-05,0.9995477226068142,0.0003552806147257316
id20546,0.992378813276634,0.00755466898507065,6.651773829540996e-05
id17226,0.005247920872893176,0.0011720538335821733,0.9935800252935247
id10376,0.5674426552277855,0.25511837537094023,0.17743896940127427
id17734,0.12630858029208372,0.6310597302822007,0.24263168942571556
id09703,4.583808576567059e-06,0.9999533763419264,4.203984949706623e-05
id16311,3.4638640493955325e-06,0.999957033557777,3.950257817359742e-05
id06524,6.304685753378703e-05,0.999814363294773,0.00012258984769322612
id01082,7.542613137661163e-07,0.9999795785155747,1.9667223111506958e-05
id01940,0.38627325900548465,0.014890294929194362,0.5988364460653209
id04146,0.00043158980461017625,0.011457102562362577,0.9881113076330272
id03891,0.9936686590284182,0.0003929878637812098,0.005938353107800613
id14421,0.9863102160534866,0.00030904475039564885,0.013380739196117887
id19027,0.999999968601139,3.1179732175528235e-08,2.1912885347296936e-10
id19813,4.713137718119749e-05,0.9999205615504729,3.230707234586952e-05
id05827,0.28344922581483334,0.000503783803358397,0.7160469903818083
id03326,0.18399431302767807,0.0033401885147380304,0.812665498457584
id10089,5.521909355191268e-07,0.9999993843272496,6.348181490883197e-08
id06827,0.9742324242583451,0.020251308859091082,0.005516266882563819
id01209,0.9546070124993128,1.952630388932753e-05,0.04537346119679791
id08812,0.9311458528370234,0.006581631537051059,0.06227251562592546
id25906,0.9897460812085557,0.00772106961759691,0.0025328491738474575
id25553,0.8937843579846039,0.001977355026735469,0.10423828698866076
id10193,0.026396229917914783,0.00011885791034591458,0.9734849121717394
id15438,0.9953153250014399,9.163665873498904e-05,0.004593038339825106
id04821,4.968976976765181e-05,0.996265917154163,0.0036843930760694435
id26592,0.027915120847520437,0.0072233959808932395,0.9648614831715864
id20195,0.11294904908517463,0.1288631742288623,0.758187776685963
id00378,0.13394328646699447,0.17703809597327577,0.6890186175597297
id15052,0.8976424709159196,0.05379197543074433,0.04856555365333603
id09519,0.9956005062385362,0.004240102999536756,0.00015939076192695198
id04579,0.9782525501647424,4.54094710461104e-05,0.02170204036421148
id08274,0.998816862036249,7.490694052353006e-05,0.0011082310232275257
id26223,0.08171737796229174,0.9182139218001387,6.870023756953683e-05
id01914,0.9960546415283053,0.0034155459585872576,0.0005298125131074358
id05244,0.9999524114657319,3.622735968841003e-05,1.1361174579738595e-05
id14467,0.9967092868874232,0.0024925771062921397,0.0007981360062846767
id23284,0.07268841149740428,0.00021990195620399207,0.9270916865463918
id20634,0.0024261895246986895,2.836369343432595e-08,0.997573782111608
id14659,0.9999538695167856,2.701107312266313e-05,1.9119410091759444e-05
id23659,0.0034751878755799677,0.9963518577998984,0.00017295432452161353
id16902,0.999998527315011,1.0052744122981538e-06,4.6741057670697954e-07
id20509,0.9884732685315242,0.006030737341544006,0.005495994126931818
id08019,0.10069200678917617,0.021533069211339507,0.8777749239994843
id26180,0.00017573110865235975,4.4226918399921156e-08,0.9998242246644292
id01487,0.01685409350397775,0.8237395949971594,0.15940631149886292
id22898,0.0006743149562343873,0.9989297962262148,0.00039588881755077686
id24005,0.9894590860743033,0.008761409752544644,0.0017795041731519668
id00118,0.0353303231818574,0.9424017265573673,0.022267950260775323
id17435,0.3332431575476251,0.0012621414610644824,0.6654947009913105
id22574,0.9921582420461496,0.0025810535532067146,0.005260704400643692
id23882,0.0033075008428490216,0.00011492071023596263,0.996577578446915
id02618,0.997393116120773,0.002109279785787587,0.0004976040934394935
id06847,0.5211272492046948,0.4137943756347205,0.0650783751605848
id15448,0.0024327004447639703,5.700314228580881e-06,0.9975615992410074
id20383,1.3118208972079826e-06,0.9998936960291489,0.00010499214995388239
id18722,9.552006688847935e-05,0.9999012384880217,3.2414450897678756e-06
id24353,0.649492650703533,0.0006448637987285759,0.3498624854977385
id22196,0.825266208259032,0.0931701601280031,0.081563631612965
id13239,0.0034020677027738143,4.169766542540524e-05,0.9965562346318008
id14507,0.01748495649476258,0.9799469402827976,0.002568103222439852
id04619,0.0023579179275272904,1.747747966219431e-06,0.9976403343245065
id00176,0.9999754783236675,2.4435030108228453e-05,8.664622426855333e-08
id14700,0.9999997005857609,1.2030179776516832e-07,1.7911244137261475e-07
id10930,0.9994641616458187,0.0004967516907183646,3.908666346285021e-05
id03830,0.0014341432663506342,0.00011695417368190952,0.9984489025599675
id01840,0.00046838837910962827,0.012091428561167102,0.9874401830597233
id18025,0.00023846300779545136,0.9997478016913113,1.3735300893314264e-05
id21361,0.9999987273697966,4.0604878536839694e-08,1.2320253248696487e-06
id21999,0.00015567155090179263,0.9994165735447315,0.00042775490436677306
id20472,0.14490594561250994,0.0011524410160061922,0.8539416133714839
id01282,0.9957805943774218,1.686839528355897e-05,0.004202537227294579
id05687,0.006945599903198386,0.06351252733281237,0.9295418727639893
id19713,0.9995536541672438,2.8412121890716672e-05,0.0004179337108654248
id18634,0.9608044433419188,0.03698150021562392,0.0022140564424571736
id18322,0.3037145181256781,0.06262643528347306,0.6336590465908488
id25178,0.7282304745727913,0.014394407349774386,0.2573751180774343
id13911,0.007663614570028025,0.9847996864092767,0.007536699020695242
id02688,0.922619474542771,0.03545445488449903,0.04192607057272989
id24097,0.9418840090927516,0.05079378798401766,0.007322202923230707
id05621,2.3069946595023834e-07,0.999991809632877,7.959667656935302e-06
id09435,0.021384684190501227,0.0008136598512737084,0.9778016559582251
id22564,0.998120924538664,0.0018739914578307542,5.084003505328949e-06
id26044,0.9812193020328281,0.0025272410277180813,0.016253456939453747
id24724,0.08416033035902463,0.35978326538770183,0.5560564042532735
id13568,0.0015095043226812006,0.00435247490976086,0.994138020767558
id11196,0.9175328931057276,0.03353722488617209,0.048929882008100334
id04842,0.0753357609319971,0.0022759348106321554,0.9223883042573707
id03445,0.9999791864531511,1.4783083815068615e-06,1.9335238467371328e-05
id08194,0.2011948038357898,0.07133335759550814,0.7274718385687021
id19747,0.6675334155376006,0.0002496601937731479,0.33221692426862626
id06540,0.06852082842800647,0.8160521077275789,0.11542706384441477
id13171,0.6069652402957229,0.3929170808574896,0.0001176788467875571
id23807,1.710223484637303e-05,8.892836069416328e-09,0.9999828888723176
id12408,0.00018213532496496766,0.9995720634863178,0.00024580118871728434
id18388,0.00010782259302907284,6.859317002257704e-05,0.9998235842369484
id16219,4.6755953246223054e-05,1.1396379748518733e-06,0.9999521044087789
id11022,0.91033394504715,0.0849974908826519,0.004668564070198093
id12514,0.5472465024952694,0.0297786476327759,0.4229748498719547
id07322,0.9999798711712224,1.9261593379557733e-05,8.672353980125254e-07
id04600,0.0062775997625381386,0.5039955032468221,0.4897268969906398
id15608,0.0005035176117988493,0.0036797759631805134,0.9958167064250207
id19223,0.3121339590827625,0.006689267405450245,0.6811767735117873
id18680,0.9998812263858365,3.207172116517599e-08,0.00011874154244238283
id23359,0.7741040380011485,0.021987716989942823,0.20390824500890864
id07332,0.036105439742903755,0.9549914340922983,0.00890312616479802
id11424,0.04704210226992656,0.023020212802122905,0.9299376849279506
id01916,0.17988480659826286,0.3446200297518351,0.47549516364990213
id23814,0.6423630116540312,0.1633543802835553,0.1942826080624135
id05821,0.009267146499837673,1.2541027318799443e-05,0.9907203124728435
id15471,0.9814646263874857,0.0001710129631709264,0.01836436064934344
id06742,6.103409373677267e-06,4.9317704528565145e-06,0.9999889648201735
id16393,0.126186743199415,0.8616985212884289,0.012114735512155984
id14430,0.3253777927363009,0.0013188224910833447,0.6733033847726158
id15086,0.9986310324134811,0.0006925505209098157,0.0006764170656092739
id13673,0.8200425797953486,0.16704846585529343,0.012908954349358001
id11456,0.8991774419210908,0.060068435111247306,0.04075412296766189
id08475,0.9266896158228978,0.00298698026269259,0.07032340391440965
id02793,0.938051091968043,0.002607146991097366,0.05934176104085969
id03576,0.9900045918988102,0.005717110132623149,0.0042782979685666855
id10747,0.9985935410675592,0.0006684161412001047,0.0007380427912408353
id17875,7.77676865170078e-06,0.9999911869767655,1.0362545828071137e-06
id20045,1.1271816168488896e-09,0.9999999935131401,5.359678402662882e-09
id25448,0.703214437838132,0.266113123088251,0.0306724390736171
id11715,0.9995534289032939,1.255458148937642e-08,0.0004465585421246802
id22739,0.014221155144702296,0.16587229702467207,0.8199065478306257
id07457,0.9994687529604429,0.0004093953117296236,0.00012185172782736412
id27357,0.9911106218106718,0.00017315076324942165,0.008716227426078763
id01139,0.533735110077471,0.45656870532469457,0.009696184597834466
id00407,0.032865589582243615,0.0007595511580445482,0.9663748592597119
id20956,0.9990247532311812,0.00010541953386879232,0.000869827234949982
id13702,0.8963180314211946,0.008413028331710837,0.09526894024709458
id00327,0.9612374498182149,0.0008734846150237819,0.03788906556676135
id24372,0.004301834314795164,0.9954297594814571,0.0002684062037478623
id03983,0.10681617338429919,0.8921784411816934,0.001005385434007398
id15264,0.008290524947758508,0.9896696825664646,0.002039792485776924
id09679,0.8830942263258573,0.01511591613680054,0.10178985753734215
id20899,0.7234027190418019,0.03448722142724615,0.242110059530952
id21494,0.0007685908988609783,0.9988302582697466,0.0004011508313925265
id02513,0.0208407902111177,0.9772812568907084,0.0018779528981738812
id21834,8.273124692601278e-05,7.661518346720691e-06,0.9999096072347272
id23463,0.005091226862757452,0.9923200175985178,0.0025887555387246923
id26529,0.8912251525420732,0.017850959125866955,0.09092388833205982
id22078,0.5789258121183528,0.12773987210741305,0.2933343157742342
id08063,0.0029039340388843987,0.8916606975938048,0.10543536836731077
id18690,0.0002710439396044037,0.999442337523757,0.00028661853663864665
id03908,0.9997827255196581,6.095698031680361e-06,0.00021117878231032838
id00876,0.6699580647073836,0.11309790870213295,0.2169440265904835
id19633,0.9995774359455272,0.00011818705249358576,0.0003043770019792185
id23096,0.00012781805549468497,0.00010818185590834732,0.999764000088597
id07547,0.0002865179777329895,0.996426718939982,0.0032867630822849903
id10136,0.00016602716558723155,4.1580525383885396e-06,0.9998298147818744
id22645,0.9999098406508689,7.417833029762548e-05,1.5981018833490826e-05
id27376,0.1281624069826495,0.005487289153833149,0.8663503038635174
id26458,0.005281933692226545,0.9911107773434699,0.0036072889643036592
id07617,2.4482041848743096e-05,0.9999732255055009,2.292452650246703e-06
id11254,0.9919623663094329,0.00047243371872011854,0.0075651999718471166
id25871,5.455831125147309e-06,0.9999758924889613,1.8651679913550752e-05
id26074,0.1442634947505001,0.8530423702598662,0.002694134989633681
id24558,0.003919973712227104,0.01582458932079849,0.9802554369669745
id26515,0.0001540134678648257,0.999842508524439,3.478007696178851e-06
id10532,0.09873858264923341,0.34963769622983715,0.5516237211209295
id24063,0.00015961506862890426,0.9996273034669806,0.00021308146439042043
id12872,0.013528317825880876,0.9737083874712601,0.012763294702859071
id23564,9.167830099368885e-06,0.9999895847064908,1.2474634097405048e-06
id20074,0.5591715894606429,0.11327060302909593,0.3275578075102612
id00703,0.9999932792919266,6.5927954064306894e-06,1.2791266697624747e-07
id07178,0.9338803422455204,0.052738052361558714,0.01338160539292087
id00468,0.6137823657830787,0.3613771902311737,0.024840443985747675
id08647,0.7071432718440909,0.2888541716631212,0.004002556492787917
id27338,0.8419753707920605,0.001960842456422285,0.15606378675151722
id14958,3.2979369167446243e-05,9.919531873042016e-06,0.9999571010989595
id20954,0.8729859717508327,0.013976971281863055,0.11303705696730429
id04495,9.332488646177092e-05,0.9998257025434006,8.097257013766722e-05
id09676,0.07467542278844985,0.9243398508025102,0.0009847264090399386
id16643,0.9802905192627778,0.01707413983003438,0.0026353409071878963
id22018,0.2774639972080751,0.05308521593256632,0.6694507868593587
id09754,0.6840424649602507,0.3084944800223639,0.00746305501738538
id15184,0.8249052932152212,0.030174733621381546,0.1449199731633973
id06930,0.012838348648887745,0.001113114733996089,0.9860485366171161
id19391,0.9920203724049264,0.0073205748120494995,0.0006590527830241357
id21111,9.797184732230622e-05,0.1523881331567614,0.8475138949959163
id19884,0.03948326392558084,0.016684215442407634,0.9438325206320115
id00356,0.006938686306185907,0.0038268318853627256,0.9892344818084514
id03227,0.9955974346181764,4.175356702399582e-06,0.004398390025121192
id24959,0.9500032632028977,0.03981691566512779,0.010179821131974433
id23792,0.932414357627599,1.6961419866019335e-05,0.06756868095253495
id15765,0.01806978395355561,0.003897590076348329,0.9780326259700961
id22342,0.38574399414888777,0.6134137027727726,0.0008423030783394881
id21764,1.4151437391694977e-05,0.9999856962902466,1.5227236176052922e-07
id08929,0.0030348684850085806,0.008090150550924699,0.9888749809640668
id10860,1.985864786962015e-06,0.9993746799176904,0.000623334217522687
id14842,0.001175913184097733,2.7222106064198394e-05,0.9987968647098381
id14149,0.0001709605139085855,0.9993508023283636,0.0004782371577278448
id04850,0.9999771247141022,3.5731375983085148e-06,1.9302148299542903e-05
id03697,0.0014935653820106949,0.9897867074322874,0.008719727185701942
id20031,8.064652660589309e-05,0.0009087470037994408,0.9990106064695947
id10148,0.96963024129139,0.03017094410824257,0.00019881460036751719
id06233,0.0006704871137717078,0.00014063527560145446,0.9991888776106268
id17614,0.19943735092936632,0.14944806692020032,0.6511145821504334
id24548,0.9296842543872449,0.04446443075961768,0.02585131485313746
id04717,0.07781812576522898,0.8360569554920158,0.08612491874275524
id12557,0.001719049970489835,0.995591337869646,0.0026896121598640947
id15563,0.9999238374010392,3.184238434433302e-05,4.432021461651108e-05
id19414,1.3682493114104011e-07,0.9999997832889486,7.988612034243392e-08
id24538,0.4439757263052662,0.1874569283123407,0.36856734538239316
id20701,0.0008874327103725597,0.44480798044257047,0.554304586847057
id16710,0.011459409588350183,0.9800332547237782,0.008507335687871575
id00190,0.6589309047007955,0.3392625412649777,0.0018065540342268873
id12066,0.9999228000435639,6.26115698670873e-05,1.4588386569017246e-05
id21743,0.014876102323826162,0.9844917116938886,0.0006321859822852296
id10746,0.11836514311793382,0.003305333340778155,0.878329523541288
id23032,6.360364705783147e-07,0.9999920673213873,7.29664214204889e-06
id02466,0.8081346135710983,0.10066726368608277,0.09119812274281901
id27963,0.00010351025717304558,0.00035695380090264056,0.9995395359419244
id05550,0.7075659228856794,0.24325865010351513,0.04917542701080541
id07328,0.0033119664345404474,0.0005562064344771915,0.9961318271309824
id06158,0.9855894658168727,0.0006510165777026927,0.013759517605424652
id15690,0.00014492836552799072,8.089706483188892e-05,0.9997741745696401
id17960,0.07412909176853878,0.0006923559723665245,0.9251785522590947
id22487,0.9998905580075934,0.00010918381175725885,2.5818064931452697e-07
id25435,0.000975924221495708,6.658319829080307e-05,0.9989574925802135
id06988,0.0023094851679925396,0.0024750402484943284,0.9952154745835131
id19092,1.4917701790749872e-06,0.9999978123959243,6.958338965587525e-07
id20677,0.969538770509587,0.02779986119848627,0.0026613682919266867
id27009,0.6733799596359071,0.030861085552795185,0.29575895481129777
id14869,0.3963326626638116,0.47017064307083867,0.1334966942653497
id06306,0.988107666732593,0.011265746938805945,0.0006265863286010878
id13101,0.9978521420246774,6.260060961815881e-06,0.0021415979143607133
id25263,0.972813810647205,0.00016285301947804919,0.027023336333317015
id01355,8.657903457881457e-05,0.9968316179569676,0.0030818030084535817
id04460,0.028999961641222826,5.865189515375755e-05,0.9709413864636234
id08358,0.9941948583427053,0.00580488657711143,2.550801833157883e-07
id22714,0.004617286597241876,0.020830623282971965,0.9745520901197862
id19504,0.9785681790799304,0.0066969243639913465,0.014734896556078153
id25736,0.08822463990098553,0.8124102713467014,0.09936508875231305
id24201,1.317200798830614e-05,0.9999723669765729,1.4461015438772903e-05
id12920,0.9993421900383992,0.0006272828048146794,3.052715678605533e-05
id12770,5.254592126186653e-05,0.9995281155174475,0.00041933856129069876
id20615,0.9997078749642162,0.00011327735603327927,0.00017884767975049533
id19427,9.124929282897255e-06,2.3870253588132152e-06,0.9999884880453583
id03006,0.997095671643665,0.0007079906540443604,0.002196337702290636
id00868,0.04531813750373401,0.003953370472623794,0.9507284920236423
id19695,0.118832915805732,0.03820311947705361,0.8429639647172144
id06474,0.999497691020615,5.322448414633139e-05,0.00044908449523861426
id11108,1.1018005089199092e-07,0.9999371496113185,6.274020863062673e-05
id01017,0.00325794518949683,0.1754199924369854,0.8213220623735179
id10104,0.8472472601200938,0.0033615716254150334,0.14939116825449114
id15930,0.9998816277583835,2.363686885693877e-05,9.473537275948594e-05
id05883,0.001083883141129522,0.0005593796102044812,0.998356737248666
id10209,0.0022012771533740957,0.0001211435972229272,0.997677579249403
id14868,0.5018981780414341,0.012526901370329604,0.48557492058823626
id27617,0.9750521354186361,0.017089096989578754,0.00785876759178518
id14264,0.3450460028334516,0.0038434837720685857,0.6511105133944798
id07597,0.003194223922940384,0.013752963650013236,0.9830528124270465
id17732,0.9954052866510902,0.0011331225239832082,0.0034615908249266197
id13859,0.9709669280741876,0.014211593671001669,0.014821478254810736
id14976,0.0010958305824209454,0.9987623267473852,0.00014184267019390503
id25226,0.06288087760265881,0.0026345023473222495,0.934484620050019
id17268,0.1711355742435771,0.009147359984704099,0.8197170657717189
id14936,1.7181702298391056e-06,0.9999973625904195,9.192393505922088e-07
id18615,0.08046569120424814,0.9187733239542076,0.0007609848415442894
id26184,0.9999124758828178,2.8586245318631655e-09,8.752125855758583e-05
id11495,0.11748459029188263,0.05535703054739054,0.8271583791607269
id05663,5.4409677717027016e-05,0.00010075559521844996,0.9998448347270645
id10335,0.30654491013985696,0.21716160582126287,0.4762934840388802
id08480,0.8011053454086824,0.15804714281181964,0.040847511779498
id21511,0.8234440717279028,0.134677091265681,0.0418788370064163
id20988,0.9551552362936165,0.0408781939664369,0.003966569739946587
id19273,0.0001730229975465144,0.9996662631074272,0.00016071389502627224
id15420,0.5683952512834405,0.013493403189158473,0.4181113455274011
id16016,4.734536661352614e-05,0.9995346004030725,0.000418054230313986
id16084,0.0036717659734227144,0.0017548681426202597,0.9945733658839571
id27093,0.01131154232435354,8.412481621449491e-05,0.9886043328594321
id24695,0.0010953090753222203,0.002562483102137485,0.9963422078225403
id03245,3.165752259906038e-05,0.9990824113141963,0.0008859311632046429
id26358,0.003342122300109497,0.001658152489905948,0.9949997252099846
id17966,0.9936442177152638,0.004599925501999883,0.0017558567827364309
id26651,0.9920348007567902,0.005532182176262455,0.0024330170669473457
id17275,0.9999409057600409,3.046243563078021e-05,2.8631804328356103e-05
id21720,0.6486982252572112,0.09602563902641038,0.25527613571637847
id22926,0.0019545380046893926,0.027996558859117254,0.9700489031361934
id12231,0.0009517410018338599,0.9988367333166731,0.0002115256814930976
id21026,0.06352485350754224,0.006575450458692975,0.9298996960337649
id11675,0.026343116328259208,0.030964562912641505,0.9426923207590994
id21890,0.36742816101655734,0.0037527280950431156,0.6288191108883995
id04050,0.00017714767812462934,0.0036409436100943763,0.996181908711781
id24996,0.0015673018561090982,0.023463328040108734,0.9749693701037822
id00025,0.043307982464875015,0.9566806336224568,1.1383912668209663e-05
id23916,1.1249398262310094e-05,0.9999720201799657,1.673042177192522e-05
id21254,0.6392961189701561,0.2779949201856942,0.08270896084414964
id13322,0.9895316119273817,0.009024913065875816,0.0014434750067424996
id23928,0.6229308353968438,0.003487054789131799,0.3735821098140245
id14748,0.00073759136932004,0.00037063293168641993,0.9988917756989936
id26538,0.7638373615191266,0.009789565866820761,0.22637307261405262
id27759,0.000324552250001016,7.51165278266512e-05,0.9996003312221723
id19661,0.9983266899961655,3.786020174387349e-09,0.0016733062178143567
id17018,0.00242753354690165,0.0041490145133305885,0.9934234519397678
id05505,0.6806704137302201,0.30179652144988905,0.017533064819890823
id16155,0.6983318223777035,0.025430756868161927,0.27623742075413465
id06274,0.003968996357082268,0.0007300733826349816,0.9953009302602828
id13832,0.7591016887803181,0.2053161846559474,0.03558212656373427
id14666,0.9517958014758311,0.04383437266124255,0.0043698258629263735
id04489,0.23406857186811902,0.00033401555343764213,0.7655974125784434
id19140,0.9119463411623654,0.007563330336391151,0.08049032850124355
id14570,0.9414756493035676,0.0019244174183399114,0.05659993327809245
id16079,0.9985820177781711,7.087980832505939e-05,0.0013471024135038702
id06866,0.1203056158485031,0.0028173961460454785,0.8768769880054514
id12730,0.12966381454888964,0.8703184142098138,1.7771241296571912e-05
id09257,0.00019879728465589143,1.6119002627441805e-05,0.9997850837127167
id02782,0.19340823899580623,0.014678842808273144,0.7919129181959207
id10412,0.9999999999458157,1.7193271427315757e-13,5.401238450399877e-11
id04988,1.1232647789283967e-05,0.9764156757428386,0.023573091609372196
id07728,0.9595795971348611,0.03897969411540767,0.0014407087497312085
id21947,0.9993308400849824,0.0006128174435376841,5.6342471479905156e-05
id27700,0.9754462100717303,0.02311499848612485,0.0014387914421448652
id18178,5.945125597800253e-05,0.9991052779372657,0.0008352708067563806
id25949,0.006308183388090214,0.9195299085681085,0.07416190804380132
id23008,0.0029698642323159317,4.5341798783790094e-05,0.9969847939689003
id09238,0.8247756454140276,0.006004025804750181,0.1692203287812222
id12943,0.0015486807337694896,0.9961814663489473,0.002269852917283233
id02659,6.137535444920956e-07,0.9999120650024124,8.73212440431258e-05
id03648,0.9847465492319529,0.013756726483147378,0.0014967242848997135
id03954,0.9894588830261435,0.0010011575676275074,0.009539959406229004
id07026,0.00021590544504755224,0.9979260602966779,0.0018580342582746293
id14228,0.00011952829278427355,0.9986858267374152,0.0011946449698005148
id22647,0.000885939303398288,0.010692582575956977,0.9884214781206447
id23435,0.9686034765558938,0.031275873080823434,0.00012065036328273333
id08200,0.011582973852147628,0.9750515071505054,0.013365518997346953
id23257,0.004355838315933062,9.817744888328484e-05,0.9955459842351837
id02684,0.8691706573276072,0.02767008414364377,0.10315925852874908
id05186,0.9931194907016164,0.006586764315587109,0.00029374498279646815
id25261,0.7133691227466534,0.017809836166668883,0.26882104108667776
id24081,0.7721463787180316,0.10153821000634339,0.1263154112756249
id27087,0.9999966911114576,3.2972310244551056e-06,1.1657517997226914e-08
id03533,0.9823982783995551,0.004845215427279345,0.012756506173165639
id07998,0.8348694546315607,0.0198367005857232,0.14529384478271612
id01240,0.1446141928939939,0.8379503348786316,0.017435472227374574
id24927,0.005580327644550496,0.9942797040082914,0.00013996834715807868
id15752,0.4205806718342241,0.5182524975954022,0.06116683057037375
id26594,0.00012801994976372597,0.9998534233866616,1.8556663574598525e-05
id20012,0.004955729769340283,0.001251395170994919,0.9937928750596648
id15476,0.019761325486575346,0.829957874458718,0.15028080005470668
id15624,0.9802913947198507,0.010051885138946585,0.009656720141202637
id02404,0.007392108647087862,0.9921640431893802,0.00044384816353196916
id21944,0.7940043329267531,0.003501810134388248,0.20249385693885869
id24442,0.6129096713386682,0.2694082731976331,0.11768205546369864
id26490,0.13530614815769068,0.004438271924443504,0.8602555799178658
id21897,0.9969756032241333,0.00036528770722630584,0.002659109068640422
id05575,0.48770495310933,0.056514901156073785,0.4557801457345962
id01874,0.0006102013123689913,0.998873020461987,0.0005167782256440012
id26617,0.9511495459611672,0.03370848623432243,0.015141967804510346
id13079,0.08385547890860548,0.006350147726278334,0.9097943733651161
id02068,0.5688416070440415,0.15507759146476122,0.2760808014911972
id27872,0.9997372620700167,0.00019496674751849383,6.777118246477818e-05
id08814,0.4896680133965051,0.03464862636094482,0.47568336024255004
id12841,0.2080758802408367,0.6351431356120839,0.15678098414707947
id06716,0.8887660439595588,0.06956207506149953,0.041671880978941596
id10115,0.39642087121465064,0.00042021123199574594,0.6031589175533537
id16121,0.24193837832726045,0.7554656173528087,0.00259600431993088
id00985,0.8514829634067125,0.013372527196609866,0.1351445093966777
id06063,0.010985811015058883,0.9876545156787329,0.0013596733062082734
id22076,0.023227142428638006,0.0011769690496980108,0.975595888521664
id27589,0.011975912330699966,0.9667216870842485,0.02130240058505146
id18996,0.0016580506572921464,0.998164098863986,0.00017785047872179228
id05801,0.0005509081710735068,5.0339466877106385e-06,0.9994440578822388
id06880,0.01975287479851751,0.040996119278444446,0.939251005923038
id25746,0.998863611394718,1.8265598675741043e-05,0.001118123006606248
id02569,0.9661413010778992,0.006834606901897101,0.027024092020203765
id23368,0.00042502516637313634,2.3235712743317027e-05,0.9995517391208836
id23186,0.460332366028234,0.02671390827582133,0.5129537256959447
id07484,0.030883645557012826,0.456092316209834,0.5130240382331532
id06951,0.00046178717476589345,0.9995359135717973,2.2992534368111863e-06
id23972,0.2332618650311587,0.002146212158133868,0.7645919228107075
id25997,0.996365493820446,0.003616630846645059,1.7875332908884576e-05
id10863,0.8349708700540394,0.08309052754322935,0.0819386024027314
id25454,0.9912427589540889,0.008748954104629907,8.28694128114961e-06
id09071,0.00014995456376528258,0.9998336877887065,1.6357647528174868e-05
id15125,0.00043985533814490054,0.9989376286167287,0.0006225160451262735
id22672,0.09932454274468346,0.004875374310385752,0.8958000829449309
id27813,0.006235409864719125,0.00011957760193699195,0.9936450125333439
id03960,0.3341070335630432,0.03421419474352672,0.63167877169343
id11526,0.0031443164744085175,0.9965435339270151,0.00031214959857642086
id07872,0.58570289591767,0.05067780498099827,0.36361929910133167
id09497,0.9652543047243751,0.00783660115670993,0.026909094118914997
id24222,5.2761043992708936e-05,0.9911945436496943,0.008752695306313044
id04272,0.8013180058953455,0.001597238842098256,0.1970847552625562
id02938,0.020570200018060744,0.8703689109364167,0.10906088904552257
id00269,0.040486559808900174,0.30215937627295014,0.6573540639181497
id14925,0.020497186556294938,0.0008531388479490001,0.9786496745957561
id17843,0.05132663473645281,0.009423817070214915,0.9392495481933323
id20327,0.9581019408454452,0.03787069921953406,0.004027359935020833
id13986,0.5349150481933286,0.002002558392801237,0.46308239341387025
id21777,0.4182886151573441,0.2654681762893852,0.3162432085532708
id16285,0.06277932337688034,0.9328745289452199,0.0043461476778998195
id12045,0.9974983995137807,0.0023320708445097116,0.0001695296417096373
id06237,0.8555219510181692,0.020712249376633258,0.12376579960519751
id20483,1.3200479247082656e-07,4.0541510546446e-08,0.999999827453697
id21708,0.9869346049141636,0.00970355228664176,0.003361842799194609
id05422,0.6108093797986893,0.02041660288023873,0.368774017321072
id14544,0.9898037004295414,0.00802073331246003,0.002175566257998596
id07488,0.06144645758151642,0.9335815982686494,0.004971944149834214
id19353,3.6242905774488104e-05,0.9999630970695607,6.600246648045307e-07
id16174,5.785810458730861e-06,0.0001290210956559064,0.9998651930938853
id21765,0.031635174428668054,0.00010497764963395199,0.968259847921698
id21583,0.0028619259987349758,0.9956129477149079,0.001525126286357061
id11740,0.7333725948672071,0.008846768685850602,0.2577806364469425
id23396,0.8818532575746287,0.01483607235767873,0.10331067006769262
id16511,0.7843894845144295,0.18608677220018766,0.029523743285382896
id11598,0.9843978684415113,0.0064805184225562446,0.009121613135932464
id02804,0.5071580122852496,0.055706447177940724,0.4371355405368098
id07123,0.5183650987083603,0.2849121072524329,0.19672279403920684
id13092,0.1825249304083983,0.771112472759579,0.04636259683202278
id13271,0.005958407111325361,0.9935557203066222,0.00048587258205243645
id06272,2.6106446406464854e-05,1.4904937625377245e-06,0.999972403059831
id06694,0.4657274136857324,0.09098476540977411,0.4432878209044935
id04330,0.9245311620904014,0.04349513268345971,0.031973705226138814
id20492,9.285924157671018e-09,0.9999652290523385,3.476166173728573e-05
id14774,0.10635993982589989,0.8922666449842496,0.0013734151898506756
id02457,0.019246553099493365,0.9802955386762819,0.00045790822422465423
id09725,0.13945932166175692,0.8564548362051385,0.004085842133104643
id17116,0.04965497373603095,0.9437930954017397,0.006551930862229374
id04106,0.4368227558532014,0.45055754608388054,0.11261969806291809
id00557,0.9442529050877501,0.02959954507339151,0.02614754983885843
id04683,0.00019768344083417769,3.852996291941833e-06,0.9997984635628739
id12081,0.7307206062038415,0.052908008374795305,0.2163713854213632
id22575,0.0006839336178833384,0.999310111527646,5.954854470645316e-06
id05602,0.9420854890410736,0.00022825458797479917,0.05768625637095169
id21532,0.9836492423420528,0.015909805799261784,0.00044095185868547686
id14584,0.8486296200734628,0.13831404240127715,0.013056337525260095
id20301,0.8486729842058073,0.0016448603698728502,0.14968215542431995
id15251,0.8969786166668853,0.1025946100515765,0.0004267732815381579
id20270,0.0015114097979228348,0.9984560497541022,3.254044797500062e-05
id04738,0.8143522078198512,0.002235691835847073,0.18341210034430175
id17962,0.03748846229380017,2.9443731865842177e-06,0.9625085933330133
id05003,0.0012380699762964177,0.00020923285795631217,0.9985526971657473
id23576,0.999565970474197,4.9988719028138824e-05,0.0003840408067747597
id25745,0.007046156445252791,0.9572883538505222,0.035665489704225
id17062,0.9859078071989873,0.002107433015820243,0.011984759785192443
id27507,0.028992601595153697,0.0431898441476823,0.927817554257164
id23898,0.9992275093656471,6.611380595296097e-05,0.0007063768283999604
id15929,5.1063676820193886e-05,0.9998817802166825,6.715610649736021e-05
id21330,0.7364430654713858,0.0059839724033237205,0.2575729621252905
id24990,0.9961390874806518,1.5082654491327878e-05,0.00384582986485689
id24185,0.028034635534536556,0.0024185137113021705,0.9695468507541612
id20455,0.9813169641576065,0.0025767212985398653,0.01610631454385368
id27952,0.5533629295359408,0.04879043326173415,0.3978466372023251
id20592,0.7422239211015296,2.4174691143259363e-05,0.25775190420732713
id20616,0.5217484786469682,0.16638953964035683,0.31186198171267493
id20591,0.019554948992327164,7.658109952848088e-05,0.9803684699081444
id14177,0.24031405102878095,0.3067822541808376,0.45290369479038145
id02169,0.9988330036756609,0.0004803900124178789,0.0006866063119213115
id09818,0.014020778900576429,2.0875405154220638e-05,0.9859583456942693
id26864,0.03010308047598387,0.9655258778287135,0.004371041695302656
id12388,0.02131188692219279,0.964347257234577,0.01434085584323014
id11038,0.9769533064948984,0.002855470463354223,0.020191223041747367
id12061,0.9997436982772019,0.0002541465777394941,2.1551450586419863e-06
id04018,0.2801992698201299,0.005915313701646036,0.713885416478224
id12405,0.5253489789529143,0.2780285977175351,0.19662242332955066
id01878,0.4454787407528149,0.01112593791038493,0.5433953213368002
id18897,0.006529097841952266,0.9933622932595506,0.00010860889849722103
id22682,0.13608012308540746,0.8634029864889152,0.0005168904256773973
id27115,1.9579855338372047e-07,0.9999998017164152,2.485031443640689e-09
id05234,0.8459617252266495,0.04114976406990032,0.11288851070345024
id23726,0.9999987478994593,6.671121876789111e-07,5.849883530136143e-07
id22075,7.18065492246588e-05,0.9999093370014293,1.8856449346051057e-05
id27216,0.9998996228163379,1.1140762213542133e-05,8.923642144849937e-05
id07109,0.008642665179546096,0.9913082189120985,4.911590835538525e-05
id21292,0.5886456914877124,0.24492742786759594,0.16642688064469174
id04158,3.056599904280016e-05,0.0030874743193920235,0.9968819596815652
id10534,0.9880293459569732,0.002624615712289445,0.009346038330737367
id10989,0.88486551993113,0.10229182079644944,0.012842659272420506
id17817,0.0007114475343817866,6.189918286675154e-05,0.9992266532827515
id14617,1.6526858422046154e-05,0.9989995779837507,0.0009838951578273719
id01978,0.9900775406067364,0.0009396709473183456,0.008982788445945245
id14202,0.007719978061487126,0.00015915332829602018,0.9921208686102169
id12332,0.03970810313405063,0.00017341103744945328,0.9601184858284999
id03649,2.932694192580833e-07,0.9999929844052197,6.722325361133272e-06
id21830,0.9108243359566635,0.03173586785400324,0.05743979618933329
id11278,0.5250637878006661,0.4727133951863225,0.002222817013011486
id22343,0.9999995914599749,7.634517637881401e-08,3.3219484879319137e-07
id08160,0.9993177514914569,1.1639429254946038e-05,0.000670609079288167
id10506,0.3197217889325739,0.5865511198744325,0.09372709119299356
id01006,0.6887602434953422,0.0807851541475694,0.23045460235708848
id07000,0.002348810063813762,0.9967090976728179,0.0009420922633684472
id15958,0.029032767861863977,0.0004971465603699059,0.9704700855777662
id27256,0.9124332878884467,0.08206231709272178,0.005504395018831593
id00072,0.774250368718371,1.1312027235423892e-06,0.2257485000789055
id08562,0.2845257739689185,0.033937532430939464,0.6815366936001421
id24309,0.007476484990982483,0.004637676184759356,0.9878858388242582
id07355,0.16094916022554304,0.8384746794192857,0.0005761603551713838
id18604,5.874174551427947e-06,2.4132517558988065e-07,0.999993884500273
id04076,0.8651570922705799,0.12997229461141394,0.004870613118006273
id26925,5.037561307767963e-05,0.9960328545044642,0.003916769882458154
id14852,0.9963673637121455,0.0033689950619278553,0.00026364122592659574
id05584,0.46857588511251463,0.00857225556669469,0.5228518593207907
id22864,0.012808143186742149,0.9855091792899245,0.001682677523333361
id05507,0.9999999567658623,2.0668435622642047e-09,4.1167294231628884e-08
id11434,0.0012765336151732702,0.9959982601147531,0.0027252062700736635
id08324,0.0108978950968633,0.9586324242146714,0.03046968068846525
id23117,0.007460971679852881,0.9919043106174935,0.0006347177026535479
id16296,0.9958159328623757,1.706542111366418e-05,0.0041670017165106096
id18924,0.12624456918629162,0.84712780071082,0.026627630102888513
id15909,0.9723894859254218,0.008980843943279642,0.018629670131298428
id25338,0.9117511473146052,2.118772985032179e-05,0.08822766495554454
id25981,0.9909331641613661,0.0033046818078834033,0.005762154030750446
id14670,0.9898005861475275,0.0030989678103571098,0.00710044604211532
id12396,0.0004528574622578366,0.9992278533874743,0.0003192891502678301
id19277,0.0004212444912640402,9.815164276296959e-05,0.999480603865973
id24809,0.21212721190593625,0.5969777001321257,0.19089508796193805
id20846,0.02950575483795782,0.0002327684589339198,0.9702614767031082
id11040,0.9842312949748476,0.00378489790453396,0.011983807120618422
id06094,0.9895526401827314,0.008651965012808809,0.0017953948044598456
id22795,0.006570301590272529,0.9917536830292395,0.0016760153804880238
id04747,0.01806433701207662,0.011486842500183636,0.9704488204877398
id05432,0.0006442165793780737,4.3386582984482684e-05,0.9993123968376375
id25198,0.9998553386362934,0.0001100960968679593,3.4565266838691326e-05
id00592,0.9997603976494687,6.536109566051231e-05,0.00017424125487087948
id13221,1.0418631382594653e-11,0.999999999989472,1.0940703213450708e-13
id23301,0.4881600752952702,0.07592679177035727,0.43591313293437245
id21781,0.013166780405711653,0.0002557275079498666,0.9865774920863385
id00642,3.09675327073947e-09,0.9999992618661053,7.350371414339591e-07
id12760,0.1391162619383156,0.03010990717449387,0.8307738308871905
id13666,0.08005471889315019,0.0009775625696929028,0.9189677185371569
id04997,0.7505755155862553,0.11339278406621163,0.136031700347533
id21906,0.08643012352735152,0.4266381047235603,0.48693177174908825
id26072,0.004336003190820077,0.9953201100367113,0.0003438867724686162
id19004,0.006125889161874037,6.002027355467429e-05,0.9938140905645714
id11638,0.0006709530712323671,0.003969337916950867,0.9953597090118168
id01941,0.839822085262173,0.12689366340629557,0.0332842513315315
id18590,0.9652387460769082,0.021608624206167198,0.013152629716924706
id01856,0.010216976953425983,0.9887713048140632,0.0010117182325108428
id04469,0.9219776802898978,0.002199404492978559,0.07582291521712374
id11732,0.07877645955412207,0.0065459871749351545,0.9146775532709428
id06824,0.00020377070887196507,0.055835887499059864,0.9439603417920682
id11941,2.3479469682067056e-05,0.9999672242673682,9.296262949833498e-06
id06786,0.9735497340651127,0.003285840395020632,0.023164425539866734
id22028,0.006905915164396284,1.1569653069411467e-08,0.9930940732659507
id14323,0.018869672883517295,0.007078615053491604,0.9740517120629911
id11134,0.0006020025281869791,0.9988424337757489,0.0005555636960640888
id09894,0.9997953875029638,3.843657838154189e-05,0.0001661759186546371
id19046,0.4153001926362409,0.0004481915381125142,0.5842516158256466
id26307,1.604641651282054e-06,0.999998044346115,3.510122337392823e-07
id22554,0.00012321450126767148,5.162180959566894e-06,0.9998716233177728
id16042,0.008664436814084,0.918306577748904,0.07302898543701201
id19948,0.9998017891427582,4.209446053913089e-06,0.0001940014111879136
id02019,1.8307557706446355e-05,0.999890567954032,9.112448826156631e-05
id02727,0.9671768522509744,0.01568742642268867,0.017135721326336933
id08679,0.01324698541361657,0.009119913504220874,0.9776331010821626
id27436,0.2190292866689491,0.010989968810206422,0.7699807445208445
id07161,0.9638568753051181,0.02830839630084309,0.007834728394038872
id11869,9.597032213768864e-05,0.9997552039437371,0.00014882573412523234
id00076,0.07960747288944416,0.00901908574888422,0.9113734413616716
id00586,0.07922987283083939,0.8183203286976244,0.10244979847153629
id14423,0.08174883953794397,0.19085934665238538,0.7273918138096707
id25611,0.0033109027539200094,0.9943349708823327,0.0023541263637473337
id13872,0.6158424190098736,0.057190905376349056,0.32696667561377735
id08102,0.004843610898755197,0.9951091508496976,4.723825154714631e-05
id03475,0.6908011494121037,0.2909279253072016,0.018270925280694805
id07569,0.07096243499571439,0.0027809631739035535,0.926256601830382
id04616,0.9994746292387897,0.00023060944235178292,0.00029476131885854004
id07266,0.9999354296129513,5.712243290187545e-05,7.447954146819942e-06
id16104,0.7380215737308652,0.08217287282107907,0.1798055534480558
id05031,0.34099653441628996,0.2249777780570808,0.43402568752662923
id12290,0.996319178410653,0.0020600247035471213,0.0016207968857998788
id26428,0.2710675998141033,0.6937130984954113,0.035219301690485344
id07837,0.00014773145964518426,2.1061574845256594e-07,0.9998520579246064
id19918,0.014340392537992382,0.9846469424514291,0.0010126650105785888
id13067,0.3120179273713134,0.2470279036946231,0.44095416893406353
id11540,0.0031261688979938662,0.9932776753639782,0.0035961557380280516
id17215,0.6762606392794592,0.0179999991713442,0.3057393615491965
id01745,0.0006270137630041192,9.078648871000816e-06,0.999363907588125
id00617,0.8976608496392364,5.92283322791431e-06,0.10233322752753571
id02879,0.0030044139452753095,0.005220057954940637,0.9917755280997841
id22811,0.9712325829624973,0.0012558888417454608,0.027511528195757275
id17744,1.6537629025579808e-07,0.9999991161600283,7.184636814982408e-07
id04341,0.058697931377973196,0.9412833506983316,1.8717923695238997e-05
id08690,0.9976511463108723,3.315133108850129e-06,0.0023455385560189057
id11565,0.9988855524657922,8.473817183272092e-06,0.0011059737170245184
id09634,0.007121518783038929,0.00024944417480472075,0.9926290370421564
id15427,0.9920053819391089,0.0076174400823707895,0.00037717797852034214
id11484,0.037797245749489186,0.000302446853605506,0.9619003073969054
id26859,0.9999079658340095,8.331915627333476e-05,8.715009717126015e-06
id02880,0.7333304569683587,0.15351331571988097,0.11315622731176038
id21584,0.03993230595341382,0.004153158454827833,0.9559145355917583
id14918,0.9969237522302148,0.0004883699959466098,0.002587877773838724
id20117,0.01589078474435274,0.9828882855427183,0.0012209297129288559
id17002,0.012798712435045349,0.005571190446136509,0.9816300971188182
id13158,0.009261236607523251,0.03033336794456289,0.9604053954479138
id11457,0.29687059953698963,0.05689617412932305,0.6462332263336874
id22103,0.9992927314564183,0.0006842237259719011,2.3044817609803735e-05
id27529,0.00011685082208637289,0.0002874591934193741,0.9995956899844943
id25918,0.04191540846252714,0.9474356535928364,0.010648937944636458
id24611,0.04268072493963558,0.9565169951217293,0.0008022799386350801
id13996,0.004041890454909211,0.972935698746325,0.02302241079876579
id05259,0.6266798226230633,0.005030044580093395,0.36829013279684336
id13593,0.0023216740992908127,5.968157140293005e-05,0.9976186443293062
id18017,0.4764473345945826,0.02224702847299299,0.5013056369324245
id04960,0.14291749472397183,0.6960437122019713,0.16103879307405697
id13758,0.004417167421272711,0.01719874650626186,0.9783840860724654
id04492,0.9552252090611644,0.00011175481085095034,0.04466303612798476
id05023,6.376364420307563e-07,1.7355418997172598e-08,0.999999345008139
id05950,0.8838905103342359,0.0001769575421354178,0.11593253212362867
id11006,0.9929110196490627,0.00017274670495990145,0.006916233645977393
id09643,0.11090198324688115,0.10603402790058788,0.7830639888525309
id06055,0.000395781412627293,1.5086823496615799e-05,0.9995891317638761
id17368,0.00022842534115448065,0.5812131865212833,0.4185583881375623
id14176,0.006081905160690849,0.03288106479614538,0.9610370300431639
id27198,0.01675844245260507,0.025386318936949013,0.9578552386104459
id05649,0.9955329372300087,0.0034514167359440745,0.001015646034047323
id25189,0.9999690156917505,2.6217287882316533e-05,4.767020367175773e-06
id05589,0.7530180888479645,0.24025440203288215,0.006727509119153373
id08042,0.9988061584583043,0.001078658281542224,0.00011518326015347138
id13680,0.01319810140490474,0.1298280323246889,0.8569738662704064
id07827,0.0037495542684932294,1.6006424679326945e-05,0.9962344393068274
id18530,0.9996378575523331,0.0003150617449874787,4.708070267938902e-05
id08813,0.04764314872626747,0.6176352019426165,0.334721649331116
id05914,0.11872761251140695,0.00417293362332947,0.8770994538652637
id00488,0.6933678735479281,0.25502014725465993,0.051611979197412
id03668,0.9350915353793197,0.006103667327113477,0.05880479729356697
id24088,1.1114950643272056e-05,0.999977134626692,1.1750422664713958e-05
id02988,0.400679915802854,0.5831064433221527,0.01621364087499325
id20364,0.9960185077156888,0.003941243767744005,4.024851656728545e-05
id16851,0.041384648544227694,0.017819743430808072,0.9407956080249642
id20843,0.9978326419051173,2.1982841881737853e-06,0.0021651598106945916
id27424,0.9187191453205714,0.002364100222672723,0.07891675445675579
id06862,0.995815132493357,0.0033211988673544474,0.0008636686392885523
id19411,9.77391833702956e-09,0.9999999865719221,3.654159545470941e-09
id23789,0.9686514396040329,3.6820538432149566e-11,0.03134856035914661
id23545,1.6736531492355793e-06,0.9999982691116173,5.723523352731824e-08
id05639,0.04065601384356973,0.0018043854651652639,0.9575396006912651
id07046,0.0387109017374677,0.9348215434304329,0.0264675548320994
id23634,0.9950894829747966,1.5966247667695325e-05,0.004894550777535742
id05799,0.01649137925113302,0.023410091490656485,0.9600985292582105
id19418,0.028831554939896364,0.0009120050872898243,0.9702564399728139
id21189,0.0002659697149399518,0.9986766854213976,0.0010573448636624413
id22281,0.9996255294989862,0.0001330600280995088,0.0002414104729142852
id16127,0.2852198922619819,0.45211103885958026,0.26266906887843794
id05867,0.8728276624555471,0.018847791857506364,0.10832454568694651
id01211,0.0005363084640057238,0.9994635752240582,1.1631193609877411e-07
id10078,5.2023940342390935e-05,0.0009068635334644245,0.9990411125261932
id17157,0.9999999444131265,5.4527266638310716e-08,1.0596069450298967e-09
id23293,0.6022756800190384,0.1464306997709323,0.2512936202100294
id03589,0.970683548724162,3.4783299844492235e-05,0.02928166797599349
id03387,0.005414581420108318,0.013587046004947869,0.9809983725749438
id21470,0.9928457464519979,0.004517389700323201,0.002636863847678968
id22763,0.05131881923990305,0.025355505083089678,0.9233256756770073
id02601,0.04327035907621938,0.9390244781856072,0.01770516273817351
id09923,0.5240087857682664,0.3852481543707707,0.09074305986096294
id05935,1.4433608369354508e-07,0.9999962059213474,3.6497425689622182e-06
id14296,0.0011839469860775702,0.0005788782235041655,0.9982371747904183
id04605,0.9947050618991315,0.005093797036998203,0.00020114106387029887
id08167,2.736858513476324e-05,2.1837683760013114e-06,0.9999704476464892
id12659,0.9481004229486563,0.025323442674665787,0.02657613437667799
id21553,0.9099245488306262,0.08704267330908058,0.0030327778602931917
id13510,0.00031773983442828964,0.9950439678420097,0.004638292323562101
id04734,0.00038786044454133367,0.014941174960705137,0.9846709645947536
id17689,0.0005311269255616107,1.529690701984601e-06,0.9994673433837364
id08148,0.4564607720126156,0.5135562414670738,0.02998298652031065
id14908,0.0015989351313117446,0.9983044093109599,9.665555772846012e-05
id17238,0.011490883043431146,0.9813866116773655,0.007122505279203374
id27146,0.0019137503322166926,2.6659590674346992e-06,0.9980835837087159
id16670,0.9916890377618369,0.003948973248439792,0.0043619889897232355
id12023,0.6266147700159298,0.33246637065835993,0.04091885932571029
id18129,0.5711205904215584,0.0021380210953781116,0.4267413884830636
id07365,0.0023897179801996033,0.9959771931267505,0.001633088893049959
id03073,0.07309897397485725,0.22811700436295998,0.6987840216621829
id14824,0.0001323475806828896,0.9998005268014587,6.712561785844021e-05
id26339,0.7324072336102818,0.2660921769580388,0.0015005894316794974
id16562,0.005099972812994669,0.9942580630421612,0.0006419641448440789
id22182,5.998891017794633e-05,0.9998617984697942,7.821262002785019e-05
id27892,0.7866672013577708,0.01705965470855053,0.19627314393367867
id23713,0.9017250150137471,0.07955129224353454,0.018723692742718435
id00214,0.9805534662040369,0.0002795755727035512,0.01916695822325953
id21698,0.00020710641737178346,0.002258257455407017,0.9975346361272212
id17685,0.0341399905699023,0.026593664277772194,0.9392663451523255
id24848,0.9666493543699447,0.001279374619552415,0.03207127101050293
id01544,0.9366200753598387,0.0517902581853713,0.011589666454789992
id12344,0.003882736583996275,0.8648255056823413,0.13129175773366236
id00513,0.9469251669113107,3.0828134888539723e-09,0.05307483000587589
id19448,0.9915098785990671,0.005262189713216841,0.003227931687716069
id11942,0.7641241361944217,0.08992870771586219,0.14594715608971617
id16370,0.1112546469155045,0.8885301074521433,0.00021524563235224994
id06508,0.006785878830351452,0.0006176774228432671,0.9925964437468053
id20829,0.0124403989246028,0.9461006366383186,0.04145896443707868
id27450,0.999991192324876,4.104480970292921e-06,4.703194153798247e-06
id07362,0.1548548102323437,0.2908152856859875,0.5543299040816688
id15120,0.5878136424973293,0.18501504647971942,0.22717131102295135
id10568,0.9985637849360666,0.0007774480527419994,0.0006587670111913395
id09623,0.9543332783173849,0.03246175205848327,0.013204969624131969
id06139,0.387557796621865,0.6120873506992133,0.00035485267892174983
id24022,0.6700314565676407,0.00415373861735224,0.325814804815007
id02108,0.9999955174258238,2.538815912566519e-06,1.943758263551357e-06
id14950,0.004754991366660285,0.000945666836806028,0.9942993417965337
id01142,0.005974783396173306,0.0004987713803607486,0.9935264452234659
id15655,0.9538755618199802,0.0015756316230833552,0.04454880655693644
id13975,0.00469639161921023,0.9953002906052899,3.317775499922309e-06
id00160,0.006092564043666835,0.9920475080653529,0.0018599278909802856
id08273,0.04640408855144372,0.0009789767621026678,0.9526169346864536
id13642,0.037420803188560676,0.00016785377518466674,0.9624113430362546
id25452,0.5216879064151985,0.3800251386806466,0.09828695490415486
id24806,0.885008414580277,0.03410983598810207,0.080881749431621
id20664,0.0007886035408895473,0.017105827338795433,0.982105569120315
id13359,0.08526730935640846,0.909872930125518,0.004859760518073552
id24579,0.9620128182418168,0.033793126339646984,0.004194055418536059
id23389,0.9966796743466886,0.0010810974701870027,0.002239228183124451
id06502,0.15490969825646336,0.006436528180643527,0.8386537735628931
id03083,0.9975240764620612,0.0009151845360704814,0.0015607390018682198
id01694,0.39744796380791675,0.0052214715496373704,0.5973305646424459
id21872,0.08080138227440908,0.7016217444118789,0.21757687331371206
id01860,5.386643551741172e-05,2.7798199607148247e-06,0.9999433537445219
id18127,0.8618034242054055,0.07811082718151988,0.06008574861307472
id01490,6.776829982418053e-06,1.6693360031930255e-08,0.9999932064766576
id00183,0.9712651210321815,0.023048408721440695,0.005686470246377761
id15458,0.3787423953537761,0.0882149138551312,0.5330426907910927
id04289,0.9475473564389664,0.04482951724491259,0.007623126316121085
id02129,0.10471398123181228,0.0060864726828121305,0.8891995460853755
id10271,0.9851699689159901,0.0014234618378451598,0.013406569246164811
id02982,0.04183236939468947,0.9316186086308819,0.026549021974428624
id15036,0.0014314190834924102,0.9985574225950972,1.1158321410399325e-05
id15854,0.9997135561744925,0.0002106220993877036,7.582172611980279e-05
id10252,0.0012269767281792008,0.008364565190112295,0.9904084580817085
id24359,0.0002196652106195589,0.008560778911086834,0.9912195558782937
id18620,0.0001126577023400664,0.9998872157913915,1.2650626849206505e-07
id25768,2.5014373010994727e-05,2.8076703509552525e-06,0.9999721779566381
id16604,0.9355283778800938,0.05954339331084827,0.004928228809057983
id24942,0.767629349301955,0.0004940978513825336,0.23187655284666245
id12989,1.9891425854921774e-05,0.9999579564624822,2.215211166290054e-05
id13841,0.9955282214209249,0.0005197797496165595,0.0039519988294585
id15481,0.030527606382058824,0.0015589384650264379,0.9679134551529147
id10600,0.005393638165893277,0.00042990638728626813,0.9941764554468204
id18528,0.570772043344982,0.075158059729928,0.35406989692509
id16465,0.005950375414130172,0.9936579998473491,0.00039162473852071163
id14204,0.0009879747569972622,0.9977605380742535,0.0012514871687492695
id05924,0.8981629273037474,0.0804478145982384,0.02138925809801412
id16756,3.7875020446519985e-05,0.0005140829843275641,0.999448041995226
id01167,0.731751233292685,0.0012339312009457392,0.2670148355063693
id27624,0.002859018600741043,0.9967593354749454,0.0003816459243135384
id13724,0.339064140859582,0.0026301717096741304,0.658305687430744
id03677,0.9978581232880961,7.346194560698488e-05,0.002068414766296946
id26463,0.29001011412305105,0.3196656291645557,0.39032425671239324
id15623,0.46701334723357113,0.003339028118223399,0.5296476246482056
id26379,0.005920869962529729,0.00013089209960677117,0.9939482379378636
id25294,0.0008264229613698236,0.0001012998949010008,0.9990722771437293
id04100,0.01978899332946938,0.02943263165350059,0.9507783750170301
id23831,0.9268173931553909,0.017540018482981944,0.05564258836162712
id17334,0.9989988089368629,0.0009847271993452657,1.6463863791806506e-05
id19506,0.00017532046830270583,0.00016425213875632193,0.9996604273929409
id18629,0.917984500701433,0.07332880052239225,0.008686698776174735
id09105,0.003266133595403257,0.0008221412601010927,0.9959117251444957
id27735,0.8607866140538554,0.13140668787175436,0.0078066980743902725
id22840,0.9543398585651891,0.0014058330302224315,0.04425430840458849
id01465,0.2854916286583523,0.046795614022110715,0.6677127573195369
id27750,0.8465444868462931,0.015945771796626238,0.13750974135708055
id20421,9.264977772652702e-07,5.341121352819576e-10,0.9999990729681106
id23826,0.9889409640357432,0.008243824525825201,0.0028152114384317143
id23219,0.5531750937443876,0.16456610188566362,0.2822588043699488
id06442,0.00030418129058454123,2.5316940138451283e-05,0.999670501769277
id07847,0.9993353645260676,0.0003137355012986166,0.0003508999726337635
id16995,0.5720795457314003,0.38431111415740504,0.04360934011119471
id07626,0.014746495381513014,0.7806657526155962,0.20458775200289073
id21920,0.0025017031063161513,0.997474459018679,2.3837875004781463e-05
id22340,0.8339822875235974,0.16417797286205357,0.00183973961434911
id22108,0.9904749553846186,3.112430613016154e-05,0.00949392030925124
id25661,0.9481277414608059,0.042657902667312404,0.00921435587188164
id16284,0.4416402831032511,0.013747766471010801,0.5446119504257381
id19900,0.9728370715461135,0.016428434873386327,0.010734493580500134
id20864,0.9992733113716505,2.5448698241893455e-06,0.0007241437585253566
id26099,0.773670317214878,0.22392962050390935,0.0024000622812126583
id00333,0.4615028402658543,0.0383309141167758,0.5001662456173699
id27278,0.011510079064309607,0.9820414986332676,0.006448422302422892
id16758,0.0029661778669086737,0.9968397956420617,0.00019402649102963438
id25660,0.8585574860869336,0.0769563755145748,0.06448613839849163
id05146,0.3826610579784711,0.013809924644426503,0.6035290173771024
id24812,0.0280185835832655,0.004103184192651046,0.9678782322240835
id12003,0.9567929359477033,0.008507077167562415,0.03469998688473433
id04569,0.03228002004984397,0.9019958805138973,0.06572409943625876
id08269,0.6682071291834057,0.19724766586147705,0.13454520495511724
id06080,0.9960001717030603,0.0011229709920443694,0.0028768573048953213
id09782,0.026211434150357888,0.9737258675499616,6.269829968050041e-05
id19722,0.0005665009589589089,0.9994332183590495,2.8068199151746547e-07
id02781,0.0010042140403592327,0.005493363860435553,0.9935024220992053
id13385,0.9841736812933365,8.575677846785491e-05,0.01574056192819566
id24676,0.327977150739717,0.08705631651451813,0.5849665327457649
id07628,0.8523014261123187,0.1042415300066461,0.043457043881035114
id19363,0.013997451822003657,0.010488110357541582,0.9755144378204548
id27392,0.9988206574015536,3.5044202689178286e-05,0.001144298395757296
id26486,0.8589726729291454,0.018467050319193466,0.12256027675166109
id02440,0.8228720219218616,0.15603327103613787,0.021094707042000553
id26878,0.7290898812734068,0.22496328647610098,0.04594683225049234
id23044,0.9999810317080816,3.7223354380209327e-06,1.5245956480372209e-05
id24170,0.006074460095394422,0.9934862904245162,0.0004392494800893585
id22332,0.8347432470686396,0.0054016859817893545,0.15985506694957102
id27933,0.8924376477322202,0.010769986344383364,0.09679236592339628
id17535,0.0020583507592798994,0.000262965169938976,0.9976786840707811
id19700,1.6178185935542107e-06,0.9999551884832942,4.319369811220103e-05
id19809,0.10335199460184291,0.28443329663246,0.6122147087656971
id04484,0.05814232799754307,0.009034686487888835,0.9328229855145681
id00481,0.18607301099829607,0.78793693568726,0.02599005331444404
id27510,0.9515488086122779,0.043105669809816574,0.005345521577905629
id04635,0.12178257817506173,0.0004062958196463722,0.8778111260052919
id26027,0.9681842268788093,0.029145505717151857,0.0026702674040388146
id09300,0.0002621719211797988,0.9997314499476297,6.378131190456254e-06
id06381,0.005785481131038505,1.555465068196953e-05,0.9941989642182796
id18038,0.0013984893189523812,3.55373235641065e-06,0.9985979569486912
id22011,0.47961094681971034,0.06315486936758813,0.4572341838127015
id10608,0.0041388305745061315,0.9903748027565408,0.005486366668953092
id23054,0.5209052733713335,0.0067103611911632855,0.47238436543750323
id13904,0.5174038482727122,0.4488173045196622,0.03377884720762558
id13855,0.2423267148485587,0.019770353187595187,0.737902931963846
id17630,0.014455508229614774,0.9744527896210611,0.011091702149324284
id08595,0.01300205415493813,0.0007614237323873922,0.9862365221126744
id09532,0.7663897992863883,0.002927914878037059,0.2306822858355747
id13176,0.0021292366252525226,0.002691526194202587,0.9951792371805449
id27237,0.0024159330986293624,1.1161105501380193e-05,0.9975729057958692
id16704,0.015888751641574845,0.0021054135646650595,0.9820058347937601
id20994,1.0774391171901757e-05,1.9527270869037718e-05,0.999969698337959
id17501,0.00017039092287948334,0.9997093114237435,0.00012029765337703436
id16509,0.00081150658237456,0.00948293215631957,0.9897055612613058
id15081,0.00027877948086533913,0.0013957686271710763,0.9983254518919636
id24414,0.25153774475977325,0.08133919519684822,0.6671230600433786
id09220,0.012127728148824658,0.012377824877099795,0.9754944469740756
id26514,0.0008997366066132795,1.2443872644320285e-05,0.9990878195207424
id14703,0.9949486386392443,0.0009176337746837608,0.0041337275860719265
id19838,0.00012476123436933663,0.0063681808866922745,0.9935070578789384
id23297,0.536662090984905,0.006901731078696488,0.45643617793639846
id17113,0.8484822918872795,0.14920504623111852,0.0023126618816019682
id11693,0.6144864546144031,0.0053150331162723575,0.3801985122693246
id00847,0.08390068936091574,0.7165824327574991,0.19951687788158512
id00233,0.6626887215551552,0.011899055153079563,0.3254122232917652
id02776,0.9999375711415225,5.9759613414236806e-05,2.669245063263459e-06
id10396,0.9442013041549576,0.004491204862220764,0.051307490982821606
id18222,0.9596278882536508,0.008909494332556476,0.03146261741379285
id13476,0.03283891971673822,0.012654357948538331,0.9545067223347236
id08007,0.6029613928593326,0.009781160830814505,0.3872574463098529
id12984,0.2577310776934024,7.1911308837375e-05,0.7421970109977601
id04174,0.3326433938599478,0.6628851305855636,0.004471475554488529
id23874,0.0007721323566288729,8.635894498293682e-05,0.9991415086983882
id00595,0.0046610546467527126,0.995274349172106,6.459618114129588e-05
id18041,0.9973058291727738,0.0012435678106516106,0.001450603016574663
id17403,0.9989837395802402,0.0006254898136785579,0.0003907706060811322
id11741,0.9973016550070358,0.0006047466371414782,0.0020935983558227
id16928,0.25558066052865386,0.0004127546206664308,0.7440065848506797
id21913,0.00328325657505221,0.004417739160094163,0.9922990042648537
id05939,5.093573525136909e-05,3.000209215023644e-06,0.9999460640555337
id12429,0.00012038932500530734,0.9984712107283078,0.0014083999466868561
id04447,0.13433993300230834,0.32091937295894385,0.5447406940387479
id15928,0.865755097953235,0.011325112159663146,0.12291978988710185
id13126,0.02092429325738682,0.0013418795812714492,0.9777338271613417
id03989,0.8607762168740354,0.007936636812802406,0.13128714631316213
id08950,0.0023726510887963183,0.9972085741799479,0.00041877473125577513
id26494,0.012497403020006737,0.001798782839610087,0.9857038141403832
id09289,0.0067475982320012165,0.005575365660967341,0.9876770361070314
id16295,0.0002945415064617282,0.9990997501368744,0.0006057083566639499
id01616,1.5463453419942729e-06,0.9999965623046041,1.8913500538648742e-06
id25251,0.02650058080594009,2.29038663428758e-05,0.9734765153277171
id10354,0.9625783760855645,0.00961539170474545,0.027806232209689995
id08559,0.0017933737645741525,0.9935789230610211,0.004627703174404772
id20385,0.9888312054354843,0.0015571495623632478,0.009611645002152374
id01760,0.9893929049534789,0.001117262643592289,0.009489832402928902
id04242,0.34285905045119786,0.013238692572836247,0.6439022569759659
id05652,0.00424925317095381,0.9957507161891275,3.0639918745659424e-08
id05269,0.00045055411462261845,0.9975987339404685,0.0019507119449089583
id11218,0.040174423892170755,0.01359410796219738,0.9462314681456319
id19158,8.805430652087913e-05,0.9999091869974885,2.7586959905431578e-06
id00927,0.026885498222937135,0.0013932895280268412,0.9717212122490361
id25636,0.19960917836556866,0.04515447052966452,0.7552363511047668
id20727,0.14290231725679037,0.021387896261233788,0.8357097864819758
id01645,0.9236052664081857,0.06600236024943258,0.010392373342381604
id19931,0.021665338613876393,0.9487033094384858,0.029631351947637774
id12473,0.0049977532672108756,0.9941051899244923,0.0008970568082968883
id00618,0.9882508837681009,0.00018648472614688025,0.0115626315057523
id27329,1.2496904017585402e-05,1.8682066180683334e-05,0.9999688210298018
id11553,0.9963672377920666,4.038947156504423e-05,0.003592372736368359
id10357,1.0633662491096605e-05,2.786167448922659e-06,0.99998658017006
id11392,0.09407916196959391,0.00016266195732680472,0.9057581760730793
id03634,0.04098907844719225,0.7082390789786943,0.25077184257411345
id15781,0.9715990011828124,0.02831477797457786,8.622084260979473e-05
id11706,0.006277870240248308,0.001328126386566224,0.9923940033731855
id04248,0.9947802811301801,0.0025421968878118657,0.0026775219820079966
id26011,0.24383819113832492,0.23347425988473314,0.522687548976942
id17478,0.02771351049044845,0.00020852156695571288,0.9720779679425959
id16179,0.8094566899604193,0.10918178489386551,0.08136152514571526
id11340,0.9741313061321706,0.0011970145372875187,0.0246716793305419
id05629,2.3507432547571346e-09,0.9999999976490952,1.615126521447905e-13
id00266,0.018238437145826444,0.0004666636228042847,0.9812948992313693
id18514,0.14749880415193534,0.030745458156708472,0.8217557376913562
id05167,0.08619951832013369,0.04643128212503374,0.8673691995548326
id08943,0.9092143947131045,0.017092745091264402,0.07369286019563119
id14580,4.5549767579145346e-05,0.9991791279777956,0.0007753222546252021
id24496,0.999975529728275,1.7027906713008598e-05,7.442365012017455e-06
id04884,0.00015608209416970812,0.2124917402980757,0.7873521776077546
id08011,0.016232249731283184,0.029769793201898945,0.9539979570668179
id17807,0.061030444616508195,9.910082832559223e-07,0.9389685643752086
id05694,0.9274417531460779,0.033444635287694,0.0391136115662281
id02907,3.408205280121834e-05,0.9991122932977675,0.0008536246494312565
id23235,0.06566144873757014,0.006257231549721185,0.9280813197127087
id26764,0.8864394273615102,0.11201638095800971,0.0015441916804801933
id12226,0.004688535396861993,0.0012666512806461128,0.994044813322492
id15157,0.9273526746200095,0.009170747654971018,0.06347657772501945
id27127,0.022172862701343315,0.0001092760608555154,0.9777178612378012
id27723,0.0021156329319799057,0.00012998552875100896,0.9977543815392691
id10742,7.279691167729626e-05,0.999447644847638,0.0004795582406846583
id22951,0.33508977494891395,0.19618019599243874,0.4687300290586472
id09429,0.2764117319604206,0.00047228259092858805,0.7231159854486507
id26058,0.002056685227672639,0.7903903019064281,0.20755301286589922
id27415,1.8918002850824686e-05,0.9986199055491636,0.0013611764479855965
id06938,0.9848365100456199,3.7397103007530865e-05,0.015126092851372586
id18702,0.8855145932644112,0.03430374337426437,0.08018166336132447
id05229,0.9566504155543438,0.042527670418690426,0.0008219140269658019
id05219,0.0025843447330842983,0.00015563829374552608,0.9972600169731701
id26375,0.07455585639213176,0.920596387891095,0.004847755716773219
id19622,0.9903082749050676,0.0029320759784203475,0.006759649116512114
id13333,0.473026388563817,0.002190029315381828,0.5247835821208012
id25849,0.003968963616039546,0.9958400078704351,0.00019102851352520471
id06780,0.9410410193049981,0.02443625965756657,0.03452272103743531
id01128,0.15872207448350287,0.0033373477090901356,0.837940577807407
id22697,0.023548204226227984,0.0008357899334375639,0.9756160058403345
id03725,0.47697130384464664,0.19786847383129155,0.3251602223240619
id06570,0.8267741773669398,0.06691213351750314,0.10631368911555707
id07834,0.0020386460904554104,2.1357826771845256e-05,0.9979399960827727
id08930,0.9999887478848425,3.967984196374969e-07,1.085531673785246e-05
id03276,8.518733530964194e-06,1.530765805662599e-07,0.9999913281898885
id07367,9.053203165112608e-05,0.9998576308879524,5.1837080396506115e-05
id12250,0.9619689975456761,0.020156586411052432,0.017874416043271484
id00461,0.339477818735342,0.0017171537083101023,0.6588050275563478
id17583,0.9993981281524907,2.6679549966098937e-05,0.0005751922975432219
id07331,0.5319639535532595,0.28708031144720403,0.1809557349995365
id09844,0.013100093419256146,7.744428496729373e-05,0.9868224622957765
id12595,0.0006676131733516903,0.943238204270499,0.056094182556149244
id12911,7.857659105279799e-06,0.9999904550210184,1.68731987639056e-06
id13334,0.0057406906562989975,0.007682292748426019,0.986577016595275
id03231,0.17961983731355982,0.2556663564211518,0.5647138062652883
id16441,0.20346462580162927,0.006370944946613931,0.7901644292517568
id11427,0.005331298759383917,0.0018902888870800851,0.992778412353536
id16919,0.995670457647146,0.0042766777463610454,5.2864606492854616e-05
id04388,4.26167304755727e-06,0.008917213358704927,0.9910785249682476
id09608,0.26310057610315424,0.45100243968496895,0.2858969842118768
id14912,0.26668791912830125,0.00010706812401412358,0.7332050127476847
id24621,0.0006174109684882971,0.9876726759452183,0.011709913086293421
id14904,0.014098428169031913,0.03921059877396333,0.9466909730570048
id09209,0.00032500491716846725,0.00040373844565084663,0.9992712566371807
id10425,0.9997980401293021,0.00020193087111568684,2.8999582360992804e-08
id04915,0.728294688360635,0.004019600452747322,0.2676857111866176
id01417,7.813258291878398e-07,0.9999991685536501,5.012052068902142e-08
id12318,0.9167623766471849,0.016100779535830594,0.06713684381698463
id01184,0.16220272263785823,0.10131858276799015,0.7364786945941516
id05349,0.0003195831622535356,8.70392125508775e-05,0.9995933776251956
id14718,0.0009451145125684387,5.611994460417143e-05,0.9989987655428274
id20392,0.6647867782904591,0.027876304236833394,0.3073369174727076
id10071,0.03909479057398104,0.10421258406581235,0.8566926253602066
id24369,0.9999998005693063,1.9033016466016612e-07,9.100529095551345e-09
id22137,0.9999990190240183,3.3374447046292154e-07,6.472315111655955e-07
id14478,1.79881737918763e-05,0.00039676864966570777,0.9995852431765425
id10018,0.09259720961748734,0.0046919710975974445,0.9027108192849153
id13357,0.0001670847250045734,0.9994191839553141,0.00041373131968134143
id06093,0.00010775035416263766,0.008564546405443034,0.9913277032403943
id26039,0.0018803606737338619,8.983981581377162e-05,0.9980297995104525
id05974,0.002216908626676561,0.9860521029924562,0.011730988380867259
id09745,0.0018696481534138654,0.9975864621723304,0.0005438896742557417
id01255,0.7705139376586224,0.1251850458085206,0.10430101653285709
id25995,5.689688158943765e-09,0.9999907538022056,9.240508106264121e-06
id01205,0.8525288549868026,0.008027102887671384,0.13944404212552602
id09735,0.1617773871228234,0.8381993336138476,2.3279263329088697e-05
id19431,0.9320718355176459,0.06634599882565503,0.0015821656566990317
id10226,0.9965694049763756,0.0006007266684540986,0.002829868355170389
id22446,0.9915071366187829,0.00176917947596023,0.0067236839052569435
id10207,0.17810990559626078,0.7299201279441957,0.09196996645954354
id02564,0.8958458381874659,0.0259164066325088,0.07823775518002538
id15113,0.9724866777658555,0.003165638433740317,0.024347683800404193
id20230,0.8891407375840409,0.005036554893868182,0.10582270752209091
id18155,0.9991354266533166,0.00026225003705832885,0.0006023233096251606
id23722,0.029896912483403367,0.000754879011902134,0.9693482085046945
id20241,0.9995893442844438,0.00022555716465693163,0.00018509855089931656
id10580,0.0019171405250237796,0.0003627195158707651,0.9977201399591055
id09405,0.22662417344881974,0.007946342169312342,0.7654294843818679
id16297,0.00024702570134685435,0.9997159964686075,3.6977830045708824e-05
id27247,0.670950115019385,0.004007294349211134,0.32504259063140395
id26321,0.9999306294848409,5.053874575594276e-05,1.8831769403251837e-05
id18503,0.005143624642750859,0.00038258352795088216,0.9944737918292983
id04178,0.020969068878598375,0.9405143480118215,0.038516583109580026
id22695,0.0007256783992124358,0.0074446314594261,0.9918296901413615
id04368,0.9999543109115195,9.000063718555878e-06,3.668902476198344e-05
id20585,0.9905444445826316,0.009455217807773315,3.376095950260624e-07
id21615,0.41740333237294563,0.05236451949078825,0.5302321481362661
id10830,1.6453647424737071e-13,0.9999999999995761,2.5930814167413247e-13
id22143,0.9992265735404395,0.0005538073906995357,0.0002196190688608857
id21600,0.9987056552877784,0.0003185634533491352,0.0009757812588724217
id23773,0.9991717547900762,0.0007072068052516908,0.00012103840467206332
id08505,0.9999902051601545,3.2384566480648765e-09,9.791601388905702e-06
id27152,0.9785041100726413,9.363589119409147e-05,0.021402254036164678
id09817,0.004181876313100645,0.9301463077833616,0.06567181590353775
id02355,0.9221576584092884,0.03931594468925919,0.0385263969014524
id23629,0.9976962092553744,0.00012877283903916815,0.0021750179055864804
id22194,0.9826984941147087,0.0007132510836301,0.016588254801661265
id05592,0.12340643324483892,0.0017249554769462147,0.8748686112782149
id02916,0.1490246094366279,0.39416824167291564,0.45680714889045654
id22284,0.8355771273390985,5.8543955175148176e-05,0.16436432870572634
id14574,0.1840888470404641,0.02452768612515477,0.7913834668343811
id16820,0.058191633691871594,0.0003075247044247613,0.9415008416037036
id04513,0.9983843256141469,8.21427907731927e-05,0.0015335315950798544
id05853,0.18460742994436136,0.01146176766929332,0.8039308023863453
id23528,0.004163283203320481,0.9943690680275653,0.001467648769114232
id06684,0.9875163539971674,0.009489068762080024,0.002994577240752594
id19793,0.9940400947480539,0.0059279352885354426,3.196996341071749e-05
id05567,0.9136889531953543,0.0005328390835843925,0.08577820772106143
id01637,6.5333229486039e-05,0.9991882323006009,0.0007464344699130545
id24264,0.050699199266003,0.04792065933568075,0.9013801413983163
id08558,0.004551879920198458,0.9613120178492434,0.03413610223055821
id01977,0.0016874020765412412,0.9425481141599842,0.05576448376347455
id14665,0.0004981447058872632,0.9977670383252102,0.00173481696890252
id24485,0.00738803213229663,0.9919463406550176,0.0006656272126857328
id00331,0.7243416211345972,0.008002631943903086,0.26765574692149974
id06004,0.7509769843160418,0.01773188516891902,0.23129113051503922
id08168,0.00013746415644584552,0.9936122246723074,0.0062503111712468
id02054,0.9977785901714067,0.0014435664632112275,0.0007778433653821486
id27733,0.0992147175452923,0.007282150796907803,0.8935031316577999
id26596,0.000923590465598132,0.9983022484657307,0.0007741610686713003
id05275,0.526762838028276,0.46104014083031,0.012197021141414036
id23093,0.8302662528791667,0.040323142269552865,0.12941060485128042
id13304,0.0008779926363314878,0.00034700763546933707,0.9987749997281992
id09513,0.9982287974228123,0.0004049210455006518,0.0013662815316870698
id14943,0.9989072807775303,5.051533728793972e-05,0.0010422038851817725
id10936,0.844133570902966,0.0863116447452167,0.06955478435181728
id18771,0.41731898195077277,0.3160878485471874,0.2665931695020399
id09708,0.8050959792553278,0.06654273218633636,0.12836128855833587
id17204,0.9788687034115684,0.0037577730118377745,0.017373523576593938
id27515,1.8274095032730838e-06,0.9999953620231601,2.8105673366676677e-06
id04438,0.3205505609795567,1.1438343947931947e-09,0.6794494378766089
id14306,0.047168045243834354,0.9525511211293256,0.00028083362684006903
id10235,0.04679380485151236,0.005726305368280019,0.9474798897802076
id19034,0.5056550741095442,0.43620221466972764,0.05814271122072816
id27850,0.5818105709746031,0.005747992195568207,0.41244143682982864
id23316,0.8076476633161711,0.17316311840264223,0.019189218281186665
id21265,0.9457077570168176,0.00016285293647114258,0.05412939004671133
id13944,0.04474418228791441,0.0009886981144462356,0.9542671195976394
id00416,0.0008138037917182881,0.9949929397543907,0.00419325645389097
id04702,0.9832005013431758,0.005172618631670585,0.011626880025153533
id07679,0.6308899314425495,0.27668754073498797,0.09242252782246257
id17063,0.0003140057406756809,0.9995747939594491,0.0001112002998751675
id25840,0.0006969656102523701,0.9978255330157444,0.0014775013740033157
id16767,0.01228331884531821,0.9875997935754014,0.00011688757928039441
id10275,0.0011473836483649807,0.0003696675443806371,0.9984829488072544
id19913,0.8269844396420865,0.022570622074675452,0.15044493828323816
id16158,0.0026608504031134,0.9913578062674507,0.005981343329435916
id19914,0.32298091671636153,1.4592620059280962e-05,0.6770044906635793
id09409,0.43073319060683957,0.023113094287125782,0.5461537151060347
id14026,0.7968495188854914,0.08237942700737247,0.12077105410713615
id27022,0.0031307395474572367,0.9955191738489386,0.0013500866036041392
id06324,0.00011628733041484885,0.9995501746630133,0.00033353800657185485
id22614,0.0930942851107414,0.013162235056902373,0.8937434798323562
id02338,0.9274556921665914,0.01725053251807026,0.05529377531533835
id02862,0.005947644793521707,0.9908300985854605,0.0032222566210179013
id14818,0.166368230855922,0.34933034902484106,0.48430142011923705
id00648,0.9277491257264525,0.02234395336371884,0.04990692090982869
id21812,0.04050694588685243,0.0007775502442783468,0.9587155038688693
id04567,0.015667341094818654,0.9842326125550749,0.00010004635010634894
id20462,4.8754611129164404e-15,8.909350016462619e-15,0.9999999999999862
id21110,0.10874036897530329,0.01729460874595664,0.8739650222787401
id27524,0.07789484736221072,0.9212011147461733,0.0009040378916160133
id10739,0.00577463080401563,0.019730685661176195,0.9744946835348082
id25519,0.5380678669872067,0.040139649068087334,0.42179248394470603
id09509,0.10158544683291416,0.016229373165059572,0.8821851800020263
id24062,0.01769991374026974,0.979923541662983,0.0023765445967473516
id17909,0.054602804218087504,5.753893182945388e-05,0.9453396568500831
id09896,0.13559697894404538,0.012193421719764197,0.8522095993361904
id11587,0.0011948298044913224,0.9987592152909169,4.595490459164486e-05
id09957,0.5536036234792621,0.41295447807932967,0.03344189844140827
id02070,1.3651267457125792e-06,6.33014486995218e-05,0.9999353334245548
id25658,0.901896620084491,0.03280599520983093,0.06529738470567806
id19870,0.10886632316993147,0.8514513980257847,0.03968227880428388
id11774,0.017347092991978445,1.6529719248322522e-05,0.9826363772887733
id21315,0.636890729526319,0.3593396281537109,0.003769642319970145
id15873,0.9901518408895732,0.008976988772618077,0.0008711703378086678
id19302,9.070826225090063e-07,0.9999981257783708,9.671390068184027e-07
id07239,0.0018619513152652247,0.9981231939560814,1.485472865332731e-05
id10178,0.9995784098086395,2.320480714049103e-05,0.0003983853842199986
id00074,0.9945961046391394,0.00010450192198352778,0.005299393438877181
id21736,0.0492075864145816,0.939308965643158,0.011483447942260428
id25383,0.07194136941134219,0.9200930369711025,0.007965593617555371
id01649,0.6509143797013348,0.049086272579636145,0.29999934771902903
id15990,8.717010882807285e-05,0.00010390567340581867,0.9998089242177661
id04940,0.9988412001711677,6.418144612325778e-05,0.0010946183827089248
id09041,0.04145348640992376,0.9529234056562864,0.005623107933789812
id12499,0.8627025356258771,0.030731711252193428,0.1065657531219295
id27324,0.03328172249101338,0.96668872360758,2.955390140669186e-05
id20396,0.00020576134713063752,0.9997919624715641,2.2761813052185677e-06
id20065,0.9995994626467143,1.9341764110362755e-05,0.0003811955891753968
id09659,0.09587569596979827,0.0073809265945934755,0.8967433774356083
id04632,0.0018310295393349396,1.0096587573347363e-05,0.9981588738730918
id17313,0.9996452543607746,5.355154997306017e-05,0.0003011940892523162
id04995,0.9993518663623775,0.0005703666088190713,7.776702880342072e-05
id26559,0.9702628891448242,0.014012461925533253,0.015724648929642558
id06974,0.0848466449668366,0.2456230460164727,0.6695303090166908
id22141,0.9990946998084568,0.00025238326558649996,0.0006529169259567176
id11508,0.020079429101099684,8.09156921759402e-05,0.9798396552067243
id09766,0.08926425818642002,0.9100543201697091,0.0006814216438708421
id24382,0.3428821383339256,0.4183941605603572,0.23872370110571722
id12016,0.7830496160443927,0.09289131281515696,0.12405907114045032
id07298,0.9582567908955077,0.0013065184048464257,0.04043669069964582
id17985,0.0011191786066075055,0.998722128531503,0.0001586928618895125
id09057,0.007017631409447443,2.451825706558912e-06,0.992979916764846
id23310,7.106047016661171e-07,4.5716046487251073e-07,0.9999988322348335
id13265,0.9991039811090998,0.0003288111601600915,0.0005672077307401392
id25920,0.9879873887020277,0.0003717380670682405,0.011640873230904025
id15012,0.5470297386961386,1.0011779528262522e-05,0.45296024952433317
id12939,1.0204994797064014e-05,0.999985543147694,4.251857508913863e-06
id13329,0.9943554559560024,0.0017387308863196552,0.003905813157677871
id11410,0.004178089178047198,0.9958074687146509,1.4442107301960167e-05
id08203,0.7314488840389196,0.17735766138588996,0.09119345457519039
id09399,0.005744339712682435,0.979498565045276,0.014757095242041598
id24807,0.0009273040877486362,0.0007205144927929851,0.9983521814194584
id24976,0.934338739217869,0.05099603873280422,0.01466522204932685
id19630,0.003923403351583261,0.018073974244160344,0.9780026224042564
id00231,7.693805859668752e-06,0.9999828189954476,9.48719869273129e-06
id06157,0.004221297684145614,0.9546687346208315,0.04110996769502296
id26817,0.1777645677507038,0.06621087539455466,0.7560245568547416
id21083,0.006792334002979305,0.00018531519248375303,0.993022350804537
id27634,0.994632807616367,0.0029910716796753348,0.0023761207039576546
id12397,0.0018653423436603956,0.02479040580364987,0.9733442518526898
id02643,0.0054783698873516135,0.00041616747536327934,0.994105462637285
id13731,0.00024516933515595545,0.9997189808937924,3.584977105162124e-05
id17953,0.12480583136334635,0.0014254055359231152,0.8737687631007306
id10342,0.484481190993397,0.1768660164780898,0.33865279252851327
id19652,0.11630746269484489,0.7491995150370446,0.13449302226811052
id03505,0.001326244230410573,0.9982954566126208,0.0003782991569687102
id27602,0.03188071362876721,0.5802086636659497,0.38791062270528315
id13311,0.0012621221773046378,5.4212826224040934e-05,0.9986836649964713
id20008,0.8227133025203208,0.12823862749831905,0.04904806998136008
id14404,0.006209543808349825,0.03265455957201481,0.9611358966196354
id09413,0.007579686125599892,0.00033594978142692376,0.9920843640929732
id01897,0.02416955577971691,0.2564583344526819,0.7193721097676011
id14873,0.9809266191053894,0.00642802779057029,0.012645353104040392
id25588,0.9997436311297357,0.00021926581475949287,3.710305550474178e-05
id15549,0.008765172749237712,0.9800379770417671,0.011196850208995187
id20796,0.26528887844047216,0.0008694741636398558,0.733841647395888
id11138,0.007932331292060855,0.00409079200644147,0.9879768767014977
id18398,0.0006771619437192559,2.025808274143531e-06,0.9993208122480066
id01871,0.9999972330527654,1.419799061538698e-06,1.347148172983708e-06
id15968,0.9987674039079787,3.8298595029200376e-05,0.0011942974969921041
id18197,4.9552572848122564e-05,1.1407634269235768e-06,0.999949306663725
id20939,0.37939296054255023,0.001432428742278181,0.6191746107151715
id20570,0.006729242687265982,0.027499648789824343,0.9657711085229097
id00432,0.9999283012760852,4.615351160059881e-08,7.165257040325749e-05
id19537,1.1380006597999414e-05,0.9998585865713332,0.0001300334220689042
id12930,0.9895615975666181,0.010437211685548401,1.1907478335430378e-06
id26222,0.0020490458901428273,0.99491556787104,0.0030353862388171854
id10623,0.9991214151055429,0.00015750151741364475,0.0007210833770435736
id15460,0.00021131373079400344,0.9996796228057453,0.00010906346346070847
id22824,0.9997143055677865,0.00023957466124153472,4.6119770971944066e-05
id02968,0.13210615186154373,0.0007262625095927455,0.8671675856288635
id19017,0.28942041566372023,0.6740522644137902,0.03652731992248965
id26743,0.0006713162833317279,0.9956539038910002,0.003674779825668159
id04161,0.9980861986804894,0.00045660358713299265,0.0014571977323776383
id08976,4.6505489883518435e-09,0.9999999819142488,1.3435202301311145e-08
id13339,0.00013158882550288838,0.9992516284649829,0.000616782709514108
id25051,0.9644524477128268,0.0019726985865023056,0.03357485370067088
id22649,0.7299496373647453,0.26871921397127924,0.001331148663975491
id00040,0.0011516252520479239,0.9987056243496936,0.0001427503982585063
id08855,0.9042918310930006,0.010655574959723878,0.08505259394727552
id24622,0.8598655945254019,6.953887566322597e-05,0.14006486659893502
id02301,0.988046300590288,0.011728027194158329,0.00022567221555371242
id07047,0.8103685361817389,0.013435907146335014,0.17619555667192616
id04423,0.999991982648491,8.012133375901104e-06,5.218133223343109e-09
id02790,0.4617301254910591,0.15106158627415806,0.387208288234783
id08754,0.0024133468832999256,0.9975856506567784,1.0024599217096712e-06
id20297,0.05455277048247222,0.0024498271197281453,0.9429974023977997
id04307,0.0040545946521295,0.9848669101681502,0.011078495179720337
id18927,0.06805028434867454,0.0284035622614025,0.903546153389923
id27393,0.022433287317578727,0.011620295645269355,0.965946417037152
id15260,0.25382550221170286,0.735494140686872,0.010680357101425203
id03679,0.5670616542871124,0.05100530763576903,0.38193303807711865
id17381,0.9999065345435885,8.568682672504596e-05,7.778629686514333e-06
id13196,0.9429806522162819,0.044026064792274264,0.012993282991443915
id21493,0.023439444212121772,0.028827846019946358,0.9477327097679319
id11088,0.03684402113912448,0.02451691004096875,0.9386390688199069
id15801,0.7059453095608111,0.00012548081819706893,0.29392920962099184
id04647,0.18499815008005796,0.008826930953748154,0.8061749189661939
id16900,6.806164012532625e-06,0.9999931815693611,1.2266626386654205e-08
id17174,0.9577230299089993,0.039815565998336536,0.0024614040926641345
id23801,0.1726790771172244,0.7651647345810548,0.06215618830172077
id11952,0.6236377104583327,0.11271121274857825,0.263651076793089
id02738,0.876790205413627,0.008703002521279821,0.11450679206509329
id05365,0.9900482945108692,1.2855247075986784e-05,0.009938850242054917
id19666,0.13661187743471828,0.8509814707194371,0.012406651845844684
id26638,0.021446395881676024,0.0011491003586911767,0.9774045037596328
id03032,0.5216209906393424,0.2701268300046512,0.20825217935600626
id23471,0.9994094674972053,0.0004390225591543231,0.0001515099436404157
id26135,4.202746375734738e-09,0.9999999955490424,2.4821127127156937e-10
id18224,3.721927448418199e-10,0.9999999992109827,4.168246179135905e-10
id10782,0.9855548897545342,0.005022511549283573,0.009422598696182264
id08932,0.02754043207093043,0.0034459687300621637,0.9690135991990074
id23126,0.006865949247518062,0.0015120178082799866,0.9916220329442019
id22273,0.35771496955914717,0.33623616466999606,0.30604886577085677
id17427,0.9417634999189837,0.02144870463479065,0.03678779544622577
id21258,0.8729329783065273,0.12613396910507355,0.0009330525883991346
id06604,0.9503920087921659,0.04382841405589099,0.005779577151943154
id02180,0.5503106109628643,0.44870860529690787,0.0009807837402278055
id20505,0.12500801721607385,0.6840764944349143,0.19091548834901187
id27466,0.9134638880849102,0.010981768959685665,0.07555434295540421
id14249,0.0713179567785074,0.0857270394385794,0.8429550037829132
id15891,0.21560050154163507,0.14664270056029483,0.63775679789807
id25366,0.012697301968162088,0.004542279763330451,0.9827604182685075
id13554,4.542115234164746e-05,0.00015178436083712184,0.9998027944868213
id09470,0.00026619808746098636,0.0003090876954564786,0.9994247142170826
id15993,0.25089901263070086,0.30749496745423044,0.4416060199150686
id07273,0.19389443093232026,0.6577487448996385,0.14835682416804113
id10805,0.9475525483780741,0.0018747205553361363,0.05057273106658976
id07990,0.10698212233463007,0.00934575541000976,0.8836721222553602
id08107,0.19455081483529604,0.007154003953903098,0.7982951812108009
id07612,0.8468171803372245,0.1164332007750014,0.03674961888777412
id10593,0.5058500093907308,0.01811535016289512,0.4760346404463741
id00906,0.018575649403129727,0.9808251027509001,0.0005992478459701943
id22316,0.008220635050021163,0.11969372086627815,0.8720856440837007
id04826,0.7573579794846758,0.24264022723367926,1.7932816450380585e-06
id13173,0.0011224706680869115,2.4574215393997454e-05,0.9988529551165191
id20075,0.9327740497456253,0.039736431925869606,0.027489518328505057
id16427,0.4968082892811775,0.11719737528722135,0.38599433543160105
id21948,6.556266164760413e-05,0.00016356140346037178,0.999770875934892
id05957,0.9819384203175258,0.0129427350705282,0.005118844611945954
id22982,8.293956223708886e-08,0.9999991605672528,7.564931849668034e-07
id01672,0.06818679774254807,0.9316275630083871,0.00018563924906483606
id19463,0.04040987949292164,0.007049345707537672,0.9525407747995407
id17555,0.14567878030693449,0.8436001388845457,0.010721080808519919
id21387,3.779101537520838e-05,0.999874583107384,8.762587724089705e-05
id00011,0.006973238718228881,0.9930131971566967,1.3564125074561194e-05
id18538,0.9866199407019178,0.011895115956529157,0.0014849433415530095
id14915,5.353830315472915e-05,0.9999025396363389,4.3922060506408075e-05
id13773,0.00011806644652173432,0.004094345051627616,0.9957875885018507
id26440,0.6909000896065597,0.0029982998668851217,0.30610161052655527
id18862,0.2264120922952303,0.02831900366857528,0.7452689040361945
id02510,0.008374417706502843,1.9875648859309183e-05,0.9916057066446379
id26288,0.00010381104106535583,4.545828328572226e-05,0.9998507306756489
id01877,0.039587489093968135,0.28904370564310455,0.6713688052629274
id17532,0.03849275147609732,0.011367304682607618,0.9501399438412951
id22973,0.9977286812551722,0.002090599564101871,0.00018071918072589654
id10254,0.6096628052853345,0.0013776130937251082,0.3889595816209404
id20420,0.0004314294030113499,0.9994131787714305,0.00015539182555815274
id16052,0.9324619215416955,0.016296445046938366,0.05124163341136615
id19578,0.999094764689638,0.0006873568577714874,0.00021787845259057704
id06318,0.48770140040034643,0.05976101044634184,0.4525375891533117
id18751,0.9999997011358858,2.9699671255576965e-09,2.9589414705650265e-07
id06756,0.09858837077407033,8.174638042101212e-06,0.9014034545878876
id00364,0.49183839603442175,0.5081526843383695,8.919627208844229e-06
id10714,0.2873670982500827,0.672314668668752,0.04031823308116534
id27432,0.9866640327747178,1.8125213629281837e-08,0.013335949100068634
id02395,0.018459462099154784,0.9811062772124919,0.0004342606883532414
id00502,0.4999057530243848,0.16538460966163593,0.3347096373139793
id22856,0.01841998924543958,0.03776100381213341,0.943819006942427
id16391,4.365185032116221e-09,0.9999999953195583,3.1525674149409204e-10
id18170,0.005092850394918657,0.9852953771785953,0.009611772426486068
id19642,0.9939708611889957,0.00263320402727025,0.0033959347837340236
id15742,0.9995900738352025,1.5178926376001682e-05,0.0003947472384215075
id18984,9.748943204104266e-05,0.00024549476774280793,0.9996570158002162
id22155,4.350165597853475e-05,0.00011846707531890206,0.9998380312687025
id13113,0.020413152054679987,0.00017267225737627696,0.9794141756879438
id03817,0.49503626825164343,0.014174606970630199,0.4907891247777265
id13090,0.7151631439570116,0.02289403015752246,0.26194282588546597
id23521,0.00017966317231717785,0.9879278549667161,0.011892481860966737
id21376,0.12994244629863216,0.01600446168705334,0.8540530920143146
id21795,0.005006429103321084,0.9828544775946564,0.01213909330202256
id03548,0.00013350202417736814,1.594928027096298e-07,0.9998663384830199
id05018,0.9998379062596561,2.7290100412886208e-05,0.00013480363993105077
id00085,0.0006376479179159539,0.9993618911297201,4.6095236397103254e-07
id12163,0.05501785624181764,0.928893008357715,0.016089135400467355
id15341,0.7325118424204425,0.018184274151429456,0.2493038834281281
id12896,0.12897609424809217,0.8486491511637564,0.022374754588151486
id24019,0.8658764371563688,0.023398249828330817,0.11072531301530049
id24981,0.9966995841179147,0.0032785059350985586,2.1909946986723213e-05
id12456,0.24090575006675902,0.08238385557350775,0.6767103943597333
id24590,0.05594361303836004,0.001318485095891478,0.9427379018657485
id01276,2.7995967607111506e-05,0.999961656882358,1.034715003477468e-05
id04235,0.000993452472424307,0.0003538791358454383,0.9986526683917303
id21844,0.0019966301420514965,0.015666420407585657,0.9823369494503629
id16876,6.429510888039898e-10,0.9999999989708732,3.861756386184641e-10
id10137,0.004415970992499494,0.00016828483755417867,0.9954157441699464
id26435,6.730391516568088e-06,3.783196781777699e-08,0.9999932317765157
id15912,0.13040029188841024,0.00478442183430254,0.8648152862772872
id09361,1.0422877314859033e-05,4.547586907806398e-06,0.9999850295357774
id00071,0.8244677295137031,0.00018572003072193824,0.17534655045557496
id21006,0.9999999815497436,4.111465490479331e-09,1.4338790895396344e-08
id20942,0.04703102677949363,0.00025183399237888406,0.9527171392281275
id00137,0.9267466961715117,0.04829726263310459,0.024956041195383628
id10494,0.049936254994307656,0.8702832311268304,0.07978051387886204
id02933,0.8294156088264382,0.003970098661563028,0.16661429251199886
id22661,0.00020982713878061414,0.9997708216578798,1.9351203339629092e-05
id01024,0.26220360290492684,0.014721351946354568,0.7230750451487186
id02183,0.02888349750113453,0.9235709152176241,0.047545587281241336
id22883,0.07773823661488354,0.9206594768323377,0.0016022865527787146
id14780,0.061683349508078425,0.9379180102543437,0.00039864023757785666
id00543,0.0037309412269214957,0.0011653088132376904,0.9951037499598409
id21237,0.7171813456289959,0.004136269688253453,0.2786823846827506
id09864,0.0027066652823309347,0.9839106702743301,0.013382664443338904
id26171,0.00010698163251748278,0.0025911209977542166,0.9973018973697283
id08115,0.9317177377122972,0.011573829198753495,0.056708433088949385
id18417,0.00016002687929678977,0.9985322260202432,0.001307747100460106
id27910,0.0063063459337948545,0.0057874720197054795,0.9879061820464997
id16918,0.08888014875293714,0.01791621996944442,0.8932036312776185
id10236,5.679900003421468e-06,6.043720712339572e-09,0.9999943140562759
id22481,0.27150135616168697,0.26549965008952187,0.4629989937487912
id25843,0.18538593608999573,0.8127659868751592,0.001848077034844997
id24660,0.999458178239837,4.128127088283551e-05,0.0005005404892802465
id09637,0.006735780987385917,0.9932009943983509,6.322461426332035e-05
id19022,0.2590686777166747,0.0372923329618936,0.7036389893214318
id16809,0.0010114514379776954,0.00012753249649661197,0.9988610160655257
id13162,0.017045647976501273,0.0001320711496195393,0.9828222808738792
id05384,0.0010872620188974301,0.9988593682829275,5.336969817499135e-05
id15361,0.00018802107728119365,2.0800177053893008e-05,0.9997911787456649
id03967,0.00011752890818559387,0.9998588615915012,2.3609500313168008e-05
id03839,1.9908369769744876e-05,0.9999462818101337,3.380982009656477e-05
id19644,0.8744773572087297,0.02976438099509268,0.09575826179617769
id14817,6.146765244382066e-05,0.0002890941463096928,0.9996494382012465
id04190,0.22364845475784448,0.6765638723760649,0.09978767286609068
id19018,1.9041770395585355e-05,0.9990901581497266,0.0008908000798778617
id23557,0.44458587382427994,0.5551121895002079,0.0003019366755121922
id25241,0.010964999831475872,0.00015021076092422422,0.9888847894075999
id01223,0.16908395292857906,0.0016699092066220613,0.8292461378647988
id07529,0.06916953192104855,0.7025110113969907,0.22831945668196074
id13517,0.022845515114444572,0.013366061875664016,0.9637884230098914
id11759,0.6305154059456283,0.004999857487979705,0.3644847365663921
id13741,0.009414230343946195,0.013426872361922299,0.9771588972941315
id03305,0.05200533050385959,0.004118678084872541,0.9438759914112679
id16474,1e-15,0.9999999999999958,3.285715357045818e-15
id04156,0.8453946696701161,0.00031663908426746,0.15428869124561634
id23223,0.002124165144402494,0.9975804629227475,0.0002953719328499772
id25193,0.660553322804369,0.008986366797766487,0.33046031039786455
id02100,0.9996139961311348,7.593114889958722e-07,0.00038524455737618977
id20032,0.009806903531370719,0.4422707770606698,0.5479223194079594
id22179,0.0013041590190294473,0.0015224425911676647,0.9971733983898029
id15359,0.9963890656586365,0.00043698643335519054,0.0031739479080083884
id02571,5.404944480298567e-07,0.9999994294564504,3.004910170065733e-08
id21450,0.9997803914768832,0.00012444080395021388,9.51677191665087e-05
id17293,0.9729600574301157,0.026812204352993318,0.00022773821689090406
id13056,0.8967660287267831,0.0708462199617494,0.03238775131146741
id16833,0.47776915599987185,0.00034559881453603093,0.5218852451855922
id25681,0.0077740943794136685,0.9919072274422055,0.000318678178380879
id21263,0.0002184399367747621,7.484131790493199e-05,0.9997067187453204
id02323,0.0006860654683166902,0.9990890148408043,0.00022491969087902987
id16481,0.9284172400352222,0.0008153044882802999,0.07076745547649758
id05781,0.8817854157377724,0.0002964008178690255,0.11791818344435859
id14416,0.7330027006954372,0.2347019250808054,0.032295374223757556
id20650,0.006149267928485361,0.9595608511614838,0.034289880910030865
id04357,0.9562378028916233,0.006803075585878056,0.03695912152249873
id16663,0.0004546015170944015,0.0007911602373974899,0.9987542382455081
id18312,0.07083675712327207,0.00023021854892154773,0.9289330243278064
id24780,1.272523294018687e-06,2.499225956948842e-07,0.9999984775541103
id17348,0.027137872037820403,0.0010964819592517111,0.9717656460029279
id22993,0.8851475725942236,4.934178731137669e-05,0.11480308561846508
id04847,0.0032057077366002924,0.03434350005607696,0.9624507922073228
id27880,2.999381745601743e-05,0.9999459097796679,2.4096402876149418e-05
id21160,0.008893757361408775,0.1820260763936094,0.8090801662449819
id03354,0.6072690839928127,0.36997807004086714,0.02275284596632017
id11002,0.006774507088544153,2.0775648169431044e-05,0.9932047172632864
id02425,0.010932146679192392,6.150722196859245e-06,0.9890617025986107
id14067,0.745818254591702,0.09850530236237004,0.15567644304592787
id05886,0.028614543151339662,0.0004936898456968651,0.9708917670029634
id09256,0.9919972448093812,0.005463232889427906,0.002539522301190862
id11511,0.029144030971169414,0.0007159585711354458,0.9701400104576952
id09029,0.001422856043172653,0.974165180054433,0.024411963902394408
id22563,0.2504263865259418,0.32227734315741396,0.42729627031664424
id27838,0.2765985369810861,0.027159255150364874,0.696242207868549
id23184,0.96272103505044,0.02137321435145351,0.01590575059810637
id15335,0.9544943072584814,0.03267474476621765,0.01283094797530093
id08607,0.9475175706740212,0.02763732907725,0.024845100248728744
id26516,0.982104566108976,0.010267530129468109,0.007627903761555834
id12417,0.41390574862351226,0.1065379306268652,0.4795563207496227
id21758,0.9974702220226286,0.002402525652936097,0.00012725232443535302
id00729,0.04235273210991303,0.9573806878901712,0.00026657999991590027
id25504,0.019081333791651233,0.9771765185589618,0.003742147649386908
id00360,0.00032585400664974595,0.008660594962943085,0.9910135510304072
id05913,0.14387460069810493,0.8550504935348564,0.0010749057670386766
id00089,0.9674027163602398,0.028954598405251095,0.0036426852345091557
id03511,0.999693073678749,4.46849986744933e-06,0.0003024578213835563
id00449,0.003334196877168546,0.02166272031931999,0.9750030828035114
id14504,0.3240544592291633,0.6507291141936258,0.025216426577210942
id19106,0.9999956018610437,2.7271275353632485e-06,1.6710114209629883e-06
id19236,0.001285631590511478,0.9986746363862911,3.9732023197566804e-05
id12743,0.9990130580208865,5.736248929753143e-06,0.0009812057301837591
id04662,0.08239046728004329,0.003551183496698368,0.9140583492232583
id15139,0.052838514280850714,0.0004633302656213648,0.946698155453528
id07233,0.19465709101813464,0.198787942158822,0.6065549668230434
id19160,0.9204379975220779,0.07906617452894625,0.000495827948975896
id06867,3.186505831961449e-05,0.9999653015636655,2.833378014839585e-06
id04236,0.00017154687769849587,0.9959338045397421,0.003894648582559378
id07591,0.009987045861329152,0.0024324577484860998,0.9875804963901847
id25815,0.07971891619469448,0.0009848613685945952,0.9192962224367109
id10925,0.9030646283853182,0.007018750419887129,0.08991662119479467
id27774,0.9155828235156742,0.0800276182953169,0.00438955818900888
id16090,0.02811182352492794,0.9633451262595044,0.008543050215567654
id24875,0.002616854631663029,2.953089045822745e-05,0.9973536144778788
id03456,0.7623041218106829,0.002723402325720057,0.23497247586359707
id07559,0.03606608619365338,0.9611705547938917,0.0027633590124550318
id10513,0.0004893589608080867,0.9994257732604659,8.48677787260891e-05
id07094,0.9093186077015943,0.03682381887939009,0.053857573419015634
id04111,0.007945457096141376,0.00012166263621092243,0.9919328802676477
id23356,0.9843052450010276,0.0072601142960889,0.008434640702883552
id04435,0.108921656461354,0.007002318287167676,0.8840760252514784
id23706,4.0139874902068534e-05,8.946739439996431e-07,0.9999589654511539
id04655,0.2626070509300173,2.0198336604109767e-05,0.7373727507333786
id07661,0.35087040404063946,0.014960197293209755,0.6341693986661509
id27176,0.22022042864469252,0.026679301516318553,0.7531002698389889
id13560,0.12076848069634648,0.1332765496320138,0.7459549696716397
id18020,0.05760934395594193,0.0030266185786215743,0.9393640374654365
id16701,0.4865792621178259,0.4973109073596223,0.016109830522551702
id19252,0.9968996890168668,0.00013132596761906173,0.002968985015514107
id00910,0.12272312826721848,0.8599139982137722,0.017362873519009198
id12102,0.9608293375236447,0.0011347913790972742,0.03803587109725808
id15820,0.9112596560239932,0.01276728966668015,0.07597305430932667
id10698,0.9285462905959754,0.015663440799142163,0.055790268604882405
id15530,0.03127560799333826,0.8902828498717813,0.07844154213488046
id10740,0.9999864933916696,1.2619890449951368e-05,8.867178804025982e-07
id24917,0.018291006106591054,0.0010039958391604737,0.9807049980542485
id07985,0.029462060766836724,0.02159362038903989,0.9489443188441234
id15897,0.7907682195695052,0.10067097394374501,0.10856080648674982
id07960,0.007147174012670464,0.135988177434635,0.8568646485526945
id15529,0.5680068916834063,0.07345458239555469,0.35853852592103896
id17855,0.11714746077256434,0.8709778123647874,0.01187472686264827
id24727,0.9994368304352514,0.0005140682703608947,4.9101294387629504e-05
id14835,0.8677670764204003,0.00020549209583472152,0.13202743148376503
id25557,0.0385126227463478,0.04867158209177764,0.9128157951618745
id18605,0.009748634155910018,0.00034425970207774227,0.9899071061420123
id27760,0.9993876919368094,0.0004663410621517613,0.00014596700103885788
id10042,0.0007355261968798083,0.003694149466419092,0.9955703243367011
id12074,0.0005725530008861876,0.9960132816238715,0.003414165375242277
id19511,0.5290843835119721,0.02201434472528298,0.44890127176274497
id21924,0.1607718153432225,0.8391856868702309,4.249778654663064e-05
id13095,0.02963346624840803,0.07852477783978988,0.891841755911802
id11873,8.143910740606536e-06,1.8346668538684276e-10,0.9999918559057928
id23651,0.034122236373397334,0.9542751970178938,0.011602566608708986
id09931,0.01879655846027365,4.005755488321001e-06,0.9811994357842381
id05155,0.02173164116767605,0.013774534730705204,0.9644938241016188
id17668,0.9974746337851482,0.002155088157041008,0.00037027805781074445
id03470,0.9999803726388237,1.9410017932759355e-05,2.1734324360579338e-07
id02208,0.9999662754609397,3.37195745250117e-05,4.96453530311593e-09
id07650,3.895153367290163e-07,0.9999995228995135,8.758514965781967e-08
id24472,0.9970833496121856,0.001938923052467948,0.0009777273353464698
id21211,3.953268663800927e-05,0.9981779633079442,0.0017825040054178598
id11030,0.95754179580493,0.022112180162084116,0.020346024032985816
id00943,0.0012784240818131069,0.9986671998516317,5.4376066555276e-05
id19156,0.0035459386878992677,0.025288500485856007,0.9711655608262447
id22886,0.002259452647793503,0.009825945725495961,0.9879146016267105
id00992,6.7296126299705455e-06,0.9999731483451085,2.012204226151946e-05
id27547,0.9921427648756287,0.005917128482163031,0.0019401066422081968
id24073,0.9599576836750715,0.03979121959554511,0.0002510967293834805
id05452,0.9683130399497636,0.024631088292774578,0.007055871757461855
id22492,5.0995761033111355e-05,0.9984705323104671,0.0014784719284998236
id11981,0.5439880996578521,0.4519267757410541,0.004085124601093853
id15552,5.167249755104626e-08,0.9999993328715654,6.154559371080036e-07
id04471,0.0001401133974632589,0.0004248847564263348,0.9994350018461104
id09231,0.05899032477381642,0.7885494151626665,0.15246026006351718
id12493,0.9508865387411476,0.023364447426026058,0.02574901383282637
id24967,0.8677236726617664,0.03215262993708028,0.10012369740115336
id05865,0.15626689192498355,0.03777298409338919,0.8059601239816273
id04811,0.9814225707108152,0.009784161703579944,0.008793267585604853
id19877,0.23576240582418045,0.06411918403068162,0.7001184101451379
id04024,0.000652893056205184,0.9993457096798825,1.3972639124219305e-06
id00395,0.11034303890061409,0.006840488833733738,0.8828164722656522
id22728,0.09435006776396747,0.8596922771306096,0.045957655105422976
id01268,0.7675892198301297,0.2307675957669168,0.00164318440295345
id08896,0.8990978676737821,0.010113120286519867,0.09078901203969807
id09971,0.5255956366765956,0.09739948612356202,0.3770048771998424
id26606,0.011123990165909522,0.0028069843001670724,0.9860690255339234
id27970,0.757625836126854,0.027224278866054615,0.2151498850070915
id25259,0.9999998410672691,1.0127267016208196e-07,5.766006075270365e-08
id13834,0.10495588959455035,0.007684411690282891,0.8873596987151667
id19513,0.18729116174601423,0.07316810725853662,0.7395407309954491
id16082,0.0063973833033076355,0.9935167470783889,8.58696183034844e-05
id22180,0.013091326791506498,0.001917689591499484,0.9849909836169941
id20498,0.9703695958008285,0.022327538289875878,0.00730286590929563
id27595,0.0007144462359704765,3.913001488868883e-06,0.9992816407625407
id08267,0.11458988667385106,0.0031846853133952334,0.8822254280127537
id12823,0.9930560327697271,0.0061153066736690425,0.0008286605566039171
id18842,0.0003293077048689058,0.9992151422217758,0.00045555007335526456
id17534,0.7385492987816155,0.2551891699031514,0.006261531315233185
id05777,0.9911263694744398,0.0022443438254948736,0.006629286700065319
id21689,0.7625797769689292,0.23705290502964768,0.00036731800142318893
id18114,0.0015135622218505416,0.998037041121752,0.0004493966563975719
id17707,0.006497051987022822,0.0002858444835395149,0.9932171035294377
id22956,6.093217801807023e-05,0.9999382750213385,7.9280064347267e-07
id27834,0.004500496095936968,0.001865401741775201,0.9936341021622879
id11377,0.0541046981544013,0.908901999686634,0.036993302158964736
id08333,0.9319219455795158,0.06424021921254824,0.0038378352079359596
id07445,0.6475235092468847,0.24070420537537013,0.11177228537774524
id22703,0.4289075351745464,0.5619776254316723,0.009114839393781332
id09468,0.07962313679978246,0.17172793355450067,0.7486489296457169
id19397,0.14162732626008587,0.013846099478145892,0.8445265742617682
id07977,0.9201203809904737,0.010472900053946356,0.06940671895558005
id14555,0.0007416792178411898,0.00012958466962222567,0.9991287361125366
id02489,0.0024418059281738017,0.06969224302969154,0.9278659510421347
id10445,0.8298157652106184,0.0774566238457805,0.09272761094360099
id02058,0.0013814144944264606,0.011620642076894094,0.9869979434286795
id23101,0.7891396378930565,0.06769789569226786,0.1431624664146755
id18072,0.1574614551663037,0.5821152173944858,0.2604233274392106
id21085,0.7247070751076383,1.1252638172008588e-06,0.27529179962854444
id16584,2.7973802901845308e-06,2.0519303254732897e-09,0.9999972005677795
id23136,0.00032262699003305246,2.103790274777724e-05,0.9996563351072192
id17745,0.00248190588561416,0.334278222716758,0.6632398713976279
id27391,0.6212311079727587,0.16761027520919242,0.21115861681804893
id17240,0.07732203933119405,0.9226171738242468,6.078684455921394e-05
id11708,0.5925450254097496,0.04070568238155586,0.3667492922086946
id08712,0.0031332525237063058,0.9397998125165561,0.05706693495973764
id23809,0.45911019137743564,0.10480928878162195,0.43608051984094237
id07274,0.9821015594173568,0.0124189339922125,0.0054795065904307645
id15625,0.0167606554340617,0.07115061483802747,0.9120887297279109
id22815,0.6505459662991596,0.3476536053544184,0.0018004283464220217
id23200,0.9677382879102662,0.02657621969955677,0.005685492390177013
id04369,0.0003142157316151201,0.9982810546903119,0.0014047295780729092
id04659,0.7508125468991753,0.19409713337354897,0.05509031972727568
id05051,0.0005942018042038031,0.0022854915542175973,0.9971203066415786
id07815,0.005352575915152028,0.9547313150575188,0.039916109027329075
id27535,0.9968179565771719,0.003181204048310169,8.39374517981287e-07
id11916,8.422697383206539e-05,0.0009160531352080159,0.9989997198909599
id07097,0.16515758561755683,0.8266594816245585,0.008182932757884703
id24599,0.9907808737760544,0.002430529091415311,0.0067885971325302935
id03434,0.32983184647288266,0.01213233512615935,0.658035818400958
id01685,0.23803915537286732,0.5531271910425711,0.20883365358456163
id23165,0.7545677720886463,0.08321290138222416,0.16221932652912946
id08601,0.006644371786032952,0.9933542379431424,1.3902708246388152e-06
id19593,0.9855929969097895,0.011813108549185552,0.0025938945410248835
id04582,0.35565645231221094,0.00026734157668441917,0.6440762061111047
id25659,0.23590514515308228,0.34233965524782917,0.4217551995990885
id08590,0.0030162565843800237,0.0001896496911826569,0.9967940937244373
id21959,0.10566290784460296,0.8767294112665511,0.01760768088884593
id21373,0.998389207453461,0.0011219528171609577,0.000488839729377961
id12581,0.07292691604771173,0.0038453429957994206,0.923227740956489
id05240,0.7175559277701055,0.2635581460512915,0.01888592617860293
id25188,1.1168851495639783e-08,9.80429112366926e-09,0.9999999790268574
id15719,0.00037352520552035305,0.9944610699971371,0.005165404797342492
id17546,0.7473471470244863,0.075748166948435,0.17690468602707873
id18546,0.33652486779940644,0.6401499746346397,0.02332515756595385
id16043,0.0012950514705983194,0.7604652031287765,0.23823974540062515
id05236,0.9963328503369887,0.0036322164808332345,3.493318217812935e-05
id01665,0.9993056839024185,0.000611529259543137,8.278683803848033e-05
id12811,0.7716306564419543,0.041786581864710244,0.1865827616933355
id11468,0.012182308923004813,0.00026764292135449407,0.9875500481556407
id20311,0.9715936308027656,0.0008146376700283362,0.027591731527206162
id04045,0.0018486692616103556,2.2202407777619134e-05,0.9981291283306121
id02671,0.06219542279624708,0.45705590303090193,0.4807486741728509
id19889,0.00043647181361421676,0.9994214242105782,0.00014210397580766528
id10371,0.041948780440816145,0.5608620439571073,0.3971891756020766
id13583,0.47538890904982517,0.033141689756257205,0.49146940119391763
id11070,0.9070870149125099,0.0914654569867268,0.0014475281007632706
id13087,0.00694286958285034,0.9927797063724927,0.00027742404465703926
id21670,0.01276313508327768,0.014287612069078944,0.9729492528476434
id16432,0.020937123896684572,0.9726825567519247,0.006380319351390762
id13899,0.9904798012340268,0.00567527419735936,0.003844924568613896
id02925,0.035620605379863536,0.9621014051705731,0.0022779894495634084
id27528,0.013090102318727526,0.9856603591294844,0.0012495385517881257
id15950,0.7581254759463116,0.13117648267140736,0.11069804138228098
id07604,0.9993505539331239,3.0670190385303696e-09,0.0006494429998570447
id12682,0.9997477504702273,0.00016878786336400984,8.346166640864378e-05
id16688,0.0211202073537883,0.9775573887838567,0.0013224038623550973
id24150,6.638452021798851e-06,0.999991457342325,1.904205653355863e-06
id04599,0.24030290414374014,0.0018677526669002697,0.7578293431893597
id05609,0.001773073870740677,0.9850051416675764,0.01322178446168294
id27242,0.014757645622163517,1.6299097829930962e-05,0.9852260552800066
id03464,0.2639494511739372,0.3206637827619566,0.4153867660641062
id20129,2.7754845443005947e-05,1.0022132877821708e-08,0.9999722351324242
id07890,1.8973435073891591e-06,0.9999978659916547,2.3666483787907229e-07
id24082,0.8715034525082265,0.0035735887639435984,0.12492295872782987
id18550,8.453542276508013e-09,1.1830291105798885e-10,0.9999999914281549
id13345,0.004899207182254059,0.005020367110535789,0.9900804257072101
id21162,0.9477797465169622,0.038046138026875266,0.014174115456162572
id05896,0.003685830386014722,0.005486849395474365,0.9908273202185109
id00549,0.007121233969202398,0.011226957672151821,0.9816518083586458
id19986,0.2270466113396055,0.01182363110560905,0.7611297575547855
id12287,0.14470558281103513,9.030039729107952e-05,0.8552041167916737
id21149,0.12911064158540297,0.00027856078382403656,0.870610797630773
id15937,0.007714950960421817,0.839288232540115,0.15299681649946326
id18043,0.39504377285140707,0.04100694854080657,0.5639492786077864
id19288,0.9115509698757407,0.08502829817660609,0.0034207319476532547
id16304,0.011530739315081771,0.00253122915224015,0.9859380315326781
id03605,0.982814250807599,0.011519877972208076,0.005665871220192947
id00126,0.004680554853176305,0.801370170586553,0.19394927456027067
id11734,0.8275695549907951,0.09850646323736123,0.07392398177184374
id20670,0.000391733660315425,0.991845457705635,0.007762808634049519
id02266,0.03803401633833838,0.0056803329820529665,0.9562856506796087
id06651,0.0003000494549132955,0.9815650389564701,0.01813491158861672
id12969,0.964636491265615,0.03457326364210312,0.0007902450922818967
id15664,0.09817421256151684,0.8799371793889278,0.021888608049555388
id09699,0.0355899307708704,0.4505781751859449,0.5138318940431847
id07426,0.09630671938837854,0.0020607796969606363,0.9016325009146609
id12040,8.00958190537794e-06,0.9999919774268164,1.2991278114538683e-08
id22961,0.5221702723398679,0.013288115072420531,0.4645416125877115
id23971,0.00019598816422332097,0.9997539861673957,5.002566838099723e-05
id21433,0.7527281637057793,0.104623919120403,0.14264791717381767
id12028,0.003856103846152046,0.9917208753322854,0.0044230208215625365
id15673,0.3699974097832558,0.5192098394835845,0.11079275073315976
id18681,0.08788715120923414,0.0002401021279687842,0.9118727466627972
id21339,0.5959883149368076,0.22812837594026497,0.17588330912292746
id23755,0.3975891629806769,0.12476703284473442,0.4776438041745887
id10369,4.614222595600929e-05,0.0005317590207962257,0.9994220987532478
id03917,0.6913348356728904,0.023725213005704487,0.28493995132140504
id17078,0.0020615792982674242,0.8353919268652356,0.16254649383649702
id10873,0.8443838923229651,0.0036567585284512866,0.15195934914858367
id21158,0.9990082689778402,6.0371318623111404e-05,0.0009313597035366719
id16491,0.9529645044479977,0.016805192875468417,0.030230302676533816
id23930,1.969855239084255e-08,0.9999998956676153,8.463383249647428e-08
id16048,0.0011203767117370428,0.9980918264878895,0.0007877968003733905
id10070,0.9971257591530999,0.0015367005818979445,0.0013375402650022761
id24962,0.6763942964005044,0.021194557989579615,0.30241114560991605
id27787,0.9966242511919696,0.0005001560284809719,0.002875592779549392
id16840,0.004564107538293161,0.994994383457799,0.00044150900390782895
id01994,0.9987510048122938,0.0009170469036104584,0.00033194828409560824
id10756,7.681384199861784e-05,1.3235684703275146e-05,0.9999099504732981
id16697,0.05751809411069085,0.6114521430888257,0.3310297628004834
id19603,0.03488089822691039,0.9642972605567829,0.0008218412163067606
id03903,0.9971828707310445,0.002376043847394961,0.0004410854215605758
id20992,0.6856195645564017,0.0019194278907214062,0.31246100755287687
id15687,0.007487968069540283,0.9919020161397745,0.0006100157906851696
id19769,0.0024875481121387154,0.9445593825372041,0.0529530693506572
id06048,0.3998427959837971,0.4706896843565922,0.12946751965961073
id25098,0.004766147718322014,0.9944846325633984,0.000749219718279618
id16091,0.46994771357466714,0.49336856435203436,0.036683722073298515
id27192,0.42350992487799594,0.029502830627970288,0.5469872444940339
id05897,0.10102377581801945,0.01798079295528613,0.8809954312266944
id00828,0.842099130744232,0.14454004122842548,0.013360828027342524
id20605,0.9664385854233261,0.0001304262237070942,0.03343098835296689
id05872,0.26366211830909564,0.22135262890301613,0.5149852527878883
id00761,0.9997934144512891,1.3016456727438252e-05,0.00019356909198345695
id19573,0.5463481152851768,0.10834659217057287,0.34530529254425035
id03081,0.0007192990236503636,0.0016487610321806602,0.997631939944169
id04887,0.09335561323605082,0.00018898689412566786,0.9064553998698235
id17700,0.00012331415024368521,0.00011283667107935105,0.999763849178677
id03250,0.9394972573070561,0.04785306286898728,0.01264967982395664
id21027,6.16816053619055e-07,0.9999991978762854,1.853076610402659e-07
id19567,0.9909048802784559,0.008972373713818593,0.00012274600772536166
id05661,0.30450882634678283,0.010246488774879221,0.685244684878338
id27405,0.9995911422965904,0.0003862255247214012,2.2632178688148187e-05
id01546,0.0035148178302457944,0.9906595994461584,0.005825582723595758
id02288,4.7712410622052426e-05,0.9998956210724236,5.6666516954341844e-05
id11057,4.8388011957203705e-05,5.080868339969951e-06,0.9999465311197028
id09191,0.002092822797604911,0.9850556221347471,0.012851555067648077
id19074,0.00014178263031342867,8.290577678192265e-05,0.9997753115929047
id25012,0.8317640602580326,0.09562884522146427,0.07260709452050305
id24857,0.013860939488885914,0.9857246688728204,0.000414391638293748
id07557,0.02296398968559992,0.7728963972466993,0.20413961306770084
id23072,0.9999384613852275,5.355151272751224e-05,7.987102045079094e-06
id20317,0.8895277006183746,0.07900044293162214,0.03147185645000333
id16642,0.9519198984639496,0.009288926860741935,0.03879117467530844
id04211,0.00021458038084877555,0.05029081688148827,0.9494946027376631
id22871,0.00019221382189809382,0.9997825219612907,2.5264216811299167e-05
id16178,1.2316565495008928e-05,3.7461104057742336e-08,0.999987645973401
id25172,0.06185033522461971,0.09235326961170222,0.8457963951636781
id15654,0.8303542689479423,0.0099026040532224,0.15974312699883542
id26067,0.9973863856810297,0.00015339252988912344,0.002460221789081259
id11955,0.15758704206631846,0.07040209299673726,0.7720108649369443
id24939,0.0006411663374735329,0.0012361638495250636,0.9981226698130014
id07378,0.6283105464683142,0.2128246633332222,0.1588647901984637
id22455,0.003636039992648516,0.971428786146514,0.02493517386083764
id12850,0.039938674480393656,0.006087420497345691,0.9539739050222606
id12403,0.9674490478392469,0.0002990343384354894,0.03225191782231773
id11593,0.00251511551641347,0.9974475567017963,3.732778179020536e-05
id27776,0.9497825465390098,0.001723239659533049,0.04849421380145717
id14497,2.836259582591168e-05,1.412792271036334e-05,0.9999575094814638
id24628,0.0645170717924706,0.005033603738748389,0.930449324468781
id11283,0.20171293731726617,0.007577303002247324,0.7907097596804865
id00459,0.9994596349643922,0.0005267688927075697,1.359614290031601e-05
id11310,0.005320644662588791,0.989886969576977,0.004792385760434266
id05177,8.29789063832108e-06,0.9999916413457923,6.07635693619608e-08
id22598,0.00035560660819875396,0.9982957275230041,0.0013486658687971256
id05214,0.41280363557118016,0.06860220838071436,0.5185941560481055
id22797,0.8829186324649329,0.06613386131080165,0.050947506224265554
id15832,0.00042656047682079014,0.005482852880764762,0.9940905866424145
id00479,0.18938001374539465,0.8103015643748008,0.0003184218798045873
id05840,0.002720259108278083,0.14704780133195813,0.8502319395597638
id27489,8.202186615367423e-06,5.807553772559236e-08,0.9999917397378469
id03281,0.001501118237785647,0.9977126806096668,0.0007862011525475294
id27046,0.9560608323021108,0.0003509466911517164,0.04358822100673743
id09213,6.694148505272742e-05,5.488094147292095e-05,0.9998781775734743
id18775,0.9344770653935563,0.022215956263247943,0.043306978343195815
id09731,0.07321087931260037,0.8479770971186454,0.07881202356875419
id25031,0.8579522865137004,0.11693204667739239,0.0251156668089073
id11945,0.8249189048854525,0.033074330736080335,0.1420067643784672
id20286,0.8841495059850997,0.11315788127544879,0.002692612739451487
id27960,0.005576789568484245,0.001337324686465201,0.9930858857450506
id13206,0.00011178936247478688,0.0002891786198744039,0.9995990320176508
id09964,0.3235830104334945,0.1450334696126183,0.5313835199538872
id16811,0.0011612737272597368,0.9977087973729405,0.0011299288997998977
id08948,0.012873487161347605,0.9868716396562238,0.000254873182428563
id17636,9.204210960948071e-07,1.0248531081056235e-07,0.9999989770935932
id14046,0.8087583039991566,0.005043329911987359,0.1861983660888559
id22873,0.9882974517225382,0.0006693068950298512,0.011033241382431896
id09962,3.34813716991028e-05,0.0010399812603839823,0.9989265373679169
id26474,0.9965512831811849,4.098521603350774e-05,0.0034077316027816217
id11898,0.365302424505373,0.621676605693024,0.013020969801603083
id25477,0.9997130400638772,3.671792914748131e-05,0.00025024200697529997
id25457,0.9693988739231345,0.00014214375222142297,0.030458982324644102
id26675,0.07766019975141228,0.0007893698890696947,0.9215504303595181
id04422,0.0037903833773929615,0.004223112575717506,0.9919865040468896
id04237,0.7663898177203871,0.1315518774709217,0.10205830480869107
id07049,0.0264492163320709,0.9342533280182059,0.03929745564972316
id18211,0.7984148687853828,0.147437652869871,0.054147478344746175
id16033,0.021501230689169846,0.9784151914262221,8.357788460798394e-05
id16680,0.7869326398607075,0.0005701923871788019,0.2124971677521137
id08977,0.041278270298301285,0.9547887194227835,0.003933010278915238
id18494,2.3546113221539404e-08,0.9999998080802897,1.68373597135102e-07
id07714,0.006682473662291065,0.0011257942078275063,0.9921917321298814
id01243,0.9909472969089628,3.421867141399112e-05,0.009018484419623326
id18562,0.0001855681324514807,0.9994335163855365,0.00038091548201197635
id03147,0.00250822110693493,0.0004785441138231455,0.997013234779242
id24138,0.518257438912916,0.006797446238213486,0.47494511484887064
id21062,0.9579866071353235,0.007500546887726411,0.03451284597695023
id25053,0.0017341653939132154,0.000700526577152127,0.9975653080289346
id14390,0.024753104757260013,0.00010743586496395151,0.975139459377776
id10122,0.16248657957483018,0.01220781771346311,0.8253056027117067
id13160,0.01577383846784758,0.9805333208372058,0.003692840694946643
id00780,2.1117460600398318e-05,0.9999756496402589,3.232899140830272e-06
id20996,0.4586868102237028,0.02087028394482608,0.5204429058314711
id16008,0.6022423089201345,0.14657519735505495,0.2511824937248105
id10522,0.00850995709164235,0.9838795544001029,0.007610488508254806
id18498,0.8308397754962482,0.009744527149392418,0.15941569735435943
id09341,0.01594234417145606,0.9677868793906147,0.016270776437929308
id22456,0.5461160314892306,0.0021176536500418677,0.45176631486072755
id07592,0.0010621771495329523,0.9979193418139688,0.0010184810364982646
id25634,0.9998903306995012,2.8131282932455238e-05,8.153801756637504e-05
id15011,0.48105050334505606,0.516381254737583,0.0025682419173609266
id14245,0.9132290874507399,0.002679898428607051,0.08409101412065302
id21107,0.14191160789590884,0.0005569650484454399,0.8575314270556457
id01881,0.04166018698057146,0.9353783988805767,0.022961414138851815
id12772,0.08097314621944272,0.05427460510847034,0.8647522486720869
id17589,0.9988851546881247,0.0011102554992226117,4.589812652733643e-06
id24421,0.0001586698201510499,4.61258424839027e-06,0.9998367175956006
id22088,0.01266307751572711,0.21430770885887762,0.7730292136253953
id21687,0.18757371596240505,0.007593035038896891,0.8048332489986981
id17810,0.0037751778638141806,1.6086981407150074e-05,0.9962087351547787
id25153,4.41407472497066e-06,0.9994519235313754,0.0005436623938996655
id18083,0.7778392404752144,0.14570975600345024,0.07645100352133542
id00655,0.5522379014131967,0.0002464280402178874,0.4475156705465854
id13195,0.6060662708342832,0.005573019300179809,0.38836070986553695
id23708,0.00015211595287050597,0.963132112522994,0.03671577152413553
id17977,0.6598657341060827,0.005480753686127472,0.33465351220778977
id10501,5.380668981430328e-05,0.9999365766869394,9.616623246357483e-06
id08697,0.6247483438859627,0.3502767750335752,0.024974881080462263
id09269,1.004289724195979e-06,0.9999984711914539,5.245188219791996e-07
id21153,0.9997365055357065,0.00015330600155464213,0.00011018846273894973
id06257,0.8049764448068286,0.08219851531836124,0.1128250398748102
id08366,0.4666121237188071,0.014161487186565475,0.5192263890946275
id00263,0.9112601607660327,0.051469858025374064,0.03726998120859336
id14445,0.8922157019320568,0.0003371365326025808,0.10744716153534062
id18864,0.020248658941268146,0.005995533551132312,0.9737558075075996
id18427,0.7527296622985241,0.023815961458889586,0.22345437624258616
id24348,0.010256841005643332,0.023744000246440994,0.9659991587479158
id17329,0.9992427564268784,0.0004627987856209516,0.0002944447875006202
id07519,0.02754098890187079,0.9657162216690949,0.006742789429034214
id17995,0.0010775278979863758,0.004012025910172309,0.9949104461918413
id25329,0.9742891062468096,0.022167554741025587,0.0035433390121648
id14513,0.9643750297962236,0.03471806953074134,0.000906900673035071
id10203,0.7502431190656633,0.1334850973526128,0.11627178358172388
id25887,0.7705395571233181,0.004300182273609887,0.22516026060307207
id08186,0.5997992254679404,0.0043847937079879076,0.3958159808240717
id20535,0.002938093858164648,0.9962292007800184,0.0008327053618168702
id06411,0.00018761062803651974,0.0004990521897334843,0.99931333718223
id11984,0.9696341216006021,0.00844159504327437,0.02192428335612354
id16389,0.0032919741117333583,0.9683092965473179,0.02839872934094882
id23333,0.9977738548111433,0.002149174893562369,7.697029529430968e-05
id19447,0.03810285562650883,0.0817668622644871,0.8801302821090041
id01461,0.9756084878757496,0.009502824219662356,0.014888687904588064
id25601,0.021030622677323852,0.9787175639027166,0.0002518134199595909
id04803,0.9094998924250353,0.022337543395540616,0.06816256417942408
id19029,0.0002430575745158702,0.9997486405714036,8.301854080621985e-06
id11507,0.9941744639869524,0.005582120342800414,0.00024341567024726218
id13246,0.057717683407530335,0.0003568083529040147,0.9419255082395657
id26927,0.12637134156278665,0.00045968207978204235,0.8731689763574314
id12423,0.9960655624528602,0.003919601502459545,1.4836044680278259e-05
id09601,5.385361545833354e-06,0.9954026245843755,0.004591990054078836
id23100,0.07824324964932192,0.12262225797864491,0.7991344923720333
id21939,0.9997752019434255,1.1801223898189884e-05,0.00021299683267623617
id16139,0.00015683504912937879,2.560263335800379e-06,0.9998406046875348
id27334,0.9925305208478679,0.006987026586462601,0.00048245256566969725
id22326,3.647748603693096e-06,2.1813925321551624e-09,0.9999963500700038
id18527,2.2562384179539203e-05,0.00512752175676312,0.9948499158590574
id05072,0.0002727084353115129,5.133145780054587e-07,0.9997267782501105
id21820,1.4434271478948093e-07,0.9999998536807955,1.9764897965577102e-09
id13960,0.9243640123506063,0.06278132723497598,0.012854660414417724
id03958,0.9878041840995863,0.006092219537136427,0.006103596363277243
id10849,0.7662833301351746,0.22980857147519707,0.0039080983896283734
id06252,0.999649198971681,0.00018374369701921507,0.00016705733129971487
id26045,0.9903291380799675,3.037344377333961e-10,0.009670861616298012
id04849,0.00022153523605881887,0.9989016911192566,0.0008767736446845429
id05215,0.01000831602007121,0.9861015083615339,0.0038901756183949286
id22830,0.31259531531066587,0.21496234223439992,0.4724423424549342
id21325,0.030719325582362747,0.9545224486595544,0.014758225758082897
id09287,0.001602515067938408,3.6200080228728723e-06,0.9983938649240388
id24354,0.25920904380158427,0.6755599356492518,0.065231020549164
id06784,0.010135846865202037,0.8929297849657098,0.09693436816908813
id03848,0.39471084298734527,0.025759935448909935,0.5795292215637449
id01410,0.07762478786671086,0.06912638579196803,0.853248826341321
id00874,0.2308244570283044,0.001407519145962729,0.7677680238257328
id00784,0.009296983991353288,0.00022747865161111663,0.9904755373570356
id19909,0.02861945692976899,0.9680068173884923,0.0033737256817387936
id18906,0.0010571573228374373,0.9953385752867242,0.003604267390438446
id18748,0.0002936183146965062,0.001290561836154192,0.9984158198491494
id04654,0.6759034386901609,0.3124584061335977,0.011638155176241389
id07608,0.8121046182601998,0.059559640502300136,0.12833574123750008
id10845,0.0005968659951118346,0.9944061848640521,0.00499694914083604
id10718,6.355782509206688e-05,7.590118151863595e-07,0.9999356831630928
id19100,0.002284394794091817,0.9976204110682468,9.519413766134205e-05
id10416,0.987545545311471,0.002808039297162084,0.009646415391366979
id02535,5.0038581826843185e-06,0.9999660811926857,2.8914949131626634e-05
id23920,0.008683025753747487,1.3816631101030696e-06,0.9913155925831425
id16226,0.7712599840870847,0.17081156451423718,0.057928451398678124
id09196,1e-15,0.999999999999998,1e-15
id03368,0.022175632683304792,0.5646814285554521,0.41314293876124314
id27373,0.5145145053390573,0.04619689239989946,0.4392886022610433
id11497,0.3498135316052192,0.4151045663111348,0.23508190208364604
id07640,0.5138277597008961,0.4851985990859566,0.0009736412131473578
id22416,6.18219672169495e-08,0.9999999060249104,3.215312242917557e-08
id20303,5.253331787580307e-05,0.9999469476018613,5.190802628975242e-07
id13811,0.017064232493487395,0.00040608374017218397,0.9825296837663404
id04365,0.0025790361440024456,0.980042800947214,0.01737816290878362
id00199,0.000768062074802417,0.02077519471328448,0.9784567432119131
id24884,0.9999945914288038,1.944575441922414e-08,5.389125441862749e-06
id06763,2.0657126874162346e-05,0.9998541314208325,0.00012521145229342037
id18275,0.6037027002050068,0.2119799633456923,0.18431733644930093
id20971,0.5416701959428059,0.38097026925037447,0.07735953480681959
id01581,7.536900511802909e-07,3.456844221398166e-07,0.9999989006255267
id24805,0.02541990202683831,0.0004300117682243293,0.9741500862049374
id07950,0.0004261424497711131,0.9980244774026054,0.0015493801476235052
id26346,0.002807985924149835,0.015024288759878622,0.9821677253159716
id24046,0.9150023196246444,0.0020092641804726795,0.082988416194883
id05548,8.374986206839791e-07,0.9999991298271113,3.267426809068282e-08
id17433,0.988315723009002,0.0015671815587037334,0.010117095432294288
id18712,0.896291702543843,0.003723504191467164,0.09998479326468979
id21128,0.009899555584290455,0.004528271330695354,0.9855721730850142
id02906,0.05707201769538622,0.1353279526561292,0.8076000296484845
id22201,8.246416821054697e-08,0.9999999175341264,1.7054290374808577e-12
id08614,0.004281400842150373,0.9920630937056532,0.003655505452196491
id22484,0.02522846872262948,0.9736885430965572,0.0010829881808133613
id16291,0.07440813751098221,0.9076755077749005,0.017916354714117295
id26869,0.06926727884403915,0.916211732583963,0.014520988571997807
id18062,0.00035737117421275787,0.9995788687883448,6.37600374424619e-05
id27078,0.9704419611203678,0.02944579344760734,0.00011224543202489614
id02756,0.008270883419271046,0.054760765277321814,0.9369683513034072
id03454,0.00010533367551351398,0.001683070618058441,0.998211595706428
id02195,0.016837750948160198,0.002767933023402621,0.9803943160284372
id27418,0.0019025070322573109,0.9980335426939511,6.395027379162581e-05
id02733,0.9747866270925929,0.021527696228564458,0.0036856766788427066
id15677,0.7793284950292477,0.007643833293479507,0.21302767167727274
id08204,0.895671001570121,0.007925113459223773,0.09640388497065525
id11529,0.9954172641030485,0.0016433999714465764,0.00293933592550489
id14000,0.006826062228751195,1.0537732101306062e-05,0.9931634000391475
id11866,0.8821879707533644,0.0050873188740897125,0.11272471037254587
id14084,7.208745000141274e-07,0.9999989214280378,3.576974623006136e-07
id17826,0.3037721999514251,0.0703604372646377,0.6258673627839372
id07289,0.0017664438890768104,0.0015128558794249877,0.9967207002314982
id05102,0.9784259690099174,0.007887143216300576,0.013686887773782092
id14779,0.9731196798462746,9.919071770750082e-05,0.026781129436018004
id19144,0.0012267526751835386,0.9980505797424403,0.0007226675823761719
id12372,6.387835052222294e-05,0.9998001477408786,0.0001359739085992198
id05673,7.989247194880866e-06,0.9999906257569011,1.38499590391149e-06
id07343,0.0008245094365154682,2.8727599319192716e-06,0.9991726178035526
id10390,0.01074751507863414,0.9682255620339308,0.021026922887435046
id27323,0.028622404528348577,0.00010899613717886577,0.9712685993344725
id26483,0.9999685968915601,2.615215052537599e-05,5.2509579145376175e-06
id07690,0.7153899912452304,0.14150438477050017,0.14310562398426951
id22766,0.850589106817215,0.00867406274535242,0.14073683043743254
id10289,0.9944081679595866,0.0007312449791711588,0.004860587061242123
id22243,0.013991907534639397,0.975173830373351,0.010834262092009522
id24509,0.02248361025922502,0.976623643380046,0.0008927463607289904
id02407,0.0006663049937339457,0.9949980345883036,0.004335660417962434
id08746,0.0037208817975428795,0.00020941962975667012,0.9960696985727004
id12854,0.7896402809106486,0.16727480085391486,0.043084918235436545
id25598,3.986467806491076e-05,0.0010956437858113067,0.9988644915361239
id16973,0.004720581544390213,0.0013609804304343454,0.9939184380251755
id20066,0.018039382820000307,0.003543360631148941,0.9784172565488507
id25966,2.296836532343118e-07,0.9999994401041956,3.3021215116739336e-07
id21599,5.112958477011906e-05,0.0008735304457217998,0.999075339969508
id17112,0.9594911615302735,0.0020576691120054395,0.03845116935772114
id01775,6.487079521938526e-06,0.9999813649201985,1.214800027957385e-05
id08484,0.0004472881650396339,0.00014634546302164092,0.9994063663719387
id12094,0.0015824711103118822,0.994539592107001,0.003877936782687057
id25422,0.24818761580373164,0.009075113344005565,0.7427372708522628
id25063,0.054317432956358144,0.9353651757124016,0.010317391331240237
id25508,0.0068881398070628685,0.00020355988199634303,0.9929083003109408
id01575,0.1467390897697151,1.3607771445806602e-05,0.8532473024588391
id24368,0.00041808442704465863,0.00021124894815975775,0.9993706666247957
id16823,0.007411032688717319,0.9821416609532955,0.010447306357987239
id22747,0.010616206958880036,0.9888738976008282,0.0005098954402918537
id19321,0.007758968779603916,0.00385126065455089,0.9883897705658452
id08220,2.7521509148520996e-06,0.9999753184070839,2.192944200138303e-05
id12296,0.5202883650819303,0.0007297617105920929,0.47898187320747765
id11186,0.9999295271640615,6.222626456396252e-05,8.246571374592842e-06
id10551,1.228040206145057e-06,0.999998529234077,2.427257168162462e-07
id20839,0.3114129363458528,0.1610829167341756,0.5275041469199716
id06118,0.7763952388053116,0.08761763629584297,0.1359871248988454
id06330,0.03169419905485816,0.7674159786707905,0.20088982227435134
id02669,0.32973476309312194,0.5334839015099725,0.13678133539690562
id14811,0.9999771579185855,1.842584558994512e-05,4.416235824484534e-06
id04728,0.9979445947607951,0.000698932472802484,0.0013564727664024296
id16646,0.007262582852581657,2.909072855639993e-05,0.992708326418862
id13018,0.0011160538301815568,0.9871377705706906,0.011746175599127903
id15248,0.9874733306080519,0.01112606884664441,0.001400600545303809
id23476,0.1677552549010058,0.5573720595469727,0.2748726855520215
id09208,0.0014730416160222248,0.9985181146717976,8.843712180177134e-06
id19351,0.9189731802158486,0.07566099654228786,0.005365823241863602
id02009,0.8863133960739309,0.02072192761231312,0.09296467631375598
id00785,0.9573723757449479,0.00036597430371386735,0.04226164995133822
id07975,0.2626325881123153,0.1696692820864463,0.5676981298012383
id17892,0.01455068913403941,0.9159590084083421,0.06949030245761846
id03299,0.2995654123739808,0.09475348987094176,0.6056810977550774
id15351,0.039644550253357294,0.9559369018595114,0.004418547887131303
id11066,0.2749905387274965,0.7211987206891988,0.003810740583304794
id20485,0.0002484258454008734,0.9997501151476522,1.459006946937848e-06
id13866,0.999532774796439,7.118455056308033e-05,0.0003960406529979122
id17335,1.118337556675322e-06,0.9999987867091535,9.495328982015235e-08
id15220,0.920585689542375,0.053715538584352664,0.025698771873272408
id24047,0.9566348970869729,0.04015279536719515,0.0032123075458319285
id15180,0.0006141777595130136,0.9993371835434837,4.8638697003355854e-05
id16921,0.04541045588456699,0.00149027009715742,0.9530992740182755
id17207,0.0023213757212860483,5.724410126136096e-05,0.9976213801774526
id15068,0.0747125955362373,0.018481586321345424,0.9068058181424173
id22013,0.9573632467863181,0.017491756728006756,0.025144996485675124
id11929,0.5890663258241093,0.0029508628203708644,0.4079828113555199
id12540,0.014507063479460056,0.9854256155077769,6.732101276310056e-05
id12582,0.7796024740211237,0.07471144486081954,0.14568608111805667
id05261,0.37370254975725103,0.5378276751111287,0.08846977513162028
id08471,0.9796465328617739,0.007550136101085013,0.012803331037141097
id15209,0.07888446930353112,0.9189920622884211,0.0021234684080477964
id01148,0.9677364039697274,0.021230858768445632,0.011032737261827056
id26519,9.173514295305188e-05,1.8089473425501034e-05,0.9998901753836215
id16510,0.9810800248395083,0.013741231170458742,0.005178743990033019
id03888,0.00019101125654844622,0.9994029339122761,0.0004060548311755225
id27926,0.9866059507351472,0.007052368670247565,0.006341680594605177
id05359,0.01626998954226029,0.0032506419783814664,0.9804793684793582
id04274,0.9688180388614102,0.01794231328419106,0.013239647854398831
id21013,0.03056243105705175,0.28290886290481815,0.6865287060381302
id11443,0.011474744296911036,0.03605516387881867,0.9524700918242703
id09956,0.7863259553299232,0.19205043826020962,0.021623606409867234
id03138,0.3219054835354413,0.665858786069551,0.012235730395007784
id08516,0.9958312490064636,0.0005153516739849995,0.003653399319551487
id08608,0.0009985077868630025,0.00027197766514597266,0.998729514547991
id04629,0.0028808908465308924,0.010731034443329464,0.9863880747101397
id19808,0.9918922650919622,0.007337298388135949,0.0007704365199019854
id16578,0.3135452158094492,0.06950834053520229,0.6169464436553485
id04607,0.30470696239460554,0.6311421122467216,0.06415092535867284
id22816,0.0017302048910124313,0.9966202476307995,0.00164954747818809
id27913,0.7525789065659577,0.16875088733445104,0.07867020609959112
id00346,2.274183804389821e-05,0.0009836461023569392,0.9989936120595992
id02198,0.0004136456930918497,0.9993209182539093,0.0002654360529987461
id27303,0.9998804880014917,9.554323230085335e-05,2.3968766207459504e-05
id07033,0.011336420497795619,0.03235939699962901,0.9563041825025753
id03546,0.004802185717771222,0.07674893436808572,0.9184488799141431
id14709,0.999963220519884,6.956004978963956e-07,3.608387961816492e-05
id25348,0.9993688825596084,0.00019465714821702697,0.00043646029217463454
id19596,0.056813455945309656,0.0349077899544722,0.9082787541002182
id12265,0.0375695085668221,0.0008429918075476845,0.9615874996256303
id01054,0.5168091992336972,0.002223064113562266,0.4809677366527407
id03002,0.00119454533479289,0.00021325119533831342,0.9985922034698688
id25624,0.999990044315227,9.848930941161305e-06,1.0675383187156693e-07
id16202,0.6472696058655235,0.11861670737902996,0.23411368675544655
id08187,0.48401953963353034,0.5058887073643294,0.01009175300214027
id24373,0.18944053374069827,0.117127789905202,0.6934316763540997
id06415,0.007417592946405372,0.41229714916150684,0.5802852578920878
id09078,0.00040580041580177154,0.9995808335144298,1.3366069768464229e-05
id25989,0.9160355965159817,0.00046008951259182874,0.08350431397142663
id05431,0.9054247573292411,0.008644692673643742,0.0859305499971151
id16557,0.0018834867783834948,0.9974193704443565,0.0006971427772601005
id22749,0.9907158194255502,0.004212346849706375,0.005071833724743361
id00697,0.057177192498178875,0.024461474170309576,0.9183613333315116
id22969,0.9937148911171818,0.002787937137129538,0.003497171745688652
id07440,0.034109446228144276,0.04964015100252939,0.9162504027693263
id19872,0.2452133623716466,0.014766687506783125,0.7400199501215704
id06054,0.9944058385890734,0.005308136778661763,0.00028602463226493747
id27862,0.9714666911769569,0.001579207937678118,0.026954100885365026
id27186,0.48088809266650184,0.4603292964363289,0.05878261089716914
id01617,0.004122940129173254,0.0002369641633271466,0.9956400957074997
id11922,0.006509241912855243,0.9929907902356782,0.000499967851466626
id15003,0.015213923247618633,0.4972199740789974,0.4875661026733839
id09458,0.01115587525911519,0.001707623451042467,0.9871365012898423
id03568,0.9351128017503622,0.02910616724234283,0.03578103100729499
id27132,0.9761609112599141,0.023770028224022396,6.906051606348056e-05
id24204,0.03484254674647536,0.9497423843362363,0.015415068917288338
id24736,0.8808327907008517,0.034698764314989514,0.08446844498415873
id06990,1.6831478346861932e-06,0.9999589529025265,3.936394963891035e-05
id24155,0.0042614723563978415,0.980373736048767,0.015364791594835177
id22129,1.9535984161649767e-05,4.4267423013229064e-07,0.9999800213416082
id00191,0.017374428194466735,0.00013417513378383437,0.9824913966717495
id05185,0.22943270397144186,0.0013746331525129887,0.7691926628760452
id13399,0.37867795640540036,0.47655471149203954,0.14476733210256013
id20862,0.8136947950126512,0.05188694804991678,0.1344182569374321
id06180,0.9814118176232363,0.001419502438195083,0.01716867993856861
id27225,0.6923482575546342,0.11896362124201298,0.18868812120335277
id09447,0.005604619938069451,0.3955993738798785,0.5987960061820521
id18125,0.9999999760857299,4.489459734210487e-09,1.942481038704228e-08
id04010,3.8200216332671225e-05,0.000105637390177392,0.99985616239349
id17932,0.9729282415583476,0.0035230835447093395,0.023548674896943133
id17948,0.9918315116840746,5.541731943239438e-07,0.008167934142731098
id18545,0.03658162649012443,0.04664582437531072,0.9167725491345649
id03389,0.9996008520551682,0.00016611598932705113,0.00023303195550470043
id02487,0.2720732407345813,0.0026100104141864146,0.7253167488512323
id04924,0.9950684686063017,0.000708930440487339,0.0042226009532109485
id23553,0.02528446808861924,0.00574417126671901,0.9689713606446618
id16831,0.99973703566306,1.5610093956920675e-05,0.00024735424298307456
id01296,0.999999995280015,4.645258225116697e-09,7.472681326721818e-11
id12033,0.00015873989226810613,0.012058343028559206,0.9877829170791727
id06913,4.80982958645056e-10,0.9999999869504506,1.2568566573527445e-08
id15715,0.005717116532122673,0.9908951352267052,0.003387748241172064
id23432,0.1448247613750769,0.0036656554621603906,0.8515095831627627
id01152,0.5653212214692434,0.17718578798432094,0.25749299054643565
id16384,0.2369740873943557,0.5974191715623144,0.16560674104332998
id04060,0.6786514084879729,0.0005289863434866376,0.3208196051685404
id21604,0.9999881199587842,1.176266948053101e-05,1.1737173522374122e-07
id11212,1.010237372002914e-07,9.03963718799523e-08,0.9999998085798909
id26589,0.04915030842381508,0.1658324297014247,0.7850172618747602
id15858,0.8884979340105507,0.10647477786106233,0.005027288128387108
id02814,0.02781923135614311,0.9294012270933504,0.04277954155050664
id18347,0.41187968201923053,0.012751401127466281,0.5753689168533032
id02517,0.19574348108123812,0.021156258707831523,0.7831002602109304
id20800,0.9767002973278284,0.018763984385677647,0.004535718286493979
id16428,0.9929158837412243,0.003703562929378417,0.0033805533293972912
id23844,0.9999959308871232,3.1543038226395604e-06,9.148090540202382e-07
id11149,0.000721454984114595,0.9952718758597133,0.004006669156172186
id12505,0.00011078355959872901,0.9995880347275549,0.0003011817128464629
id10850,0.33436928832195634,0.6604989838323327,0.005131727845710901
id05706,0.8567105844928452,0.0016448250892605605,0.14164459041789426
id23216,0.10798630731212648,0.8687912064835324,0.02322248620434115
id16618,0.0005122387423198579,1.6771516028047406e-05,0.999470989741652
id04283,0.0016740966624203592,0.939833179121819,0.05849272421576072
id20374,0.0007016387903341547,0.025429293186755943,0.97386906802291
id07227,2.01516496158846e-05,0.9981512052381382,0.0018286431122459313
id06396,0.9961973435607718,0.0014699865157967638,0.002332669923431406
id08884,0.999561253547836,5.375302272791781e-05,0.00038499342943612835
id10983,0.999960916874615,2.6991533854109028e-05,1.2091591530932914e-05
id07296,0.0002320432383758701,0.999748094437312,1.9862324312120308e-05
id17683,0.0029769616201926643,0.031588199922141284,0.9654348384576661
id26473,0.0015748312044638422,8.584354547158167e-05,0.9983393252500646
id06454,1.1424985657760298e-05,1.0650273542384422e-07,0.9999884685116068
id19166,0.9997964486653252,1.4242479621329727e-08,0.00020353709219513827
id08406,0.29292458725813714,0.5681185640802559,0.13895684866160712
id25126,0.012734770146316892,0.013283684996110235,0.9739815448575728
id27593,0.9564964877876688,0.029805010375089494,0.013698501837241592
id24613,0.007800223371984208,0.00218586146438689,0.9900139151636289
id26586,0.9904569513152542,0.005565960195679232,0.003977088489066581
id25719,0.008143714644731856,0.0006799148856874122,0.9911763704695807
id05015,0.6394793307125485,0.2211708703757566,0.13934979891169505
id01594,0.40715049374812906,0.2166788382382918,0.3761706680135793
id01522,0.0006132259952817436,0.022302064284576692,0.9770847097201416
id06935,0.9999559011584117,3.0927225007135875e-06,4.1006119087510476e-05
id01975,9.963980923415217e-05,0.0013459036383964532,0.9985544565523694
id20847,0.0008901030591167759,7.518493662044698e-05,0.9990347120042629
id24960,0.0006503548871836261,0.0003409872419449348,0.9990086578708715
id27808,1.8091819552971887e-05,0.999980679326152,1.2288542950807696e-06
id25463,0.9962700225987814,0.002726826009909286,0.0010031513913093177
id11367,0.5468022658761386,0.10302017120781602,0.35017756291604535
id02273,0.0035365206885867,0.001738310750862494,0.9947251685605508
id02167,0.9968018913199423,0.000116902768671263,0.0030812059113863796
id08352,0.0004350745823461773,0.9994733083272602,9.1617090393645e-05
id26928,0.035108494330887356,0.9459829124272472,0.018908593241865477
id04224,0.9951288786204935,0.004871102168360553,1.9211146067360562e-08
id00462,0.2663888626173902,0.7152740190830605,0.018337118299549256
id16591,0.003825429476960411,0.9920839253686204,0.00409064515441913
id06982,3.0348680066181477e-09,0.9999994365763057,5.603888262894368e-07
id24880,0.004457849207273629,0.7639135666234804,0.2316285841692459
id27479,0.028297324773213832,0.01531977514291481,0.9563829000838714
id16556,0.9753129295225812,0.024029152562023575,0.0006579179153952696
id15231,0.013254442897267179,0.002996224416804899,0.9837493326859279
id14694,0.9113127556957638,0.023673985387439124,0.06501325891679713
id01114,0.9526428333081444,0.015815459557758045,0.031541707134097506
id18694,0.5735358734092536,0.24640624918803866,0.1800578774027078
id25551,0.6088335433571958,0.003172895305426848,0.3879935613373774
id23478,0.06009221224688577,0.049972422365717216,0.889935365387397
id22780,0.9584709868716411,0.036902953005183106,0.004626060123175767
id06602,9.203821194355592e-05,0.998094764107907,0.0018131976801494495
id05176,5.673318265519205e-07,0.9999991305259907,3.0214218280501684e-07
id15450,0.013729339371438413,0.014497692171279969,0.9717729684572817
id16956,0.001273624025474261,0.005006430322848021,0.9937199456516778
id23532,0.008765321991891523,0.9867196094633907,0.004515068544717878
id22688,0.001320714326334601,4.1397863775587657e-07,0.9986788716950277
id12898,0.12262584777941946,0.8671502863859506,0.010223865834629772
id21525,0.9999253501399352,2.4218630493181848e-05,5.0431229571634074e-05
id13576,0.9806839885430334,0.005448811567755915,0.01386719988921068
id07080,0.26425018854096166,0.611039610322198,0.12471020113684045
id25397,0.9999789011523941,2.0350951297734708e-05,7.478963082174897e-07
id08383,0.875993752065841,0.0797489408814181,0.04425730705274106
id08285,0.9078955654084171,0.004311529009665655,0.08779290558191731
id10323,0.2341963558247573,0.013051880967365257,0.7527517632078774
id10441,0.00014300847513554945,0.9998270959613188,2.9895563545636383e-05
id26298,0.8153680125849376,0.00011435983903624225,0.1845176275760261
id13531,0.9332733739984085,0.06578370447123678,0.0009429215303547162
id03191,0.9218267057444439,0.0677230492016548,0.010450245053901191
id19771,0.00037907495834780825,0.9991829095450924,0.00043801549655984916
id03275,0.9946936998248443,0.0016099413149176917,0.0036963588602379844
id11616,0.004848005718616482,0.014591984344451248,0.9805600099369324
id03117,0.00040222815595181,0.9994755042068636,0.00012226763718461116
id08054,0.022528015206265503,0.00042758724811907807,0.9770443975456155
id15303,0.01800464124024875,0.9665951972658485,0.015400161493902829
id02470,0.010179654452198568,0.002251372258391343,0.9875689732894101
id01452,0.04258963612073499,0.10633801183027608,0.8510723520489889
id11934,0.0009072772912779361,0.9970160223847006,0.002076700324021542
id00258,0.09161206905324563,0.5484785424738089,0.35990938847294546
id27905,0.3163442998066325,0.3828659425517523,0.3007897576416152
id23897,0.0002580351810128544,0.9997343748853512,7.589933635965255e-06
id02334,9.064158191751431e-05,0.9998917925753776,1.756584270489775e-05
id07638,0.9990714445001677,0.00022888720941760524,0.0006996682904146797
id13181,0.4717265576899128,0.18226534786807377,0.34600809444201347
id01284,0.9999812724342645,2.9918952703500464e-07,1.8428376208502387e-05
id27402,0.9995651195377897,6.600655879260736e-06,0.0004282798063311366
id14742,0.0009353905214782863,3.0783281921580055e-05,0.9990338261966001
id12370,0.48233888753497045,0.001401663031201019,0.5162594494338286
id19048,0.9933384472494245,0.0018616620610522286,0.004799890689523252
id08388,0.001237764684676505,0.0020172002893693443,0.9967450350259542
id19205,0.9863425695435419,0.013523515713482087,0.00013391474297596724
id04851,0.012634667438121536,3.3422313785814585e-06,0.9873619903304999
id16478,0.15839061652090547,0.8405042032668668,0.0011051802122276748
id06806,0.000120605303754969,0.9997956689264803,8.372576976476731e-05
id13659,0.06305251157326922,0.614017836827906,0.32292965159882486
id09861,0.028659391707505057,0.9706505513771421,0.0006900569153528388
id05986,7.063034969202588e-13,0.9999999999991174,1.7632818093204188e-13
id15844,0.010202474293044715,0.9807714600690917,0.009026065637863656
id05900,0.946665866144717,0.0033466161802207816,0.04998751767506224
id20409,0.7750419665347568,0.21942196452676113,0.005536068938482138
id08751,0.05651331515138202,0.9285179035313496,0.014968781317268453
id22617,0.2781571532515369,0.00675602221011648,0.7150868245383466
id13064,0.11694793521104943,0.001894559052384832,0.8811575057365657
id14506,0.006223785540136642,0.008853143524519344,0.984923070935344
id05783,0.0015637870040515099,0.0026992461615628345,0.9957369668343856
id23139,0.0005697363369205619,9.166007612005439e-05,0.9993386035869594
id04770,0.9999801951593849,4.4853263085468284e-07,1.9356307984323763e-05
id11775,0.9952585104035806,0.0004207260000650612,0.0043207635963544095
id12936,0.0032809941413303157,0.006320725173974411,0.9903982806846954
id20522,0.010509210271698939,0.9867136076051752,0.0027771821231258403
id22929,0.9996786725889943,0.00018291692376356633,0.0001384104872420493
id11357,0.7483425856888762,0.005281152119750942,0.24637626219137285
id10028,0.00010679281035581776,0.9998452879685291,4.791922111498557e-05
id10617,0.1449127774824,0.010272173299569642,0.8448150492180304
id23988,0.9999999995976844,3.932572832145506e-10,9.05833531438186e-12
id20434,0.18625726109351562,0.05798262055109667,0.7557601183553877
id06611,5.710619652846422e-05,0.0021886409913517684,0.9977542528121197
id18405,0.5790066670408878,0.2868969509120548,0.13409638204705743
id27427,0.7420242659263033,0.17049287204843583,0.08748286202526079
id16168,0.008872290299468658,0.990871538637253,0.00025617106327833924
id02139,0.8796464642484857,0.11982482437919321,0.0005287113723211717
id18654,0.0056131189135141,0.9904084947599445,0.003978386326541394
id24598,0.8300144422543243,0.039619584261103104,0.13036597348457252
id23360,9.851505264790999e-05,0.9998890890905591,1.2395856793050805e-05
id06220,0.005842456977832711,0.9784314143836121,0.015726128638555166
id26411,0.9964207106426027,0.0028155868708933047,0.000763702486504014
id27660,0.9927619333923478,0.001857909978913483,0.005380156628738766
id07192,0.006619633876459417,0.009607375665304665,0.983772990458236
id18074,0.00018474615703834696,1.7001684689296384e-06,0.9998135536744928
id11784,0.04668078412444656,0.9517524130372012,0.0015668028383523823
id04810,0.013816740905990192,0.00757376613635499,0.9786094929576549
id01716,0.990038994940909,0.00875988143820861,0.0012011236208823942
id27584,0.7576559551858829,0.12170351592048911,0.12064052889362799
id25409,0.002495386093596452,0.0001726207710976264,0.997331993135306
id06430,0.8262180070177998,0.05111039185086088,0.12267160113133942
id11135,0.9972995554308732,0.002693915280879062,6.529288247737863e-06
id27712,0.10232981550938347,0.0024587223501379464,0.8952114621404786
id27233,0.8434073045930832,0.14430085240296817,0.012291843003948574
id13522,0.8144638516455427,0.06649631459625013,0.11903983375820719
id11625,7.616381499210012e-08,3.473337494800541e-09,0.9999999203628475
id03246,0.0861250820208974,0.9127964336441301,0.0010784843349724315
id05341,0.7677243317915223,0.22806777784344348,0.004207890365034264
id22061,0.0002600094940100347,2.158553739328933e-06,0.9997378319522507
id03170,0.7262980645022361,0.2677317186820002,0.005970216815763714
id09768,0.0030740099679907496,0.00328281727950146,0.9936431727525078
id20721,0.8610625231687701,0.059455520129979504,0.07948195670125054
id14854,0.9676172362901083,0.0284685858187124,0.003914177891179263
id01123,0.9973847164124692,0.00020113796640726364,0.00241414562112362
id00842,0.998185131443897,0.00040483611934158837,0.0014100324367613902
id11035,0.47237124520307355,0.0009744449534697042,0.5266543098434567
id19301,3.5638998754766735e-07,0.9999994217431558,2.2186685662119813e-07
id06409,0.15549023611461665,0.42332010778690876,0.42118965609847464
id09883,0.9964280117446022,0.003437590657196927,0.00013439759820093193
id04218,0.7017554304727844,0.10863181354941578,0.18961275597779984
id25171,0.0007295734218300355,2.7405367063698253e-05,0.9992430212111063
id13394,0.07519911636563958,0.09804692689597724,0.8267539567383831
id14322,0.9999998521932468,1.1345238149556284e-08,1.364615150232602e-07
id17623,0.0006802348253500368,0.00021910371793322435,0.9991006614567168
id16980,0.9997840555488106,0.00019625542819564932,1.9689022993709778e-05
id22634,0.01629955306436442,0.0003103634499493793,0.9833900834856862
id03773,0.9996111289100919,0.00026367452499629154,0.00012519656491178014
id20243,0.00019926618490851076,0.9761688800314469,0.023631853783644633
id12135,0.07786523477651686,0.9216332466145298,0.0005015186089533356
id11727,0.5964647623988247,0.34771550989377414,0.055819727707401186
id06460,0.2771807787237196,0.7125645174415137,0.010254703834766739
id23515,0.8064004378679366,0.043256743891986874,0.1503428182400765
id16908,0.009165316542809884,0.0309952496402057,0.9598394338169844
id10641,0.9239112653469104,0.07320781086306266,0.0028809237900268266
id22637,0.014735589223833346,0.0008476717583353278,0.9844167390178313
id19724,0.9788185331251511,0.01854064354225943,0.0026408233325894604
id12295,0.02476101720463717,0.9746222282247174,0.0006167545706453206
id18977,0.054432436279485255,0.04035073930914178,0.905216824411373
id27456,0.8724915344867494,0.12485765492426008,0.002650810588990544
id02223,0.9803478010253722,0.010918378284501633,0.008733820690126135
id06374,0.019895491225162328,0.003840396379560893,0.9762641123952768
id13746,0.0071953043294343145,0.004469842543816237,0.9883348531267494
id24107,0.03363574393313158,0.000798140770027051,0.9655661152968413
id09075,0.0020709127460156445,9.270448385155022e-06,0.9979198168055992
id06741,0.39191702293349856,0.0007869841633391209,0.6072959929031624
id25474,0.8024242855266278,0.008813581205381033,0.18876213326799124
id02497,0.9997031167390297,1.2984603786298446e-05,0.00028389865718408237
id21878,0.9985819330356885,4.666945528193001e-06,0.0014134000187833195
id23199,0.0360946262193535,0.003805596209223159,0.9600997775714234
id12018,0.9994573827441834,0.0001636266125167904,0.00037899064329985734
id20722,0.1639271880151168,0.0004009535138633055,0.83567185847102
id05372,0.02083530200881154,0.9780445747062919,0.0011201232848964849
id07964,0.5435430211684282,0.009867337066350956,0.44658964176522087
id02393,0.056864446380239575,0.014263757215229687,0.9288717964045308
id10923,0.1263573369644612,0.012342812395809933,0.8612998506397289
id01260,0.8462793620884529,0.09568441715503702,0.0580362207565102
id09037,0.011768810077406296,3.9040861082199026e-05,0.9881921490615115
id01477,0.22224201485942946,0.0043622293300957385,0.7733957558104748
id11164,0.9987930534921993,0.0009140406392333877,0.0002929058685673394
id20313,0.9610856376521674,0.0018591785021811853,0.037055183845651415
id20067,0.000233974493495998,0.000481596693228308,0.9992844288132757
id17248,0.9676144848625261,0.0009298254267303526,0.03145568971074353
id24557,6.89062353754078e-05,2.794673240842617e-07,0.9999308142973006
id26745,0.8330403976335378,0.0021583484254630724,0.16480125394099923
id16759,0.023821535148822574,0.011416472270604348,0.964761992580573
id22382,0.9950629908667273,0.0003820800250986612,0.004554929108174017
id18404,0.27657726011516387,2.571592488376053e-05,0.7233970239599524
id23761,7.145220259870878e-06,8.088926400451916e-07,0.9999920458871001
id00511,0.0014450289524447115,0.9985449393998447,1.0031647710602344e-05
id15560,0.9469329741017242,0.049774027599888734,0.0032929982983872005
id04834,0.9849874888829034,1.3981142637264283e-05,0.014998529974459296
id26796,0.9947324911759305,0.0051554225240153205,0.00011208630005411403
id14809,0.00010109625035698267,5.03050976064423e-06,0.9998938732398824
id15091,0.7608263673363953,0.019729059254302905,0.21944457340930185
id14861,0.21177563356139165,0.7115317368778415,0.07669262956076688
id21193,0.02592246983206423,0.6114884476462988,0.362589082521637
id20331,1.3794774763987981e-05,0.999985964695446,2.405297900249237e-07
id17847,5.28632879235621e-05,0.9995705121404395,0.00037662457163700844
id00795,0.9999931200179,6.724365582448719e-06,1.5561651758987587e-07
id22651,0.9999586604104778,1.914466858087418e-05,2.219492094131369e-05
id22803,0.9992077668662447,0.000429693221110948,0.0003625399126443178
id01714,0.9999936192940144,6.792364449385468e-07,5.701469540674123e-06
id05350,0.016761470346329015,0.02378891935164304,0.959449610302028
id08674,0.9999999671731812,2.7359268981684875e-08,5.467549828468321e-09
id04427,0.0017312251422178407,0.9980129968542854,0.0002557780034968742
id17815,2.985369535120268e-10,0.9999999996360978,6.536523251311444e-11
id22270,0.809123060994041,0.1492588748998372,0.04161806410612192
id11183,0.0116304465424556,0.0007751509197010602,0.9875944025378434
id00326,0.9145713503950036,0.020655961220750897,0.06477268838424556
id00382,0.9999992874840747,6.856130401764495e-07,2.690288504441328e-08
id11557,0.00014915216827468802,0.00045071236497004315,0.9994001354667553
id20271,0.9971034107641289,0.0016863331354838957,0.0012102561003871643
id05133,0.9999762651325895,1.401100233275112e-05,9.72386507780079e-06
id14597,0.04132696001116389,0.9586079335909232,6.510639791291976e-05
id21411,0.0005193738027773866,0.9986913760059,0.0007892501913227046
id15375,0.1537857559165432,0.0009045473157205138,0.8453096967677363
id10172,1.0649520897510564e-06,9.071635398546083e-06,0.9999898634125117
id13524,0.9012629325200237,0.004938441927629759,0.0937986255523467
id26331,0.8590625211336625,0.012364017386677924,0.1285734614796596
id20167,0.020410919231527783,0.0004736244468812336,0.979115456321591
id03249,0.038964346147261616,0.9609832955099226,5.235834281591386e-05
id15839,0.9982053277610609,5.960148662625991e-05,0.001735070752312802
id27200,0.00040672177824956275,0.999384190860108,0.0002090873616424652
id15847,0.0014954751633098737,0.0006135320414830788,0.9978909927952071
id07249,0.09296710884334387,0.901033063262616,0.005999827894040147
id19494,0.9450415383736079,0.04861751193101226,0.00634094969537985
id01388,0.0009194708375959665,0.9809705952140544,0.018109933948349713
id22045,0.005718014594654167,0.0003099842811077696,0.9939720011242381
id09111,0.8808817301915358,0.0580806910827789,0.06103757872568523
id04011,0.0008679934499229327,0.6453076592034132,0.35382434734666396
id26410,3.225094279621369e-10,0.9999990988158672,9.008616232709088e-07
id19614,0.565357571951095,0.354861851149997,0.07978057689890802
id10183,0.00013920215896581103,0.999817825141918,4.2972699116231494e-05
id20388,2.1029151370314236e-06,9.094573726233111e-07,0.9999969876274903
id16498,0.9993985427397618,0.0005998848712225177,1.5723890157370811e-06
id18488,7.499112590151336e-05,0.002376304170289036,0.9975487047038094
id11018,0.021766411276439846,0.8376772369954729,0.14055635172808728
id16185,0.9509054051601689,0.04857368479692584,0.0005209100429053648
id23501,0.20110726249505997,0.7610164538436163,0.037876283661323756
id02837,0.24275694367683637,4.023948535984042e-05,0.7572028168378038
id05544,0.8626503867855261,0.013847498998094504,0.1235021142163795
id22784,0.3074432009475027,0.33648621029876585,0.3560705887537315
id15404,0.0005998733992096839,4.8553006304427243e-05,0.9993515735944859
id13010,0.7128303979770995,0.28527394352414387,0.001895658498756585
id22169,0.00012842566060854664,0.9996675541060807,0.00020402023331077582
id16438,8.858425240392662e-05,0.00024448931719079736,0.9996669264304053
id20464,0.9485010430659493,0.04945520399237029,0.0020437529416805046
id26306,0.986936561218792,0.0013007881569379578,0.01176265062427007
id15995,0.6062425193509546,0.30591554506103363,0.08784193558801184
id26068,0.8960710954508755,0.007320810692344171,0.09660809385678036
id19348,0.0505498576738033,0.7776192455389521,0.1718308967872447
id04196,0.0019379469139922782,0.9978820806889466,0.0001799723970611893
id13002,0.09303992946145262,0.8604251417547596,0.04653492878378781
id25650,0.6971453884966226,0.18833714570320462,0.11451746580017283
id17598,0.00013874486174641628,0.9998559716213882,5.283516865518877e-06
id10079,0.20767469754744416,0.7497955069686562,0.042529795483899645
id10094,0.034573248889238545,0.7548962527154446,0.21053049839531687
id05918,0.837833685946447,0.05442635388263515,0.10773996017091786
id18747,0.9988917214147168,0.001099930560605401,8.348024677759978e-06
id15571,0.005456669227912954,0.9911782787105101,0.0033650520615768984
id16113,0.7119178270832125,0.011348730564916042,0.27673344235187153
id02316,0.5125325165426444,0.028218879660776408,0.45924860379657917
id09545,0.7375293955048462,0.07963228077997742,0.18283832371517642
id13878,0.5317987042583429,0.0008931716283076521,0.4673081241133496
id07476,0.6501028835379804,0.24443216326544967,0.1054649531965699
id20103,0.8587966523533248,0.0021804377775243747,0.13902290986915086
id27367,0.37057504192764035,0.10060406442526969,0.52882089364709
id25668,0.07574327291482166,0.0002298299875042467,0.924026897097674
id09680,0.9999999999985314,2.4610065601396454e-13,1.2225105094091943e-12
id00500,0.26043810627517533,0.5176064942877832,0.22195539943704143
id06110,0.7832708117011542,0.00127938283874876,0.21544980546009718
id15804,0.0011318436876916322,0.9988484601122266,1.9696200081754583e-05
id03223,0.005881844189894453,0.9892335606819811,0.004884595128124396
id02039,0.00013007121024166123,0.9990926745055935,0.0007772542841648979
id09795,3.331904844239644e-05,3.641073197570094e-06,0.99996303987836
id10808,0.014651668138097675,0.04658192824013095,0.9387664036217713
id10134,0.0060370897349180715,0.9535021050972528,0.04046080516782922
id14361,0.05626537907877954,0.2886604498305455,0.6550741710906749
id15881,0.013423224671500956,0.0001736665646453332,0.9864031087638537
id27120,0.0022255157621737993,0.0001321155694653008,0.997642368668361
id09860,0.5209764964240509,0.007713251660781693,0.4713102519151675
id11959,0.0001909210785629561,0.9942705917365059,0.0055384871849311285
id25770,3.0408071897241445e-06,0.9999870325021725,9.926690637776135e-06
id24364,0.04818986954183543,0.9500226842593623,0.0017874461988021829
id22944,0.9999999979367706,1.6831725590648456e-10,1.894912096923721e-09
id04345,0.9982727648760812,0.0016123976117777465,0.00011483751214105907
id05127,0.5247413056527757,0.0005367060318880743,0.47472198831533624
id01779,0.0014968247592887101,0.0005162950547369801,0.9979868801859743
id05559,0.9984184192230133,0.0007285550718470568,0.0008530257051395162
id14474,0.9999999960556389,5.494513358489444e-10,3.394909669763717e-09
id13283,0.9800254677342486,0.017061057978108665,0.0029134742876427764
id03301,0.5968174398578671,0.2729522634650624,0.1302302966770705
id16939,0.00042579295934447363,0.9993070243446533,0.0002671826960021038
id01166,0.0015733779649846106,0.9951161482474142,0.003310473787601227
id16766,0.9847928830036565,3.8173879742071455e-07,0.015206735257546048
id04338,0.9945411897427292,0.004146668285903658,0.001312141971367084
id12731,0.99998170674878,1.655567820896992e-08,1.8276695541868488e-05
id08988,0.009954622077432161,0.9900331325308528,1.2245391715051965e-05
id08236,1.843680821736356e-08,0.9999999782124267,3.350765198169865e-09
id03309,0.9172190300006784,0.05286097854449172,0.029919991454829955
id16458,0.6979164352700523,0.26319809106291153,0.03888547366703622
id02442,0.9895868153495392,0.004735052039946703,0.005678132610514128
id25767,0.0130713773257637,0.000308081339554757,0.9866205413346816
id17357,0.2545386142766492,0.6782566793178721,0.06720470640547863
id08627,0.0781813298758501,0.008358313824193504,0.9134603562999565
id19488,0.9337854757200309,4.135277783552958e-05,0.06617317150213357
id18345,0.028443014013514716,0.33231614362097917,0.6392408423655062
id10661,0.7632055737579313,0.03540984610124452,0.2013845801408241
id01713,2.296408035302149e-05,0.9999513071387381,2.572878090880027e-05
id26237,0.7195997753170728,0.2803213262218768,7.889846105047832e-05
id08062,0.378922082335511,0.16486931138440802,0.456208606280081
id01497,1.190108626777992e-06,0.9998782978328237,0.00012051205854960627
id07590,0.9988264527979237,0.0007196908644662508,0.00045385633761007866
id06299,0.042588349801324116,0.011683267975670006,0.9457283822230059
id02770,0.014605699928652531,0.0010933152627061887,0.9843009848086414
id19197,0.00044146956224295857,0.00042934107767773563,0.9991291893600793
id16572,0.9966455118475785,0.0003755458278209221,0.0029789423246005028
id04518,0.005500461205058445,0.9940140520572145,0.0004854867377270878
id09316,0.5810981227557301,0.4090429374720649,0.009858939772205033
id17533,0.0009676382447183012,0.024795798869254634,0.9742365628860271
id13494,0.10153946867039106,0.022486079142052452,0.8759744521875565
id10024,0.9831570393781435,0.016757752200348086,8.520842150851885e-05
id19896,0.9963242835833052,0.0026305597224938813,0.0010451566942009615
id10956,0.9991353772224122,0.0007872533577937842,7.736941979392545e-05
id08458,0.020065489743288634,0.9688997749653772,0.011034735291334237
id09066,0.8347064788504661,0.002684777059211481,0.1626087440903225
id26608,0.13871984959759837,0.0022704046418551478,0.8590097457605466
id20977,0.08985496375128366,0.018080200321044942,0.8920648359276714
id21587,0.01330616600110424,0.7089723483835272,0.2777214856153687
id19928,0.06156857475807843,0.00018104604540936675,0.9382503791965122
id19077,2.156842732105327e-05,0.9999437656551444,3.466591753454886e-05
id06865,0.0024943946011752685,0.0015109904870540382,0.9959946149117707
id15224,2.5076838647682966e-06,3.9793385760750757e-07,0.9999970943822777
id09036,0.02647366077991908,0.96901670376176,0.004509635458321015
id04885,0.9881928627805436,0.011727873172926923,7.92640465294697e-05
id06619,0.0005743134207134406,0.9993756681718005,5.001840748614446e-05
id20211,0.00019799580684663802,0.998974828841051,0.0008271753521023461
id23985,0.42896945415951854,0.012095011829301028,0.5589355340111805
id17048,0.9949609736827415,0.0023616672179758292,0.002677359099282693
id11272,0.8361583005422772,0.001144517142990605,0.16269718231473218
id16998,0.023952706467871437,0.018914493579909493,0.9571327999522191
id16506,0.11222659074768913,0.045161103866737266,0.8426123053855736
id11558,0.1581988566216315,0.041812444909237,0.7999886984691315
id04913,0.041855669692499944,7.754837228575665e-06,0.9581365754702715
id10308,0.0027947633829302557,0.0007721009168166764,0.996433135700253
id15956,0.0024278467697534576,0.005854015062998853,0.9917181381672477
id21350,0.00606036633446934,0.9896516495041354,0.004287984161395222
id09246,0.9837773106206691,0.010088554933079428,0.006134134446251455
id00753,0.6488741486628196,0.2510975091417642,0.10002834219541633
id08101,0.08186163181066314,0.8977893796581594,0.020348988531177357
id26853,0.005281622256873651,0.9921523114431005,0.0025660663000258957
id22044,5.456599462283623e-05,0.9999424118197044,3.022185672734599e-06
id27234,0.7578123789948712,1.1198703276111087e-05,0.2421764223018526
id18357,0.16971328177220438,0.8287204870696596,0.0015662311581360249
id24187,0.9805787390781923,0.002063645299073992,0.017357615622733833
id23934,0.2978415063682327,0.012592298835792246,0.6895661947959751
id21378,0.0026969375776119673,0.9942601748813453,0.003042887541042807
id12777,0.03841203924732471,0.9598624823696288,0.0017254783830464497
id11493,5.661896579277848e-07,4.2357097662546896e-08,0.9999993914532445
id12824,0.5457247292085812,0.07169655089417655,0.38257871989724224
id22565,0.00015848405937959753,0.9998279759137879,1.3540026832569216e-05
id02996,0.06281630816214055,0.03911206003052784,0.8980716318073316
id26154,0.36615881018694957,0.5746994858464617,0.059141703966588764
id22710,0.014539742218619683,0.9852403629387413,0.00021989484263910733
id19389,0.2872279097104101,0.6775526945963649,0.035219395693224895
id19539,0.010615074494143187,3.4162396489994445e-06,0.9893815092662078
id17345,0.894829528859303,0.10460815549810391,0.0005623156425932283
id16938,0.9971159876610748,0.00013861552724873873,0.0027453968116764632
id05670,0.9975400240971184,0.002440518714727852,1.9457188153818938e-05
id12991,0.45791898211854565,0.031741240360985315,0.510339777520469
id26819,3.137606055271896e-05,0.99988071832249,8.790561695722936e-05
id02679,0.7634288324172379,0.020717733965538263,0.21585343361722384
id11334,0.8535545352746425,0.11053812294283082,0.035907341782526664
id18553,0.6158720894586092,0.333920147929848,0.05020776261154292
id27899,0.8467391621032989,0.1520422698650282,0.0012185680316729299
id20569,2.949491595619684e-07,0.9999990923227113,6.127281290972627e-07
id00759,7.613161273806704e-05,0.9998224211940048,0.00010144719325712453
id13013,0.945766362666276,0.01666499249895999,0.037568644834763916
id06798,0.9973283372306433,0.002495524070671721,0.00017613869868488623
id04524,0.00020628551288619413,0.9996465794463097,0.00014713504080411864
id19026,0.49701146929452933,0.005059300291382141,0.4979292304140885
id17376,0.006652270820245849,0.0037489206569830515,0.989598808522771
id21794,1.201207426638703e-05,7.239984674474974e-05,0.9999155880789888
id22720,0.21153599196277023,0.010652680298677981,0.7778113277385519
id26054,0.041992717864564405,0.01834224470031732,0.9396650374351183
id01050,0.0029836158770027133,0.9937408661283265,0.003275517994670958
id11917,0.9757276955773184,0.004726916666723824,0.019545387755957676
id12706,0.9233062125325907,0.03276563416985168,0.04392815329755765
id18796,0.03407650845748678,0.0624504018774051,0.9034730896651081
id10096,3.005502840824035e-08,9.021915894879502e-09,0.9999999609230557
id27514,0.0237936815971796,0.9327573225413125,0.04344899586150788
id22130,0.9557470559196799,0.0065826609748085435,0.03767028310551155
id23378,0.9938157871248755,0.000600606074977604,0.005583606800146936
id27306,0.9988632355338543,0.0011345911421190623,2.173324026641176e-06
id25914,0.25100838298871897,0.0536699673615229,0.6953216496497581
id05461,0.9978448776600454,0.001411701571594761,0.0007434207683599084
id24782,0.9943466729807744,0.00540438692866756,0.00024894009055810774
id11890,1.2951402893410705e-05,0.9999442335405856,4.281505652114319e-05
id23405,0.0011825002096600278,0.00035573917008110387,0.9984617606202589
id15919,0.01043115412632208,0.8233953365523659,0.166173509321312
id08430,0.5129311978381657,0.00397205674902385,0.4830967454128105
id16328,0.12536990609969265,0.09933445428180725,0.7752956396185001
id16599,0.993992938749758,0.001676673149357135,0.004330388100884867
id25407,0.007958198312851083,0.786749067848549,0.20529273383859997
id10786,0.9380641647548417,0.0015463576870986598,0.06038947755805967
id08935,0.9965723487089871,0.0017134933394663974,0.0017141579515465367
id24742,0.9997617602102616,0.00016629815267108652,7.194163706730143e-05
id15921,0.9818331994735633,0.002587832074943464,0.015578968451493211
id21816,0.03249265320153612,0.004994399547956708,0.9625129472505072
id06235,0.0013198435520657963,0.9983430084920903,0.00033714795584385685
id00527,0.9549784549196015,0.03309945743827275,0.011922087642125783
id17349,0.00015238833753698864,0.0008669906801088047,0.9989806209823542
id05356,0.9984463257467779,0.0008892982755160324,0.0006643759777060772
id13287,0.0033002297135333995,0.9938057352153514,0.0028940350711152106
id09044,0.9854136073314018,0.01019520568508537,0.004391186983512843
id09374,0.22690407203745325,0.7469727296289365,0.026123198333610268
id25625,0.9473911703993336,0.052513204826267694,9.56247743988153e-05
id03201,0.03438892054310943,0.7056738350733129,0.2599372443835776
id02709,0.9999992894533252,7.09471132275132e-07,1.0755424921320613e-09
id08914,0.4843580269423884,0.004144690568299899,0.5114972824893117
id15753,0.8613600355131776,0.005437123981563555,0.13320284050525882
id20125,0.008570584599480098,0.9504302592872972,0.04099915611322279
id20784,0.9977270121838508,0.0009222600966125907,0.0013507277195366648
id26248,0.027791841886374603,0.0015192682799636161,0.9706888898336619
id10016,0.14834549264831698,0.01742842430953302,0.8342260830421501
id18793,0.9691514910589872,0.0038416882099833244,0.02700682073102945
id04562,0.01378885345472559,0.9838061185171622,0.0024050280281123124
id25106,0.002161956743755299,4.326544289135456e-07,0.9978376106018157
id00536,0.9998264188769701,0.0001630504367281492,1.0530686301723724e-05
id01946,0.13649696877892933,0.0011008293220402673,0.8624022018990304
id18369,0.012218510366587118,0.9727089840974954,0.015072505535917463
id07345,0.00011534387283854456,0.9998489523485034,3.5703778658171565e-05
id27752,0.9843030066050416,0.00018637647987105815,0.01551061691508739
id21463,0.0012339413566178825,0.9982105781022426,0.000555480541139562
id18922,0.2868501237969536,0.006593595311004416,0.7065562808920419
id17166,0.000928126100094762,0.9990714424522278,4.314476775802537e-07
id07458,0.011725258509751842,0.9876568255653222,0.0006179159249260052
id01801,0.001845486624908947,0.003617272288046896,0.9945372410870442
id10529,0.9999391908737233,4.5490115009179446e-05,1.531901126760991e-05
id08774,0.07614993429413999,0.8843980424708506,0.03945202323500945
id22292,0.08064463813004302,0.005808464543168435,0.9135468973267885
id14044,0.980362079846669,0.015944316614551975,0.003693603538779009
id20234,0.0010168718000977078,0.9987728836294919,0.00021024457041037505
id26960,0.9999949620079588,2.3663491615381797e-08,5.014328549643588e-06
id20809,0.02512753832273619,0.9085315563594935,0.06634090531777033
id20365,0.9376375508010159,0.050391090385858366,0.011971358813125896
id09182,0.9887213622525443,0.007951307370060917,0.003327330377394906
id27671,0.8958498284725949,0.012354385527582057,0.09179578599982309
id26438,0.7934793095843975,0.20294148375525486,0.0035792066603476907
id22712,0.02169012143312295,0.9781189315067218,0.00019094706015518567
id13988,0.15039862672911536,0.0010292344842980589,0.8485721387865867
id01727,0.9956400857729406,0.00062006562477336,0.003739848602286082
id27147,0.715820965486729,0.04978477039281447,0.23439426412045658
id23213,0.028749396081116662,0.9413766053367411,0.029873998582142295
id21969,0.0033273065475877407,0.2286725032672543,0.768000190185158
id12062,0.9995484837129058,0.00042456973485935937,2.6946552234755946e-05
id26579,0.0120585563939705,0.9804490590198351,0.007492384586194375
id20568,0.2790602964134613,0.5149109955695906,0.20602870801694811
id04399,0.20546469747221432,0.052980356564008506,0.7415549459637772
id26756,7.6140296826990234e-06,0.9999858990266204,6.486943696836277e-06
id04580,0.00013108200499941782,0.009405551919272075,0.9904633660757286
id16349,0.30323248727523083,0.32195918654390326,0.3748083261808659
id23583,0.0005077294329094695,0.9993741353284128,0.0001181352386777302
id14643,0.9725943592709814,0.006302172816476408,0.02110346791254226
id22604,0.3636779663602408,0.4105903581248163,0.22573167551494297
id25973,0.0005314545489842678,0.9994441306578286,2.441479318716055e-05
id07553,0.016451600361332374,0.7782743720003782,0.2052740276382894
id05614,0.07915769884992166,0.7480781823345934,0.172764118815485
id15320,0.03228157628543971,8.443230768184916e-05,0.9676339914068784
id01016,0.4669914987448265,0.011431785658409717,0.5215767155967638
id11463,0.0002572722217317006,0.9997358255834499,6.902194818471091e-06
id18655,0.001313614605038129,0.998685344486466,1.0409084959484934e-06
id22527,9.647726225182896e-06,0.00024271089600103182,0.9997476413777738
id05458,4.010559115903856e-05,0.9999598910682163,3.3406246740735336e-09
id08802,0.319182567588321,0.004053054750009441,0.6767643776616695
id11573,0.10484924015200753,0.013947371810192882,0.8812033880377996
id16935,0.03242056526816799,0.0576406631242671,0.9099387716075649
id27417,0.0018038324987428736,9.119100866510347e-05,0.998104976492592
id27781,0.999574226383921,0.00024254896621081327,0.000183224649868195
id21873,0.9999943141920458,2.6656894397286756e-08,5.659151059898593e-06
id20624,2.2843964609529156e-07,2.6358198250301294e-05,0.9999734133621037
id19660,4.2160627988101583e-07,0.9988266954535961,0.001172882940124054
id03783,0.9951231227125126,0.0016207410038909323,0.003256136283596477
id22172,0.01653820197983142,0.9320208193345897,0.05144097868557886
id20709,0.999620415461904,0.00018967896633377446,0.00018990557176208405
id12524,0.8053886425165729,0.14600478946115922,0.04860656802226787
id27650,7.420369140569873e-06,0.9999825231109718,1.0056519887608902e-05
id09501,0.003216037044812813,0.9837232153467527,0.013060747608434528
id20840,0.04447758986960596,0.9446789956895503,0.010843414440843899
id09960,0.0004679514810807497,8.830033771823302e-05,0.9994437481812011
id13916,0.0032114766221817393,7.630095010877388e-06,0.9967808932828074
id00249,7.26064014403819e-05,1.4650303421404463e-07,0.9999272470955254
id02540,0.999928373937629,1.2669615383580408e-05,5.8956446987392964e-05
id23326,2.54562529592892e-07,9.634876602095162e-10,0.9999997444739828
id14632,0.9957831254116145,0.0003230489996327997,0.0038938255887526786
id25512,0.0023450363352852032,0.05651159034478744,0.9411433733199274
id10628,0.9997824609208023,0.00021485138539763325,2.6876938000235976e-06
id08490,2.0564500264435424e-06,0.9999842206101985,1.3722939774937794e-05
id09084,0.9987600028487422,0.00013683775706070856,0.001103159394197063
id27553,7.045089658473657e-05,0.9993061773272861,0.0006233717761292124
id20930,0.0038060498579585637,0.9948845166409602,0.0013094335010812878
id21337,0.962079912174224,0.01601514445179604,0.02190494337398002
id25537,0.004269270821671955,0.010621813152672679,0.9851089160256554
id27349,0.48889135949690943,0.05101116740077902,0.46009747310231147
id25655,0.09304544925659647,0.826493521394894,0.0804610293485094
id26464,0.6066882737739094,0.3910971622070745,0.0022145640190161524
id00599,0.8454339658779796,1.7109971983452021e-06,0.1545643231248221
id06964,0.09831891007827792,0.8770608083020032,0.024620281619719003
id21875,0.9210592462776398,0.017703937823845932,0.061236815898514325
id27488,0.5290250649789672,0.3857311647071728,0.08524377031385992
id07980,0.0007401850029750489,0.007192452000612544,0.9920673629964124
id12995,0.06512709999445906,0.004034941150352138,0.9308379588551888
id08094,0.0028623266688734723,0.24219307433426832,0.7549445989968582
id02134,0.6663174985551357,0.08097798528738838,0.252704516157476
id14311,0.30864077630832465,0.4965100916986787,0.19484913199299658
id06514,0.9998868854933523,0.00010802113807652031,5.093368571208215e-06
id19775,0.0028480269560693357,0.0045770287237392295,0.9925749443201914
id18618,0.00016431854605506599,0.9986165471295126,0.001219134324432323
id26593,0.999277916336773,0.0005092424547560137,0.000212841208470982
id11975,0.07335601721997721,0.8954270297525336,0.031216953027489214
id07853,0.00044611304758851195,0.00022343520195500436,0.9993304517504565
id16848,0.9996988671156922,0.00013081874923287178,0.00017031413507498768
id11595,1.7435811951286466e-09,0.9999999905811217,7.67529722393824e-09
id24777,0.13221340340027404,0.220686551668038,0.6471000449316879
id07824,0.9998913723222826,7.395363711574952e-05,3.467404060165973e-05
id23007,0.0013464770287718426,0.00026754352864358553,0.9983859794425846
id04805,0.00011282625533525928,0.0048050015081410645,0.9950821722365236
id00504,0.3764503513075124,0.5053257252437097,0.1182239234487778
id24331,6.123218564609259e-07,0.9997252698325214,0.000274117845622182
id03914,0.0002366343363177216,0.0006296767192077667,0.9991336889444745
id16299,0.9999976742385566,2.2940736145746377e-06,3.168782886955252e-08
id05565,0.9992424991257031,0.00035324911292173173,0.0004042517613752286
id27934,0.05284339123592041,0.9342983361059599,0.012858272658119676
id17027,0.9747731251258352,0.007937720919247231,0.01728915395491757
id02785,0.852054080213596,0.14626199467031917,0.0016839251160848633
id16094,0.5549329811690634,0.38796311183605625,0.05710390699488038
id22435,0.06808721294440306,0.004474815377128695,0.9274379716784683
id10586,0.002936445499127346,0.00037263875592885614,0.9966909157449438
id06467,0.004664308570418487,0.9947003581404202,0.0006353332891612753
id18227,0.9556710368727126,0.0001967743355879066,0.04413218879169947
id02286,6.890719756162678e-05,0.999916970124461,1.4122677977392388e-05
id07393,0.19172025795115719,0.8051679614387425,0.0031117806101004053
id11640,0.47403719741606287,0.4936417809065097,0.03232102167742748
id15718,0.06209565946519092,0.0006355747139427763,0.9372687658208664
id23756,7.568575580780048e-06,0.9999593455351026,3.3085889316610756e-05
id14564,0.0007272249406047843,0.0031154878340369746,0.9961572872253583
id24963,0.9491951404511838,0.0023400751431966217,0.048464784405619576
id03069,0.6517231810008346,0.0033511082723467517,0.34492571072681866
id24648,0.9492353431464705,0.0397093484142964,0.011055308439233148
id15920,0.5970460662308978,0.2318886996804911,0.17106523408861105
id11255,0.9177481745287273,0.0031445937108872716,0.07910723176038552
id00544,0.23673475724419676,0.21652345981837914,0.5467417829374241
id13211,0.9840636139130535,0.00291819970651104,0.013018186380435373
id26285,0.9478584218046673,5.342060306193525e-05,0.05208815759227087
id19879,0.863202046274034,0.040631812705112985,0.09616614102085314
id21440,0.9953102414653453,0.0022735549517554194,0.00241620358289934
id09539,0.00010810710744274327,0.001085042811291858,0.9988068500812655
id10781,1.4430577533573376e-05,0.9998859449850003,9.962443746613293e-05
id06557,0.010775952989465746,2.4391457016983814e-05,0.9891996555535173
id16747,0.011433333561673744,4.768269834508199e-05,0.9885189837399811
id14358,1.1595981490233849e-05,0.9999803636460745,8.04037243540086e-06
id05250,0.9996585052480771,5.3544616802773984e-08,0.0003414412073060371
id02390,0.008913452040878402,0.000942815438249777,0.9901437325208718
id14790,0.7326671562256509,0.21793266343453677,0.04940018033981234
id14355,0.5880975946110883,0.3639049284422045,0.04799747694670712
id23157,0.9917633322846091,0.0026611950626104566,0.0055754726527804995
id20324,0.009749307916169321,0.006292572147918466,0.9839581199359122
id01870,8.416311453862717e-05,0.9999055336978843,1.0303187577070495e-05
id01079,0.000496473703338112,0.9972158844735883,0.002287641823073531
id03392,0.7183266877067589,0.04803918914378961,0.23363412314945148
id22758,0.9992526848149186,4.056291843590617e-05,0.0007067522666454659
id05599,0.039758841862268135,0.09867429251951076,0.8615668656182212
id07189,0.000421218475984013,0.0011145804353717475,0.9984642010886442
id13364,0.9938274904201796,0.001041046773457083,0.00513146280636332
id00902,0.14858555331385992,0.8325224019634505,0.018892044722689596
id07164,0.9991105034457576,0.0008775311656863808,1.1965388556100748e-05
id27290,0.4057995842713173,0.008734944938683922,0.5854654707899988
id18931,0.9997928493677661,0.0002070370167698933,1.1361546392825117e-07
id22165,0.028155035677161724,0.9657259083577862,0.006119055965052092
id14677,0.0007795508275949362,0.9992141491934936,6.299978911459712e-06
id18987,0.38024781368464494,0.0012734587122613236,0.6184787276030937
id13143,2.834788832284321e-15,0.9999999999999204,7.673985070580626e-14
id18589,0.5865247193252295,0.027465638480259284,0.3860096421945111
id01635,1.296044251077668e-06,0.9996068866120912,0.0003918173436578146
id02661,0.3264561846839669,0.6731366178761428,0.0004071974398903176
id12463,0.0002138005046230822,0.9996957078954305,9.049159994647477e-05
id18461,0.7492552139772386,0.24124179210872185,0.009502993914039486
id12709,0.7631149290387989,0.02220088827135504,0.21468418268984618
id11957,3.922872223707174e-08,0.9999999535549992,7.216278620211512e-09
id13040,0.05333134741781679,0.0007941847885561326,0.9458744677936272
id03953,0.002263871213101093,0.001077868307289426,0.9966582604796095
id02623,0.5805228795874862,0.39317901145173356,0.026298108960780383
id21479,0.0005319703995846876,0.0005749450570040053,0.9988930845434113
id06976,0.029000607631541234,0.9610760965718295,0.009923295796629344
id18721,0.9479442557805692,0.04878451181238855,0.003271232407042286
id12043,0.00473330866176493,0.004455597614350118,0.990811093723885
id16526,2.1331192041707524e-05,0.9999695719184666,9.096889491735151e-06
id03184,0.08280417310918774,0.00037264925849997513,0.9168231776323124
id23194,0.08864722788579227,0.09855240380237283,0.8128003683118349
id17544,0.19042824338840622,0.8057174352059667,0.003854321405627148
id17314,0.17448460824741818,0.001681040139777201,0.8238343516128047
id17306,0.7618318824576303,0.00783103466398405,0.23033708287838564
id11044,0.713556448134792,0.2818092921100483,0.004634259755159704
id22762,0.9821843691929083,0.0004956912450731929,0.017319939562018525
id02797,0.08662816497934508,0.0007107967282891027,0.9126610382923658
id13340,0.009448209131024062,3.1762524354644183e-06,0.9905486146165405
id08131,0.9364548904900116,0.021363287472379644,0.04218182203760878
id24181,1.6579891217044871e-06,0.999998147040468,1.9497041031989847e-07
id20359,0.9985878520386805,0.0008376017805500722,0.0005745461807694838
id14736,0.0011202604303114931,0.9960385274158344,0.0028412121538540637
id09362,0.5544937838462638,0.4454841320952094,2.208405852674553e-05
id07987,5.500253124490133e-05,0.0005675319864035084,0.9993774654823516
id01664,3.715404999362051e-05,0.9999192391063956,4.3606843610835074e-05
id00096,0.9960420378099775,0.00013990565693642674,0.0038180565330860838
id01475,0.0009535487690875284,0.03685994097663109,0.9621865102542814
id04020,0.004209893136690127,0.004049567675479797,0.9917405391878301
id09617,0.12802555482331027,0.0006398513878255053,0.8713345937888642
id13098,0.8665063924071055,0.1333987340207377,9.487357215685131e-05
id19010,0.0009475515127610283,0.9986857041077221,0.00036674437951687
id12754,0.9999631811884656,2.5322201174600588e-05,1.1496610359781629e-05
id25238,0.974249552782162,0.0009601546889123662,0.024790292528925627
id14896,0.11496108647762511,8.129661142494353e-06,0.8850307838612325
id16827,0.013188907573942464,0.0005932022416691689,0.9862178901843883
id11685,0.32873692933783466,0.030119224062339363,0.6411438465998259
id10496,0.01069941699377773,0.36269238100051704,0.6266082020057053
id08073,0.5983704611083056,0.14815526723152753,0.2534742716601669
id08504,0.10235060073928258,0.0020709689650535057,0.8955784302956639
id25872,2.627023796781343e-05,3.062809152624391e-06,0.9999706669528796
id09498,0.1877555818225932,0.8104984282378662,0.0017459899395405906
id23890,0.024915828587067364,0.9700287075336068,0.005055463879325886
id15065,0.010116209355494076,0.008379803867599026,0.9815039867769069
id11197,0.010362697397322004,0.7655424337565906,0.22409486884608742
id02832,0.003950002297130843,0.8381846576617455,0.15786534004112357
id26969,0.994166240893132,0.0006082360699591478,0.005225523036908822
id25442,0.3496390436084978,0.5985479963834777,0.051812960008024676
id09727,0.15631823456784824,0.05627417256835991,0.7874075928637918
id18592,0.00012226357116842043,3.2153790910030754e-07,0.9998774148909225
id11442,0.9907609809341731,0.006502504964728469,0.002736514101098452
id22071,0.8283245834218035,0.1033237394093697,0.06835167716882687
id09700,0.061286754763571843,0.0012695861942561123,0.9374436590421721
id20265,0.9999098239505707,5.971795519508535e-07,8.957886987735808e-05
id23687,0.9990742979730465,2.0704559615018994e-05,0.0009049974673384666
id01055,0.017049331472920263,0.981142187035612,0.0018084814914677077
id08519,0.8993370830899723,0.05642388817754027,0.04423902873248742
id05922,0.9245314831280976,0.06768724722948524,0.007781269642417203
id02918,0.007093911339961697,0.9929021852304721,3.903429566138749e-06
id14502,0.999486826286217,0.0004979351835210928,1.5238530261940802e-05
id01642,0.19412401144505342,0.01565219987571665,0.79022378867923
id21251,0.3838213347516859,0.6160620035157479,0.0001166617325662405
id09673,0.027186615895030797,0.25971187404239476,0.7131015100625745
id17837,0.03123576093171308,0.014090170467574777,0.9546740686007122
id24245,0.9957578235249264,0.0007235578439462572,0.0035186186311274388
id15837,0.08284377233425719,0.0032353815950598493,0.9139208460706829
id13077,0.017094429869998266,0.0005580915143428487,0.982347478615659
id23079,0.6273303973943763,0.31116455117088554,0.06150505143473807
id12938,0.0009409305461828606,0.002756797883049791,0.9963022715707673
id12144,2.2130367454327136e-08,7.584650471291732e-07,0.9999992194045855
id06882,0.9790395573374642,0.0004984236156922752,0.020462019046843524
id06354,0.04998034085907447,0.00030387901743158196,0.949715780123494
id23573,0.5275167904478861,0.018546247490039903,0.453936962062074
id13800,0.00186171162430381,7.2600573383415e-08,0.9981382157751229
id26115,0.014051640556986173,0.1186684616373159,0.8672798978056979
id21179,0.00011689208781989829,2.788878721285094e-07,0.999882829024308
id00125,0.9840107645898327,0.015973936395336452,1.5299014830742107e-05
id22600,0.017893232179358298,0.033447923387561314,0.9486588444330805
id15726,0.03490991774642946,0.00021018579090105187,0.9648798964626695
id08078,0.7822350210933641,0.11050944129752847,0.10725553760910744
id20091,2.3722344730351467e-05,0.9950816144611214,0.00489466319414823
id00026,0.7969744938759808,0.006575995961033363,0.1964495101629859
id03698,0.9863653740993735,0.003251925956586708,0.010382699944039788
id09198,0.6378655863474277,0.10493035705563294,0.2572040565969394
id12520,0.6927076574682046,0.09774447512806732,0.20954786740372816
id16277,9.188047187870712e-05,1.8865952024026594e-06,0.9999062329329189
id17964,7.875274921298507e-06,6.970684213426339e-05,0.9999224178829444
id24040,0.029503510865076316,0.9683492277872305,0.002147261347693181
id17613,0.9462289265742604,0.0030692195945796123,0.05070185383115997
id00157,0.9015063714698882,0.004325398117753633,0.0941682304123581
id10012,0.09785113050713332,0.013260697518568563,0.8888881719742981
id02419,4.835530626835772e-05,2.705631122456368e-07,0.9999513741306194
id05562,0.4504031433883981,0.000516988663590354,0.5490798679480116
id09049,0.0011492407239661285,0.9982267096659424,0.0006240496100914982
id24915,0.0002723396928461294,0.9929881903753794,0.0067394699317744645
id02808,0.19369657629489292,0.01241098603016163,0.7938924376749456
id00167,0.9801898862559307,0.01978750128919179,2.261245487743344e-05
id13451,0.9999926451113229,8.011171093737318e-08,7.274776966132506e-06
id24775,0.9216758632697819,0.07727510057179048,0.0010490361584276774
id10240,3.2816886699087153e-06,0.999987782673969,8.93563736102985e-06
id24597,0.474464671811106,0.09238297053617095,0.43315235765272303
id15364,0.026713642260004423,0.9688636573918158,0.004422700348179807
id13191,0.0018864037949501925,0.6256351857838874,0.37247841042116236
id09592,0.0006233208414077956,0.0007288375699063517,0.9986478415886858
id12083,0.005756810330530458,0.007828966060085365,0.9864142236093841
id23492,0.4542106780923803,0.1267420074901557,0.41904731441746396
id06816,0.01601415543269586,0.014968148111694508,0.9690176964556096
id16971,0.12445834170344725,0.2060861699255014,0.6694554883710513
id05675,0.971803222526229,0.0009941979574296326,0.027202579516341426
id23037,4.729432417609372e-05,1.0455251582071592e-06,0.9999516601506657
id00399,0.7068776979655726,0.011902982566006805,0.2812193194684206
id05925,0.03867948718618947,0.4596863752944424,0.5016341375193681
id01834,0.9852243519386077,0.011879064175639465,0.0028965838857528585
id20350,0.0025574421222848555,1.6752728630645977e-08,0.9974425411249865
id18961,0.3002277068369047,0.4051315701179866,0.2946407230451088
id02132,0.0009071290921489559,0.9984510931509807,0.0006417777568703053
id26609,0.04876456292764173,0.9511973854048313,3.805166752697709e-05
id16532,0.0003107891942160752,0.9977369483192796,0.0019522624865042657
id23289,0.9997515290969163,0.00020420744287008932,4.4263460213603994e-05
id26621,0.9999404546923729,3.9141695729647074e-05,2.040361189744653e-05
id03254,1.76812514287943e-05,0.9999426082935252,3.97104550459825e-05
id04701,0.008952159506524221,0.008021789082056119,0.9830260514114196
id26600,0.0012560351742071916,0.9987417863021238,2.178523668986427e-06
id16006,0.0010549430810364879,0.995929982649669,0.003015074269294574
id25724,0.0007903006745279766,0.0003678998983559522,0.998841799427116
id27223,0.9690693247424544,0.0005757246159242398,0.030354950641621366
id14345,0.942189278209799,0.047908381921491015,0.009902339868709972
id27374,0.018428225902696063,0.8804554704173972,0.10111630367990662
id21131,0.006024709124867234,0.0030989258332638566,0.9908763650418689
id12410,0.9696733471789489,0.01660654559099541,0.013720107230055624
id15483,0.20851087736698898,0.17905350237968354,0.6124356202533275
id15429,0.8774686989811143,0.005527980430283599,0.11700332058860213
id25480,0.8217886271541691,0.0647294665028972,0.11348190634293366
id11453,0.023015787094017862,0.9697616692992163,0.007222543606765863
id20437,0.12932715185205707,0.6108817232880344,0.25979112485990846
id08468,0.022169062796563842,0.36559166422434775,0.6122392729790885
id22181,0.7402916877020949,0.25854972718430136,0.0011585851136038559
id18810,0.9558183086475064,0.04266607644344373,0.0015156149090498957
id17482,0.5800616658722774,0.20154587439389,0.21839245973383276
id22746,0.38973831060859354,0.5617111440570693,0.04855054533433714
id03107,0.9767642873330901,0.0008116231983752919,0.022424089468534678
id02184,0.9590196365781609,0.03521635267095273,0.005764010750886424
id25068,0.9332296145643509,0.011638080534103873,0.05513230490154517
id19154,0.9484771611418535,0.014489946833609817,0.037032892024536655
id10358,0.9402925798037527,0.03573682087647956,0.023970599319767718
id09126,0.0030765700975703067,0.029795178783487093,0.9671282511189426
id05936,0.7566530114534536,0.22926449766318446,0.01408249088336185
id00020,4.457967290086098e-05,0.9999215400659097,3.3880261189425354e-05
id20771,0.11470551030679343,0.03954458309203878,0.8457499066011679
id00116,0.042288598380178684,0.9558355868782988,0.001875814741522438
id12424,0.03200217665522667,0.0007362181609819013,0.9672616051837915
id05755,0.00012669509986476147,1.7266553022661302e-05,0.9998560383471127
id27476,3.543961260190854e-10,0.9999999983206176,1.3249863017802838e-09
id02686,0.9724033503408404,0.006992967748784387,0.020603681910375246
id10234,0.9592649951800679,0.00495842738245025,0.03577657743748191
id05969,0.9604484844086211,6.04837366668994e-05,0.03949103185471201
id14440,0.02356912104987825,0.9761446825336669,0.00028619641645475784
id09937,0.45758343538952884,0.5421995017167561,0.00021706289371501068
id08238,8.71143932505355e-05,1.3676902947977095e-07,0.99991274883772
id11090,0.1869703774361215,0.8076331393816324,0.005396483182246218
id13183,0.0014670624513391786,0.00024210335649171817,0.9982908341921691
id25712,0.019106297682327588,0.9735802730051943,0.007313429312478057
id22510,0.019364809773998768,0.0032880280794108374,0.9773471621465903
id19204,0.9924848874257558,0.0012186740274965676,0.0062964385467476095
id05758,0.0037791520100866074,0.016551341421135377,0.979669506568778
id27063,0.5409692610430559,0.1947802058663017,0.2642505330906424
id11773,0.02412165809985958,2.5422917985464602e-05,0.975852918982155
id11562,0.9120147840632118,0.0006297599496966835,0.08735545598709156
id16208,0.03108115974349792,0.0003732010653681403,0.9685456391911339
id04036,0.009096334678559668,0.018405892875060326,0.97249777244638
id26159,0.9745962040335315,0.003561894490328842,0.021841901476139618
id26777,0.4478833598178956,0.2377639957604682,0.31435264442163624
id08501,0.8672916511160113,0.04052628480686872,0.09218206407712004
id11216,6.943154618543635e-14,0.9999999999996948,2.3583771047368086e-13
id03410,0.7249596566447285,0.191896634043209,0.0831437093120625
id04537,0.18771432654461945,0.0001912243616706367,0.81209444909371
id26628,0.9546638761387198,0.0379200615293293,0.007416062331950913
id01586,0.0027938371528687597,0.9972012865960045,4.876251126868555e-06
id13421,0.47862683735987893,0.007604856402983491,0.5137683062371377
id26084,0.0988141475043983,0.8911721386648875,0.010013713830714109
id05375,0.004862694255119782,6.150429547279688e-07,0.9951366907019255
id23212,0.9899832156491338,0.009680345352057248,0.0003364389988090149
id15980,0.9748600796029585,0.010546109540687201,0.01459381085635428
id11719,8.123599627756929e-05,0.9999177559771514,1.0080265710929522e-06
id13109,0.9931209542673773,0.0024971075592563736,0.004381938173366402
id07156,0.9999775505522148,2.591384125741897e-06,1.9858063659521975e-05
id04893,0.7052247882409662,0.28479066629148425,0.00998454546754957
id11749,0.6711233504064094,0.012262467320015723,0.3166141822735749
id10526,0.01673050902348627,0.0260872951942999,0.9571821957822139
id13477,0.9911300282437702,0.006709273207238683,0.002160698548991127
id13761,0.022225963584338888,0.00016858465724070083,0.9776054517584204
id04282,0.017540953722669946,0.9824525770659291,6.469211401008319e-06
