id,EAP,HPL,MWS
id02310,0.006300256782349015,0.009303512791593926,0.9843962304260571
id24541,0.9991107983972555,0.00045471902246351187,0.0004344825802810422
id00134,0.01319468715835284,0.9839952107054183,0.0028101021362289267
id27757,0.9332113409392433,0.06463704209089789,0.0021516169698588255
id04081,0.8050004424134989,0.10581808274638084,0.08918147484012034
id27337,0.9933179078660832,0.006592406442557322,8.968569135958442e-05
id24265,0.9471341173416341,0.051804107210704047,0.0010617754476619226
id25917,0.0017576692389527227,0.10945647316892965,0.8887858575921176
id04951,0.9997912004633619,0.00020855336429938368,2.4617233872422873e-07
id14549,0.969429143979245,0.0076200760772398,0.022950779943515246
id22505,0.04728878319196941,0.1923498462934875,0.7603613705145431
id24002,1.46088051073819e-06,0.9999984651692316,7.395025762001618e-08
id18982,0.16854798093077356,0.8004459924393245,0.03100602662990209
id15181,0.009818067903263427,0.9900274415320914,0.00015449056464510044
id21888,0.8442336491254752,0.02575678513578393,0.130009565738741
id12035,0.00020560611995253624,6.139231809283312e-05,0.9997330015619547
id17991,0.32575192271313586,0.008693897809467506,0.6655541794773967
id10707,0.9999926924745829,6.148597618644374e-06,1.1589277985281804e-06
id07101,0.5774257261152868,0.008884044309140374,0.41369022957557283
id00345,0.21432953410526687,0.7831404590763815,0.0025300068183516603
id05912,0.9274872179387744,0.04267415692759382,0.029838625133631835
id13443,0.9901338040542516,0.004804525737678787,0.005061670208069669
id09248,0.45295170606738344,0.04774652629813649,0.4993017676344801
id17542,0.05252224220190049,0.9416288710343106,0.005848886763788951
id06995,0.005865218483001922,1.8513224856025486e-05,0.9941162682921421
id25159,0.6175993735420889,0.013092817361619161,0.3693078090962919
id25729,0.3822139840698561,0.5936453004701814,0.024140715459962374
id26949,0.9657008167746574,0.029851131638193255,0.004448051587149324
id27191,0.00885745906244385,0.0008220719433007558,0.9903204689942554
id07668,0.2175064216128093,0.00021198998355725937,0.7822815884036334
id02230,0.005705122883365949,0.5460157825303255,0.44827909458630855
id15553,0.999639309941983,1.6511295237111227e-06,0.0003590389284933801
id25688,0.00482123589285421,0.9951422867686834,3.647733846245711e-05
id17545,0.9951331291331048,0.002608845892075838,0.002258024974819398
id13929,0.24507072313018574,0.14738162912318706,0.6075476477466272
id12880,0.29827798900497277,0.6982950110212022,0.0034269999738250146
id19282,0.6184899210174324,0.13010768984882867,0.251402389133739
id14690,0.002763787557129755,0.00022946239632576243,0.9970067500465444
id17975,0.04455336258694217,0.9540287639710417,0.0014178734420160087
id08037,0.9913230922115005,0.0038108226366752847,0.004866085151824272
id15412,0.15975965118628882,0.006152655735439947,0.8340876930782712
id25032,0.6192362305876745,0.048165867179933264,0.3325979022323922
id27165,0.999768597880794,0.0001853884507442114,4.601366846171424e-05
id03327,0.8259752395083837,0.1622002229767399,0.011824537514876525
id18515,0.9122151558408168,0.013030652994989149,0.07475419116419413
id21003,0.12215211900181525,0.005443222761737107,0.8724046582364476
id23855,5.018756193399558e-05,0.9759443237206021,0.024005488717463896
id20724,0.8073909577648548,0.13666553655019706,0.055943505684948124
id13303,0.630654727889445,0.023059107944678883,0.34628616416587615
id16521,0.00044729228479491813,0.6792396320515532,0.3203130756636519
id20775,0.9999401848081284,5.6507371035985735e-05,3.307820835567838e-06
id13029,0.997813283305388,0.0019399883740008545,0.00024672832061108395
id14660,0.6823833315446116,0.31480469431672353,0.002811974138664839
id11028,0.00024679052938319834,3.93948400942303e-05,0.9997138146305226
id14180,0.9935028874108746,0.006033231458619856,0.0004638811305056448
id25860,0.9999537798442031,4.351794310148554e-06,4.186836148678073e-05
id11910,0.4156911543787465,0.030464996905760516,0.553843848715493
id08065,0.05552801870740666,0.007358396545288868,0.9371135847473044
id22674,0.012019303107093102,0.0014905776008685174,0.9864901192920383
id25018,0.5194437164715502,0.001220292818780645,0.4793359907096692
id10892,0.002525575680000604,0.9973430786563597,0.0001313456636396676
id10217,0.038012455945888896,0.9619791261024935,8.41795161766254e-06
id12996,0.48973306309270825,0.06143632067038451,0.4488306162369073
id18262,0.7774836396837151,0.12445692219830803,0.0980594381179769
id08606,0.003051045505202445,0.9969096190242225,3.933547057521702e-05
id17233,0.8806210608610162,0.02500203120567814,0.09437690793330573
id00101,0.5806990623289249,0.3852873903311011,0.03401354733997406
id12225,0.9227194964724342,0.053760372675937924,0.023520130851627817
id01364,0.0047303866769799465,0.9910367528720047,0.004232860451015549
id24973,0.782462016241148,0.005007229501373801,0.2125307542574783
id25363,0.9175477287477599,4.548722607845242e-08,0.08245222576501397
id10061,0.22177001774282087,0.011564825052037936,0.7666651572051412
id17673,0.12040004596979144,0.870725398172683,0.008874555857525586
id13249,0.17858144668332263,0.035852746875876994,0.7855658064408003
id10107,0.0045549529528376076,0.003528292483685734,0.9919167545634767
id04403,0.9919924209977061,0.0004111314534360545,0.007596447548857758
id25728,0.7221508884033521,0.07847513876099828,0.19937397283564978
id16184,0.1367749173488313,0.09540652475888689,0.7678185578922819
id03438,0.03090255145955041,4.0323308519118876e-05,0.9690571252319305
id22923,0.0004725997370333341,0.9995203644372235,7.035825743274555e-06
id08610,0.9968450302614653,0.0023565547424338183,0.0007984149961009959
id25355,0.052683157558091935,0.01640676141083116,0.9309100810310769
id16916,0.3652927763036958,0.5736719259274543,0.06103529776885001
id12793,0.0028122301503594534,0.996740531913384,0.00044723793625653114
id11859,0.7811389192281054,0.0019187447892837423,0.21694233598261092
id02434,0.9999984243344581,1.1027973508162536e-06,4.728681911220895e-07
id27703,0.0013542624957249604,0.0012223903964076442,0.9974233471078674
id25212,0.0023227408361228027,0.9972535240587127,0.0004237351051645611
id11308,0.028150084482877626,0.006826274628551334,0.9650236408885711
id26094,0.9974030738492384,0.0015197312608375654,0.0010771948899240625
id22080,0.919759865890259,0.07897230080146309,0.0012678333082778372
id03545,0.9996998182468683,0.0002492976660313519,5.0884087100422716e-05
id23725,0.0035594788621768707,0.0006248759409463024,0.9958156451968768
id12009,0.9350062684706373,0.03454289611512215,0.030450835414240488
id24241,0.08175215443304532,0.5829969447117626,0.33525090085519216
id03596,0.0035607379900495294,0.9963748890128119,6.437299713863117e-05
id10749,0.0027010798825254935,0.9941289458358792,0.0031699742815952427
id22794,0.0748894232597236,0.00511278814062548,0.919997788599651
id15482,0.039116532548585325,0.6679105710162537,0.292972896435161
id04833,0.8679620898792154,0.12475987147544275,0.007278038645341825
id00397,7.82633568873618e-05,7.215505502395907e-07,0.9999210150925625
id14691,0.01136952499724326,0.02291311966889717,0.9657173553338596
id05193,0.1857654040083164,0.003035779012302346,0.8111988169793813
id19541,0.979774064153395,0.0016868790708781823,0.01853905677572692
id22166,0.0009718464998281088,5.5656285999767675e-05,0.9989724972141721
id20744,0.0032627259146763617,0.00010876620535115367,0.9966285078799725
id10392,3.8406808137945876e-05,0.0013998820561946402,0.9985617111356675
id00770,0.993344650093656,0.002019194973975608,0.004636154932368399
id06018,0.9505564161252371,0.045137424624602955,0.004306159250159935
id15678,0.8629687182923701,0.010929445514649451,0.12610183619298052
id08305,0.9591953688959587,0.040366574585199454,0.00043805651884189407
id08903,0.2978312726191242,0.019366547994432937,0.6828021793864428
id14752,0.17434057761278843,0.815377586161173,0.0102818362260387
id12468,0.01455356926969384,0.9854140907772477,3.2339953058442865e-05
id05085,0.2420991064144605,0.7572570311167581,0.0006438624687813826
id21993,0.41941302071727116,9.644549910249336e-05,0.5804905337836264
id15503,0.8705391319537086,0.10443182287174003,0.02502904517455145
id03021,4.8292481654808744e-08,0.9999997042680803,2.4743943806087157e-07
id16123,0.9999135336134525,7.666277156486371e-05,9.803614982716076e-06
id19383,0.996092939855967,0.003658357389855934,0.0002487027541770142
id04186,0.9995915921310127,6.888903388563494e-05,0.00033951883510160036
id17954,0.000473685426833101,3.542106573177717e-06,0.9995227724665937
id12030,0.19151208409346596,0.0018519822390868463,0.8066359336674472
id13020,0.9343034953439939,0.05326274173710666,0.012433762918899431
id25327,0.0010574966231702912,0.8316041145652799,0.16733838881154975
id16344,0.4237711458525194,0.06059034624592952,0.5156385079015511
id12303,0.2663265760205993,0.7312671666289013,0.0024062573504993194
id15017,0.999065688494683,0.0009306321960238258,3.679309293150104e-06
id22308,0.45404141239362794,0.01972896908339878,0.5262296185229733
id06536,3.415514423112665e-05,1.4861556762042008e-05,0.9999509832990069
id19797,0.06684487603316765,0.927887505978972,0.005267617987860461
id06332,0.34748856606482703,0.449991054398998,0.20252037953617497
id22941,0.008813500999006955,0.1736589962034274,0.8175275027975657
id13547,0.007622325830031819,0.07528835783294364,0.9170893163370246
id06928,0.008362559273551973,0.0001710001597352699,0.9914664405667127
id12521,0.6174732233975401,0.37552063689052406,0.007006139711935835
id25716,0.8650514622637606,0.0003753716678319417,0.13457316606840736
id27116,2.008063501146634e-05,1.2388481812611301e-08,0.9999799069765067
id19941,0.03489606647992819,0.9427410724068506,0.022362861113221326
id05711,3.317783194744658e-05,0.00013126396496978773,0.9998355582030827
id02097,0.0018406359630155585,0.003942496174643532,0.994216867862341
id03563,0.0011423567195496304,0.9986663319535505,0.00019131132689997188
id02295,0.18275815707506385,0.7930419879348483,0.02419985499008796
id08179,0.9999999986510109,1.1381000583218338e-09,2.1088910246527707e-10
id05332,0.059184923123542,0.9352691682522447,0.005545908624213257
id15697,0.6611758117351616,0.0039484228924576035,0.33487576537238084
id17026,0.17676743620491858,0.12253183124525266,0.7007007325498288
id04243,0.8893635862016123,0.11019229816038591,0.00044411563800188735
id13175,0.9999997377851274,2.249398104170675e-07,3.7275062188689534e-08
id05387,0.999036831305,0.00011586223187251691,0.0008473064631274863
id19989,0.9489690151638798,0.028690323076252064,0.02234066175986813
id25173,0.12792924491184135,0.03139071144668811,0.8406800436414705
id08925,0.013045213552959437,0.9866758213468501,0.0002789651001905283
id03034,0.0018538695885567003,0.9851724547751487,0.012973675636294663
id13272,1.785575434743757e-05,0.9999289650262021,5.3179219450436766e-05
id07956,0.9618127610059874,0.0034733237993049555,0.034713915194707616
id02648,0.000560154383408212,0.0001318829308933482,0.9993079626856984
id01778,0.07916855399934707,0.0021586181290861586,0.9186728278715668
id12846,0.00018389365018211398,0.00023667232693696386,0.999579434022881
id19001,0.34258688060473547,0.016220501799508572,0.641192617595756
id05763,0.8515268419315262,0.030045517225242874,0.1184276408432311
id15590,0.00036675549535982864,9.078220717015188e-06,0.9996241662839233
id04912,0.6755255406673331,0.27272224642029264,0.05175221291237431
id21201,0.8490761806010709,0.10757810299799565,0.043345716400933446
id13215,0.9941751881534703,0.0013874956718954426,0.0044373161746343245
id15612,0.1299020802099063,0.8621340745162308,0.00796384527386299
id18501,0.11066280903320416,0.010038829870101825,0.8792983610966941
id07223,0.8900818392733535,0.08771486153347183,0.022203299193174698
id06707,0.6419239016003385,0.11717458490787401,0.24090151349178743
id05238,1.2151540336851218e-05,0.9999713084175853,1.654004207781564e-05
id00935,0.0033695265384560687,0.13562731906173703,0.8610031543998069
id00110,0.952968317959879,0.005649028372430119,0.04138265366769092
id17476,0.9071280996941066,0.09044182533579351,0.0024300749700999925
id15170,0.9999527570225202,4.353433813414448e-05,3.7086393456081483e-06
id13397,0.5381894405554213,0.0686354243533658,0.39317513509121294
id24283,0.898848505472238,0.078313442927911,0.022838051599850966
id15234,0.9845885767540982,0.01493243531644256,0.00047898792945932336
id16884,0.8354458024763698,0.07461079809291662,0.08994339943071358
id07831,0.5598826092099771,0.350816442692455,0.08930094809756797
id16038,0.9259422937119586,0.07291047662792328,0.0011472296601181444
id03629,0.9670758500733349,0.023819574951173827,0.00910457497549129
id21019,0.9389082551232946,0.019459371241783333,0.04163237363492214
id21835,0.21970331005753665,0.020967202768993998,0.7593294871734694
id04480,0.0008852350143314053,0.9990651860782718,4.957890739695355e-05
id20838,0.34892610410500563,0.6429897536312389,0.008084142263755431
id24195,0.520787714349137,0.10267994649396645,0.3765323391568967
id05448,0.9468479568368722,0.04954690773348252,0.0036051354296453898
id15957,0.04447599174904775,0.9519160830847527,0.0036079251661995373
id19956,0.0017750803706848433,3.16529167411544e-05,0.998193266712574
id15104,0.02536091575216105,0.05494681110665236,0.9196922731411866
id17559,0.7517505871049863,0.20728369336053146,0.04096571953448228
id16839,0.049069956496347884,0.2717418329646905,0.6791882105389616
id14493,0.7922151874781637,0.010900133953616928,0.19688467856821948
id08833,0.8921610544385534,0.0015241456285103813,0.10631479993293624
id15723,0.12394993866557862,0.01968249416085325,0.8563675671735681
id02716,0.9985316036191801,0.0002547494304948447,0.0012136469503250358
id06689,0.040414157681596286,0.9337066166229644,0.025879225695439274
id18837,0.7151086793014219,0.002007419392531483,0.28288390130604674
id04466,0.9875275536231123,0.01003710436364876,0.0024353420132389087
id00686,0.857730148150956,0.009802405196802085,0.1324674466522419
id09010,0.16192472609782393,0.8372646009966396,0.0008106729055364929
id23353,0.9858399386951201,0.003505965732770729,0.010654095572109258
id00066,0.8481041992557723,0.1485332652184421,0.0033625355257856167
id15724,0.029197279475214156,0.9667226389503161,0.004080081574469867
id23486,0.10903775052679618,0.00018956275915513592,0.8907726867140486
id22258,0.008862819368882459,0.005519795886903298,0.9856173847442142
id02292,0.7115312641495695,0.24816945346262578,0.040299282387804704
id16356,0.3035597213281712,0.005871482847603767,0.690568795824225
id00235,0.9887089437528597,0.0004493981554977832,0.01084165809164252
id25522,0.05993577303749004,0.002645420253366511,0.9374188067091435
id04204,0.02505483957878276,0.9741360197275148,0.0008091406937025111
id22016,0.5211010185478291,0.07441333961767102,0.40448564183449986
id06480,0.04966281375160646,0.949668352012914,0.0006688342354796175
id08718,0.07400757681560813,4.393381976875019e-05,0.9259484893646232
id05251,0.00013330344383657492,0.9998072384001899,5.94581559735928e-05
id03359,0.737448084740141,0.02293111798712607,0.23962079727273292
id16117,0.029419020998247135,0.0002903399574234086,0.9702906390443294
id17000,0.0015885850794297516,0.9983395982459772,7.181667459307067e-05
id01730,0.003307543468819812,0.9953640485151013,0.0013284080160789681
id00630,0.9139142251428342,0.08569290063248144,0.00039287422468433665
id18175,0.08455355440525741,0.001197885474418645,0.914248560120324
id00907,0.8770407188816493,0.0724968422776894,0.05046243884066134
id18251,0.0007375624974187669,0.9992184213303948,4.401617218641181e-05
id25861,0.7195937766365555,0.11046420336857818,0.1699420199948663
id00398,0.9352411251464068,0.049053263236855826,0.01570561161673735
id27573,0.9998195472257955,5.549164424663363e-07,0.00017989785776210238
id10022,0.00036834286892081385,0.9961680543812909,0.0034636027497883665
id15901,0.07217464468965104,5.3573343035565804e-05,0.9277717819673134
id00451,0.036063387377208635,0.020122733341427033,0.9438138792813644
id23129,0.017707958797573357,0.9821001733119881,0.00019186789043846637
id26498,0.18080725242185955,0.7795539215034231,0.039638826074717436
id14741,0.06695841807354744,0.9294053825043672,0.003636199422085366
id18453,0.21950819954722342,0.14988520593839239,0.6306065945143842
id08309,0.7163820896731995,0.27279785099745213,0.010820059329348436
id00320,0.9999998870842229,4.900582521698739e-08,6.390995184189699e-08
id07688,0.21293187204227748,0.08610337323356605,0.7009647547241565
id01556,0.005073522437506768,8.225107098652155e-05,0.9948442264915066
id00178,0.5690330438144992,0.018503137465475453,0.4124638187200254
id18902,0.0043730508343687345,0.0059026701588458476,0.9897242790067854
id27002,0.34214905041964333,0.6525228730893033,0.005328076491053371
id21418,0.9997650852134329,0.0001712035484222732,6.37112381448835e-05
id23018,0.12283193951899647,0.15300875044035547,0.724159310040648
id07032,0.5207742514100033,0.016990666311159336,0.4622350822788373
id16195,0.6360091910733291,0.1068517743388133,0.25713903458785764
id11202,0.08020157569814876,0.9157219190766454,0.004076505225205845
id09578,0.9206287394095641,0.010246378996046947,0.06912488159438895
id26984,0.9347290270307552,0.006426476672209529,0.05884449629703524
id19856,0.0037796964269965453,0.9956305153477829,0.0005897882252205434
id12086,0.5555317083162887,0.05055670181509465,0.39391158986861674
id12052,0.041577415996971186,0.010680121556859339,0.9477424624461696
id17728,3.9524002206441155e-05,0.00011400030215468585,0.9998464756956389
id24608,0.7326133434613119,0.0276736045139258,0.23971305202476229
id21097,0.13902856952446704,0.01992619130202215,0.8410452391735109
id20179,1.705403652324785e-05,6.250094142260711e-05,0.9999204450220541
id15144,0.7517034748872712,0.1931138088109264,0.055182716301802506
id00206,0.9848515283703373,0.0025476585523822146,0.01260081307728034
id22285,0.0010741985817127968,0.0010216737029743294,0.9979041277153129
id06417,0.1037192383473304,0.8128546604340269,0.08342610121864287
id00215,0.003880519476020512,0.9960289154947566,9.056502922279138e-05
id04201,0.42372218476329115,0.02146976343394614,0.5548080518027627
id21771,0.9752535956129578,0.02340132513600403,0.0013450792510381851
id12451,0.0039003142969609873,0.21229453789154668,0.7838051478114924
id14250,0.13756514787447188,0.6992792781326402,0.16315557399288783
id03433,0.013365981378518948,0.9865545158782121,7.950274326898413e-05
id03303,0.06888334747342069,0.00501281389431766,0.9261038386322616
id25901,0.09134379031028891,0.6123169628729683,0.29633924681674273
id06945,0.5022541962057804,0.010286911212728811,0.48745889258149083
id05664,0.8249408856075169,0.11491065271663867,0.06014846167584448
id05741,0.9999974288399927,2.07941694289772e-06,4.917430644888339e-07
id10652,0.922836712324746,0.028680944461504133,0.048482343213749925
id16300,0.9953424523753563,0.00029965644284105097,0.004357891181802716
id12319,0.7414123659636389,0.1933775026284131,0.06521013140794797
id07500,0.02523173794389789,0.9746112604771247,0.00015700157897744691
id12478,0.28020395022128575,0.12234211339650844,0.5974539363822058
id03076,0.0741622670066085,0.000548150580705785,0.9252895824126857
id00969,0.6492120135519464,0.27305522302062557,0.07773276342742803
id23636,0.010104468443260253,0.9639718310952539,0.025923700461485913
id09791,0.024248413177445704,0.16431334380020504,0.8114382430223492
id05680,0.0009110801349512968,0.9782993886119761,0.020789531253072625
id03672,0.0028451095766981543,0.9967735622162939,0.00038132820700792486
id04286,0.002194610108584291,0.9681938330486243,0.029611556842791445
id23883,0.0009058024748980558,0.013127654780776609,0.9859665427443254
id11914,0.21130276053708974,0.008874927827060963,0.7798223116358494
id20974,0.0006381729579498511,0.999158533080979,0.00020329396107107836
id26125,0.03749540534945825,0.0010763166778462495,0.9614282779726956
id15543,0.27765553319870695,0.0038346115394918266,0.7185098552618012
id19471,0.9998204695428896,0.00016041117061663373,1.9119286493776322e-05
id11503,0.8962071613290246,0.0865852459967093,0.01720759267426618
id09321,0.0015998573916955504,0.9633875396038248,0.03501260300447966
id25560,3.7743757889677606e-06,2.0593198530879407e-05,0.9999756324256802
id06726,0.453296247280312,0.27200887179392325,0.2746948809257647
id05709,0.986411077013351,2.0931419767771927e-05,0.013567991566881288
id09788,0.03304816564666178,0.31294943077410764,0.6540024035792306
id05289,0.9999953490679916,4.599532989775257e-06,5.1399018613905474e-08
id11815,0.0035501915171305804,0.9956654431841807,0.0007843652986887835
id22422,0.914785821195481,0.058281908049650256,0.02693227075486873
id25954,0.9932443388693627,0.004332150575051734,0.0024235105555855457
id13601,0.8974152031966321,0.055484356895721294,0.047100439907646584
id05677,0.9506568877241761,6.385890649226096e-05,0.049279253369331484
id10498,0.015252298201086763,0.9846897472660413,5.7954532871955946e-05
id02665,0.690685882648946,0.3007640529746198,0.008550064376434293
id10114,0.022047834232552892,0.9400586671818177,0.037893498585629404
id26314,0.9857077732077951,0.013627652130897887,0.00066457466130708
id21240,0.500557061504949,0.07465705049367798,0.42478588800137296
id15569,0.9991488929123192,0.0008363285658499129,1.4778521830856863e-05
id25928,0.07386865833265326,0.04769325969443197,0.8784380819729148
id22706,0.012561578581276652,0.9873112112462448,0.0001272101724786858
id20877,0.0008143035238075514,0.990275416999102,0.008910279477090468
id04318,0.97677443235749,0.004289791842630126,0.01893577579987997
id18299,0.20839785221816,0.6779083904892395,0.11369375729260063
id08126,0.026030057867104887,0.0002354547831158121,0.9737344873497793
id14293,0.4648195597512158,0.004606405489256528,0.5305740347595277
id12759,0.9967997714116468,0.00024381042380008588,0.0029564181645531516
id11983,0.5778765828102918,0.1276172714871087,0.29450614570259964
id05580,0.09052262011805863,0.831154471115841,0.07832290876610043
id25846,0.4602964969293443,0.42499586411173723,0.11470763895891843
id01939,0.6283060900428139,0.029468647005348122,0.3422252629518379
id26327,0.22844708407753136,0.24426174038851745,0.5272911755339512
id11068,0.0010397887912604311,5.544079134328661e-05,0.9989047704173963
id08404,0.9991619469531102,0.00017501339051716002,0.0006630396563725721
id27189,0.28193834037012105,0.7178934887056352,0.00016817092424383705
id15119,0.0035607679919267684,0.9827331335981236,0.01370609840994971
id26525,0.9962701658050873,0.002283195986389145,0.0014466382085234855
id03618,0.7831703872593749,0.19898048237950203,0.017849130361123025
id27220,0.9998171185358335,3.8620006698025814e-05,0.00014426145746828444
id18777,0.04344303574509074,0.0006831301611376529,0.9558738340937716
id20213,0.9755111333665543,0.0045758546049603,0.019913012028485423
id20403,0.9870589226101236,0.004167593493043324,0.008773483896833108
id03777,0.008564706813308471,0.03673205212936168,0.9547032410573298
id10595,0.010934579651433704,0.9861593527955634,0.002906067553002754
id13816,0.6218474444786705,0.012199275884956232,0.36595327963637336
id05667,0.007299523363438331,0.0013479309811137996,0.991352545655448
id24629,0.9409026578144358,0.0058558739609217625,0.05324146822464226
id20398,0.724757351433496,0.11890862049134066,0.1563340280751635
id14108,0.00013687585397730034,3.1661145074322754e-05,0.9998314630009484
id06196,0.0004103124561375453,0.9995219907270216,6.769681684078773e-05
id02800,0.9581783313805843,0.033149062494470034,0.008672606124945645
id18732,0.0006475350737386892,0.9977446666840617,0.0016077982421994837
id11915,0.004294637078885511,0.9925679712760958,0.003137391645018645
id09739,0.9458286564224695,0.021225882125949495,0.03294546145158114
id24672,0.999289715332729,0.00019350174715170352,0.0005167829201193358
id00414,6.083429702934642e-07,4.0540248161350086e-05,0.9999588514088684
id16307,0.999837211418361,0.00013356762290699103,2.9220958732048545e-05
id14043,0.14192697605860688,0.0004125253283129197,0.8576604986130801
id00517,6.467501074516339e-05,2.863731362082039e-06,0.9999324612578928
id09744,0.9608014782843006,0.03919269822739648,5.823488302911253e-06
id19257,0.9992565958109662,0.0003548030125567449,0.00038860117647710526
id15437,0.6856052121387901,0.3110947334165652,0.003300054444644663
id16352,0.014825148297669045,0.020054348690542113,0.9651205030117889
id18849,0.29574961521587895,0.0060774590791544195,0.6981729257049667
id19434,1.3004222899543416e-06,0.9999985055865713,1.9399113873236444e-07
id17928,0.10419249631023328,0.02807224518148906,0.8677352585082777
id16896,0.027772799941333828,0.005680545287119493,0.9665466547715467
id02135,0.09305795701960297,0.4387391921582262,0.46820285082217084
id15075,0.9948093368438542,0.004853221016692081,0.00033744213945377814
id27486,6.69681963693981e-06,0.999992867422747,4.35757616054898e-07
id19422,0.7618607615921243,0.23719744328075165,0.0009417951271240357
id09603,0.07139180948086417,0.8684911904273535,0.060117000091782336
id02133,0.02093092071489893,0.9730164115052743,0.006052667779826802
id03441,0.8189948645226486,0.00028521712920118685,0.18071991834815024
id02398,0.0003180568214331687,0.999661157382305,2.0785796261883298e-05
id05152,0.04934268250329206,0.002941551266355523,0.9477157662303524
id17838,0.34152330895524124,0.01845006723212672,0.640026623812632
id25060,0.9998347579889814,0.00015031472715901619,1.4927283859686119e-05
id09998,0.01970802466856636,0.010496480087930561,0.9697954952435031
id01828,0.026158800452629565,0.9079099432649252,0.0659312562824452
id25377,0.4015078443603954,0.02383965932609717,0.5746524963135076
id22175,0.07264608318507974,0.9261009400432755,0.0012529767716448412
id02974,0.0030199311521815334,0.004535587342466425,0.992444481505352
id26955,0.9977142236661061,0.0022739026211128347,1.187371278115485e-05
id21091,0.9913312080212094,0.0023661529728697898,0.006302639005920733
id12802,0.9453346999982813,0.05089115364514718,0.0037741463565714385
id07432,1.7163403973556838e-06,0.9999873037777837,1.0979881819000242e-05
id18749,0.013488324637165226,0.979936400964275,0.006575274398559711
id15030,1.672847549779789e-05,0.00019820276559031795,0.9997850687589119
id17155,2.582840027830554e-05,0.9999736464098045,5.251899172755122e-07
id08128,0.0003200487025922079,0.9899254531910877,0.009754498106320076
id25706,0.0014408912905837755,0.9951578414429438,0.0034012672664723645
id15645,0.9613722437277477,0.033083350277288315,0.005544405994964092
id04943,0.7931657855858435,0.18500552806528764,0.021828686348868705
id27566,0.0002895751147298186,7.020004232971912e-05,0.9996402248429405
id11765,0.4310666074393282,0.16272255732765817,0.40621083523301366
id13783,0.48883065607981796,0.299684308156707,0.21148503576347508
id00492,0.004343698784915803,0.0031102403128545606,0.9925460609022296
id27636,0.06447001467438485,0.0006355126655915314,0.9348944726600237
id04273,0.8599133444377283,0.023722704423017233,0.11636395113925445
id02537,0.059740032515740914,0.09461752250893853,0.8456424449753206
id24349,0.9641944022492628,0.03568105297486065,0.00012454477587661307
id00023,2.4967249989491967e-05,0.9996549610902122,0.0003200716597983101
id23025,0.07507748469772514,0.924566623387241,0.00035589191503380876
id08722,0.9894425612552561,0.00490722698598299,0.005650211758760891
id02420,0.9998573444936072,0.0001409855598487993,1.669946544010534e-06
id10811,0.9936655808790333,0.002556947268375188,0.003777471852591552
id04019,3.919643183266758e-05,0.00015182183234942664,0.9998089817358179
id18334,0.8959170254119425,0.09645099192322651,0.0076319826648311015
id16781,0.7970989396034582,0.18579562637496166,0.017105434021579977
id08773,0.8741439472358294,0.1246862905318688,0.0011697622323017553
id19214,0.8591128199087453,0.13248144242581333,0.008405737665441367
id09589,1.9715929851197617e-06,0.999958618191746,3.941021526889021e-05
id24246,0.9986244610939545,0.001130490299733994,0.00024504860631152214
id23577,0.30317272367245574,0.6965273257673528,0.00029995056019139024
id09305,0.9255419687932462,0.011550452747918456,0.06290757845883536
id16460,0.19032766238084817,0.04297439081191675,0.766697946807235
id21115,0.8993380605089635,0.01325260942208563,0.08740933006895091
id25996,0.6283574274550935,0.17772417371653734,0.19391839882836914
id02551,0.00019102598626331965,0.0014144099397685485,0.9983945640739682
id19352,0.0028509829839410646,1.5704348442984582e-06,0.9971474465812147
id03806,0.014674529454574248,0.009993217132952733,0.9753322534124731
id26544,0.9795364975659291,0.002420902818026517,0.018042599616044427
id18761,0.9488225077213859,0.03381852740787261,0.017358964870741494
id24148,0.02982378847914377,0.9630631265855535,0.007113084935302735
id16095,0.038651048339033225,0.943138974581126,0.018209977079840695
id18442,0.7425752926058028,0.07583453485919,0.18159017253500728
id22596,3.491893002760528e-08,2.383073942547491e-07,0.9999997267736758
id23002,0.03192333243429361,0.002551652513566484,0.96552501505214
id04797,0.9995575162438336,0.00022667986390138413,0.00021580389226503387
id06610,0.1660433369780345,0.006452667683535569,0.8275039953384299
id16173,0.4520446478579133,0.36149369929363917,0.18646165284844748
id18292,0.016312860598233087,0.0420405863782181,0.9416465530235488
id27328,0.9775448071514964,0.009584378192555894,0.012870814655947834
id01695,7.351862764985815e-05,0.9998987440656188,2.7737306731291315e-05
id05761,0.47627437761098007,0.0017210223334867113,0.5220046000555333
id16354,0.9863889114987338,0.0005825907125434121,0.01302849778872289
id12207,0.002325524474112475,0.9219932782517021,0.07568119727418544
id05665,0.015567941341079332,0.0008650796858196724,0.983566978973101
id01911,0.917741770118477,0.08083672417317571,0.0014215057083472782
id19153,0.12228868462380015,0.0005721925004099173,0.8771391228757899
id10295,0.7923418812498967,0.0653390477086868,0.14231907104141647
id23038,0.8217343283838996,0.14770138166996344,0.030564289946137062
id23783,0.20409531898061206,0.7955420976704063,0.00036258334898171346
id27879,0.9540361540104753,0.04374923865914817,0.002214607330376614
id19190,0.0038241299947461096,0.9961575812210429,1.8288784210935435e-05
id05065,0.9707135111782991,0.015089989122835643,0.014196499698865338
id21296,0.11676210952824398,0.8787254241335053,0.004512466338250751
id13262,0.24042009802540826,0.2520334987727118,0.5075464032018799
id10333,0.9805066785127091,0.005858449519791392,0.013634871967499395
id16677,0.2244728873769743,0.7672567397159215,0.008270372907104136
id01392,0.12824766965631976,0.01833504196622589,0.8534172883774542
id27874,0.9508744904315934,0.04871175500067846,0.0004137545677281167
id02294,0.0007792892905308076,0.9807741784153248,0.018446532294144363
id18298,0.00974863736124237,0.1369908991800132,0.8532604634587444
id06997,0.9996552176058182,0.00027232240090963174,7.245999327211353e-05
id05243,0.6787636822355058,0.16759860155178333,0.15363771621271086
id00860,0.0019000693685963328,0.9924147497066971,0.005685180924706536
id26681,0.9999951752653499,4.763525388968449e-06,6.120926122462493e-08
id06020,0.0009099025244335736,1.0384774579588027e-06,0.9990890589981085
id27683,0.9521542238951624,0.019686966863328353,0.028158809241509243
id17655,0.0005311483225327028,0.9994652480261659,3.6036513014564218e-06
id08817,0.04640108264995629,0.045292643585149395,0.9083062737648944
id11512,0.0005704657166013776,0.01751062758512853,0.9819189066982702
id00478,0.286622959746901,0.006168908655651817,0.7072081315974471
id02116,0.9797350407562809,0.003366035870051393,0.01689892337366775
id06746,0.9918180526977581,0.00741029567551998,0.0007716516267218344
id03863,0.5300830262900186,0.4350764476925167,0.034840526017464575
id01802,0.18387268288033354,0.8083124310806856,0.007814886038980798
id11682,0.7457433953169915,0.027353021474401832,0.22690358320860665
id04033,0.00369095944933934,0.9948728746347781,0.0014361659158825411
id09286,0.11857413899679567,0.6997303635792133,0.18169549742399102
id12904,0.9998937583185115,0.00010225362084621127,3.988060642174818e-06
id07420,0.0005111902754089099,0.00015089851132784465,0.9993379112132632
id22398,3.205707151272928e-05,0.9998579628432441,0.00010998008524305949
id00424,0.0311799978703208,0.004638683545593562,0.9641813185840857
id20960,0.9911083669431674,0.008504001394647895,0.0003876316621847368
id10267,0.023970146964815118,0.9745916470269254,0.0014382060082595617
id19330,0.5103572387804112,0.003423845136197839,0.4862189160833909
id00994,0.0016874819086655792,0.9978290419008498,0.00048347619048461413
id10785,0.8571709481345864,0.0883702920454941,0.05445875981991953
id00955,0.04668735419536158,0.9401913388284181,0.013121306976220326
id09757,0.000260830313392227,0.9996803065227259,5.8863163881907504e-05
id10030,0.05816684433231609,0.08157278472262638,0.8602603709450576
id22952,0.01862879971409598,0.0686306331867735,0.9127405670991304
id21955,2.13847632647849e-05,0.0018781367126511008,0.9981004785240841
id07674,0.8974973057749783,0.014854311246728105,0.08764838297829362
id13760,0.005447057321593233,0.9945134794948911,3.94631835156732e-05
id18166,0.9575653103860035,0.003104165422114214,0.03933052419188224
id23498,0.9824616671787894,0.014202716943320492,0.003335615877890112
id05296,0.998907443629163,0.0009486134687546505,0.00014394290208239192
id26709,0.9955715828817586,0.003426081402465737,0.0010023357157757358
id02853,0.9907031129005971,0.004118903185228957,0.005177983914173822
id06800,0.6942743458061763,0.09443752787777789,0.21128812631604585
id14758,0.2406949481691195,0.7488092121964619,0.010495839634418707
id12356,0.9998926711539113,0.00010401954038105411,3.3093057075984477e-06
id21492,0.9870498928593899,0.006744087367776341,0.006206019772833764
id27540,0.8741589730651107,1.08156648265257e-05,0.1258302112700628
id07376,0.12166046496647707,0.524209195466122,0.3541303395674009
id15201,0.49942718446557555,0.47899585746370443,0.02157695807072007
id23388,0.0028898171149418254,0.9843759421795999,0.012734240705458328
id13923,0.00346889495953037,0.9964510569974537,8.00480430158832e-05
id00794,0.00014244373490721223,0.9730964320370827,0.026761124228010063
id23910,0.1503463441530696,0.010932409269136892,0.8387212465777935
id02556,0.025524364843518044,0.07742998568680984,0.8970456494696721
id22151,0.0010604053728108479,0.998938028253603,1.5663735861857063e-06
id11698,0.041631226799016964,0.8642378353819212,0.09413093781906175
id11627,0.4742273981360028,0.08084031436224666,0.44493228750175046
id06340,0.9999881496598239,6.166307097245009e-06,5.684033078939654e-06
id05123,0.9597028256239926,0.0023941761664612996,0.03790299820954611
id26620,0.004342458245839789,7.406350038107491e-05,0.9955834782537791
id04002,0.00290281744693869,0.007705545058710078,0.9893916374943512
id26554,0.08264370157772606,0.6842346332326025,0.2331216651896715
id18012,0.1687592439799747,0.005761716953712436,0.8254790390663128
id12964,0.3590458824969962,0.00797489118259409,0.6329792263204097
id18965,0.0016321270122569343,0.470566713750173,0.52780115923757
id19082,0.024804844122067182,0.0021153490535072814,0.9730798068244255
id26742,0.01860947564910014,0.00018458909693935436,0.9812059352539606
id15442,0.06220445570856525,0.9375513827754236,0.0002441615160110976
id16647,0.7112642293109341,0.027225873505583652,0.2615098971834822
id11544,0.03969739948744194,0.016874294287771797,0.9434283062247862
id20581,0.4901015040893198,0.10237918212307733,0.4075193137876028
id13192,0.5218660896582309,0.3324952197397114,0.14563869060205778
id15814,0.15764411820127416,0.0034820303046950722,0.8388738514940307
id26279,0.03189949120058341,0.9674684030780384,0.0006321057213781527
id00240,0.974746900588377,0.008855381090016864,0.016397718321606275
id22836,0.9996783324676589,7.482632440929704e-05,0.00024684120793184766
id15085,0.0007507359332927377,0.8334648671734597,0.1657843968932476
id17495,0.7820929532039904,0.02624951862866473,0.19165752816734483
id26762,0.9532247337043267,0.006366122397365895,0.04040914389830738
id13685,0.9997652054065985,2.410934084570906e-07,0.00023455349999303734
id16560,0.008079270860005382,0.9917059441914828,0.00021478494851170192
id17184,0.0003771657883071004,0.9989933888544753,0.0006294453572175908
id21635,0.9996791468148674,3.147014179248562e-05,0.000289383043340098
id26751,0.7496765488435749,0.22716574911296047,0.0231577020434646
id12351,0.995591806446557,0.0004812350547569805,0.00392695849868606
id14872,0.5719639027211907,0.3880310389891213,0.04000505828968819
id18372,0.9735032460198808,0.009923978159278425,0.01657277582084082
id26851,0.8327347013561267,0.12167398961234772,0.04559130903152549
id22659,0.9247584046409387,0.0752161498882526,2.544547080878323e-05
id04102,0.0003061632033987869,2.651786464403637e-06,0.9996911850101368
id02353,0.0012128971731656757,0.997891268660089,0.0008958341667453027
id26721,0.9997030024538285,0.0001960958158362823,0.00010090173033523013
id11171,0.896387121021537,0.020331357291200787,0.08328152168726226
id13562,0.7257999480069843,0.26524481433854125,0.008955237654474415
id26425,0.9422887833822243,0.017806988144314445,0.03990422847346127
id26394,0.4860303667694102,0.009988517557348503,0.5039811156732413
id22187,0.73375388946929,0.2340945394384826,0.032151571092227535
id00422,0.9999461417132577,4.942267111609911e-05,4.435615626292907e-06
id22667,4.010887606985692e-05,0.999959679976315,2.11147615219946e-07
id00911,0.9475974867808102,0.0029522143366429218,0.04945029888254682
id17291,0.04951450779688772,0.02825234111136095,0.9222331510917513
id01915,0.038624105515414967,0.21621834379698116,0.7451575506876039
id01434,0.09911945783939886,0.027269607622335122,0.873610934538266
id01584,0.8598864058769161,0.006289816917819766,0.13382377720526425
id09266,0.9995553486206191,0.00020777244184078464,0.00023687893754013428
id17494,0.00040899389252921847,0.9989494595744477,0.0006415465330230391
id24919,0.6488477803105428,0.15871450434350678,0.1924377153459505
id21043,0.020095327226463917,1.9718157617894786e-05,0.9798849546159182
id17796,0.002762803626523999,0.9972217057708506,1.5490602625342672e-05
id02166,0.9492659157597136,0.00022238858018160918,0.05051169566010479
id17503,0.9945648040111776,0.0023545894539010364,0.0030806065349213993
id21203,0.9083083299059063,0.045234612216601536,0.04645705787749218
id25626,0.9999958908354963,3.8097872854475623e-06,2.993772182612955e-07
id09836,0.9995408795739968,0.0002726813032301521,0.00018643912277307328
id24202,0.008417978238510785,0.029575435548448582,0.9620065862130406
id27260,0.37986139729784496,0.012857166996096599,0.6072814357060585
id23167,0.0011209491159902905,0.0007240548259728412,0.9981549960580369
id10393,1.97829777940061e-05,0.9999489997675493,3.1217254656779804e-05
id01171,0.9432634817091734,0.05656990528648408,0.0001666130043426177
id06380,0.9769566502774184,0.012543259402680987,0.010500090319900655
id22686,0.03498217639389907,0.00023723292835203498,0.9647805906777489
id26250,0.18338569464448037,0.006509651335444583,0.8101046540200751
id09315,0.1270683323069373,0.7626101322557947,0.11032153543726803
id00886,0.006871933559060778,0.9901498546194367,0.002978211821502579
id03101,0.995331889872669,0.0017717109312461808,0.002896399196084865
id12367,0.7643821685347453,0.0017388016614863595,0.23387902980376843
id10770,0.9606338619993161,0.024240036760634857,0.015126101240049102
id14949,0.0016618255761401877,0.9976476384326286,0.0006905359912312395
id14141,0.4409875999503894,0.5579582700607252,0.0010541299888854028
id25417,0.5829458098766772,0.3168188674508095,0.10023532267251323
id26873,0.9677735306412052,0.031253463545849076,0.0009730058129456639
id10818,0.1791533510694705,0.01930110027178979,0.8015455486587397
id15146,0.8990128297111565,0.003148275251070612,0.09783889503777293
id23328,0.990677761690588,0.008751484822803477,0.0005707534866084537
id16765,0.6877994506914464,0.2649054160130803,0.04729513329547327
id24383,0.9975669692331594,8.9215471043608e-05,0.0023438152957971255
id21304,0.9876195426848535,0.0017858204200842018,0.010594636895062192
id12551,0.00777322872629047,0.9910988513693141,0.0011279199043954576
id23274,0.002673298409398617,0.006473182410022057,0.9908535191805794
id08117,0.963635620690329,0.011649437113587874,0.024714942196083074
id23961,0.9995326673941682,3.3376076060378285e-05,0.0004339565297714037
id13865,0.0012987747993548364,0.99867671162411,2.45135765352312e-05
id22807,0.2475494196824627,0.062041336606981884,0.6904092437105555
id08951,0.1789304046524534,0.00808202243188174,0.8129875729156648
id18684,0.9973908723029269,0.001744994555840405,0.0008641331412327237
id25179,0.012289477407765148,0.96697512597502,0.020735396617214755
id27033,0.8493799257747269,0.0001471522907798704,0.15047292193449333
id13977,0.012712562977026966,0.9802815526808106,0.00700588434216243
id19337,5.381454574862085e-05,0.9998465368277105,9.964862654087407e-05
id25764,1.8390395052416603e-05,0.9999619970931306,1.961251181692997e-05
id16106,0.19966931390411066,0.0017354824639142863,0.798595203631975
id05468,0.02460187870226809,0.0013931564982237515,0.9740049647995082
id05241,0.9906943724786217,0.00039791442560089207,0.00890771309577744
id10215,0.7106981749753457,0.14598631074498084,0.1433155142796736
id23457,0.0003644379859530371,0.0020374170613601237,0.9975981449526868
id02200,0.9999999881103537,9.909485437032883e-09,1.9801608260145393e-09
id13714,0.1367956550021468,0.8546059945491852,0.008598350448668078
id20332,6.511512738855745e-06,5.231878691703653e-06,0.9999882566085695
id18573,0.07979396957992427,0.03076103654251877,0.8894449938775569
id08569,0.9999884922668849,4.0528905108513533e-07,1.1102444064019746e-05
id22767,0.19375741871732383,0.5980157972957861,0.2082267839868901
id25390,0.008983827506300904,0.9817171695899688,0.009299002903730333
id09288,0.9775365331665203,0.00016789730673625217,0.022295569526743372
id12381,0.9996658330008263,0.00017652355013505808,0.0001576434490385725
id02895,0.02957175436709852,0.0009033193651255412,0.969524926267776
id25270,0.0001344320446226023,3.111833582489729e-07,0.9998652567720191
id14248,0.6461784343983372,0.04731522034879592,0.30650634525286696
id12831,0.9483028403746386,9.10985589069609e-05,0.05160606106645449
id18305,0.7752590279483932,0.012999031065842992,0.21174194098576393
id07805,0.9994423507703576,0.0005529817942134651,4.667435428984801e-06
id14027,0.01660877422117752,0.010869610022877936,0.9725216157559445
id02760,0.8975836795362705,0.0866628361060295,0.0157534843576999
id24362,0.9942695360816454,0.004643529357689457,0.00108693456066526
id17065,0.0038865102784014123,0.996106801958641,6.68776295771895e-06
id26583,0.0006583572026521564,0.9843096584057126,0.015031984391635226
id19664,0.9999935834508179,6.410290550291976e-06,6.258631810502533e-09
id25145,0.8579218751761297,0.09939686125223869,0.04268126357163158
id17858,0.021310368015460792,0.9773110585793947,0.0013785734051443895
id05148,0.11210666967110768,0.3569155081635096,0.5309778221653828
id22928,0.7404667744795753,0.2472640479256867,0.01226917759473797
id21549,0.6253249639894044,3.9816012290471287e-05,0.37463521999830524
id12649,0.05337066075335983,0.9457871089782991,0.0008422302683411165
id21597,0.9877030372977929,0.007582565113909919,0.004714397588297325
id27945,0.987321117874705,0.007059948876896674,0.005618933248398374
id00243,0.9999535440451188,1.7947088127999313e-06,4.466124606838167e-05
id02745,0.9900900197283173,0.00018373096806409276,0.009726249303618506
id23550,0.012851560935360095,0.025845833602115186,0.9613026054625248
id13023,0.0591768531847135,0.0001471760632039055,0.9406759707520826
id24796,0.062468224416730986,0.00032569526043577796,0.9372060803228333
id12284,0.032717215898721334,0.964162480086619,0.003120304014659619
id02664,1.9022293583393903e-09,0.9999760909854242,2.3907112346556154e-05
id23767,0.9906940696373668,0.005271514380514671,0.004034415982118509
id05859,0.01097668188626963,0.9659713919334431,0.023051926180287226
id14350,0.2534775811154365,0.31429111476517013,0.4322313041193934
id01191,0.08464777110095045,0.7638805738222321,0.15147165507681754
id17034,0.5114817889664528,0.014230848753105551,0.47428736228044166
id25292,0.9353985267743653,0.06458407579566573,1.7397429969038356e-05
id22121,0.9935171429816968,0.0019296758340403553,0.004553181184262799
id20872,0.9999230649051407,3.0408729424746245e-05,4.652636543455649e-05
id17720,0.0543152792231413,0.9439496327108615,0.001735088065997211
id22658,0.20749639089638205,0.7895964094367101,0.0029071996669078467
id09567,0.9819801866533944,0.0065189151603275665,0.011500898186278133
id16445,0.9958711121936158,0.001975077008417073,0.0021538107979672
id08349,0.022318309936547036,0.1206165341654099,0.8570651558980431
id27437,0.013990645010588568,0.02822420465325425,0.9577851503361573
id03812,0.9999575273558207,4.0901159092434044e-05,1.5714850869776516e-06
id22304,0.829595010686126,0.162854472930617,0.007550516383257078
id04449,0.598827468411236,0.34126673802228075,0.0599057935664833
id15605,0.3981495107087605,0.026088723000062732,0.5757617662911768
id01768,0.9413132053165897,0.029690084325820394,0.02899671035758991
id20019,0.025485266084085738,0.884439086767586,0.09007564714832837
id09593,0.0035538587763468276,0.995917821744664,0.000528319478989022
id23179,0.8103330767854522,0.0032661751886559004,0.18640074802589202
id21279,0.9738512002358896,0.0034100358066110554,0.022738763957499443
id06711,0.0008226509615169038,0.0007505176729523262,0.9984268313655308
id14243,1.1980417975923602e-05,0.9998918721762566,9.614740576750713e-05
id04839,0.0003210104379684898,0.0017391695433405148,0.9979398200186911
id17220,0.005563114843979565,0.9891163008848419,0.005320584271178507
id24177,0.7951280368629888,0.025033493255297277,0.17983846988171395
id20512,0.08860417695555821,0.009620968599662261,0.9017748544447796
id14036,0.0001834382240365025,0.9998145053593823,2.0564165811695093e-06
id25001,0.021195998603870284,0.0013299980128392455,0.9774740033832905
id06175,2.1008051241243524e-05,0.9998323082894383,0.0001466836593203603
id24720,0.09696531268450821,0.8878561375873804,0.015178549728111453
id08070,0.9919226356920109,0.008073393982740039,3.97032524915419e-06
id18934,0.9934228658517376,0.002550054019945329,0.004027080128317127
id01338,0.9983687721982465,4.880638501165418e-05,0.0015824214167418508
id19008,3.398892989332182e-05,0.9995865427481156,0.00037946832199098134
id19632,0.005204911420859237,0.9545857113788265,0.04020937720031433
id26224,5.470215572867837e-08,4.333268753320731e-07,0.9999995119709689
id08219,0.9924618887388967,0.004381885357064685,0.003156225904038582
id24008,4.565801318333606e-05,1.6703266886134958e-07,0.9999541749541478
id12475,0.0874684393372397,0.849738139536156,0.06279342112660433
id05766,0.17624859352959452,0.017691829620857108,0.8060595768495484
id27386,0.000558832085875195,0.999168546505937,0.0002726214081878171
id12476,1.3534916125884602e-06,0.9999985781247571,6.838363031432701e-08
id08311,0.9964525227925113,0.003442031845935292,0.00010544536155334528
id04996,0.36925514641818036,0.6295847991460995,0.0011600544357200904
id17350,0.03907796709918581,0.9608996181990102,2.241470180414686e-05
id05546,0.0002636896514890733,0.9989932484927654,0.0007430618557455941
id16504,0.0057595346067387775,0.994188330775012,5.2134618249320594e-05
id05782,2.7055062508229846e-06,0.00012883677113519046,0.999868457722614
id20560,0.8570451836099321,0.12195424102638341,0.021000575363684486
id14171,0.005545221431162619,0.04272405012832654,0.9517307284405109
id27461,0.24452189450038486,0.022979445542660713,0.7324986599569545
id03581,0.04215134923276438,0.0029455083957046625,0.9549031423715311
id21847,0.014695609740093292,0.0007116099902435548,0.9845927802696631
id11712,0.9582145497071703,0.014842196813293665,0.02694325347953599
id26738,0.011908484908749649,0.018352562258590756,0.9697389528326597
id13668,0.9972677212414913,0.0026950063411667943,3.727241734174996e-05
id15114,0.9998483505230077,1.5985009635404728e-05,0.00013566446735691862
id20130,0.4114189314009222,0.032183278493147484,0.5563977901059304
id18331,0.9983534904215915,1.6209534389730824e-05,0.0016303000440186877
id24465,0.99998617996475,9.717859574483198e-06,4.102175675488274e-06
id13539,0.9675047868062421,0.0321527209059933,0.0003424922877646237
id27564,0.0015652557803323894,0.9978652693026641,0.0005694749170035955
id26043,0.05528904173778009,2.9693512693343917e-05,0.9446812647495265
id04965,2.6854506826370418e-08,2.1670174499563166e-06,0.9999978061280432
id08645,0.0015702644681378547,0.0010048624644211446,0.997424873067441
id26610,0.8067645503899971,0.023017500682646054,0.17021794892735695
id21737,0.5984643648397161,0.3628679658567242,0.038667669303559714
id25784,1.548159678408884e-08,0.9999884714366792,1.1513081723999214e-05
id23030,0.9966185812871786,0.0031205038065061923,0.0002609149063152535
id16450,0.0035563459826793787,0.9943472613151235,0.0020963927021970773
id02161,0.2342846686377342,0.004590972906587664,0.7611243584556782
id25535,0.9989026202590242,0.0002676021812107545,0.0008297775597650926
id16566,0.9902964198228076,0.00033688608593861674,0.009366694091253841
id05714,0.993501922740625,0.006485422750555671,1.2654508819380587e-05
id16524,0.743795820132362,0.2523758782302952,0.003828301637342825
id23941,0.0014290101417427227,0.9979014807907642,0.0006695090674930812
id00831,0.0034294104208853456,0.17308510934120144,0.8234854802379132
id18145,0.5811865210255479,0.08597207481515455,0.3328414041592976
id17227,0.9999990021789084,4.4091125322517566e-08,9.537299663740662e-07
id09417,0.794998505916207,0.06485359999534673,0.14014789408844608
id21307,0.8795936542938204,0.08203169379932795,0.03837465190685154
id05650,9.047378812525324e-05,0.9999069907877062,2.5354241685228755e-06
id23901,0.908482921691294,0.07833699887047302,0.013180079438233098
id05831,0.9999302758136122,1.046638260886611e-06,6.867754812703417e-05
id16708,0.06334407343827339,0.9364087374709392,0.0002471890907873157
id02281,0.03883014892633021,0.15975380050286062,0.8014160505708091
id11599,0.20684129300912135,0.07878620976461519,0.7143724972262634
id18353,0.017066599889238858,0.9064805569245908,0.07645284318617032
id07413,0.7867657596147212,0.21252677395709493,0.0007074664281838369
id15653,0.00041216754428483076,0.9978656924448558,0.0017221400108593196
id09715,0.0007821408910214862,1.1279517068570687e-05,0.99920657959191
id05108,0.07141906820991561,0.9283631777456601,0.00021775404442423154
id09537,0.8129388792051727,0.034992554152011544,0.15206856664281582
id27596,0.9256335499580801,0.07237534608148109,0.0019911039604388666
id24255,0.08290665255323791,0.00020944649942940556,0.9168839009473327
id05080,0.0002087250231563514,2.6587723016707084e-05,0.9997646872538268
id09484,0.9960510324827846,0.00017895936517051854,0.00377000815204486
id14864,0.015689686060569644,0.00020048394770508465,0.9841098299917252
id26836,0.9054154066600811,0.030054989211852748,0.06452960412806603
id07003,0.8682822251156047,0.12974877455822956,0.0019690003261655462
id13750,8.595608781203645e-09,0.999999986498884,4.90550716722988e-09
id21799,0.059032886142536954,0.14671554170334408,0.7942515721541189
id11285,0.9999991187526597,9.561640180261921e-08,7.856309384976214e-07
id04735,0.9896405886769268,0.0021261999544647083,0.008233211368608466
id23049,5.046188757688855e-06,0.0001521539379067886,0.9998427998733356
id05826,0.0751331383953856,0.910430907250243,0.014435954354371432
id17916,0.3659225666022128,0.6300835284947159,0.003993904903071324
id14081,0.08145990324059267,4.7668042183293525e-05,0.918492428717224
id10527,0.1239438584495735,2.2369143809444698e-05,0.8760337724066171
id16059,0.004766632751321629,0.9818639101456629,0.013369457103015486
id25542,0.9999113223251797,8.72634823500323e-05,1.4141924703534234e-06
id05402,5.182803375165819e-05,0.0011263426359321776,0.9988218293303162
id01927,0.9989371225909809,0.0006219992682341169,0.00044087814078506374
id27656,0.7872811251740462,0.04141740318932944,0.17130147163662438
id06708,0.08234485767305841,0.8050298746950049,0.11262526763193671
id03524,0.5655392892195754,0.33987621632632586,0.0945844944540988
id12297,0.8680513877694275,0.049671237280999224,0.08227737494957339
id03439,0.987861261327747,0.004321100129769764,0.007817638542483327
id04587,1.0239984320068864e-07,0.99999988443218,1.3167976807100042e-08
id25470,0.00021147721896859457,0.9997876859777873,8.368032439210521e-07
id01212,0.3177855600484263,0.6764237624918452,0.005790677459728641
id13932,0.9120855091032407,0.06353250832016498,0.024381982576594383
id00124,0.05346135583549709,0.00048219749150716653,0.9460564466729957
id01592,0.9588298603721155,0.0038559532100782856,0.03731418641780624
id13461,0.23351053662952548,0.7517799360413248,0.014709527329149744
id24681,0.03496098504703254,0.4799395917085578,0.4850994232444097
id23245,0.1746023166541793,0.0014352249536542575,0.8239624583921665
id14073,0.5834429508926253,0.05808626513458428,0.3584707839727904
id05172,0.9797042404670616,0.001974331705578491,0.018321427827359866
id21979,0.9682981778021829,0.008642192401319273,0.023059629796497914
id00328,0.967320377377855,0.0007299733393892751,0.03194964928275566
id26102,0.9958301234373281,0.0017795647671745897,0.002390311795497334
id14867,0.30294154211974056,0.003492328640825432,0.6935661292394341
id27544,0.029169174768986447,0.9708196994296954,1.1125801318198229e-05
id16228,0.9922693958351233,0.0036229125380123537,0.004107691626864356
id16342,0.3287374219481254,0.6710420601690061,0.00022051788286848997
id24933,0.998024592575161,8.396872418591578e-05,0.0018914387006531705
id04601,0.9068383195283684,0.005051214819670068,0.08811046565196154
id01599,0.006914879309880727,0.9875404738737248,0.0055446468163943595
id06238,0.9662601822659268,0.03335955540679541,0.00038026232727783263
id06826,0.07349619018464228,0.8046898128713472,0.12181399694401054
id23307,0.980263774943483,0.01972295992433941,1.326513217757946e-05
id13575,0.9841016726401006,0.015032304023201108,0.0008660233366983282
id24174,0.3990724569102221,0.001777111516199849,0.5991504315735781
id19534,0.03755849093134652,0.1033926099083929,0.8590488991602606
id19602,0.006289914951021781,5.526627083052141e-05,0.9936548187781478
id26962,0.0013725410467135023,0.9920123100851284,0.006615148868158181
id04448,0.02044558210832374,0.9794729763234981,8.14415681782898e-05
id09786,0.17951526720615424,0.7068668881663787,0.11361784462746713
id25240,0.5700614407643426,0.2565993961020264,0.1733391631336309
id14893,0.9696796650624472,0.030184123355848157,0.00013621158170467785
id24221,0.999991905963846,4.351051111084912e-06,3.742985042895637e-06
id04696,0.778151092409481,0.010054650696304132,0.21179425689421488
id15153,0.005311333402812762,0.9876044381134372,0.007084228483749976
id13882,1.0379157999320157e-09,0.9999999823598494,1.660223490361212e-08
id17836,0.03281751965631119,0.9565436237942642,0.010638856549424737
id00574,0.0027805276488660513,0.9967059949619255,0.0005134773892085151
id02078,0.002579550948460487,0.8561102095305139,0.14131023952102573
id21206,0.03202821148545416,0.939479187222453,0.028492601292092634
id20084,0.9945445011143496,4.552261723921352e-05,0.005409976268411292
id26598,0.0071260720641723035,0.0001382981064076202,0.9927356298294201
id06838,0.1623540925099411,0.00016209828271216006,0.8374838092073468
id08786,0.013288299388422766,0.0023904615924751423,0.9843212390191022
id09550,0.001729069170495208,0.0002594569072805466,0.9980114739222242
id10206,0.9380262684360872,0.002921184646512782,0.059052546917399966
id21113,0.9877993449418202,0.01145502207617653,0.0007456329820032914
id21151,0.33499827594322595,0.6624681341067256,0.002533589950048463
id02692,0.9999488890648791,3.217400957346788e-05,1.8936925547411393e-05
id26446,0.980318675324809,0.010929313458635969,0.00875201121655494
id07377,0.021227762602869033,0.9787492724072624,2.2964989868459518e-05
id15998,0.8669405517364138,0.06023007708064591,0.07282937118294033
id19637,0.9920841755795773,0.00010941239809047515,0.0078064120223321955
id19735,0.019021149045453427,0.9386350307981012,0.04234382015644546
id13739,0.10502470848048433,0.02897513741595471,0.866000154103561
id25175,0.7618353942352691,0.20967388067089554,0.028490725093835385
id00563,0.5681587746797955,0.3338132323403229,0.0980279929798816
id09982,0.9325531272904184,0.0008403150275480333,0.06660655768203359
id15459,8.003189530438922e-07,0.9999991996128621,6.818485218207632e-11
id20785,0.0005579971752907023,0.00018122288301094632,0.9992607799416984
id07145,0.00537547326932042,0.014157602316045317,0.9804669244146342
id22204,0.008964350693830132,0.9803967581227435,0.010638891183426312
id09285,0.8184995772073562,0.005950393513574215,0.17555002927906957
id18157,0.00022534396320383657,0.0010551008460451875,0.998719555190751
id12134,0.03670440564041105,0.006104595039714943,0.9571909993198741
id23914,0.9932686956528768,0.0005187355333673657,0.0062125688137559055
id10483,0.9969875507117243,0.002994269285537643,1.8180002738090054e-05
id07092,0.993039315024261,0.0019666518883086456,0.004994033087430297
id14786,0.004779166710132195,0.10121785350655407,0.8940029797833138
id25741,0.9350571701768081,0.0006295368744771424,0.06431329294871481
id09050,0.010799237972082133,0.9887297722456426,0.00047098978227523363
id04938,0.9824088399547072,0.003986204542693301,0.013604955502599535
id05901,0.6881471091570306,0.03289805942205386,0.2789548314209156
id16975,0.0014067554438514332,0.9984255748220129,0.0001676697341357446
id08547,0.0009159258382373335,0.0005948590525428272,0.9984892151092198
id16355,0.8253320992876936,0.0019742886086165853,0.17269361210368975
id14568,0.9685427756384654,0.0014201883716733455,0.030037035989861238
id25599,0.0188675253785606,0.4415211306566531,0.5396113439647863
id01670,0.13297250319081982,0.866218973948075,0.0008085228611050281
id23945,0.0011358794589808917,0.9988240228001288,4.009774089033426e-05
id17394,0.011240873506878671,0.00012399819745266872,0.9886351282956687
id06501,0.3182206080450081,0.4952822915625157,0.1864971003924762
id26234,0.013253458363390364,0.9851849176155097,0.001561624021099892
id21280,0.0061916565937126765,1.6452603294359728e-05,0.993791890802993
id20048,0.006539528011645978,0.06776090408451173,0.9256995679038423
id01216,0.12403520755959914,0.8046165215839538,0.07134827085644709
id25320,0.9579862782969577,0.017758400566851604,0.02425532113619062
id22833,0.030809424757658257,0.005591606559272487,0.9635989686830693
id22056,0.2793769051807355,0.6735587821529108,0.04706431266635379
id02275,0.002799849559130094,0.9943129728665556,0.0028871775743143846
id26127,0.813954267627711,0.0021328128968616145,0.18391291947542748
id17011,0.011616720011505004,0.988263547379005,0.00011973260949002868
id13847,0.9856224497194366,0.0021162703848416117,0.012261279895721778
id00013,0.011598836876314992,0.9875473537888775,0.0008538093348074662
id16463,0.9916635041732137,0.005761093963787565,0.0025754018629988128
id04845,0.13312098893841767,0.8121547419904983,0.054724269071084075
id01787,0.005848845764262873,0.019027598408671156,0.975123555827066
id08637,0.9682548412492583,0.030227054829125282,0.0015181039216163512
id11414,0.0014757762688633648,2.3590634442807605e-05,0.9985006330966939
id13177,0.03856084787279269,0.6216605718399862,0.339778580287221
id24517,0.9975393525683727,0.0022018275163902764,0.0002588199152369468
id26838,0.9350001672326502,0.015673426217902475,0.04932640654944733
id23081,0.0004602056398678711,0.9990510698103341,0.0004887245497980614
id16327,0.017109696099756388,0.9599506563793169,0.022939647520926615
id27282,3.83742747323758e-06,0.9999961154177356,4.715479107212947e-08
id07489,0.304995740607855,0.08381644786332178,0.6111878115288232
id01718,0.00024051277097704996,3.3518071415535086e-05,0.9997259691576074
id15441,0.9322524036763497,0.04368654882866545,0.02406104749498505
id27736,0.0020758835630970743,0.8860679187008011,0.11185619773610185
id16324,0.001337462248255131,0.21468703397825967,0.7839755037734852
id12027,0.2625592611348649,0.258232713641194,0.4792080252239411
id24653,0.001338404899963542,0.9986595935172851,2.001582751386197e-06
id17541,0.07664926212605563,0.024693559388010933,0.8986571784859335
id22406,0.0684523220561689,0.6179050951922828,0.3136425827515483
id18356,0.8135717307929021,0.17330303260745378,0.013125236599644109
id04505,0.8296160711546983,0.06995240514426652,0.10043152370103521
id04246,0.7323151417595881,0.14491400819602418,0.12277085004438767
id07368,0.7288044480530123,0.13846002502336688,0.1327355269236209
id26185,0.006361126269274679,0.00030865349764293564,0.9933302202330825
id08878,0.14621166130401178,0.20514175268047752,0.6486465860155107
id27691,0.0001209419935124111,2.3323261095013648e-05,0.9998557347453925
id18004,0.8883383438448472,0.01002519828254789,0.10163645787260488
id24426,0.7676707143714225,0.053737845402482755,0.1785914402260947
id14164,0.9900468609017371,0.007585292887461906,0.0023678462108009447
id12653,3.142681848186206e-05,0.9996559122397332,0.0003126609417848837
id18060,0.5576179538891125,0.09326462696714871,0.3491174191437388
id18556,0.7965574551870457,0.08471264765789471,0.1187298971550596
id27371,0.005055603340327381,0.03827938919309823,0.9566650074665745
id11989,0.19505033624864287,0.528436893103866,0.2765127706474912
id26095,0.9992908585257292,0.00042716087368455314,0.0002819806005862639
id24978,0.17770139360142884,0.061947223205390554,0.7603513831931806
id20322,0.7402604192135015,0.0028086047603635444,0.25693097602613485
id01954,0.9911660235992923,0.007578283375317515,0.0012556930253901659
id07434,0.3174338560672565,0.2625452481904734,0.42002089574227014
id18144,0.00011497165171911823,6.428045358339669e-05,0.9998207478946974
id16250,0.05286099043897058,0.9220289130751588,0.02511009648587058
id17793,8.21638300179525e-05,0.0007834407811220241,0.9991343953888601
id24067,0.22277131352005602,0.015933092725621517,0.7612955937543225
id13891,0.016277473297460463,7.120171347320967e-05,0.9836513249890664
id07334,0.0014578760501714018,0.9981638272811746,0.00037829666865405717
id15633,0.0024527582358024667,0.9964110725523371,0.0011361692118604118
id23239,0.9667213206577161,0.0026682228952872806,0.030610456446996677
id10674,0.09468918004684358,0.029689343092561042,0.8756214768605954
id22093,0.5314352762612824,0.33274991017581007,0.13581481356290764
id08444,0.025184919250382513,0.9437819704729031,0.031033110276714185
id03257,0.013687631862511524,0.013456954222514259,0.9728554139149743
id10040,0.5530106240661539,0.4425839567858479,0.004405419147998347
id04902,9.993715083338436e-05,4.283645474184901e-06,0.9998957792036924
id01219,0.9413431468549452,0.011817932354971184,0.046838920790083546
id01340,0.9952139106864436,0.0027515866325535264,0.0020345026810029265
id05117,0.015596100164984058,0.9756226107937754,0.008781289041240576
id04908,0.02843832495441964,0.00014834931156155836,0.9714133257340188
id03626,0.004025484392995174,1.6593833719343314e-05,0.9959579217732855
id01888,0.9999848317693967,8.46944585026572e-06,6.6987847530672e-06
id17199,0.06629174821075447,0.0011985448158134322,0.932509706973432
id11200,0.9742363948193306,0.02473339335224972,0.0010302118284196051
id27561,0.18583949671225733,0.050331979544324355,0.7638285237434183
id20966,0.0005038481694153682,0.9993779837151625,0.0001181681154220761
id10257,0.008473000639798403,0.9834946344538942,0.008032364906307453
id21168,0.0011991803906115065,0.9777907094315804,0.021010110177808104
id23363,0.0036942900613466164,8.070405986822033e-05,0.9962250058787852
id05321,0.9990698114102928,0.0008594561732583006,7.073241644886542e-05
id09928,0.0066865472930986315,0.00021870845164235534,0.993094744255259
id18015,0.9999999953893881,4.607939894752943e-09,2.6719391923458853e-12
id02082,0.008517937911146875,0.9911921116297813,0.00028995045907192633
id19279,0.8739065047447219,0.12242254837024368,0.0036709468850344615
id08541,0.0021891494916289104,0.9972197940366129,0.0005910564717581247
id15249,0.020787932034940268,0.9679806993156786,0.011231368649381082
id03609,0.030260227660263355,0.9458321386770735,0.02390763366266315
id22902,0.002677730713240955,0.0008946660801512378,0.9964276032066078
id17733,0.9996480648689783,0.0003356244884157527,1.6310642606024732e-05
id07554,0.015446975282832379,0.018116410848392477,0.9664366138687752
id14120,0.9558162091084313,0.03130863365443522,0.012875157237133344
id21802,0.02222352098792078,0.9776187983821297,0.00015768062994939315
id15614,0.003825708387371813,0.995307251734838,0.000867039877790131
id19437,4.814090964062495e-06,1.9844440522077646e-06,0.9999932014649837
id22698,0.9310211077816634,0.05857239041027474,0.010406501808061883
id21841,0.004103046685688254,0.9911506683767974,0.0047462849375143005
id16177,0.9314118858214978,0.05802002038858139,0.010568093789920867
id15887,0.006176664174724011,0.025872018250741497,0.9679513175745346
id22629,0.7913446615035113,0.03489142371028914,0.17376391478619957
id10346,0.9466222454490041,0.005578383209173274,0.04779937134182277
id05154,0.9727413663423229,0.01925196263486378,0.008006671022813376
id22913,0.4985361659302926,0.4992765866444289,0.002187247425278583
id10544,0.04752045595467604,0.7934006472996048,0.15907889674571923
id08703,0.006290137576907461,0.9936918136858383,1.804873725431996e-05
id12817,0.2481836796189077,0.004155466588840364,0.747660853792252
id25433,0.9674908130668266,0.014726691723792802,0.01778249520938061
id25112,0.016656825713924774,0.0007796943979014939,0.9825634798881737
id05054,0.0005476067779727798,0.9840037072353706,0.015448685986656623
id02311,0.029129462546518308,0.9660629504736511,0.004807586979830614
id22160,0.012993906869221661,0.9864914628858218,0.0005146302449566051
id17422,0.9999986862272982,1.2804637955934522e-06,3.3308906250888016e-08
id18985,0.6584153149679038,0.05169970454755601,0.28988498048454014
id21905,0.021237216049300362,0.004856751451341206,0.9739060324993585
id17474,0.9584143076258606,0.03709097910499892,0.004494713269140446
id15236,1.6759961022730036e-05,0.9989634585294289,0.0010197815095484078
id13964,0.932248186898508,0.04046476990384711,0.027287043197645
id15962,0.000695508415071573,0.9991314861540209,0.00017300543090749857
id20866,0.07133239501735547,0.06368550403912945,0.8649821009435151
id06625,0.158541944926478,0.10751695285875268,0.7339411022147694
id09793,0.9013284149231394,0.010218403868272382,0.0884531812085883
id17365,0.00042016906056747375,0.9995604264132641,1.9404526168377263e-05
id18463,0.05255997504288624,0.8794579181157902,0.06798210684132361
id20693,0.09505409683246493,0.4701191219696509,0.4348267811978842
id08785,0.001104827660187142,0.9988300624762751,6.510986353768713e-05
id06783,0.02185552991469844,0.9742106564420723,0.003933813643229332
id23178,0.032720282130482496,0.002641546477507416,0.9646381713920101
id13513,0.01131995519364321,0.9829321765734319,0.005747868232924912
id25361,0.0013012254614448587,0.0001678537056150476,0.99853092083294
id22319,0.5180058046523641,0.10523075743965879,0.37676343790797706
id14024,0.3065265650411036,0.052944187592055034,0.6405292473668414
id24186,0.0019152906689814976,0.9979332241464821,0.0001514851845362264
id20965,0.9601123524574615,0.005237647889604755,0.03464999965293366
id06242,0.023219347844149495,0.05160673768204884,0.9251739144738017
id25665,0.020379048443039907,0.44206960520816363,0.5375513463487965
id09706,0.46240811870927084,0.18570650308123288,0.3518853782094964
id11026,1.6924113465011228e-07,0.9999983090809422,1.5216779231104946e-06
id04223,0.9952521608407844,0.0030681996379924442,0.0016796395212231529
id19674,0.00012979378131719823,0.999131467469144,0.0007387387495387442
id23420,0.013058452996634315,0.8326273233756455,0.15431422362772024
id18059,0.11778252613881338,0.8756744895056725,0.006542984355513992
id22576,0.9730694924139193,0.019941119069713648,0.006989388516367115
id18495,8.608611654602232e-05,0.9997054430670657,0.00020847081638834512
id14139,0.9978379713552412,0.0014939825852410592,0.0006680460595177681
id18313,0.031208873198447926,0.9669183977168577,0.0018727290846943865
id27356,0.9889118915603932,0.010716205580360186,0.00037190285924660466
id16035,0.02297344029835029,0.0010130495391676778,0.9760135101624821
id04182,0.799812314030877,0.18491054067353446,0.015277145295588445
id15667,0.9999633456501507,7.765875214294282e-06,2.8888474635041192e-05
id08713,0.9969336127862455,0.002311090967242206,0.0007552962465122474
id25563,7.30538400256823e-05,0.9997568207706158,0.0001701253893586127
id17023,0.9964597668881817,0.003076368671027545,0.0004638644407906409
id03014,7.81925314211972e-10,0.999999568468393,4.3074968168162734e-07
id23812,0.01633415467100205,0.9835982751906306,6.75701383672705e-05
id20057,0.05225177885930714,0.19291916192119118,0.7548290592195016
id12385,0.8883039808138642,0.04065847316570046,0.07103754602043531
id24416,0.13603795239490432,0.8639172927750859,4.4754830009725405e-05
id15672,0.03273659570521371,0.7511792260840455,0.21608417821074072
id13868,0.9997356567686235,0.0002643263141875371,1.691718893387756e-08
id21095,0.03579889322294674,0.04077935773000626,0.923421749047047
id05305,0.2539848771582808,0.6688152378977995,0.07719988494391988
id15384,0.009761008815762992,0.006606419545056694,0.9836325716391804
id14049,0.007804645893315672,3.074660837291183e-05,0.9921646074983115
id23441,0.9367674709072638,0.05092219047900863,0.012310338613727729
id12856,0.19588412853176776,8.485283680176423e-05,0.8040310186314306
id16055,2.6513579139707563e-05,9.910790393635648e-06,0.9999635756304667
id24771,0.08350523234192754,0.8929122098614477,0.02358255779662483
id14053,0.9741774604188873,0.015294960687147889,0.010527578893964834
id19547,0.0014993296308708488,0.09258436393268156,0.9059163064364476
id03639,0.10427032031540884,0.888826107306349,0.006903572378242101
id14546,0.18834691329329156,0.7598584315505714,0.05179465515613703
id13935,0.9388230487138228,0.0009772441022637786,0.06019970718391343
id20335,0.22204474941744365,0.7370585822302792,0.04089666835227714
id07301,0.02947832166406592,0.04450014585761556,0.9260215324783184
id10186,0.9225526594328463,0.0003875158108103219,0.07705982475634333
id00192,0.669436438453987,0.04073610676628887,0.28982745477972416
id17851,0.9938526384125398,0.006113474976712768,3.388661074734407e-05
id08403,0.007836423738558014,0.9748899706501504,0.017273605611291667
id06183,0.586241156414972,0.06750663990277664,0.3462522036822514
id24738,0.1515597693214388,0.5621083365673177,0.28633189411124343
id15112,0.9574377995126809,0.01342103085439848,0.029141169632920502
id19819,0.0003138213786535162,0.0007197243355759824,0.9989664542857706
id17722,0.00045358011575741535,0.0030853381024809634,0.9964610817817616
id24273,0.002913097782115853,0.840371957686303,0.15671494453158116
id18939,0.004700208478099867,0.0001942594537351822,0.995105532068165
id16076,0.18754048844056606,0.8080943117912703,0.004365199768163606
id23158,0.005482120539586088,0.013283471386197357,0.9812344080742166
id12745,0.7683972119202733,0.06292988095018212,0.16867290712954444
id22538,0.21952853795032334,0.7384570407410714,0.04201442130860524
id14975,0.6022605384106391,0.3977041637930965,3.529779626447767e-05
id27537,0.9837920419144822,0.014854460144356823,0.0013534979411610147
id06632,0.34346575257751827,0.00027724249163687116,0.6562570049308449
id08100,0.19995581346206145,0.7997880930728964,0.0002560934650420632
id00843,0.9999468889796242,5.160545780589607e-06,4.795047459511028e-05
id22159,0.05164450232925043,4.390249150327752e-05,0.9483115951792462
id18672,0.9082528144664118,0.0006983505131025393,0.09104883502048565
id06916,0.12702534136949697,0.8699289646598786,0.0030456939706244987
id22212,0.8511459609145451,0.019705196910908863,0.12914884217454603
id00273,0.07913953435358283,0.004911886885017361,0.9159485787613998
id26325,0.38808591949180027,0.5893963166358034,0.022517763872396415
id23683,0.044691002754504015,0.9548157885045385,0.0004932087409574358
id14419,0.0051486614803601975,0.9845855923386855,0.01026574618095429
id11931,2.4015174476868726e-08,0.9999999747755066,1.20931892182886e-09
id00568,0.09481333158770372,0.8968867114785585,0.008299956933737833
id12271,0.9697425166694369,0.0292197428065336,0.0010377405240295226
id12622,0.9995436983192499,0.00043705256599209277,1.924911475801602e-05
id03156,0.2576928803524115,0.6265829310754722,0.11572418857211635
id25592,0.9372484821651971,0.06077906416460809,0.0019724536701948327
id24367,0.9950420439240446,0.0002892800412029098,0.0046686760347525585
id16007,0.005288488955173225,0.023488245954393753,0.9712232650904331
id04785,0.6997737879847767,0.013510985485086231,0.28671522653013704
id07888,0.006373032002117703,0.004469973212545197,0.9891569947853371
id13557,0.20656984999454248,0.7793518139167415,0.014078336088715967
id20726,0.9895057648028729,0.0017206775735650454,0.008773557623562103
id09580,0.9970699725763191,0.0025104444077657115,0.0004195830159151518
id05173,0.002025530124195434,0.9978858289376016,8.864093820292292e-05
id10394,0.0032195241880387825,0.996653342415007,0.00012713339695409628
id03926,0.009018309593173074,0.9888163456290162,0.0021653447778106445
id07264,0.9998119505241735,3.354996504334247e-05,0.0001544995107831682
id01862,0.02952873778883415,0.9459465095911044,0.02452475262006149
id20808,0.04253928356943807,0.9572102175908485,0.0002504988397135857
id26658,0.8849575832349764,0.020791925086102375,0.09425049167892129
id04479,0.7063693350930533,0.08129996597392916,0.21233069893301754
id17445,0.00900622997291956,0.9792680524786567,0.011725717548423817
id04430,0.000149371167497016,0.9978061910455205,0.002044437786982512
id06052,0.42407236689740907,0.007681948622068607,0.5682456844805223
id11485,0.5214568293075648,0.048008125504044666,0.43053504518839064
id13060,0.29520197755397426,0.033116995910745003,0.6716810265352808
id20873,0.5665344431919479,0.053971512102350676,0.3794940447057015
id21927,0.04834568361177645,0.9499957054951536,0.0016586108930700895
id02736,0.3777619295492081,0.10352281148643065,0.5187152589643612
id11234,0.1667169370139075,0.06690319100087433,0.7663798719852182
id27894,0.998534302413337,2.9991906640419968e-05,0.0014357056800226773
id23208,0.09198859456906096,0.617238752693299,0.29077265273764014
id18470,0.25616274436973874,0.2364316520210635,0.5074056036091978
id23172,0.03172325844820607,0.9571353076556918,0.011141433896102103
id08752,0.9080919194880255,0.0007612373840695879,0.09114684312790483
id14242,0.22860239132111326,0.020830195428647027,0.7505674132502398
id22908,0.9330321864385738,0.0028856368797834774,0.06408217668164264
id17454,0.030634496814729757,0.3210805635865022,0.648284939598768
id23797,0.979749693316216,0.0010625126854019243,0.019187793998382108
id03788,0.9706641025990119,0.008187529241351098,0.021148368159636843
id23682,0.3556262478582416,0.021489101578012024,0.6228846505637464
id07179,0.9841457667281902,0.015509461938775438,0.0003447713330343194
id09746,0.0038428200193436684,0.9960773768226582,7.980315799821502e-05
id26613,0.059807521812781116,0.09078485082902679,0.849407627358192
id05142,0.9999985486635113,7.888433702696339e-07,6.62493118280593e-07
id04825,0.00040474312248886226,0.9968509929506572,0.002744263926853911
id13691,0.4424001238029109,0.05033297295660335,0.5072669032404858
id14183,0.0016959090582486659,3.4604776848016977e-06,0.9983006304640666
id19519,0.03896325274996288,0.0004370969262067936,0.9605996503238303
id26685,0.6393585841934042,0.004124764288634537,0.35651665151796125
id07937,0.055843202548672505,0.08466245782896531,0.8594943396223622
id10574,0.00020705591968680825,0.9997919780135948,9.660667182985776e-07
id15310,0.0003745593761649435,0.9967254964765924,0.0028999441472427915
id27311,5.507516146330264e-07,1.1183958357113618e-06,0.9999983308525496
id11590,0.9758153434474119,0.011734251985229897,0.012450404567358127
id19798,0.0008707964569708057,0.87690930609888,0.12221989744414907
id12201,0.9171601902269786,0.07370360529727397,0.00913620447574751
id12460,0.11676994492088126,0.02655926620988947,0.8566707888692293
id12019,0.8742784375546224,0.11340860927583879,0.012312953169538874
id08046,0.2679428241976712,0.056889198181022234,0.6751679776213065
id02989,0.02900842683706946,0.13244668147944755,0.838544891683483
id26905,0.0026004921052224356,0.10042798532288218,0.8969715225718955
id09779,0.9999949592191384,4.699471071082871e-06,3.413097905456941e-07
id04359,0.21264795174672552,0.5587606044137615,0.22859144383951288
id01526,0.9989129401368122,0.0010041019851232777,8.295787806450785e-05
id22325,0.03288574113572588,0.9275704898416216,0.039543769022652504
id27878,0.42679244014746803,0.2832879806274209,0.28991957922511113
id06413,0.0006135571605823136,0.9993086828342628,7.776000515495284e-05
id12616,0.039979946761984485,0.9589101030920198,0.0011099501459956402
id05301,0.9963524393655866,0.0004244222935007304,0.0032231383409127637
id13258,0.17747553644181852,0.010495921836599415,0.8120285417215821
id08789,0.00016158062477763383,0.9962140895765681,0.003624329798654151
id11776,0.0010691674000013265,0.9989025954114972,2.8237188501498892e-05
id21899,0.936887513547309,0.06205488356792759,0.001057602884763504
id18108,0.20858749664306755,0.0032153158622995922,0.7881971874946329
id23585,0.6279241214104554,0.26977192788519844,0.10230395070434632
id22122,0.15011318924143574,1.0183536515712903e-05,0.8498766272220486
id22855,0.721642532797939,0.19924532111589263,0.07911214608616837
id19551,0.9971195847463596,0.0004054331290326415,0.002474982124607827
id18535,4.674692474948588e-05,0.9993023890724513,0.0006508640027991881
id15115,0.19391656309243693,0.015105759143027614,0.7909776777645354
id00678,0.9998614426910404,0.00013623159513907117,2.325713820466411e-06
id21876,0.03198806352250056,0.8689493933873169,0.09906254309018259
id01553,0.8536189778523438,0.02681791964827211,0.11956310249938422
id09456,0.9520205590821411,0.04480389878738893,0.0031755421304699824
id01455,0.19601851448945137,0.6865589204752185,0.11742256503533016
id02454,0.00010366367450159692,0.9998633792669548,3.295705854367442e-05
id07911,0.161552602369741,0.0001427357468080914,0.8383046618834509
id13383,0.9119012764616771,0.08109418280353932,0.007004540734783723
id19953,0.5186765206574471,0.0003055340332247686,0.4810179453093283
id10316,0.9526684717548927,0.025567602002773946,0.02176392624233345
id01991,0.313792239602982,0.046850020289745525,0.6393577401072725
id19176,0.987319615622245,0.012179919862869159,0.0005004645148858686
id06744,0.1278991973745557,0.09849299437982559,0.7736078082456188
id09999,0.2024515320802147,0.0007939407033125371,0.7967545272164728
id11253,0.02251036444475973,0.02352335856628493,0.9539662769889553
id15089,0.050878642410186276,0.9408463950699627,0.008274962519850998
id16821,0.3584506347146865,0.0018477440448108656,0.6397016212405026
id08256,0.9999729452153984,3.2962486676635357e-07,2.6725159734901995e-05
id14844,0.5361689105077282,0.2046946326235729,0.25913645686869896
id25950,0.002956973799298284,0.9872669251084233,0.009776101092278503
id11961,7.882862843159947e-05,0.9991364609427775,0.0007847104287909182
id00092,0.0004091615081461236,0.0006060254646557694,0.9989848130271982
id13083,0.004235693027975218,0.024361539616859017,0.9714027673551657
id25825,0.9551594201422617,0.01149673461304931,0.033343845244689
id03045,0.0023884056314960895,0.007925512193822782,0.9896860821746811
id19037,0.4186078148385091,0.3199288467829042,0.2614633383785867
id24357,0.04441743735969816,0.006559786019978011,0.9490227766203239
id24449,0.06977795061357431,0.8133452782825566,0.1168767711038691
id22847,0.00023756069045530734,0.9989366206487256,0.0008258186608191734
id27720,0.9998504216741664,0.00010122708769017864,4.835123814329548e-05
id11619,0.6482442945288824,0.33901257951405994,0.012743125957057594
id03129,0.9957603363195554,0.0023650854074729086,0.0018745782729716093
id04264,0.002738180736959371,0.9972479638869512,1.3855376089429133e-05
id19748,0.0454280267606756,0.0314548862543825,0.923117086984942
id20851,0.0005663991252036183,0.005818092107730552,0.9936155087670658
id13277,0.9868443903382805,0.011275353020162521,0.0018802566415570417
id06419,0.0030786814833381323,0.9969084081589256,1.2910357736238314e-05
id00581,0.977244289583201,0.010024829534501156,0.012730880882297948
id08765,0.7705453636406783,2.8984999005016476e-06,0.22945173785942127
id13492,0.07228631007788522,0.8177492667121532,0.10996442320996165
id12049,0.1067180004279102,0.890897148324098,0.0023848512479916865
id12700,0.9852240515142887,0.014676499333622332,9.944915208890102e-05
id07697,0.9997045700742196,0.00010856216056652353,0.00018686776521384586
id00262,1.6699088165008697e-05,0.9999832317148823,6.919695254936079e-08
id20969,0.0020034371877142927,0.934814829702837,0.06318173310944858
id18465,0.00021818788352803318,0.00010977409323179279,0.9996720380232402
id10027,0.00011543414900751975,0.9994176754652299,0.0004668903857626406
id03007,0.046400645297261865,0.9426358268993992,0.010963527803339021
id23465,0.11089747062285452,0.3297855419063484,0.5593169874707972
id09086,0.947208638680826,0.03908815125733189,0.013703210061842129
id08015,0.0012547750542613516,0.9766186637991163,0.022126561146622443
id04285,0.6454188474182281,0.003477921142018175,0.3511032314397537
id04356,0.0008178239410305915,0.0017443003694115116,0.9974378756895579
id03554,0.6435463776090102,0.314073076736741,0.04238054565424883
id06922,0.8918506021998471,0.07945773684477091,0.028691660955381962
id15733,6.93488672117212e-05,0.9999263983943526,4.25273843560793e-06
id24934,0.014891398830749768,5.328846691414409e-05,0.9850553127023361
id05529,0.9830955113981417,0.00937788933513003,0.0075265992667283175
id00298,0.0026808701851487892,0.9580996372957404,0.03921949251911076
id08158,0.9336397329209081,0.058164656912431875,0.008195610166660015
id15135,0.3352111224192623,0.27306549145719156,0.39172338612354624
id06574,0.3317646550265404,0.37986751640398647,0.28836782856947313
id20017,0.0007335150758986049,0.9987352523632622,0.0005312325608392176
id14386,0.00711953740447769,0.0013231199392370074,0.9915573426562854
id24226,0.8800288067283903,0.11072324974038568,0.009247943531223853
id24212,0.39120792005860877,0.5383408308719321,0.07045124906945914
id14116,4.693142590856966e-06,3.922522011206865e-08,0.999995267632189
id14500,0.002301399722402641,2.0497367225937477e-06,0.9976965505408748
id22744,0.010568705518568592,0.13642679258058302,0.8530045019008484
id16163,0.9999993223135588,3.2839779834989603e-07,3.492886427879746e-07
id17883,0.9973868183097221,0.0011678538793150166,0.001445327810962797
id04631,0.0035304240011491137,0.00032008717339405203,0.9961494888254568
id26517,0.7148802338182938,0.18546628438747761,0.09965348179422864
id12655,0.014021312416776429,0.8386588071899286,0.14731988039329502
id01505,0.6360433383382696,0.3320176432400018,0.031939018421728506
id00104,0.03883414053170296,0.008844352224704173,0.9523215072435929
id20387,0.021526802626279574,0.9389635920682258,0.03950960530549464
id02843,0.01901773492352793,0.0013393980849217228,0.9796428669915503
id04361,0.10916909924131334,0.0018091962229660023,0.8890217045357206
id26813,0.9998009212422017,5.3286267939904435e-06,0.00019375013100423791
id01466,0.0003739332826562107,0.935735645267563,0.06389042144978077
id17090,0.14146505788024188,0.8295236663212211,0.029011275798537017
id06691,0.06283054362655176,0.005100397615008579,0.9320690587584397
id09408,0.8901944914621631,0.07642999625801435,0.03337551227982256
id15285,0.991467862862303,0.00018817327628495474,0.008343963861412076
id16283,0.9998721049875069,3.955485618253304e-05,8.834015631054064e-05
id12607,0.9447308835156524,0.008266344417378953,0.04700277206696857
id25965,0.812690437841594,0.010906136531256083,0.17640342562715
id07268,5.700885109029894e-05,0.9999277307987864,1.5260350123296464e-05
id13529,0.00036140699753371474,0.008420360575850293,0.991218232426616
id11969,6.519849522832694e-05,0.9997844888527084,0.00015031265206320727
id20299,3.346638702906297e-05,0.9980710803155859,0.0018954532973851606
id08770,0.024127701847308926,0.0052403318919940645,0.970631966260697
id20730,0.5457747267416202,0.008350817250075157,0.4458744560083046
id06333,0.00017541577303332434,0.9997699363351916,5.464789177494815e-05
id27451,0.9830189321651317,0.011961093038371591,0.005019974796496745
id12111,0.4343666603287588,0.002008705235396737,0.5636246344358444
id06609,0.17939797706471403,0.010261940671014913,0.810340082264271
id12299,0.9760910284229565,0.0002987096902414266,0.023610261886802167
id23264,0.9990388489864112,2.5223457267347284e-05,0.0009359275563215293
id04222,0.05076701496205652,0.9467703402177415,0.002462644820202038
id17229,0.00021471146977496404,0.9996478520816547,0.00013743644857023803
id24365,0.0014397483326197228,0.0015787407860246168,0.9969815108813557
id18294,0.0005262115029571552,0.9994233967940347,5.039170300824195e-05
id04493,0.964019331427177,0.033170153588525694,0.0028105149842973204
id27575,0.9971628436263535,0.0023303009919036174,0.0005068553817429401
id03801,0.8921140299120708,0.0056861589432736495,0.10219981114465558
id11611,0.005449502884912657,1.0230863655072994e-05,0.9945402662514322
id01632,0.548306412906471,0.0009000919932856338,0.45079349510024347
id06510,0.7827566130661089,0.14601500604032913,0.071228380893562
id20431,0.3732103457438825,0.015242668584137791,0.6115469856719796
id23529,0.8467045855791647,0.08928472294347248,0.06401069147736288
id13951,4.3101103192124584e-05,0.06924601516885699,0.9307108837279509
id00803,0.009215544489393452,0.990531353191734,0.00025310231887254534
id06737,0.9986995599722353,0.0004564467335675131,0.0008439932941973115
id24288,0.9997403885139684,0.00012703491370847974,0.00013257657232310509
id08385,0.018936056134665983,0.9727261447606769,0.008337799104657241
id22859,0.00013257874015599447,0.9998640425746553,3.378685188696798e-06
id22234,0.3000847321972964,0.3432790245598894,0.35663624324281423
id10365,8.343777537745352e-06,0.9999912084648036,4.477576586451391e-07
id00865,0.001266588243760107,9.31314532003773e-05,0.9986402803030395
id19405,0.00034755803311943594,8.321885238724986e-06,0.9996441200816418
id11246,0.013003380298187144,9.314094618663288e-05,0.9869034787556262
id19587,7.3355153027040505e-06,0.0023599892380392258,0.9976326752466581
id24614,0.032869677424093,0.9641942209223009,0.0029361016536061765
id23623,0.9835467379002535,0.015965009120810697,0.00048825297893581067
id15271,0.39936025528028407,0.0060910904744643155,0.5945486542452516
id20478,0.0018247612934903532,0.00018854125977236708,0.9979866974467373
id25277,0.9971192212214478,0.0001412663804123646,0.0027395123981399224
id22004,0.9860077756314615,0.0010569646958262203,0.012935259672712373
id16728,0.0001996414796224511,0.9997883864656499,1.1972054727596863e-05
id06907,0.6271984431337263,0.277321991291563,0.09547956557471084
id11895,0.00011040404997485959,0.9998832472629609,6.348687064326776e-06
id13802,0.19236604918584455,0.7438219212565033,0.06381202955765214
id18459,0.05552300070197543,0.9417476832310404,0.0027293160669841035
id21371,0.9991536843617846,0.00032733910556556156,0.0005189765326497347
id11408,0.052638922961713915,0.9466335236010244,0.0007275534372618287
id05442,0.27379422804299275,0.6957094891179736,0.030496282839033596
id21499,0.5329893017363374,0.12869849664674676,0.3383122016169157
id18066,0.6401326359761631,0.3352638387784089,0.02460352524542805
id23617,0.039058731243373085,0.005083190870839112,0.9558580778857878
id07725,0.003880313236847783,0.016663127297226476,0.9794565594659258
id24627,0.7828128176724253,0.03581982997453527,0.18136735235303944
id19108,0.9888421742689422,0.011073604427618764,8.422130343913307e-05
id11800,0.0019754720348631747,3.7354952173750214e-05,0.997987173012963
id14588,0.9383379334957097,0.0008300035676197627,0.060832062936670594
id27474,0.7471843293286607,0.23602263026955214,0.01679304040178716
id07924,0.9804925171045183,0.0024023608362698833,0.017105122059211865
id10772,0.9850812970694893,0.006860812079983703,0.008057890850527055
id19235,0.08919845442786403,0.22778211222696532,0.6830194333451707
id13647,0.29937602436071237,0.21545221127141292,0.4851717643678747
id08673,0.9531327508304961,0.0005720219547345016,0.046295227214769474
id24850,0.0011564564733740042,0.9964316441979661,0.002411899328659747
id11764,0.9771694770834827,0.0003751567880779175,0.022455366128439482
id05197,0.01568278270040782,0.9830041693422669,0.0013130479573253539
id23600,0.5716128685614856,0.00264679541646358,0.4257403360220508
id14699,0.00846830076223117,0.9908784604541018,0.0006532387836670285
id26801,0.7328034004964648,0.022013535050632266,0.245183064452903
id25664,0.9491996672245628,0.050683341479592525,0.0001169912958446307
id07809,0.9994469356524098,0.000515254974026252,3.7809373563950285e-05
id13081,1.8439830798215424e-05,0.00011379539698213883,0.9998677647722196
id11381,0.008170322429278183,0.021017111071985534,0.9708125664987363
id14721,0.3623215507635196,0.4392154556128202,0.19846299362366016
id07800,0.9127881065945923,0.0002704015778113258,0.08694149182759635
id13883,0.6404851354987664,0.2060909692506836,0.15342389525055
id04488,0.575156357363812,0.06274256939480653,0.36210107324138147
id03530,0.3624566727682035,0.18123808406654363,0.4563052431652529
id15823,0.01096935185706029,4.501603837365196e-07,0.989030197982556
id11701,0.1558855663632026,0.009431141155467683,0.8346832924813298
id07806,9.60529296542843e-06,0.9993162896338744,0.0006741050731600834
id19036,8.336908596320023e-05,0.9998166834943608,9.994741967600762e-05
id20765,0.8764950750146385,0.11324941380228118,0.010255511183080422
id26691,0.13520198022504726,0.0769760747357858,0.787821945039167
id02642,0.0007066156038370163,0.00040953484304273217,0.9988838495531203
id06475,0.9673540737040287,0.031758670997795266,0.0008872552981760949
id19019,0.963679655423179,0.028629871706872864,0.007690472869947991
id14616,0.004061739586693537,0.0010471428888798738,0.9948911175244266
id08537,0.9875500877090191,0.012388638341562131,6.127394941889957e-05
id19126,0.2592448402153719,0.05035347137411438,0.6904016884105137
id01774,0.0011389567003607232,0.0017864412083438146,0.9970746020912955
id08623,0.5848611196632991,0.27460904921081847,0.1405298311258824
id17150,2.583871189957401e-05,2.9749028851816944e-05,0.9999444122592486
id06325,0.0035517232784731843,0.01167219076196033,0.9847760859595664
id23161,0.0033877093128057653,0.01547679040357577,0.9811355002836185
id09876,0.07554499980609948,0.00807003480199446,0.9163849653919061
id01551,0.9985248254811822,0.0006835041327323825,0.0007916703860854029
id12334,7.085173800427637e-07,0.9999982833202142,1.0081624058271696e-06
id03577,0.10783344395943434,0.004609404925231857,0.8875571511153338
id20706,0.9997565025198901,0.00017167737051450088,7.182010959544532e-05
id23704,0.00018059096795115036,0.9996360149290202,0.0001833941030286938
id10029,4.732561442297673e-05,0.9996357055027011,0.00031696888287586605
id19600,0.00014736799305399868,0.9995917945566113,0.00026083745033464624
id22367,0.1728057913934519,0.8244367300876861,0.002757478518861943
id12262,0.9994623656348489,0.0002445512058076147,0.00029308315934345735
id09698,0.06184764946659396,0.889127377359307,0.04902497317409904
id10919,0.9987778703689821,0.0010690601856400246,0.00015306944537785678
id12508,0.026578717005194,0.8437004206942351,0.12972086230057092
id16206,0.9337342204707575,0.010804641560342833,0.0554611379688997
id25927,0.002677080246139907,0.017712181193064818,0.9796107385607952
id23189,0.007659134776321048,0.992215581967859,0.00012528325581985983
id00406,0.021607460274072926,0.9747740316216844,0.0036185081042426647
id01257,0.03599245461320978,0.7175294013352583,0.24647814405153187
id15147,0.9999999994461066,1.0312228938417134e-10,4.507710351480273e-10
id24692,0.942790255278395,0.04069458120098902,0.01651516352061594
id02919,0.019352824490175183,0.9804889071591719,0.00015826835065287122
id00339,0.00740255330243773,0.9454598019830152,0.04713764471454711
id20981,0.057011078999610255,0.9424298698698078,0.0005590511305819631
id00658,0.954256409027724,4.174743802124086e-07,0.04574317349789585
id02255,0.03841384504561915,0.00309816536963221,0.9584879895847487
id13282,0.9355482583825452,0.000582084176216916,0.06386965744123793
id13189,0.26613407637423936,0.5125411146522658,0.22132480897349477
id07267,0.9999971963747695,4.5332702952375305e-07,2.350298201087591e-06
id05272,0.7907375683715678,0.0033315467002630592,0.2059308849281692
id22653,0.9261405135943599,0.02406216018462376,0.04979732622101631
id06894,0.6127086740574386,0.002635545579236143,0.38465578036332526
id21657,0.09473068912810267,0.8672722161923,0.03799709467959731
id00430,0.012856277314756455,0.6329063325565908,0.35423739012865274
id21655,0.005532501912862314,0.6303820973901052,0.36408540069703255
id04764,0.9646826047696087,0.001282476907734667,0.03403491832265661
id08665,0.000440510905868867,0.00026282540483684846,0.9992966636892944
id20985,5.560309941484249e-07,8.425258751916309e-07,0.9999986014431306
id08095,0.47808673864037937,0.49662838488608935,0.025284876473531306
id12015,0.9738030446629639,0.026179393935861085,1.756140117503413e-05
id13210,0.1768728549445989,0.7209420434245755,0.10218510163082567
id24937,0.08057160812219273,0.8089541902258635,0.11047420165194388
id03675,1.3849776761666534e-05,0.9999579493396722,2.8200883566112807e-05
id26951,0.9467800963838935,0.010434928200981651,0.04278497541512483
id06104,0.013508184739627411,0.0005742947848654742,0.9859175204755071
id20105,0.002433478859294167,0.9969604206954845,0.0006061004452214497
id20441,0.00015225512351093535,4.245217059618496e-06,0.9998434996594295
id05660,0.9998604109231779,0.00013561369085341563,3.975385968723736e-06
id04078,0.002594724049626342,0.04735512716452233,0.9500501487858514
id26101,0.018592960000594985,0.004473964998845486,0.9769330750005596
id10144,1.6436819361737643e-06,0.9999944632980553,3.893020008480543e-06
id15096,0.0007418471790090109,0.0006399117212408746,0.9986182410997502
id11903,0.6481788377617833,0.03381020238609849,0.31801095985211825
id24093,0.008985668616692803,0.0002453401866956285,0.9907689911966115
id06388,0.2853879268129741,0.13773285906914767,0.5768792141178783
id01203,0.9727333800316488,0.019716792349768527,0.00754982761858259
id18448,0.9972159497727452,0.00016787635560349353,0.0026161738716513807
id10382,0.285759757412883,0.24688196623289874,0.46735827635421834
id25109,0.15281662972177812,0.40751890276434793,0.43966446751387395
id15526,0.047642524609602985,0.00010740898383402064,0.952250066406563
id09411,0.8931598020674152,0.009269837462344915,0.0975703604702399
id03937,0.02169849908583543,0.005331619488793797,0.9729698814253709
id09740,0.008246065912892222,0.0002523846848690251,0.9915015494022387
id11584,0.014519041577562663,0.1318811285845057,0.8535998298379316
id06135,0.9885020224333115,0.006150140882361846,0.005347836684326513
id22666,0.8821180283678484,0.11726744489911661,0.0006145267330350523
id03104,0.9999998212790373,1.4183323589525596e-07,3.688772679763967e-08
id21763,0.6563219185872385,0.20216189390681386,0.14151618750594758
id26344,0.01816466662587506,0.00040994463877582664,0.9814253887353491
id11819,0.9662926270670276,0.028964233185995555,0.004743139746976884
id20309,0.010127667931561732,0.9797341823377235,0.010138149730714759
id12751,0.9838718643599936,0.005673346885663106,0.010454788754343304
id16205,0.07533297129756644,0.07828362375904531,0.8463834049433883
id07347,0.03404539471564069,0.0033300465443908515,0.9626245587399684
id20347,0.001000295588191435,0.9989599054669629,3.9798944845592235e-05
id05696,0.13594190166193465,0.004845961423867704,0.8592121369141976
id04648,0.3714029681114826,0.5520296685480404,0.07656736334047706
id19654,0.15229394415156675,0.8397025444927007,0.008003511355732606
id03991,0.22453223009394832,0.07367851119851045,0.7017892587075413
id05523,0.09177083834396636,0.1974497399017621,0.7107794217542716
id27445,0.9997703396526865,0.0001507767343101006,7.888361300347599e-05
id27516,8.165518580352726e-05,0.9999158845524619,2.4602617346086367e-06
id13992,0.00015514775533232095,8.23393841281897e-08,0.9998447699052836
id02429,0.0006484047310761138,1.1216098915530644e-05,0.9993403791700084
id01682,3.918678691110686e-05,0.9991657821590901,0.0007950310539987988
id20561,0.9978203297540246,0.0007365722161631605,0.0014430980298122279
id26906,0.9803328661595011,0.005176513685523621,0.014490620154975226
id01724,0.5946777096706808,0.28464357620038044,0.12067871412893887
id25283,0.7513937166410242,0.028283917686740313,0.22032236567223562
id06926,0.9783558183659117,0.020168521530898362,0.0014756601031899943
id13887,0.9841011529923946,0.015414354944805257,0.00048449206280012637
id07530,0.9959458347261311,0.0013429884889823082,0.0027111767848865985
id13460,0.998247980730582,0.0016173049688479452,0.00013471430057016484
id14695,4.7018920969220085e-05,0.9999172072206842,3.577385834649847e-05
id08133,0.6079231036826498,0.004417942464581279,0.38765895385276894
id06364,0.04571728266088001,0.012888205440972359,0.9413945118981477
id22368,0.02381382544718143,0.9752263923614762,0.0009597821913422069
id04855,0.0030302555643175913,0.994654172255132,0.0023155721805504536
id14016,0.10963327800502926,0.723153683910521,0.16721303808444962
id25801,9.038006038230743e-05,0.999828707224079,8.091271553857688e-05
id16241,0.07483915499891008,0.0020130836014362378,0.9231477613996537
id01120,0.948978897922916,0.04438361282459719,0.0066374892524866756
id00058,0.7331099359029646,0.2195981483640457,0.04729191573298977
id24503,0.01416589089130111,0.006723380702573994,0.9791107284061249
id03213,0.022771303963922934,0.9617413622104513,0.015487333825625782
id06040,0.9967886123593989,0.0006988735106861202,0.002512514129915099
id26219,0.05265183964180968,0.6507490757450414,0.296599084613149
id23723,0.0024448955236294027,0.9047680438641325,0.09278706061223826
id17565,0.5374799873398383,0.012480308228806402,0.45003970443135544
id02243,0.109933920062109,0.44443065047848485,0.4456354294594062
id04802,0.9992857131977215,0.00011765944719624067,0.0005966273550822189
id07148,0.013115433770878449,0.00014342636388956637,0.986741139865232
id16071,0.9782023598258989,0.019950957584520406,0.0018466825895807365
id14810,0.8735212100210749,0.022287020470956546,0.10419176950796866
id15386,0.8337767947284361,0.16482129475137006,0.0014019105201937344
id14768,0.9767901080828335,0.005648056789254204,0.01756183512791232
id05056,0.999999725662114,1.2407687247007555e-09,2.730971173099137e-07
id27065,0.03332018214695167,0.21596004234466218,0.7507197755083861
id27245,0.4920795274348008,0.33054904762276793,0.17737142494243127
id25911,0.9806571739028338,0.005332663723145404,0.014010162374020788
id10581,0.9436212193795008,0.04325203747716568,0.013126743143333458
id21852,0.37161345817458974,0.14612921162614367,0.4822573301992666
id13922,0.2521083461809057,0.673971099947681,0.07392055387141336
id21904,0.06499938130474091,0.08483666263589125,0.8501639560593679
id25974,0.0013541302062119226,3.100216576292001e-05,0.9986148676280252
id03323,0.019796388550428385,0.9087822297577333,0.07142138169183831
id01385,0.4320917987844101,0.5039290725159511,0.06397912869963883
id20469,0.7985385269937139,0.16312579740476738,0.03833567560151877
id04281,0.010110528095898977,0.6879098148662232,0.30197965703787794
id17752,0.7693166627071154,0.22990876527441997,0.0007745720184646488
id27768,0.999144680063479,0.00038246936681393293,0.0004728505697070155
id15545,0.004311532550083618,0.9694905902725993,0.026197877177317124
id27853,0.00367630096463979,0.0013311197280559003,0.9949925793073043
id10103,0.9311082839232139,7.524220354341642e-05,0.06881647387324273
id04374,9.094296762414151e-05,0.000540667744428625,0.9993683892879472
id23102,0.02509101156950702,0.9573546099008228,0.017554378529670272
id15727,0.015992371120552375,0.0016479735142074861,0.9823596553652402
id22643,0.35868740640952784,0.10265506771572935,0.5386575258747428
id26174,0.002794633034254708,0.5781149314846484,0.41909043548109687
id16776,0.00047396439064891253,0.9990279774106341,0.0004980581987169122
id11156,0.9981182942692524,0.0010520629052960307,0.0008296428254516656
id18288,2.957201705616035e-05,0.00010167469329496656,0.9998687532896489
id21487,0.036901140198035115,0.2885110390403385,0.6745878207616264
id06888,0.47753320901462615,0.0687114101599056,0.4537553808254683
id24094,0.886231095115898,0.005686664692349113,0.10808224019175292
id21383,0.14560973055982013,0.7756681854773013,0.07872208396287839
id10309,0.002346219829418971,0.010563827485532463,0.9870899526850486
id09189,0.9494990877910828,0.0068351535436551826,0.04366575866526205
id26844,0.012058820973139813,0.0006859065128662322,0.987255272513994
id02103,0.000217607931279987,0.0007187292797802688,0.9990636627889398
id13699,0.0221776936731458,0.00014630895509845678,0.9776759973717557
id05005,0.00022139859841939982,0.0002145082960691198,0.9995640931055115
id19814,0.929428776647904,0.0543553763128542,0.01621584703924167
id24703,0.8290389320731029,0.17035289656163694,0.0006081713652600887
id04594,0.002507597262346508,6.041513582416788e-05,0.9974319876018294
id13789,0.8336126921084533,0.16494861546169443,0.0014386924298522405
id01938,0.1325267185379973,0.8226312523100825,0.04484202915192025
id24274,0.9270176608620324,0.00898967824127881,0.06399266089668881
id13727,0.9775584946924312,0.021103270173054165,0.0013382351345146584
id19335,0.004659170304425814,0.0001868986032435172,0.9951539310923306
id21064,0.009708057464973906,0.006336181664959557,0.9839557608700665
id04044,0.005337380292435033,0.9945368674393703,0.00012575226819465873
id01696,0.7878850762321756,0.1339800162342702,0.07813490753355423
id05601,0.012292286281077168,0.001590425823415821,0.986117287895507
id13591,0.8301381639146821,0.004316477181201109,0.1655453589041168
id09164,0.05256145890849208,0.9466919330467014,0.000746608044806566
id16563,0.005435634618722781,0.0018930798854909006,0.9926712854957863
id00380,0.9653256696058703,0.027789135108421098,0.00688519528570853
id04612,0.003295280408230938,0.06914119799256246,0.9275635215992066
id17341,0.16256618255248323,0.004163851692780751,0.8332699657547361
id23426,0.005711431532233648,0.9940410406404073,0.0002475278273590001
id02177,0.9940380414078732,0.00204983186609925,0.003912126726027593
id24279,0.001136761467406513,4.518681083815673e-05,0.9988180517217553
id07226,0.9750459532630362,0.024505497701731518,0.0004485490352322959
id23305,0.044547496650825774,0.026943473818820198,0.9285090295303541
id00684,0.4214068808355362,0.006592857146495523,0.5720002620179683
id22025,0.0006530828990868726,2.1955240238417588e-05,0.9993249618606748
id26143,0.9563594538758555,0.04327317340112518,0.000367372723019394
id12002,0.12507037268192725,0.23429379302863163,0.6406358342894412
id04610,0.743686480996688,0.25551212127505435,0.0008013977282576745
id27224,0.05512783314362638,6.726230838624904e-06,0.944865440625535
id10716,0.6360766267924898,0.2941834969709755,0.06973987623653469
id14057,0.9844805918919949,0.011592969013487825,0.003926439094517286
id14982,0.999999977012963,2.077387853744006e-08,2.2131585939458393e-09
id00401,0.9839845439834937,0.007855417006549894,0.008160039009956382
id12248,0.9680147615585105,0.029152791611206815,0.00283244683028267
id04641,0.8555628218752436,0.033456231341303,0.11098094678345344
id01658,0.7282980621327562,0.0005685447328203436,0.2711333931344235
id03153,0.2565276065757795,0.39093812247218834,0.3525342709520321
id27961,0.7772460860415927,0.05822984759929504,0.16452406635911215
id15984,0.9909847885420984,0.0008407760123695137,0.008174435445532062
id01789,0.9462710992568228,0.05119110274413557,0.002537797999041685
id27264,0.00019146119167756767,0.001613046162658576,0.9981954926456639
id05158,0.0002143869439359208,0.007027239005768823,0.9927583740502953
id14265,0.543024643651757,0.16753410823514212,0.2894412481131009
id20696,0.939494279875838,0.03416127234968457,0.02634444777447753
id01133,0.32622202373152365,0.2285370751605194,0.44524090110795694
id24953,0.25196811253232276,0.7212567486228274,0.02677513884484999
id11298,0.2785927114628873,0.0022874728972468285,0.7191198156398659
id20917,0.15839051942553428,0.744010664839299,0.0975988157351667
id25275,4.162870139945298e-05,0.9999527235883973,5.647710203310782e-06
id00850,0.8601968702332917,0.0033373699136571055,0.13646575985305115
id23225,0.00027591481435793475,0.9997236706277552,4.145578868703518e-07
id15602,0.05817963284696079,0.11140633975140846,0.8304140274016307
id12160,0.05924491021871895,0.22082894896235505,0.719926140818926
id25388,0.01045530916232712,0.989200023743026,0.0003446670946470276
id13837,0.030833730375137296,0.9691339967539235,3.227287093915539e-05
id06804,0.00038359542668154944,0.001058787055296556,0.998557617518022
id19978,0.9525733866944154,0.04184347724063178,0.005583136064952832
id27563,0.0005362265558896884,9.577352221487074e-06,0.9994541960918889
id23762,0.4035049979109188,0.5936084616461835,0.002886540442897718
id22734,0.002315298476937411,0.994625665678919,0.0030590358441436117
id09094,0.3255335497466576,0.06137301984099347,0.6130934304123489
id27270,0.018909653241321947,0.9802317432701728,0.000858603488505099
id05043,0.003256162384502276,0.975540085463544,0.021203752151953737
id15290,0.2348646711918863,0.7649475557162887,0.00018777309182493594
id26333,0.9991102076005874,0.000371399625939818,0.000518392773472779
id26111,0.5201816989048517,0.46582326005389574,0.013995041041252631
id23029,0.018685191277199056,0.00011812379578195684,0.981196684927019
id11837,0.9688842095725092,0.01720759871957209,0.013908191707918674
id03497,0.8573457964642576,9.438192538051235e-05,0.1425598216103619
id19290,0.8486838524555294,0.1466315000825053,0.00468464746196542
id08008,0.9304906341055963,0.040324688680376516,0.02918467721402719
id24949,0.01994335778904339,0.9713804353746068,0.008676206836349815
id25023,3.971285187409379e-05,0.0003192297576875212,0.9996410573904384
id02205,0.0009006003461244339,0.9768420775479025,0.022257322105973094
id11041,0.988287606057393,0.00024024666460405785,0.011472147278003013
id14395,0.0006881791760301676,0.9992440318487223,6.77889752475339e-05
id01130,0.862921093031113,0.05226451941766567,0.08481438755122138
id21066,0.20425143888632175,0.09729720476668273,0.6984513563469956
id17774,0.9993684563295135,0.0006184945139157674,1.304915657072692e-05
id24519,1.099005206797243e-06,3.85828695472159e-07,0.9999985151660977
id08460,0.8330021770783085,0.01470813237806224,0.15228969054362934
id19897,1.5660859937662138e-05,0.9999811201132212,3.219026841212999e-06
id19028,0.9965951414024651,0.0005372558919847865,0.0028676027055499825
id01850,0.9946672395818049,0.0010281435590566536,0.004304616859138495
id22472,0.0015946018036231298,0.998405310506181,8.769019586164324e-08
id10709,0.01517528025077663,0.8441377104999233,0.14068700924930008
id17260,0.09867333893404473,0.7416771698760272,0.15964949118992813
id22262,0.9600359468853269,0.012203248006839106,0.027760805107833988
id00115,0.9704523409112081,0.027926263291871128,0.0016213957969208176
id17483,0.002929669349813008,0.0004872250177030374,0.996583105632484
id10763,0.4608792420408464,0.43757319818192586,0.10154755977722778
id18014,0.0005293998641697903,0.98814354762663,0.011327052509200096
id20414,0.15763237746099193,0.0090412670862799,0.8333263554527283
id14244,0.9435969704284838,0.05460357075532032,0.0017994588161958718
id24952,0.9067114029985573,8.993993540419653e-05,0.0931986570660385
id08217,0.06939482485222122,0.014834781525983318,0.9157703936217956
id01578,1.6672725126119322e-05,0.0001818719744187777,0.999801455300455
id00641,0.9466915940788931,0.05245298716664981,0.0008554187544569943
id24982,0.999998607215567,1.3813737568807198e-06,1.141067619894806e-08
id11192,0.9995497780199439,0.00010567370754034881,0.00034454827251574426
id13759,0.024473947527113602,0.04942845983656302,0.9260975926363234
id26752,0.9664596420176074,0.03220173959791053,0.0013386183844822026
id06820,0.9932614875202822,0.001822566266929603,0.004915946212788335
id27298,0.7237887634508162,0.22181292482036102,0.05439831172882282
id20735,0.0010346225181097474,5.5189257397751594e-05,0.9989101882244925
id08390,0.009806435096625607,0.8963937386414397,0.09379982626193481
id18571,0.01729872555157692,1.5467893283460554e-05,0.9826858065551397
id05804,0.003115510893258521,0.9965215557781062,0.0003629333286351845
id11867,0.0036338711049486543,0.002295424998819176,0.9940707038962322
id10286,0.773202307524863,0.0007262645134275271,0.2260714279617096
id22020,0.9600864995542151,0.0060076866206990095,0.03390581382508585
id25835,0.00414520805108192,6.047571259180161e-05,0.9957943162363263
id06583,0.9767342923098854,0.008918987340080285,0.014346720350034368
id21403,0.003942892278868004,0.9960543225209922,2.7852001397680334e-06
id26730,0.9999348255111042,5.753017618555756e-05,7.644312710211405e-06
id06873,0.9604441731299903,0.006479566335990436,0.033076260534019214
id03552,0.9999990305481122,8.960096733526797e-07,7.344221439835635e-08
id05607,0.12862938363534024,0.08732083957340205,0.7840497767912578
id26395,0.013006731160624145,0.0005611107078962269,0.9864321581314797
id02844,0.8475490037100436,0.03461966340182899,0.1178313328881274
id19710,0.24111582692133582,0.6881998940041059,0.07068427907455829
id17076,0.889289102147352,0.07104192633584248,0.03966897151680556
id14070,0.9877546872715743,0.0022723014051421984,0.009973011323283456
id17106,0.8383625425595725,0.025798508214924954,0.13583894922550252
id24689,0.9777532340790785,0.004325689495355101,0.01792107642556637
id03718,0.07793086105926307,0.05776556265407405,0.8643035762866629
id03957,0.9979985287258846,0.0018213981238803553,0.0001800731502349604
id18995,0.022329907278307987,0.9771961185826652,0.0004739741390268951
id11668,0.7703028004847339,0.05631262212033395,0.17338457739493215
id15721,0.9920753866578493,0.006884886098228737,0.0010397272439219727
id10379,0.00037626425758310726,0.8985253297154824,0.1010984060269345
id15009,0.47180331942068054,0.06704228079428148,0.46115439978503786
id11339,0.07177935634519453,0.9275657804177231,0.0006548632370824519
id18532,0.0140847079479572,0.9807779246845894,0.005137367367453464
id16469,0.880913149044586,0.004806646431127455,0.11428020452428655
id22464,0.09037175994164182,0.9095768458508734,5.139420748479195e-05
id06314,0.0043047760288544646,0.00012424992881683865,0.9955709740423287
id27085,0.9216036968882021,0.003322775106497348,0.0750735280053005
id14452,0.9988712369096612,0.00019396121733844564,0.0009348018730002764
id14939,0.780499431795476,0.15729087956198534,0.06220968864253875
id20094,0.6776863805797017,0.18998341233899663,0.13233020708130175
id23077,0.8241818256972824,0.04188984218822595,0.13392833211449168
id17527,0.9547603468947838,0.03324176943371838,0.011997883671497837
id14895,0.8051453650582356,0.16376597553544536,0.031088659406318882
id22577,0.006391251337469672,0.00019040044250867146,0.9934183482200217
id16111,0.16866482800566848,0.8297596793909231,0.001575492603408347
id21649,0.2528304950054185,0.2544394816939879,0.49273002330059357
id22954,0.9753590131991634,0.023010935083262404,0.001630051717574241
id12624,0.0013260024018243903,0.020089097335276362,0.9785849002628992
id05737,0.987047149002272,0.0024996498532812634,0.010453201144446802
id23937,0.11006667430911102,0.017372244855725152,0.8725610808351638
id06620,0.0010115100782421785,0.007966360032413923,0.9910221298893438
id18650,0.03585824632624609,0.0768797721728742,0.8872619815008798
id09656,0.9625195201266287,0.00012006695007793933,0.037360412923293444
id10285,0.9662061714798793,0.027689249348587464,0.00610457917153325
id05729,0.0025890078797297135,0.0038348264357236377,0.9935761656845467
id00102,0.001228556374714455,0.1316260163810858,0.8671454272441997
id26276,0.0017051022028176034,0.46366346029065875,0.5346314375065236
id12620,0.8910535656688211,0.10861985485980032,0.0003265794713785946
id17949,0.9853697539145551,0.012285145779531536,0.002345100305913325
id15708,0.0047311720013295255,0.9952575825920557,1.124540661475733e-05
id18300,0.07666602051561168,0.00018248126188208412,0.9231514982225063
id04039,0.9674792077115693,0.024432747390497722,0.008088044897933008
id12158,0.9964679675030638,0.003134948970515281,0.0003970835264209494
id23197,0.0002763219546157732,0.9823571136520038,0.017366564393380423
id25384,0.8639571648037003,0.12421324737385507,0.011829587822444641
id09070,0.021356383658772054,0.023030891868712763,0.9556127244725152
id27734,0.9200596785645174,0.007871477247698362,0.07206884418778425
id27332,0.13818220631085135,0.7524075580957721,0.10941023559337665
id00973,0.9945125552153196,0.0018007612644786624,0.0036866835202016574
id26625,0.06277031091418359,0.904035602314525,0.03319408677129154
id24578,0.02950636916603306,0.9698514466949357,0.0006421841390312581
id05423,0.014244475212533799,0.966416026993124,0.01933949779434228
id19124,0.00042034597109454774,0.9984259228454191,0.0011537311834864704
id00946,0.9820288764232957,4.688971736467098e-05,0.017924233859339656
id19229,0.7647027949512584,0.23203163985624087,0.0032655651925008414
id05311,0.0686780561295998,0.8976689682840088,0.0336529755863915
id03289,0.6723704900797179,0.31566546120248773,0.011964048717794417
id17758,0.00010669809121192175,0.9983853453928425,0.0015079565159455575
id24336,7.156870754918275e-08,0.9999990635937293,8.648375631772176e-07
id00603,0.01589940313907569,0.0032006772016299995,0.9808999196592944
id26467,0.5157773539915878,0.2604905607958116,0.22373208521260055
id27835,0.016813508901916664,0.00655625913344975,0.9766302319646336
id06861,0.1757385216352506,0.011480424222814645,0.8127810541419348
id23847,0.005963314589694279,1.398235821332809e-05,0.9940227030520925
id06174,0.5761097885625249,0.4238607786603285,2.9432777146653015e-05
id10968,0.9817339063141199,0.0064125128886490836,0.011853580797231084
id10881,0.9909751457154834,0.002311511189376747,0.006713343095139881
id03204,0.008531663777618905,0.9896227318179867,0.0018456044043944078
id21921,0.6430598327877292,0.3476001897062816,0.009339977505989153
id06539,0.9721775337239105,0.016710582114515492,0.011111884161574019
id08880,0.00746099136236912,0.5966325312906241,0.39590647734700685
id14725,0.3754890760446478,0.0005594482830749596,0.6239514756722772
id26107,0.0066974065478794505,2.6587779592438275e-05,0.9932760056725282
id07874,0.04948822397850734,0.9505053989590282,6.377062464553025e-06
id23638,0.9878550676153903,7.800255919806641e-05,0.01206692982541153
id13498,0.009858250412122854,0.004137991611004054,0.9860037579768731
id18940,4.3182419842766104e-05,0.0002642199745934944,0.9996925976055637
id02120,0.8875555326639307,0.09791239560787757,0.014532071728191704
id26663,0.9655219465837894,0.003318546988672809,0.03115950642753782
id20127,2.0630538685060726e-07,7.120951580234586e-06,0.9999926727430329
id27922,0.5879842634172336,0.04253257971949205,0.3694831568632743
id15106,0.6976099009815496,0.20877347404267677,0.09361662497577365
id22158,7.989729356608549e-13,1.0340145800375049e-12,0.999999999998167
id17029,0.012873445048294168,0.9869353361791197,0.00019121877258630136
id02554,0.862563538467758,0.11755598950648752,0.019880472025754548
id18454,0.00909157083149499,0.045075345157128265,0.9458330840113768
id09016,0.29906776860774537,0.009345594109847977,0.6915866372824067
id02307,0.9911117637007121,0.004693064658364257,0.004195171640923627
id01650,0.0465677280220007,2.6693737186842206e-05,0.9534055782408124
id01254,1.02593350580202e-05,0.999989734516807,6.14813499343807e-09
id12921,0.006820799948977012,0.0006052717276843167,0.9925739283233386
id05721,0.5632325395653964,0.0006148343371214167,0.43615262609748223
id05798,0.08638053377931544,0.8899963832764292,0.023623082944255403
id04417,0.003950658307737302,5.748862283481977e-06,0.9960435928299792
id19620,0.9699952234238469,0.018781974376998255,0.011222802199154837
id22680,0.012080624731299672,0.987638398032277,0.00028097723642325084
id21992,0.39056609573520096,0.0024497644105773335,0.6069841398542217
id22823,0.004203701951774852,0.9957838160813512,1.248196687393466e-05
id12750,0.7010801174554054,0.12917964330266968,0.16974023924192497
id23220,0.0001777589955732642,0.005599772372753517,0.9942224686316733
id11851,0.9781158645944604,0.013313704451438306,0.008570430954101272
id27438,0.8667271236424204,0.060351996833973055,0.07292087952360649
id00797,0.608804975946243,0.027682885378566488,0.36351213867519044
id08593,0.9477579932346197,0.0007335922360418743,0.051508414529338395
id01042,0.008786594534985908,0.49399602197133013,0.4972173834936839
id19898,0.8272386264512506,0.1323090574472035,0.04045231610154582
id24615,0.012357080003988389,0.10749302759298748,0.8801498924030241
id18594,0.024378845234671594,0.0006700185123262131,0.9749511362530022
id08534,0.012730986060552304,0.0012804531968494443,0.9859885607425982
id03889,0.9881418750788389,0.011857862460168402,2.624609926963161e-07
id04873,0.9999470433993743,2.0340165196186915e-05,3.261643542946629e-05
id08264,0.9998527320768432,8.740780488157957e-05,5.98601182752434e-05
id10187,0.4648844743902184,0.01778276412533502,0.5173327614844466
id14278,0.011921349516130789,0.08538160182385988,0.9026970486600094
id22528,3.993669618842728e-12,0.9999999999948548,1.1515158295406734e-12
id07416,0.03143870066137816,0.9450229340648525,0.023538365273769325
id02857,0.6147591972087277,0.12116891251017227,0.2640718902811
id03875,1.283569054509486e-05,0.9999680268358896,1.913747356531451e-05
id24437,1.7575638695403877e-05,0.9993525871102047,0.0006298372510999384
id24940,0.19826111691599796,0.7871324684350374,0.01460641464896474
id15070,0.4790604609485388,0.009381753456663732,0.5115577855947975
id14891,0.9131796599885023,0.08645565749673476,0.0003646825147629711
id02110,0.9969036773759216,0.002176181427982134,0.0009201411960963368
id24405,0.18484488597895238,0.0949875835974814,0.7201675304235662
id00373,4.3482251746233345e-05,1.8110882921854614e-05,0.999938406865332
id12728,0.9999987618726247,1.1397007353007868e-09,1.236987674610332e-06
id18958,0.9962168667190663,0.0009777787464279768,0.002805354534505768
id17443,0.00017629882348369342,0.9997931850231343,3.0516153381950452e-05
id03959,0.9910994568668448,0.008522614937701666,0.0003779281954534778
id13218,0.4262597005173001,0.0069088119365436984,0.5668314875461562
id01980,0.8582214493797675,0.12854457384992587,0.013233976770306658
id10697,0.9999842862072406,4.537576944536636e-07,1.5260035065070276e-05
id24816,0.8921408105459778,0.08516688801027925,0.022692301443742905
id00088,0.07174209573956693,0.006457048955340451,0.9218008553050926
id13846,0.06764292509124217,0.9312281227898592,0.0011289521188985916
id17597,0.9742724172223127,0.015718201926980223,0.010009380850706942
id09947,7.920267760020794e-06,0.9999846204490763,7.459283163745613e-06
id12050,0.9020384522496839,0.09060126884804881,0.007360278902267175
id24060,0.00011315740042981607,9.650930969926726e-05,0.9997903332898709
id19942,0.9963186510415241,6.105892776156608e-05,0.0036202900307144275
id06541,0.7177590340792692,0.282204423863031,3.6542057699739535e-05
id05746,0.9998542708482112,0.0001249899263394317,2.0739225449258653e-05
id13577,0.082226748266878,0.44326064038822366,0.47451261134489836
id11877,0.0035209413993037373,0.9964787222328246,3.3636787162391155e-07
id19491,0.6766814199548894,0.2031848987101514,0.12013368133495914
id11352,0.027434515480895684,0.0013331014640654097,0.9712323830550389
id12791,0.999485221458967,9.115106010084891e-05,0.00042362748093218295
id05282,0.13006906394185977,0.024649358612900525,0.8452815774452397
id26833,0.9578392408229913,0.04101556296886743,0.0011451962081412764
id00580,0.10695558141574661,0.0016657288111888262,0.8913786897730644
id01236,0.030992645980207463,0.0005885133917214928,0.9684188406280712
id05455,0.2951880778582446,0.6816980238093836,0.023113898332371863
id00069,0.003915629278810578,0.9948503321421803,0.001234038579009078
id01605,0.9995512710714883,2.9585989859118875e-05,0.00041914293865251526
id17737,0.9969134138531492,0.0005410018837736876,0.002545584263077028
id11315,0.014820968506218299,0.01013872280200698,0.9750403086917748
id24044,0.11385702211487242,0.18905356075522384,0.6970894171299037
id18677,0.9987005559139313,8.201283998745627e-05,0.0012174312460814067
id17678,0.9941899238175863,0.003828072688486434,0.0019820034939273742
id21528,0.9975997165595702,0.0019655019293087017,0.0004347815111210914
id21985,0.4827856180040734,0.4246075466681589,0.09260683532776767
id12860,0.6410156559463714,0.261223666566856,0.0977606774867725
id08793,0.9950440963575284,0.0034889761667149617,0.0014669274757566383
id09245,0.9805387278705018,0.01864730653532744,0.0008139655941707292
id12523,0.035769903217714304,0.0075749320269065355,0.9566551647553793
id07158,0.022050836301602886,0.9744753426446334,0.0034738210537637814
id03473,0.001675194184252552,0.9977247242604309,0.0006000815553164349
id05999,0.9999509895936797,2.742695897524074e-05,2.158344734503038e-05
id02469,0.7416870583488663,0.09791339772014014,0.1603995439309935
id16675,0.005165499300101439,0.006753017683805234,0.9880814830160933
id20508,0.0003459633509657357,1.6053643031199245e-05,0.999637983006003
id12669,0.9994237651723239,0.00020374768800648428,0.0003724871396696807
id22277,0.23921204070168586,0.0664688244931467,0.6943191348051675
id00355,0.0014645530396967018,0.030428454202926863,0.9681069927573764
id24427,0.012372249820224515,0.9866665521074167,0.0009611980723586323
id19241,0.34653288065410653,0.6345684250452517,0.018898694300641766
id26301,0.06924371006440656,0.13444750902142621,0.7963087809141672
id09404,0.07564427104002862,0.9119813203238872,0.012374408636084137
id14347,0.9766860517776021,0.007999034783506703,0.01531491343889118
id06898,0.9998172267554767,0.0001681145249411393,1.4658719582264063e-05
id08750,0.9210109245710077,0.005988569066115822,0.07300050636287649
id13572,0.9494247148616848,0.029405650670558177,0.021169634467757038
id08731,2.747218924271288e-05,0.9998364044889998,0.00013612332175738935
id20124,0.9969739211442087,0.0009658953797378191,0.0020601834760535843
id14276,0.001659522402167284,0.0158283013360123,0.9825121762618204
id13035,0.9992300290084201,0.0006663707490618996,0.00010360024251793203
id24056,0.0012689773317977283,3.013194372356413e-06,0.99872800947383
id21132,0.9999655834482729,3.4339941209379624e-05,7.661051769197087e-08
id21465,0.3413720937540854,0.009143683118696403,0.6494842231272182
id27148,0.0035166043292186294,0.9964727773866976,1.0618284083808312e-05
id14482,0.8245291091745074,0.03718198273633257,0.13828890808916003
id17950,0.9411690948223816,0.04457140643300643,0.014259498744611911
id15233,3.8085660418305095e-08,0.9999983049673642,1.6569469754146339e-06
id11794,0.11778985579420313,0.030759102422924886,0.851451041782872
id27227,0.03494216908622715,0.9367538149583255,0.028304015955447282
id13093,0.2680816350890909,0.7254423843302945,0.006475980580614661
id12869,7.80938854153364e-06,0.9999804318209349,1.1758790523667516e-05
id01256,0.9834233786094294,0.011719391861056186,0.004857229529514395
id00934,0.13651920581423177,0.37678220661687506,0.48669858756889317
id00121,0.3106945376513149,0.5232350110801576,0.16607045126852754
id11054,0.001076179729062205,0.9988276200340922,9.620023684570327e-05
id02573,0.9711967072514344,0.002611482486472701,0.026191810262093
id13626,0.6247492224287088,0.19767786412460633,0.17757291344668494
id25047,0.3999388393894985,0.5837719571662758,0.01628920344422573
id04465,0.0018775915569621947,0.9981207771787621,1.63126427561332e-06
id09344,0.006500371763279093,0.003567718054639698,0.9899319101820813
id24254,8.756767695147485e-08,0.9999998519138585,6.051846451542402e-08
id04266,0.009316128720072439,0.0048750848754592945,0.9858087864044682
id19734,0.06553621651320067,0.014184855372662052,0.9202789281141373
id13127,0.9931539959244965,6.208149991684416e-05,0.0067839225755865875
id27066,0.13019655485244472,0.0012201274072079582,0.8685833177403474
id13629,0.00013883022410095204,3.010018987001254e-08,0.9998611396757092
id26484,0.9876166937095114,0.005284220792536121,0.0070990854979524325
id02074,0.7195326508632554,0.001049209808806177,0.27941813932793846
id24688,0.9780067831039968,0.018249215853133657,0.0037440010428695003
id17455,0.008772437580464889,0.9911832328106489,4.432960888627898e-05
id14980,0.9999045950176428,1.0026909249434684e-05,8.537807310773186e-05
id15840,0.9943371086001328,0.0005045682381968667,0.0051583231616702955
id20440,1.6973654131178777e-05,0.0026303405669770444,0.9973526857788917
id25262,0.9999998386211577,8.204013761212696e-08,7.933870474338074e-08
id20395,0.0008241198091422441,0.9988321202451622,0.0003437599456955631
id14332,0.01405449161186623,0.9825681287430003,0.0033773796451335696
id07118,0.49475142219137475,0.03542588816346538,0.4698226896451598
id26424,0.9999186090401986,6.086818738037754e-05,2.0522772421057503e-05
id21308,0.8457226387693004,0.030535473296729655,0.12374188793397001
id21688,0.012554935014109751,0.00185952429608676,0.9855855406898035
id09581,0.06602157705434515,0.9292513832115412,0.0047270397341136845
id27297,0.9511090463815657,0.04836057892903232,0.0005303746894020527
id20086,0.10858454335673362,0.8569227223921306,0.034492734251135734
id03762,0.010505575042671994,0.9894941835470232,2.414103046466454e-07
id10789,0.9304971279192469,0.0031534885051030903,0.06634938357565001
id18058,0.09307957130975571,0.2491640143944102,0.6577564142958342
id01701,0.9931359152203534,0.004612430994537821,0.0022516537851088297
id17232,0.10801235344219978,0.8908651203827945,0.0011225261750056833
id23541,0.38026894232866515,0.0020306056163812464,0.6177004520549537
id20699,1.6075935073604815e-06,0.9999983885429208,3.863571870554864e-09
id06657,0.00010373934114625474,0.3179526575171785,0.6819436031416752
id13807,0.11234475017456137,0.012519385594273253,0.8751358642311654
id18344,0.3479388597737089,0.5985630789558517,0.05349806127043936
id09363,0.5225189134141827,0.1962623363360257,0.2812187502497917
id12470,0.009876995307605769,0.9896163766706949,0.0005066280216993353
id13430,0.9969184241773776,0.0010305852061606316,0.0020509906164618173
id13549,0.02697517724572647,0.010659961383082872,0.9623648613711907
id24423,0.9602319197969219,0.03750119121673759,0.002266888986340493
id15402,0.6863808969762061,0.017510503549037482,0.29610859947475643
id22070,0.00022801828592854457,0.9997653098825101,6.671831561317534e-06
id05977,0.999194658794451,0.0007921799143183968,1.316129123059587e-05
id18772,0.7816448816976084,0.0015791337277659926,0.21677598457462574
id11214,0.05533889360882479,0.9443310598454646,0.00033004654571048154
id01263,0.9789464003735034,0.005340843607532175,0.01571275601896435
id03187,0.8272176829203717,0.16442063801021073,0.008361679069417673
id07817,0.9976934119220617,0.0013363957375394939,0.0009701923403988128
id08796,0.07216148324313586,0.870342500268312,0.05749601648855221
id02347,0.2839940558142171,0.0029927628318899007,0.713013181353893
id08989,0.034047002517084084,0.0005315904230794955,0.9654214070598365
id24462,0.3791877036820188,0.5883789685665147,0.03243332775146647
id05147,0.012795002694868426,0.0016885333419338958,0.9855164639631977
id26389,0.0005359533186195588,0.9742595127566664,0.025204533924714036
id12300,0.014282221334301586,0.008314166734480412,0.977403611931218
id06273,0.9553408765562791,0.00617627675976775,0.03848284668395323
id27453,0.08836462358046235,0.8357614870616381,0.07587388935789952
id19255,0.9046605263058939,0.053706358361957834,0.04163311533214834
id22593,0.36676955062789335,0.12176856131539075,0.5114618880567159
id07089,0.9999876788461942,1.9180881159187314e-06,1.0403065689990072e-05
id22379,0.0001906655376365773,0.9997384659004355,7.086856192795069e-05
id22024,0.9896492706073464,0.0054995131569593155,0.004851216235694252
id25541,0.13034191181547275,0.7407181214307528,0.1289399667537745
id10216,4.0663624914217785e-06,0.9999959203030886,1.3334420105725132e-08
id07493,0.9996627871146252,0.00033423075377764607,2.9821315971283064e-06
id25552,0.8663921112162465,0.04921246910824796,0.08439541967550562
id21244,0.9012806445669144,0.012420146439406343,0.08629920899367916
id17278,0.002572644513066215,0.9868976223046758,0.010529733182257974
id14850,0.5535515189178688,0.42991679339398187,0.016531687688149353
id21434,0.004021667190110123,0.043976239537088575,0.9520020932728013
id22924,0.995898891373142,0.0008927071201474517,0.00320840150671056
id17321,0.9470033328747546,0.03418986760410715,0.018806799521138267
id04319,0.9748258383613061,0.0077385468938574896,0.017435614744836427
id09823,0.4335048909575838,0.5589472377232,0.007547871319216287
id03485,0.00011685515789398918,0.99721408120445,0.0026690636376559703
id12138,0.9425554976681155,0.029556926547131407,0.027887575784753073
id00196,0.003045667923665651,0.00585813289815221,0.9910961991781821
id07822,0.167876425386794,0.12897720300034918,0.7031463716128569
id21775,0.024943825343657522,0.017551666169062684,0.9575045084872799
id13407,0.5287439010311338,0.00265110296576549,0.4686049960031007
id12430,0.0033376331682902598,0.9965951382741403,6.72285575694115e-05
id23691,0.9999294932545642,6.406410231861269e-05,6.442643117239571e-06
id17641,0.006374146045810135,0.9929474538440345,0.0006784001101554502
id09125,0.0004928974887513355,0.9947812740883578,0.004725828422890794
id18512,0.7346291903558307,0.04121427762542581,0.22415653201874336
id01639,0.3410792640803474,0.5143612628501403,0.14455947306951228
id06860,0.0040232644007831865,0.003821356518508088,0.9921553790807087
id25534,0.9984104501315954,0.0015752911867552668,1.4258681649374168e-05
id13546,0.9907850437880567,0.007944082018589413,0.0012708741933539665
id10032,0.8667701884986361,0.02458365901541413,0.10864615248594979
id05228,0.08310447939102228,0.09968189988612221,0.8172136207228555
id24992,0.0010009719287463765,0.0003395684314745547,0.9986594596397791
id14168,0.999978946226496,5.5818416153540125e-08,2.0997955087947043e-05
id20747,0.9698323769160841,0.00782672238905174,0.022340900694864205
id16986,0.9966936245740884,0.003227101044031048,7.927438188058229e-05
id11226,0.6951028563078391,0.2691425884752266,0.035754555216934374
id13998,0.9934877856441128,0.00025560149258732493,0.006256612863299925
id15169,0.9990814352639201,0.0006732802988498317,0.0002452844372301187
id00737,0.9672023095375435,0.003045270047108301,0.029752420415348216
id24476,0.9601629155141832,0.0029260170728086653,0.03691106741300811
id03044,0.8455823262858053,0.008573715502632147,0.14584395821156257
id26746,0.9853537452518867,0.009154641478199861,0.005491613269913432
id10776,0.43064628291889506,0.026991133725127313,0.5423625833559776
id06266,0.004171387065074884,0.0009757625164750189,0.9948528504184502
id13362,0.6961391370182423,0.3038312413602726,2.962162148515133e-05
id09335,0.9886719699461591,0.0015487516818772722,0.009779278371963613
id15894,0.17095599937722553,0.8184733262140721,0.010570674408702437
id15866,0.047785550618590626,0.0034039965134202202,0.9488104528679892
id25763,0.49869329753814384,0.2543200523229223,0.24698665013893378
id01091,0.0026302500533441804,0.9973310687310931,3.868121556270819e-05
id11647,0.9636216432124972,0.03553463399961026,0.0008437227878926617
id19671,0.003975210389605174,0.20957658848464525,0.7864482011257496
id18007,0.001105146471102663,0.020732450059712287,0.978162403469185
id01473,0.630362493985186,0.3425876679013915,0.027049838113422535
id07169,0.08170402466373267,0.029227944308811274,0.889068031027456
id05484,1.4774112515706703e-06,2.5644569015086484e-06,0.9999959581318469
id18452,0.9626467603960635,0.035542513247448844,0.0018107263564877921
id27490,0.7746724753452592,0.20305058136302198,0.022276943291718813
id11050,0.6744424161534127,0.2543681293982123,0.071189454448375
id07588,0.008786012677796225,5.084411100807761e-05,0.9911631432111957
id21194,0.9999986494900022,1.312546720115915e-06,3.79632777374983e-08
id07282,0.00020308794975830278,2.8541732375321158e-06,0.9997940578770041
id03652,0.9836610643444614,2.3096386159448263e-05,0.016315839269379104
id04009,0.0007293526144935157,0.9593898985229778,0.039880748862528674
id27188,0.9389913954110772,0.023566983631584403,0.03744162095733841
id19554,0.80856157122508,0.0008057791502222861,0.19063264962469775
id04072,0.9976256831902667,0.0012484784321668291,0.0011258383775665706
id19023,0.4646897359883665,0.5140020021374286,0.02130826187420489
id08801,0.002486762274538081,0.013247798849434706,0.9842654388760272
id08893,0.7822683601205911,0.020749292732158982,0.19698234714724994
id03644,0.0016106721562088907,0.9926070609646723,0.005782266879118709
id00579,0.6735788359576949,0.013664215897977729,0.31275694814432736
id15631,0.9528271580215573,0.046786964943456376,0.0003858770349864222
id07828,0.7766945468844896,0.1907168016928666,0.03258865142264388
id00411,0.013799867810810714,0.9691030479689027,0.017097084220286586
id26553,0.8836839670154308,0.011427863564250408,0.10488816942031878
id05221,0.021370169806295743,0.00019395887349123785,0.978435871320213
id20958,0.9727140514172754,0.018933017177890397,0.008352931404834205
id19691,0.9939158455130442,2.660455897018014e-06,0.006081494031058685
id10400,0.9999576602507848,3.5042416145032605e-05,7.2973330701545745e-06
id16157,0.006048377399910735,6.798543305150513e-05,0.9938836371670378
id26110,0.018754049280116408,0.980628400797062,0.0006175499228216242
id26270,0.5542833452512719,0.4413534765173831,0.004363178231345083
id04157,0.9985253271697233,0.001390224303624709,8.44485266519698e-05
id24711,0.20410775041829343,0.008726146029994719,0.7871661035517119
id05534,0.39482632890445646,0.01742595597280933,0.5877477151227343
id21712,0.28373359221792355,0.5740615011127106,0.14220490666936583
id03280,0.01705412666112599,0.0038619126993170994,0.9790839606395569
id14997,0.3831960589756861,3.6282607640709866e-05,0.6167676584166732
id21964,2.398714833575083e-05,8.154154448212547e-06,0.999967858697216
id20963,2.8400765242283356e-06,3.54310349648733e-08,0.9999971244924407
id08635,0.31308733965647434,0.6336200220761735,0.0532926382673523
id16390,0.07956365611839677,0.5521043125582201,0.3683320313233831
id16486,0.8013058552676443,0.021284699253408496,0.1774094454789472
id14367,0.000765651314867005,0.5662507083152882,0.43298364036984477
id10560,0.9997264682209234,0.00021410184179248727,5.9429937284035625e-05
id14106,0.7660139439408739,0.0626122058649172,0.17137385019420903
id09668,0.9890964966867503,0.004896081806805152,0.006007421506444664
id18250,0.9989421811067446,0.0003490426489571478,0.0007087762442982046
id26648,0.9932072930215311,0.0021971269334509842,0.004595580045017941
id27314,0.9720627387719508,0.004309813039855497,0.023627448188193723
id04581,0.0257808113744707,0.01425971426097498,0.9599594743645543
id06405,0.8459397644294321,0.1497780824027385,0.004282153167829461
id17908,0.0025820792374437905,0.0001837933603887513,0.9972341274021675
id07217,0.08594775376023539,0.1751341866433137,0.7389180595964508
id17285,0.054423952378595306,0.0010176223032388344,0.9445584253181658
id19589,0.974016138179672,0.018403514873881123,0.007580346946446826
id15916,0.6729903512814338,0.07670326785531241,0.2503063808632538
id26239,0.998890442776399,0.0001409844610800377,0.0009685727625208879
id20163,0.9983175422182592,0.00010326707802937175,0.0015791907037114791
id22845,0.008638174274473796,0.3412793427232112,0.6500824830023151
id11509,0.5365018315344535,0.2601186279888573,0.2033795404766892
id26789,0.8810968292567445,0.11708916011985677,0.0018140106233986645
id24679,0.9665316988504041,0.018441095225522754,0.015027205924073143
id19832,0.9998710595056037,5.627282514813059e-05,7.266766924814644e-05
id11724,0.939649665529985,0.034753311979099054,0.02559702249091605
id01539,0.9354715665227072,0.002005477507698548,0.06252295596959426
id22039,0.25109155712055403,0.6296205621495745,0.11928788072987151
id07621,0.0001652180720282449,6.583412513527921e-05,0.9997689478028365
id16398,0.00821687914915166,0.9917788111659492,4.30968489912222e-06
id15932,0.6794358157788748,0.06857926085127379,0.25198492336985145
id17054,5.50816785772565e-05,0.9999446305602336,2.8776118908015727e-07
id23487,0.8151969013473348,5.9623888915355415e-05,0.18474347476374975
id16099,0.004395234101436602,0.9954054667023466,0.00019929919621677103
id25225,0.9913167502363531,0.0002307388712525002,0.008452510892394361
id18173,0.07974265118254811,0.653646781480102,0.26661056733734995
id24856,0.9992006222255578,0.0006706754448886337,0.00012870232955348234
id14760,0.0011974542877183358,0.1892253608420452,0.8095771848702364
id25291,0.7035780263863141,0.2960872160468821,0.00033475756680381816
id16267,0.8763255731171234,0.0012100710062843672,0.12246435587659223
id07922,0.006565520811244674,0.0004853216568745368,0.9929491575318808
id20870,0.7881706114498448,0.010372527827769725,0.20145686072238544
id21780,0.5000592630531073,0.23587481573338304,0.2640659212135097
id21309,0.5075423469333773,0.2571820550035737,0.23527559806304912
id05849,0.9193817055280297,0.05985472478590286,0.020763569686067622
id16246,0.05687912509453921,0.01595564833935257,0.9271652265661082
id25081,0.0004681140240829702,0.9993846299887807,0.0001472559871362366
id06468,0.37431317646854184,0.6230363740714356,0.002650449460022547
id13842,0.3570399082305763,0.605059223123184,0.03790086864623961
id23976,0.006688112928143549,0.0029302314020976275,0.9903816556697589
id25649,0.9996259713584732,5.495728593351649e-06,0.0003685329129335036
id26815,4.8963569765241754e-05,0.9999434526542845,7.583775950247957e-06
id09343,0.001451406175260986,0.0006760310063747704,0.9978725628183642
id03120,0.1792874460835726,0.06855977954855474,0.7521527743678726
id16638,0.9622207963161672,0.000717308198838447,0.037061895484994424
id18625,0.0021175204808855123,7.828049932349125e-05,0.9978041990197909
id01679,0.6748222698276377,0.024557668771590126,0.30062006140077213
id17137,0.01301677765390728,0.9867783170896087,0.00020490525648400641
id14684,0.0003669744882503361,4.057216558018239e-05,0.9995924533461695
id01671,0.5163758600649355,0.3173221591446794,0.166301980790385
id27271,0.6722550889409693,0.04450662559487596,0.28323828546415475
id16321,0.9999999868749498,1.1579762187765276e-08,1.5452879820352025e-09
id07468,2.96744784504507e-05,0.9999687313312894,1.5941902601253066e-06
id20777,0.0026588743106120316,0.0026486227139946596,0.9946925029753934
id26036,0.9273584004785124,0.023423815365460246,0.04921778415602737
id23135,0.013008062838384161,0.005130329284277416,0.9818616078773384
id07669,0.0002828425275661613,0.0907033294003639,0.90901382807207
id00142,0.00021838323954301002,0.999764098595005,1.75181654519965e-05
id12357,0.9804839082603483,0.0011966809327661056,0.018319410806885608
id08890,0.018369173005033462,0.2964928525441114,0.6851379744508551
id21379,0.0017303992104360346,0.9982646494630345,4.951326529486574e-06
id12099,0.7010365997180636,0.00240753011534986,0.2965558701665864
id06503,0.5139396945665703,0.13556100392680745,0.35049930150662223
id14408,0.10678084311161208,0.8909390325570268,0.0022801243313611843
id17370,0.831853461360904,0.1604189403635568,0.007727598275539208
id25432,0.9952999743784249,0.0032292469266913385,0.001470778694883813
id10132,0.20499290453803723,0.009567982019947944,0.7854391134420149
id27069,0.003910031838235161,0.9399313442072149,0.056158623954549965
id11515,0.693579144691169,0.24480817389003937,0.06161268141879174
id01323,0.9995048872949092,0.00026388931565269117,0.00023122338943821564
id22520,0.00015413698472959735,0.0005597439262732039,0.9992861190889972
id03293,0.0021205859206184182,7.4366012727346304e-06,0.9978719774781089
id19708,0.028130298489102708,0.0007774276992349025,0.9710922738116624
id22346,0.9114008302102484,0.07972694719906807,0.008872222590683569
id27744,0.9991132549512184,3.657097544510593e-05,0.0008501740733365995
id04004,0.8997124982304044,0.05057852871465167,0.04970897305494394
id09476,0.9937505124924219,0.003277415279254644,0.002972072228323466
id01582,0.006655517898842438,0.001464675558839991,0.9918798065423177
id23782,0.5887021485291996,0.09912107393130366,0.31217677753949674
id03403,4.0229925436294326e-05,0.00231555406748924,0.9976442160070745
id11119,0.03958570849686426,0.9596280147854952,0.0007862767176405143
id16681,0.8772241066658918,0.1218198948657858,0.0009559984683224019
id16399,0.9999907044348871,1.0460961565009233e-06,8.24946895640873e-06
id22630,0.9124406088858046,0.06264579434024592,0.024913596773949415
id27950,0.6731237269120128,0.07673778993431284,0.2501384831536744
id00046,0.971428360980062,0.00812441662102736,0.020447222398910628
id25556,0.14043580177911613,0.13887685191450583,0.720687346306378
id16039,0.9992919658449986,0.0005210691790791346,0.00018696497592237725
id09110,0.9999712690844287,1.108727439365528e-05,1.7643641177570314e-05
id19881,0.9839399679827338,0.015679396697949315,0.0003806353193170333
id21735,0.9874667314824045,0.004117636476209128,0.008415632041386295
id02023,0.9998919290712843,2.1263780091933368e-05,8.680714862374945e-05
id01230,0.012312462227677332,0.9872569563956797,0.00043058137664299053
id14916,0.00033583956719406076,0.007883857802873397,0.9917803026299326
id04944,0.7355505798140114,0.21044760172301216,0.05400181846297644
id04349,0.033564113870051294,0.005280076848333416,0.9611558092816153
id22580,0.0066127647076911055,0.9843529042431799,0.009034331049128982
id00343,0.4493067621900372,0.5175033086393686,0.03318992917059431
id14218,5.1773563559113534e-05,0.9985516505420962,0.0013965758943447623
id10546,0.9944967115881873,0.005266610028678731,0.0002366783831340138
id05627,0.01892669681008499,0.0003069518582224132,0.9807663513316927
id13735,0.005915311223035174,0.992262574496164,0.0018221142808009722
id01525,0.008263894888042128,0.03688468687215185,0.954851418239806
id25242,0.6621000037753425,0.06951981762284994,0.2683801786018075
id17077,0.5726796518123606,0.029107361929853724,0.3982129862577857
id05672,0.7602256896044732,0.231896376891408,0.007877933504118854
id22404,0.05547699689276894,0.9438898076254351,0.0006331954817959614
id25704,0.011210233003225238,0.7545423764347816,0.23424739056199317
id00903,0.9999995119354308,4.871157879891262e-07,9.48781187034515e-10
id15496,0.9344218678035292,0.06001701541190146,0.0055611167845694125
id09903,0.04195217116589038,0.0015371632883679743,0.9565106655457417
id03419,0.9969044716490211,3.451006099757703e-05,0.003061018289981386
id06647,0.6829075271801798,0.010520506952397491,0.3065719658674228
id16700,0.001776092737657144,0.9980146780107618,0.00020922925158104572
id08983,0.9679060504479977,0.011006506600497575,0.021087442951504717
id20782,0.9290081742306614,0.02952203889209961,0.04146978687723891
id24494,0.9464657578418958,0.04610310693206893,0.007431135226035272
id10495,0.0006003429095927177,0.9993785437440489,2.1113346358299598e-05
id21262,0.49410364281539404,0.0011776952975669198,0.5047186618870391
id25689,0.011622544945186473,0.0033440919704253586,0.9850333630843882
id03705,0.036018987533590265,0.031129993524696323,0.9328510189417134
id01187,0.004466144590209773,0.9950682530431846,0.0004656023666056371
id24649,0.8675303298077113,0.10883150499792041,0.023638165194368392
id12629,0.003442876565014373,0.00031446528661908783,0.9962426581483664
id15211,0.01157534917680391,0.9857800502040007,0.002644600619195444
id13170,0.07453743035305987,0.05798560926043606,0.8674769603865041
id14801,0.9154163822612821,0.026723098172815516,0.05786051956590248
id18525,0.9808505606274719,0.009709699684093511,0.009439739688434668
id21963,0.9999908861883572,7.711773746715031e-06,1.4020378960758462e-06
id23746,0.017456173945019957,0.0028978927222733683,0.9796459333327067
id18216,0.0438905638466836,0.003306744609240444,0.9528026915440759
id16493,0.009163029590478773,2.8664099197725994e-05,0.9908083063103236
id12987,0.021186651329642092,0.946394021714336,0.032419326956022024
id04814,0.6627992903979669,0.17179027024872148,0.1654104393533117
id18602,0.9495133033655678,0.007627604286143902,0.04285909234828827
id23173,0.016105749222104657,0.9825641403051367,0.001330110472758656
id21165,0.24204246867328616,0.0195015537414363,0.7384559775852775
id26123,0.9987170393898935,0.0012654419780922185,1.7518632014373535e-05
id22608,0.02127674467086942,0.00033845365817616586,0.9783848016709544
id21139,0.9987623688888236,0.0001840845324251999,0.001053546578751204
id21853,0.028942843205537007,0.9696416384219931,0.001415518372469944
id24128,0.970663776498169,0.019559503333200057,0.009776720168631011
id15666,0.8788800517815782,0.1094513232698013,0.011668624948620386
id11552,0.021927741255729032,0.9775465325913195,0.0005257261529513529
id17621,0.04291002942054632,0.042906239110680096,0.9141837314687736
id20001,0.8801967283630813,0.10787715151161852,0.011926120125300262
id14166,0.6512125404324172,0.3484968338855956,0.0002906256819873599
id24108,0.14322727622525652,0.8054395757826187,0.05133314799212475
id19871,0.003597773589661162,0.9821461193393245,0.01425610707101431
id22361,0.011648648845498702,0.003713569631949146,0.9846377815225522
id21065,0.06399575463214865,0.14693887729668437,0.789065368071167
id20749,0.9972851498233637,0.002428238161772538,0.000286612014863905
id20898,0.0002961999678887158,0.9997022665214979,1.533510613385916e-06
id10398,0.05248340722632424,0.007881928302083266,0.9396346644715925
id03578,0.545236331498377,0.029139921180290435,0.4256237473213326
id25932,0.2756492995918385,0.027775950918997695,0.6965747494891639
id11133,0.02533477259864837,0.01974220453634869,0.954923022865003
id15794,0.06493517030482523,0.8876394675195417,0.047425362175633125
id24479,0.9960109727498289,0.003429243994586464,0.0005597832555846788
id09563,0.00017804648556290543,0.9982644533336782,0.0015575001807589094
id11279,0.0006786915857703062,0.9583115611668297,0.04100974724740001
id26680,0.9934333471288841,0.001477150173030162,0.005089502698085692
id20529,0.2027771177735803,0.02041117306245424,0.7768117091639655
id11761,0.7567227350502633,0.2098903860255528,0.033386878924183905
id02337,0.0006623885976639356,0.9990963094381027,0.0002413019642333593
id04890,0.006308684743301895,0.0010569066888369244,0.9926344085678612
id15707,2.5169601421951973e-06,5.6090747045046456e-05,0.9999413922928126
id26204,0.00026655906062954975,0.18684368521132774,0.8128897557280428
id15611,0.9938983568969924,0.004626394033971545,0.0014752490690360432
id17714,0.2033952903350791,0.09315094457550756,0.7034537650894133
id15392,0.9997441380805254,8.437520338130198e-05,0.00017148671609332967
id14685,0.0012122523021843971,0.9976830688876372,0.0011046788101783589
id02508,0.28555304812958726,0.6989599499672761,0.015487001903136708
id12406,0.9878047680277013,0.007690962504265701,0.004504269468032903
id24096,0.001904561590719625,0.9977012725033638,0.00039416590591660663
id19837,0.9982232709725686,0.0002618384630051951,0.001514890564426265
id25565,0.019890871002282557,0.005460225146434222,0.9746489038512832
id27598,0.9999886093698859,2.604029325245524e-06,8.786600788909595e-06
id26085,0.9744311706981944,0.013078850212039935,0.012489979089765691
id17400,0.006249754621986751,0.032374005585862564,0.9613762397921507
id04501,0.8897743362238582,0.05586637934145792,0.05435928443468401
id02468,0.0008569052764896584,0.0006874151524505899,0.9984556795710597
id07394,0.9704311368888112,0.017106221240276952,0.012462641870911884
id18917,0.0038765448473474626,0.8998261680902895,0.09629728706236312
id14083,0.9298567870042002,0.05094885204254572,0.019194360953253997
id22675,0.028703868132056665,0.01834070145610421,0.9529554304118392
id27343,0.03703465726809107,0.024495736153352553,0.9384696065785564
id23206,0.07185875485543586,0.7113409065608759,0.21680033858368833
id11105,0.022600921442840344,0.9765699420248279,0.0008291365323317518
id21017,6.5974340005121985e-06,3.778002080497321e-05,0.9999556225451944
id13716,0.5137591483885617,0.17006418439388446,0.3161766672175539
id00352,0.002048982305527386,0.9583639294452777,0.039587088249194824
id12173,0.10686503747976452,2.2855786427697334e-05,0.8931121067338078
id15008,0.9819240819419082,0.010612204601349233,0.007463713456742561
id23347,0.2062353348900135,0.0034171974644710205,0.7903474676455154
id23939,0.021110784634573027,0.23777524425828261,0.7411139711071444
id12090,0.5217706945387672,0.4502652957247485,0.027964009736484257
id08307,0.0038638243832386844,0.9959669758343868,0.00016919978237455179
id21316,0.006253857462598928,0.16499255430291745,0.8287535882344836
id16457,0.09597375300448345,0.0007311342777791294,0.9032951127177374
id23808,2.3328034821525106e-05,0.0013191540198086906,0.9986575179453698
id12826,0.020116568169401865,0.9797927290745512,9.070275604691146e-05
id16819,0.01158671561634605,0.018235871730600213,0.9701774126530537
id15128,0.004380270623755606,0.9956040232285974,1.570614764699055e-05
id14953,0.005288323164111759,0.9865756220311638,0.008136054804724499
id04083,0.9999706780624724,3.624941978050802e-06,2.569699554953902e-05
id00773,0.003011048150177576,0.9966468426076619,0.00034210924216048015
id24585,0.14991116368691676,0.049119774890436944,0.8009690614226463
id01362,0.08362866786902651,0.0009699513276588831,0.9154013808033146
id04514,0.9053812006390478,0.09327488825897196,0.001343911101980257
id19075,0.9999987055744006,1.2909979273795423e-06,3.42767207371487e-09
id06283,0.9591501038626777,0.03461713353858676,0.006232762598735508
id19848,3.18198022531404e-07,0.999999677089095,4.712882610757757e-09
id02566,0.015437031056746923,0.9793912092963636,0.005171759646889485
id26973,0.11850947005584149,0.03213884075240955,0.849351689191749
id09333,2.808475360266457e-09,2.3319105162689738e-11,0.9999999971682055
id21745,0.008228197607316067,0.012530079690594493,0.9792417227020895
id27167,0.06423070982217251,0.9356962631886405,7.302698918701896e-05
id08481,0.013586462337102796,0.9826715455724183,0.003741992090478958
id19456,0.9993030366286556,0.0006966918492536208,2.7152209075687306e-07
id01495,0.6900903157518871,0.24987467309720923,0.060035011150903685
id15069,0.5534090247735499,0.03691774223062463,0.4096732329958256
id18174,0.0001914614624989518,1.2003171632405947e-06,0.9998073382203378
id14450,0.0003546040520481342,0.15720791486393643,0.8424374810840155
id04149,0.0018845638365386714,0.9979436784548955,0.00017175770856570782
id10972,0.010457312359104642,1.2889147748591561e-05,0.9895297984931468
id05547,0.003184273814434763,0.7138494644795077,0.28296626170605754
id17670,0.028664128118612114,0.771482178587504,0.19985369329388394
id04740,0.18634349018699925,0.06937371855133495,0.7442827912616659
id24842,2.066284356145735e-05,3.577198174032488e-05,0.9999435651746982
id26895,0.2927354700321913,0.0039752759091151975,0.7032892540586935
id15591,0.7669596509473924,0.00919234864604071,0.22384800040656702
id20895,0.1940560151528464,0.8047209166155537,0.0012230682316000442
id11532,6.639786182455831e-05,0.00012346963751491046,0.9998101325006605
id16516,0.028347787697455114,0.002240471562202249,0.9694117407403426
id14940,0.040919032959021426,0.8262599069241754,0.1328210601168032
id17152,0.9959637651637578,0.0024861417778662136,0.0015500930583758911
id12870,0.04839936348660632,0.9461117631480707,0.005488873365322971
id17405,0.6931164979848508,0.10526132479447763,0.2016221772206717
id22274,0.003868696839700121,0.9551334725322977,0.04099783062800211
id08337,0.028525137143625368,0.008738011713528284,0.9627368511428464
id19549,0.5622382569351505,0.0036052295773413377,0.4341565134875081
id19195,0.9975448522437232,0.0023468734939964533,0.00010827426228032025
id11564,0.9982733141191087,0.0017047706606755301,2.1915220215731277e-05
id26771,7.927791235215152e-06,0.022417101538744467,0.9775749706700203
id24955,0.06189950973455192,0.9349145149527894,0.003185975312658587
id22140,0.9326450248105578,0.004553445128419146,0.06280153006102307
id19920,0.0972631985049939,0.010403005323891438,0.8923337961711146
id09807,8.107927098337913e-06,0.9929235004374964,0.00706839163540529
id27426,0.9967606900642129,1.1987843726131694e-05,0.003227322092060994
id22006,0.9999994768036452,4.079300549782206e-07,1.1526629983175634e-07
id10604,0.8136675197763537,0.06682012128620538,0.11951235893744092
id11017,0.6476660911559536,0.33574312773581594,0.01659078110823051
id14335,0.0005725776376903411,1.5569130189068377e-05,0.9994118532321206
id08707,0.9159764114568648,0.015447659301591888,0.06857592924154336
id15869,4.192856481601788e-05,0.00013871339832959874,0.9998193580368544
id20593,0.9887598848343826,0.0030543648821650506,0.00818575028345239
id07428,0.6215336093515633,0.373689196002653,0.00477719464578377
id11527,0.5540116876496428,0.06856909090697452,0.37741922144338275
id14901,0.9999977421594249,1.2058850806111688e-06,1.05195549448194e-06
id19733,0.9988192077878523,4.8421842795885675e-05,0.0011323703693519385
id24677,0.0005739909148902159,0.9990382653271082,0.000387743758001639
id26656,0.0007105859697055233,7.293785184963976e-05,0.9992164761784449
id11707,0.9997759632324829,0.00021970009610026896,4.336671416875526e-06
id26218,0.00033053546638322936,0.9996664477117303,3.016821886550827e-06
id19262,8.662363378620245e-06,0.00015631956042642999,0.999835018076195
id24905,0.1890268719948223,0.709719582865239,0.10125354513993871
id09170,0.9836398740709056,0.010431679559603288,0.0059284463694911135
id05772,0.00040214314927770954,0.01747285907165353,0.9821249977790688
id25405,0.4699578760104267,0.12488041779802728,0.405161706191546
id18491,0.01825191389556853,0.00020557959516827497,0.9815425065092632
id07780,0.6760706710275697,0.11160571812778214,0.21232361084464826
id01689,0.07999899291293258,0.002965105123576529,0.9170359019634909
id17498,4.184608362991779e-07,2.1186668047649696e-07,0.9999993696724833
id19964,0.8215322186566447,0.1531767150183993,0.02529106632495603
id14525,0.004711260158560394,0.005466399154200458,0.9898223406872392
id26363,0.04325313000330065,0.02141896464153447,0.9353279053551649
id07108,0.08730402551041921,0.002923585679883527,0.9097723888096972
id11692,0.9940864608422338,0.00385642805811914,0.002057111099647019
id10891,0.04929468037683107,0.5770166284768282,0.37368869114634073
id16743,0.0057605012744632415,0.9788980720492093,0.015341426676327484
id11556,0.9794107865481968,0.016319339989732066,0.004269873462071089
id09116,0.5158511727935337,0.4773689342054048,0.006779893001061558
id24015,0.2009393108793045,0.12806300519009362,0.6709976839306019
id00347,0.05652847962252435,0.025320431130077467,0.9181510892473982
id06284,0.001962290689424421,0.008052476425104173,0.9899852328854715
id18794,0.000684528769869302,0.9973790470982107,0.0019364241319199823
id10702,1.927154607090677e-06,0.9999945035686517,3.5692767411401307e-06
id19239,0.17872720303811696,0.0002764030173495535,0.8209963939445335
id26016,0.9972833529832811,0.002242279968061554,0.00047436704865728773
id26227,0.3703225700053266,0.22515990340093844,0.40451752659373497
id05367,0.23368895919729793,0.754000429964221,0.012310610838481067
id09568,0.16561256792382023,0.006479926325909782,0.8279075057502701
id04660,0.971690121243402,0.003586323637955656,0.024723555118642337
id04744,0.8599208951403475,0.01583890584371008,0.12424019901594245
id07251,0.002690606509812848,0.9963454722041832,0.0009639212860039073
id25977,0.00020085799474051463,0.9996794422172757,0.00011969978798371424
id06244,0.07004637207718935,0.05917441681266608,0.8707792111101446
id24560,0.017737850791644572,0.9821913958001691,7.0753408186273e-05
id05091,0.08791316538577089,0.4352448506722564,0.4768419839419728
id27248,0.041264044885535076,0.9432818968544833,0.015454058259981761
id12528,0.10386210288073089,0.6823016657797161,0.213836231339553
id27322,0.9994568083257154,0.0005377912156433397,5.400458641255971e-06
id27213,0.18028742243472157,0.04442790823157306,0.7752846693337053
id18588,0.9811702482654912,0.0028677680308037768,0.015961983703705027
id14485,0.1000748501231712,0.09871922254377341,0.8012059273330554
id27475,0.03948720137317504,0.32998582522726466,0.6305269733995603
id02280,0.3315532200565158,0.509376059578763,0.1590707203647212
id24083,0.12112575723858986,0.878213790097872,0.0006604526635380475
id02321,0.0028373770886869543,0.0005136234524009704,0.996648999458912
id10299,0.00020057184079276503,6.281155560325945e-07,0.9997988000436512
id27680,0.9928106902822615,0.002608630593177948,0.004580679124560558
id17607,0.0034065573713739114,0.017480979817655572,0.9791124628109705
id06661,0.40777290080443723,0.5632789749260189,0.028948124269543973
id23860,0.9742489227530587,0.00040131096059935477,0.025349766286341783
id26850,3.341427575151356e-06,0.9999917461630103,4.912409414580612e-06
id16484,0.43727174009066766,0.027961515186662372,0.5347667447226699
id15302,0.3381046029847401,0.004103026984265177,0.6577923700309947
id21138,0.6393398341858993,0.351776424130425,0.008883741683675731
id02525,0.19298635333045722,0.6473279077546099,0.1596857389149329
id12608,7.07132482589619e-05,0.9998885338706893,4.0752881051765824e-05
id23863,0.007567895333972949,0.0004945244826056133,0.9919375801834215
id01755,0.9961494562763733,0.002071311275046075,0.0017792324485805945
id10567,0.9983068791697918,0.00018180576207900146,0.0015113150681291957
id08445,0.6918614131248941,0.2574428612471488,0.05069572562795708
id18146,0.028786375247935907,0.0034999981024973663,0.9677136266495667
id22263,0.35255994830284926,0.005407441972407153,0.6420326097247435
id13537,0.021317766999147177,0.001131103991780204,0.9775511290090727
id19985,0.8058085580670069,0.024520303799104533,0.16967113813388868
id08053,0.011798124883983022,0.003510057029575419,0.9846918180864416
id18959,5.8851041919969974e-08,0.9999999192151324,2.1933825707403408e-08
id06641,0.30470406814012263,0.6946782229180678,0.0006177089418095192
id27291,0.0017807491582767815,0.9943585285289857,0.0038607223127376995
id16124,0.0932623582226728,0.010941241838359938,0.8957963999389673
id18221,0.0024772059050871885,0.0009496324359591593,0.9965731616589536
id25670,0.9992882254341275,0.0006747734204982713,3.700114537429196e-05
id18472,0.997771652401308,0.00030252374448835857,0.0019258238542036888
id10302,0.45581533969958166,0.008890118568595146,0.5352945417318232
id07721,0.0006145925211470797,0.9993826660920083,2.74138684459067e-06
id22148,0.020137507350132686,0.007006200714942574,0.9728562919349248
id04724,5.003581815439801e-06,0.9999946378383888,3.585797957782856e-07
id03980,0.9876209281280427,0.012183050762406748,0.0001960211095505848
id11982,0.9974084834052827,0.001346813509492135,0.001244703085225132
id05566,0.0002388713828813849,0.9997602674809195,8.611361991120962e-07
id13235,0.01463735489452331,0.9821351493710598,0.003227495734416854
id24524,0.964460720710075,0.007698889143229255,0.027840390146695742
id26783,0.11450475068216666,0.0005294865506395633,0.8849657627671939
id02220,0.07152958015904617,0.9205945869360842,0.007875832904869576
id17163,0.9696423711679775,0.007231411069365335,0.0231262177626572
id21903,0.9541976626601577,0.015025046863784447,0.0307772904760578
id13350,1.1028342120890436e-06,1.358863698233403e-06,0.9999975383020897
id07036,0.9999790882361099,2.3534976487833923e-08,2.0888228913551977e-05
id09150,0.9907255557881425,0.006039639747787202,0.003234804464070343
id22042,1.3842187730935043e-07,5.102236555748042e-07,0.9999993513544672
id19562,0.4486838504753091,0.025408879001199453,0.5259072705234914
id05125,0.888597961151077,0.056349255584368894,0.05505278326455409
id19462,0.9995925923175331,0.00038423036135950043,2.3177321107447342e-05
id02265,0.8517382603525129,0.14719895839919672,0.0010627812482903514
id11769,0.13443085061599144,0.8539557911373215,0.011613358246687001
id19021,0.9209609746528392,0.011241849531324673,0.06779717581583615
id06166,0.9997365312404779,0.00013686053946214297,0.00012660822005993293
id26800,0.9828826282865241,0.00035194093021966705,0.01676543078325636
id21422,0.032982284370624795,0.0034078402840149085,0.9636098753453602
id13116,0.6899707156830533,0.3099896327741157,3.96515428308873e-05
id05996,0.9999763892897208,1.159364491919226e-05,1.2017065359985445e-05
id23318,0.9999995547173032,4.442408318913028e-07,1.0418649798740167e-09
id20725,0.00010574771980201739,0.0013476909316878154,0.9985465613485102
id09210,0.9780822376918482,0.0023098247229757837,0.019607937585175997
id25842,0.3961024431732068,0.10992485117907139,0.4939727056477218
id00767,0.5973176528751974,0.051887273213798275,0.35079507391100434
id05036,0.005611072918306169,0.9923342701685999,0.0020546569130939726
id14853,0.03685063442084559,0.0293209336318012,0.9338284319473532
id16946,0.002876218495310202,0.000426659821582775,0.996697121683107
id26804,0.19528669189892076,0.7967690443200395,0.007944263781039705
id24061,0.035545023113596835,0.04662993444118571,0.9178250424452175
id19861,0.9968161168988787,0.0007958989149671381,0.0023879841861542085
id18210,0.843711708389721,0.0010542308745903964,0.15523406073568857
id24313,0.009657176379792494,3.363044327183809e-05,0.9903091931769358
id15960,0.07699491242338725,0.07660967249354643,0.8463954150830663
id14037,0.9997187578555239,0.00019371703243184246,8.752511204414143e-05
id17785,1.9204894373572057e-05,0.001878944084229884,0.9981018510213966
id19362,0.0512282649006572,0.0010596956274307144,0.9477120394719122
id10372,0.9976733736943343,0.0023105797509526864,1.6046554713037045e-05
id03061,0.006022077009804721,0.9939371130158068,4.0809974388540355e-05
id27583,0.00020631047073351412,3.0391074728019648e-05,0.9997632984545385
id22055,0.9999135168807167,3.152608346891564e-06,8.33305109362583e-05
id07920,0.025451655008610675,0.9745153575600807,3.298743130855232e-05
id16813,0.8003316748911382,0.02516098312307976,0.17450734198578202
id03088,0.023201615591726673,0.7219079160730678,0.25489046833520557
id03026,0.0006759056502768522,0.9813211385668444,0.01800295578287877
id09934,0.9999800573700911,1.2464272966384882e-05,7.4783569425226694e-06
id21452,0.9948349298947894,0.001961641247786633,0.0032034288574239586
id05576,0.0036911136723090567,0.05957677067413147,0.9367321156535595
id22391,0.00847742199705074,0.007587773991439226,0.9839348040115101
id10554,0.9596277452547193,0.03881385734487634,0.001558397400404367
id03291,0.010770845959920722,0.02334980483028741,0.9658793492097919
id23280,0.9816876248948964,0.000356699897669849,0.017955675207433814
id17777,8.098296569313286e-05,1.0828990048106882e-05,0.9999081880442588
id24574,0.9420254120457628,0.031136922910111945,0.02683766504412522
id05459,0.00020075231177340284,0.9997987974530411,4.5023518546082625e-07
id02724,0.018627794784060094,0.03747011262973192,0.9439020925862079
id27678,0.8830103918916518,0.06354387673861518,0.053445731369733115
id21722,0.0003365577468433656,0.994070220637359,0.005593221615797714
id18139,0.9448440259573979,0.04155567545699507,0.013600298585607101
id16264,0.0009316031000416511,0.9985162970518877,0.0005520998480706249
id14537,0.929405238259675,0.025684657129907893,0.0449101046104172
id18814,0.9996276091975349,0.00036285419917291754,9.536603292107793e-06
id08331,0.002499641064396109,0.9974384959760343,6.186295956962422e-05
id03963,0.9998390596274698,8.992182191770718e-06,0.00015194819033843363
id07558,0.9997090314761801,5.467458158546931e-06,0.0002855010656614063
id26275,0.8357905548353841,0.0028012401587227237,0.16140820500589323
id26188,0.119435956364209,0.8785779731358944,0.001986070499896551
id06789,0.07036129164799304,0.7753123756697334,0.1543263326822736
id21788,0.00010403272344644722,0.9998936982761183,2.269000435167355e-06
id13972,0.8497120584896685,0.02881939122601762,0.1214685502843139
id08643,0.999999702914281,1.9397010304713703e-07,1.031156158930663e-07
id09642,0.0007486765219222933,0.9989173749426692,0.00033394853540851514
id14054,0.992458462689739,0.00010229657437719188,0.0074392407358838085
id12216,0.009869469459193309,0.0005082506103517989,0.9896222799304549
id09211,0.0024325501514491856,0.997259185545594,0.00030826430295687854
id16903,0.0006849101615131093,0.9991672910046525,0.00014779883383439857
id18976,4.210559630770466e-06,0.002295900881858157,0.9976998885585111
id01861,0.9882094787473636,0.008942413674397711,0.002848107578238641
id22745,0.00396598427307889,0.9954180609570478,0.0006159547698733398
id03560,0.9901780455567772,0.006210096420288869,0.003611858022933817
id17799,0.999925110173594,3.812270440426731e-05,3.6767122001787784e-05
id12387,0.013435675222929162,0.18263358933213256,0.8039307354449383
id09450,0.6868727156883568,0.007548587014793547,0.3055786972968496
id18088,0.10661096552469165,0.004358437306538807,0.8890305971687695
id21697,0.9992822222695014,0.0002619598263766268,0.0004558179041220372
id26128,2.4661469281894512e-05,0.9999752439845713,9.454614682672544e-08
id27462,0.002778510983965037,0.0001293408714203315,0.9970921481446147
id19394,0.9999517249781801,4.7170162620869025e-05,1.1048591989493096e-06
id19929,0.40694974375112636,0.5927736615933221,0.0002765946555515328
id16056,0.19286815275017039,0.268235516586876,0.5388963306629536
id08756,0.016877451247710576,0.0010337646436333805,0.9820887841086561
id09203,0.0031739637536376797,0.9816789062894378,0.015147129956924568
id14098,0.9996892825115214,0.00021759958291067366,9.311790556788607e-05
id24641,0.9334923236931244,0.05523167603064436,0.011276000276231164
id24507,1.4907136943592096e-05,0.9978542075476384,0.0021308853154178497
id20161,0.6323217669158793,0.36576379818745336,0.0019144348966673203
id11710,0.04145716087191287,0.0001635216211060477,0.9583793175069811
id15751,0.2868210164893965,0.4751853773067688,0.23799360620383475
id06617,0.31923245461576405,0.03935325013031003,0.6414142952539259
id19131,0.9971172739297951,0.0017580145224646336,0.0011247115477402685
id02796,0.5423628668774366,0.424495973141978,0.03314115998058531
id15575,0.08128403765938744,0.912194124122625,0.00652183821798756
id21828,0.9832788841824047,0.006975008468014148,0.009746107349581192
id15093,0.002976926487471243,0.996379976175523,0.0006430973370057031
id27867,0.5200619226741175,0.027061080165740863,0.4528769971601417
id19315,0.04926218091078191,0.0011178146981563617,0.9496200043910618
id19398,0.9035605691545614,0.0916088233776662,0.004830607467772452
id01572,0.06967971956564575,0.8808390210217238,0.04948125941263035
id09781,0.9516508513569093,0.042970278350834286,0.005378870292256419
id19278,0.5514377693192181,0.331351542852947,0.11721068782783495
id11852,0.04690592487925577,0.04069557564440726,0.912398499476337
id07067,0.0029638760613892963,0.00019833626319884875,0.9968377876754119
id08550,8.408690764898598e-05,0.999915901529731,1.1562620053030243e-08
id02634,0.9499884130142964,0.0008833092406151592,0.04912827774508843
id02449,0.9391225801160642,0.006168081386013752,0.05470933849792213
id10359,0.9533834176797127,0.01763441368949245,0.02898216863079477
id00217,0.9917815316946774,0.004769364997715232,0.0034491033076074463
id20848,0.004200833377946896,0.995328204301697,0.00047096232035618007
id20229,0.8969739626759997,0.10301519995346615,1.0837370534101545e-05
id02211,0.8744651871836264,0.09107149864063535,0.034463314175738224
id08435,0.39013013771571725,0.5890097402249544,0.020860122059328346
id23681,0.006663381727031916,0.004727061671535501,0.9886095566014326
id00571,0.2327509124077034,0.0002916962936701352,0.7669573912986265
id16280,1.8722316637438832e-08,7.415148487465045e-09,0.9999999738625349
id15022,0.2856884988694026,0.05177674571444371,0.6625347554161538
id08040,0.0004976511196929783,0.003124738582541527,0.9963776102977655
id18087,0.9412849306124941,0.057412152183067285,0.0013029172044386082
id11280,0.996981867218328,0.0029688742416555053,4.925854001640799e-05
id21543,0.7798040745557876,0.18354736546531822,0.03664855997889425
id00245,0.9997013986198469,9.216073592891427e-06,0.00028938530656021544
id13745,9.328075752031466e-06,6.640838513350683e-08,0.9999906055158629
id15734,0.9770807487233207,0.019360788301784802,0.0035584629748944712
id22572,0.017473089462047772,0.9822965513443617,0.0002303591935906027
id12741,0.05799932843921872,5.29942805574489e-05,0.9419476772802239
id16477,0.4097232825450806,0.5842077306374442,0.006068986817475089
id26261,0.0005629886264477792,6.16514052572159e-05,0.999375359968295
id15867,0.6433161040909063,0.24621947663662674,0.11046441927246685
id10479,0.985670993084578,0.002262133109079705,0.012066873806342368
id17736,0.0005251906273067587,2.2996172281082695e-05,0.9994518132004122
id17768,9.312892115611141e-05,3.229008462535525e-05,0.9998745809942186
id14172,0.9155018578943042,0.029320319887726827,0.055177822217969054
id01972,0.010401974397926249,0.0011051181573282333,0.9884929074447455
id10962,0.9844668108914545,0.0026734776920672837,0.012859711416478223
id16692,0.7008701950897515,0.08653772601699888,0.21259207889324958
id25471,7.26349754563628e-07,0.9999944624627416,4.811187503730895e-06
id05603,0.002433269923974833,0.9975494485161138,1.7281559911364346e-05
id15340,0.8379334605105968,0.027903307913047255,0.13416323157635596
id22971,0.6496006633559084,0.03547336114825161,0.31492597549583995
id06765,0.00040503789396387365,0.999157010328095,0.0004379517779410467
id19864,0.9779492857334401,0.00035128258131325916,0.021699431685246722
id15834,0.024983295022293652,0.9673530736483791,0.007663631329327281
id17395,0.019445627948782757,0.024283404598891303,0.956270967452326
id02585,0.0020287676567554685,0.9898892489479132,0.008081983395331402
id13154,0.9999757540747047,1.5029911829660534e-05,9.216013465621916e-06
id12972,0.2502041344061803,0.3211887033809083,0.42860716221291134
id11103,0.8919716912736984,0.03489377854931032,0.07313453017699136
id26062,0.08842731946684147,0.06818445530003961,0.843388225233119
id07339,0.9965723216475478,0.001209409223153088,0.002218269129299158
id06096,0.9999652116471415,2.8270269149355654e-05,6.518083709197261e-06
id22945,0.008667754709890401,0.9912521667670441,8.007852306548826e-05
id10058,0.9797251917992327,0.01245914079008032,0.007815667410687038
id06435,0.9999986896591159,1.2964376711033527e-07,1.1806971170606507e-06
id12636,0.0178869283777898,0.0054328334500186445,0.9766802381721915
id25423,4.856412886827647e-05,1.7093539058816153e-05,0.9999343423320729
id12990,0.06449567602670138,0.1286349416343057,0.8068693823389929
id24106,0.009139476118193591,0.9287745694814008,0.06208595440040563
id14481,9.422787662242271e-05,0.9994097862746767,0.0004959858487008806
id03617,0.09396151724756913,0.0005591313995754598,0.9054793513528554
id26055,0.9991347845478598,9.321743852751189e-07,0.0008642832777549718
id23712,0.9903550152150425,0.0004419455085347947,0.009203039276422655
id19441,0.002884782278463914,0.9969861528470073,0.00012906487452874353
id17042,0.9571252829459016,0.04279112478946441,8.359226463388605e-05
id09018,0.0004784221530786845,0.9995210684502543,5.09396666885367e-07
id08879,1.6929329680073467e-12,0.9999999999972717,1.0353241853182393e-12
id10841,1.782732866417795e-06,0.999997689552285,5.277148486349685e-07
id04776,0.04744303971346107,0.9523839159661911,0.00017304432034791903
id26526,2.3998670030458284e-05,0.0011816908900600662,0.9987943104399095
id14181,0.051402012428469215,0.9104738939116904,0.03812409365984037
id18396,0.9851494055433372,0.002282518060421672,0.012568076396241171
id05585,0.2359151590372065,0.7503110042007994,0.01377383676199411
id11546,0.14052020328835965,0.363120096918079,0.4963596997935613
id08027,0.0010734145392038053,0.9897917605172281,0.009134824943568135
id00659,0.2881307060871122,0.0007139354613576575,0.7111553584515301
id10937,0.009735557941197686,0.9859823177711433,0.00428212428765896
id01898,0.06415299598535047,0.8703820146529898,0.06546498936165962
id23695,4.9966770991879534e-05,7.986951704746306e-06,0.9999420462773033
id07856,0.15315622790840636,0.709069202829865,0.13777456926172868
id25233,0.9952541355044955,3.98596977175672e-05,0.004706004797786836
id24052,0.03933731483314203,0.24643129839943173,0.7142313867674263
id01698,0.005288548791711033,0.9946940845456422,1.7366662646686982e-05
id01356,0.0011983161059633707,0.9987958816143633,5.802279673378466e-06
id10430,0.00293855362819883,0.9969349022152691,0.00012654415653206539
id04778,0.0026966394379135707,0.00015634603839352723,0.9971470145236928
id24707,0.001274353813018504,0.9944734161162558,0.004252230070725614
id04539,0.8229531251796384,0.0019179189925968374,0.17512895582776486
id20011,0.932090212506025,0.01646429730980847,0.051445490184166616
id09950,0.0005379806661700121,0.9994619713368568,4.7996973227060705e-08
id14397,0.9770337900446796,0.017782377985080294,0.005183831970240084
id04457,6.369211237816122e-05,0.9999225982707782,1.3709616843707681e-05
id19469,0.1997875868434216,0.5406996673493751,0.2595127458072034
id24230,0.05046084608863702,0.059694230335512764,0.8898449235758502
id16719,0.9875153212931057,0.012464730679716145,1.9948027178165215e-05
id20183,4.4941457551682613e-05,0.9999548966098929,1.619325554450503e-07
id24531,0.0006147501562452064,4.026909125290207e-06,0.9993812229346295
id04934,0.9125549878038864,0.0512038317541199,0.03624118044199364
id17230,0.03326467845204774,0.006058246736774112,0.9606770748111781
id07561,0.9700333879238912,0.008393487137288092,0.02157312493882075
id12282,0.006040402033058099,0.9939578768709239,1.7210960181227127e-06
id14992,0.37768970813964137,0.5482970552838237,0.07401323657653493
id02934,0.4506095984617844,0.11125643563446817,0.4381339659037474
id00189,0.9999951812286544,4.69548872024958e-06,1.2328262535660632e-07
id27941,0.00039633216020791486,0.9995625074378487,4.116040194329031e-05
id14642,0.001428035192084275,0.9965304585803462,0.002041506227569597
id23445,0.7595692211850092,0.06559370213520443,0.17483707667978635
id21603,0.003182081484803928,0.0010875537736636505,0.9957303647415324
id21046,9.795017854271156e-06,0.9992979295324088,0.0006922754497369794
id02264,0.012001633429810303,0.9733087265134985,0.014689640056691105
id00409,0.854479681095113,0.007934320681967926,0.13758599822291917
id00351,0.7280205329112083,0.035783202674728905,0.2361962644140628
id14362,4.406510898582341e-08,0.9999982739393248,1.6819955662192417e-06
id20757,0.8455460589488546,0.08760635712729535,0.06684758392385003
id22764,0.9518843739253726,0.04706262242268681,0.0010530036519405931
id19264,0.035161105835554006,0.009598943110432665,0.9552399510540134
id04506,0.9158740727763564,0.041385608755426136,0.0427403184682175
id18505,0.9166858895228595,0.08327488500501729,3.9225472123124305e-05
id27354,0.06586639080502317,0.021803304568894503,0.9123303046260824
id22410,0.998685127131294,0.00011473818334622419,0.0012001346853598089
id14241,1.6349361587680346e-05,0.9999834777180491,1.7292036327304052e-07
id18785,0.12659329028141467,0.8537613513385302,0.019645358380055093
id16649,0.9091086932428166,0.09049025449481032,0.0004010522623730655
id16386,3.801243798199101e-05,0.9999594104580345,2.577103983526091e-06
id09051,0.016145093046978504,0.000576516782559067,0.9832783901704625
id22296,0.9797235633845556,0.019525613396528408,0.0007508232189161055
id08584,0.8734677668989302,0.04244532354018145,0.08408690956088831
id22219,0.0008497589650060921,0.0018632154142732887,0.9972870256207206
id18790,2.146599795249182e-07,0.9999997279946383,5.734538206620472e-08
id10922,0.04533504577199836,0.512104836805016,0.4425601174229858
id15002,0.8337454448098568,0.005224985647217317,0.1610295695429259
id24862,3.8213858379767475e-05,0.9999607692470023,1.0168946179482375e-06
id25845,0.585395605011578,0.35236660788197555,0.062237787106446577
id17586,0.023553473907962894,0.9748880361041447,0.0015584899878923805
id09390,3.7202124133736546e-06,8.963380233972395e-09,0.9999962708242064
id20069,0.9931481266569018,0.0017572198308653513,0.005094653512232944
id05953,0.036908010350806465,0.9612651267023716,0.0018268629468218046
id15583,0.0008405119702444159,0.9991579903688068,1.4976609488412357e-06
id03482,0.0014066195984009737,0.0002787191267747791,0.9983146612748243
id06243,0.6719191996352293,0.2961764917118167,0.03190430865295405
id01116,0.0005724794883235434,0.009214020457341638,0.9902135000543348
id17530,0.002880403405729707,0.9899774885355324,0.007142108058738045
id07552,0.01454063685642749,0.0003858853406077177,0.9850734778029648
id03131,0.007365927056679841,0.9924685393484522,0.0001655335948678742
id23142,0.0009836626206208903,0.0005930246759335707,0.9984233127034456
id05540,0.9865632826999476,0.012962833378787309,0.00047388392126496387
id06292,0.9825466186138468,0.005406138869819173,0.012047242516333925
id26506,0.7434415784983615,0.20223700565152627,0.054321415850112256
id19068,0.02987526291877832,0.005618936660770129,0.9645058004204515
id21782,0.0009587657170516459,0.0027738099164779343,0.9962674243664704
id24563,0.011080138350525516,0.9860573463656508,0.0028625152838237288
id21986,0.13302250560162523,0.8462403008783961,0.020737193519978717
id04967,0.1202338758275938,0.018719103309616847,0.8610470208627893
id11760,0.07640994343260904,0.040577676317340085,0.8830123802500509
id02483,0.9999406197813472,6.746381190488011e-06,5.2633837462296216e-05
id15791,3.584390985374681e-05,1.1625170921061356e-06,0.9999629935730542
id14256,0.16360171610829113,0.019881774267975164,0.8165165096237337
id18328,0.94690438710092,0.004507286497805364,0.04858832640127463
id06213,0.005411305037388059,0.9416498914869296,0.05293880347568241
id00772,0.8987692390863992,0.0959096554973765,0.0053211054162243445
id01113,0.8892945431345707,0.0060934586599337036,0.1046119982054956
id03972,0.9682694212212182,0.031612592472488224,0.00011798630629354308
id25386,0.16853444932780945,0.6222367177327601,0.20922883293943045
id09156,0.39319380737750254,0.5926340911020672,0.014172101520430327
id22624,0.9502345631239784,0.035480967323823866,0.014284469552197749
id17789,3.4985120719933505e-05,0.9990113169409313,0.0009536979383486564
id09039,0.007079976491311588,0.9903079902056126,0.002612033303075923
id20538,0.26653158299750435,1.7755057767879265e-05,0.7334506619447279
id05501,0.0010524505560151121,2.2056336718775168e-06,0.998945343810313
id27641,0.9295731440146623,0.06498625010682735,0.005440605878510405
id05965,0.022182860724033457,0.0029726842787445354,0.974844454997222
id23431,0.3256673891979238,0.6391124883416295,0.03522012246044675
id13075,0.001986164748219157,0.07147192902208722,0.9265419062296936
id26190,0.14697672987171387,2.605066520456638e-06,0.8530206650617657
id12196,0.9738240536610405,0.0011341918218109495,0.025041754517148563
id21318,0.0020273439571691135,0.9979591182636148,1.3537779216060985e-05
id11277,0.1923506728691922,0.6722243114644312,0.13542501566637666
id07193,0.9895587544581022,0.005370986342059076,0.005070259199838616
id17105,0.0062073289470016505,0.20664143774080382,0.7871512333121945
id18263,0.9662402420471372,0.0011401686489407442,0.032619589303922024
id22875,0.014913915854935447,0.0014360909420884668,0.9836499932029761
id07157,5.8902336250489825e-06,1.2660798070549475e-07,0.9999939831583943
id15051,0.6287962616382161,0.012983777372901278,0.3582199609888827
id08871,0.18760494794448992,0.6037591072410693,0.2086359448144408
id17036,0.0017505107988479288,0.009361732916759452,0.9888877562843926
id02783,1.6353843718950273e-05,0.012557233721746452,0.9874264124345347
id26418,0.9987535301550431,6.263923653713152e-06,0.0012402059213032968
id15748,0.9360658525929569,0.006759493325878886,0.05717465408116419
id00820,0.5411675284655488,0.44820372133444336,0.010628750200007754
id27695,0.019448559209686953,0.9601777940873953,0.02037364670291779
id27286,0.9611533753608643,0.031756503234911,0.007090121404224711
id11680,0.0007481564833700572,0.0038895775850088894,0.995362265931621
id01070,0.005026568852674646,0.003693954327927003,0.9912794768193983
id18486,0.00031716904411789403,8.659248405487191e-05,0.9995962384718273
id12389,0.000791797547201226,0.9986658825158158,0.0005423199369829255
id12544,0.01285810209503616,0.986086111709565,0.0010557861953989054
id04692,0.9931922482765271,0.00017608070736127872,0.0066316710161116055
id17342,0.9478053321927121,0.002789126771792071,0.04940554103549575
id09640,0.053223136130115034,0.00930037149942781,0.9374764923704573
id24300,0.20372042930246548,0.002067395298659622,0.794212175398875
id13725,0.8441928116224541,0.0423993948895867,0.11340779348795924
id22633,0.9998296479454168,0.0001703519747253576,7.985782041370663e-11
id16653,0.9734583570856604,0.025135529529721447,0.0014061133846182553
id00184,0.9955205708369724,0.0024534079277204615,0.0020260212353072054
id23872,0.9993256856520272,0.00034349032106524005,0.00033082402690758967
id05095,0.7870683659348391,0.01992315443297921,0.19300847963218176
id05757,0.25892114895037865,0.012877048559369775,0.7282018024902516
id26883,0.9713800536831376,0.01651567127772236,0.012104275039140043
id01868,0.9368227118598033,0.006977768532905942,0.056199519607290714
id13053,0.00022569770092528845,2.2828320391606595e-05,0.9997514739786831
id24443,0.9410101457721152,0.029249710091413913,0.029740144136470803
id12795,9.68934058265079e-05,0.9998888051596203,1.4301434553227079e-05
id05298,0.018520689795312305,0.0005732273995941404,0.9809060828050935
id07560,0.14676169345390877,0.015239530576988194,0.8379987759691031
id10281,0.9527676581225709,0.000518310986079075,0.04671403089134999
id07254,0.9628525234868308,0.0002504113220028264,0.03689706519116628
id00837,0.0098222310476948,0.9824253665113292,0.007752402440976032
id04534,0.11528581775546717,0.3497409876736252,0.5349731945709076
id16716,0.9868037066429391,0.005110084577278079,0.008086208779782618
id04057,0.7173562647901828,0.08389493663809346,0.19874879857172376
id14988,0.6555696618843111,0.006761366142660946,0.337668971973028
id05353,0.15637611056439119,0.22595581286595018,0.6176680765696586
id21250,0.9319219062257613,0.06738919831788183,0.0006888954563569438
id25963,0.0007354185194635834,0.9938092483195083,0.005455333161028045
id10370,0.0009895969352358436,0.13562173520777454,0.8633886678569896
id26934,0.853815771009803,0.05412933810999319,0.09205489088020374
id07649,0.07745927153427788,0.059206130288028784,0.8633345981776934
id21169,0.9589702637512199,0.03898242985506208,0.0020473063937180426
id25824,0.9998539299370708,4.5813043081427535e-05,0.00010025701984780642
id01154,0.3467289709232658,0.623865573601432,0.029405455475302152
id02523,0.5707181204760642,0.04596825307537806,0.3833136264485579
id07677,0.9354073578337384,0.008525524694531371,0.05606711747173023
id24447,0.010918090517679337,7.569607082688661e-06,0.989074339875238
id23036,0.015706789042526297,2.489703345319708e-05,0.9842683139240205
id05424,0.9152693389071,0.07272753282237049,0.01200312827052952
id18807,0.0075126838715446394,0.010292512765752104,0.9821948033627033
id05894,4.330373194422199e-05,0.9849227426344987,0.015033953633556868
id08494,0.12142868162679679,0.3955683700592247,0.48300294831397855
id17181,0.652268647223917,0.011696192216246971,0.3360351605598361
id24037,0.0004426479997615311,0.9992980506501752,0.0002593013500632781
id22495,0.786625496338062,0.11313137771459332,0.1002431259473447
id21717,0.9450105217947767,0.022145952901482274,0.03284352530374112
id00477,0.17311214825925086,0.7710415173456272,0.055846334395121947
id03167,0.002323053272408461,0.002669286549483924,0.9950076601781077
id08783,0.032788307616943305,0.09746373035339576,0.869747962029661
id11954,0.9984609036250026,4.316387114356515e-05,0.001495932503853846
id03029,0.9987878398172767,8.919666896145904e-05,0.0011229635137617329
id16359,0.7531507752760481,0.08433979712792733,0.1625094275960246
id02984,0.9999758769517123,1.5674976840222273e-05,8.448071447463405e-06
id24559,0.9904068542382237,0.0071609723420193875,0.002432173419756897
id26880,4.145239644909458e-08,3.2391322308301416e-08,0.9999999261562812
id00656,0.1460764050775738,0.0008124646778329705,0.8531111302445933
id07825,7.891195554753685e-06,0.999976539515931,1.5569288514226178e-05
id16525,0.0032194518189413834,0.9953974957675125,0.0013830524135462394
id08849,0.5960972353133658,0.3809529587748419,0.022949805911792215
id09260,0.002941188921063482,0.9970578365127666,9.745661699535754e-07
id22233,0.9984525437148196,0.0005554289911224834,0.0009920272940579526
id12191,1.1075256783141583e-06,2.0287564003673287e-05,0.999978604910318
id15505,0.0016857510825327262,0.9983096352630194,4.613654447910113e-06
id15882,0.9291880846552465,0.052392651912296175,0.018419263432457332
id10569,0.42519626889335344,0.008514572380824923,0.5662891587258216
id26059,0.9496144579725291,0.04953462571306582,0.0008509163144051888
id13055,0.031119894178853684,0.03199629624886805,0.9368838095722782
id05388,0.9956734365902641,0.003685816956530772,0.0006407464532051415
id25199,0.0018818377228553545,0.9979227388043014,0.0001954234728433943
id11813,0.024747164925754964,0.025728947258378772,0.9495238878158663
id14866,0.18295595815040747,0.0008319504162541287,0.8162120914333383
id22247,0.3665423460819293,0.014934902375275807,0.6185227515427949
id08196,0.6344231476075768,0.3495852583847521,0.015991594007671053
id27246,0.01993541002602409,0.9596176632673369,0.02044692670663909
id21926,5.440895647891895e-05,0.0008768272209844906,0.9990687638225366
id01930,0.3636071479416715,0.012727896717122128,0.6236649553412064
id26406,0.13499844939357006,0.06091776302075992,0.80408378758567
id07760,0.022908697002881027,0.9659834860005657,0.011107816996553294
id24815,0.06594769166623399,0.006552617283535637,0.9274996910502303
id22063,0.9930329521528029,0.0038323454023288803,0.0031347024448681498
id21513,0.061457890592026526,0.8615820784570132,0.07696003095096031
id04006,0.9994820962235683,0.00010677636798487531,0.00041112740844681837
id06177,0.7740724027927023,0.22445028090895625,0.0014773162983414872
id24010,0.7902495133090589,0.0055129309886089075,0.2042375557023322
id16402,7.116398977042329e-07,7.91291802090587e-08,0.9999992092309221
id23894,0.958637549532368,0.041351290684504285,1.1159783127746891e-05
id18867,0.8814195045752651,0.015542156582499486,0.1030383388422355
id01691,0.00047981773843853027,0.9994830467338041,3.713552775740209e-05
id11818,0.020613321238373488,0.9638579605344384,0.015528718227188177
id18481,0.1553164360269659,0.2576864718012936,0.5869970921717405
id20137,0.9958846642953763,0.0029120589475636564,0.0012032767570601412
id14630,0.026838054730217276,0.5112829267402943,0.4618790185294885
id03058,0.5116611473893575,0.12390053540200625,0.3644383172086362
id27857,0.10389015448188524,0.8779075451517035,0.01820230036641129
id19345,0.07398132839440917,0.9118030254655465,0.01421564614004443
id12726,0.035866218670588354,0.02350347305546083,0.9406303082739508
id06015,0.0032869165823639127,0.014931513751885705,0.9817815696657505
id26548,0.045146701860995335,0.039178811540135035,0.9156744865988696
id20284,0.0017421181351919828,0.0021972149559022006,0.9960606669089057
id17912,0.23383970646362628,0.055765561907039005,0.7103947316293346
id10287,0.5897660383155147,0.003811651724630686,0.40642230995985457
id03604,0.0029589961246228344,0.9964899748089969,0.0005510290663802159
id07423,0.005461995513157929,0.0020891009769970167,0.992448903509845
id01484,0.06669722309020895,0.9325341466605258,0.0007686302492651096
id16904,0.9999873132779727,9.98352546994054e-06,2.703196557365201e-06
id13187,1.6132477379539837e-07,1.024391333666465e-05,0.9999895947618895
id08507,7.223954444704421e-10,0.9999999992771664,4.3812183386199676e-13
id09599,0.9976938470478701,0.001720343639370696,0.0005858093127592474
id20460,0.0012876538670761922,0.996950976536571,0.0017613695963527548
id23743,2.256642140519968e-05,0.9999576751784821,1.975840011273221e-05
id13914,0.0002919552951871336,0.9993666473508465,0.00034139735396640416
id23108,0.9653304041054532,0.020165344701763333,0.014504251192783462
id20111,0.3796331880579728,0.6177087287516453,0.002658083190382002
id00300,1.8729196657548503e-06,0.9992338769329977,0.000764250147336502
id25970,0.5859340981206579,0.11835524720271134,0.2957106546766307
id24588,1.1585188454868805e-05,1.459094919977249e-06,0.9999869557166251
id04799,0.4057714201086156,0.062364561489765616,0.5318640184016188
id19685,0.019897305007865258,0.007053243427016089,0.9730494515651186
id00628,6.11962488651372e-05,1.1121788139570348e-05,0.9999276819629953
id10632,0.8597829626535076,0.06591670734759009,0.07430032999890226
id24894,0.006122306381645753,0.9924776051671798,0.0014000884511745002
id06843,0.36048335055615277,0.639243684989654,0.0002729644541932092
id16211,0.9857042520040566,0.013247181406274615,0.0010485665896687573
id10730,0.0023847079992529202,0.9976110831292808,4.208871466281955e-06
id06399,0.05780705245879705,0.941411932777558,0.0007810147636449956
id25138,0.9995059852607558,0.00043694218879482114,5.707255044938614e-05
id04372,0.01539215690639503,0.2836578126879237,0.7009500304056813
id01057,0.2798540410677467,0.005297060086243117,0.7148488988460101
id07505,0.5805768901984191,0.41131117664715044,0.00811193315443053
id17331,0.9999945459131864,1.9502989600861617e-06,3.503787853500944e-06
id11306,0.04318400331028692,0.4695443446113563,0.4872716520783569
id07490,1.528310726571841e-08,0.9999999740764189,1.064047384884265e-08
id00721,0.00028481873702121174,0.9803429949393865,0.019372186323592337
id07538,0.7444496715663924,0.054464476782320206,0.20108585165128745
id11289,0.03769046905075177,0.0014821547690541963,0.9608273761801941
id25207,0.9999893616457906,6.8442028126894485e-06,3.7941513967623075e-06
id03831,0.9999720626206265,2.1574627093250086e-05,6.362752280225549e-06
id05371,0.7376377631591885,0.255665690224574,0.00669654661623743
id07405,0.005887973575562178,0.9934115808318096,0.0007004455926283703
id25960,0.002216004582811515,0.9969477236513705,0.0008362717658179878
id18497,0.12259498093544925,0.32949325400731533,0.5479117650572354
id24478,0.9945729584232341,0.005144932985107385,0.0002821085916584733
id12431,0.009669705589958827,0.9901656804575947,0.00016461395244649833
id24080,0.4996041506760345,0.002714970949518104,0.49768087837444736
id11862,0.0034069566270499806,0.0003444848930541372,0.9962485584798959
id04798,0.987457604214343,0.0016902765828688902,0.010852119202788077
id22638,0.00031910274927574576,0.9995794496862572,0.00010144756446707702
id16105,0.0021077902770750517,0.987704411043662,0.010187798679262904
id05863,0.1436019600344756,0.06804776534820813,0.7883502746173163
id11466,0.9999765629208165,8.603094262115493e-06,1.483398492145594e-05
id06091,0.9710153398013489,0.01043405883496963,0.018550601363681453
id04214,2.646821821060809e-05,0.9995474724645425,0.00042605931724696053
id21197,0.9674851722129107,0.026929193204720876,0.005585634582368421
id06479,0.13966902593594357,0.0050606500260117334,0.8552703240380447
id21801,0.9900518881569694,0.0005779035003353217,0.00937020834269521
id00540,0.9884869346979763,0.011263205502638032,0.0002498597993856014
id07102,0.6447923120568276,0.34449544271982,0.010712245223352321
id12012,0.0012374097892089773,0.0001370123076724794,0.9986255779031186
id17850,0.3017918792464224,0.0004373733408925583,0.697770747412685
id12708,0.7960871562485407,0.018757633854327403,0.18515520989713205
id09277,0.4167319127529656,0.04708752259880798,0.5361805646482264
id11482,0.003082198886627906,0.967916195359513,0.02900160575385918
id15327,0.9519890259569618,0.04792418120401387,8.679283902439181e-05
id17561,0.0008545845098973659,0.9990813913399731,6.402415012958165e-05
id21966,0.5525405388844524,0.023086582615377948,0.4243728785001695
id05742,0.9999960771172567,2.5626859103537933e-06,1.3601968329468694e-06
id21441,0.9901292894920026,0.004212676190229907,0.005658034317767516
id10819,0.006311548650515524,0.9892005710871574,0.004487880262327048
id00018,0.16838685683854074,0.777530839165183,0.05408230399627633
id17038,0.9244675540151829,0.07429537329512437,0.001237072689692666
id14680,0.0006269901407372188,0.999303832712321,6.917714694172187e-05
id17760,0.006262955792083774,0.021119803060472266,0.972617241147444
id14436,0.7669268944750045,0.21506945154587026,0.01800365397912531
id17180,0.001258508449288225,1.2782698728849308e-06,0.9987402132808388
id19132,0.05825011975538457,0.9269515679522815,0.014798312292333967
id17497,0.00026031723337360563,0.9996851581124616,5.4524654164828984e-05
id26284,0.12963676351552897,0.008501042318277086,0.861862194166194
id04340,6.440093405207678e-05,0.9997852633718193,0.00015033569412869832
id06427,0.003733634862162589,0.9961884486993128,7.791643852452411e-05
id08340,0.9383405284034423,0.06161812022119544,4.1351375362352465e-05
id07167,0.0028210649504285742,0.99630448752628,0.0008744475232914906
id02218,0.8523622506820951,6.808864221305483e-06,0.14763094045368355
id18406,0.8013708107127039,0.18278175040089373,0.015847438886402422
id22134,0.9909837169655994,0.005363396901774978,0.0036528861326256485
id04983,0.002652899103237427,4.13509458958281e-05,0.9973057499508668
id17767,0.4690739628605487,0.5269449895579414,0.003981047581509756
id15131,0.0002900721453804323,0.9995356421597512,0.0001742856948684212
id11132,0.9727597234048655,0.008414202547337858,0.018826074047796702
id10054,0.3306956675664108,0.3490756760651718,0.32022865636841735
id03797,0.0007662481832293908,0.008262451686106499,0.9909713001306641
id17143,0.9725164686592987,0.006252015213234155,0.021231516127467105
id19078,9.731701204965898e-06,8.835723096356449e-07,0.9999893847264854
id04919,0.9999694259646457,1.6143145239134177e-05,1.4430890115312235e-05
id03272,0.34240521963736104,0.540163977616624,0.11743080274601506
id15047,0.0021178618314243508,0.007744135288027061,0.9901380028805485
id23727,0.2860554544338793,0.4832557427289145,0.23068880283720627
id07221,0.9544039887162655,0.037159762140452045,0.008436249143282473
id13974,0.0032355634801718262,0.9948137490997898,0.0019506874200383602
id24050,0.9373246412820629,0.021706526493817414,0.04096883222411963
id18119,0.9893164251701124,0.002023997929997127,0.008659576899890564
id05205,0.8000762540003604,0.14584241347008975,0.054081332529549886
id05233,0.08983757354933465,0.9093891866989775,0.0007732397516878609
id23556,0.6454243650772499,0.004967004986048039,0.3496086299367021
id06323,0.9192445244983547,0.008353226512418765,0.07240224898922652
id27903,0.0016410083508479555,0.04122348020498377,0.9571355114441683
id15164,0.9206429678294282,0.061720809204828316,0.017636222965743503
id14714,0.0007890410571120859,0.9975083538339338,0.0017026051089541441
id11585,4.6869928979737436e-05,0.9999449470260766,8.183044943723169e-06
id09119,0.7913351465224772,0.11370155067724969,0.09496330280027315
id03135,0.8562939171085968,0.10804897134771335,0.035657111543689925
id23385,0.9174897486262529,0.022282818454685858,0.06022743291906136
id18219,0.887956924377868,0.007648673079847333,0.1043944025422848
id17596,0.019178607548071477,0.9808124695469537,8.922904974912383e-06
id12235,0.04328337661030913,0.005391632850110781,0.9513249905395801
id15394,0.9967127618716388,0.0003247557004409368,0.002962482427920308
id07727,0.9778598487799333,0.0035562238477687153,0.018583927372298022
id02748,0.9980142703229121,0.0019051814695188122,8.054820756908285e-05
id14913,0.001006770028197627,0.0001524171411622751,0.9988408128306401
id05257,0.14372916651034673,0.0019139010993871046,0.8543569323902662
id23759,0.006000296280259935,0.08124836734852421,0.9127513363712159
id08726,0.9579960929971856,0.0417297961701011,0.00027411083271328514
id24493,0.9926957648803348,0.006519351036054226,0.0007848840836109137
id19945,0.014538438320626063,0.9850534577784147,0.00040810390095928785
id27893,0.9732861724879749,0.0009115818079136877,0.025802245704111375
id04975,0.01479870781183732,0.0013682680581181723,0.9838330241300445
id14722,0.7516009694125739,0.2227268462147384,0.025672184372687736
id10320,0.0017185119487417519,0.9569898827655492,0.04129160528570907
id09619,6.0218879252922333e-05,0.9975983381159049,0.002341443004842146
id07480,0.39265007586460837,0.5548007276703748,0.05254919646501684
id00342,0.0219097550351171,0.8807697825615517,0.09732046240333123
id08611,0.9313429812548061,0.0475746645463696,0.021082354198824364
id24284,0.05602970194954719,0.00010135308772400887,0.9438689449627288
id20491,0.034508997056383155,0.8124470035589832,0.15304399938463373
id18337,0.00010705242752913429,0.0002466168298083611,0.9996463307426625
id04781,0.9935980647288895,0.0004589029378392805,0.005943032333271371
id11067,0.9704655583533859,0.006735865256622082,0.022798576389992064
id19402,0.9759548870715463,0.019272889943309644,0.00477222298514404
id20009,0.002937577073629335,0.00358756367640068,0.99347485924997
id08535,0.0033041897330904116,0.024825658166567444,0.9718701521003422
id07495,0.06989335443020997,6.857109206732461e-05,0.9300380744777228
id06262,0.004163285184975034,0.000643713116767825,0.9951930016982572
id10898,0.6738489998120291,0.2310566760270226,0.09509432416094842
id17778,0.0031525152743917518,0.9966399607820877,0.00020752394352043023
id07210,0.06427733638176114,0.9110369877259338,0.02468567589230512
id04367,0.02008940176699628,0.8950592204949798,0.084851377738024
id27713,0.3474990391737206,0.004602057731141251,0.6478989030951381
id15428,0.15352480758887155,0.8277411341130477,0.01873405829808078
id25427,0.5179873125648938,0.11102503302786353,0.37098765440724263
id09789,0.8946987569726522,0.0007667006856303886,0.10453454234171745
id07658,0.9996397514094288,0.0003335977829969875,2.665080757416763e-05
id25453,0.022138529765096587,0.8365371390064725,0.141324331228431
id24495,0.9978977782563297,0.0016523710944964655,0.0004498506491738951
id03270,0.0016047360206229574,0.9894551129373393,0.008940151042037676
id11879,0.44322052840548987,0.5511253396400536,0.005654131954456618
id24356,0.14341534924321128,0.010525686909789235,0.8460589638469995
id22256,0.036290461783136545,0.033639043308834785,0.9300704949080287
id06050,0.059129673040648686,0.9399210227782606,0.0009493041810905769
id09555,0.971777026205835,0.00015250272548911583,0.028070471068675915
id23772,2.2171626881040796e-05,0.9999762660767084,1.56229641062609e-06
id21930,0.05620151953486625,0.037368984202208785,0.906429496262925
id00823,0.0006505146680396101,0.9515667625295182,0.047782722802442314
id23666,0.0016965106644640734,0.9981921104459095,0.00011137888962640541
id08118,1.396112101305424e-06,0.00013025738720181257,0.9998683465006969
id21388,7.876864347465346e-05,0.9907343158861472,0.009186915470378046
id23312,0.953533871958977,0.008750051094447315,0.037716076946575645
id08545,0.014532801458807977,0.9804285439450526,0.005038654596139348
id20351,0.3765281646509044,0.1612769252860638,0.4621949100630318
id13536,0.344689398111733,0.04640257985298413,0.6089080220352829
id27742,0.006491638852023957,0.9934754713874985,3.288976047744594e-05
id13343,0.004090706200834696,0.0005408438986577446,0.9953684499005075
id11987,0.012403707056654585,0.9531680766001589,0.03442821634318656
id08921,0.12630194880166237,0.015835050886304144,0.8578630003120334
id09972,0.008455830254235476,0.9915201823812049,2.3987364559742646e-05
id26173,0.9979485580768278,1.3562537114692588e-05,0.00203787938605758
id07917,0.36479212268071204,0.3838651996568665,0.2513426776624216
id01383,0.9963664819252918,0.0021393667718941994,0.0014941513028140095
id26699,0.26563564582480964,0.7164232601672267,0.017941094007963686
id11058,0.018902008945023457,0.00048394499140770256,0.9806140460635688
id20425,6.351068318013556e-05,0.9990269904744425,0.0009094988423773904
id20238,0.0017287233190430172,0.9845975279071791,0.013673748773777692
id21348,0.5767497450166342,0.34499463837168054,0.07825561661168526
id09552,0.21681952812044236,0.012295864859369027,0.7708846070201886
id25075,0.5763619028810019,0.335977489940814,0.08766060717818418
id17749,0.015659268283610545,0.0009584222771508317,0.9833823094392387
id18910,0.3103376892388345,0.0012588219748121893,0.6884034887863534
id13534,6.450333095413686e-05,0.9999153640985227,2.013257052321442e-05
id22205,0.05520595029742327,0.9257243314930719,0.01906971820950494
id23896,0.9890148878064315,0.001123836980839495,0.009861275212729049
id23616,0.40433495654213664,0.004979861458754269,0.5906851819991091
id03537,0.6648273981646083,0.21769006351306086,0.11748253832233072
id18147,0.30836973745793356,0.6774475826807692,0.014182679861297245
id25408,0.9999886967873531,6.829841380248038e-06,4.473371266603762e-06
id09997,0.177368323260111,0.0005803920915945666,0.8220512846482944
id23357,0.010234793078854014,0.0026097578473609907,0.987155449073785
id21880,0.8257595981541314,0.01684848661562374,0.15739191523024484
id21633,0.00038492556030573615,0.9995095057783455,0.00010556866134870054
id15976,0.002120597786180596,0.02517122777140669,0.9727081744424128
id20266,0.0004588499893535854,0.004906161872008555,0.9946349881386378
id26726,0.6709629294060623,0.2992082881914565,0.029828782402481137
id02958,0.8230106569779095,0.15344152753494242,0.02354781548714814
id25211,0.747643406430224,0.022825411216440984,0.22953118235333503
id24314,0.9998637822165752,0.00013614014320585018,7.764021896608161e-08
id21475,0.00026467898573670273,2.050925852790428e-05,0.9997148117557354
id22733,0.007848919589254296,0.9915922250705127,0.0005588553402330658
id14297,5.535801919051062e-06,0.9999243546136497,7.010958443124242e-05
id27627,0.028793286835823256,0.971106242567185,0.00010047059699166353
id03580,0.008086239224156891,0.991898862387024,1.4898388819214664e-05
id08858,0.0013987666719168504,0.009430800657503804,0.9891704326705794
id22512,7.274226010206256e-06,0.9999919072914722,8.184825175024953e-07
id05634,0.04551082580828351,0.023512747266134743,0.9309764269255817
id00105,0.00011244303193202417,0.0005449378870743307,0.9993426190809936
id26635,0.9610376072724204,0.031000391910218045,0.007962000817361488
id19324,0.009247763908427915,7.650239252587841e-05,0.9906757336990462
id00210,0.8366834223106614,0.1083393043841461,0.054977273305192566
id06809,0.8003342389055699,0.00894622862644635,0.19071953246798365
id04074,0.00010093760347741456,0.9993017044309831,0.0005973579655394958
id27010,0.3094715168640304,0.38748020644799025,0.30304827668797935
id00699,0.0022924569053657637,0.0009147361286508795,0.9967928069659834
id18549,0.20706858939594044,0.3201157396203974,0.4728156709836621
id14089,0.8520863907169766,0.14094052341684885,0.006973085866174407
id19792,8.348392440984988e-05,0.9999084259301881,8.090145402081526e-06
id19935,0.0001757335408093198,0.0010102627453283603,0.9988140037138623
id22960,0.00036643652700110913,0.041776547820105286,0.9578570156528936
id02471,7.443330521783195e-06,1.9979123683621914e-07,0.9999923568782414
id07896,0.0027998168929143866,0.0005401729785073137,0.9966600101285783
id20033,0.981880409214346,0.009453914330692877,0.008665676454961125
id15018,0.9995007248261031,7.363994460342507e-05,0.0004256352292935396
id19528,0.9792994989214293,0.005798669519869087,0.014901831558701631
id21621,0.36521838694184217,0.03866693917697237,0.5961146738811854
id14328,0.016698726746701944,0.8418918124378388,0.14140946081545921
id19524,0.9993811721757928,0.0001165950968783696,0.0005022327273288406
id00219,0.999999715523875,1.7212062543472968e-07,1.1235549957422324e-07
id23229,0.021547848545227056,2.6597811902465007e-05,0.9784255536428705
id14357,0.920915068163007,0.04469074117823377,0.03439419065875928
id21829,0.07919234131475296,0.062482784430801096,0.858324874254446
id02137,0.6991913381037531,0.251529922717176,0.04927873917907091
id23524,0.4741753824534218,0.013917135845397857,0.5119074817011805
id12022,0.9998010148552648,0.0001007189777924399,9.82661669427143e-05
id05255,0.9509457340011448,0.04254817390391743,0.006506092094937851
id14605,0.9700668809197338,0.0035074623594214165,0.026425656720844744
id15329,0.07528798200396226,0.05254825013864515,0.8721637678573926
id06046,0.42931560592360096,0.019991949225717745,0.5506924448506814
id16548,0.005596187850326743,0.002366891313629619,0.9920369208360437
id23369,0.006648376341170929,0.009747092144379457,0.9836045315144496
id17824,0.9563498580781995,0.0018871103596937483,0.04176303156210661
id17243,0.004480446386933897,0.0001955261108261944,0.9953240275022398
id13185,9.224332742954348e-06,0.9999907691144669,6.552790018879718e-09
id27091,0.8965239175421273,0.08783273656854972,0.015643345889322938
id21817,0.05798705610437564,0.0033697278779532647,0.938643216017671
id21912,0.9744595072619888,0.021763226213980462,0.0037772665240307832
id24163,0.030823753968221835,0.08756760088870884,0.8816086451430694
id12484,0.0002499639991772074,0.00023731508561961078,0.9995127209152032
id15799,0.8398630195509242,0.1518819992625927,0.008254981186483051
id22315,0.06963923981815366,0.9291098261249152,0.0012509340569311633
id02608,0.0002921580436777926,0.998005923942783,0.0017019180135392914
id10057,0.9997220036428768,0.00010924151364959862,0.00016875484347375215
id01709,0.9919861931542583,0.0005784984131155923,0.007435308432626028
id11153,0.0015274214772565556,0.9983298394013705,0.00014273912137274973
id25154,0.1954941530528093,0.7674615874660087,0.03704425948118211
id18207,0.013152771615551003,0.9850183811968451,0.0018288471876039007
id03370,0.0033421386038699694,0.9964628873328938,0.00019497406323622338
id26760,0.8838384319968623,0.06606586208266049,0.05009570592047725
id15099,0.966791685476871,0.006007875990745775,0.027200438532383218
id16341,0.006451565364720744,0.007162621699852898,0.9863858129354263
id15572,0.6661427748971585,0.13371154366162624,0.20014568144121536
id24901,0.9999960381973703,1.441630397543427e-06,2.5201722323063385e-06
id04528,0.9818342493802885,0.010394964403258494,0.007770786216453083
id26507,6.992666127118533e-05,2.5204996536561487e-06,0.9999275528390752
id26687,0.836958044752094,0.02959334553204742,0.13344860971585865
id27819,0.06137492940552217,0.006597075301804613,0.9320279952926731
id17610,0.0020735533542284284,0.9978681261766557,5.832046911592984e-05
id03373,0.4375758196542475,0.5385886159855086,0.02383556436024395
id05881,0.0982951167025567,0.0033241257691905618,0.8983807575282527
id15875,0.012583765771391678,0.01637325692305715,0.9710429773055512
id18400,0.9244590774119992,0.05361034201483027,0.02193058057317057
id23596,0.0003139985917566696,0.001406902589703942,0.9982790988185395
id07006,0.0005655199367240268,0.9994061812136514,2.8298849624483055e-05
id25134,0.0006595504689009769,0.999322194871485,1.8254659614135968e-05
id17393,0.9998800293047793,1.565124419432695e-05,0.00010431945102650536
id20155,0.016938811097944286,0.9830167390818697,4.44498201860169e-05
id09536,0.009522866523730357,0.9858525889950601,0.0046245444812095925
id09155,0.01204986870974354,0.9878448791117376,0.0001052521785189022
id26482,0.9997976444547217,6.16343467129294e-05,0.0001407211985654177
id17001,0.05240624301057715,0.8509315990517966,0.09666215793762621
id08134,0.8665731640905374,0.0030982698217306088,0.13032856608773197
id10174,0.8719778371499459,0.10719437739395654,0.020827785456097526
id04760,0.5185000772508894,0.06522506619142197,0.4162748565576887
id04941,0.997456043317021,0.0024814779229901172,6.247875998891408e-05
id01339,0.928143858800116,0.06465701259750554,0.007199128602378503
id24710,0.28209301735214953,0.12784541433183658,0.5900615683160139
id20408,0.7760128748860994,0.1569273671418908,0.06705975797200985
id04028,0.014663022715644423,0.5262577553758135,0.45907922190854206
id07153,0.40442358432684905,0.011447728044772367,0.5841286876283787
id20098,0.03212576028601094,0.9588643015166566,0.009009938197332316
id24146,0.053611021981659415,0.024662037165352854,0.9217269408529878
id06276,0.9841948846326454,0.014155638282423867,0.001649477084930817
id18978,0.3573720799453336,0.5682397924149529,0.07438812763971342
id04247,0.9760551407857473,0.0065419719385651385,0.01740288727568766
id02020,0.002202808688257364,0.9975045335369958,0.00029265777474685954
id14299,0.001984997972452202,0.00014104150530143384,0.9978739605222464
id27255,0.41396815206222753,0.5134582327861057,0.07257361515166662
id05751,0.0033418026222539433,0.0054336270204361015,0.99122457035731
id09428,0.9999796344090883,1.3987308174228373e-05,6.3782827375218595e-06
id06941,0.9734304723430911,0.026543007668416996,2.6519988491898606e-05
id25678,0.0002940727119157404,2.5168212818216626e-05,0.999680759075266
id27425,0.9988741814114293,0.0007316816100839759,0.0003941369784868616
id12619,0.006157927000724598,0.9931939973093048,0.0006480756899704997
id00530,0.00017326340815626985,2.556476298445488e-05,0.9998011718288593
id14683,0.996539037269618,0.0034334503467909555,2.751238359109988e-05
id14618,0.00013524025585039942,0.9993789200267542,0.00048583971739538345
id07599,0.9980333409987118,0.0003902316078924109,0.0015764273933958721
id02786,0.9983268893191706,0.0006518796140951612,0.0010212310667342993
id21563,0.8481818731690647,0.032038084343477644,0.11978004248745772
id26412,0.009748295585087429,0.0002443616047349011,0.9900073428101777
id18320,0.10904256186733173,0.8564762930786065,0.03448114505406182
id02043,0.4781963429406204,0.1055589425377384,0.4162447145216412
id03179,0.5256312457576614,0.37598810499051494,0.09838064925182367
id17256,0.21940508093515868,0.7790881499712672,0.0015067690935741554
id07435,0.0012659120982160747,0.002382793239942606,0.9963512946618412
id17659,0.8188437006635657,0.10414822773173572,0.07700807160469868
id06828,0.02692557019736288,0.9721716162692136,0.0009028135334236033
id18636,0.0006381658673971724,0.00014553883478150907,0.9992162952978214
id05216,0.9815078918200187,3.6115785193766615e-06,0.018488496601461905
id23156,0.6697384971012563,0.059965652617733574,0.2702958502810101
id23861,0.9986988318382144,0.0009351967468657487,0.00036597141491991536
id21416,0.5359248858428299,0.0005731385533654422,0.4635019756038045
id02763,0.8340960673020746,0.05845048568187845,0.10745344701604691
id12625,9.869465830365778e-05,0.0001137567022630109,0.9997875486394333
id08033,0.05275608789321482,0.0017212889101142445,0.9455226231966709
id24105,0.6273627137025092,0.28353529701992264,0.08910198927756814
id09295,0.9999611606356513,4.229505664014533e-06,3.4609858684735154e-05
id22062,0.4429159255574472,0.5323246258538848,0.024759448588668055
id21044,0.9999596099659995,2.2717355723042283e-05,1.7672678277405307e-05
id17419,0.7047871415554545,0.04674018818919831,0.24847267025534722
id10969,0.9946729338760761,0.00348295378230213,0.0018441123416216832
id23066,0.0410901057849351,0.31468153597687876,0.6442283582381861
id25667,0.9538928372072563,0.001468592518091788,0.04463857027465194
id14534,0.9908978611493808,0.003143929336614863,0.0059582095140042965
id26645,0.014019111917267988,0.9676810752567595,0.01829981282597244
id03965,0.000815345378553229,0.00029226535549467297,0.9988923892659521
id25956,0.9834897941806796,0.01570667362168739,0.0008035321976329158
id23707,0.9978355539598693,0.0014983795693442976,0.0006660664707864172
id18026,0.7486153426593475,0.015194822894573136,0.23618983444607944
id10767,6.327464364715298e-05,0.9999188931871165,1.7832169236244e-05
id18802,0.812186078849773,0.18636721476686688,0.001446706383360251
id02940,0.01056930657858021,0.9819326288020429,0.007498064619376885
id13403,0.9987240134426993,0.0012392192628845563,3.676729441617503e-05
id10201,9.762066888191987e-06,0.9999901119809584,1.259521534033734e-07
id15333,0.011215846205333292,0.0032285904843162355,0.9855555633103504
id25619,0.006274679751478889,0.003309759654240766,0.9904155605942804
id18506,0.006273552908162616,0.9935128413338777,0.00021360575795968496
id09835,0.004312915552913809,0.9953941012740325,0.00029298317305377955
id14828,0.9972550650784037,0.0024158995547019432,0.0003290353668945205
id26816,3.972769951799148e-05,0.9991686130117857,0.0007916592886963281
id26134,0.6112704716614226,0.3884266769068771,0.0003028514317004258
id25064,0.8777547300531876,0.0009372008950214682,0.12130806905179098
id14254,0.5751220152451961,0.1604953073012349,0.26438267745356897
id09352,0.05152395801012419,0.5860174570749908,0.36245858491488503
id21495,0.9957994567054869,0.002158212688738359,0.002042330605774811
id15349,0.00016977392972069452,0.0003722595940952617,0.9994579664761841
id06759,0.003915323022335659,0.9876529599472289,0.008431717030435385
id20876,0.7881561725110361,0.010130316606199221,0.2017135108827647
id14644,0.8930944476444701,0.061056542662964036,0.04584900969256594
id16927,0.0002665450566136939,0.008442613961259426,0.9912908409821268
id00417,0.02834129870288919,0.9007564519962097,0.07090224930090122
id18892,0.17272902632427675,0.032613292132726644,0.7946576815429965
id17500,0.002076673188781264,0.9979062313201827,1.709549103601107e-05
id17676,0.016236475584385603,0.9739646464936033,0.009798877922011172
id03378,0.9999999999417113,5.52817919120594e-11,3.006974484585947e-12
id26891,0.6866558452490429,0.009287562069352146,0.304056592681605
id15609,0.9849155298650691,0.015050635026956145,3.3835107974774965e-05
id11270,0.8524925553655269,0.0597670060953886,0.08774043853908448
id01141,0.004248543115631531,0.0004008391558477854,0.9953506177285207
id18738,0.49712433938997364,0.0006374929900784754,0.5022381676199479
id23964,0.0013011448245676186,0.04304759325420832,0.9556512619212241
id08032,0.6199222281594154,0.0026897831028196307,0.37738798873776497
id10410,0.09936165783298333,0.1889022936302988,0.7117360485367178
id15738,0.8879795044672174,0.10996350222830245,0.002056993304480176
id22293,0.15555041715145806,0.0001286377350186802,0.8443209451135233
id23174,0.6895738088652017,0.2676132438412129,0.0428129472935855
id13041,7.400994178052664e-05,0.9990340542732745,0.0008919357849449433
id18377,0.044780655860656604,0.09597117772427893,0.8592481664150645
id24269,0.03473741706094683,0.9533258368843607,0.01193674605469253
id19445,0.10052230763238605,0.89840701171209,0.0010706806555240307
id16449,0.030330267897610966,0.9565737316345564,0.013096000467832674
id11857,0.0008627235952359724,0.03022539224225789,0.9689118841625062
id14929,0.09843275718385536,0.8356647505728697,0.06590249224327488
id16029,0.11210566025836664,0.06337618936369377,0.8245181503779395
id09091,0.9998505538213551,1.9899898652002056e-05,0.00012954627999279457
id14431,0.07388199618564616,0.9160757138227648,0.010042289991589128
id15857,0.412442226843574,0.3890030692329185,0.19855470392350746
id26177,0.013415039682008448,0.004819640873757681,0.9817653194442338
id07001,0.005747949318333858,0.14050741755457022,0.8537446331270959
id00626,0.5092718139132569,0.0013787472541166462,0.4893494388326263
id25160,0.6042099666720192,0.09604506762337302,0.29974496570460785
id21474,4.7787559222066646e-05,5.557442814289072e-06,0.9999466549979636
id03155,0.9999999999644453,3.482905899944237e-11,7.256243675246815e-13
id11858,3.087797350097418e-05,4.0471733199897964e-07,0.9999687173091669
id12413,4.641200103872836e-05,0.999953493095752,9.490320932197327e-08
id25656,1.2765410484934997e-05,0.9999864914520262,7.431374889300318e-07
id24322,0.8616689527469035,0.06471262607221469,0.07361842118088185
id20603,0.937077679136098,0.052938284683880246,0.00998403618002173
id06878,0.9999342499280005,5.459410761831763e-05,1.1155964381226193e-05
id03535,0.9515274099956382,0.04771679480759171,0.0007557951967700539
id11831,0.9871494081839782,3.689776710627721e-06,0.012846902039311237
id24685,0.98352500600367,0.015995153963499806,0.00047984003283013394
id10426,0.0517994151141851,0.10566402941424295,0.842536555471572
id09024,0.0018805859107912236,0.9981192097369749,2.043522338846395e-07
id09728,0.2438838991960908,0.0007152227095228621,0.7554008780943864
id01065,0.00036980861100495915,0.9995973864938678,3.280489512724661e-05
id14005,0.9985513021654342,0.001198973413266522,0.00024972442129936524
id18534,0.000203546889917182,0.020933123922385506,0.9788633291876974
id19862,0.14995968525163195,0.5855732169994714,0.2644670977488967
id14707,0.9999435621254822,5.303058261646295e-05,3.407291901458095e-06
id02248,0.006427516684781898,0.9839894290379207,0.009583054277297278
id20494,0.09410415999104914,0.019219804645961576,0.8866760353629893
id27072,0.9949350833122155,0.005062868150416224,2.0485373683467604e-06
id20587,0.17367532639744945,0.5827028819044469,0.2436217916981038
id24134,0.009331507924201687,0.0060254067254983034,0.9846430853503001
id22696,0.2981442611823506,0.009516346595649473,0.692339392222
id23757,0.9787628887785258,0.007442265938835037,0.013794845282639141
id18828,0.9995179917426246,0.0004549842839650658,2.702397341044991e-05
id14040,0.015323275633571491,0.0006445707683065085,0.984032153598122
id09385,0.9401444057669467,0.015879358384355922,0.043976235848697386
id16005,0.0028827651342664385,0.9959209981101468,0.001196236755586831
id12467,0.4713169740575757,0.0676664443280924,0.46101658161433184
id16209,0.887702741058714,0.06426245626381068,0.04803480267747534
id01621,0.001164609224916517,0.9988279057356323,7.485039451196976e-06
id18081,0.18857981630519988,0.006670927306703146,0.804749256388097
id06667,0.021957691637414088,0.00239101528798126,0.9756512930746047
id07436,0.00034385597286690694,1.69007680066738e-05,0.9996392432591265
id19498,0.031767438985070486,0.9671247572185384,0.0011078037963911378
id12123,0.9903170007464861,0.009328809937093297,0.00035418931642064205
id17082,0.9194160784364156,0.029726784530158302,0.05085713703342609
id00313,0.034419882450647976,0.9573473200186996,0.008232797530652527
id14281,0.1287030317078005,0.03822695545907568,0.8330700128331238
id14755,0.8055907619882516,0.0005707175195909278,0.19383852049215747
id17484,0.8848716396249491,0.10447024485470585,0.01065811552034508
id00111,1.1817808066861156e-07,0.9999995157163067,3.6610561259542224e-07
id16542,0.11126559427126985,0.0720774947735817,0.8166569109551485
id00458,0.9384967859666423,0.011826043969668866,0.049677170063688755
id07682,0.03125864273754145,0.962079944678752,0.006661412583706505
id02041,0.01171274536855689,0.9773180640750696,0.010969190556373484
id26070,0.1572924658487773,0.0069343720886927045,0.83577316206253
id05271,0.9945659315565661,0.004082204703816165,0.0013518637396177367
id18107,0.9982048910271759,0.0015905197559723807,0.00020458921685178471
id01170,0.02307933110689873,0.08101078384785208,0.8959098850452492
id23464,0.10682303487853016,0.8478889535525186,0.04528801156895124
id03879,0.36206184621894927,0.23399303569720734,0.4039451180838433
id22473,0.00023224305892203083,0.9949920783413548,0.004775678599723093
id20937,0.8758356880131791,0.10839126545634013,0.015773046530480762
id16239,0.34013678402870023,0.6460284760627737,0.01383473990852608
id02348,0.9987703655164576,0.00041299466089110223,0.0008166398226513206
id19796,0.9999999949615845,2.128506686972892e-09,2.9099087160311105e-09
id06531,0.010246687752177195,7.823042942643877e-05,0.9896750818183964
id02641,0.03479607439931726,0.962463287768088,0.0027406378325947824
id01332,0.49235672484685217,0.002960917954569753,0.5046823571985781
id24038,0.006342672131135029,0.9698970621230799,0.023760265745785002
id23699,0.9884133884947648,0.009542979096299142,0.002043632408935905
id07294,0.9586428271561998,0.04100146530850661,0.00035570753529363453
id00319,0.9441173512175366,0.05538072507355762,0.0005019237089057839
id05699,0.9832697890544535,0.0161606756400592,0.000569535305487416
id18863,0.9838462780887863,0.010013412906734727,0.0061403090044789286
id07745,0.42122258532976053,0.0054713204048676455,0.5733060942653718
id02157,0.00032098978538637593,0.9959350262062541,0.0037439840083594487
id00525,0.15977084670854902,0.28799551905176396,0.552233634239687
id14740,0.8055637039597131,0.006860977819188953,0.18757531822109802
id01420,4.198461812084338e-05,0.9999578815102009,1.338716781012333e-07
id17725,0.9999913477200432,8.643335003645169e-06,8.944953211402506e-09
id07807,0.021112611985834112,0.9461504237530716,0.03273696426109423
id11676,0.0015136233076209144,0.9961196063582834,0.0023667703340956277
id06720,0.016785916996409543,0.0002505369303082613,0.9829635460732822
id08048,0.0004284573253066413,0.009798697546847866,0.9897728451278455
id04185,0.1641205670346265,0.0028162697880127316,0.8330631631773608
id02077,0.9796455148092873,0.0021146988161702116,0.018239786374542526
id12968,1.1364138454566346e-05,0.0014156289743343011,0.9985730068872112
id01945,0.9398749011986745,0.05299101552264707,0.007134083278678507
id06446,0.7291991325246943,0.26832880463101705,0.00247206284428861
id01072,0.9584146480036572,0.03682534127388768,0.0047600107224550995
id15124,0.8589691531639171,0.04689375259867109,0.09413709423741175
id14173,0.00034497422776458644,0.999558922040617,9.610373161846087e-05
id27559,0.0019653455388388683,5.966846431874012e-05,0.9979749859968424
id13722,0.8689846700519175,0.05852624889235365,0.07248908105572881
id09310,0.8653301733541726,0.11700511784300212,0.017664708802825283
id23024,0.9999136379400768,6.269662569436092e-05,2.3665434228756408e-05
id24332,0.082697988404214,0.913790101201198,0.003511910394587978
id07699,0.4097247529402484,0.2524151428102336,0.3378601042495181
id06837,0.3978190229814945,0.5823807158800259,0.019800261138479557
id07279,0.9969604716689477,0.0005224554272894802,0.002517072903762808
id16451,0.06900778151798988,0.011387319429341762,0.9196048990526684
id17588,0.0015033438905347352,0.9161350768167742,0.08236157929269101
id07018,0.9767674693133747,2.430768397857715e-05,0.023208223002646838
id12994,0.11775511517176371,0.8707386557083293,0.011506229119906928
id03703,0.9617470798670713,0.006948041548504666,0.03130487858442402
id01753,0.8260739733367513,0.01485020527567105,0.15907582138757778
id02866,0.0035519235307101267,0.003769570202119499,0.9926785062671704
id21884,4.1834722699161325e-12,0.9999999999880823,7.734218417691074e-12
id27543,0.19689412749012458,0.00018502487592791345,0.8029208476339476
id22149,0.00406337343293278,0.41654972967012704,0.5793868968969401
id14595,0.8184861527298495,0.17804466907743713,0.0034691781927134176
id12383,0.3513350926803341,0.6464612189213589,0.0022036883983069413
id27714,0.9486702687659876,0.050880756444397456,0.0004489747896149494
id17634,0.8890104424440214,0.09497699948125915,0.01601255807471954
id15906,7.07516734511104e-05,2.189737160027135e-07,0.9999290293528329
id09047,0.005372504516955373,0.0002166802878806967,0.9944108151951639
id02059,0.697847315250889,0.02787359938235096,0.27427908536676
id19107,0.9996170718930828,0.00020295709949661567,0.00017997100742063552
id02385,0.49519688562906594,0.001423391324426465,0.5033797230465076
id21312,0.990764497175103,0.00911278084544152,0.0001227219794555459
id02215,0.011070937421066178,0.9881718709463129,0.0007571916326210572
id08928,0.71320157355596,0.1338443924171687,0.15295403402687127
id07099,0.9997110060257461,0.00026847894338714146,2.0515030866795735e-05
id01935,0.7629821045421055,0.1754213654516427,0.06159653000625183
id24757,0.049030215623526004,0.9484244905935915,0.0025452937828824604
id01848,0.03700488071669651,0.009396503942720342,0.9535986153405831
id06224,0.9999667222105277,2.4475676472668336e-05,8.802112999623406e-06
id15539,0.004667388095770855,0.8750979251809647,0.12023468672326448
id22907,0.009370139485345439,0.9887478844727096,0.0018819760419449697
id12713,0.9993841301253349,0.0005271864415281956,8.86834331369909e-05
id15521,0.04554329168568161,0.055388814627013776,0.8990678936873046
id25539,0.6261843411512591,0.03194251117422513,0.34187314767451576
id23370,0.0038140530134925495,0.014858745701366883,0.9813272012851406
id15868,0.9698224539471272,0.013497679190550182,0.01667986686232251
id17808,0.002152747777017674,0.008294173175999855,0.9895530790469825
id08241,0.36314220601872793,0.5958458095471477,0.04101198443412434
id27284,0.938853428467202,0.05910557913265777,0.002040992400140266
id20707,0.9953255848349295,0.0039549385839179555,0.0007194765811526485
id03823,0.000983264301452097,0.9986490334685111,0.0003677022300368095
id00463,0.024213279111391314,0.8257997671249085,0.1499869537637002
id07241,0.9838462284540082,0.015630693082288975,0.0005230784637029086
id05702,2.7504340316851254e-05,0.9999723436150492,1.5204463394853987e-07
id18973,0.9768767283556823,0.005975098172927729,0.017148173471389982
id18662,0.7145878265720723,0.08391597200999866,0.201496201417929
id06448,0.00045467909462830366,0.03135147323263561,0.9681938476727361
id21002,6.908220091129328e-06,0.9985143415052252,0.001478750274683598
id08753,0.9999475762593428,4.83055645766248e-05,4.11817608061763e-06
id27832,0.0796426894571838,0.8971703223663562,0.02318698817646003
id11341,0.3605717686705821,0.6342159903732537,0.005212240956164173
id11426,0.026567686946442695,0.13058612683184023,0.8428461862217171
id15388,0.04630394153269343,0.0018502324455105371,0.951845826021796
id12801,0.9151945587620416,0.07382558652713507,0.010979854710823382
id02380,0.36150919003898474,0.005556383961023445,0.6329344259999918
id02777,0.4717753811365463,0.0030488225313413516,0.5251757963321123
id05412,0.0355397596655478,0.003959447219376481,0.9605007931150757
id01303,0.999706392740553,8.925664143198947e-05,0.00020435061801502122
id21665,0.998343624339685,0.0004540502858438366,0.0012023253744710186
id12973,0.04186389956710769,0.0018331668819261476,0.9563029335509662
id22046,0.988893046952297,4.1995290422497514e-05,0.011064957757280522
id24035,0.015279560416905908,0.00017814612039751594,0.9845422934626966
id15513,0.047985026799764255,0.9511831855657327,0.0008317876345031953
id12302,0.17630361518872645,0.0188717180792863,0.8048246667319873
id01751,0.8460461047746881,0.09598675682539431,0.05796713839991768
id27003,0.9331546904729897,0.009331097614877685,0.057514211912132615
id14689,4.523132002005142e-05,0.9999334025490058,2.136613097415639e-05
id11885,0.9169770866919975,0.0039729520769478405,0.0790499612310546
id16558,0.6159095963447085,0.1733406676530768,0.21074973600221475
id15785,0.32027253762821445,0.6532190946226459,0.02650836774913956
id25382,0.0013577270281050426,0.9983628024669694,0.0002794705049256421
id19170,0.9542647759622,0.03611631398803321,0.009618910049766786
id22689,0.9494022199779505,0.04830082409830937,0.002296955923740146
id03178,0.9547913574920938,0.03557248864963555,0.009636153858270609
id22393,0.9236045605477577,0.008928969586259662,0.06746646986598254
id19215,0.32800837908647823,0.014460722971680669,0.6575308979418412
id27829,0.5530801737975014,0.07734296084809113,0.36957686535440754
id11659,0.41242602012724333,0.006317798502118756,0.5812561813706378
id25831,6.492512186901584e-07,0.9999877145808737,1.1636167907775572e-05
id08781,0.9592337599565155,0.011877830710251003,0.028888409333233528
id11550,0.15978053245080398,0.8387553296650513,0.0014641378841447757
id25478,0.07018359373839975,0.0014204503195617928,0.9283959559420385
id09909,0.9997045374627456,0.0002522247137574947,4.3237823496815565e-05
id09009,0.3111474911695517,0.004033453838852884,0.6848190549915955
id12660,0.32030512718542237,0.009007533965901343,0.6706873388486764
id23033,0.32557528615849796,0.4056324649870918,0.2687922488544103
id25937,0.8991324334631804,0.08402264124313713,0.016844925293682454
id10385,0.818522423181273,0.18030360522305905,0.0011739715956679984
id15288,0.0002632744211867867,0.0011618503792763203,0.9985748751995369
id06403,0.9951209706385123,0.004841075632039676,3.7953729447881805e-05
id18342,0.00954280827308519,0.9768146027261079,0.01364258900080685
id00497,0.42989568892752406,0.0012208179455046877,0.5688834931269713
id12156,0.9987929597414983,0.0011945889343962753,1.2451324105426584e-05
id26825,0.9873468983277255,0.006478058971878139,0.0061750427003964044
id20140,0.1968689360453368,0.004880132024400961,0.7982509319302623
id06714,0.2376220955443433,0.020615950091371193,0.7417619543642855
id06017,0.005782237902676825,0.018846838431246734,0.9753709236660765
id14841,0.996562110783551,0.0030739851572656185,0.00036390405918346067
id25646,0.02140293368330272,0.011672668402379311,0.966924397914318
id09218,0.8925464249247299,0.09931891333753178,0.008134661737738408
id21857,4.535237189182254e-07,0.9999995053142201,4.1162060929927735e-08
id05750,0.026712634473959124,0.00969238735521911,0.9635949781708217
id10507,0.03978499926784008,0.4528908825198605,0.5073241182122994
id09696,0.013558289048324686,0.012839178564335143,0.9736025323873401
id00835,0.3889548054206467,0.5749688153015164,0.036076379277836905
id26717,0.17459524961959,0.03187584269755908,0.7935289076828509
id17573,0.00012431642654468593,2.8926935350836657e-05,0.9998467566381045
id21144,0.15635592282051247,0.7924595044404207,0.05118457273906679
id02305,0.984404894553869,0.015593556092642803,1.5493534881320863e-06
id26035,0.3403551305794402,0.20146536269037799,0.4581795067301818
id00878,0.9986477184221596,9.455156723281451e-07,0.0013513360621681433
id08728,0.6196707123816055,0.2802586847863207,0.10007060283207368
id10579,0.19402386464627744,0.7238697903478756,0.08210634500584696
id10720,0.5668364928379356,0.005972025234494647,0.42719148192756984
id09163,0.00033821861070513863,0.0007445402199671372,0.9989172411693277
id16298,0.1489745146130877,0.850983272285986,4.221310092628418e-05
id05342,0.7221833255658872,0.03240937060525037,0.24540730382886256
id24256,0.17364578181667287,0.026909972528682748,0.7994442456546444
id12217,0.01534382229296266,0.935572290835116,0.04908388687192142
id06159,0.9909321417547753,0.006762265097839186,0.002305593147385564
id24394,0.9545827539782161,0.01817409228214326,0.027243153739640626
id20232,0.002789879319297549,0.02105565945582116,0.9761544612248814
id26856,0.9988855787917175,0.000860309063292374,0.0002541121449901526
id15108,0.002885273682596677,0.9678619240689288,0.029252802248474548
id00751,0.9010683975781417,0.0023045144450095957,0.09662708797684878
id01784,0.9243390972735387,0.037801452153790265,0.037859450572671004
id26419,0.5877882494111226,0.17200911607511143,0.24020263451376594
id23877,0.41834815938305964,0.5777435951229004,0.003908245494040022
id05019,0.9092122312988244,0.008409213165631799,0.08237855553554384
id23003,0.009104185208392903,1.2913782039235834e-05,0.9908829010095679
id22153,0.35897820696018784,0.1837315793308297,0.4572902137089825
id19726,0.008500581454362935,0.9874960476720458,0.004003370873591276
id19033,0.9847199685439749,0.005268290830744613,0.010011740625280433
id00534,0.0003066623768470561,6.54772256251302e-05,0.9996278603975278
id07030,0.8446815268488973,0.029186037119085788,0.12613243603201674
id08281,0.03697362025284031,0.6038817647681034,0.3591446149790563
id00366,0.8744545571844786,0.11009204988315159,0.015453392932369789
id25446,0.028225019125980275,0.9073034126995934,0.06447156817442642
id25008,0.9999999499957491,4.773426535799842e-08,2.2699856402111556e-09
id24142,4.734743373951502e-06,0.9999927818564868,2.4834001392526377e-06
id25331,0.0005061215124316033,7.287059114266445e-05,0.9994210078964257
id16549,0.4701945564906553,0.019097646102044247,0.5107077974073004
id12120,0.002419367627821528,0.9971567918546331,0.00042384051754530184
id07518,0.20126964664077193,0.7984629722975957,0.0002673810616323947
id24749,0.002381193416371869,0.003923987612967537,0.9936948189706606
id23132,0.8528291806177228,0.09275372899949,0.05441709038278729
id05946,0.04188164530123976,0.06384678078491415,0.8942715739138462
id07427,0.9887529060965009,0.0009106418829527967,0.01033645202054639
id14601,5.260877589941272e-06,0.9999944931118188,2.460105914054864e-07
id26504,1.2911393641619722e-08,5.654028280418122e-09,0.999999981434578
id27199,0.7471562352941694,0.19274615347625326,0.060097611229577394
id09610,0.7483493064669355,0.21510491760395858,0.036545775929105864
id02071,0.9997440528107129,0.0002498622199823795,6.084969304656943e-06
id24431,0.8297033541126415,0.09350053694940419,0.07679610893795434
id20756,0.23143267807002665,0.07845085139259864,0.6901164705373747
id06525,0.1448110691757573,0.02159644438689837,0.8335924864373443
id11646,0.9953640385179904,0.0005832000072524704,0.004052761474757207
id26808,0.9945709913876879,0.0053322017441068984,9.680686820527332e-05
id15122,0.9476031280422933,0.008155984111602942,0.04424088784610378
id26052,7.309506097726914e-05,1.2387472707533048e-06,0.999925666191752
id06693,0.9995414330937111,0.00032344490667984735,0.00013512199960906613
id13520,0.99968196577225,0.00022725951550700435,9.077471224304874e-05
id04381,0.8852169298957877,1.956817097040293e-05,0.11476350193324186
id23315,0.035688133675291514,0.05641175250392768,0.9079001138207808
id15685,0.9939368429127082,0.005428187389595414,0.00063496969769637
id12974,0.024501944621022065,0.09558990420576984,0.8799081511732082
id22302,0.920031170811099,0.0623877571374934,0.017581072051407638
id04848,0.9417476964511219,0.03947566719854344,0.018776636350334726
id05104,6.89974688009609e-10,2.6035539810270072e-05,0.9999739637702151
id17169,0.003308050808336203,0.9736347416411808,0.023057207550483096
id12736,0.07349703357797781,0.9233553936586245,0.0031475727633977052
id24659,0.9824816977960752,0.0058967247381526665,0.01162157746577221
id24829,0.7730542511610664,0.21995622394039693,0.006989524898536699
id04164,0.005431384466674237,0.9943738443274658,0.00019477120585994118
id17795,0.25288669937796826,0.35604362956850905,0.3910696710535228
id09104,0.20957382832861446,0.7828754610642638,0.00755071060712189
id07833,0.009952113849200417,0.0023565993675236352,0.987691286783276
id16733,0.9539066296927776,0.030810670236839397,0.015282700070382942
id18630,0.7803218941043863,0.0008029631412157072,0.21887514275439787
id16064,3.7953797349593128e-06,5.604543779171902e-05,0.9999401591824734
id00561,0.0012894429057111506,0.9971641043490167,0.001546452745272065
id16627,0.844069688060091,0.1413729692981303,0.014557342641778671
id02162,0.9797212139815128,0.020249883023452875,2.8902995034295846e-05
id16092,0.0012883153989725696,0.9714886544112872,0.027223030189740236
id10710,0.002529565762247475,0.9974331938900634,3.724034768914925e-05
id18885,0.6761334719619098,0.006175077935973097,0.3176914501021172
id10689,5.574205729455688e-06,2.2817775588906828e-05,0.9999716080186817
id00486,0.05880630932785204,0.33290223687329973,0.6082914537988482
id02370,0.9975997188844894,0.0023544823661465837,4.579874936408173e-05
id22279,0.9951294161629793,0.00040245029714835697,0.00446813353987234
id16068,0.5486375852199576,0.0019752209107552388,0.44938719386928716
id04053,0.0010010297395647652,1.908047219256974e-07,0.9989987794557134
id09228,0.9995196392608041,2.240985239229424e-06,0.000478119753956669
id04227,0.05493304187209766,0.9448344116351052,0.00023254649279706938
id13578,0.9712892469980839,0.02124233236597945,0.00746842063593652
id18744,2.9548029843646274e-05,0.0026797788368264274,0.99729067313333
id22966,0.0004838049021659392,0.0007906458419008234,0.9987255492559333
id02979,0.8407115066045716,0.015085583517434099,0.14420290987799436
id26203,0.9505885200767734,0.04146088234441411,0.0079505975788125
id21184,0.9897854120476305,0.002993070723327707,0.007221517229041928
id19201,0.9959092358915853,1.3784991260992235e-05,0.004076979117153651
id20340,7.791749765752258e-06,0.9999888639343153,3.344315918934634e-06
id00692,0.042885006420803076,0.012708359934542267,0.9444066336446547
id17757,0.02050607333997751,0.0004774434414775678,0.979016483218545
id22771,0.013647439763392792,0.008620999110885326,0.9777315611257219
id10753,0.12475168022001047,0.8736862354887481,0.0015620842912413653
id11899,0.9951699487191387,0.0035867603326334516,0.001243290948227838
id20961,0.9237945573000463,0.07469474438543697,0.0015106983145166506
id06095,0.020089284894266035,0.970591763134806,0.00931895197092798
id23625,0.9348461105759475,0.0636590144584402,0.0014948749656123353
id03942,0.9944734288704647,0.003917732324475642,0.001608838805059683
id19591,0.04660144079592513,0.8727813614468439,0.080617197757231
id19732,0.9473366930688644,0.005641527438303245,0.04702177949283244
id24912,0.002003062141414452,0.9975201862274178,0.00047675163116778647
id15060,0.9912417867074383,0.005885568659325368,0.0028726446332363906
id08018,0.04508711402966394,0.930385062732966,0.024527823237370062
id02851,0.9798693709610574,0.0032400287963983477,0.016890600242544178
id02327,0.21618177639613803,0.11279008228723081,0.6710281413166312
id22631,0.8781383591921965,0.021536837137279358,0.10032480367052411
id22240,0.8180459880664745,0.16914729361192282,0.0128067183216026
id05114,0.48980912951743927,0.00020234673873227883,0.5099885237438284
id14979,0.0023070175367320652,0.9976189845812403,7.39978820276761e-05
id25837,0.004521605760394712,0.9953178451812108,0.00016054905839447582
id17457,0.8225661747512635,0.007080652275595344,0.1703531729731411
id23050,0.008231223035079826,1.3207696185026407e-05,0.9917555692687351
id06461,0.9009892959461187,0.0007216043874038492,0.09828909966647754
id03154,0.8475770354898661,0.0019554512815844307,0.1504675132285495
id20285,0.9999969778686335,6.753619369060011e-08,2.954595172902504e-06
id23166,3.404597996155659e-05,0.9999656111637875,3.4285625103951816e-07
id11496,0.9037109889308718,0.09369500764589937,0.0025940034232289255
id09569,0.9892024009389232,0.00878006556420761,0.0020175334968691567
id11193,0.3548451190880597,0.6390190141224625,0.006135866789477854
id26696,0.998172512970449,0.0017805864970032615,4.6900532547723525e-05
id15363,0.05237368329488952,0.9408331955746779,0.00679312113043246
id13046,0.48327013485705017,0.22342778338055838,0.29330208176239153
id17653,0.0016743238274105384,0.9983116674035566,1.4008769032935572e-05
id18812,0.0008230341953665951,5.87148861617657e-07,0.9991763786557717
id23232,2.498379948483912e-06,0.9999914664676005,6.0351524510618985e-06
id05290,0.4265111479178531,0.5186179589808774,0.054870893101269635
id10667,0.9676153425054612,0.0036687389324739543,0.028715918562064756
id15546,0.0004295210025134267,5.061867263553866e-05,0.999519860324851
id05862,0.03642937243904946,0.03891302133312148,0.924657606227829
id06225,0.0010751754100752854,0.016744825746780656,0.9821799988431441
id17617,0.37886835357218795,0.004745812763282864,0.6163858336645291
id00814,0.005145351058659277,0.0026606082180060477,0.9921940407233347
id18898,0.00882452479294937,0.7674459948063107,0.22372948040073987
id19395,0.0007697989091844729,0.9813726534986349,0.01785754759218055
id19520,0.4763296976190354,0.5180784056221871,0.005591896758777545
id27501,0.5191485865437673,0.24824290818141237,0.23260850527482044
id06327,0.022887311767055156,0.09566513925267024,0.8814475489802747
id00330,0.001348756619832405,0.9303239892041173,0.06832725417605033
id03792,0.26121123494826537,0.6421831128847887,0.09660565216694596
id09320,0.8340106691443954,0.16015133398524142,0.005837996870363146
id04678,0.019714885435189667,0.02428450137653143,0.9560006131882789
id11663,0.940992916583996,0.0025171885310223854,0.05648989488498171
id24945,0.0012305020919585075,0.0003918893048820722,0.9983776086031595
id03046,8.155683526121696e-08,0.9999998855401561,3.290300868588931e-08
id20236,0.8607092176005168,0.0011130620119357549,0.1381777203875476
id07869,0.5100975191785088,0.1939798844499686,0.2959225963715227
id08152,1.6471035419367306e-07,3.018300153309539e-07,0.9999995334596304
id02910,0.022688582189286204,0.975712146716976,0.0015992710937378053
id26837,0.14939201193452528,0.4742676493016026,0.37634033876387213
id24188,0.08312036322130832,0.8740762503094117,0.04280338646928004
id08748,0.004107955570367746,0.14188582226237034,0.8540062221672619
id18608,0.8165371622002058,0.0032239031628028643,0.18023893463699142
id18773,0.8500503907862085,0.013574344794589603,0.13637526441920186
id21822,0.9973977316429102,0.0006174710696150072,0.0019847972874747666
id09721,0.12154515333587577,0.047309620568714635,0.8311452260954096
id23152,0.998741457973137,0.0003673994981283228,0.000891142528734788
id02249,1.6954003858669044e-05,0.9999826104629205,4.3553322085976583e-07
id14065,0.9482432392647697,0.038757438285019985,0.012999322450210342
id01598,0.0035875038359571326,0.00017305942252055252,0.9962394367415224
id06294,1.4137539056746543e-05,3.9462640360054907e-07,0.9999854678345396
id19196,0.9927636425032581,0.007184930740891518,5.142675585034163e-05
id06846,0.8932703925002005,0.06697580732053364,0.03975380017926584
id02239,0.008513520533897591,0.00024402444811003635,0.9912424550179924
id20363,0.0002270935425322922,2.3719988535049547e-07,0.9997726692575823
id14986,0.014207143852775717,0.9854290918613877,0.0003637642858364751
id25864,0.0031332688592827077,0.007532837783598507,0.9893338933571187
id22272,0.9303132093775356,0.0020359281744920235,0.06765086244797236
id06212,0.6045366536198952,0.09481269756447545,0.3006506488156294
id15497,0.04567281028740332,0.93554201491134,0.01878517480125668
id12206,0.000450862337641796,8.796357592099604e-05,0.9994611740864372
id03109,0.005954781407993767,0.9939884012882589,5.681730374727808e-05
id00812,0.09655530926791717,0.003992171193702372,0.8994525195383803
id04837,0.39288205407381216,0.32174314061588327,0.2853748053103045
id14518,0.9989146165263108,0.0010134254507190173,7.195802297029668e-05
id18095,0.2369912646570217,0.7546793333529815,0.008329401989996868
id15831,0.13497187541985783,0.8089796645719538,0.05604846000818847
id12558,0.30581074978557865,0.5459752046035097,0.14821404561091173
id27858,0.9891581211550716,0.010823014069194848,1.886477573358051e-05
id24074,0.9948137289333799,0.004799569592879466,0.0003867014737406926
id23039,0.9995813705565054,0.00031520707475407865,0.00010342236874060057
id23415,1.488676850524351e-07,0.9999998383769629,1.2755352103118936e-08
id00613,0.00032831992317896566,0.0021305229554304155,0.9975411571213906
id11373,0.058699760529742566,0.0071694086370832095,0.9341308308331743
id00493,1.5734918178004777e-05,0.9991853659456406,0.00079889913618149
id20781,0.3898485335071544,0.37966626212755944,0.23048520436528613
id16367,0.9983397719123636,0.0016195442350622937,4.068385257410269e-05
id09831,0.013350309072281803,0.9618896967865407,0.024759994141177466
id08016,0.0033790701635236994,0.9961025898954824,0.0005183399409940058
id02860,0.011292301770058534,0.984374201117884,0.00433349711205749
id02382,0.08589538689454541,0.10209883660140309,0.8120057765040515
id06900,0.8088045592158072,0.004152632518480695,0.18704280826571215
id26499,0.9999480488611688,1.9228089829102045e-05,3.272304900197852e-05
id21696,0.1729315376175944,0.11501537114649348,0.7120530912359121
id21364,0.059100548340001696,0.9276149780642453,0.013284473595753053
id02752,0.33429489692026243,0.020216848221163104,0.6454882548585745
id02765,0.8953634661321279,0.0008860559950053085,0.10375047787286676
id10307,0.9863792767299134,0.004463248702944676,0.009157474567141909
id26542,0.03652047355364546,0.0022968066971162772,0.9611827197492383
id05416,0.8281185221339752,0.10216000275318979,0.06972147511283502
id03671,0.0016955454855525252,0.9982126279538511,9.182656059638543e-05
id03740,0.019913338987371722,0.9799813249438938,0.00010533606873453026
id25818,0.9727643714596439,0.0025751810312607845,0.024660447509095337
id23290,0.9985251839210477,0.0005725751054750315,0.0009022409734772913
id13438,0.010300849212217654,0.008329727118675169,0.9813694236691072
id15502,0.7547717469735706,0.02784111797401985,0.21738713505240947
id18946,0.6292934419436885,0.024278355943017044,0.34642820211329445
id26357,0.0177520380311587,0.6716259176202696,0.31062204434857177
id13701,0.9914867731403973,0.0010676496970142481,0.007445577162588399
id20217,0.04362193527495874,0.9514757864129139,0.0049022783121275
id12716,0.5808072890971019,0.2871256495595982,0.1320670613433001
id03995,0.00014914431063310616,0.9998445050787385,6.350610628397973e-06
id16808,0.9994289556517792,0.0005478580455998756,2.3186302620819552e-05
id11082,0.9402774008638424,0.0007497876140378408,0.058972811522119827
id06832,0.02446446926985278,0.0012638836060843922,0.9742716471240628
id11655,0.164187842839916,0.8334697429485847,0.002342414211499335
id12727,0.8354836424450464,0.12119074779387497,0.043325609761078736
id14495,0.0072657394384570695,0.0002555670013690747,0.9924786935601738
id15414,0.999861508501489,8.714943533242339e-05,5.1342063178534e-05
id03844,0.8953957118629534,0.009793926932159757,0.09481036120488688
id22810,0.008041852867236668,0.13590981983647582,0.8560483272962875
id05794,0.0076227604139399935,0.9923665074526938,1.0732133366208617e-05
id01611,0.006992339448552571,6.364719104801901e-06,0.9930012958323426
id11150,0.10183561442007844,0.8909195281235944,0.00724485745632719
id27616,0.3029652692811662,0.00043263945977000973,0.6966020912590638
id09738,0.45092081579588245,0.19305757332562765,0.35602161087849
id23766,0.7485630591957805,0.2504848517568268,0.0009520890473927769
id06124,0.27069489616595044,0.09955193687352712,0.6297531669605224
id00926,0.9972355113900223,0.0027608164044628817,3.672205514857794e-06
id11991,0.004150672045206954,0.0003784980794503511,0.9954708298753427
id22681,0.8343438547274777,0.16450521005764424,0.001150935214878045
id00979,0.016933013330113832,0.9813625577018408,0.001704428968045346
id26300,0.44005403087821765,0.04758757524219934,0.512358393879583
id15518,0.15083450224765763,0.0014211836590321272,0.8477443140933103
id26839,0.9623152498284899,0.029285264218534366,0.008399485952975743
id16154,0.9620512835117451,0.007968760204095388,0.029979956284159587
id12877,0.9970271980754282,0.0008765801296530627,0.002096221794918696
id02816,0.021611016482676618,0.9783463213980274,4.266211929608472e-05
id13400,0.027415317495725906,0.0001341320283903808,0.9724505504758838
id14369,0.03567211952874179,0.6809033975486136,0.28342448292264466
id04073,0.9132638733754628,0.06687311637999545,0.019863010244541724
id04639,1.6461968301030436e-06,0.9999032611122176,9.509269095233669e-05
id09970,0.03188071474859435,0.009472629852365529,0.9586466553990401
id23994,0.8258134538519892,0.09798862602367672,0.07619792012433396
id24728,5.23681194303307e-06,0.9999944851962828,2.779917741620174e-07
id11539,0.9806072156141193,0.0076628917304386954,0.011729892655441969
id18368,0.019845379273030962,0.022417765233669413,0.9577368554932996
id07722,0.9836840173488615,0.003177845304483645,0.013138137346654956
id10355,0.004626791938288931,0.9943472958093236,0.0010259122523874533
id02842,0.9724071891293481,0.026897336065131925,0.0006954748055200635
id02826,0.9999831142922101,1.6001102554873015e-05,8.846052350162166e-07
id14517,0.13348629520356095,0.8605351977877435,0.005978507008695721
id14833,0.5798593809664514,0.10760178730992682,0.3125388317236218
id00491,0.9971434310006723,0.002654613386568668,0.00020195561275914234
id10784,0.0057316294030921285,0.9236485011768422,0.07061986942006569
id27648,0.9897873987016531,0.009993328621050738,0.0002192726772961634
id00372,0.48542299477217693,0.42126474729598673,0.09331225793183638
id12796,0.004269687151308095,0.001751795648306635,0.9939785172003853
id06215,0.3090536753550139,0.6683573281969072,0.022588996448079067
id24722,0.01995017501811645,0.00046502757137394807,0.9795847974105096
id02729,0.011635162951970578,0.06808490725366259,0.9202799297943668
id01783,0.014347427477427472,0.014498812592658667,0.9711537599299138
id03025,0.007760396978395952,0.008858079355451931,0.9833815236661522
id03714,0.00021375050713174013,0.9994554559007867,0.000330793592081504
id00173,0.012664014480342602,0.9858982428879132,0.0014377426317442777
id09268,0.051464898346775964,0.0007549880066006612,0.9477801136466234
id08738,0.47502957131767826,0.5230940540052426,0.001876374677079168
id18561,0.9922659951571684,0.007137461773312041,0.0005965430695195387
id04877,0.9469552845352703,0.0012456200099760803,0.051799095454753606
id15173,0.13996394879615226,0.8354708161265707,0.024565235077277033
id23020,0.026226467977743025,0.40504017806886916,0.5687333539533879
id04105,0.0009166564219725561,0.9977239003153437,0.0013594432626837494
id27807,0.8892266938669666,0.048878295056544965,0.061895011076488524
id08966,0.9336715391396598,0.06355647043499425,0.002771990425345969
id15469,0.002177713383483216,0.0009437109688999042,0.9968785756476168
id26904,0.8988887048817162,0.003178845624370594,0.09793244949391319
id14258,0.9571142148171241,0.004047352821987841,0.03883843236088791
id04371,8.135599085355725e-06,3.946313893582007e-07,0.9999914697695252
id13963,0.9598966380905072,0.0008325408689107049,0.039270821040582195
id19097,0.9593731895415077,0.00450982783636223,0.03611698262213006
id00350,0.06380065490225137,0.00045935772722837954,0.9357399873705202
id03571,0.9914650109394282,0.006249479140928598,0.0022855099196432585
id05647,0.9949303686986699,0.0004043705777889339,0.004665260723541134
id03720,0.002775741407410212,0.9971625421158666,6.171647672319434e-05
id10208,0.9957582539496006,0.000885830681393474,0.003355915369005942
id04526,0.006244864339131713,0.7274852898079863,0.26626984585288194
id23694,8.067341989177897e-05,0.999907942402247,1.1384177861103896e-05
id13795,0.9997131961679007,0.00019138720609213273,9.541662600730357e-05
id04551,0.2867544370311136,0.6865556164112189,0.02668994655766743
id13292,0.9622405695544273,0.03754737226755446,0.00021205817801832097
id18196,0.13953635145275786,0.7621651874695761,0.09829846107766604
id12175,0.9999989197771886,4.7187852166224815e-07,6.083442897933766e-07
id09482,0.9992661200583847,0.00026659469392395865,0.00046728524769132644
id17574,0.0164488951687965,0.011790429032957763,0.9717606757982458
id12316,0.0025634997141756764,0.9971911252372387,0.00024537504858553825
id01875,0.022711809511263455,3.396426307624516e-06,0.9772847940624289
id12688,2.0766597168163495e-05,0.999950008596474,2.9224806357813546e-05
id12192,0.4493580165923969,0.2342222100249638,0.3164197733826393
id14713,0.0005503572910120936,0.00010719122824525317,0.9993424514807426
id05961,0.0026090582945823794,0.0011638845476401444,0.9962270571577775
id04556,0.9742771510446995,0.002486731232320401,0.023236117722980232
id20641,0.9657758918443348,0.034210217889275044,1.3890266390174518e-05
id24624,0.3911791452396411,0.029094464198474713,0.5797263905618841
id20096,1.527094098403859e-06,0.00015366756255776496,0.9998448053433439
id03013,0.1238502200238183,0.31775659094947833,0.5583931890267033
id06775,0.90585723150684,0.0005320121465421212,0.09361075634661782
id17068,0.8011254083796039,0.0957340377331083,0.10314055388728771
id25344,0.0026390984405540567,0.996725364825101,0.0006355367343449863
id04523,0.24548562373926422,0.5666899948292625,0.18782438143147331
id00132,0.8391055500766718,0.16012392915779944,0.0007705207655288826
id11631,0.0006933011166841001,0.06061762498015701,0.9386890739031589
id09022,0.00016046158852707845,0.00013830052284637283,0.9997012378886265
id10188,0.022285023977584258,0.02204222383139567,0.9556727521910201
id12752,0.9569599305021743,0.034514735809391246,0.008525333688434483
id02576,0.015213079773329889,0.0087998984693589,0.9759870217573112
id22768,0.9429294685040228,0.04364974445511552,0.013420787040861746
id25350,0.6672155639528149,0.0022306830317772555,0.33055375301540785
id06560,0.9999961221829317,2.437055591119419e-07,3.6341115092799183e-06
id20366,0.051597789786943474,0.1812599204682535,0.767142289744803
id10840,0.9990460134660424,0.0009200167329748007,3.3969800982783815e-05
id18880,0.9779500908707107,0.01989748105295136,0.0021524280763378623
id11683,0.8022588800397796,0.17433010962919407,0.023411010331026428
id14734,0.3512763403445036,0.004502921299661073,0.6442207383558353
id15336,0.07304179368613334,0.9261571594686866,0.000801046845180075
id15319,0.9951091781454858,0.004366404755812335,0.0005244170987018317
id03829,0.0031482398188505747,0.992427735884453,0.004424024296696471
id18451,0.9440691931366464,0.009442588403975648,0.046488218459377985
id11816,0.9983219543877692,2.4871950223244463e-05,0.0016531736620076414
id21792,0.9436494722032643,0.048604517316580755,0.007746010480154895
id26921,0.975718270723076,4.5504985846907986e-07,0.024281274227065504
id08664,0.4570603084632826,0.1514501665440173,0.3914895249927001
id06944,0.09518968279725439,0.8979900738301416,0.0068202433726041135
id20817,0.00014404513623764945,6.424299940169932e-05,0.9997917118643607
id02759,0.992668691353224,0.00269975269908771,0.004631555947688192
id01449,0.2611069622722294,0.7348802475521118,0.004012790175658968
id26909,0.9529071994593755,0.01307037185609138,0.034022428684533146
id03113,7.567918364106668e-07,1.5682331686532044e-06,0.9999976749749949
id18364,0.9057923371581762,0.0009427082158345307,0.09326495462598923
id21004,0.0006219215675621228,6.3573660538382195e-06,0.9993717210663841
id00305,0.023200174133942486,0.015749935757101208,0.9610498901089564
id03374,8.669646175875168e-05,0.9997221328935508,0.0001911706446904749
id18916,0.9895727045058078,0.009650822272912639,0.0007764732212796259
id06535,8.572088319118053e-06,0.9999914198500199,8.061660840394317e-09
id25067,0.9999976011156307,1.614036443472517e-06,7.848479257663986e-07
id27726,0.07847933932548931,0.9084316687340519,0.013088991940458747
id21767,0.9546489521154511,0.01620735578211968,0.02914369210242934
id17581,0.995773528593938,0.0014031765506428231,0.002823294855419203
id02354,0.9257950544070127,0.009338590445289164,0.06486635514769817
id16505,0.9635550337622629,0.004022999611502188,0.03242196662623478
id00573,0.9984570509540026,0.0009719666852656953,0.0005709823607317502
id23256,0.998068512214228,2.8205421344661394e-08,0.0019314595803507026
id25798,0.000491789397840923,0.9993888362276184,0.0001193743745407153
id10439,0.09737324116440611,0.5710923041858745,0.3315344546497194
id00652,0.013608235977660928,0.976328151185927,0.010063612836412116
id17696,0.9999999995540743,4.0782095462526367e-10,3.81048321773939e-11
id22911,0.0044069156919529446,0.0018422154933074072,0.9937508688147396
id19382,0.1129735657538636,0.008076399685917416,0.878950034560219
id12258,0.6355978858028609,0.13339864770645712,0.23100346649068207
id19349,0.00014336990616642384,0.9998533499399616,3.280153872155868e-06
id05653,0.9996718671036802,0.00013056252586065906,0.0001975703704591491
id24532,0.034479175167980165,0.07906256226986672,0.8864582625621531
id04344,0.9979067912841201,0.0007788257078763772,0.0013143830080035058
id26369,0.006796010642443626,0.4583009127322262,0.5349030766253302
id07974,0.30910594161649296,0.23035629157329404,0.4605377668102131
id11844,0.04246583042010029,4.96072614622316e-06,0.9575292088537535
id15836,0.9971610814409663,0.0015394066421873123,0.001299511916846498
id03278,0.11341484240702894,0.000824290326250417,0.8857608672667207
id25245,0.9686759681797866,0.030872391286200857,0.0004516405340124466
id10690,0.04385634441089819,0.0015643897097361143,0.9545792658793656
id13618,0.9076884018243518,0.04430688063307986,0.04800471754256832
id05898,0.7848979784999179,0.021237405788988535,0.19386461571109354
id08866,0.2373910341843925,0.6121343354616336,0.1504746303539739
id21212,0.02102037367783843,0.0005553431663754552,0.9784242831557862
id14035,0.9489150885785868,0.0001140521825509953,0.05097085923886227
id27517,0.00011848717057263043,5.0741096622639125e-06,0.9998764387197651
id22280,0.6433357439829571,0.10319219142155103,0.2534720645954918
id05488,0.9379767333195895,0.06123357703093963,0.000789689649470922
id07921,7.707895756404104e-07,0.9999990328555317,1.9635489266244366e-07
id26774,0.9952394481733159,2.1158840771851845e-05,0.0047393929859123815
id05200,0.01030962527143205,0.9896820755537137,8.29917485433305e-06
id07514,0.04660431420412643,0.9533609848768589,3.470091901466039e-05
id26147,1.118217697168104e-06,5.815385674368363e-05,0.9999407279255591
id16015,0.00025368912132027146,0.005053861098481556,0.9946924497801982
id05730,0.9983166186983787,0.0007507912494137179,0.0009325900522076826
id10680,0.0715570737465753,0.11088013402239977,0.8175627922310249
id17677,0.3160136185009645,0.47633177394001674,0.2076546075590188
id11519,0.005422658369214197,0.003506177770584236,0.9910711638602016
id03255,0.9477703702174477,0.05165145763317241,0.0005781721493799793
id04658,0.16622862120095294,0.004686096388265723,0.8290852824107814
id15449,0.006579686193851407,0.004777318491349312,0.9886429953147993
id08702,0.019217898487430652,0.976292027370716,0.004490074141853391
id20255,0.043399183198927486,0.6739383937785118,0.2826624230225606
id03108,6.639791725864271e-06,0.9994711145267917,0.0005222456814824534
id09118,8.791907192507423e-06,6.628157534741778e-06,0.9999845799352728
id16335,0.6751911188304301,0.07267286875815666,0.25213601241141326
id05595,0.9560700551993618,0.03829722286880795,0.005632721931830191
id06774,0.9979385888752225,0.0011828184416918823,0.0008785926830855715
id23750,1.3447708554243709e-05,6.278430236205896e-07,0.9999859244484222
id23246,0.9031681116499152,0.015283067787676602,0.08154882056240818
id06156,0.04722246600390762,0.9074928644988149,0.04528466949727756
id01049,0.04642888378040213,0.9237700774930336,0.02980103872656416
id22801,0.0035057592077317426,0.996490973360909,3.267431359283538e-06
id14034,0.9903711497823768,0.0005993729522673101,0.009029477265355829
id01156,0.07439170115131863,0.9172099970296452,0.00839830181903608
id13489,0.9369654170005614,0.06148647711584423,0.0015481058835943556
id18217,0.06641330920326849,0.8505830686350035,0.08300362216172791
id02048,0.0019273265031365828,0.9980169790185603,5.569447830315769e-05
id03684,0.9908753386832596,0.006743920211663057,0.002380741105077385
id11208,0.00015336896595876016,8.727743485504505e-05,0.9997593535991862
id14453,0.8861522718717479,4.381632451816199e-06,0.11384334649580019
id03798,0.6712139639906864,0.005192651474711111,0.3235933845346024
id19911,0.01860021274193043,0.46673621563944656,0.514663571618623
id04907,0.003297574410435415,0.011188819954684423,0.9855136056348801
id11148,0.9999113494238847,6.966058662280611e-05,1.8989989492508594e-05
id23996,3.873985009119822e-06,0.999566893535755,0.00042923247923593407
id19833,0.984153041948532,0.0144745671814355,0.001372390870032499
id01932,0.9995193952973166,0.00047739640482124835,3.2082978622524797e-06
id12137,0.8435541430833682,0.1500475966961012,0.006398260220530485
id20511,0.7121835651519498,0.008120006632081761,0.2796964282159685
id09367,0.00032169890146017136,0.9996053664517709,7.293464676904569e-05
id20856,0.0009745349671494087,2.5577892801443924e-06,0.9990229072435705
id20704,0.351954677700026,0.0018599949791595358,0.6461853273208146
id14526,0.4841663545166834,0.2597473903291259,0.2560862551541907
id08881,0.0022397710140278,0.99764055330423,0.00011967568174225372
id04366,0.9306573969792119,0.06911325976601342,0.00022934325477470555
id05521,0.9905094576831345,0.006459833455536848,0.003030708861328691
id10588,0.0020693800637430343,0.8043339767208081,0.19359664321544875
id20689,0.7989895790504269,0.11144970388860745,0.08956071706096569
id16667,0.3572138563628329,0.6418021659605436,0.0009839776766234548
id25279,0.8759814561174484,0.013763162967105865,0.11025538091544564
id24194,0.009244834650958112,0.9876334640284903,0.003121701320551498
id27341,0.9977992218673715,0.0021920611498902607,8.716982738285178e-06
id25695,0.941064014619755,0.015168038007253378,0.043767947372991625
id01758,0.40358414504181295,0.08926659208343272,0.5071492628747544
id02431,0.0016942637863441353,0.9256600545956893,0.07264568161796645
id19940,0.00014443464481915535,2.710197556624824e-07,0.9998552943354252
id23926,0.9193275514068673,0.0803994851268885,0.00027296346624428123
id14343,0.3492158991503668,0.0002336198792347625,0.6505504809703984
id06043,0.00027612829776499186,4.36348265547304e-05,0.9996802368756803
id05551,0.8344908940179769,0.1327357201174761,0.032773385864547075
id16698,0.0007482885645726,0.9991558088942479,9.590254117951208e-05
id26006,0.9913853497449552,0.007349678341356752,0.0012649719136880958
id16244,0.0005640348695127411,0.9992589072593917,0.00017705787109548285
id21129,0.9999516990952603,4.946614668107709e-06,4.335429007167338e-05
id14317,0.0003189869897233531,0.0007836949285899699,0.9988973180816867
id16443,0.29695847098121825,0.0016936299633593095,0.7013478990554225
id00044,0.008600499096438466,0.0005487006572589392,0.9908508002463026
id01365,0.006154844951637829,0.9899058569865707,0.003939298061791443
id12797,0.8109127928331659,0.007246498654280223,0.18184070851255396
id21275,0.9654777102515059,0.0014804234812792548,0.03304186626721494
id13801,0.042384241521997906,0.05852429304098807,0.899091465437014
id20770,0.0009471126160281473,0.9969258454635926,0.0021270419203792412
id03078,0.9711544848582938,0.028832566781120745,1.2948360585305398e-05
id21589,0.9869178635089845,0.0008373904748849537,0.012244746016130462
id25572,0.006853946943830863,0.00023297599791878332,0.9929130770582503
id10712,0.9987806088725152,0.00021568969167449258,0.001003701435810378
id25061,0.018526603371339677,0.157502303783835,0.8239710928448253
id03163,0.03858722610286563,6.615859999012589e-05,0.9613466152971443
id12341,0.8712455700302489,0.017332784051419182,0.1114216459183319
id25107,1.8738858190469233e-08,0.9999999142355198,6.702562190436986e-08
id21945,0.9975063464997374,0.0018580375889205053,0.0006356159113421186
id14078,0.00793592936632861,0.02639373654145151,0.9656703340922199
id06876,1.7284801158847355e-05,0.00025314349578531905,0.9997295717030559
id05232,0.006598166456559265,0.991538721412753,0.0018631121306877168
id07071,0.5962119630642866,0.001785516372013879,0.4020025205636996
id10646,0.009214355537142045,0.9700022876433839,0.020783356819474092
id25540,0.7633078498504524,0.23615652618899877,0.0005356239605488936
id25607,0.00043896622507745044,0.9991907761837221,0.00037025759120049614
id16479,0.9970946909921593,0.0007208242771101067,0.0021844847307305767
id05998,0.05198061701724753,0.9460884026793627,0.001930980303389742
id20554,0.39549710593711807,0.012980925041952553,0.5915219690209294
id27217,0.9132612954014284,0.02812636421591138,0.05861234038266024
id20110,0.006428091305862712,0.97234233308398,0.021229575610157314
id01990,0.0007150110258623284,0.9992365418975552,4.844707658241896e-05
id17080,0.2592286236967477,0.35650635086633364,0.3842650254369186
id19120,0.7121473764583286,0.27298386549660225,0.014868758045069244
id08476,0.01347163349643586,0.026464645007341144,0.960063721496223
id03715,0.016936594932206464,0.9805900881022868,0.002473316965506897
id27208,0.9564573594191831,0.0006608909412345025,0.042881749639582446
id04508,0.9996500346013502,0.0003252372153369662,2.4728183312927105e-05
id11233,0.36862907322820077,0.009534865224996367,0.6218360615468028
id14237,0.9337337309921055,0.04141031646872565,0.024855952539168877
id12006,0.6718647640037064,0.3239805022046268,0.004154733791666907
id22925,0.0008008098571089839,0.0002148934925378655,0.9989842966503532
id07141,0.9915465338756959,1.0415248390399909e-07,0.00845336197182024
id08449,0.31369324615521055,0.016806798087086124,0.6694999557577034
id16468,0.9612913127919199,0.0029828050760809135,0.03572588213199917
id21415,0.0045336920535234,0.006440108706562489,0.9890261992399142
id09388,0.9999853913250052,1.2636313483782919e-05,1.9723615109767106e-06
id24767,1.738806400385113e-06,0.9999977748048293,4.863887703695274e-07
id19247,0.9983573327936324,0.001030800501808143,0.0006118667045594724
id07068,0.8651171729005962,0.1323009353302367,0.0025818917691671664
id27597,0.9744996907125791,0.025177018685331343,0.00032329060208958864
id21380,0.9777808342038404,0.021842923008261055,0.00037624278789856637
id01178,0.014334857452358813,2.723825507900271e-06,0.9856624187221333
id15323,0.9985348461891301,0.0010375053058430423,0.0004276485050268672
id14784,0.9995840840672955,7.250485136003013e-06,0.00040866544756842503
id07174,0.7148872908538155,0.06956843509160826,0.21554427405457616
id06577,0.9997273959962218,0.00020635294297699736,6.625106080115007e-05
id06582,0.8094323522205256,0.13313644150667597,0.05743120627279857
id21088,0.11076479413931459,3.210885876098999e-05,0.8892030970019245
id16436,0.006205211981660234,0.9895411916223207,0.004253596396019139
id25443,0.8285868806742402,0.015035772479581893,0.15637734684617785
id16617,0.12283384420036003,0.0023911493427178176,0.8747750064569222
id21757,0.21834883224119098,0.19241027111860326,0.5892408966402058
id25902,0.3220673447419917,0.2510841971027438,0.42684845815526434
id11238,0.6132898662824386,0.35931755411822447,0.027392579599336903
id13861,4.008057635668202e-05,0.9991765448126032,0.0007833746110401603
id04171,0.002146023540879247,0.011917062080154403,0.9859369143789664
id21483,0.02007950357177703,2.2883667169860994e-05,0.9798976127610531
id12635,0.10285523256388689,0.24235940017322877,0.6547853672628844
id11666,0.016012681196021873,0.9781344294328415,0.005852889371136696
id21552,0.8791590870793428,0.12005007148262695,0.000790841438030342
id13582,0.030060590530584873,0.9693893540562043,0.0005500554132109301
id06447,0.9242321573558147,0.013394381004439392,0.06237346163974603
id22998,0.00023243951120226943,1.66273828952087e-06,0.9997658977505083
id15616,0.00048103401188435144,0.0008486940941991833,0.9986702718939164
id09613,0.0006172282711789279,0.9993761136932938,6.65803552715023e-06
id09318,0.15202539002893437,0.8462158689111001,0.001758741059965609
id07653,0.9988981813305324,0.0005246620568839967,0.0005771566125835861
id21311,0.7316149744089555,0.2559065281756139,0.012478497415430648
id21030,0.3399587791569683,0.6560920957963015,0.003949125046730255
id10363,0.00017603893344396825,0.9524025083199499,0.047421452746606044
id02624,0.7305065643554663,0.042924572093946595,0.22656886355058703
id21462,0.2521179659533771,0.03353436564368037,0.7143476684029426
id24961,0.0018193579782080597,0.9577454140214048,0.04043522800038716
id08598,0.02699236131538082,0.0054293135590183,0.9675783251256008
id22701,0.8888628561130554,0.10817860285360224,0.0029585410333423426
id24954,0.26593512536735675,0.0009924264821142,0.7330724481505291
id24432,0.9716590588703149,0.024757097435277403,0.0035838436944075655
id08123,0.0007321338894209065,0.011443407247858117,0.987824458862721
id08456,0.05557871526675226,0.001716971486459634,0.942704313246788
id02792,0.8196706312494745,0.06323602852103223,0.1170933402294933
id01034,0.0005690488158363467,0.9993769786711668,5.3972512996840493e-05
id05336,0.27047721805265235,0.6734308350025126,0.056091946944835186
id16773,0.05277225937143812,0.9103562522054905,0.03687148842307139
id20275,0.0715631140166864,0.9278527343265214,0.0005841516567920868
id22357,0.013411323048127716,0.9765335838743766,0.010055093077495582
id08426,0.9856994416892301,0.014017155257461401,0.0002834030533085718
id26118,0.7590079057184526,0.08397843853829015,0.15701365574325726
id27377,0.0035629270610089895,0.0034419432710536585,0.9929951296679375
id19738,0.2963694484448739,0.6924062854324149,0.011224266122711183
id27211,0.9852544069187987,0.013277642959181298,0.0014679501220199278
id20362,0.8040749576899072,0.002465439205739276,0.1934596031043535
id10769,0.45001723484088846,0.3845235050907909,0.16545926006832073
id02037,0.08717689197322505,0.8733681100156989,0.03945499801107599
id24338,0.9822629947153605,0.00897567400334256,0.008761331281296896
id21154,0.00018044022807087658,0.9771045435295145,0.02271501624241467
id15815,0.0001115393754611357,0.004377075727354488,0.9955113848971844
id03643,0.0029792917657043816,0.020805267703054187,0.9762154405312414
id24266,4.1653076634126354e-05,0.9993389479686408,0.0006193989547251611
id09707,0.8464738719150564,0.07691115837456469,0.07661496971037898
id22786,0.99992797502477,1.1384628615323096e-06,7.088651236845372e-05
id27783,0.9287329450974066,0.026038551672571342,0.04522850323002219
id13684,0.0015655897100796874,0.00014687493249791012,0.9982875353574224
id03721,0.6535750931370884,0.18073287305004185,0.1656920338128698
id00139,0.939867235156564,0.03667156399488182,0.023461200848554166
id07113,0.49314306368188165,0.00592442336735237,0.500932512950766
id25748,0.991660994637315,0.008130977225495056,0.0002080281371899259
id01901,0.5815037141906878,0.013651586259454784,0.4048446995498575
id15688,0.9341942541899637,0.025958663284576827,0.039847082525459376
id20660,0.6083665681496139,0.1798661583748709,0.21176727347551513
id03335,0.987150713141648,0.001985655131604908,0.010863631726747147
id05947,0.9908736626160176,0.005754264863504066,0.003372072520478302
id14528,0.9994594522352681,0.0004468849401258732,9.366282460589782e-05
id04437,0.9683782181200091,0.030086016096857873,0.0015357657831328853
id10804,0.0018182782189618241,0.9981678987957175,1.3822985320661172e-05
id17859,0.00032626805073746154,0.9996728093263408,9.226229217610278e-07
id01631,0.0530309447133916,0.9407303639120916,0.006238691374516729
id10949,0.46369213882092225,0.35976531310375,0.17654254807532782
id02613,0.6192446803832046,0.012743227027403626,0.3680120925893918
id21773,0.2781351684590821,0.6584298632938427,0.06343496824707534
id08523,0.08623988450618296,5.651734864999389e-05,0.9137035981451671
id08014,0.1452453331896029,0.8547475985337635,7.0682766334970194e-06
id08659,0.005671548673719694,0.9888417405438487,0.0054867107824317
id17792,0.7758492010924068,0.2208265156516998,0.003324283255893321
id25612,0.06208673638436242,0.171806243814029,0.7661070198016086
id27792,0.05813754429204653,0.9335052793143648,0.008357176393588708
id08889,0.9999678774460649,2.241587471872859e-05,9.706679216458298e-06
id17156,0.9959237743161934,0.0032785730390183874,0.0007976526447882591
id04124,0.26320325132586386,0.0010149271921037505,0.7357818214820324
id05048,0.6576023620368189,0.12774790600232871,0.21464973196085244
id18882,0.7210249026298341,0.015466197369196463,0.2635089000009695
id03999,0.0008765258613840871,0.9893450843876365,0.00977838975097943
id04390,0.014928283313828462,0.9850335401258037,3.8176560367849706e-05
id06734,0.9448849627409716,0.006852522431643418,0.04826251482738488
id12623,0.2621768176639971,0.5757955595750738,0.16202762276092916
id10904,0.0017848479347107478,0.9981956030836636,1.9548981625597982e-05
id23535,0.9977943937691229,0.001810701936616955,0.00039490429426018817
id08442,0.9887206524977168,0.0005561522943556394,0.01072319520792758
id25272,0.9906305399353257,0.008793185161262701,0.0005762749034115602
id15926,0.1199397074833117,0.7172212901293906,0.16283900238729768
id07186,0.2937219241261679,0.028569083795708005,0.6777089920781241
id20674,0.7919272560789015,0.02549042450716463,0.1825823194139339
id13297,0.9051753044690588,0.09328148766210652,0.0015432078688346607
id08076,0.9718451787977441,0.002737276704035075,0.025417544498220725
id10493,0.13246743635909303,8.275308240838262e-05,0.8674498105584986
id19450,0.9999927051255079,3.6967060701852045e-06,3.5981684219519153e-06
id21746,0.9972941089099282,0.0026820662626482576,2.3824827423646025e-05
id22034,0.007057917455925198,1.0102156203638815e-05,0.9929319803878711
id05074,0.9524541099857724,0.0376945947452802,0.009851295268947386
id07348,0.13713079908190115,0.002806429714823903,0.8600627712032749
id01308,0.8073910488169055,0.19182249717457034,0.0007864540085241393
id06705,0.04161747307021309,0.006495655599371348,0.9518868713304156
id21444,0.9574451341301508,0.00045020571655921595,0.04210466015329015
id12010,0.0004992528118838365,0.99948415180569,1.65953824262498e-05
id19949,0.011716224121473195,0.9828336297278002,0.005450146150726563
id01125,0.8972041278583867,9.77707418664134e-05,0.1026981013997469
id20380,0.7676215522924996,0.00011015649886688245,0.23226829120863335
id04880,0.9570002914467326,0.04299963460396152,7.39493058926406e-08
id10095,0.0023684267577332354,0.996642786569483,0.000988786672783802
id01379,0.16596127276587597,0.8337435054136667,0.0002952218204572365
id11651,0.9959566052577034,0.0039617738630165125,8.162087928013746e-05
id24870,0.00015870514261225876,0.9998335248376485,7.770019739214085e-06
id11307,0.08763929234508017,0.1458641390621702,0.7664965685927497
id00731,4.564344366674561e-07,0.9999995435267489,3.881438307958258e-11
id18806,0.9865288403827498,0.001993779697105025,0.0114773799201452
id16899,0.08360106499203929,0.8869876772295802,0.029411257778380412
id12522,0.03640565907600653,0.9305338680169701,0.033060472907023256
id20119,0.9996389701222584,0.0002750187568220472,8.601112091950064e-05
id26937,0.018877304902639683,0.9798965622780328,0.0012261328193275726
id27439,0.02433925566573099,0.9702236140964444,0.005437130237824468
id27579,0.42082934057167143,0.0015642065892200467,0.5776064528391085
id13459,0.9988306896816732,0.0008785766759265988,0.0002907336424002074
id11534,0.6815230296450338,0.016112079156415375,0.3023648911985509
id19984,4.003221460996132e-07,0.9999995810220591,1.8655794778292368e-08
id06404,0.9477500353680854,0.04513906776173084,0.00711089687018377
id23309,0.020243797655133105,0.6342421780316847,0.3455140243131822
id19314,0.02315030324968027,0.9276319168043261,0.04921777994599364
id13300,0.026792541328728107,0.9320247823732922,0.04118267629797971
id09562,0.08797143803342437,0.16616953909673166,0.745859022869844
id08036,0.058870119638888385,0.9351577067011995,0.005972173659912192
id03683,0.42783398470285045,0.021266675802415806,0.5508993394947338
id04784,0.9685775511481004,0.026849348945235593,0.004573099906664041
id08715,4.974454136638545e-05,2.1380727516511378e-05,0.999928874731117
id08479,0.9991442124987312,0.0006696068603698867,0.00018618064089892015
id18360,0.9474883937822023,0.0009567131063463309,0.05155489311145141
id26170,0.009892963879861943,0.978921917989664,0.01118511813047411
id20424,0.9051185549778925,0.0005548374362527817,0.09432660758585477
id10361,0.9530578546895299,0.03325940365029656,0.013682741660173688
id02335,0.06336820164686575,0.44900774710611,0.4876240512470243
id18664,0.05777986284638108,0.00786148889190364,0.9343586482617153
id11480,0.23369278385991019,0.0260892850506077,0.7402179310894821
id13229,0.0002462382161580351,0.0050140238526779615,0.994739737931164
id19658,0.014894432496641978,0.10804248050663687,0.8770630869967212
id01421,0.9342793148892221,0.0005229985655180699,0.0651976865452598
id26050,0.059841443977715326,0.6707649936149547,0.2693935624073301
id27136,0.8939844762917989,0.07499199379880948,0.031023529909391574
id14688,0.6065902863274741,0.31672600482612995,0.0766837088463959
id24936,0.9850338288169238,0.0001936416988288062,0.014772529484247282
id09776,0.0931072411255944,0.889973813618202,0.016918945256203494
id14765,0.11636789893806111,0.003940992248688893,0.8796911088132501
id06704,0.1595944551977536,0.020853899320280644,0.8195516454819658
id06961,0.0007992423571755901,0.019347081236259323,0.9798536764065651
id12725,0.44301121133521226,0.3763589492092992,0.1806298394554886
id27875,0.018349442584387338,0.008089699089141358,0.9735608583264712
id20750,0.0034866467238728084,0.002217819284741226,0.9942955339913859
id19081,0.2712993576003235,0.05091510574970953,0.6777855366499671
id05773,0.005404608008952688,0.003565366642312577,0.9910300253487347
id04241,0.32839621044807027,0.17600138197921314,0.4956024075727166
id24438,4.138069429683427e-05,0.9999103733910484,4.824591465475058e-05
id09353,0.9993754997190761,0.0005849660511272971,3.9534229796509266e-05
id19446,0.0010185063336446106,0.9986332397123856,0.00034825395396971494
id20203,0.00018324366591454053,0.0011223311747083704,0.9986944251593771
id07711,0.24952551668700335,0.6537561774201621,0.0967183058928346
id15758,0.698715203767441,0.02017816329338047,0.28110663293917854
id17665,0.0519881671500359,0.4314734149377173,0.5165384179122469
id14167,0.30144156892557417,0.002043414142802561,0.6965150169316233
id00687,0.17958711823948606,0.08142967102892755,0.7389832107315863
id00735,0.0206739503197575,0.005920820520879021,0.9734052291593634
id26443,0.036336573015908764,0.005698370191879245,0.9579650567922119
id15242,0.8317028940064959,0.16069269636849312,0.00760440962501092
id13474,7.624047495620836e-05,0.9998777637458762,4.599577916748193e-05
id04409,0.8109423377828858,0.15885847817931187,0.03019918403780229
id19438,0.06195058022905502,0.10068510456737399,0.837364315203571
id04101,0.0015708057332837362,0.4536461187259185,0.5447830755407979
id26992,0.6269371839156951,0.3554258773250024,0.017636938759302483
id14645,0.020831223817641947,0.979145280857937,2.349532442104445e-05
id26429,0.2710005996053115,0.40170473520741234,0.3272946651872762
id05710,0.9572774231388897,0.004430513790223396,0.03829206307088689
id07474,0.0001352595612262538,0.00046676535005268053,0.9993979750887211
id21067,0.195190571668933,0.01049864656769243,0.7943107817633747
id20264,0.2551727783949108,0.6347401361501087,0.11008708545498062
id04991,0.11075783920068956,0.001045356649521646,0.8881968041497889
id07054,0.12508131602711145,0.0006867598965197989,0.8742319240763687
id14413,0.06375818684821592,0.009036838539628809,0.9272049746121553
id21861,0.0001971477350448696,6.420532063257627e-05,0.9997386469443225
id12933,0.0006573221887626905,0.9990906662263392,0.00025201158489809405
id08074,0.004097953442393776,3.966754002526876e-05,0.9958623790175809
id03176,0.8185417515785939,0.030468636809541046,0.15098961161186508
id15239,0.12519305764362182,0.00019074863982052262,0.8746161937165576
id05322,0.05041203727876973,0.9491697863692234,0.000418176352006789
id25957,6.964143065603987e-06,7.384345259945352e-06,0.9999856515116744
id22789,7.498173393762002e-05,3.2797598035481626e-07,0.999924690290082
id03435,0.014025844839627637,0.0001307602613425663,0.9858433948990298
id06122,2.542429975580736e-05,0.999942603184318,3.197251592615914e-05
id00869,0.5165547463477697,0.01985074803847439,0.463594505613756
id23400,0.0004929774756869195,0.9984960705447367,0.0010109519795764473
id08127,0.9990625482642698,0.0006148437616525169,0.00032260797407762985
id08856,0.00029450786752958306,6.652924363900899e-05,0.9996389628888315
id01919,0.007409793747133983,0.0435875015996067,0.9490027046532593
id22051,0.9080796423132853,0.079118651818964,0.01280170586775066
id19791,0.9998834328783399,7.08759513173704e-05,4.569117034275809e-05
id06679,0.5930927472323015,0.09268482220240751,0.31422243056529103
id25385,0.015711043939524216,0.9841974933993828,9.146266109303581e-05
id04313,0.00012556540689706116,0.00024176325616219205,0.9996326713369408
id01389,0.003193298494296194,0.9925747196208161,0.004231981884887751
id17264,0.12540583870212638,0.8313494730566138,0.04324468824125991
id23062,0.9980829074652532,0.0014459325870359713,0.00047115994771081994
id17008,0.007654716075297767,0.9914153571024307,0.000929926822271594
id04746,0.0008799484684187271,0.9990906289762168,2.9422555364532344e-05
id11487,9.360661743347482e-05,0.9999012118341728,5.181548393684194e-06
id02111,0.952467059414087,0.025975365423060767,0.021557575162852168
id08911,0.9917679835727294,0.007904499204466967,0.0003275172228036092
id00845,0.744217492692882,0.03084004392746445,0.22494246337965362
id02409,0.5536351609156688,0.012749867817865489,0.4336149712664657
id20141,0.0021530979645432067,0.9976656669772023,0.0001812350582545193
id06353,0.96895203236089,0.002116047191289306,0.02893192044782071
id14766,0.0666669690139308,0.9331579506018346,0.0001750803842346562
id05294,0.008857179481801822,0.7527614019659252,0.23838141855227288
id12568,0.9019317619162804,0.08822235697108682,0.009845881112632777
id27571,0.00015599322117819525,0.9585551423127039,0.0412888644661179
id20377,0.9999874792646737,9.662543036989241e-06,2.8581922892762038e-06
id24340,0.9627105810544586,0.0216530420223958,0.015636376923145526
id05355,0.2998885472424877,0.05532915816624099,0.6447822945912713
id01246,0.012353594447860442,0.9872830055628213,0.0003633999893181808
id17173,0.9498643372009582,0.04242848909252937,0.007707173706512433
id16338,0.26250324102492645,0.020622303828259247,0.7168744551468144
id14712,0.041116285257442174,0.9578630883489029,0.0010206263936549137
id10590,0.32273366828574146,0.06795311293425448,0.6093132187800041
id13157,0.0035449199093981185,0.03689187499985079,0.959563205090751
id23915,0.982432195364347,0.00951095608085656,0.008056848554796435
id05903,0.8282443026930972,0.1630240476632797,0.008731649643623123
id03661,0.3783279944172285,0.1147762693240557,0.5068957362587159
id21177,0.998186760404028,0.0015525262041110126,0.00026071339186103503
id12025,0.2570972182789434,0.7260858834069236,0.016816898314133005
id14031,0.4741968919029512,0.5177170538848154,0.008086054212233374
id21299,2.4443173714082437e-06,6.782108699255945e-09,0.99999754890052
id00758,0.005367421167565333,0.00978661971018965,0.984845959122245
id25034,0.9590947184406208,0.0032414930842538663,0.037663788475125325
id01407,0.9910396163674146,6.449148732919411e-07,0.00895973871771218
id24205,0.03402849338578834,0.9655654317440991,0.0004060748701124711
id22350,0.9936715840117929,0.005788699052246433,0.0005397169359607564
id05983,0.037161481970413225,0.006874157952632771,0.9559643600769541
id23821,0.6632486250250305,0.10877342436092184,0.22797795061404774
id21960,0.0017470231236053387,0.28818753969533206,0.7100654371810626
id08108,0.9928349268966741,0.0011210108896360306,0.006044062213689815
id03232,0.038733069018181056,0.03381232794323113,0.9274546030385878
id12956,0.3629068132199279,0.00622238264389941,0.6308708041361727
id03217,0.0012648042538810913,0.9964417575985742,0.002293438147544705
id08955,0.00022500817375074514,0.9542633850179761,0.04551160680827313
id22567,0.9052868153838607,0.02330306208310875,0.07141012253303061
id20367,0.9123935717842673,0.07424368226600458,0.013362745949728175
id06319,0.7363581357946463,0.2389599391997787,0.02468192500557508
id14239,0.8563213728998479,0.0008950030409200094,0.14278362405923203
id05013,0.9735701130327099,0.002295546010046851,0.024134340957243153
id26491,0.00018909114323961132,0.9997469030544636,6.400580229688939e-05
id23540,0.7543766480113127,0.05097510568038513,0.19464824630830224
id25631,0.7863491061512701,0.0019277791468817532,0.211723114701848
id01591,0.8955314337169438,0.0347831638225364,0.06968540246051985
id01193,0.9976334401874378,0.002272267110727244,9.429270183488849e-05
id24819,0.013912086801268413,0.9227379397564743,0.06334997344225712
id08308,0.9865129714143817,0.0067897133687655565,0.006697315216852839
id27567,0.006132609397231483,0.0021075324964613066,0.9917598581063072
id12998,0.5907997880337441,0.008672090847671161,0.4005281211185847
id08315,0.1541765309301329,0.8318522414942211,0.013971227575646098
id16118,0.8304174108308334,0.0580002522408342,0.11158233692833237
id27505,0.026455839083767425,0.973408454637675,0.00013570627855753154
id08529,0.0031861606220378214,0.9761397713210869,0.020674068056875237
id20249,0.42887935906017616,0.20393612187135274,0.36718451906847105
id24343,0.3368602871326617,0.07296017473010975,0.5901795381372287
id03631,0.07828724780416836,0.8670280494439441,0.05468470275188742
id00349,0.18628034154051376,0.8114960863168396,0.0022235721426466476
id04969,0.018039981777321794,0.9733814556131736,0.008578562609504709
id11856,0.8657418043660378,0.024653986269762115,0.10960420936420018
id26020,0.9989749953315238,0.0010140779457831239,1.0926722693163624e-05
id07957,0.9990169736326201,0.0008133546084924492,0.0001696717588874835
id03899,0.9601030345329004,0.03602555404751061,0.003871411419589035
id14650,0.9990100458816099,0.00044848806350095675,0.0005414660548891659
id21807,0.5731921598106857,0.043615837010489274,0.3831920031788249
id21685,0.9999420046150158,5.7244465275395925e-05,7.509197087055137e-07
id06655,0.5525944662513503,0.4448980587290965,0.002507475019553171
id27764,0.9637334549138242,0.010743775917469013,0.025522769168706737
id02847,0.00697930289316347,0.9910094628795363,0.0020112342273001633
id07271,0.9798797574792261,0.001733810356678507,0.01838643216409541
id15978,0.9971605936585226,0.0005673936660360696,0.0022720126754413525
id12075,0.2837958305873829,0.020465896235062515,0.6957382731775547
id23611,0.9997586590637026,3.745083095632343e-05,0.00020389010534104267
id05191,0.49609870134827916,0.4994313541375181,0.004469944514202583
id04303,0.09151149169048355,0.0047789386980003285,0.9037095696115162
id12277,0.008345790948305603,0.0014983592378962902,0.9901558498137981
id15582,0.8287061470753008,0.16701469083302406,0.004279162091675276
id02917,0.9575537581716831,0.015314270194236044,0.027131971634080924
id25622,0.08739291436954857,0.2543330080540176,0.6582740775764339
id16495,0.07696757103082014,0.9214686288621364,0.0015638001070435099
id17839,0.0001963736685391475,5.207415743027677e-05,0.9997515521740306
id20373,0.032550764675972,0.9258036906609032,0.0416455446631249
id25342,0.9848124553711983,0.0012098112268007775,0.013977733402000956
id13518,0.8742262751008835,0.12055231123619932,0.0052214136629172144
id19958,0.9413063245149103,0.00035487299695159235,0.058338802488138164
id00228,0.9246619504017556,0.0658514222870679,0.009486627311176637
id00367,0.08063933397864874,0.15214351467672746,0.7672171513446238
id16274,0.0031327313046066152,0.9948612345697373,0.0020060341256561078
id27969,0.006973020439969735,0.9912098155308893,0.0018171640291411062
id18474,0.9144824892345277,0.07829111953702725,0.007226391228445006
id02892,1.3381109402529516e-07,0.9999997966702664,6.951863963001619e-08
id03838,0.012317228188336308,0.9876517702418027,3.100156986100348e-05
id08960,0.020717265391038544,0.9792460230627991,3.671154616239654e-05
id17320,0.00012249924901246593,0.43741080467624216,0.5624666960747454
id20922,0.0042424962174131935,0.0011227230725391086,0.9946347807100477
id17364,0.2485395582484856,0.020240731114298253,0.7312197106372161
id06523,0.9993431845332326,0.0006264608983851789,3.0354568382322678e-05
id16232,0.0694748740354712,0.9274352987944792,0.0030898271700494704
id01886,0.00016536477786296302,0.9998345800572139,5.516492297164573e-08
id18234,0.0005580121600062181,0.9994378451970334,4.142642960468603e-06
id26057,0.9867665925405472,0.001922460254301993,0.011310947205150803
id09436,0.19029082999754393,0.8090206362281706,0.0006885337742855968
id09543,0.0025144643165677825,0.9539904323270448,0.04349510335638742
id15732,0.7974828261339447,0.10433267766773027,0.09818449619832509
id22927,0.8295015112547293,0.1049872692450079,0.06551121950026288
id26551,0.017021639299339975,0.0003708601361673648,0.9826075005644928
id11126,0.7019395856261659,0.05019412981108975,0.24786628456274443
id02903,0.9851262538054399,0.013657625936471973,0.0012161202580879976
id24549,0.0004981895909558033,0.9990353383508616,0.0004664720581826311
id01618,0.0025824883702079,0.9429230813693164,0.05449443026047579
id22005,0.0055113899183585995,0.00013218432011105768,0.9943564257615304
id02603,3.603531845990099e-05,0.9997988592669746,0.0001651054145654468
id22118,0.9883748267882586,0.011566045398101063,5.912781364039613e-05
id24985,0.8642640299416285,0.06192473625244147,0.07381123380593006
id19044,0.9962399591575869,0.0031159531760841797,0.0006440876663290275
id03296,0.03663092846196265,0.9621053584564617,0.0012637130815756597
id17299,0.9887196441470532,0.006627996612662971,0.00465235924028395
id08251,0.9394385293806718,0.04045558987127206,0.02010588074805606
id05491,0.970760145814098,0.007334317354541075,0.021905536831360983
id17009,0.9953668163740108,0.003917574188242185,0.0007156094377469874
id07381,0.001054520346724663,0.978711407496305,0.02023407215697025
id07643,0.9075691510116495,0.08860222428165464,0.0038286247066959306
id24227,0.9990681511865234,0.00016985620734100016,0.0007619926061355997
id04099,0.8043388539035344,0.07268793806138464,0.12297320803508088
id11393,0.0003898772852906944,0.9992394132511865,0.0003707094635228834
id19396,0.0017059002051172327,0.9982916293389628,2.470455920044429e-06
id15362,0.9999600352221154,1.065695843387686e-05,2.930781945077256e-05
id00195,0.9662799200103064,0.0031584785991516876,0.030561601390541874
id02296,0.005539745213410545,0.0005407439244686527,0.9939195108621208
id27754,0.8847855232371643,0.11265340263190796,0.0025610741309277916
id16471,0.0006092693886719703,0.9985707376399989,0.0008199929713291492
id15237,0.06421879458400125,0.9338050236547916,0.001976181761207158
id10099,0.004564943891862147,0.9954190079246826,1.6048183455289737e-05
id21647,0.9370435898282357,0.01652236547368056,0.04643404469808387
id13571,0.0033298760972642534,0.9946714935483173,0.00199863035441852
id15137,2.2568377692748775e-05,0.9997353683768656,0.00024206324544169268
id10965,0.009655249385566073,0.12841143023988982,0.8619333203745441
id24918,1.2766591096770422e-09,0.9999999764483221,2.2275018784143304e-08
id01700,0.6685941242475433,0.017327148707994008,0.31407872704446277
id03901,0.013081663594512226,0.9869158100772666,2.5263282211399295e-06
id24411,0.039436362357525935,0.9532611788804906,0.0073024587619835825
id02597,0.11138616537991752,0.8852528756680188,0.003360958952063666
id07981,0.020026185914287998,0.00022201244640385247,0.9797518016393082
id07429,0.050250790192528386,0.01470757845935722,0.9350416313481144
id13354,0.760469277173604,0.23552153300972944,0.004009189816666525
id25693,0.9098322655972066,0.03811576701973255,0.0520519673830608
id11305,0.15003336425827304,0.126883806765663,0.723082828976064
id26634,0.9999986984177602,1.0439306815002772e-06,2.576515582814129e-07
id09180,0.9530303389710694,0.014177935427420383,0.03279172560151025
id19991,0.9945274319757916,2.366037991223748e-05,0.005448907644296127
id05497,0.20516950119701333,0.02970045727935211,0.7651300415236345
id08058,0.007334654211746159,0.8106842468810075,0.18198109890724642
id06612,0.06173510368046879,0.2103914902526518,0.7278734060668794
id22846,5.542216019042938e-05,0.9998727911119016,7.178672790786844e-05
id09588,0.977124303775909,0.01700812188046567,0.005867574343625367
id10337,0.04325299740653574,0.0003046591926899886,0.9564423434007744
id05744,0.9999254347887111,5.5509776852594724e-05,1.9055434436298706e-05
id19624,0.37709601541968274,0.6131312540286558,0.0097727305516615
id00939,0.0011969500414989451,0.9974076611940849,0.0013953887644162742
id24424,0.12239310994839543,0.25821466628076384,0.6193922237708407
id14406,0.11440152962949245,0.0015313369669923418,0.8840671334035153
id08961,0.1299360276476826,0.04343768409557508,0.8266262882567423
id27004,0.39256780785019707,0.000210599503196204,0.6072215926466068
id24072,0.38843083754493873,0.44441357569502676,0.16715558676003453
id23738,5.102996310070486e-05,0.9998995535808849,4.9416456014424615e-05
id13676,0.0042108250497071165,0.003875793940786545,0.9919133810095063
id19636,0.06390682118453171,0.006531886821362963,0.9295612919941054
id09466,0.9981595680201675,0.0015651105666567723,0.00027532141317574294
id04434,0.0034914721841475755,0.9963533227998445,0.00015520501600797056
id24016,0.017445160603445562,0.9728177299992039,0.009737109397350565
id09168,0.865948234093271,7.565349673639128e-05,0.13397611240999255
id24262,0.998350454860869,9.074663050145213e-05,0.0015587985086294872
id01441,0.8672928708749329,0.0023740335456153656,0.13033309557945172
id20170,0.06192502850598677,0.09675276298281578,0.8413222085111974
id02342,0.9277460937760752,0.0005770592171770629,0.07167684700674766
id23334,0.017670710692332434,0.9686944847232511,0.013634804584416469
id09262,0.9999887067237094,4.364055114369346e-06,6.929221176237017e-06
id17822,0.7636163813331597,0.21009767067137053,0.026285947995469877
id14466,0.0235166311915849,0.9756810555744879,0.0008023132339271069
id14319,0.7916071262246159,0.11743219082118,0.09096068295420401
id02387,0.9634510960533791,0.0017484163217519634,0.034800487624868884
id13617,0.9182566237533282,0.08150191891660905,0.00024145733006278246
id08025,0.9239053982989421,0.0741818837956466,0.0019127179054111577
id23364,0.057539601932334684,0.8566553577696482,0.08580504029801711
id01438,0.9332555012134123,0.00011491162529044488,0.06662958716129738
id05288,0.05829406955598247,0.9413023243369392,0.00040360610707844543
id24441,0.5406407850250292,0.3706324452986807,0.08872676967629012
id18048,0.2963805271793767,0.003248668401494039,0.7003708044191294
id27822,1.726382365472466e-05,0.9999370430850826,4.569309126268264e-05
id23906,0.800134854902479,0.03632584887068156,0.1635392962268395
id07059,0.0731141919694626,0.2857083066567432,0.6411775013737943
id08357,0.2886430390752182,0.43902677436291765,0.2723301865618641
id13619,0.0009816365813234008,0.003898463171658548,0.9951199002470181
id27086,0.0016345335134734305,0.998346401744257,1.9064742269427424e-05
id03789,0.9743456448038054,0.009318289575913227,0.016336065620281507
id00177,0.02648774234545498,0.00130602903269463,0.9722062286218504
id01552,0.9455775504843805,0.003510435922038255,0.05091201359358122
id03027,0.7252840906992913,0.12550758322674588,0.14920832607396278
id15841,9.691066039978335e-07,0.9999978637119016,1.1671814944517494e-06
id27214,0.02211096358999381,0.8535471364162918,0.12434189999371453
id14095,0.9877107355249052,0.00654939599739495,0.005739868477699892
id08434,1.7369357085597652e-05,0.9997280533837051,0.00025457725920932314
id05532,0.3774039276739369,0.0043572458895924605,0.6182388264364707
id06247,0.005473562813466502,0.9940745141987765,0.0004519229877571675
id09916,0.5731903621879701,0.3408900640039718,0.08591957380805798
id18651,0.9886672666284896,0.0034628057290542577,0.007869927642456226
id26324,0.09956854199922634,0.340138680372072,0.5602927776287018
id27363,0.12613292149326907,0.00022354843892870443,0.8736435300678023
id02302,0.018212264081874555,0.00021953386969137938,0.9815682020484341
id12845,0.10804734379152543,0.8606313954670718,0.03132126074140267
id20294,0.0009406322344756508,0.00781256207638247,0.9912468056891418
id04233,0.3678605432152109,0.026672997569207723,0.6054664592155814
id20000,0.00012620516092718572,0.9998712302885896,2.5645504832387676e-06
id02527,0.005643229270281218,7.092868694721203e-05,0.9942858420427716
id26763,2.22843581184578e-09,0.9999999727606711,2.5010893160365363e-08
id15763,9.964825131376269e-06,0.9999885398796565,1.495295212091865e-06
id10374,0.9897612798314458,0.008217176887175217,0.0020215432813788883
id00901,0.0019981901872416392,0.9965558103681293,0.001445999444629025
id22161,0.6926656293424173,0.13046534763060666,0.17686902302697613
id15200,0.9998854262165894,1.8290059514539035e-05,9.628372389600407e-05
id15430,0.05521436336588266,0.017690198731644936,0.9270954379024724
id27468,0.6994156909535955,0.02626125674515624,0.2743230523012483
id02378,0.07141169845211685,0.0004864290893125844,0.9281018724585706
id23250,0.9998521360082498,8.94607741498045e-05,5.840321760032489e-05
id18374,0.00048132039199210656,4.48359374562297e-06,0.9995141960142623
id01146,0.06916692469866496,0.922160686246275,0.008672389055060022
id24617,0.9759529458262518,0.01111190343374079,0.012935150740007307
id01754,5.771506825307046e-05,0.9998429012775303,9.938365421665753e-05
id11383,0.2208957156149231,0.3714947781104599,0.40760950627461706
id24713,0.20499198431301996,0.6808194461255852,0.11418856956139486
id26161,0.3206496135669727,0.6495696263553256,0.0297807600777018
id12466,0.6160266914075153,0.004019123553458702,0.379954185039026
id17409,0.9876659102310732,0.011832300288771998,0.0005017894801548684
id04066,0.7582575337679843,0.23884277153930983,0.002899694692705885
id16890,0.00018349147833319376,0.998458848233764,0.0013576602879029254
id03358,0.9488908913937733,0.04324409109650215,0.007865017509724563
id19133,0.989072181228143,0.0030927027145352015,0.00783511605732182
id07358,0.008253604433021795,0.9822412723197067,0.009505123247271513
id27773,0.028261661448067167,0.9716809739950678,5.736455686499613e-05
id10699,3.223245863803626e-05,0.9977673796947721,0.002200387846589926
id08693,0.9997889095207549,8.260818044587126e-05,0.00012848229879905556
id11944,0.0031430798234573093,0.9965426506634575,0.00031426951308526855
id02240,0.3275116195199899,0.6491304909061159,0.02335788957389428
id23124,0.858365544115755,0.04183311561470584,0.09980134026953921
id05465,0.09032193935257972,0.045530903844805834,0.8641471568026143
id15540,0.03690862400826264,0.9608010978947039,0.00229027809703339
id16715,8.309210827627777e-05,0.00024266345499671845,0.999674244436727
id12563,0.0008881263072603322,0.0030219481823127803,0.996089925510427
id00583,0.004123727540318104,0.09057629830302193,0.9052999741566601
id27730,0.09256775525248352,0.018448547935051178,0.8889836968124653
id00896,0.00033076791704079355,0.0123093057598198,0.9873599263231394
id15031,0.7369271530438841,0.24084269150151474,0.0222301554546012
id23271,0.003469789549756221,0.9603829562475223,0.03614725420272147
id17004,0.07170316357153704,0.03760430317279288,0.8906925332556701
id10247,0.07125625503690829,0.07522233492103841,0.8535214100420534
id12055,0.9852747093264277,0.003282085338451385,0.011443205335120816
id22719,0.8237442902670592,0.00034165145511866937,0.17591405827782214
id06891,1.543832779774944e-05,0.9999844044629101,1.5720929216243902e-07
id27281,0.9950321930114413,0.002075305800215294,0.0028925011883434385
id23104,0.9943570266605765,0.0021006322103245753,0.0035423411290989876
id14491,0.021741382903707394,0.9778254318594075,0.00043318523688508907
id24292,0.643372996013636,0.3302299173107332,0.02639708667563092
id15777,0.07314291374084145,0.04732569144912477,0.8795313948100338
id22522,0.0011355664074211476,0.00021064153074487515,0.998653792061834
id25136,0.0001291067526259554,0.9994976427809331,0.00037325046644079836
id17735,0.08025444160386881,0.9190044243679266,0.0007411340282044937
id18869,0.5412739903608897,0.05947536016191385,0.3992506494771964
id20815,0.001518959125335563,0.9983647912253666,0.00011624964929770033
id15238,0.7516016389462402,0.016148530331008142,0.23224983072275165
id24454,2.0234107154559896e-06,1.5429642679265947e-06,0.9999964336250167
id14402,0.0016824744894216185,0.0005492747477914824,0.997768250762787
id10985,0.9991962742309085,0.00010502982904797655,0.0006986959400434435
id12747,0.9985967904516617,2.4734924752291067e-05,0.0013784746235860651
id11581,0.4546487212612276,0.17418838923462063,0.37116288950415177
id07594,0.993842734517902,0.001969855889054298,0.004187409593043802
id08240,0.46517445049598777,0.5323952826333069,0.002430266870705316
id12773,0.0069783823706073885,0.9884624632547651,0.004559154374627488
id12838,0.5915629891571498,0.018292250802693612,0.3901447600401566
id23322,0.012256807914220593,0.9856562203458931,0.0020869717398863375
id22344,0.9417872932625801,0.022143599427254662,0.03606910731016521
id12881,0.7316894508969931,0.20565147232455647,0.06265907677845034
id20147,0.001148613957265389,0.00017928293273871708,0.9986721031099959
id13261,0.38311228710372414,0.6145415471804807,0.0023461657157951145
id01842,0.003429283993715994,6.660368959511202e-05,0.9965041123166889
id25884,0.9999174313532507,4.521620302433598e-05,3.7352443724894567e-05
id01643,0.6896975743354655,0.25608507434901373,0.054217351315520704
id26737,0.12443036768136909,0.8755191311511205,5.050116751052824e-05
id10558,0.034980287636620734,0.9404750732338916,0.024544639129487737
id20458,5.6561100477934644e-05,0.001073559383929959,0.9988698795155921
id23965,0.21574751046441795,0.6295474440318765,0.15470504550370562
id26758,0.9798077426669075,0.003529868487505941,0.01666238884558656
id27519,0.9887371231347347,0.0010031301409309551,0.010259746724334327
id20676,0.5124947378187151,0.47359822130593604,0.013907040875348727
id10536,0.9546921869715627,0.016265845615854282,0.02904196741258312
id12652,0.9904070497079026,0.00015924474021903947,0.009433705551878398
id00041,0.00030494820959086553,7.850783207049394e-05,0.9996165439583387
id16051,0.02072799916280739,0.16168538473330343,0.8175866161038893
id02396,0.009188558883258481,0.00012202219918855658,0.990689418917553
id00294,0.007165799200163599,0.000508188630142375,0.9923260121696941
id07695,0.8952416539512664,0.036026876403014864,0.0687314696457188
id12440,0.06552962409706545,0.9329429512397458,0.001527424663188808
id18373,0.336625223296065,0.646795140793824,0.016579635910110992
id16812,7.055649941686145e-06,0.9999919951401559,9.492099025207913e-07
id20901,0.0009415633730552861,0.9989808899849242,7.754664202048847e-05
id12076,0.0021260282866832386,0.00045832208151488007,0.9974156496318018
id19184,0.9997516036840959,1.4227960417336903e-05,0.0002341683554868083
id08937,0.019703322901921037,0.8594076836616182,0.1208889934364608
id08181,0.049969436729813486,0.605937399650759,0.3440931636194275
id10111,0.9938247511299124,0.003827126211222467,0.0023481226588650855
id24104,0.050661237449196664,0.9362049161065946,0.013133846444208674
id24837,0.11091830381752701,0.8614365712777374,0.02764512490473555
id15659,0.20541160772998104,0.03297141161129917,0.7616169806587197
id14673,0.6887679710403131,0.06124328724412932,0.24998874171555763
id22539,0.028816185234796173,0.025963762612898122,0.9452200521523056
id22413,0.8567274249667203,0.14250132880741123,0.0007712462258684266
id19433,0.1131948036726368,0.5031214004780705,0.38368379584929263
id11633,6.489325744064414e-05,5.652064995570338e-05,0.9998785860926036
id04727,0.008319337857103077,0.09782921253749655,0.8938514496054004
id26735,0.2717992974824699,0.6868346016565302,0.04136610086099988
id17167,0.0014297391435629785,0.998007492865724,0.0005627679907131206
id04188,0.005876740305641884,0.9940116233347209,0.00011163635963714314
id07861,0.757277141685516,0.24152769825846232,0.0011951600560215052
id05163,0.5742133185161218,0.0011805564605083484,0.4246061250233699
id14142,0.07181633380537289,0.7725433092693341,0.1556403569252931
id16011,0.9511441221904616,4.748249742631871e-05,0.04880839531211208
id24117,0.07052608506776874,0.9294660830954351,7.831836796174687e-06
id06439,0.09398264007882487,0.0099075560294532,0.8961098038917219
id06481,0.028867598082613365,0.006688277878911769,0.9644441240384749
id10069,0.9895454193061626,0.0012257726338598814,0.009228808059977608
id11204,0.2375109781682727,0.08233114893739812,0.6801578728943293
id15541,0.0010001751009603252,0.00021559369455626573,0.9987842312044835
id11872,0.008060849809430438,0.9876186275493196,0.004320522641249977
id21639,0.00468838235664835,0.9944150892402372,0.0008965284031144227
id19801,0.0017180010667470587,0.00010419545281802051,0.9981778034804349
id15798,0.43745209346995745,0.4826134739530324,0.07993443257701018
id18282,1.9764715912419847e-05,9.91332680833978e-07,0.9999792439514068
id27107,0.4066086753166327,0.006270091113282895,0.5871212335700844
id23052,0.9999148538755466,1.595506405682065e-05,6.919106039657924e-05
id19129,0.002452613000676284,0.9927827832256201,0.004764603773703729
id08088,0.19594462658701947,0.7838344867120954,0.020220886700885152
id26398,0.9952239837381476,0.00034597748093214195,0.004430038780920319
id06010,0.5301384557898566,0.12278921541634248,0.34707232879380095
id24813,0.9998606392786004,7.214438020577411e-05,6.721634119389065e-05
id27399,0.3254721196576471,0.15468239795185645,0.5198454823904964
id15776,0.9928824318442634,0.005017258997255115,0.002100309158481472
id25955,9.409978995719769e-06,9.475037689037861e-06,0.9999811149833152
id19866,0.17352662443289468,0.8210566075464056,0.005416768020699768
id00804,4.4284215829496885e-05,2.3252689934013183e-05,0.9999324630942364
id03140,0.9730774603125262,0.006207090002277323,0.02071544968519649
id21261,0.31612942870466865,0.01795143593320866,0.6659191353621227
id11754,0.9999858064122793,1.0125241864773562e-05,4.068345856019453e-06
id07880,0.9931127285984955,0.000735568282035147,0.006151703119469379
id25080,0.0696016656497314,0.6299720575428213,0.3004262768074473
id09317,0.6899278804919786,0.27676207725049556,0.03331004225752577
id15488,0.7522691624060991,0.24363154052458194,0.004099297069319016
id19606,0.9318973014009331,0.027952695086786456,0.04015000351228058
id14247,0.037937580378620106,0.0010138801341234526,0.9610485394872564
id21692,0.6471431930986814,0.11692246746158953,0.23593433943972913
id24843,0.7984920190948235,0.10170046962050422,0.09980751128467237
id11433,0.9457119764737424,0.014073831450132968,0.04021419207612467
id04705,8.906149638064458e-08,0.9999864205166571,1.3490421846481098e-05
id04583,0.008630422222988092,0.9901107786631859,0.001258799113826119
id21401,0.5684491415939308,0.0001663737454806371,0.43138448466058865
id20649,0.5615192653543349,0.3856082155341506,0.05287251911151447
id02631,0.487166697612242,0.506116923002731,0.006716379385027003
id19128,0.25689713024921434,0.7035629727047338,0.03953989704605188
id27401,0.048025009458793524,0.9519357651774197,3.9225363786732554e-05
id10015,0.8987609286790142,0.06961895397267752,0.031620117348308246
id09875,0.7441473154764432,0.25310404694161065,0.0027486375819462364
id07941,0.9996285648849325,0.00028355103318186133,8.788408188555656e-05
id00882,0.7929279795049453,0.03803716390777697,0.1690348565872777
id14143,0.948865121080201,0.013403153171987158,0.037731725747811695
id02713,0.001797102869415067,0.002509535056089457,0.9956933620744954
id16462,0.0008059659750980848,0.6573146519359137,0.3418793820889883
id08522,0.94252504381118,0.033464431609863274,0.024010524578956804
id07181,0.00047418550002851215,0.9994838283719621,4.198612800933378e-05
id20918,0.0004517910465646716,2.0200170186055576e-05,0.9995280087832493
id06178,0.000664192903293644,0.0017444406827054452,0.9975913664140009
id08857,0.5951662097377085,0.39833013622850266,0.006503654033788823
id23193,0.9831922081268147,0.0007898191579074345,0.016017972715277808
id19651,0.9999981010252198,1.8400295697957286e-06,5.8945210343266544e-08
id09135,0.01002701395722847,0.00044298260793396475,0.9895300034348377
id16416,0.010414220420741426,0.9282182172910098,0.06136756228824876
id03990,0.9922722345310846,0.0015198185942948855,0.00620794687462054
id09922,0.023890500375494114,0.026957908705738696,0.9491515909187672
id17688,0.5565048018740544,0.1163644740118938,0.3271307241140518
id05846,0.7097799284507972,0.1000526353526337,0.1901674361965691
id22599,3.513450014858616e-06,0.9999964528590982,3.369088695196441e-08
id15087,0.707360951539792,0.2880307178754902,0.004608330584717874
id14711,0.003220307437383635,0.06988898200342601,0.9268907105591904
id09969,0.006565681584900752,0.9934291572484419,5.1611666573761185e-06
id21377,0.0007931989463637193,0.0001259873102966923,0.9990808137433396
id25247,0.08364244540828404,0.7398430186346254,0.17651453595709055
id23590,0.2039740823008855,0.7958835552414307,0.0001423624576838262
id21390,0.052730384857829146,0.08631359497336061,0.8609560201688103
id21176,0.18522511836033614,0.5920168286174519,0.22275805302221205
id27310,0.8807761124381114,0.030008315596639662,0.089215571965249
id03802,0.044218991749203865,0.0011529297546955333,0.9546280784961007
id19012,0.9996487212676267,0.00011514940470663519,0.00023612932766670046
id02414,0.0025937551186593533,0.0010011085285405123,0.9964051363528001
id21814,0.3934111177236274,0.011317276051877975,0.5952716062244946
id00247,0.9862307774671318,0.009735092834308812,0.004034129698559295
id24584,0.9999683437914217,3.0460251748150954e-05,1.195956830202454e-06
id01109,0.26343558217954566,0.02146686530172989,0.7150975525187245
id07953,0.9837788127398664,1.5543326744181974e-05,0.01620564393338943
id02030,0.47072232177436685,0.22724246543950544,0.3020352127861277
id23912,0.34048590085044034,0.15456610614248217,0.5049479930070775
id13856,0.49022220575844233,0.0368934826388448,0.47288431160271294
id18661,0.009500907709421911,0.9903990553956712,0.00010003689490686701
id16595,0.007150635960035316,0.010767067689590248,0.9820822963503745
id11387,0.0003735261141745501,0.028722909086409964,0.9709035647994155
id12489,0.011655232372360772,0.021548597495865126,0.9667961701317742
id26079,0.9938096902742627,0.005951917935485266,0.00023839179025209213
id05553,0.5896024120943313,0.40044687899834835,0.009950708907320303
id09596,0.9752803868319729,0.022428875465388836,0.0022907377026383023
id23663,0.001292596393051174,0.998484939714894,0.00022246389205489648
id25726,0.5824477670349313,0.006629205212604848,0.41092302775246387
id18105,0.030447815660521984,0.010985905358048489,0.9585662789814295
id23249,0.05208157204355696,0.9021130448408993,0.0458053831155437
id19756,0.0026770083978686536,3.139885416400035e-05,0.9972915927479673
id23981,0.002880245394997982,0.9869907787279865,0.010128975877015648
id11521,0.05980249492484058,0.00021407477863713727,0.9399834302965223
id17449,0.002025769094531634,0.0001293057493046343,0.9978449251561637
id15479,0.9735896918594102,0.00994306084287494,0.016467247297714722
id13555,9.642620895486885e-06,5.025362872077663e-06,0.9999853320162325
id01520,0.7490331943863707,0.004443275802439183,0.24652352981119002
id03093,0.8822736120255043,0.015626523334670534,0.10209986463982523
id09992,0.7883213851500108,0.13950938179319175,0.07216923305679751
id06668,0.6109732987001454,0.38000684332509,0.009019857974764662
id19568,0.4743795689221167,0.1504304159488776,0.3751900151290058
id17963,0.5285424472408072,0.13663356257565518,0.33482399018353753
id04142,0.7000706973464451,0.20184902637183913,0.09808027628171573
id24508,0.010021814161346414,0.003237130082148856,0.9867410557565048
id10791,0.6828713015116622,0.02947683053725504,0.28765186795108283
id01228,0.06569776314119012,0.02068816476192161,0.9136140720968883
id24879,0.9643944839979034,0.00691375250480526,0.028691763497291307
id19795,0.4612585530985609,0.36644244225374556,0.1722990046476936
id02488,0.07031187362796881,0.036648795282555255,0.893039331089476
id10204,0.47568424431290074,0.10815915803580123,0.4161565976512981
id20878,0.9615660876696106,0.006799181673163553,0.031634730657225926
id10163,0.027292212012818323,0.0003411618869025307,0.9723666261002792
id26439,0.8060315272984327,0.010636516325736733,0.18333195637583055
id06268,0.8445668310601151,0.15538706302259075,4.610591729419802e-05
id05530,8.397565758630286e-08,9.658731085679936e-09,0.9999999063656114
id15914,0.0038992995877289234,0.9923137070207991,0.003786993391471937
id21656,0.4943162827150816,0.37442938241506285,0.13125433486985555
id16473,0.011718596663978488,0.9875453250230024,0.0007360783130191557
id11262,2.151739175157549e-08,8.668045889025479e-09,0.9999999698145624
id15332,0.006287029924734134,0.0008191184404256786,0.9928938516348402
id01765,4.706292811611139e-06,6.692822000194796e-07,0.9999946244249883
id12527,0.9761242042268914,0.010432330406121435,0.013443465366987215
id16877,0.000414030710209734,1.896711059103364e-06,0.999584072578731
id19105,0.5300282101756529,0.4019524398000491,0.06801935002429811
id19533,0.9969350236640419,0.0012037038924990998,0.001861272443459031
id27557,0.020182942170510414,0.978826083760751,0.0009909740687385504
id19487,0.004844261141294952,0.026059435020542965,0.9690963038381621
id25958,0.01338981282016882,0.042346717241117986,0.9442634699387132
id22331,0.962531080686236,0.0003172826327336619,0.0371516366810303
id13674,0.8831106176064353,0.11447383658312053,0.002415545810444227
id04688,0.9999928262971445,4.088529577923722e-06,3.085173277594453e-06
id25663,9.500676340446402e-05,4.8441478860704676e-05,0.9998565517577348
id00344,0.00273322460827336,0.9970054559415512,0.00026131945017537656
id11323,0.9953748723046678,0.004135401150543263,0.0004897265447889332
id18670,0.8556488553643575,0.1432270397476048,0.0011241048880376678
id23811,0.9671165724916682,0.001740698464648793,0.031142729043683193
id27702,0.9780543118388703,0.020828517999697538,0.0011171701614322374
id09979,0.994628511501939,0.0008076365902284512,0.004563851907832674
id25040,0.00019787575181132828,0.9997887888570912,1.3335391097478291e-05
id00083,0.9864370307319879,0.013553263391451402,9.705876560823893e-06
id19751,0.9982378869203561,0.0008235618232926785,0.0009385512563512503
id19385,0.020221301848090952,0.022219904039870477,0.9575587941120386
id22498,0.9552735410365562,0.041112861460911525,0.0036135975025323517
id20381,0.9637950084819203,0.015685204743176636,0.02051978677490308
id00428,0.00096317149438733,2.0974691517898478e-05,0.9990158538140947
id26942,0.0002516246755383908,0.9408376047236294,0.05891077060083209
id10242,0.6839308454662886,0.08577027097737194,0.2302988835563395
id08136,0.0011389484972734116,0.002431866779948039,0.9964291847227785
id00055,2.0171390563203722e-08,1.545141978918357e-06,0.9999984346866304
id15243,0.03219686288656094,0.14454700727455286,0.8232561298388862
id13954,0.9766957178472577,0.006333172891359703,0.01697110926138259
id26797,0.994125886176904,2.8465168256866934e-07,0.005873829171413405
id11384,0.0020124608180939097,0.9394019178334276,0.05858562134847837
id07965,0.45081808990116345,0.12595064280294863,0.42323126729588795
id19311,0.5834021955973505,0.17218612509046996,0.24441167931217944
id08841,0.9739171869223006,0.025662643849354325,0.0004201692283450969
id14884,0.9422270115508338,0.01662340507570862,0.04114958337345763
id10859,0.8462529850776372,0.002152953009297044,0.15159406191306574
id10460,0.5044128455153887,0.4886680324539658,0.0069191220306454295
id25236,0.4080512057537239,0.041836626769522774,0.5501121674767534
id19325,0.0016872184708547826,0.9981380697080241,0.00017471182112114737
id03265,0.01668132189697541,0.9444288786167205,0.03888979948630411
id08636,0.0013441131762364114,0.9953709313697956,0.0032849554539680415
id11848,0.009166183172793517,0.9783122336038843,0.012521583223322232
id20945,0.8139095253769882,0.014173152573541957,0.17191732204946994
id04971,0.9718580758337955,0.02242475727524566,0.005717166890959
id08496,0.8871919843727293,0.10277943963800378,0.010028575989267029
id23091,0.04098055287317325,0.004706527641160825,0.9543129194856659
id06654,0.03481667698461313,0.882658524118592,0.08252479889679483
id10002,0.9464381238765831,0.05347230018584209,8.957593757487381e-05
id16426,0.8983736295349383,0.05284432910637226,0.04878204135868946
id12285,2.167856274827356e-05,0.9999759084748249,2.412962426865849e-06
id18466,0.9992891366294283,0.0006858819195132502,2.4981451058449116e-05
id27110,0.9997274496724019,3.032376998065509e-05,0.0002422265576174377
id07502,0.8095346469025217,0.09821554653810942,0.09224980655936892
id02890,0.47568746404042206,0.4824910786140958,0.04182145734548219
id19800,0.10137894046349369,0.8970963841438405,0.0015246753926657366
id19162,0.9084477080907492,0.07337406686300363,0.01817822504624717
id23696,0.9616529361833184,0.032481815369046915,0.005865248447634696
id25580,0.9952762794939674,0.0037256215586524526,0.0009980989473802465
id09671,0.2585442524573377,0.7279465152244247,0.0135092323182376
id21501,7.35332972171544e-05,0.9998490537829794,7.741291980343154e-05
id23983,0.0002704662109423461,0.013706345254600526,0.986023188534457
id15163,0.0011368954280135664,0.7676998349515206,0.23116326962046588
id03351,0.0002555011306517292,0.9847149803334504,0.015029518535897842
id07575,0.00498667003689408,0.9927059743046777,0.0023073556584282577
id12149,0.24375017040420507,0.26168230627475514,0.4945675233210398
id10262,0.002559474829598606,0.9945120246089462,0.0029285005614552713
id20055,0.002730633924257893,0.9970121308931208,0.00025723518262129073
id16660,0.9984725185552514,0.00020262446654952117,0.0013248569781990566
id03200,0.13663793779381134,0.8016376791843096,0.061724383021879006
id19508,0.23809361807450752,0.03497730558190094,0.7269290763435916
id03793,0.0002084763116549002,0.9997688350937327,2.2688594612422726e-05
id19882,0.023871508451466822,0.667191374747929,0.30893711680060415
id16261,0.8375706667408324,0.1623138807263399,0.00011545253282773677
id22519,0.0005282128005618059,0.039956431273163145,0.959515355926275
id24023,0.006636810235400113,0.9878425992768218,0.0055205904877781466
id04432,0.7253702049846873,0.18101998944615072,0.09360980556916201
id06228,0.9948200391156545,0.00030633250337402777,0.004873628380971507
id20655,0.5222800723472188,0.0004744615129689808,0.4772454661398122
id10603,0.16297817653499821,0.8303244774489813,0.006697346016020535
id05162,0.9948383074910035,0.004408312052653796,0.0007533804563426534
id18462,0.01922299646421745,0.03878943970274359,0.941987563833039
id10034,0.006272845895750747,0.9936650389794279,6.211512482137964e-05
id20090,4.0130690121611655e-05,4.715873503897606e-05,0.9999127105748394
id10966,0.02823366746223688,0.001118312790228953,0.9706480197475341
id10696,5.252363550007923e-06,0.9999705971266865,2.4150509763586897e-05
id01326,0.5307551678281175,0.04762755233610094,0.4216172798357816
id03613,0.05875802450836748,0.9410899037391436,0.00015207175248902502
id01794,0.9286562435499762,0.02409344295573436,0.04725031349428954
id26181,0.0006806283281073933,5.780901683929226e-05,0.9992615626550533
id27587,0.8020949439882902,0.19789250534105995,1.2550670649891212e-05
id08364,0.9923843366477584,0.005839829626331062,0.0017758337259105598
id24179,0.9695297389275703,0.014196311746157765,0.01627394932627193
id02284,0.9894924619533354,0.004770058849966804,0.005737479196697765
id10671,0.9982584113136197,0.0007912888847403456,0.0009502998016399763
id08252,0.43927317323777093,0.2608631370651882,0.2998636896970408
id15951,0.6204784978352053,0.06327713596227698,0.31624436620251767
id21864,0.005959400920482892,0.00200064427923552,0.9920399548002816
id04453,2.729247030703438e-05,0.9999626730786122,1.0034451080750439e-05
id12771,0.03577683903636962,0.10873607077862965,0.8554870901850008
id09751,0.4792611212709687,0.055923849862477955,0.46481502886655335
id10572,0.8077692918510847,0.18804390740834315,0.004186800740572044
id13036,3.1951190615121804e-05,0.0005111435699644559,0.9994569052394204
id00112,0.12992506281640262,0.11365146243734138,0.756423474746256
id13299,0.003542623045294189,0.18148890647539104,0.8149684704793149
id00858,0.0667680648276437,0.0022973171518313852,0.9309346180205249
id08297,0.0032961616068677476,0.9966756814010804,2.8156992051800635e-05
id11005,0.011626810449411853,0.13874726781920424,0.849625921731384
id25101,0.004152748711462374,0.9877646598473754,0.00808259144116214
id26150,0.9947867604400141,0.00463404569198215,0.0005791938680036507
id13836,0.9997726777210898,0.00012477276291620484,0.0001025495159940501
id07352,0.05849391971922385,0.8109757959537961,0.13053028432698002
id08883,0.6280870958249072,0.0049594284403158394,0.36695347573477705
id09328,0.03788604532958637,0.8360969977606477,0.1260169569097659
id03934,0.0033997775063200624,0.2948847382068076,0.7017154842868724
id14064,2.098851994788805e-05,0.9997650013120535,0.00021401016799862374
id06643,0.7869730989439737,0.0015759693580700103,0.21145093169795623
id21558,0.9804449726431071,0.017348142108778348,0.0022068852481145727
id17053,0.41851472907356607,0.011951446835458849,0.5695338240909751
id06434,0.10220937504633534,0.0728904378652716,0.8249001870883931
id16616,0.008896736080618863,0.0008450465093892512,0.990258217409992
id03306,0.6170460651157104,0.01361697256469551,0.36933696231959423
id07375,7.628337534310936e-05,0.9800248123586665,0.019898904265990343
id07934,0.0028189976066867644,7.66961450838517e-05,0.9971043062482294
id02202,0.7257900701651124,0.0011223755333867678,0.2730875543015008
id03667,0.6542218154219152,0.0009920791385781241,0.3447861054395067
id27531,0.9192590090908778,0.07071738631751022,0.010023604591612056
id00608,1.1172716747579007e-05,0.9999505983079872,3.82289752653632e-05
id18141,0.05312419749649775,0.007059924737761759,0.9398158777657405
id00008,0.9999674346890907,2.2254500066107163e-05,1.0310810843234039e-05
id08845,0.5786930308089395,0.02463574479710563,0.39667122439395486
id16610,0.999989532928579,4.746704763438515e-06,5.720366657510118e-06
id07464,0.01559766333191012,0.005229630982400021,0.9791727056856899
id02189,0.9969007414004686,0.00028974614075754057,0.0028095124587739643
id17456,0.008280688520875473,0.06981159681996779,0.9219077146591568
id09421,0.09530355520356418,0.0777564964886207,0.8269399483078151
id12813,0.04552331768533225,0.06712170545500228,0.8873549768596655
id23428,0.0038518934150343566,0.007823727338222774,0.9883243792467429
id01358,0.9325674281411388,0.06728717009758702,0.00014540176127421004
id02737,0.0002044202361049507,0.9983099851626587,0.0014855946012364695
id27430,0.007938362184128456,0.011144773411047967,0.9809168644048236
id12857,0.0043749039468323515,0.9639414412194688,0.031683654833698824
id01905,0.000109324636915698,0.0006021794892083666,0.9992884958738759
id18314,0.9999337934061372,3.962695303868551e-05,2.6579640824168202e-05
id02216,0.9897438869669928,0.00043984743058412146,0.00981626560242314
id04034,7.03112318112364e-05,0.9999125683471064,1.7120421082367856e-05
id11461,0.003808426508938229,0.9961896449804069,1.9285106549648452e-06
id09397,0.01210649847078129,0.013490650474429029,0.9744028510547896
id25870,0.05116228924363972,0.9128759151918121,0.03596179556454805
id11653,0.7785715796198835,0.011519800429115542,0.20990861995100105
id10046,0.9951235691103864,0.0009565606883855823,0.003919870201228113
id27294,0.9994716405394157,0.0005281540155904481,2.054449938203819e-07
id09975,0.9998894932069606,7.032035469196522e-06,0.00010347475757017348
id09133,0.016561162471386094,0.0004815979569039792,0.9829572395717099
id08410,0.6378424689732783,0.014040664602851347,0.34811686642387035
id19062,0.18127455832371708,0.8127995465053147,0.005925895170968113
id26530,0.0010110087729714322,0.0002569036670095213,0.998732087560019
id09772,0.946665878590729,0.012985742703655935,0.040348378705615015
id10360,0.9904559568847218,0.004615845186512228,0.004928197928765978
id12530,0.007222859131740972,0.9912867486682593,0.0014903921999998555
id06013,0.009538883582367133,0.005797833198304653,0.9846632832193282
id10525,0.9555072932744968,0.011783002032305088,0.03270970469319811
id25934,0.051950881900704564,0.9472605235599998,0.0007885945392955512
id10624,0.9640819884956432,0.03474584199512223,0.0011721695092345237
id16000,0.00430219462385718,0.0004381409815548735,0.995259664394588
id01995,0.9763143640640048,0.00010037326674345763,0.023585262669251553
id26809,0.00014500400971542563,4.287524474079208e-07,0.9998545672378372
id06631,0.009158646856839942,0.9901644514646124,0.0006769016785476025
id23869,0.001171615723666171,0.040561229623275734,0.9582671546530581
id06357,0.035934179553584286,0.9522629290029743,0.01180289144344146
id02926,0.06291745306560391,0.0006645046129988715,0.9364180423213972
id14130,0.9983549535608512,0.0001050590273621113,0.0015399874117866079
id12672,0.08189056595613473,0.9164895399814899,0.0016198940623753312
id21593,0.9949913610777276,0.004454570698009889,0.0005540682242625605
id06089,7.173915958406861e-06,0.9999919368236214,8.892604202237862e-07
id09878,0.08356909234427254,0.011724325168410179,0.9047065824873174
id06940,0.0009658039071964434,0.9969690334744964,0.0020651626183072177
id11312,0.010087605094782152,0.9898819273855156,3.046751970226011e-05
id25039,0.16633848801485715,0.0031664151268088665,0.830495096858334
id25401,0.3849533603987349,0.40360154493216793,0.21144509466909714
id21772,0.12713667078282648,0.6049299464201496,0.267933382797024
id22915,0.013662981257070014,0.40366796636584384,0.5826690523770862
id01096,0.8894525120459067,0.0488761098840667,0.061671378070026595
id15071,0.0005705483178249817,0.9991208465584666,0.0003086051237085444
id01062,0.0012606134697939204,3.6964461785659378e-06,0.9987356900840274
id09059,0.0005060394369747347,0.9895766777216506,0.009917282841374664
id16954,0.8290783842576287,0.018543748362050215,0.1523778673803212
id11730,0.9404370077149549,0.03342213330032431,0.02614085898472076
id26294,0.012350956762408213,0.003968533935846592,0.9836805093017452
id00940,0.3456244851484807,0.5939072722549973,0.06046824259652204
id08422,0.5572610349394718,0.3042047654485501,0.13853419961197827
id14612,0.0021240888690914348,0.00046309203044954167,0.9974128191004591
id11545,0.7121313904937759,0.22676171703973327,0.06110689246649076
id24921,0.00409527742406011,0.001543188903576927,0.994361533672363
id18942,0.8679816500697062,0.0003919568979811324,0.13162639303231277
id23652,0.039240156550659454,0.8224489119300136,0.13831093151932702
id07261,0.4715715720881141,0.006705039203702074,0.5217233887081838
id11791,0.955985850703741,0.014050696033362314,0.029963453262896792
id07207,0.025192948113892288,0.20288325037091204,0.7719238015151957
id19774,0.9998481660747024,0.00014406796057027542,7.765964727348847e-06
id06049,0.9049686381117005,0.07660634625260439,0.018425015635695194
id13983,0.2642548897378145,0.003374882763553399,0.732370227498632
id27463,0.1770197862716297,0.00972003736694708,0.8132601763614232
id09046,0.0002233164308050235,0.5216982647413364,0.47807841882785856
id25994,0.0852545805433638,0.9129204674555017,0.0018249520011344264
id02689,0.06627227418180667,0.8881828085048858,0.04554491731330748
id14829,0.017703667087646292,0.9822891201316544,7.212780699365716e-06
id20759,0.001141720534163719,1.8001772694550756e-06,0.9988564792885668
id27848,0.9607717852928073,0.0025188314495555924,0.036709383257637215
id08225,0.0001900395965864423,3.497650473047632e-05,0.9997749838986831
id17637,0.028402369754283806,0.000360899544030738,0.9712367307016855
id15355,0.9913569225906863,0.0025246187364557464,0.0061184586728578755
id13448,0.12976004734012625,0.12158624280266374,0.74865370985721
id01981,0.050827404412927,0.8384427739810558,0.11072982160601719
id09107,0.2806677926757015,0.031297969783707226,0.6880342375405913
id20630,0.9577129176756792,0.04187488973582523,0.0004121925884955775
id10726,0.9370211127245077,0.06011762641413225,0.0028612608613601018
id03636,0.004063780450156437,0.04431156301865052,0.9516246565311931
id01736,0.2946468758157879,0.47231345650265755,0.23303966768155457
id23828,0.32851450406050065,0.657555562758255,0.013929933181244428
id27861,0.3439647083549659,0.04308718137125773,0.6129481102737764
id14983,0.9721044798204033,0.01724676874700252,0.010648751432594226
id04726,0.07754431284820215,0.2522846257700758,0.670171061381722
id03313,0.07654782209325313,0.0015441846331041389,0.9219079932736428
id21981,0.014042014075495124,0.9800660048711598,0.005891981053345111
id20082,0.870385591339371,0.1278441139940409,0.0017702946665879907
id03502,0.9848680414215564,0.0034919602467911293,0.01163999833165254
id04804,0.8402976244104431,0.03794670563835659,0.12175566995120037
id20635,0.047448736834769606,0.0006420593707577006,0.9519092037944726
id09564,0.8511504509734397,0.0926156085766112,0.05623394044994915
id01354,0.07126248230308266,0.9245585238246679,0.004178993872249539
id09441,0.03383610559137246,8.123441276004878e-05,0.9660826599958675
id07175,0.9684203434632733,0.006081204754816705,0.02549845178190993
id15544,0.38105605268015125,0.10278531359352841,0.5161586337263203
id25935,0.3311595841634323,0.4908230800288053,0.17801733580776238
id19230,0.42716180094533657,0.5723562474175973,0.00048195163706618913
id00718,0.11385806403858544,0.012748966381206255,0.8733929695802083
id00274,0.9994336662916965,0.0005648074138677148,1.52629443590536e-06
id16546,0.6086859704535268,0.37682107530806463,0.014492954238408571
id02136,1.308032066504262e-08,0.9999999654053443,2.1514334954933775e-08
id19618,0.034440736498585874,0.9369365607350062,0.028622702766407784
id00503,0.005982126919244504,0.0007727193695930259,0.9932451537111625
id11300,0.1339976780435457,0.8657200172104228,0.00028230474603157943
id21526,0.0013610523513422393,0.9986204186802526,1.8528968405120647e-05
id07300,0.003239260178762951,0.9964282985480555,0.0003324412731815954
id18782,0.026350066087441112,0.9712597303621691,0.0023902035503898856
id01883,0.07906236875512093,0.9116650161363913,0.009272615108487838
id25235,0.9767288553985233,0.01871207090217277,0.004559073699304026
id03747,0.0042277418674481525,0.007208091244616926,0.9885641668879349
id07155,0.8502241302808796,0.11444927511224692,0.03532659460687354
id00565,0.9999998534395319,1.4654704398777662e-07,1.3424176261642156e-11
id11232,0.9995990347647818,0.0003234604895437679,7.75047456743128e-05
id00722,0.013153509497187995,0.9412781317708464,0.04556835873196571
id19963,0.034582037770979235,0.2411981989959081,0.7242197632331127
id16866,0.9943070722114722,0.0032630299433877557,0.002429897845139959
id17280,0.01885726222654675,0.9809961016944025,0.00014663607905079598
id04309,0.6859035441715092,0.19068693682511126,0.12340951900337958
id23317,0.007562266852398327,0.9830156755750254,0.009422057572576166
id25757,0.0017856886852472473,0.9902786853245373,0.007935625990215514
id17088,0.011531457696783286,0.009087636307660293,0.9793809059955564
id19779,0.04542045430449851,0.0005303536500376976,0.9540491920454638
id26845,0.00896486182952972,0.9703896856039814,0.02064545256648891
id01923,0.7871608957345954,0.03136594880417989,0.1814731554612248
id09394,0.009682171271163208,0.7093869448343199,0.280930883894517
id25978,0.11401240633962091,0.10698957238172449,0.7789980212786546
id03898,0.0765389260577024,0.9231956179647114,0.00026545597758613536
id11967,0.11060978209892616,0.016456975415131348,0.8729332424859425
id14964,0.9929023211416312,0.00045463850474313134,0.006643040353625666
id06337,0.0011811600985039666,2.035459334881801e-05,0.9987984853081472
id26501,0.00036576496395370703,0.0037166815634828167,0.9959175534725635
id20513,0.9804371254381029,0.01862594386235466,0.0009369306995424832
id05044,0.9930007882453487,0.004658038594466929,0.002341173160184437
id07951,0.09487238296983529,0.0033692562679138375,0.9017583607622509
id14796,0.38656011264229423,0.20058723435164016,0.4128526530060656
id09780,0.028720656613698617,0.0032820615535216367,0.9679972818327798
id13597,0.9999817411528231,3.3308718041714505e-07,1.7925759996435307e-05
id26413,0.9996014950685495,0.0002141492065838154,0.00018435572486674666
id14007,9.714416035720176e-06,0.999984841210025,5.444373939393379e-06
id01799,0.3392230085222216,0.1452257428225293,0.5155512486552492
id24712,0.0018972606751508415,0.32591235327721424,0.6721903860476349
id13156,0.007945515273337075,0.16969874536025234,0.8223557393664106
id25468,0.003418522277487016,5.226795535420483e-05,0.9965292097671588
id25877,0.7068127851545286,0.011262011099094383,0.281925203746377
id22485,0.0007961168738470216,0.9992030730114371,8.101147159164364e-07
id09229,0.0006143492427805121,0.0004487333675415288,0.9989369173896779
id25687,0.8173554345994145,0.033810043444118115,0.1488345219564674
id12266,0.4946678429092029,0.39347471632796854,0.11185744076282866
id19723,0.9945826274835559,0.0024032814999813286,0.003014091016462826
id03536,0.9999999482010832,3.343539115086228e-08,1.836352570784297e-08
id24370,0.0003989174717206823,0.993722874523296,0.005878208004983284
id10745,6.496121932354478e-07,0.9999991861040826,1.6428372421408432e-07
id17620,0.9772914692503963,0.012780420936311501,0.009928109813292159
id16290,0.0017359405010619665,0.9977190510884832,0.0005450084104548954
id04325,0.5284857797109556,0.1843521024113822,0.28716211787766227
id23332,0.04230742681236423,0.00038881305767926594,0.9573037601299565
id15082,8.308312183510519e-05,0.9999107582691491,6.158609015748578e-06
id21581,0.0003183325602513792,0.003953604418895264,0.9957280630208533
id17460,0.9859100233736597,0.003735400397392276,0.010354576228947985
id17003,0.9779463359333306,0.007328967667699103,0.014724696398970403
id15193,7.272281939388675e-06,0.9997446127223059,0.0002481149957546246
id08389,0.011089309069400727,0.003503958143096067,0.9854067327875032
id19831,2.096653732911564e-05,7.636230871295583e-06,0.9999713972317996
id25627,0.006198492077694171,0.006259630040415803,0.9875418778818901
id14051,0.6133384441076958,0.0037786981314759317,0.38288285776082837
id00942,0.9891468659657222,0.001054848529675758,0.009798285504602095
id09184,0.0076160531226888385,0.9547167929094706,0.03766715396784054
id21762,0.9056030437841558,0.09350137466749826,0.0008955815483460083
id07390,0.8997667643127102,0.08729882189698752,0.01293441379030234
id25785,0.06942468328605567,0.8313724227548671,0.09920289395907729
id17567,0.03254502489573641,0.9639966459764514,0.0034583291278121554
id13118,0.0002801763289733394,0.9996079566262918,0.00011186704473491592
id17508,0.002694447725044992,2.6076114047319845e-05,0.9972794761609077
id21192,0.9303538729844336,0.0001933302303852681,0.06945279678518118
id27884,0.31177851252337,0.036662541427848125,0.6515589460487818
id08686,0.0005887556186065657,0.9700180976359412,0.029393146745452223
id01360,0.8985809710782681,0.10086500930003219,0.0005540196216997801
id13689,0.617558574139705,0.06958808633582965,0.31285333952446537
id01772,0.1892819963074208,0.02078695382281611,0.7899310498697631
id17507,0.002205515708191307,0.9956886630360234,0.0021058212557853095
id17644,0.8595252836412144,0.12658179364204086,0.013892922716744603
id00494,0.9650049282918138,0.03355068366452846,0.0014443880436577645
id09881,0.006342528392178741,0.9926233499587594,0.0010341216490618928
id02306,0.906781125240374,0.010624798102616611,0.08259407665700938
id06761,0.9940306263858408,0.005210711418472082,0.000758662195687177
id15045,0.13902482326526494,0.05921051595586745,0.8017646607788677
id05992,0.0488630289531802,4.997796097139448e-07,0.9511364712672101
id18245,0.8824321595255625,0.04350723698325356,0.07406060349118392
id01047,0.9673584499439484,0.006511235725894515,0.026130314330157212
id23601,0.0052072830716089315,0.0007094369997722259,0.9940832799286189
id13140,0.986639198417292,0.005100859714739216,0.008259941867968832
id05280,0.0018739481043366962,0.9763758831113954,0.021750168784267932
id03728,0.06507505793370463,0.018462916279479942,0.9164620257868155
id15626,0.9115389586107995,0.06220586548887182,0.02625517590032862
id03086,0.00013643945102011828,1.784124047898227e-05,0.9998457193085009
id27898,0.1650180430676424,0.7082319022229892,0.1267500547093685
id05891,0.9999386272264371,7.886051280440957e-08,6.129391305014139e-05
id02214,0.012288939472773649,0.031575063387689416,0.9561359971395369
id17274,0.9975031358547269,0.00216942640833686,0.00032743773693619737
id09359,0.9854988469224967,0.0016657039872107033,0.012835449090292703
id03320,0.9984550729049039,0.00013024458226489912,0.001414682512831289
id26061,0.9626280906086639,0.01104717322390162,0.026324736167434526
id02869,0.9940046149286736,0.0059718156780126635,2.356939331376573e-05
id21891,5.739810282373532e-10,0.9999999978151722,1.6108467910225529e-09
id06182,0.03963279642210996,0.8795296469273308,0.08083755665055933
id13429,7.417600674784347e-05,0.9999166278736801,9.196119572057555e-06
id15943,2.9719885057976585e-05,0.0010440414509781048,0.998926238663964
id13008,0.0816908169842132,0.9122941834539503,0.006014999561836484
id08587,0.8799119391471701,0.013157031522277691,0.10693102933055222
id03346,0.9776923596683845,0.02203258160489405,0.0002750587267214651
id02052,0.0870967499935025,0.3505416529042259,0.5623615971022716
id00916,0.06408511508053638,0.9297905150655059,0.0061243698539577085
id11093,0.34592848987304337,0.07494781822399195,0.5791236919029646
id15190,0.9973150125611878,0.00042586319939559754,0.0022591242394164376
id23076,0.7004848071901395,0.04494307654812586,0.2545721162617347
id25738,3.650482371427282e-05,0.9999524827347506,1.1012441535096509e-05
id21546,3.509777614455407e-08,7.607550586208551e-08,0.999999888826718
id17764,0.9946475869484759,0.00509214491082821,0.0002602681406959089
id11990,0.9371595890106261,0.06256656148399292,0.00027384950538094483
id21050,0.8564917800886205,0.10648674675379013,0.03702147315758947
id18324,0.28601400707655167,0.24419410870600858,0.46979188421743984
id20690,0.5797717699141077,0.09292965993058386,0.32729857015530844
id19799,0.008207593582849445,0.010917514685179026,0.9808748917319715
id12658,0.9651088735621312,0.03250669653841106,0.002384429899457741
id03781,0.20793928618475477,0.017207209916152634,0.7748535038990927
id04870,0.00016183729274996082,0.9924431609090382,0.007395001798211848
id20596,0.004355785562353721,0.9954100163147491,0.00023419812289705562
id26849,0.9963115829085034,0.0012890424490028941,0.0023993746424937124
id00600,0.040635573396395265,0.9537433338835828,0.005621092720021999
id11902,0.9885227943595174,0.010269749615198573,0.001207456025284067
id19219,0.9498511622910907,0.005806937625732633,0.0443419000831768
id14788,0.00040763384590192405,0.9995917556890717,6.104650264566936e-07
id22482,6.773600658152972e-05,0.9991763256849406,0.0007559383084779306
id15378,4.696857846610007e-06,0.9999952237291178,7.941303557830042e-08
id14696,3.626989089500759e-05,0.9999635188235535,2.1128555147866974e-07
id17359,0.36944949385152576,0.07469995290008115,0.5558505532483932
id16190,0.9082346310438146,0.08300623341292443,0.008759135543260896
id21285,0.9344190823223341,0.012387509431110976,0.053193408246554996
id06812,0.9251701572455586,0.06002561360855719,0.01480422914588419
id15579,4.713635177410561e-08,0.006660367226299174,0.993339585637349
id26672,0.9999639614555522,3.580233456990174e-05,2.3620987792369051e-07
id09842,0.017978012674861755,0.9488083427357563,0.033213644589381974
id06045,0.9559579501914132,0.04292453354750196,0.0011175162610849647
id21233,0.9992183532485216,0.00010423691276327888,0.000677409838715113
id16227,0.9922787183633753,0.0029815041053458976,0.004739777531278772
id17437,0.0251612015061707,0.34682837830786084,0.6280104201859685
id02309,0.9967283446570103,0.0032561941057362527,1.5461237253472548e-05
id18232,6.337442451965106e-05,0.0007188449027846028,0.9992177806726958
id23419,3.950079089348941e-10,1.3185735791580093e-12,0.9999999996036735
id11924,0.9998115601783844,1.4514897733638188e-05,0.0001739249238820173
id12263,0.9992724505977774,0.0004215774452912579,0.0003059719569313832
id16734,0.951373550628822,0.0009094930110244094,0.04771695636015352
id07989,0.9875165193396582,0.0029268876398070155,0.009556593020534843
id24633,0.012461381574654621,0.045527300788032174,0.9420113176373132
id19770,0.9593234269594181,0.0010682157082482617,0.039608357332333685
id05094,0.18581823694820043,0.019312706865553822,0.7948690561862458
id07252,0.8817502499410771,0.0581043828201928,0.06014536723873008
id12536,0.9902478008203929,0.00535909802626442,0.0043931011533426
id24324,0.9819857179723509,0.00975871013056224,0.008255571897086804
id25546,0.12780871319295747,0.03837694913871188,0.8338143376683306
id24732,0.9960063660983932,0.0009057295073772035,0.003087904394229625
id07280,0.04133106063516293,0.12365965285769866,0.8350092865071385
id23268,0.9724726900911087,0.011598186291554223,0.01592912361733716
id18050,0.010917538523475706,5.898280243943952e-05,0.9890234786740848
id19360,0.983283663439839,0.016600641164961474,0.00011569539519959646
id00456,0.10467153082295677,0.8940990306323853,0.0012294385446578726
id14069,0.043217299384695186,0.9561804816688119,0.0006022189464928233
id24965,0.0009766359794274044,0.9989054915110145,0.00011787250955802861
id13245,0.03493332395309621,0.015845884262072576,0.9492207917848312
id22515,8.559610223950033e-05,0.9998368912115595,7.751268620104865e-05
id11332,0.983400460470483,3.8796953313239295e-06,0.016595659834185716
id19876,0.002700177325881919,0.00024886797624693523,0.9970509546978712
id18315,0.9661236373897198,0.004626091291088076,0.02925027131919208
id05260,0.018559145288233967,0.971107472949056,0.010333381762709943
id14594,0.035212683847853345,0.964196021378647,0.0005912947734996445
id12867,0.91768518594912,0.08009992192868257,0.0022148921221974436
id05902,0.0024796622917988157,0.996864079591327,0.0006562581168741065
id06390,0.008829049668484756,0.0007259303009715384,0.9904450200305438
id06005,0.1304579613655498,0.817913615185194,0.051628423449256236
id24075,0.03972327619198586,0.15044874555205934,0.8098279782559549
id12630,0.2492284447680164,0.741579616902384,0.009191938329599686
id26378,2.6453002918628212e-05,0.00013548321517549108,0.9998380637819059
id05535,0.049198103457748464,0.7976582272016142,0.15314366934063733
id26702,3.8033101601171087e-06,7.949238292040998e-05,0.9999167043069195
id25209,0.2144855698871818,0.0352049073884376,0.7503095227243807
id19835,0.0001970220158281864,0.011505841625176476,0.9882971363589953
id09511,0.06231548072338036,0.9373086405631901,0.00037587871342966057
id27364,0.678150121854435,0.3180990884116333,0.0037507897339316212
id09695,0.9813997939701254,0.011310726645128161,0.007289479384746479
id16165,0.9654586262730783,0.02049042188753332,0.014050951839388355
id19503,0.0020695870914827796,0.001070383696678307,0.9968600292118389
id13511,0.006521636775862825,0.003928346100045676,0.9895500171240915
id18752,0.007878791379504358,0.0005566642435316186,0.9915645443769641
id18278,0.9730776069895212,0.026273077665700726,0.0006493153447780596
id27219,0.8792157037824149,0.07015236499218086,0.05063193122540423
id05454,0.0002240112209028975,0.9996586372191475,0.00011735155994963062
id12347,0.5210143926589058,0.06981902884567255,0.4091665784954216
id10397,0.842108471112155,0.08080145100476871,0.07709007788307631
id18543,0.8219723517575326,0.02519306505904416,0.15283458318342322
id05210,0.9328868159385261,0.06710574639503167,7.437666442234336e-06
id23141,0.0011261918990206233,0.9988432552146814,3.055288629799946e-05
id17139,0.992305750378285,0.007564180753037752,0.00013006886867723803
id21399,0.9959777761874901,0.0007279121654183237,0.0032943116470915395
id18728,0.9239842861364232,0.004825685165227396,0.07119002869834924
id12170,0.02160315870027482,0.9772201322919087,0.001176709007816302
id02225,0.0193203528705485,0.9677606575355641,0.012918989593887471
id27210,0.056127627807622045,0.9378031138630882,0.0060692583292897935
id01242,0.05643343474282142,0.012661229417551618,0.930905335839627
id16587,0.2311150740726495,0.08724184074952994,0.6816430851778206
id11144,0.021610286934750582,0.027840841876987234,0.9505488711882623
id13709,0.9877684181320107,0.004249078810133701,0.007982503057855528
id00841,0.00573345139274635,0.9929423398120149,0.001324208795238713
id09692,7.261151945118774e-07,3.848851191739486e-07,0.9999988889996864
id07635,0.9966940692539357,0.003230761773197062,7.516897286732772e-05
id11375,0.9878345362653963,0.005684619315118216,0.006480844419485439
id05703,0.8253805942072496,0.11415356633522533,0.06046583945752507
id02757,0.9980175768615137,0.0017753361784255293,0.00020708696006081713
id08216,0.03507927640147785,0.9578259831664774,0.007094740432044718
id09311,0.05226413068165633,0.09043969194965779,0.8572961773686859
id11169,0.8584493351818949,0.06901819817863744,0.07253246663946772
id23806,0.9986357881948904,1.2754043124107724e-05,0.0013514577619855497
id01253,0.3267206987189425,3.23408316180248e-05,0.6732469604494394
id27558,0.02705416697292788,0.9488820277669267,0.024063805260145562
id06695,0.9999987160524634,1.2139993034848887e-06,6.99482331582026e-08
id22654,0.0006495982454667737,0.9952724457338643,0.004077956020669
id16201,0.9779251182777294,3.435683015952542e-05,0.022040524892111047
id00873,0.7411855761394236,0.2527031009910659,0.006111322869510421
id07131,0.8439741105688479,0.12716236165783695,0.02886352777331523
id11454,0.059113375196039916,0.9176035743466788,0.02328305045728126
id19481,0.9988361125179919,0.0010363986088150663,0.0001274888731930163
id16409,0.4388726891300528,0.004907715314095179,0.5562195955558521
id01686,0.9934746620926226,0.005560426674586344,0.0009649112327910824
id24068,0.8970116826250082,0.03171233466571362,0.07127598270927821
id14825,0.9869387353082114,0.0021555329035449658,0.010905731788243554
id13611,0.9869786925990036,0.011762980775653208,0.001258326625343247
id05586,0.9999999274022782,3.3864688490962675e-08,3.873303330111286e-08
id04497,0.9993558660759095,0.0006440779265622601,5.599752825198905e-08
id13912,0.38630459861405675,0.5373790366446707,0.07631636474127258
id09675,0.10379223265988412,0.0604772531339901,0.8357305142061258
id23620,0.000155019956714206,0.9985049573545391,0.0013400226887466924
id05596,0.004367637924256954,0.17104730354314335,0.8245850585325997
id09067,2.7413852609992526e-05,0.00011656377837946123,0.9998560223690105
id05445,7.968012163714584e-05,0.9999196044311512,7.154472115330653e-07
id16825,0.00041455104055690753,8.927457310572583e-05,0.9994961743863374
id21127,0.9999968997096669,2.583380167792554e-06,5.169101653808013e-07
id01740,8.698561442117627e-06,0.00011759200817309575,0.9998737094303849
id12719,0.9564556514521703,0.011253583171059784,0.032290765376770066
id14137,0.13772407379513052,0.07382790467968929,0.7884480215251802
id08909,0.0001314636909729674,2.3158536135880856e-05,0.9998453777728912
id24041,0.5886021364664982,0.02409020557831536,0.38730765795518657
id14489,0.8799111977825362,0.11172436582986645,0.008364436387597304
id14961,0.02406245638703103,0.0009542197366569398,0.974983323876312
id19923,0.7293738927809592,0.26731344884126096,0.003312658377779916
id03339,0.0018492254041963482,0.997785746628909,0.0003650279668947076
id08864,0.00011380068470338309,7.271708151316178e-05,0.9998134822337834
id19803,0.8931782757400679,8.406741158917094e-05,0.1067376568483429
id09810,0.9746639208514537,0.0013867779865944178,0.023949301161951975
id23324,0.9999968373317042,3.9644733447909943e-08,3.1230235623759993e-06
id22050,0.00019171836558898436,0.9997711648037312,3.711683067985131e-05
id11386,0.14222148416226532,0.8528461600133026,0.004932355824432093
id14739,0.9999996361549924,2.940557239589541e-07,6.978928360936528e-08
id02882,0.9941871750873282,0.0055912336510551,0.00022159126161666232
id11988,0.04181089825986361,0.6277715119808897,0.33041758975924684
id18839,0.011658632132211372,0.9854824943641398,0.0028588735036487855
id08474,0.0018326874618988921,0.9980438387032505,0.0001234738348505807
id01060,0.1516995680117919,0.8291945783799499,0.019105853608258186
id06551,0.9972323673825406,0.0004463114636621618,0.002321321153797218
id06210,0.1049338403329236,0.00012804255916111542,0.8949381171079153
id12349,0.0002432339839024408,0.0025504857738603034,0.9972062802422373
id21813,0.2509818794532919,0.01407666777212948,0.7349414527745787
id13028,0.06756224864772163,0.8823559115190122,0.050081839833266154
id10021,0.0967534619750839,0.04090067642973136,0.8623458615951848
id07425,0.00021821051851946417,6.169046574521002e-05,0.9997200990157353
id24409,0.00012121306082599026,0.999604380772474,0.0002744061666999328
id21183,0.9968872933611362,0.00016708232501156428,0.0029456243138521066
id26178,0.9091932763428272,0.08925284261883577,0.001553881038337123
id24033,0.009277850551928625,0.012757037047713587,0.9779651124003579
id14793,3.2675500615050887e-05,4.007601666148378e-05,0.9999272484827235
id03053,0.9937207330424594,0.0013522284352184362,0.004927038522322188
id24285,0.9964357489670874,0.001793558030840109,0.0017706930020723647
id09137,0.9999999244773543,7.113636666479479e-08,4.386279013806226e-09
id03185,0.9984982971078008,0.00029180996875591747,0.001209892923443363
id21242,0.003227694596666121,0.9912844829274656,0.005487822475868258
id17446,0.49319095612285196,0.020967583457951005,0.4858414604191972
id00087,0.02134207820875334,0.9757072039345719,0.0029507178566747887
id11019,0.8890515000902794,0.10921073128788249,0.0017377686218380942
id18832,0.0003994758580771697,0.9995669458045393,3.3578337383488e-05
id19224,0.23293652370069728,0.29267203644950207,0.47439143984980053
id17436,0.012974371624352657,0.003850876914314477,0.9831747514613328
id09895,0.00011017177646445108,0.0008961569184117257,0.9989936713051238
id20296,0.01894566757345501,0.0006284194690233942,0.9804259129575217
id03074,0.12821102268207307,0.7299050901268886,0.14188388719103823
id09152,0.00033440956848602613,0.9995953353681014,7.025506341257067e-05
id15277,5.9213645640814124e-05,2.5196762752294777e-05,0.9999155895916069
id07520,0.6116598198382404,0.3877142752318524,0.0006259049299072415
id12928,0.0031394179735961493,0.9968580495601991,2.5324662047709504e-06
id06197,0.07030146852297343,0.0008692714882474762,0.9288292599887791
id24099,0.9909426508275259,0.0017576643717323534,0.007299684800741802
id17392,0.7144305582495489,0.1328876673932004,0.15268177435725064
id17303,0.8826193713409436,0.002888989497477323,0.11449163916157923
id05682,0.9994022190878445,0.00020261409523781343,0.0003951668169176136
id14339,0.9957850610962935,8.840606386469083e-05,0.004126532839841664
id07873,0.29877470559401764,0.05670158986470599,0.6445237045412764
id06939,0.46923583763631865,0.49900092233385507,0.031763240029826126
id14827,0.7039429299852784,0.23730759737348642,0.058749472641235236
id19768,0.3876450804844864,0.6071616392800787,0.005193280235434917
id18080,0.9958292371339377,7.185229135968715e-05,0.004098910574702718
id17384,0.6818595412137958,0.31646638101809044,0.0016740777681137362
id12059,0.7976290769265924,0.1358337995459877,0.06653712352742006
id27382,9.269584217348342e-06,3.0268704179154046e-05,0.9999604617116035
id23252,0.9347709829165916,0.005541913821258602,0.05968710326214988
id14797,0.019655633676445548,0.001198010098255362,0.979146356225299
id25826,0.0018355836311015664,0.0006140438030303256,0.9975503725658681
id27569,0.9921136638806543,0.00018430711698862835,0.007702029002357151
id05079,0.9741205939602046,0.02540704913863168,0.0004723569011638426
id23749,0.9870491999812616,0.0038878690065355316,0.00906293101220296
id04852,0.0005258124932133555,1.2971938516969193e-06,0.999472890312935
id08920,0.9958970997989465,0.0018098326450722308,0.002293067555981337
id15229,0.1792753072163347,0.03624861971104329,0.784476073072622
id11992,0.008524480719899107,0.933119673972782,0.058355845307319014
id21087,0.2964058785080362,0.08238228567499636,0.6212118358169675
id22173,0.9828404834626874,0.014527361414241878,0.002632155123070807
id26488,0.5672198648125721,0.22141532549319273,0.21136480969423527
id09378,0.9465589227535277,0.005361006511089432,0.04808007073538279
id19280,0.3317570220796958,0.6630070946097065,0.005235883310597675
id00701,0.00010371825645609165,0.0008251782347020276,0.999071103508842
id18252,0.9820373126768341,0.017799073097233505,0.0001636142259323467
id19850,0.03881104601639406,0.06142598857117393,0.8997629654124321
id00967,0.01744698534337935,0.9606497648727402,0.021903249783880512
id00670,0.9407385726961082,0.011158757379559108,0.04810266992433278
id10795,0.005977941576579865,3.9306337193389556e-05,0.9939827520862268
id27312,0.01840756148546992,0.159883399519675,0.8217090389948551
id10703,0.022005875348225866,0.020429405504099996,0.9575647191476742
id25596,0.3577899302735182,0.6120933818139015,0.03011668791258036
id00443,0.056817084504138846,0.0012560779800021057,0.941926837515859
id21638,0.036721021084460376,0.9622059710232495,0.001073007892290074
id15800,8.729156181833287e-05,0.9986288918565207,0.0012838165816610946
id23367,0.973693438240648,0.018640109901353712,0.00766645185799831
id03600,0.854039739856267,0.05519658000659838,0.09076368013713462
id07147,0.6252408172538123,0.23194130678287542,0.1428178759633123
id02654,0.0008538840343736194,0.998705397213304,0.00044071875232242706
id17965,1.5059708377893506e-07,0.9999996363287799,2.1307413642825968e-07
id24304,0.044421476582262406,0.9527288554081794,0.002849668009558192
id11626,0.8343581637103983,0.14710631196588425,0.01853552432371737
id17604,0.00888457851765067,0.016286133586415247,0.974829287895934
id24725,0.978888500620042,0.015734057516590856,0.005377441863367252
id08894,0.9937771840212067,0.006129653378605247,9.316260018788003e-05
id01352,0.27620504639116467,0.014337089314111647,0.7094578642947238
id07907,0.9999965580276167,2.87992534125193e-06,5.620470420780524e-07
id02681,0.0008850417671579429,0.0006662715482636216,0.9984486866845784
id23951,0.00017705289145860558,0.9995381034802531,0.0002848436282883119
id11154,0.6888454303383594,0.0064480583381628905,0.3047065113234777
id13182,0.4546739674453272,0.5266485081904402,0.018677524364232728
id04576,0.00012828217144696114,0.9998716994854232,1.8343129739783633e-08
id16318,0.9892968989805825,0.0025031965744049,0.008199904445012583
id05472,0.14463053988329538,0.017229281040216708,0.838140179076488
id20567,0.9851068763951554,0.013721052054953031,0.0011720715498915865
id21385,0.01971669864367861,0.1273453104862994,0.8529379908700221
id09834,0.7246671698941564,0.023099867912390267,0.2522329621934535
id02954,0.9481462361340085,0.009310058429882202,0.04254370543610929
id15456,0.10757217462564417,0.8876539657109045,0.00477385966345138
id06958,0.9999667728651783,2.8562906659343896e-06,3.037084415558194e-05
id18053,0.36096460508943656,0.002643591509418731,0.6363918034011448
id05180,0.00423900439065969,0.9938682083377022,0.0018927872716380926
id21648,0.9902751701032775,0.001815441935271532,0.007909387961451084
id27095,0.08077666690012003,0.8882406498258961,0.030982683273983878
id16645,3.1805165327644664e-06,0.9999964954942705,3.239891967925e-07
id22508,0.9974062872932531,0.0024765956119879996,0.00011711709475897699
id01151,0.05795133317678594,0.039734054916463146,0.902314611906751
id03451,0.2536569447541741,0.7384511401648853,0.007891915080940637
id20279,0.4783448918511029,0.05355909730682406,0.4680960108420729
id17480,0.018218388493499816,0.9655981952743495,0.016183416232150704
id08280,0.0725727378623986,0.9212372896143556,0.006189972523245877
id19245,0.7972227155388454,0.021500845025874727,0.18127643943527988
id20463,0.984354572208295,0.012060914722885431,0.003584513068819527
id01510,0.0010097494375788654,0.9932582156358418,0.005732034926579325
id22724,0.018798314270389502,0.0058312700228353095,0.9753704157067752
id03386,4.660400556468244e-05,1.3198046397244685e-05,0.9999401979480381
id26858,0.9618086984061466,0.0011955770491520344,0.03699572454470144
id27612,0.997958784405054,0.0012875335849597957,0.0007536820099861177
id14606,0.9998184951810312,0.00012778517969388596,5.371963927497753e-05
id09273,3.937900791197809e-06,0.011094695307255948,0.9889013667919528
id07736,2.703328430301699e-06,0.00024556241069395227,0.9997517342608757
id22879,0.9808689390017954,0.01716121059914194,0.001969850399062777
id01075,0.0029133325733411946,0.9969957551657137,9.091226094516532e-05
id14038,0.0198345832782317,0.9796807321082075,0.0004846846135607584
id10294,0.9474891985771149,0.04659326092782988,0.00591754049505529
id06738,0.03249123845742472,0.8133318624059969,0.1541768991365785
id06932,0.004606746164515581,0.9837708825626442,0.011622371272840194
id20905,0.034633558784902624,0.8577002086101878,0.1076662326049096
id03466,0.9207202851860614,0.007368490493332642,0.07191122432060604
id17100,0.0014305409346476695,2.4249946703742757e-05,0.9985452091186486
id00585,0.00010084959682249227,0.0006668896884092832,0.9992322607147682
id05385,0.9999819087908387,1.6744663640398428e-05,1.3465455208835774e-06
id21658,0.9978877193375136,0.0020179501666655665,9.433049582075208e-05
id25140,0.04537690133066815,0.9536421080992381,0.0009809905700937929
id14623,0.0011285990104511646,0.9987788883865877,9.251260296125658e-05
id06925,0.12282851019710898,0.8395855991498132,0.03758589065307788
id03102,0.5352412791959265,0.059874013118882505,0.404884707685191
id15215,0.006132634862822919,0.9938564697253041,1.0895411873015221e-05
id16162,0.0005250767735212921,0.9994692286781984,5.694548280214249e-06
id12412,0.001078629660941382,0.9962572604289527,0.002664109910105889
id27708,0.9776881393875353,0.0032660189963167607,0.01904584161614801
id18508,0.8980256367393947,0.06499400571492091,0.03698035754568436
id19857,0.9987512042426924,5.6269800077521554e-05,0.001192525957230058
id27904,0.9844489490129579,0.005155517953098968,0.010395533033943192
id27345,0.09446842637799338,0.10218752701780819,0.8033440466041984
id09516,0.0040414373529082635,0.9958367054198923,0.00012185722719927764
id24277,0.0296899766584037,0.7489751209180381,0.2213349024235582
id26935,0.001538710416645914,0.9982343205542277,0.00022696902912641855
id08544,0.31169816485309154,0.2157358768522979,0.4725659582946106
id13779,0.9890813259008933,0.0018564197310591496,0.009062254368047622
id17103,0.8502963680972123,0.02517832625872866,0.12452530564405911
id01771,0.8846100110327657,0.033828888017507025,0.08156110094972718
id08211,0.0011954668184102307,0.0015717793969982818,0.9972327537845915
id06392,0.99999999999464,4.670048437867738e-12,6.900227047818391e-13
id25629,0.9115518441245988,0.08427640683930425,0.004171749036096873
id15194,0.020872180763902966,0.28372839370307384,0.6953994255330233
id23962,0.020168862989805785,0.97881000619253,0.0010211308176642925
id14252,0.012617043978834116,0.009116125942986312,0.9782668300781796
id15381,0.9997666599113535,7.401171623944592e-07,0.00023259997148410947
id17385,0.07488645534740854,0.03875594384413532,0.8863576008084562
id22826,0.940762933763648,0.048833605803336885,0.0104034604330151
id16485,0.11273975017443404,0.8730483851793229,0.014211864646243128
id25744,0.9973335661567587,0.0023469320026646627,0.00031950184057659295
id09192,0.9998597724386408,0.0001384484286349648,1.7791327242751222e-06
id08619,0.004795622916146193,0.995079411452852,0.00012496563100189412
id27889,0.6313242434318831,0.3314803532759771,0.0371954032921398
id10964,0.0015260808940805088,0.024556984370479498,0.97391693473544
id00821,0.9999737598943126,1.0575786010683e-06,2.518252708634212e-05
id07120,0.9964362918560368,0.003243902324744231,0.00031980581921900995
id05347,0.99008098119623,0.009514374432977498,0.0004046443707925341
id14047,0.6638830411821816,0.1550398416296723,0.18107711718814617
id24871,0.89633372682196,0.08206457174320239,0.021601701434837636
id21417,0.7093547261581933,0.011063004438555936,0.27958226940325076
id03784,0.9977999422773337,0.0014533269537011432,0.0007467307689651001
id07389,0.5110505032721743,0.4575522124539304,0.0313972842738953
id16215,0.9781775058645414,0.02051932926461026,0.0013031648708482723
id10976,0.0023428831000334637,0.019081173707022444,0.9785759431929442
id00348,0.9998126088692275,0.00018654845294710295,8.426778253770326e-07
id04027,0.8364759491225789,0.0009788554257812853,0.16254519545163987
id21625,0.9838677185837191,0.005383620827036436,0.010748660589244416
id15117,0.000573227252089616,0.0028298786977176667,0.9965968940501927
id06776,3.161964533974021e-05,0.9999661292706788,2.25108398147031e-06
id10947,0.9999920174360951,1.328169518763218e-06,6.654394386012409e-06
id11746,0.31415962590763274,0.0026320454337731224,0.6832083286585942
id27779,0.0018474236845890364,0.0003684890211234358,0.9977840872942876
id20789,0.10416568409127175,0.6300682588080556,0.2657660571006727
id16187,0.2664149401259918,0.03200215430307456,0.7015829055709336
id23834,0.08712007293800611,0.9127561868601237,0.00012374020187021144
id25848,1.4711718826898306e-12,0.9999999999973609,1.1680024882588385e-12
id08777,0.9992897218263841,0.0003645976700592476,0.00034568050355663233
id17045,0.0002781624899771206,0.0003445962800619849,0.9993772412299609
id01474,0.013046226797960287,0.010810618193397636,0.9761431550086421
id09396,0.11313110962603037,0.8779972328203773,0.008871657553592299
id22208,0.9986527146061569,0.0013178371311899052,2.9448262653107725e-05
id13813,0.0007721194135976965,0.001680128426355254,0.9975477521600471
id23386,0.9835201646925479,0.0028068548663990837,0.013672980441053067
id02610,0.00041899454011569073,0.9993657585885374,0.00021524687134691803
id07647,0.04806888270881389,0.82256519581722,0.12936592147396614
id24025,0.999461534917734,0.0005092663213573248,2.9198760908785057e-05
id25573,0.9995007013842094,9.594568517031434e-07,0.0004983391589388515
id23575,0.9878565779937684,0.004522937696532088,0.007620484309699424
id08968,0.26486903263531436,0.7003543046260389,0.034776662738646796
id09958,0.26806867370187143,0.7308493493208296,0.0010819769772990146
id13648,0.5607711444142928,0.16054411066394655,0.27868474492176065
id00335,0.9964146125835985,0.0006280536967579396,0.0029573337196436237
id18099,0.39852563521243484,0.578422548893408,0.023051815894157144
id24297,0.004893262202439445,0.0034432615603697536,0.9916634762371908
id17751,0.017568028782659634,0.1426085889531983,0.8398233822641421
id02158,0.07299139604042876,0.925112150031628,0.0018964539279432858
id03039,0.9952864574227795,0.0007427260461677712,0.0039708165310526344
id09467,0.2196651131576789,1.2764805322413363e-06,0.7803336103617888
id14903,0.9401720497755538,0.0594047933620126,0.00042315686243363953
id03331,0.06110347784679915,0.8775115425673995,0.06138497958580138
id27366,0.005584091857927073,0.0022146155344536494,0.9922012926076192
id09199,0.9968839932062155,3.857307652466598e-05,0.0030774337172599095
id07681,0.15806729186664023,0.026613769127347444,0.8153189390060123
id11502,2.716619039266917e-06,0.99999716525436,1.181266007087155e-07
id00140,0.9943786937168935,0.0028395665521540226,0.0027817397309525
id20159,0.79943130908112,0.0006691517220738031,0.19989953919680614
id02007,0.00022605068844317036,0.0011265427568594932,0.9986474065546973
id08188,0.9965073144953015,0.0029988944070706456,0.0004937910976278627
id04504,1.484730782615395e-05,3.3935572849559556e-05,0.9999512171193243
id22031,0.9375423465034383,0.059680718220970534,0.0027769352755912867
id17947,0.006887330463336998,0.053213123686186026,0.939899545850477
id06267,0.9170646122417228,0.06818206323269259,0.01475332452558473
id14577,0.9244592997457546,0.007891234234123627,0.06764946602012167
id27313,0.9903885916421603,0.0027271284643012113,0.006884279893538479
id16231,0.03489557245247074,0.9650196098351244,8.481771240497031e-05
id02587,0.3089204618902144,0.02007991596440588,0.6709996221453798
id04379,0.04182441811316122,0.9550065509334149,0.0031690309534238618
id13503,0.003559786176345409,0.9964389872769043,1.2265467502868524e-06
id03887,0.9998351938781436,4.4495556020718305e-05,0.00012031056583570227
id22338,0.9680677771774853,0.014504218773410587,0.01742800404910405
id20080,0.7876362915648479,0.20876641783692748,0.0035972905982245497
id22392,0.9955063107421196,0.00421894354241283,0.0002747457154676807
id03895,0.9491500385422701,2.2443019795463647e-05,0.050827518437934316
id17179,0.006500941625357541,0.9924266743372164,0.0010723840374260228
id23466,0.0047858869999272986,6.993797105504075e-07,0.9952134136203622
id12592,0.001508108182951981,0.9927747409032207,0.005717150913827257
id16947,0.9940594949552312,0.001898476138470075,0.0040420289062987605
id13870,0.20358561513224846,0.0271099708973996,0.769304413970352
id10717,0.0017643035882947342,0.0001906113280245603,0.9980450850836807
id09418,0.973898659095897,0.017336677467771653,0.008764663436331288
id20753,0.9842130809897912,0.010119523844806796,0.005667395165402078
id00114,0.011451162560008225,0.013987180754174659,0.9745616566858171
id00627,0.9999977368872519,2.050142284963484e-06,2.1297046323267912e-07
id07738,2.3980276100968586e-05,0.9999742608316724,1.7588922266650894e-06
id14516,0.927234816834316,0.06188305510997629,0.010882128055707775
id02107,5.216849388502663e-05,0.9999434620472513,4.369458863773429e-06
id18378,0.0019596786063526238,0.995408985045837,0.002631336347810467
id02751,0.04232930226276268,0.000892089389938213,0.9567786083472992
id26105,0.051884709748609814,0.39948031512979054,0.5486349751215996
id07659,0.036462972889891185,0.18015502531388597,0.7833820017962229
id07421,0.9989337106996793,0.00041592189718918046,0.0006503674031315167
id00325,0.9149352013898867,0.0748801791962317,0.010184619413881667
id12253,0.99506401925452,0.004923796441889473,1.2184303590501736e-05
id23427,0.9582216525383013,0.04164151552487404,0.00013683193682463923
id06202,0.9926623468862853,4.450522848888732e-05,0.00729314788522585
id21320,0.006716075709925325,0.0032913253549653005,0.9899925989351094
id21994,0.34839960938626036,0.6263703591982621,0.02523003141547752
id13903,0.37691063989551726,0.13856885395312182,0.4845205061513609
id13767,0.9983567352754464,0.001574230788075792,6.90339364777594e-05
id03750,0.0003264802346776616,5.8933932539024665e-05,0.9996145858327833
id08666,0.0011617608200083695,0.0005663535837164047,0.9982718855962753
id12171,0.030968338387171515,0.08799454092966781,0.8810371206831606
id26202,0.19311114940775398,0.0016956516275944532,0.8051931989646516
id16310,0.0017962122125393715,5.235030117292227e-06,0.9981985527573434
id02650,0.7034048140916673,0.1827757097600811,0.1138194761482516
id26558,0.9704490358723148,0.023158157252235613,0.006392806875449581
id24794,0.9993520476885182,0.00030610768738125664,0.000341844624100492
id01299,0.9212985130376883,1.9832479167871884e-05,0.07868165448314385
id19281,0.999986882358223,7.222210830965712e-06,5.8954309461716704e-06
id20504,0.7249806805341977,0.06252680426068603,0.2124925152051163
id15716,0.005574722211496431,0.031130400398406734,0.9632948773900968
id08222,0.00900162293288844,0.08643630651537736,0.9045620705517343
id12393,0.0005038282706380282,0.13450720007218284,0.8649889716571791
id26841,0.08962220201503876,0.9075837820722713,0.002794015912689974
id22947,0.03601016079173597,0.963286830981778,0.0007030082264860603
id10817,0.9999996302664586,3.691918718805186e-07,5.416696178612041e-10
id01486,0.31468055572739395,0.6557544878168637,0.029564956455742194
id00296,0.017923690372742246,0.9760684126765244,0.006007896950733359
id24189,0.6591611721955767,0.11325301430690007,0.22758581349752327
id20909,0.21798971092471456,0.10429770142132509,0.6777125876539605
id21079,0.997605287650876,0.002198398408227411,0.00019631394089655876
id02478,0.003754077526591017,0.18318804796823066,0.8130578745051783
id03727,0.8602257222557788,0.005999654505542566,0.13377462323867878
id09794,0.9068265990655252,0.005811782833219716,0.0873616181012551
id08527,0.4764895921467253,0.5212410085957243,0.0022693992575503843
id18716,0.9994060992162557,0.0002130342754817176,0.00038086650826258376
id21733,0.0003562684797192741,1.5955632841815465e-06,0.9996421359569966
id08898,0.9038893535167618,0.09273363118486579,0.0033770152983724462
id16571,0.14523405351618268,0.0042423793367518696,0.8505235671470655
id17780,0.9802011240813212,5.003935918213369e-05,0.019748836559496642
id11537,0.981201323925923,0.009648455300346304,0.009150220773730696
id23242,0.9101787623358927,0.08342162990433795,0.006399607759769302
id16749,0.029892987104404144,0.0013887776737841623,0.9687182352218117
id02226,0.9975304030211114,4.363387143092649e-05,0.002425963107457587
id08369,1.1137852349305057e-05,0.00044211248549850813,0.9995467496621522
id18013,0.10563166245841515,0.8864663903745366,0.007901947167048316
id23454,0.9952984404951806,0.003119081926015414,0.001582477578804081
id03878,5.1823154848858e-07,0.9999921473141196,7.33445433207065e-06
id15129,3.7199766789842598e-06,0.0006477617934771913,0.9993485182298438
id21874,0.6471992857269366,0.002839317271575651,0.34996139700148776
id24455,0.3230116827929961,0.004456513296868846,0.6725318039101351
id03860,2.1503873939094047e-05,0.9999687415828865,9.754543174460112e-06
id07622,0.0016984871153032993,0.9982558765191478,4.563636554888791e-05
id18449,0.573696655555211,0.018800684095404547,0.40750266034938454
id16952,0.9968314969325033,0.001319115176075802,0.001849387891420931
id08212,0.9977892839188389,0.0010236917940694193,0.0011870242870916318
id05513,0.3843924696555407,0.010895742504445706,0.6047117878400136
id24536,0.9999996012355024,3.742250165799698e-07,2.4539481080882696e-08
id18070,0.9947167063802316,0.000983608754231008,0.004299684865537419
id03094,1.0607580088784481e-06,0.9999989295156675,9.726323684070569e-09
id13815,0.008360815894590793,0.0032594811372286614,0.9883797029681805
id14023,4.7756913503095814e-05,0.999944496969553,7.746116943877908e-06
id14480,0.41498477323532473,0.4268543647391796,0.15816086202549579
id00059,0.9667804143657782,0.013478343879129015,0.019741241755092776
id16873,0.9959331952219682,0.0012267473565024732,0.0028400574215293522
id23144,0.8861857796628256,0.0012194006391893612,0.11259481969798496
id02845,0.9965963702501014,0.0027914778450330536,0.0006121519048655746
id25492,0.3948002533504376,0.0027321261503727694,0.6024676204991897
id04097,0.6318300146069036,0.35808755452732227,0.010082430865774086
id25883,0.9998454198919648,1.6077071479904317e-05,0.00013850303655526557
id23391,0.006854306313980396,0.9824504177550791,0.010695275930940374
id27018,0.9989974351747694,0.0009445052713830846,5.805955384751558e-05
id23614,0.2699730563044969,0.726485285528853,0.0035416581666500783
id14309,0.0013322255951788986,0.9982012943689088,0.00046648003591230337
id27746,0.00022823347092050379,0.9997716913096227,7.521945682803141e-08
id05057,0.487758635729642,0.4749395346378638,0.037301829632494156
id06246,0.8611647567578626,0.06111674571015922,0.07771849753197811
id00509,0.0013757522531588407,0.02433846448359815,0.9742857832632431
id19473,0.9999901860535708,9.80622885583872e-06,7.717573381422597e-09
id07044,0.07070561729567545,0.0227289070064308,0.9065654756978938
id09871,0.21268208375912226,0.00013044885187122934,0.7871874673890065
id26870,0.7986570203020036,0.12082816397639441,0.08051481572160206
id06125,0.21914828896292043,0.7687720409179497,0.012079670119129872
id02829,0.9764438291410078,0.0002757024869854897,0.02328046837200662
id24935,0.2904858006632352,0.022728222201684866,0.6867859771350799
id04557,0.00028401581131333063,7.118578576764544e-05,0.9996447984029191
id01208,0.956626797792892,0.015788988306762595,0.027584213900345544
id16235,1.9882084207458727e-08,0.9999999785855678,1.5323480483279303e-09
id05135,0.004723265861499943,0.9951237325319789,0.00015300160652114024
id05892,0.0785988046001007,0.0007763160976751321,0.9206248793022241
id21207,0.9987832891878093,4.023391520362947e-05,0.001176476896987076
id10722,0.6013746996505093,0.2558098100923433,0.14281549025714751
id17396,0.0002870087546281092,0.14599244049623658,0.8537205507491353
id17755,0.7338776169271529,0.08818345310466176,0.17793892996818528
id18529,0.032838367923117125,0.0023784433941881006,0.9647831886826947
id18235,0.9475038899322138,0.051105834603815965,0.0013902754639702817
id20188,0.13510555435758442,0.0026145474491702835,0.8622798981932454
id13483,0.00530582781745045,0.04612330635005396,0.9485708658324956
id16860,0.8407781352249589,0.10208601217180506,0.0571358526032359
id11203,0.9999985393896121,2.0236578361423058e-07,1.2582446042718714e-06
id01104,0.990304554390081,0.006358825086299355,0.003336620523619572
id26195,0.0011011264220606542,0.9920281705972014,0.006870702980738009
id19647,0.009313928383608066,0.00010277932713991245,0.9905832922892521
id24377,0.04284480752376369,0.0008696394421264376,0.9562855530341098
id07103,0.99992562858965,6.128405948118966e-05,1.3087350868928862e-05
id27061,0.9954458992061938,0.0045342263235554105,1.9874470250958697e-05
id06255,0.2788841680104416,0.7170611925085912,0.004054639480967143
id19483,0.565435706425884,0.06479851089525192,0.369765782678864
id27936,0.4618519582640155,0.5380226697038166,0.00012537203216785917
id21761,0.9112093509779626,0.0801885294578138,0.008602119564223612
id06543,2.1869387724451064e-08,0.9999998101804365,1.6795017569584815e-07
id04779,0.36283430662033045,0.5864906387337812,0.05067505464588834
id05819,0.903655960086445,0.004058841956522753,0.09228519795703227
id04670,0.12127298841574398,0.8785565605224086,0.00017045106184745604
id22206,0.9650936691491517,0.002169233319847495,0.032737097531000806
id18557,0.9939476386695576,0.0031840685467062267,0.002868292783736147
id24017,0.0775928015327498,0.8443485425314002,0.07805865593584987
id10305,0.9912833903765874,0.0074387611645441295,0.0012778484588685502
id25879,0.9897560101620655,7.72819272395281e-05,0.010166707910694957
id08243,0.004905201595211994,0.9892403341269113,0.005854464277876809
id11999,0.023975241118145092,0.9637441000646478,0.01228065881720703
id13392,0.24326071939347116,0.755956687817253,0.0007825927892758338
id00681,0.10564487056394077,0.8922173977257037,0.00213773171035557
id03225,0.6200790418735203,0.36436796408225575,0.015552994044224
id19684,0.03641739885953114,0.16442748006112565,0.7991551210793433
id01944,0.9731813712832557,0.0006996108153878394,0.026119017901356508
id04903,0.007020046075631886,0.0008108508475918324,0.9921691030767763
id22131,0.9879704662369452,0.010311630146100089,0.0017179036169547356
id17465,0.3440421861623992,0.0027176545334588235,0.653240159304142
id02341,0.14021094488593117,0.0011985337741369697,0.858590521339932
id23306,0.5657680560976418,0.25590584325163707,0.17832610065072108
id13543,0.0002678207982971028,5.6376310375218735e-05,0.9996758028913277
id05527,0.8060111228696162,0.06323311981232782,0.13075575731805603
id13622,0.0027822798849687987,0.9962827814917828,0.0009349386232483084
id04807,0.41704138437106586,0.5746117364072224,0.00834687922171172
id03763,0.22226815284492468,0.004208170766543646,0.7735236763885317
id04860,0.002191726347372909,3.966711129738082e-05,0.9977686065413297
id18552,0.9999629298932683,3.1331449659374936e-05,5.73865707238347e-06
id05624,0.6922756429480785,0.26229866882637953,0.045425688225542
id10691,0.002773318953205341,0.14162762559403985,0.8555990554527548
id12723,0.8177052446778971,0.16570160651540197,0.016593148806700955
id14533,0.9725929827234355,0.02576999710566354,0.0016370201709009807
id07197,0.8744477014172328,0.000299111504477554,0.12525318707828953
id08284,0.9963548444153905,0.0022986116852502236,0.0013465438993593133
id13373,0.5239199973777947,0.3322440284370451,0.14383597418516023
id25880,0.2413697541989673,0.024842607316975976,0.7337876384840568
id00879,0.7542131065612279,0.20388250098611885,0.041904392452653365
id27931,0.0025307464352980072,0.9778120938922447,0.019657159672457354
id20774,0.0025134325485377243,0.002552760923465136,0.9949338065279972
id18642,0.07501666965985193,0.8504230796989133,0.07456025064123463
id26855,0.02792752921392175,0.6149026856569926,0.35716978512908576
id08684,0.5571322983119071,0.034615045105113214,0.40825265658297966
id01743,0.023610965296211886,0.6125192677401166,0.3638697669636715
id09704,0.001813938817202679,0.9960985046187937,0.0020875565640036506
id00696,0.31021093772446545,0.010286157764281788,0.6795029045112528
id08351,0.060385575448632996,0.9382765214343249,0.0013379031170420222
id08495,0.991700696671524,0.003530775987774726,0.004768527340701121
id05141,0.006226664708663136,0.00021776243961882993,0.993555572851718
id08515,0.026800842793993588,0.0021346012543144175,0.971064555951692
id23509,0.012041401842156458,0.01672106984080633,0.9712375283170372
id20577,0.0014189740903689989,0.0007832641917885074,0.9977977617178425
id04217,0.10146030530975163,0.0005100364742347144,0.8980296582160137
id24430,0.07075153555421569,0.33616709051271226,0.593081373933072
id11995,5.412772940307813e-07,2.8649313976911045e-06,0.9999965937913082
id10871,0.0019583216691754315,0.025743216637581813,0.9722984616932427
id21988,0.0007175431147463638,0.0035439722116724385,0.9957384846735812
id07248,0.9986366120122614,0.0010116583767403515,0.0003517296109983021
id22805,0.9281391293074108,0.013163057592144034,0.05869781310044522
id18064,0.011088237594934302,3.4839879843792444e-05,0.9888769225252219
id02256,0.1277606627052414,0.34078680825401847,0.5314525290407403
id18835,0.8592948687508314,0.0004860308933885993,0.14021910035577997
id06068,0.01784378261734353,0.3692346408294054,0.6129215765532511
id13355,0.0008852303912447978,0.9987643611876482,0.0003504084211070081
id15890,0.0014325156037527712,0.9984971395835449,7.034481270228746e-05
id11828,0.9999965365684715,2.872510986469709e-06,5.909205419131321e-07
id14235,0.010646249840752952,0.0010138658031611136,0.9883398843560859
id07891,0.011357406883790853,0.2908815354254713,0.6977610576907379
id00426,0.08382201383494273,0.8456733820211135,0.07050460414394379
id00194,3.3307731691381e-05,2.8122848168220365e-07,0.999966411039827
id10086,0.38936619936839917,0.001269588640537922,0.6093642119910628
id24683,0.004090427551340827,0.00505829122384694,0.9908512812248123
id01217,0.0591960938768862,0.9349830605624168,0.005820845560697083
id09906,0.035749469286088506,0.8545214862243883,0.10972904448952328
id04780,0.007717260097207584,3.8011800662469715e-06,0.9922789387227262
id15682,0.9996911366206137,0.00028112611894102525,2.773726044519387e-05
id27193,0.8644684272672646,0.013469141521468046,0.12206243121126742
id01574,0.0014611321707078719,5.5691505508583695e-05,0.9984831763237836
id26894,0.06857794102048072,0.019618841787960393,0.9118032171915589
id08143,0.4336723655095688,0.4532172263962199,0.1131104080942113
id05756,0.06617537303872159,0.7647588953409131,0.16906573162036537
id14803,0.00020447071077693319,1.401863050577345e-06,0.9997941274261725
id01103,0.002340944768529727,0.9900517139080547,0.0076073413234154785
id17451,0.8482589505625412,0.11521621423154876,0.036524835205909975
id10497,0.2666219531062897,0.5560600379222841,0.1773180089714263
id23770,0.9813796731834753,0.005126666558085524,0.013493660258439255
id01731,0.7157518119064888,0.011130283359427779,0.27311790473408337
id24021,0.022838880855209277,0.8356655591426388,0.1414955600021519
id24904,0.9999954121804144,8.609056560757419e-08,4.501729020021492e-06
id16795,0.004900829967950178,0.1636733867161861,0.8314257833158637
id27308,0.3524870434567264,0.009049801565437011,0.6384631549778367
id16671,0.9975657029243962,0.001708571590192868,0.0007257254854109628
id10035,0.8486563891350056,0.031919218046147065,0.11942439281884731
id12143,0.7471348707072248,0.08994448873348074,0.16292064055929453
id14087,0.9989305466712393,0.00031720456749583165,0.0007522487612649663
id02962,5.276371180866753e-05,0.9912012349324677,0.008746001355723633
id17035,0.028619236867914823,0.011375976106895884,0.9600047870251892
id07600,0.26891089998828777,0.0343930368307507,0.6966960631809616
id08201,0.021995671761501176,0.004994766640492642,0.9730095615980062
id04623,0.9990216325353113,0.000747696082288242,0.00023067138240052672
id07245,0.7806070311091002,0.16535034820615252,0.05404262068474731
id01334,0.9305716371523508,0.03395238355747886,0.03547597929017032
id23105,0.9980517188385886,0.00013644284569413684,0.0018118383157173458
id19744,0.18016525658094845,0.09664837724755049,0.723186366171501
id22884,0.9991468055324486,0.0002266476151852551,0.000626546852366235
id01936,0.5435236934670664,0.4152881675889131,0.041188138944020486
id21910,0.00011758363079740539,0.9997543049946722,0.00012811137453034655
id10801,0.10277407528314352,0.8441616417774161,0.05306428293944042
id02629,6.8280049176567365e-06,0.000771362692640965,0.9992218093024414
id11940,0.0007646685517410879,0.9987036306074293,0.0005317008408296228
id12664,0.24772281475935573,0.10223312825891567,0.6500440569817286
id06308,0.0004074666789230944,4.2000200294630997e-05,0.9995505331207823
id21510,0.9983802432479965,4.804918027862127e-06,0.0016149518339755814
id20043,0.000855592910355496,0.00025943995502288747,0.9988849671346216
id01014,0.9194318271247448,0.06641065909704649,0.014157513778208711
id04968,0.1585248364509888,0.3623566142904076,0.4791185492586036
id17552,0.1949822648210921,0.766555306983181,0.03846242819572698
id25395,0.31434103396979207,0.004014093579702164,0.6816448724505058
id25931,0.9999589376401058,2.672738988504484e-06,3.8389620905729875e-05
id21548,0.012704867307106904,0.0005608351902121886,0.9867342975026809
id07443,9.896208844359081e-05,4.1141084916163366e-05,0.9998598968266403
id01215,3.6412410105317825e-05,0.9995607310358954,0.00040285655399930275
id20060,4.0540970433596506e-05,0.9999581132526185,1.345776947871043e-06
id17279,0.5948056116021903,0.1095112910672524,0.29568309733055737
id20214,0.00820283234899486,0.9838510869610241,0.007946080689981136
id08809,1.1311232065338472e-05,1.21341836495033e-05,0.9999765545842852
id17098,0.6917683404452714,0.03519886266229585,0.27303279689243276
id10146,0.9722473336441199,0.017219131198490813,0.010533535157389372
id24986,0.9419176934402272,0.04702415037177656,0.0110581561879962
id19690,0.12404138278048528,0.09604744420214949,0.7799111730173652
id14487,0.8328725949792104,0.062057026080659855,0.10507037894012959
id26146,0.9884445436000581,0.007626574596603395,0.003928881803338533
id01942,2.237408533507704e-06,9.944948024089993e-07,0.9999967680966642
id03843,0.419559809304836,0.5245389684387616,0.05590122225640237
id02026,0.48369824874271566,0.3429384473993729,0.17336330385791132
id10903,0.8994171910489064,0.08403302187546496,0.01654978707562854
id07340,0.2065522425189217,0.10492708438560985,0.6885206730954685
id25682,0.4421321707282853,0.5573322830033388,0.0005355462683758413
id13830,0.9708260483784253,0.024684677790657392,0.004489273830917189
id08319,0.09256809142414953,0.0003280930147098491,0.9071038155611406
id25558,0.11856213288899768,0.002750045542374255,0.878687821568628
id07084,0.022819103303349544,0.01542556363665718,0.9617553330599933
id00203,0.5070365123493834,0.33806850138581873,0.15489498626479792
id23804,0.2918665933948476,0.002461893599104724,0.7056715130060477
id06863,0.02898946695744476,0.0030469778097642654,0.9679635552327909
id11191,0.7312926711288488,0.19727692410072303,0.07143040477042827
id00846,0.01574911208287102,0.9116246105568317,0.07262627736029717
id17290,0.04949226549015856,0.9226102866514648,0.02789744785837668
id00047,0.005372491013125926,0.9858314954509921,0.008796013535881789
id27631,0.9827584767658417,0.017227217873123386,1.4305361034853673e-05
id15793,0.005975803008133574,0.0006299321700753367,0.993394264821791
id03142,0.03953399789209197,0.009670780418883416,0.9507952216890246
id24825,0.9999955780514186,2.891895041153499e-06,1.5300535403188198e-06
id12069,0.05065298646128878,0.019863626244847866,0.9294833872938634
id23009,0.9874352535950093,0.01255984980532889,4.896599661834753e-06
id06793,0.001113613237442736,0.9981806313077731,0.0007057554547841642
id18638,0.9984024661763422,0.0015882234420814215,9.310381576374397e-06
id02966,0.9997454585300887,0.0002171435972091108,3.7397872702198235e-05
id20346,0.007149094989450491,0.0007532852438739281,0.9920976197666755
id16855,0.8551445049951055,0.02729944206884674,0.11755605293604776
id16350,8.650884656264632e-05,0.9999027764896645,1.0714663772868778e-05
id25092,0.010389112203593988,0.9862249891129409,0.0033858986834651695
id16132,0.8252117650281034,0.12818320322292898,0.04660503174896758
id15977,7.7355463714976e-05,4.870612947760047e-05,0.9998739384068075
id26922,0.8636737211162961,0.015853277317814624,0.1204730015658893
id20054,0.9341719000242746,0.055895265410694395,0.009932834565031053
id14375,0.1842020915219878,0.01529313069294855,0.8005047777850637
id23372,0.32538073521661504,0.07856392065124457,0.5960553441321405
id20360,0.0011293155847527819,0.9958495915528547,0.003021092862392441
id25380,1.6836954826952197e-10,0.9999999998086022,2.3028297689012485e-11
id07295,0.04324363747777896,0.0007890216720008292,0.9559673408502202
id20349,0.555269538720831,0.4421570444206736,0.002573416858495391
id17177,0.0020597918540511506,0.0014507131068211615,0.9964894950391276
id07041,0.6663221515215161,0.00850335345106426,0.32517449502741963
id27459,0.013735000179537257,0.98616881492527,9.618489519280507e-05
id24144,0.8306580937206564,0.16844968172488686,0.0008922245544566375
id13748,0.010723969678111579,0.0017002007851341604,0.9875758295367543
id08295,0.9144781942518937,0.025049675413467178,0.06047213033463921
id00744,0.011126624348565747,0.011210724931710157,0.9776626507197241
id19662,0.02304632184672043,0.9309218569303214,0.046031821222958194
id13027,0.0669248085331159,2.992326993172413e-06,0.9330721991398909
id21785,0.12022918238943875,0.03707754190232396,0.8426932757082374
id13431,0.9947305033683113,0.004649054572412817,0.0006204420592759682
id21455,0.0006458896517143592,0.9990453045812371,0.00030880576704866265
id25429,0.0031212159034939967,0.9949138896780945,0.00196489441841156
id16944,0.8439933705343311,0.00019844615068732562,0.15580818331498164
id01458,0.001311417848753717,0.981440300958427,0.017248281192819206
id15684,1.6105559421950094e-06,0.999998346252138,4.319191982686603e-08
id00970,0.9875929229558259,0.0012411888996008598,0.01116588814457314
id12185,0.03722779398033554,0.06049316213335454,0.90227904388631
id15050,0.1925330768429855,0.7013788517691458,0.10608807138786876
id05062,0.0006152378287594217,0.0016980348386954683,0.9976867273325452
id13150,0.00944602946206056,0.9812160800778811,0.009337890460058423
id02821,1.118914678883243e-05,0.9999887318569063,7.899630473451908e-08
id05545,0.9796820918911952,0.013363058226907174,0.006954849881897646
id03523,0.9994962363309253,0.0002615380746044374,0.00024222559447030178
id02098,0.0003414836938724302,0.002822917460283914,0.9968355988458436
id26788,0.7869689770253856,0.04950837244190564,0.16352265053270879
id22116,0.04917641230590634,0.927359439351752,0.02346414834234163
id16175,0.9999999999446723,2.4560669286676032e-11,3.076696082717478e-11
id24957,0.0001799924122540016,0.888119645769293,0.11170036181845301
id10844,0.005858152993808442,0.9941222769573997,1.9570048791861397e-05
id11758,0.9751914942555722,0.024342970216422108,0.00046553552800575755
id05134,0.020620987005400257,0.8844778892195139,0.09490112377508587
id15865,0.010448827587228126,0.9807279460517629,0.008823226361008935
id08591,0.031251257707133565,0.9679049180909294,0.0008438242019370929
id26318,0.022377021343895215,0.004407959540013387,0.9732150191160914
id05612,0.9988162362482477,0.0006195081769738173,0.000564255574778511
id14561,0.04775384161755366,0.38691505509835566,0.5653311032840906
id07666,7.607562502992565e-06,4.304158313963029e-08,0.9999923493959139
id01297,0.9781586080636238,0.008969924769327212,0.012871467167049025
id10688,0.010848106956708892,0.2218420547612747,0.7673098382820164
id15377,0.18419310966912839,0.8151194438417987,0.0006874464890729803
id23377,0.17192332711297076,0.4991371877770654,0.3289394851099639
id05797,0.02845085443810066,0.9216163728938219,0.04993277266807736
id06241,0.640651815491909,0.06165919978481358,0.29768898472327754
id10766,0.9759281650352395,0.012126182529360072,0.011945652435400465
id03928,0.9998919242519755,0.0001006312973175863,7.444450706859368e-06
id04429,0.012715761974945236,0.25218904770437994,0.7350951903206748
id24846,0.04800611783108385,0.1588692165287153,0.7931246656402009
id19784,0.0010543219565987225,2.358527543113578e-05,0.9989220927679702
id02452,0.9157291842730979,0.003531838644893491,0.08073897708200867
id02600,0.9281865246753882,0.06866054606823419,0.0031529292563777125
id27487,0.024050157039839502,0.0076882871273994706,0.9682615558327611
id12323,0.9997506116540689,0.00024851112741864197,8.772185125120302e-07
id00487,0.0036406912487849485,0.02954272754217276,0.9668165812090422
id06032,0.983466985937296,0.01322594730690593,0.0033070667557981354
id05211,0.7601106984702772,0.02195390093168234,0.21793540059804048
id16523,0.825275450550075,0.16630254428243066,0.008422005167494402
id08800,0.21775964983942594,0.7596897160436779,0.022550634116896326
id08791,0.0001419959998112406,0.0010862078156900457,0.9987717961844987
id10429,0.017023529424338903,0.0748082414047311,0.90816822917093
id20801,0.9766046575739651,0.023271206131129502,0.000124136294905334
id14055,0.0017356664363993948,3.3651694952316044e-05,0.9982306818686483
id09462,0.0013117533006056941,0.9982553061244661,0.00043294057492817005
id06725,0.12404190787067994,0.875135066700074,0.0008230254292460966
id01749,0.9462646758247167,0.05048614164330497,0.0032491825319782078
id22054,0.0002808809436996248,0.9994144914838451,0.00030462757245530665
id07244,0.00327047636737359,0.0005134351890291172,0.9962160884435973
id12562,0.9978968445017079,0.0004974401121021757,0.0016057153861899515
id13838,0.761380648178052,0.23456968204145126,0.004049669780496867
id22535,1.8516610519374734e-05,0.9999752532999631,6.230089517513914e-06
id01099,0.18748776071206277,0.8075756288524348,0.004936610435502469
id02190,0.05629429548928387,0.9430238393872474,0.0006818651234686972
id25921,0.12911266061494278,0.5962051781513698,0.2746821612336875
id16075,0.015185311786453734,0.06914160771396809,0.9156730804995782
id20465,0.8286039368990976,0.1616032780964113,0.009792785004491197
id06556,0.04129110458330876,0.0946213534848567,0.8640875419318346
id09360,6.288289779042983e-05,3.662424281428921e-06,0.9999334546779282
id09042,0.0007318795898435533,0.9992185817303357,4.953867982080455e-05
id08846,7.328742528332891e-06,0.9999924527770992,2.1848037249619045e-07
id21274,0.005904656591659899,0.23694739110653132,0.7571479523018089
id05841,0.851379642056895,0.12553234798001045,0.02308800996309466
id20361,0.9254109227986057,0.0016225648121493625,0.07296651238924498
id07499,0.9901194086919034,2.4669505220153436e-05,0.009855921802876462
id19466,0.20835226287278116,0.5124057853190838,0.2792419518081352
id16550,0.029258364499663705,0.9704757836389668,0.00026585186136951
id24512,0.25196854269288715,0.6875442940016095,0.06048716330550341
id14444,0.9287863605139507,0.00395999830221303,0.06725364118383632
id11395,0.9295642107354773,0.0057294708177978776,0.0647063184467247
id14907,0.0008771829643451544,0.0024002681790613917,0.9967225488565935
id19393,0.0017108647349597943,0.0006581430950983038,0.9976309921699419
id26780,0.9248875323002361,0.030262601788402888,0.044849865911360934
id03132,0.00689135541858529,0.04398447870953159,0.9491241658718831
id17709,0.9922580227538547,0.0003221648979012345,0.007419812348244157
id19739,0.8585631244852282,0.012521198950072643,0.12891567656469918
id08470,0.9973377132260492,0.002610031576104504,5.225519784618542e-05
id22312,0.0007731152738428876,0.9975090088682864,0.0017178758578707083
id20391,0.8058926980630892,0.05559636820407561,0.13851093373283513
id05295,4.1952376185234765e-06,3.263844197246648e-06,0.9999925409181842
id08129,0.13303489134403562,0.0036221819516333155,0.8633429267043311
id10615,0.166103642074473,0.004803567196090196,0.8290927907294368
id09506,0.15435918563342535,0.10057455499114087,0.7450662593754338
id22557,0.2187218671408449,0.7664257649153683,0.014852367943786884
id04181,0.0006832649211895421,0.9991531815509994,0.000163553527811077
id22457,0.007866067716920831,0.9920980403839036,3.5891899175668967e-05
id00340,0.25682797231089294,0.01177338427341749,0.7313986434156896
id18205,0.00012908232170467699,2.612411623077393e-05,0.9998447935620645
id03861,0.00026728038795268484,0.9988543172236112,0.0008784023884361397
id20546,0.9960492174069143,0.0038962322252633404,5.455036782229218e-05
id17226,0.013943246441077304,0.003582406343789767,0.9824743472151328
id10376,0.5439072657652918,0.2800166070215991,0.1760761272131092
id17734,0.05890857140748496,0.7074101703748118,0.23368125821770325
id09703,4.039605693264638e-05,0.9998247682749379,0.00013483566812949816
id16311,2.2596454648631902e-05,0.9994218301882614,0.0005555733570899919
id06524,6.505159212030319e-05,0.9997986352963061,0.0001363131115735731
id01082,8.138768842749612e-06,0.9996625527886497,0.00032930844250755366
id01940,0.3436909468366582,0.02706026940232883,0.629248783761013
id04146,0.0013503379087496457,0.0498723675622647,0.9487772945289856
id03891,0.9972990954551073,0.0007272161686844071,0.0019736883762081782
id14421,0.9685149190293508,0.002110390492794908,0.02937469047785427
id19027,0.9999989352870721,1.0585548867599077e-06,6.1580410925045975e-09
id19813,0.00018657901280401187,0.9997433244933254,7.00964938705976e-05
id05827,0.4631820673941949,0.0015380723969813724,0.5352798602088238
id03326,0.14102002751921103,0.009452011882583771,0.8495279605982052
id10089,6.556430220174848e-06,0.9999931753871514,2.681826284405245e-07
id06827,0.9769132994581134,0.01759186468682248,0.005494835855063988
id01209,0.9602211793920612,3.129004997589925e-05,0.039747530557962894
id08812,0.8713089353049458,0.025752297731627512,0.10293876696342674
id25906,0.9851332769797488,0.010569005385488911,0.004297717634762266
id25553,0.9469837223987809,0.001318053629814808,0.051698223971404125
id10193,0.011037289140221052,0.00019572499631152692,0.9887669858634675
id15438,0.9954789746342554,0.00033579726046678625,0.004185228105277722
id04821,0.0010197452789983607,0.9702982285604049,0.02868202616059667
id26592,0.0301675937213781,0.004757700810107814,0.965074705468514
id20195,0.08859624061950877,0.14330116247651656,0.7681025969039748
id00378,0.09471466934253572,0.19915256346024493,0.7061327671972193
id15052,0.9385916562641464,0.03564644573214638,0.025761898003707193
id09519,0.9953618977711026,0.004497961006925469,0.00014014122197190178
id04579,0.9776264987635751,5.774618598640786e-05,0.022315755050438535
id08274,0.9972064377302563,0.0003216655902722191,0.0024718966794714916
id26223,0.09176176529568741,0.9081685887989661,6.96459053465576e-05
id01914,0.9972824228321396,0.0024268822381741345,0.00029069492968625857
id05244,0.999955629772397,3.159945446270015e-05,1.2770773140242861e-05
id14467,0.9925578048230632,0.006335994397289888,0.0011062007796468884
id23284,0.3153331374666042,0.0005273630743562725,0.6841394994590396
id20634,0.0012473774535651176,3.524622249390891e-07,0.9987522700842099
id14659,0.9998851040602978,4.491003003672382e-05,6.998590966536548e-05
id23659,0.009346442954760519,0.99027445558608,0.00037910145915948687
id16902,0.9999985603302325,1.1182797138289843e-06,3.213900537726002e-07
id20509,0.9910572258179523,0.005744680084160541,0.003198094097887215
id08019,0.1888134957395522,0.03403078286036715,0.7771557214000807
id26180,0.0006918473819479031,1.4336171449475508e-06,0.9993067190009072
id01487,0.047269625633115354,0.8121700953637894,0.14056027900309534
id22898,0.0008203998690924083,0.9989868034652849,0.00019279666562265009
id24005,0.9841758288280641,0.013902692300555384,0.0019214788713804102
id00118,0.0191115644057182,0.9744725813232981,0.00641585427098381
id17435,0.17767108701784534,0.0006557712206420142,0.8216731417615126
id22574,0.9878532297363074,0.0030146794648123715,0.009132090798880322
id23882,0.007870046997462946,0.00030765029036362705,0.9918223027121734
id02618,0.9991223059831835,0.0006959606421219545,0.00018173337469452153
id06847,0.5323044776092304,0.42139191180128915,0.046303610589480466
id15448,0.006397282190306109,3.8454220980967216e-05,0.993564263588713
id20383,5.494371767924104e-06,0.9997946959174384,0.00019980971079367496
id18722,0.0003745635383356166,0.9996210052207052,4.431240959154882e-06
id24353,0.8838276274247505,0.0010244471537604485,0.11514792542148893
id22196,0.7453997019420976,0.16782547199764516,0.08677482606025733
id13239,0.008870463499044441,7.709619175297711e-05,0.9910524403092026
id14507,0.021784994507959596,0.9751066590166083,0.003108346475432154
id04619,0.007116377826292541,1.588856049903775e-05,0.9928677336132085
id00176,0.9998919279624148,0.00010755113083456347,5.209067506502505e-07
id14700,0.9999977313308565,8.720859795580166e-07,1.3965831639894284e-06
id10930,0.9986017988027966,0.0013723335256983667,2.5867671504981308e-05
id03830,0.012443990138797701,0.0012920953103604453,0.986263914550842
id01840,0.0030250496634670297,0.04345319450390591,0.9535217558326271
id18025,0.0023309059504443216,0.9976219487606801,4.7145288875644275e-05
id21361,0.9998534466254677,3.213459554040982e-07,0.00014623202857691914
id21999,0.0009942273072695246,0.9977191294164781,0.0012866432762523678
id20472,0.21442902723399998,0.0018545344361603445,0.7837164383298397
id01282,0.9857092449502223,9.04042370440988e-05,0.014200350812733645
id05687,0.009166481277070414,0.08557926602086832,0.9052542527020613
id19713,0.998235820214565,7.363795937859427e-05,0.0016905418260563733
id18634,0.9715964648529276,0.027291178098380928,0.0011123570486914623
id18322,0.32822128334304956,0.07372006284369158,0.598058653813259
id25178,0.7968178856532979,0.02642982757240966,0.17675228677429247
id13911,0.01545397654617043,0.9794407727970675,0.0051052506567620245
id02688,0.9233096427135719,0.03755429406917177,0.03913606321725638
id24097,0.9432460760605059,0.052220837424316484,0.004533086515177608
id05621,2.345178593411967e-06,0.9999358857444339,6.176907697261387e-05
id09435,0.05570656506047537,0.0020004972934920965,0.9422929376460325
id22564,0.9990058455576982,0.0009926959607816377,1.4584815201302597e-06
id26044,0.9843135244675706,0.0059453427200501525,0.009741132812379278
id24724,0.04985583147957202,0.39558853379032155,0.5545556347301064
id13568,0.001757995307741931,0.007272419166091538,0.9909695855261665
id11196,0.933121027514982,0.03419413990065447,0.03268483258436351
id04842,0.053037547952361104,0.0022947998257544055,0.9446676522218845
id03445,0.9999873633840539,8.605694944623569e-06,4.030921001343968e-06
id08194,0.29522758358115364,0.1067410182191555,0.5980313981996909
id19747,0.7114001142105337,0.0007285048927861817,0.2878713808966802
id06540,0.05095391418477592,0.8832544754631302,0.06579161035209392
id13171,0.5121977863728934,0.4876055919984502,0.0001966216286565469
id23807,5.014382428419823e-05,1.9307399432571268e-07,0.9999496631017215
id12408,0.0012986717192189521,0.9975991987558938,0.001102129524887354
id18388,5.3635070432363796e-05,0.00012801087090935732,0.9998183540586583
id16219,0.0002282064103014295,3.2909187662627e-06,0.9997685026709323
id11022,0.9674225512928943,0.03069263328137944,0.00188481542572625
id12514,0.4554597743018937,0.03943598775205948,0.5051042379460469
id07322,0.9999523856456273,4.570878085844145e-05,1.9055735144001607e-06
id04600,0.007619915771942547,0.38753587892314384,0.6048442053049136
id15608,0.0046326075018817935,0.035906906684926486,0.9594604858131918
id19223,0.33997092077290586,0.014441334997676128,0.645587744229418
id18680,0.9986987584637242,1.31744770185604e-06,0.0012999240885739707
id23359,0.8108730997319351,0.014900993643354368,0.1742259066247104
id07332,0.08452183564565088,0.9039303726083864,0.011547791745962857
id11424,0.05675931930159817,0.023080530291918453,0.9201601504064835
id01916,0.2527561072998823,0.4851993869944534,0.26204450570566423
id23814,0.7453997204114436,0.1253235206989983,0.129276758889558
id05821,0.028935844983618442,4.955189795614946e-05,0.9710146031184255
id15471,0.9706623594194277,0.000900481891918622,0.028437158688653756
id06742,2.2070991729219783e-05,4.943576177433963e-05,0.9999284932464965
id16393,0.28155438143162415,0.7084014490122299,0.010044169556146053
id14430,0.17337347595238764,0.004424110022128882,0.8222024140254836
id15086,0.9932844621693421,0.002093286138438323,0.004622251692219586
id13673,0.8481310809323536,0.14354313889916553,0.008325780168480743
id11456,0.8504867302760791,0.10238497017189979,0.04712829955202113
id08475,0.9252745830187304,0.003886154985393916,0.07083926199587563
id02793,0.9418762725245895,0.0030160362428740496,0.05510769123253644
id03576,0.9724992934239935,0.015693273277818914,0.011807433298187604
id10747,0.9993136976087625,0.0003898771929966577,0.0002964251982407547
id17875,4.95285295267727e-06,0.9999947364916946,3.1065535276805843e-07
id20045,2.2496753130849885e-08,0.9999999237173592,5.378588767418977e-08
id25448,0.7506059076590251,0.22738450976865562,0.022009582572319344
id11715,0.9995074044440613,3.2680441229241874e-08,0.0004925628754975129
id22739,0.009024610760721738,0.1952040673626625,0.7957713218766158
id07457,0.9996819993130395,0.0002349961882389117,8.300449872168651e-05
id27357,0.9852170730459653,0.0008101534220761996,0.013972773531958535
id01139,0.506126976925876,0.4905301432626844,0.0033428798114395575
id00407,0.009546201075773081,0.00023566010065032296,0.9902181388235767
id20956,0.9970395134797524,0.0006028478475512243,0.0023576386726963687
id13702,0.6739463788449777,0.026064597018615267,0.299989024136407
id00327,0.990388395290441,0.00034849656564554755,0.009263108143913514
id24372,0.017758967283722962,0.9818742000251084,0.00036683269116862156
id03983,0.1976674679839483,0.8012246098250261,0.0011079221910256835
id15264,0.021761833552749937,0.9722418014037153,0.005996365043534744
id09679,0.9175291006417778,0.00927006334651066,0.07320083601171157
id20899,0.7391368711219216,0.044255585376821636,0.2166075435012568
id21494,0.0015850027964566368,0.9977439398124556,0.0006710573910877224
id02513,0.03179491077350007,0.965499604769556,0.002705484456943968
id21834,3.608369014932275e-05,7.313735747998434e-06,0.9999566025741027
id23463,0.020027882218942562,0.9714900241597481,0.008482093621309389
id26529,0.9183820018020128,0.012129223982332928,0.0694887742156543
id22078,0.5820789728827679,0.14867442262308295,0.26924660449414917
id08063,0.005553109286565313,0.9019595219722712,0.09248736874116346
id18690,0.0011840978005515672,0.9979059264357387,0.0009099757637096686
id03908,0.9995988025120356,0.0001128556274202015,0.0002883418605441441
id00876,0.6065095850036673,0.14191230962703022,0.25157810536930264
id19633,0.9993195230419695,0.0003631997976939926,0.00031727716033660026
id23096,0.000501755379081922,0.0008123264180157905,0.9986859182029023
id07547,0.0010131026078236186,0.9867934424579095,0.012193454934266934
id10136,0.0011308725334482025,2.4581298612143354e-05,0.9988445461679396
id22645,0.9998108053390266,0.0001576543805739005,3.154028039953697e-05
id27376,0.12362153384331542,0.005196028082728821,0.8711824380739558
id26458,0.009210894961090173,0.9879338812364954,0.0028552238024145255
id07617,0.00020603922485670773,0.999785422387776,8.538387367345452e-06
id11254,0.9936150302753386,0.0012339847930594684,0.005150984931601958
id25871,3.774839171423175e-05,0.9999418070417375,2.0444566548285332e-05
id26074,0.31334599312271005,0.6846521945865822,0.002001812290707742
id24558,0.005768575142212412,0.02904293296394574,0.9651884918938419
id26515,0.00016706269494952042,0.9998322810708585,6.562341919757351e-07
id10532,0.0891850132396315,0.37042509262533635,0.5403898941350321
id24063,0.0005075140841061571,0.9992888420061912,0.00020364390970261203
id12872,0.05050765462634904,0.917967982064357,0.03152436330929398
id23564,2.577088344441652e-05,0.9999728351064991,1.3940100564270924e-06
id20074,0.6563505319406885,0.0756711671865707,0.2679783008727408
id00703,0.9999980041272744,1.9640330425779504e-06,3.183968311493018e-08
id07178,0.9286163129877973,0.058915158884790264,0.012468528127412415
id00468,0.5988218730397954,0.3824541013496615,0.018724025610543153
id08647,0.915608563378086,0.08202972398138612,0.0023617126405279607
id27338,0.9402587271978181,0.002819366625023144,0.05692190617715879
id14958,0.00027590925095264985,6.384836583124617e-05,0.9996602423832162
id20954,0.8154510060890406,0.01221623769543511,0.17233275621552419
id04495,0.000276990204232742,0.9995400649487003,0.00018294484706700984
id09676,0.11204903510528424,0.8851128125765909,0.0028381523181248737
id16643,0.9871390868416262,0.01037966454306928,0.002481248615304422
id22018,0.33871633288567093,0.05703898048563731,0.6042446866286918
id09754,0.7622826560876498,0.2330969622842529,0.0046203816280973075
id15184,0.9294588729928105,0.018591035833559522,0.051950091173629975
id06930,0.018121545316900335,0.0022716194999376545,0.9796068351831619
id19391,0.992142610476907,0.006443037165341714,0.0014143523577514036
id21111,8.324955484752062e-05,0.06521022736105282,0.9347065230840996
id19884,0.0780144725331028,0.03381311909908423,0.888172408367813
id00356,0.0025656534618623537,0.0011173419354004275,0.9963170046027373
id03227,0.9957459296530022,7.339977065275621e-06,0.004246730369932551
id24959,0.9713878061381879,0.018538456602485872,0.010073737259326174
id23792,0.9365615163026854,0.0001407336423579987,0.06329775005495655
id15765,0.05030985480610499,0.009558225377168285,0.9401319198167267
id22342,0.5267050743222753,0.47188442468750097,0.0014105009902237295
id21764,5.573674555554898e-05,0.9999437727524556,4.905019887934471e-07
id08929,0.007021070676858598,0.018246052972609634,0.9747328763505317
id10860,7.227769191656855e-06,0.9978844607874656,0.0021083114433426255
id14842,0.0023191454370595243,3.5728857547834725e-05,0.9976451257053927
id14149,0.0002111061771419947,0.9991616739604561,0.0006272198624018593
id04850,0.9999724459890913,6.714314565727445e-06,2.0839696342967325e-05
id03697,0.0010475130197821994,0.9879490579419534,0.011003429038264336
id20031,9.009325349001375e-05,0.002242860517592921,0.9976670462289171
id10148,0.9850279984216944,0.014820365851831982,0.00015163572647361513
id06233,0.002346432687406525,0.0014563537020304133,0.9961972136105631
id17614,0.23875800920312218,0.4732464994824311,0.2879954913144468
id24548,0.9284802262011308,0.0495884429946585,0.021931330804210773
id04717,0.08721358586733162,0.8276273505658464,0.085159063566822
id12557,0.0027226026555893434,0.9962461298095052,0.0010312675349053624
id15563,0.9998600998711565,9.112675828746599e-05,4.8773370555981585e-05
id19414,6.191725527882709e-07,0.9999990829103222,2.979171248792949e-07
id24538,0.5173668539555182,0.2054753276852451,0.2771578183592368
id20701,0.001446716858540559,0.3481365955033737,0.6504166876380857
id16710,0.015743548717437657,0.9768851982553832,0.007371253027179091
id00190,0.6676466921905758,0.3305514192340855,0.001801888575338675
id12066,0.9998620056012425,0.00012336595786316195,1.4628440894368707e-05
id21743,0.053480899949977276,0.945554939085197,0.0009641609648256398
id10746,0.11922971027084973,0.005375038681513097,0.8753952510476372
id23032,7.504055842989876e-06,0.9999441476981974,4.834824595946699e-05
id02466,0.8446250783811438,0.08344799232864836,0.07192692929020775
id27963,0.000649917348242189,0.003384246250621698,0.9959658364011361
id05550,0.6447093712394395,0.2613454746317698,0.09394515412879065
id07328,0.010148199079207845,0.005032702703253144,0.984819098217539
id06158,0.986304595197647,0.000596751003870827,0.013098653798482244
id15690,0.00021023238951125615,0.00010364334664907359,0.9996861242638396
id17960,0.07803018900762611,0.0010968887914995422,0.9208729222008744
id22487,0.9999548837532105,4.489631888045627e-05,2.199279090345018e-07
id25435,0.0004796178903221073,3.966048021798642e-05,0.9994807216294599
id06988,0.0015057934716123868,0.0013428490008560764,0.9971513575275316
id19092,7.911468927223165e-05,0.9999046474111296,1.6237899598129253e-05
id20677,0.9706077347155013,0.02606700394456751,0.0033252613399312337
id27009,0.6629057245469901,0.03276606096999722,0.30432821448301256
id14869,0.5143540121605094,0.4425126733336503,0.043133314505840355
id06306,0.9883462896668265,0.011138263028646563,0.0005154473045269715
id13101,0.9975048436206472,1.4908591493362675e-05,0.002480247787859489
id25263,0.9861182109731502,0.0005621808648671136,0.01331960816198263
id01355,0.00037092195509933666,0.9889720301537701,0.01065704789113062
id04460,0.020303828089567863,8.316245412088688e-05,0.9796130094563112
id08358,0.9918785482727603,0.008120957826754866,4.939004849007078e-07
id22714,0.009127143658353563,0.02387089181115207,0.9670019645304945
id19504,0.9725318759028794,0.0193681396663694,0.008099984430751299
id25736,0.07352901549116189,0.8206070860756688,0.1058638984331694
id24201,0.0001514332841500903,0.9997764644461922,7.210226965764095e-05
id12920,0.999392520886348,0.0005808836124285865,2.659550122342399e-05
id12770,0.00021873921566080632,0.9972588103238259,0.002522450460513316
id20615,0.9996343078127979,0.00017935867554970416,0.00018633351165230237
id19427,5.296247644272833e-05,1.4748593398762826e-05,0.9999322889301585
id03006,0.9966823895178744,0.0005529850713486723,0.0027646254107770046
id00868,0.04722942364358523,0.005984837648849824,0.9467857387075649
id19695,0.3223837735152187,0.058094581553704734,0.6195216449310766
id06474,0.9988466863974373,0.00011024353688815298,0.0010430700656744961
id11108,4.6211275420841585e-06,0.9993428902480938,0.0006524886243641697
id01017,0.008040764858024794,0.12366852318471422,0.868290711957261
id10104,0.9052766398799275,0.007422911137829825,0.08730044898224272
id15930,0.9997713289507436,6.886359925911115e-05,0.00015980744999733416
id05883,0.0012065296260384308,0.00038605381554891185,0.9984074165584127
id10209,0.0032110173519602956,0.00012413820426924278,0.9966648444437705
id14868,0.6441030050227634,0.02175068799679216,0.3341463069804445
id27617,0.9547667221117688,0.035271089133698946,0.009962188754532307
id14264,0.46005588477600556,0.005770239088360488,0.5341738761356339
id07597,0.01470239049653742,0.01878766545670728,0.9665099440467553
id17732,0.9970967689992716,0.0013549066706793473,0.0015483243300490623
id13859,0.9690299979357049,0.01825431060394691,0.012715691460348339
id14976,0.0018511417832487785,0.9979679480684992,0.00018091014825215936
id25226,0.033445803993539795,0.004064980621224546,0.9624892153852357
id17268,0.12068138765134706,0.0068860980905792605,0.8724325142580737
id14936,1.66898658147517e-05,0.99997988317962,3.4269545651915576e-06
id18615,0.08592335064159604,0.9135346965437634,0.0005419528146405295
id26184,0.9993270055704612,6.193531973796096e-07,0.0006723750763414027
id11495,0.10365349715976974,0.07576559349833992,0.8205809093418903
id05663,0.00010547256315856307,0.00028611259270734814,0.9996084148441341
id10335,0.3603355057406005,0.323616290246548,0.31604820401285155
id08480,0.8693159221638344,0.11184164123331795,0.018842436602847654
id21511,0.8574726156935754,0.11766956616456764,0.02485781814185703
id20988,0.9612087096437932,0.035427838660428236,0.003363451695778531
id19273,0.0005468730043797424,0.9993832314545499,6.989554107038062e-05
id15420,0.624225633442592,0.015090849587668823,0.3606835169697392
id16016,0.00026150792743618597,0.999038336243556,0.0007001558290078905
id16084,0.01156213358952062,0.008457685563765112,0.9799801808467143
id27093,0.01317669795034997,9.833561914764917e-05,0.9867249664305023
id24695,0.0007793371795260843,0.00934638723073396,0.98987427558974
id03245,4.517321500210445e-05,0.9986872968031483,0.0012675299818496442
id26358,0.004625442814027746,0.01342415313092544,0.9819504040550469
id17966,0.9925689827112001,0.0049745054520513865,0.0024565118367485235
id26651,0.9730999801230106,0.02273037703861568,0.004169642838373746
id17275,0.9997961908314177,0.00014429488549318455,5.951428308913687e-05
id21720,0.8219524432129726,0.027137889943377496,0.15090966684364993
id22926,0.0030992682353919443,0.043852039296689044,0.953048692467919
id12231,0.0047830588181196985,0.9943174217182561,0.0008995194636242529
id21026,0.04225140966261546,0.012329806072369774,0.9454187842650148
id11675,0.07170269301940163,0.1726687289744581,0.7556285780061403
id21890,0.504249807414615,0.016993692688972564,0.4787564998964125
id04050,4.770314572858533e-05,0.005470278989747161,0.9944820178645243
id24996,0.004795475066890226,0.019913686622382555,0.9752908383107273
id00025,0.30483675317549974,0.6950992515720044,6.399525249594726e-05
id23916,0.00017341511906491296,0.9997331398613482,9.344501958692447e-05
id21254,0.7243283379426299,0.2317141263066679,0.04395753575070216
id13322,0.9916265535624086,0.007630835139752898,0.0007426112978385659
id23928,0.7451607652941146,0.002819834156940913,0.25201940054894467
id14748,0.007798001321117676,0.004242785203456043,0.9879592134754264
id26538,0.6220436855648965,0.03496337060096627,0.3429929438341373
id27759,0.0011984387986170224,0.0001778523934666007,0.9986237088079164
id19661,0.999615362209683,1.7035547095482456e-07,0.00038446743484604106
id17018,0.002293778877857469,0.002916245555037432,0.9947899755671051
id05505,0.634310975343499,0.34896108017143107,0.016727944485069916
id16155,0.795150925072927,0.05100311921519612,0.15384595571187692
id06274,0.007170216108331428,0.002691666844839864,0.9901381170468287
id13832,0.6362659938156818,0.342225628667826,0.021508377516492108
id14666,0.9492459322894671,0.04117028236447108,0.00958378534606181
id04489,0.29530888480412043,0.0007348961791454724,0.7039562190167342
id19140,0.8728033327652591,0.008975860659210452,0.11822080657553045
id14570,0.95671108624486,0.0023130258081429157,0.040975887946997074
id16079,0.9910895301095783,0.00047971207578970847,0.008430757814632029
id06866,0.10056340526411026,0.003719850939161412,0.8957167437967284
id12730,0.2202933999086474,0.7796849455266066,2.1654564745958927e-05
id09257,0.0014835447578039709,0.00018359932182202528,0.9983328559203739
id02782,0.1791186848061698,0.02503617550668589,0.7958451396871444
id10412,0.9999999980225063,4.66731083066226e-12,1.972826493384704e-09
id04988,0.00012388956669004547,0.9277650964631601,0.07211101397014988
id07728,0.9733798876310792,0.025749243698586832,0.0008708686703340353
id21947,0.9993932525234992,0.0005326061077566039,7.414136874413747e-05
id27700,0.9884259800150582,0.01129545431641626,0.0002785656685256138
id18178,0.00012701489273267316,0.9990442361617095,0.0008287489455579104
id25949,0.004432190234793373,0.9415793318791722,0.05398847788603444
id23008,0.0016476847966604355,4.578301308780017e-05,0.9983065321902518
id09238,0.841501456446893,0.011342230817816176,0.14715631273529084
id12943,0.010769186491502894,0.984496646969067,0.004734166539430066
id02659,1.4355491946501041e-05,0.9997159873251191,0.00026965718293441856
id03648,0.98821086330445,0.009072641441604608,0.002716495253945511
id03954,0.9824292379574739,0.001797914373475001,0.01577284766905112
id07026,0.00033877960125631507,0.99806782532344,0.0015933950753038277
id14228,0.0002291496525062307,0.9972553558076007,0.0025154945398930297
id22647,0.0012526230466570912,0.011844319576484597,0.9869030573768584
id23435,0.9853565422592023,0.014610790611493184,3.266712930448882e-05
id08200,0.016861453973149743,0.9657691211103575,0.01736942491649265
id23257,0.012405469289867953,0.0004520923899026969,0.9871424383202294
id02684,0.8808123797865393,0.05320573990251911,0.06598188031094171
id05186,0.9793400864785783,0.020016767066198347,0.000643146455223268
id25261,0.4761626605024753,0.025973298070245746,0.49786404142727897
id24081,0.8681116835052488,0.08184368860929701,0.0500446278854542
id27087,0.9999786584975079,2.1228051254039577e-05,1.1345123811909224e-07
id03533,0.9488087468799006,0.031775691934414665,0.019415561185684813
id07998,0.8807438964878577,0.026586767982671494,0.09266933552947096
id01240,0.20236795229843474,0.7569505772468261,0.04068147045473922
id24927,0.021344476504647446,0.9783815707481077,0.00027395274724488684
id15752,0.5197070944674012,0.429949975881191,0.05034292965140788
id26594,0.0003895191654790977,0.9995591478093498,5.1333025171016765e-05
id20012,0.008025826601672495,0.00220789090856785,0.9897662824897597
id15476,0.013438627645750266,0.9071190770356967,0.07944229531855318
id15624,0.9828060011813646,0.007097738095334447,0.01009626072330089
id02404,0.012129383793077386,0.9873832938630603,0.0004873223438622444
id21944,0.8840112456822007,0.011633781586602976,0.1043549727311964
id24442,0.6312176123748806,0.33967961261089585,0.02910277501422356
id26490,0.12605209672869108,0.0031936616024540107,0.8707542416688548
id21897,0.9990590871207744,0.00012065433051016392,0.0008202585487155469
id05575,0.46247320325398333,0.16781937557140938,0.3697074211746073
id01874,0.0060464295955725165,0.9902507609940717,0.003702809410355825
id26617,0.9481964986663737,0.029959313065402192,0.021844188268224127
id13079,0.0945074702957489,0.010885899496304413,0.8946066302079467
id02068,0.5462956193460422,0.11986858825621097,0.3338357923977469
id27872,0.9988809686445335,0.0010486509716173585,7.038038384920646e-05
id08814,0.562382834788256,0.04187832485555398,0.39573884035618995
id12841,0.18236672313848842,0.7302420536762134,0.08739122318529809
id06716,0.9077751332199192,0.045101353193513806,0.04712351358656695
id10115,0.2560807839792758,0.0010284899367082,0.742890726084016
id16121,0.26829421378826906,0.7289243496743527,0.0027814365373782916
id00985,0.875329742318073,0.05465227995591126,0.07001797772601569
id06063,0.02408588343539582,0.9744443519848253,0.0014697645797788832
id22076,0.07631480037951498,0.002365780013621328,0.9213194196068638
id27589,0.05968238062057645,0.8745125103483937,0.06580510903102989
id18996,0.010646459948309303,0.9890968934560038,0.0002566465956869579
id05801,0.0007857786983333426,1.6042955670448068e-05,0.9991981783459962
id06880,0.008227986350320264,0.0193508365356419,0.9724211771140379
id25746,0.9993345386038679,5.204215390102702e-05,0.000613419242231084
id02569,0.979576125946769,0.005661962003444922,0.014761912049786148
id23368,0.00393065057918627,0.00018963986083888248,0.995879709559975
id23186,0.3775734904847229,0.03204682941912149,0.5903796800961557
id07484,0.0235924332685403,0.4839016986781672,0.49250586805329255
id06951,0.021187385555143875,0.9787896259707796,2.2988474076559257e-05
id23972,0.21840435780304102,0.00407854986265793,0.777517092334301
id25997,0.998912400025127,0.0010686300496136718,1.8969925259315526e-05
id10863,0.9324876139787697,0.04671649497193159,0.02079589104929869
id25454,0.9967090271205509,0.0032830418650520205,7.931014397190624e-06
id09071,0.0008597882887558809,0.9990797487679678,6.0462943276303616e-05
id15125,0.0010205619865448592,0.9975149506504982,0.0014644873629568592
id22672,0.1588758440935314,0.017354823937926606,0.823769331968542
id27813,0.0058674162050204575,7.069872941377276e-05,0.9940618850655658
id03960,0.2521975794925844,0.09602920865141545,0.6517732118560001
id11526,0.014993949765855415,0.9838010860759964,0.0012049641581481077
id07872,0.39540076380837286,0.11150009236229472,0.49309914382933245
id09497,0.9118698871024647,0.030208828738793176,0.05792128415874212
id24222,0.0007381964980826761,0.9478616101726026,0.051400193329314676
id04272,0.8449184485628243,0.001810646575786237,0.15327090486138958
id02938,0.03609022131189512,0.922720659426649,0.04118911926145587
id00269,0.04681482957436049,0.23319714148617332,0.7199880289394662
id14925,0.012167479761059355,0.0005097812367882396,0.9873227390021524
id17843,0.06890875725893185,0.00943789388174824,0.9216533488593198
id20327,0.9290779862023163,0.06577711689530565,0.005144896902378073
id13986,0.3086460191933038,0.0023572689422446755,0.6889967118644515
id21777,0.35701531857849733,0.3932272505684766,0.24975743085302599
id16285,0.03568903686032844,0.9574357835678082,0.006875179571863375
id12045,0.9898208742699394,0.009756326007352923,0.00042279972270771373
id06237,0.8993391868300852,0.013686567000544042,0.08697424616937086
id20483,1.2575728820405726e-06,1.1126738349270766e-07,0.9999986311597345
id21708,0.9822292799957404,0.014219706637094315,0.0035510133671653086
id05422,0.5497711677231821,0.038985879518425366,0.4112429527583925
id14544,0.9933574444797802,0.005609371188397088,0.0010331843318227161
id07488,0.13493646647940863,0.8609263853522582,0.004137148168333202
id19353,0.0002052896313509536,0.9997931602395077,1.5501291413742432e-06
id16174,8.968882232525485e-05,0.0010257716958317546,0.9988845394818431
id21765,0.06004370482953428,0.002526237468847952,0.9374300577016178
id21583,0.007340662468099302,0.9898124623391712,0.00284687519272956
id11740,0.8197486379790553,0.018057671398618302,0.1621936906223265
id23396,0.8900612772948822,0.02081740597928366,0.08912131672583418
id16511,0.8307762399668306,0.1585824033390071,0.010641356694162343
id11598,0.9903094268464919,0.004995602806838291,0.004694970346669809
id02804,0.488751417551197,0.0712419936816287,0.4400065887671742
id07123,0.5102312870333265,0.32360174921972906,0.16616696374694445
id13092,0.3530106452080478,0.6116280572815084,0.0353612975104437
id13271,0.00353669432456963,0.996295036357126,0.00016826931830446473
id06272,0.0004904508340541945,6.0181266975119006e-05,0.9994493678989707
id06694,0.5538931465020746,0.0756452635475961,0.37046158995032946
id04330,0.9117484018803722,0.06244970207950252,0.025801896040125314
id20492,1.9591646561153915e-08,0.9996113818581237,0.00038859855022971025
id14774,0.1130120664737407,0.8864559344456721,0.0005319990805873495
id02457,0.04873741659708601,0.9508490942983782,0.0004134891045358886
id09725,0.18762927099240645,0.8077532983281068,0.004617430679486512
id17116,0.05557574777652476,0.941091072072115,0.0033331801513602796
id04106,0.5916747245796553,0.3411646639596946,0.06716061146065014
id00557,0.9545914298183475,0.02641254569479106,0.018996024486861447
id04683,0.0005360930546296347,2.4874700158598846e-06,0.9994614194753545
id12081,0.7951602998220291,0.03870363584979897,0.1661360643281719
id22575,0.004072945592385652,0.9958415616293155,8.549277829883487e-05
id05602,0.9669874608000897,0.0006091790382696066,0.03240336016164069
id21532,0.9927626056620188,0.007155298023728758,8.209631425255597e-05
id14584,0.9432285863636114,0.04889557007343347,0.007875843562955216
id20301,0.829661256831715,0.002305440004130842,0.16803330316415419
id15251,0.9554288248015274,0.04436949145478506,0.000201683743687558
id20270,0.0021792726180995324,0.9977946524537044,2.6074928196058596e-05
id04738,0.8409954261805939,0.0024777355819443872,0.15652683823746177
id17962,0.010628400134553049,3.18115808954592e-05,0.9893397882845515
id05003,0.0021202995420926104,0.0006783905858440935,0.9972013098720633
id23576,0.999494321094351,3.123991914877025e-05,0.00047443898650033025
id25745,0.016332056711555205,0.9405024774969641,0.043165465791480624
id17062,0.9220845234645324,0.005935158295178004,0.07198031824028954
id27507,0.029120559775789052,0.046581607738701375,0.9242978324855096
id23898,0.9965610264582095,0.0006051248089034211,0.0028338487328870383
id15929,0.00040566593853320486,0.9993210282152429,0.00027330584622387065
id21330,0.8298883361907458,0.0038544187349709115,0.16625724507428333
id24990,0.9872097489857969,6.583918140905782e-05,0.012724411832794057
id24185,0.06087288573701542,0.009072840866823669,0.930054273396161
id20455,0.9761380202294949,0.0030929213290822838,0.02076905844142283
id27952,0.3963609508657783,0.07535077451471836,0.5282882746195033
id20592,0.6293980123761534,9.629927888374809e-05,0.3705056883449628
id20616,0.6668163675720608,0.07807075671021,0.2551128757177293
id20591,0.012253797654785726,0.0007163687449090556,0.9870298336003053
id14177,0.3535498584333116,0.3898213319467891,0.2566288096198994
id02169,0.9991451407119945,0.0003011184911597173,0.0005537407968458793
id09818,0.012957852092733004,9.550291419795499e-05,0.986946644993069
id26864,0.039049738696322216,0.9597230134855853,0.0012272478180925706
id12388,0.055068235526745474,0.9159609288809555,0.028970835592299096
id11038,0.9703991762662723,0.007018185272118079,0.02258263846160974
id12061,0.9988311339685482,0.0011670183911270907,1.847640324700629e-06
id04018,0.30265875823207783,0.004887278824842449,0.6924539629430797
id12405,0.5943848159850695,0.3065010366251751,0.09911414738975541
id01878,0.4673329932089995,0.017050446381278866,0.5156165604097216
id18897,0.02444720843847359,0.9753225871006761,0.00023020446085040167
id22682,0.24649666565961242,0.7523808708309327,0.001122463509454854
id27115,2.3430921616544205e-06,0.9999976221866687,3.4721169734444926e-08
id05234,0.9152224037479074,0.024205369780463854,0.060572226471628854
id23726,0.9999936619764621,4.135243152638012e-06,2.2027803852344352e-06
id22075,0.001095306378140594,0.9987722299157855,0.00013246370607396168
id27216,0.9999399263177007,4.840841888227434e-06,5.523284041114606e-05
id07109,0.0019352786326854215,0.9980543323837809,1.0388983533677932e-05
id21292,0.5762555326456027,0.3006594493587837,0.1230850179956136
id04158,6.424295414811627e-05,0.0028518113345131313,0.9970839457113387
id10534,0.986733909512875,0.002033079461936377,0.011233011025188549
id10989,0.9061511038139412,0.08218574497798378,0.011663151208075007
id17817,0.0016573940045503672,0.0002580056992472304,0.9980846002962024
id14617,4.837891214689269e-05,0.9956543682111589,0.0042972528766942
id01978,0.9743622308452292,0.0034928509415274966,0.022144918213243315
id14202,0.00534132872789449,0.0006624474353652058,0.9939962238367404
id12332,0.03686674783253369,0.00035012545707772984,0.9627831267103886
id03649,1.3151684458585585e-05,0.9998573678083779,0.0001294805071635214
id21830,0.8653499242296043,0.023227414764172345,0.11142266100622335
id11278,0.7090458829392379,0.2878292665603649,0.003124850500397219
id22343,0.9999953381851354,1.3089822892287918e-06,3.352832575407233e-06
id08160,0.9993884133359262,4.1161992785136905e-06,0.0006074704647952734
id10506,0.3789644842752703,0.5670245155934043,0.054011000131325315
id01006,0.7868420727154659,0.08317682547658292,0.12998110180795125
id07000,0.0045815327204714665,0.9944977136176163,0.000920753661912281
id15958,0.040732557622386756,0.0007101654684176264,0.9585572769091956
id27256,0.9611936370843055,0.034454222644060666,0.004352140271633878
id00072,0.8315543258168422,8.411259088717943e-06,0.16843726292406916
id08562,0.24512288284528871,0.029694991300545523,0.7251821258541657
id24309,0.009243164670508735,0.004430666913157438,0.9863261684163339
id07355,0.3789667164625906,0.6199138819149825,0.0011194016224268855
id18604,6.3454378701144644e-06,5.223331716326614e-07,0.9999931322289582
id04076,0.9043657846563146,0.09331519875385393,0.0023190165898314755
id26925,0.0001449275803519882,0.9799192244714366,0.019935847948211377
id14852,0.9934176819908594,0.0061665386313665424,0.00041577937777403175
id05584,0.6750587292699671,0.003476204577729458,0.32146506615230347
id22864,0.02901901431023991,0.969027062223216,0.0019539234665441455
id05507,0.999998624323176,3.6003604479902804e-08,1.3396732196020255e-06
id11434,0.005256855957180162,0.9932444342877008,0.0014987097551189673
id08324,0.024266481272538717,0.9487080201653919,0.027025498562069258
id23117,0.002790941828260822,0.9968357661298594,0.0003732920418798929
id16296,0.9965737687503877,3.844961167070694e-05,0.003387781637941645
id18924,0.21076640698483745,0.6909309666639241,0.09830262635123842
id15909,0.9839942149807948,0.004637641707980828,0.011368143311224398
id25338,0.9279334150639295,4.801158827518121e-05,0.07201857334779536
id25981,0.996143466444648,0.0021157472964006643,0.0017407862589513222
id14670,0.9964847217531893,0.0009134940082008498,0.0026017842386099324
id12396,0.0029996109254700094,0.9951783941808585,0.0018219948936714708
id19277,0.00023487249757406828,0.00023934492269992328,0.999525782579726
id24809,0.3133641351521937,0.5526984980417016,0.1339373668061048
id20846,0.030497214661548866,0.00025073237623078663,0.9692520529622204
id11040,0.9760299956796195,0.010371648214199539,0.01359835610618096
id06094,0.9884422903688241,0.010444393134805007,0.0011133164963707458
id22795,0.0238448036896317,0.9733492022502537,0.0028059940601145987
id04747,0.02667921756762723,0.01759930334415346,0.9557214790882194
id05432,0.000656208835819,0.00031433275118945034,0.9990294584129916
id25198,0.9998587078376274,0.00012092584378702403,2.0366318585652557e-05
id00592,0.9992128097693744,0.00011148616499837063,0.0006757040656273234
id13221,5.7707414871958336e-08,0.9999999422502927,4.229252974348107e-11
id23301,0.5454123610397421,0.05318278729213735,0.40140485166812057
id21781,0.10309491392800978,0.0027725476849711633,0.894132538387019
id00642,1.4305129375602045e-07,0.99999332247893,6.534469776167473e-06
id12760,0.19089234128642024,0.04017562195882584,0.7689320367547539
id13666,0.027164378608085973,0.0008245422436687639,0.9720110791482452
id04997,0.8164085057155924,0.08085302651150121,0.1027384677729064
id21906,0.0788356021869065,0.3497869752685985,0.571377422544495
id26072,0.02495549194692318,0.9742898913971492,0.000754616655927711
id19004,0.005625623365772779,0.00028574867012103847,0.9940886279641061
id11638,0.0005502721861659126,0.004805960465653066,0.994643767348181
id01941,0.9144762274264061,0.06572112928805338,0.019802643285540378
id18590,0.9795904906724877,0.013486522409014393,0.006922986918497846
id01856,0.020391182830307726,0.9787287785844102,0.0008800385852820858
id04469,0.9720461304588564,0.0076203334866237924,0.020333536054519832
id11732,0.10392604306448465,0.023504123481125568,0.8725698334543898
id06824,0.00013362522350446085,0.04335356969238319,0.9565128050841123
id11941,0.00010484860581795191,0.9998480946604548,4.705673372730879e-05
id06786,0.9251139476797337,0.0046111668822608415,0.07027488543800552
id22028,0.006231644244548586,1.507499232197295e-06,0.9937668482562192
id14323,0.009846211709313586,0.012605585169648218,0.9775482031210382
id11134,0.001064812344215016,0.9976825111740837,0.0012526764817011578
id09894,0.9996442776941463,0.00010585861561379443,0.00024986369023997473
id19046,0.6696345971931862,0.0008995509669863911,0.3294658518398274
id26307,8.019752307065393e-05,0.9999182334044951,1.5690724343144545e-06
id22554,0.0047900933456190556,5.3815150442858175e-05,0.9951560915039381
id16042,0.02729325430880379,0.8499329979328248,0.12277374775837138
id19948,0.9999265888526194,3.3026805925540494e-06,7.010846678805644e-05
id02019,4.35359124127805e-05,0.9997241192599893,0.00023234482759782366
id02727,0.9917251826850303,0.004015461550129657,0.004259355764840147
id08679,0.032515176514495786,0.02657018366630478,0.9409146398191993
id27436,0.29401409877736445,0.01729531579076132,0.6886905854318742
id07161,0.9775242341164525,0.020783791903118413,0.0016919739804291322
id11869,0.000570519658581296,0.9989125720634572,0.0005169082779614286
id00076,0.082350496110832,0.04845480147106998,0.869194702418098
id00586,0.13701110587660764,0.7455900005603041,0.11739889356308829
id14423,0.2151961769630328,0.3723219796214876,0.4124818434154796
id25611,0.0059439932399515,0.9900941245807833,0.003961882179265132
id13872,0.6237482845898091,0.06794778861455489,0.308303926795636
id08102,0.013433894467566697,0.9864240881482733,0.000142017384159938
id03475,0.6655341623186027,0.29866154174024157,0.03580429594115572
id07569,0.1211593814810054,0.006821622509894617,0.8720189960090999
id04616,0.9995286127211833,0.0003862038193412072,8.518345947553454e-05
id07266,0.999809137513523,0.0001728398615375365,1.8022624939495865e-05
id16104,0.7650601006500003,0.04833940538854692,0.18660049396145284
id05031,0.48756495662489074,0.2692761407807244,0.24315890259438488
id12290,0.9903370327801596,0.004089695668581652,0.0055732715512587655
id26428,0.4179599784290503,0.5346390350971454,0.04740098647380443
id07837,0.0025209729643409905,2.085845666579545e-05,0.9974581685789932
id19918,0.023555702685269388,0.9747975134345565,0.00164678388017411
id13067,0.280851889987176,0.18536798418770145,0.5337801258251226
id11540,0.020194523489537406,0.9709989104763062,0.00880656603415645
id17215,0.7002686736189697,0.011876672609825317,0.287854653771205
id01745,0.0026526867505044685,7.647415777410183e-05,0.9972708390917214
id00617,0.842193319833058,8.324038553990187e-05,0.15772343978140207
id02879,0.004321018069408172,0.006068349633206328,0.9896106322973856
id22811,0.975608599917833,0.0015267326367667602,0.022864667445400284
id17744,5.864262766056012e-07,0.9999952079918889,4.205581834439147e-06
id04341,0.0511322638748659,0.9488301863086106,3.754981652344252e-05
id08690,0.9981513426417824,3.333823377924348e-06,0.001845323534839647
id11565,0.9989053432125771,2.3556326598767273e-05,0.0010711004608241967
id09634,0.0064660621060057474,0.0002262433834621848,0.993307694510532
id15427,0.9813921584387735,0.017572493412943126,0.0010353481482834473
id11484,0.024623074651155815,0.0001566120613664963,0.9752203132874777
id26859,0.9998980572710687,9.848934420110437e-05,3.4533847302009625e-06
id02880,0.7528168985607875,0.1620643314359591,0.08511877000325346
id21584,0.09585388024855229,0.004487784415568004,0.8996583353358797
id14918,0.9871103594823416,0.0018301220962504575,0.011059518421407918
id20117,0.03095459744953389,0.9674576036830848,0.0015877988673814174
id17002,0.06237454390703657,0.01804734216477664,0.9195781139281868
id13158,0.0035003130601393095,0.07474810502169882,0.921751581918162
id11457,0.24312577495327287,0.12763235129813064,0.6292418737485965
id22103,0.9970087640360886,0.0029180457549344554,7.31902089769326e-05
id27529,2.6894904079210645e-05,0.00013701359276567578,0.9998360915031551
id25918,0.07087739279346654,0.9205940101753789,0.008528597031154612
id24611,0.0476379979962614,0.9517383305250643,0.0006236714786743728
id13996,0.008478658671032441,0.9617034289225309,0.029817912406436636
id05259,0.6482998410678367,0.005967106346058449,0.345733052586105
id13593,0.004286256307976839,0.0005397025184863024,0.9951740411735369
id18017,0.5371599675165764,0.03591311743279327,0.4269269150506304
id04960,0.10947645031311354,0.7571808079139781,0.13334274177290834
id13758,0.005966864598265479,0.035896817483013765,0.9581363179187208
id04492,0.9735291624331759,0.00028590624439873616,0.02618493132242542
id05023,2.0252738516749825e-05,1.065312870997037e-06,0.9999786819486123
id05950,0.9625908298546191,0.00035780175231753936,0.03705136839306341
id11006,0.9885916905302584,0.00017642977155898578,0.01123187969818261
id09643,0.19712430298559025,0.14658510750604675,0.6562905895083629
id06055,0.0006536203794400424,5.783568889513437e-05,0.9992885439316649
id17368,0.000488968879184894,0.6536399999920918,0.3458710311287234
id14176,0.009981573627878595,0.011629874619580028,0.9783885517525415
id27198,0.026379444167032917,0.00884665653238941,0.9647738993005778
id05649,0.9954262235111864,0.004236297802748064,0.0003374786860655981
id25189,0.9990245496769692,0.0007855726728135714,0.00018987765021727108
id05589,0.8557641636173388,0.13667716603897984,0.007558670343681499
id08042,0.9798749067781541,0.019092887956444343,0.0010322052654014348
id13680,0.03541470144342794,0.09292129805864756,0.8716640004979246
id07827,0.007749625087341794,7.053462608013596e-05,0.992179840286578
id18530,0.9989365609223907,0.0009627690499686672,0.00010067002764065114
id08813,0.060630396576785844,0.5045622406185045,0.4348073628047097
id05914,0.1545602348377634,0.0060696833264910965,0.8393700818357456
id00488,0.7657809814131242,0.21282018115330242,0.0213988374335734
id03668,0.9398569801779543,0.009615243126090208,0.05052777669595557
id24088,4.186352656624161e-05,0.9999412446192536,1.68918541801487e-05
id02988,0.4896579131260835,0.48986436432309827,0.02047772255081828
id20364,0.9950923753886158,0.004772970946626105,0.0001346536647580152
id16851,0.05559252530816525,0.030898840045839416,0.9135086346459953
id20843,0.9885693893507876,6.990647229959747e-05,0.011360704176912704
id27424,0.9238072786260205,0.0018899439166864763,0.07430277745729294
id06862,0.993857173645729,0.0026735917930492967,0.0034692345612217733
id19411,8.353690635680297e-07,0.9999990753847782,8.924615829419579e-08
id23789,0.9939538285405969,3.590498585430923e-09,0.006046167868904549
id23545,0.00015789721537617357,0.9998377298470703,4.372937553481822e-06
id05639,0.016452362038393266,0.0034369011568448,0.9801107368047619
id07046,0.03578973042587127,0.9500193309386528,0.014190938635475974
id23634,0.9944172296515648,2.199279849373463e-05,0.005560777549941547
id05799,0.018290247564951297,0.030343643600800347,0.9513661088342484
id19418,0.04523569750653309,0.0009820033021509255,0.953782299191316
id21189,0.0023584248808224987,0.9903364585691085,0.007305116550069049
id22281,0.9987601515649999,0.0001008629847886573,0.0011389854502114058
id16127,0.28461268292352704,0.5730528532916389,0.14233446378483408
id05867,0.8596017887729795,0.02666128657328054,0.11373692465373991
id01211,0.013399527975127813,0.986600385991706,8.603316623633905e-08
id10078,0.00017124811102590986,0.005094037343200574,0.9947347145457736
id17157,0.9999994284487913,5.640285486827057e-07,7.522660082709816e-09
id23293,0.7319049655568608,0.11239058795693656,0.15570444648620263
id03589,0.9794351035993516,0.0002094988581885694,0.020355397542459897
id03387,0.0036741613737923677,0.025828628750582894,0.9704972098756247
id21470,0.9901449127670988,0.005462474857945411,0.004392612374955841
id22763,0.16211554032461087,0.04786227163105022,0.790022188044339
id02601,0.0615038474723247,0.9235283198351247,0.01496783269255053
id09923,0.46843069285857886,0.4485983435922316,0.0829709635491895
id05935,9.600921416139485e-06,0.9999143706743225,7.60284042613477e-05
id14296,0.0025126738695130453,0.0012435407282689142,0.996243785402218
id04605,0.9989708466564319,0.0008678434882469127,0.00016130985532126748
id08167,0.00041933588449099695,3.285503713840754e-05,0.9995478090783706
id12659,0.9184185390560213,0.060546408630272705,0.021035052313705963
id21553,0.8610931198691607,0.13206577269008554,0.006841107440753818
id13510,0.0023887938264642323,0.9924789491943397,0.005132256979196025
id04734,0.00034390328458748417,0.03530889520118908,0.9643472015142235
id17689,0.0013808609686319908,1.1514750377343982e-06,0.9986179875563304
id08148,0.5217729141584014,0.4310242695721699,0.04720281626942878
id14908,0.003973030461266282,0.9959940751714981,3.289436723566437e-05
id17238,0.04353314788867074,0.9446482772445632,0.011818574866766046
id27146,0.02061201607152194,3.6263683823043785e-05,0.9793517202446551
id16670,0.9942551937069953,0.0029288920091601546,0.002815914283844505
id12023,0.7141793752564565,0.26231204698286614,0.023508577760677368
id18129,0.4141777205899005,0.003942803134123304,0.5818794762759761
id07365,0.004926989403443772,0.9910624468757441,0.004010563720812236
id03073,0.09634875828476752,0.22913305428319403,0.6745181874320384
id14824,0.0005736466916183376,0.999374431429702,5.192187867970828e-05
id26339,0.8560366161102877,0.14099258820454727,0.002970795685165119
id16562,0.029243050646407216,0.96932720184078,0.0014297475128127234
id22182,0.0005676867632700823,0.9989143212591882,0.000517991977541678
id27892,0.8649247258038835,0.011337145184403775,0.12373812901171286
id23713,0.8958853891387739,0.08790197802537032,0.016212632835855702
id00214,0.9768020277948357,0.0001225391308023432,0.02307543307436195
id21698,0.0010036988225412696,0.005508680228762271,0.9934876209486965
id17685,0.017090287755267185,0.15771044513806246,0.8251992671066705
id24848,0.9595695886092569,0.0019142748680544416,0.03851613652268865
id01544,0.9652891633914844,0.02915823004434056,0.005552606564175087
id12344,0.010045412794147156,0.7244767617370632,0.26547782546878956
id00513,0.9196559765360606,1.8702139177799736e-07,0.08034383644254753
id19448,0.9658421902040869,0.02397720565195819,0.010180604143954977
id11942,0.7526522217721123,0.09645641730873956,0.15089136091914815
id16370,0.2096911612648129,0.789937835597227,0.00037100313796023813
id06508,0.016090665022622793,0.0013517773346400494,0.9825575576427371
id20829,0.010841203099296521,0.9495134557712944,0.03964534112940911
id27450,0.9999621583685717,1.100800940628883e-05,2.683362202183261e-05
id07362,0.08913775873806297,0.26054433032215263,0.6503179109397844
id15120,0.6943324945656606,0.11746694148353883,0.18820056395080056
id10568,0.9993786739303923,0.0003703383859863251,0.00025098768362140145
id09623,0.9667831919317555,0.021783247786004066,0.011433560282240365
id06139,0.5916206329049628,0.4082291282479493,0.00015023884708788887
id24022,0.7428354470352506,0.005047487927359398,0.25211706503739
id02108,0.9999866787636621,7.760819313669525e-06,5.560417024219501e-06
id14950,0.001102153604472384,0.00029450273305888907,0.9986033436624687
id01142,0.0037894345867975853,0.0008997672092802537,0.9953107982039222
id15655,0.9764174145628658,0.00323666727305499,0.02034591816407918
id13975,0.029052226907290597,0.9709239828322827,2.3790260426773273e-05
id00160,0.031448084968176505,0.9602000208907101,0.008351894141113323
id08273,0.04204784727120186,0.0037686263097446784,0.9541835264190535
id13642,0.043159520092192094,0.0014500147431429078,0.955390465164665
id25452,0.6064038155892749,0.33686133934069773,0.056734845070027295
id24806,0.8695411651425655,0.019086450126086674,0.11137238473134776
id20664,0.00385864004617604,0.01874237998704552,0.9773989799667785
id13359,0.24204903281212461,0.7423752166386938,0.015575750549181753
id24579,0.8450674686522148,0.14899361278327394,0.005938918564511275
id23389,0.9976929774999296,0.0009199774926988457,0.0013870450073714589
id06502,0.15901256254099858,0.006254922090366141,0.8347325153686354
id03083,0.997769251954307,0.0009672321291661502,0.0012635159165268345
id01694,0.5857966340885223,0.008087711196553063,0.4061156547149247
id21872,0.1583744664808272,0.43642558821802757,0.4051999453011452
id01860,0.00017821233157207502,1.94636732361926e-05,0.9998023239951918
id18127,0.8521797232351087,0.08755245007980507,0.060267826685086325
id01490,0.00010724292515943204,1.20837716766303e-06,0.9998915486976729
id00183,0.9556750071782664,0.03467736087489189,0.009647631946841703
id15458,0.45436464375483715,0.11983338659857999,0.4258019696465829
id04289,0.8962867199783459,0.0950581836565578,0.008655096365096426
id02129,0.14767669028326663,0.020045626703635286,0.832277683013098
id10271,0.9825157669570128,0.005104065818224124,0.01238016722476307
id02982,0.10861269118770306,0.8661614684495623,0.02522584036273466
id15036,0.011833267911359174,0.9876596976778789,0.0005070344107619462
id15854,0.9985763284433812,0.0010015202327348354,0.0004221513238840336
id10252,0.0010885325671217987,0.01606053192902283,0.9828509355038554
id24359,0.0005179203510536072,0.020247126427334713,0.9792349532216117
id18620,0.0004444917998677783,0.9995553304812634,1.7771886873126904e-07
id25768,0.0001121032099925529,1.4952546807709673e-05,0.9998729442431997
id16604,0.9694670507351477,0.028616639595082535,0.0019163096697697218
id24942,0.8416368322278833,0.0013549777052288858,0.15700819006688793
id12989,0.00019534485372433064,0.9993848151482351,0.0004198399980406004
id13841,0.9966511354800709,0.0005893353640345274,0.0027595291558946263
id15481,0.03195396667603429,0.004887154398393517,0.9631588789255722
id10600,0.010169541059847515,0.0016221633049483914,0.9882082956352042
id18528,0.6466573841108194,0.12791271210463928,0.22542990378454125
id16465,0.054009373256771534,0.9435433819215164,0.002447244821712095
id14204,0.0012387554187861536,0.9977536330271898,0.001007611554024138
id05924,0.9131159615147683,0.07464031814042825,0.012243720344803501
id16756,0.00014898490077509924,0.0037130074496198673,0.996138007649605
id01167,0.6962540758648917,0.0033099611123983057,0.30043596302270986
id27624,0.004701305333988274,0.9949273279991653,0.0003713666668465029
id13724,0.4373867983392634,0.005240887563818273,0.5573723140969183
id03677,0.9983068449491782,0.0001097936639501466,0.0015833613868715556
id26463,0.2748958067311282,0.24100963202217415,0.48409456124669775
id15623,0.48634136911846904,0.0030601906503298264,0.5105984402312012
id26379,0.012401016677027032,0.0008101643565194494,0.9867888189664535
id25294,0.0038864490530979776,0.00032058737469192397,0.9957929635722101
id04100,0.03833631501497434,0.05085286260840979,0.9108108223766158
id23831,0.940533124983769,0.02023861639318845,0.03922825862304254
id17334,0.9988728489432663,0.0011134469020239943,1.3704154709712499e-05
id19506,0.0007415264987701363,0.00038721505669327496,0.9988712584445366
id18629,0.8410895825507866,0.14888889203250183,0.010021525416711538
id09105,0.005700096243746849,0.002789361615149407,0.9915105421411038
id27735,0.8766438603996377,0.11321422685191361,0.010141912748448672
id22840,0.9602671944787916,0.0010717187540014853,0.03866108676720683
id01465,0.25059747289901363,0.03868031721757871,0.7107222098834076
id27750,0.6998297794154069,0.05209115874414286,0.24807906184045037
id20421,1.671741027876162e-05,1.9349662524933945e-08,0.9999832632400587
id23826,0.9965690325792216,0.0019560807866847467,0.0014748866340935742
id23219,0.5038050650040978,0.17453232929444523,0.32166260570145694
id06442,0.0012916539243577143,8.692968520380054e-05,0.9986214163904386
id07847,0.9993142850568504,0.00029649822146092904,0.00038921672168878134
id16995,0.6586202503533126,0.3036871637031638,0.03769258594352363
id07626,0.017401730550658103,0.8484518727088679,0.13414639674047393
id21920,0.029131293921836266,0.9703923096471704,0.0004763964309933514
id22340,0.8464636765541123,0.1503649585390842,0.003171364906803404
id22108,0.9950668809240535,2.2735421826120327e-05,0.00491038365412049
id25661,0.9647839917941224,0.03282920369550977,0.002386804510367758
id16284,0.41677813540601016,0.03461803162110099,0.5486038329728888
id19900,0.9450091033792738,0.03718388171726658,0.01780701490345951
id20864,0.9991955558751838,6.916997399958668e-06,0.0007975271274162824
id26099,0.8211780777731381,0.1774410517183455,0.0013808705085163674
id00333,0.25543799232779757,0.08917158407057828,0.6553904236016241
id27278,0.06894141879983699,0.9248294963666309,0.006229084833531914
id16758,0.026634826733613212,0.9727009012127387,0.0006642720536481961
id25660,0.777454891834887,0.11518635606281213,0.10735875210230078
id05146,0.3381145544323089,0.010179888807863424,0.6517055567598277
id24812,0.055921573783825694,0.01255872928169738,0.931519696934477
id12003,0.9826193226019307,0.0043787871967189305,0.013001890201350307
id04569,0.03056025114159781,0.9401531909688005,0.02928655788960174
id08269,0.6432026861141378,0.22793810361460576,0.1288592102712565
id06080,0.9966986686954257,0.0015538286040809978,0.0017475027004933957
id09782,0.10714366228290834,0.8927503199054877,0.0001060178116038927
id19722,0.0036405447237046282,0.9963562244443639,3.230831931463575e-06
id02781,0.0007089252135034928,0.004460390140068985,0.9948306846464275
id13385,0.9814515267646984,6.504322757504576e-05,0.018483430007726565
id24676,0.44651638050936515,0.08306718879122396,0.47041643069941097
id07628,0.9121783466671395,0.07241836377206874,0.015403289560791712
id19363,0.016288321723914524,0.003260443437754782,0.9804512348383307
id27392,0.9974183365049945,0.0003415063967121234,0.0022401570982934237
id26486,0.9291812394138687,0.01357279691420684,0.057245963671924506
id02440,0.9007022395236066,0.08618908931269667,0.013108671163696774
id26878,0.709477659826646,0.27155075559722763,0.018971584576126375
id23044,0.9999740695011912,1.108388663198515e-05,1.4846612176894097e-05
id24170,0.026552153719908718,0.9716101459885339,0.001837700291557367
id22332,0.8973190483585467,0.008040908949098386,0.09464004269235499
id27933,0.8724014289800543,0.02440045172149608,0.10319811929844962
id17535,0.003396972603881166,0.002139645429783602,0.9944633819663353
id19700,1.6275957164934727e-05,0.9998935519304712,9.017211236386268e-05
id19809,0.0854436140820771,0.2737574356157075,0.6407989503022155
id04484,0.1461865237785746,0.009702901450395318,0.84411057477103
id00481,0.2428789131487161,0.7451808519889103,0.01194023486237377
id27510,0.9471744424645862,0.042401688790033254,0.010423868745380644
id04635,0.07174233394007354,0.00039006886466960884,0.9278675971952569
id26027,0.9784377242163084,0.01991612946832246,0.0016461463153692353
id09300,0.0007051639215894411,0.9992673055401798,2.7530538230709783e-05
id06381,0.024059602509913434,0.0001872190417768303,0.9757531784483097
id18038,0.002008418662198895,5.720123398859084e-05,0.9979343801038124
id22011,0.7192095962418467,0.06033464904028231,0.2204557547178711
id10608,0.00720873545990611,0.9896709698709077,0.0031202946691862065
id23054,0.5872881282581016,0.008865241989461273,0.40384662975243707
id13904,0.5499998100305935,0.4276251176045601,0.02237507236484649
id13855,0.2525329881475215,0.016236087752088044,0.7312309241003905
id17630,0.02452236813819736,0.9578706461104513,0.017606985751351438
id08595,0.061521413625502466,0.017861532677648943,0.9206170536968487
id09532,0.7206774611289191,0.0053897628150393895,0.27393277605604144
id13176,0.0009815089940366096,0.0016454792094728868,0.9973730117964905
id27237,0.0039714565033679835,3.0851766889265294e-05,0.9959976917297427
id16704,0.02310164036718899,0.002062792650798767,0.9748355669820123
id20994,1.6156494003115884e-06,6.913881206647443e-06,0.9999914704693931
id17501,0.0008813941135413447,0.9978715886735823,0.0012470172128762425
id16509,0.0007349264361345346,0.013062114020651,0.9862029595432144
id15081,0.001001787108164326,0.005668378445945082,0.9933298344458906
id24414,0.28509711482354344,0.06492536455738906,0.6499775206190676
id09220,0.02485746880003042,0.022056134705759057,0.9530863964942106
id26514,0.0007459680800463606,1.9485583540019996e-05,0.9992345463364136
id14703,0.9928605996197601,0.0014813694310539195,0.005658030949185902
id19838,5.204960298903931e-05,0.002250829708053734,0.9976971206889572
id23297,0.5575166465838698,0.008951147634973532,0.4335322057811567
id17113,0.9265743620810101,0.07073804420474222,0.0026875937142478005
id11693,0.6943456077953204,0.0071295831195983105,0.2985248090850812
id00847,0.1467888072648268,0.6746790886388614,0.17853210409631184
id00233,0.7385686065896935,0.019106026026250923,0.24232536738405558
id02776,0.999793726378414,0.00020215101313449802,4.122608451490161e-06
id10396,0.9532502384782071,0.006262376851241044,0.04048738467055178
id18222,0.9321861410033623,0.01791758938675179,0.04989626960988598
id13476,0.04284716245352116,0.013720634903150775,0.9434322026433282
id08007,0.8177559960909819,0.009929665398649099,0.17231433851036895
id12984,0.3559700537878873,0.0003553903356488167,0.6436745558764639
id04174,0.3229984535637064,0.6748917267693869,0.002109819666906851
id23874,0.0016465502629673169,0.00021101648937178454,0.9981424332476609
id00595,0.003107158625576048,0.9967682962284675,0.00012454514595642514
id18041,0.9994695053586052,0.00029003405171940165,0.0002404605896754087
id17403,0.9955724279894159,0.0027057685730127643,0.0017218034375713828
id11741,0.9983485208219806,0.0002715332936344037,0.0013799458843850552
id16928,0.335534916184491,0.0004677645796753522,0.6639973192358337
id21913,0.007339424332097454,0.007424374087535842,0.9852362015803667
id05939,0.0001626729268320077,3.8393571684738966e-05,0.9997989335014833
id12429,0.0001643440930104006,0.9983204157408804,0.0015152401661093025
id04447,0.14042452781703196,0.29125274313490973,0.5683227290480584
id15928,0.8479461794665446,0.024453828738153716,0.12759999179530174
id13126,0.031479449846438044,0.002654135270266614,0.9658664148832954
id03989,0.9428975498535752,0.010723547779559119,0.04637890236686566
id08950,0.006413489662208104,0.9926980297611201,0.000888480576671761
id26494,0.04329723452086992,0.008774212983568438,0.9479285524955617
id09289,0.035387588098265976,0.027270443406518786,0.9373419684952152
id16295,0.002315768720428648,0.9911297734469294,0.006554457832642004
id01616,2.6399110638750615e-05,0.9999092775007553,6.432338860593825e-05
id25251,0.021045256066067504,9.56185793526405e-05,0.9788591253545799
id10354,0.9643395990025576,0.01448908167395468,0.021171319323487755
id08559,0.002259779967768773,0.9939503617838463,0.0037898582483848107
id20385,0.9809481058554896,0.001970558277085915,0.017081335867424503
id01760,0.9895947322509078,0.0017607574675588037,0.00864451028153347
id04242,0.6101737932644852,0.012216656819152157,0.3776095499163627
id05652,0.04475656955928629,0.9552419358509592,1.4945897545406395e-06
id05269,0.002227702588620464,0.9928425957056018,0.004929701705777666
id11218,0.07749300293687711,0.01919128580028412,0.9033157112628387
id19158,4.420772104267715e-05,0.9999551712220187,6.210569386205373e-07
id00927,0.013092957749972739,0.0008668114427134449,0.9860402308073138
id25636,0.15261435512493254,0.12244359157645263,0.7249420532986148
id20727,0.12336017919920507,0.023114390257985666,0.8535254305428093
id01645,0.9532403260550301,0.037876529698388096,0.008883144246581863
id19931,0.034045223766667236,0.9292071227159379,0.036747653517394924
id12473,0.012357415404515983,0.9849838811605668,0.002658703434917224
id00618,0.9948788522231693,0.0002728526454101922,0.004848295131420535
id27329,5.951155711057115e-05,0.00011475591944885318,0.9998257325234405
id11553,0.9952812410294721,0.00012776336219140464,0.004590995608336449
id10357,0.00018864368874372755,1.6955396491732566e-05,0.9997944009147646
id11392,0.25200600587402744,0.0004371576648742393,0.7475568364610983
id03634,0.0848790593083431,0.6951303911027115,0.21999054958894548
id15781,0.9846128753142834,0.015321835121203622,6.528956451284839e-05
id11706,0.012146819395270785,0.0023313846735027602,0.9855217959312265
id04248,0.9927398219684193,0.006231806215219862,0.0010283718163608922
id26011,0.2337622913347014,0.19953974632999114,0.5666979623353074
id17478,0.039172555153854,0.00019684137770218892,0.9606306034684438
id16179,0.882372871265127,0.0637244345969758,0.05390269413789739
id11340,0.9610866444555967,0.002843250600504793,0.036070104943898486
id05629,1.1065199177653964e-06,0.9999988932613196,2.1876259873196583e-10
id00266,0.02461757982343159,0.0007877170089878862,0.9745947031675806
id18514,0.1946755478847455,0.05420146668331266,0.7511229854319419
id05167,0.06413310492036517,0.04572391210885162,0.8901429829707833
id08943,0.9248717006500188,0.012029286579968513,0.06309901277001272
id14580,0.0001611764905219868,0.9974354134908903,0.0024034100185879024
id24496,0.99990346726668,8.560471090849574e-05,1.0928022411546282e-05
id04884,0.00019264750374925558,0.17650209317790871,0.823305259318342
id08011,0.013661210357824704,0.07556462124681516,0.9107741683953602
id17807,0.06713227466706065,1.0669631935234193e-05,0.9328570557010041
id05694,0.9252566999063262,0.0423772089523837,0.03236609114129017
id02907,0.000123514818266853,0.9987737379816582,0.0011027472000748636
id23235,0.1363969145415002,0.0077423399799736664,0.8558607454785261
id26764,0.9601434392413265,0.039356782276196906,0.0004997784824765869
id12226,0.011833464687643307,0.0020890814849164733,0.9860774538274403
id15157,0.9002554879331711,0.01726105272368311,0.08248345934314584
id27127,0.022032600555123277,0.00013348488666160748,0.9778339145582151
id27723,0.002869995357383124,0.0002760960267936666,0.9968539086158232
id10742,8.337364416638445e-05,0.9992725443100857,0.0006440820457479261
id22951,0.2751322324855517,0.21725049703168323,0.5076172704827651
id09429,0.38447570144475646,0.0025955704834171403,0.6129287280718264
id26058,0.001315368647528283,0.6786476289172529,0.3200370024352188
id27415,0.00015923635778481926,0.9962962443263479,0.0035445193158672597
id06938,0.9871893470082718,0.0002660118937532125,0.012544641097975085
id18702,0.9085225435131541,0.04105664329957342,0.05042081318727252
id05229,0.8958546990208506,0.10340073194555773,0.0007445690335917163
id05219,0.007576793574684799,0.0007166246251458366,0.9917065818001694
id26375,0.19194986400388983,0.7991950783777514,0.0088550576183589
id19622,0.9794643512494621,0.004321041565916644,0.01621460718462128
id13333,0.27508547288879653,0.0050192072850958995,0.7198953198261075
id25849,0.008033761840397708,0.9916837358458856,0.00028250231371668556
id06780,0.9396947715041469,0.02831496119978244,0.03199026729607047
id01128,0.27926216768607587,0.006717696664679154,0.7140201356492449
id22697,0.05166132986220588,0.002352500348651835,0.9459861697891423
id03725,0.5346882397015411,0.15886597106546654,0.30644578923299237
id06570,0.9117915741376849,0.03937962653940862,0.048828799322906555
id07834,0.006391649078743861,5.969779754064664e-05,0.9935486531237155
id08930,0.9995050411346722,4.148499558447162e-05,0.000453473869743457
id03276,0.00010204083763259276,5.3633121733001436e-06,0.9998925958501941
id07367,0.0005062409019146772,0.9994135271620699,8.023193601557992e-05
id12250,0.958849054338658,0.02273560502632218,0.018415340635019706
id00461,0.31924033213727315,0.0026630264822276126,0.6780966413804992
id17583,0.9967151632821352,9.555535941118395e-05,0.003189281358453684
id07331,0.3853466677510743,0.42765275798494506,0.1870005742639807
id09844,0.052512662913261995,0.0006435777080991367,0.9468437593786388
id12595,0.0024667286199036693,0.8595244654230972,0.13800880595699908
id12911,1.4877101851639607e-05,0.9999825904752355,2.532422912852457e-06
id13334,0.014976899707676263,0.021037921942022513,0.9639851783503012
id03231,0.14672577166800285,0.5127075483316881,0.34056668000030904
id16441,0.12662017944991333,0.010262272540386084,0.8631175480097006
id11427,0.005711315866602612,0.0026199487531995864,0.9916687353801978
id16919,0.9915153695944091,0.008382771291184211,0.00010185911440660707
id04388,5.658515744220527e-05,0.02594866647385962,0.9739947483686983
id09608,0.22510678463941242,0.48203481799350645,0.292858397367081
id14912,0.5492481883596807,0.000408945224577984,0.45034286641574134
id24621,0.0022691232503226377,0.9699021762321602,0.027828700517516996
id14904,0.01611356441380709,0.02604713875473523,0.9578392968314576
id09209,0.0001894989836024311,0.0005886326837026613,0.9992218683326949
id10425,0.9997227716309313,0.0002771621152955419,6.62537732920065e-08
id04915,0.6977435870799948,0.005544967318303868,0.2967114456017013
id01417,7.878887517994234e-05,0.9999201307658262,1.0803589938809484e-06
id12318,0.8948697351651254,0.023751755301479823,0.08137850953339486
id01184,0.1644821344066714,0.2256344116758325,0.6098834539174961
id05349,0.0028035584909673447,0.0007376394346527578,0.99645880207438
id14718,0.0023925462066968196,0.00018872688151669274,0.9974187269117865
id20392,0.7460684110355117,0.043127016654034386,0.21080457231045388
id10071,0.045485476996246575,0.09688164750029792,0.8576328755034556
id24369,0.9999957390629604,3.2454778735765353e-06,1.0154591661252128e-06
id22137,0.9999968332912516,8.926564979797242e-07,2.2740522505977e-06
id14478,6.364632336492103e-05,0.0008580121367248847,0.9990783415399103
id10018,0.10947851800613864,0.0032980427354985594,0.8872234392583628
id13357,0.001295760544522182,0.9977091962140641,0.0009950432414137917
id06093,2.7092184598393443e-05,0.0034940354857470393,0.9964788723296546
id26039,0.005315956513018999,0.00042576517205900836,0.994258278314922
id05974,0.006292074522927695,0.9858459462103604,0.00786197926671194
id09745,0.0016903246332682917,0.9981540283262166,0.0001556470405152007
id01255,0.7484376010581568,0.15632983569328202,0.09523256324856125
id25995,4.906837486381825e-07,0.9999016311226524,9.787819359898e-05
id01205,0.7699418992613085,0.007228315821289597,0.2228297849174019
id09735,0.41588924236605535,0.5839253405272534,0.0001854171066912747
id19431,0.9267777686030028,0.07210508727841887,0.0011171441185783763
id10226,0.9963406590168681,0.001052642570949073,0.0026066984121829017
id22446,0.9929706753366307,0.0017106692633518134,0.005318655400017432
id10207,0.2709371481070964,0.6417498999731129,0.08731295191979062
id02564,0.9436548713133202,0.015539992968468462,0.04080513571821142
id15113,0.9718839094113382,0.012803320090830326,0.015312770497831496
id20230,0.9351570253682825,0.003439571116462461,0.06140340351525507
id18155,0.997477670993295,0.0005072395395611461,0.0020150894671438734
id23722,0.02603886210618886,0.0010572704049842372,0.972903867488827
id20241,0.999748189160114,0.00017120581194029848,8.0605027945665e-05
id10580,0.003409092483052075,0.0031835343857157103,0.9934073731312322
id09405,0.3241180705845947,0.011173936052889945,0.6647079933625154
id16297,0.0005508149149313247,0.9993906598081563,5.8525276912269244e-05
id27247,0.8014636373621987,0.0061727986797152305,0.1923635639580861
id26321,0.9999457732631524,4.389574466432234e-05,1.0330992183336756e-05
id18503,0.01216743709675248,0.0007208078093679669,0.9871117550938796
id04178,0.016774302769293682,0.9558742909763138,0.02735140625439258
id22695,0.0025544099192922123,0.023526550188152744,0.973919039892555
id04368,0.9999354205714712,4.624245433297584e-05,1.833697419582341e-05
id20585,0.9978264885244378,0.002173185259337114,3.26216225110909e-07
id21615,0.32141626226276904,0.09833682127065269,0.5802469164665782
id10830,2.4821503322443247e-10,0.9999999997333748,1.8410219040862375e-11
id22143,0.9970023281341989,0.0020861555210484185,0.0009115163447527326
id21600,0.993054116957438,0.0016396470450505615,0.005306235997511423
id23773,0.9981740960941025,0.0016742918264281757,0.0001516120794692446
id08505,0.9999850798923197,8.150141624733783e-08,1.4838606264027168e-05
id27152,0.9838507191998449,0.00045483424154883935,0.015694446558606252
id09817,0.010952992897091592,0.9228100658972472,0.06623694120566118
id02355,0.9374135788411898,0.03505957550038789,0.027526845658422373
id23629,0.991972421602935,0.0005351494264040535,0.007492428970660883
id22194,0.9866636125278319,0.000833594343886845,0.0125027931282813
id05592,0.22884601920529143,0.0038506007468318572,0.7673033800478767
id02916,0.13808325904840582,0.4889504068240621,0.37296633412753216
id22284,0.8107474544972904,0.0001506856766577817,0.189101859826052
id14574,0.18568174645034233,0.023774620032614865,0.7905436335170428
id16820,0.030256579329083873,0.00025563373485948886,0.9694877869360566
id04513,0.9977094890544534,4.757034932403232e-05,0.0022429405962225077
id05853,0.319660409532994,0.029682037267970068,0.6506575531990358
id23528,0.012022395338143994,0.9831734688482278,0.004804135813628222
id06684,0.9946426639396696,0.003951821696356352,0.001405514363974097
id19793,0.980360686108131,0.019588554686103377,5.0759205765666224e-05
id05567,0.711488318912242,0.0056399048280114435,0.28287177625974663
id01637,0.00028597759576107684,0.9981081437697277,0.0016058786345112407
id24264,0.016969148295518887,0.03336224178337724,0.9496686099211039
id08558,0.00661858737246736,0.9802606286870448,0.013120783940487836
id01977,0.002081247024497514,0.9201829729094155,0.07773578006608688
id14665,0.0011067470340353023,0.9944024723062982,0.004490780659666459
id24485,0.04680475774593671,0.9516260453407697,0.0015691969132936307
id00331,0.5732944140059014,0.010524340892440052,0.4161812451016586
id06004,0.638332430886951,0.0852735567981957,0.2763940123148532
id08168,0.0008066768913654967,0.9757663281647846,0.023426994943849873
id02054,0.9974241700455988,0.0019984084444305294,0.0005774215099706954
id27733,0.13466776997046506,0.0051614424740986315,0.8601707875554363
id26596,0.00627533457942006,0.9918747070285052,0.0018499583920747853
id05275,0.5581175406394573,0.42983778784588567,0.012044671514657138
id23093,0.8225645723774903,0.04232988749722017,0.13510554012528952
id13304,0.002451374171934798,0.0019982549556200333,0.9955503708724452
id09513,0.997621212971421,0.00043728498127043494,0.0019415020473085311
id14943,0.9962380640238934,0.00018679070106528663,0.0035751452750414354
id10936,0.8380510289673752,0.11083051066449116,0.05111846036813369
id18771,0.38051690663556687,0.4001045961479253,0.21937849721650782
id09708,0.761496128200284,0.12017923941116918,0.1183246323885468
id17204,0.9845057545410452,0.0038799700968556103,0.01161427536209929
id27515,1.6906311137941834e-05,0.9999729257985283,1.016789033386534e-05
id04438,0.771297152886602,2.277140437668248e-07,0.22870261939935427
id14306,0.07025577514037491,0.928416237538555,0.0013279873210699984
id10235,0.06954015395935118,0.008812348181639736,0.9216474978590091
id19034,0.49934915985978023,0.4276245518158644,0.07302628832435541
id27850,0.5952547187788024,0.00739264579889324,0.39735263542230437
id23316,0.8235494562608769,0.16139109089055392,0.015059452848569063
id21265,0.9340414043276717,0.00021397509482565832,0.06574462057750272
id13944,0.03669298657673281,0.0010612705541845422,0.9622457428690827
id00416,0.0011087839625179637,0.9905447200994638,0.00834649593801814
id04702,0.9936323145763004,0.0031316052222664613,0.003236080201433175
id07679,0.6108481576282042,0.26079364801073307,0.1283581943610628
id17063,0.005586410072882413,0.994032632473554,0.000380957453563614
id25840,0.0011599252067956958,0.9963971894105733,0.0024428853826310823
id16767,0.07103619825722736,0.9288137837280297,0.0001500180147428839
id10275,0.00168959114449667,0.002599475923199018,0.9957109329323044
id19913,0.8781213877744802,0.022229787728179958,0.09964882449733985
id16158,0.008097715794780688,0.9821034738857108,0.009798810319508505
id19914,0.2288059561210852,0.000205746507751584,0.7709882973711633
id09409,0.392950695946731,0.03319152453980262,0.5738577795134664
id14026,0.8691465430086561,0.0775245593627332,0.05332889762861074
id27022,0.002883877080105537,0.996636958872918,0.0004791640469763917
id06324,8.592124850970064e-05,0.9998196064577487,9.447229374161862e-05
id22614,0.16995743382477776,0.01342147165573862,0.8166210945194836
id02338,0.9421549755894223,0.012850996526473889,0.04499402788410377
id02862,0.007333097034377797,0.9880292770338158,0.004637625931806383
id14818,0.1568286365337357,0.3962931170901982,0.44687824637606616
id00648,0.9474350377025517,0.021355246328496887,0.03120971596895156
id21812,0.04888060852880842,0.0008544064632189578,0.9502649850079726
id04567,0.0547276627145835,0.944943646933556,0.000328690351860471
id20462,4.20228091045447e-13,2.1213290646762462e-13,0.9999999999993676
id21110,0.17385924541742614,0.028548754266677516,0.7975920003158964
id27524,0.1201393842842378,0.8783011266800778,0.001559489035684465
id10739,0.003829106347330049,0.03878163583125136,0.9573892578214186
id25519,0.5577560173875699,0.06073580951161914,0.3815081731008111
id09509,0.1496629901433631,0.04585409349669838,0.8044829163599386
id24062,0.056108853598512594,0.9407283785173556,0.0031627678841319026
id17909,0.043592479827669,0.00013140112511115517,0.9562761190472199
id09896,0.11593393704151579,0.010393415580723172,0.8736726473777611
id11587,0.002730287516107062,0.9972087199719427,6.099251195027862e-05
id09957,0.6758167584079712,0.31355962173375057,0.0106236198582783
id02070,2.1279218808959667e-05,0.0012327779261851358,0.998745942855006
id25658,0.9387138886782485,0.03208498812483742,0.029201123196914133
id19870,0.2828704801767255,0.6812255909050584,0.035903928918216095
id11774,0.04948417738434258,8.184234322892729e-05,0.9504339802724285
id21315,0.795636316737149,0.20348887967202964,0.0008748035908214805
id15873,0.9852633391373387,0.014079880144332665,0.0006567807183285962
id19302,2.082025561170986e-06,0.9999968308417967,1.087132642160538e-06
id07239,0.011761033945488723,0.988202980369464,3.598568504732193e-05
id10178,0.9998963930175147,3.371104677809876e-05,6.989593570732363e-05
id00074,0.9874598463313295,0.00032153535341168535,0.012218618315258802
id21736,0.18071625865757768,0.7994255881354309,0.01985815320699145
id25383,0.18597630288993544,0.7942934710487772,0.01973022606128716
id01649,0.6256136048153248,0.0459460468118369,0.32844034837283836
id15990,8.33178771822136e-05,0.0001404472301256348,0.9997762348926922
id04940,0.9987796655124466,6.94199367719019e-05,0.0011509145507815459
id09041,0.09838982046039224,0.89084504600974,0.010765133529867701
id12499,0.8829006816740557,0.022282981786771256,0.09481633653917305
id27324,0.12394017981564304,0.8759855011117709,7.431907258606759e-05
id20396,0.0053169952037578115,0.9946081844778861,7.482031835608847e-05
id20065,0.9993044801067159,3.356584367097275e-05,0.0006619540496131221
id09659,0.17493452380989616,0.02278362155468042,0.8022818546354235
id04632,0.020691823509901078,5.505114985206474e-05,0.9792531253402469
id17313,0.9994358809688129,8.158995617864605e-05,0.0004825290750085216
id04995,0.9960691770304216,0.0027343375913941154,0.0011964853781842467
id26559,0.9605762130700606,0.01789956522298584,0.021524221706953606
id06974,0.10256240729658547,0.14622563181340717,0.7512119608900074
id22141,0.9988988709940987,0.00023174871416188088,0.0008693802917394116
id11508,0.008371702202049466,0.00011080507020740594,0.991517492727743
id09766,0.0899408704846714,0.9097016535325256,0.0003574759828030678
id24382,0.28943782815417674,0.42952183186806936,0.281040339977754
id12016,0.7747988098016486,0.0845001120043939,0.14070107819395747
id07298,0.9447361109828053,0.003904483569568461,0.05135940544762628
id17985,0.007695603734759801,0.9914518916597356,0.0008525046055047266
id09057,0.03405471548041688,1.822107440394135e-05,0.9659270634451791
id23310,2.2797525599617332e-05,6.454497032382727e-06,0.999970747977368
id13265,0.9995145175659771,0.0002981564953836069,0.00018732593863936045
id25920,0.9912504323920799,0.000381306854541016,0.008368260753379167
id15012,0.7319883273940968,1.641914144334723e-05,0.26799525346445985
id12939,0.00011495965501961566,0.9998825287902257,2.5115547546746836e-06
id13329,0.9980291629160214,0.0008016649185261898,0.0011691721654524228
id11410,0.02177778454119559,0.9781974091563139,2.4806302490400874e-05
id08203,0.6343698708387735,0.2562523861060663,0.10937774305516026
id09399,0.006181414859309745,0.9722523341390846,0.02156625100160556
id24807,0.0017301104158441618,0.004575499302390832,0.993694390281765
id24976,0.9119663977059902,0.07047153536867469,0.017562066925335094
id19630,0.015098748050059584,0.021813096121840247,0.9630881558281003
id00231,3.627198839487452e-05,0.9999295911173731,3.4136894232083794e-05
id06157,0.0032112439735171557,0.8929942792730556,0.1037944767534272
id26817,0.3665539345915761,0.1612001295735266,0.4722459358348973
id21083,0.005251669130152483,9.314906704333784e-05,0.9946551818028042
id27634,0.9943494719064282,0.004291321703743162,0.0013592063898286574
id12397,0.004591918689442408,0.01582417377816445,0.9795839075323932
id02643,0.006557281608075896,0.0011737867646872315,0.9922689316272368
id13731,0.00031095413002591967,0.9996478956051806,4.115026479341794e-05
id17953,0.20995526691033356,0.0038913256815660503,0.7861534074081002
id10342,0.5899495526238908,0.2506346534720979,0.15941579390401123
id19652,0.1592993797842384,0.7437413647853579,0.09695925543040365
id03505,0.009126490702820126,0.9878416348449892,0.003031874452190583
id27602,0.039545901892268656,0.7951299140231843,0.16532418408454702
id13311,0.000707046877184769,4.238660940791378e-05,0.9992505665134073
id20008,0.846230026325754,0.11463589501722211,0.03913407865702398
id14404,0.007295604585902987,0.034139027200415874,0.9585653682136812
id09413,0.0159211483936161,0.0013957473986438798,0.98268310420774
id01897,0.04937176667065558,0.36808880416874096,0.5825394291606034
id14873,0.9839331333877639,0.009264547306133197,0.006802319306102825
id25588,0.9998480292034492,0.00013086844780360945,2.1102348747258867e-05
id15549,0.04132182836360369,0.9326754302388165,0.02600274139757988
id20796,0.31205212934668614,0.004449997604000479,0.6834978730493134
id11138,0.032594630111444846,0.01879742105002335,0.9486079488385318
id18398,0.002135969062492303,5.5974943219359445e-06,0.9978584334431858
id01871,0.9999422498209496,5.0066798188068414e-05,7.68338086229964e-06
id15968,0.9995232884296045,1.2251353013113661e-06,0.0004754864350942073
id18197,0.00024942223664155554,1.0620730951773291e-05,0.9997399570324066
id20939,0.4916037005615361,0.0007817954575756757,0.5076145039808883
id20570,0.003149282235442435,0.021247229633701552,0.975603488130856
id00432,0.9997570620172441,1.2157451162739527e-06,0.00024172223763965013
id19537,1.9298175641324537e-05,0.9996777286674808,0.00030297315687799063
id12930,0.9918685218730179,0.00813019339723487,1.2847297472807164e-06
id26222,0.0015001748171081216,0.9939365643892955,0.004563260793596502
id10623,0.9986966144591611,0.00030129199410484377,0.0010020935467340707
id15460,0.0015765421516808812,0.9979599369430746,0.0004635209052444942
id22824,0.9992151565423142,0.000704009042538408,8.083441514747779e-05
id02968,0.2462629030956866,0.0007607082973517024,0.7529763886069618
id19017,0.4076814401392562,0.5368904293880753,0.055428130472668494
id26743,0.0012755868359338556,0.9960635716582485,0.0026608415058175013
id04161,0.9963631927811153,0.001036547919818988,0.002600259299065735
id08976,8.221044175415101e-07,0.9999984272157441,7.506798384226072e-07
id13339,0.00011886726963809535,0.9993393595727063,0.0005417731576556853
id25051,0.9762389283348267,0.0026511803361026014,0.02110989132907075
id22649,0.5743548864680798,0.4236195902619678,0.002025523269952438
id00040,0.0014445507737926991,0.9984780279379412,7.742128826620529e-05
id08855,0.9307685753260131,0.008480725259475188,0.06075069941451179
id24622,0.9425942116274453,0.0001768479486321711,0.057228940423922514
id02301,0.9265350735617329,0.07332393624829808,0.00014099018996889526
id07047,0.7943550158186153,0.016982781952929394,0.18866220222845542
id04423,0.9999845720446292,1.5325683066723236e-05,1.0227230410222556e-07
id02790,0.48784250466406276,0.18114714333150905,0.33101035200442813
id08754,0.0322522549169384,0.967723371892846,2.4373190215689478e-05
id20297,0.06458536163357567,0.0030458466083919727,0.9323687917580324
id04307,0.007059095383243354,0.9855950256356327,0.007345878981123963
id18927,0.1061820098745106,0.036490542050297614,0.8573274480751919
id27393,0.026827365530870437,0.05448299812656076,0.9186896363425688
id15260,0.1532172739681555,0.8239156791135783,0.022867046918266035
id03679,0.5618098460776532,0.08948866816583871,0.3487014857565082
id17381,0.9998994414408898,9.332463317848515e-05,7.233925931702259e-06
id13196,0.8958378467514541,0.08194719317852815,0.022214960070017768
id21493,0.0239233511880148,0.04591338794902398,0.9301632608629613
id11088,0.039192539094119426,0.020034729651493666,0.9407727312543869
id15801,0.7578746759137751,0.0003515261740778209,0.24177379791214706
id04647,0.26234389269951214,0.024930152834075226,0.7127259544664126
id16900,0.0001243432112437843,0.9998755556539086,1.0113484750431951e-07
id17174,0.9823664401549154,0.016795957625214943,0.0008376022198696908
id23801,0.2003968264646774,0.7420005090920672,0.05760266444325545
id11952,0.5654042411692403,0.19249007584203578,0.24210568298872398
id02738,0.9136591754551182,0.02816614680721874,0.0581746777376631
id05365,0.997285495507912,1.4748360965593756e-05,0.002699756131122433
id19666,0.22436810929553885,0.7642291406758727,0.011402750028588442
id26638,0.038469017363722456,0.0074723684885977795,0.9540586141476798
id03032,0.42949748004111554,0.37059825165423044,0.19990426830465408
id23471,0.9999293519284006,5.856995661820225e-05,1.2078114981164364e-05
id26135,4.11454035357856e-07,0.999999583340119,5.205845678483879e-09
id18224,3.291118908323312e-08,0.9999999568584107,1.0230400102427108e-08
id10782,0.9938102377005268,0.002434191725698251,0.0037555705737749826
id08932,0.01779067201337991,0.012008619868620174,0.970200708118
id23126,0.014389582012971282,0.0017532079409264976,0.9838572100461023
id22273,0.3571866640437204,0.4089207027011143,0.23389263325516535
id17427,0.9353399564893202,0.036587033617172304,0.028073009893507504
id21258,0.8857007028683632,0.11402415524125932,0.0002751418903774259
id06604,0.9579518384342313,0.030371485293165412,0.011676676272603255
id02180,0.5701932328223547,0.4276366613053172,0.002170105872328098
id20505,0.19163398911799134,0.5269656591557339,0.28140035172627476
id27466,0.9402830092701135,0.013719668446099162,0.04599732228378736
id14249,0.10154294446607914,0.13225975549176414,0.7661973000421566
id15891,0.1739549510126545,0.12470893737667066,0.7013361116106748
id25366,0.0050199964844331235,0.003887051761670332,0.9910929517538966
id13554,0.0008418273387289296,0.0011311923517364096,0.9980269803095346
id09470,7.55539652682149e-05,0.00010339887841646609,0.9998210471563154
id15993,0.27348474833447123,0.37207058732973647,0.3544446643357923
id07273,0.18250192754728295,0.5485501596083805,0.26894791284433656
id10805,0.9681905410950493,0.002535970489954715,0.029273488414996017
id07990,0.13246144522592848,0.010588714144996608,0.8569498406290749
id08107,0.20757191635090383,0.027792179936469978,0.7646359037126262
id07612,0.847521124556887,0.11157297625491189,0.04090589918820114
id10593,0.46960211672218216,0.026986156475170296,0.5034117268026476
id00906,0.01481548954979536,0.9845533331175673,0.0006311773326373191
id22316,0.020788607441446585,0.07298092476531168,0.9062304677932417
id04826,0.8947279614639584,0.10526823317748107,3.805358560511759e-06
id13173,0.003275944511203713,5.47115125588291e-05,0.9966693439762374
id20075,0.9105557531559322,0.04885144284240172,0.04059280400166613
id16427,0.29711983554428567,0.2815838407969529,0.42129632365876146
id21948,0.0003688874822101393,0.0004685978502159037,0.999162514667574
id05957,0.9864998870331625,0.010680703348320959,0.0028194096185164916
id22982,6.441457780401805e-07,0.9999965120652711,2.843788950769026e-06
id01672,0.23341751180823272,0.7646337898813954,0.001948698310371858
id19463,0.031843323747800585,0.017708697443977045,0.9504479788082224
id17555,0.17475721837183555,0.8182802995332537,0.006962482094910833
id21387,0.000195921164894618,0.9992381144243406,0.0005659644107647127
id00011,0.03109922949379577,0.9688685141660478,3.2256340156522515e-05
id18538,0.9929922994465431,0.006430458411225559,0.0005772421422313855
id14915,0.000308154788683016,0.999533867754327,0.00015797745698999162
id13773,8.467330771042776e-05,0.004287016115407661,0.995628310576882
id26440,0.726677885664719,0.003608332595631712,0.2697137817396493
id18862,0.35208071395022633,0.1122367965299314,0.5356824895198423
id02510,0.004335701117525512,1.90003567405337e-05,0.9956452985257339
id26288,0.001591700171856038,0.00022181202550024143,0.9981864878026437
id01877,0.0625047989111865,0.3750437323102436,0.5624514687785699
id17532,0.03737096100797593,0.015075317822814493,0.9475537211692097
id22973,0.997441684549032,0.00220132723089293,0.00035698822007502947
id10254,0.6052691083112589,0.007776802936095055,0.38695408875264603
id20420,0.0015401970241931307,0.9982130669727622,0.0002467360030446001
id16052,0.9685526525051923,0.008544511754654802,0.022902835740153008
id19578,0.9987809238155847,0.000910370677296099,0.00030870550711931344
id06318,0.5179339613083838,0.06395906979367667,0.4181069688979397
id18751,0.9999969279927176,2.1684948163495952e-08,3.050322334171316e-06
id06756,0.2892340131028235,3.7266653223204876e-05,0.7107287202439534
id00364,0.7001603650671651,0.2998357021594983,3.932773336686972e-06
id10714,0.44589574255240383,0.5040505535223139,0.05005370392528233
id27432,0.9649576081502014,7.020334927388774e-07,0.0350416898163059
id02395,0.06016986537161504,0.9382779146777491,0.00155221995063577
id00502,0.5760517135265416,0.23851163484394422,0.18543665162951417
id22856,0.014065567490447899,0.03968864114281407,0.946245791366738
id16391,6.855222597614577e-08,0.9999999311249032,3.228708340909095e-10
id18170,0.006469480499494221,0.9848902548761831,0.008640264624322618
id19642,0.9927513380989396,0.003381969969321951,0.0038666919317384544
id15742,0.999639561473401,5.191885833525289e-06,0.0003552466407654445
id18984,3.732564689907568e-05,0.00010586138079844769,0.9998568129723026
id22155,7.819984715103595e-05,0.0007416387071281708,0.9991801614457207
id13113,0.022129673566392533,0.00018921552914520986,0.9776811109044623
id03817,0.6850648951600813,0.008971576121897236,0.30596352871802146
id13090,0.77911037988256,0.031889934487841595,0.1889996856295983
id23521,4.655796000270927e-05,0.989253936723216,0.010699505316781226
id21376,0.3151421238688604,0.04112953827044514,0.6437283378606945
id21795,0.005002579161606109,0.9901803632115397,0.004817057626854248
id03548,0.00043433527353913486,5.909076660408919e-07,0.9995650738187949
id05018,0.9996103843506737,0.00011486901703187596,0.00027474663229449614
id00085,0.006609635120151776,0.9933797766394141,1.0588240434010886e-05
id12163,0.07669013701520466,0.8933921252225696,0.029917737762225727
id15341,0.7497444484528792,0.04584077659715835,0.2044147749499624
id12896,0.22628518401869377,0.7486775402111127,0.02503727577019362
id24019,0.8473058606397642,0.027332836803656932,0.1253613025565789
id24981,0.9953373589700947,0.004645988991442014,1.66520384633525e-05
id12456,0.3155688707697907,0.12152949534290153,0.5629016338873079
id24590,0.03267450689789119,0.0024024530889260854,0.9649230400131827
id01276,0.00011932488327589669,0.999859061662453,2.1613454271110154e-05
id04235,0.0007498200624679296,0.00032112468130437576,0.9989290552562277
id21844,0.012189169776648958,0.0310561354312272,0.9567546947921238
id16876,1.797306422686668e-08,0.9999999665871748,1.543976101683672e-08
id10137,0.009984288985163549,0.0003056112161371545,0.9897100997986994
id26435,1.595663184647553e-05,1.4562784802636018e-07,0.9999838977403055
id15912,0.09316832812487381,0.009008404304192101,0.8978232675709341
id09361,4.503468551987448e-05,8.540092312009647e-05,0.9998695643913601
id00071,0.3520078157373435,0.0003415292390221249,0.6476506550236344
id21006,0.9999998032899956,3.3993726739712786e-08,1.6271627762022096e-07
id20942,0.13829460453580644,0.0004915734748690639,0.8612138219893245
id00137,0.8998121092850058,0.08026431338980494,0.01992357732518935
id10494,0.08239196315115667,0.8183874304750803,0.09922060637376302
id02933,0.7614838135641497,0.008487726477259283,0.23002845995859098
id22661,0.00014657668500388563,0.9998376928780214,1.5730436974766938e-05
id01024,0.31730744712634584,0.027238481708976452,0.6554540711646777
id02183,0.026774320883883318,0.9337312444370958,0.039494434679020946
id22883,0.08245838168598597,0.9171475321113738,0.0003940862026403162
id14780,0.31644379791399047,0.6825104716469701,0.0010457304390393324
id00543,0.011798354974677901,0.0014224326935710428,0.9867792123317511
id21237,0.8731535533692523,0.0051792517644743494,0.1216671948662735
id09864,0.005033323848112863,0.9623937734271102,0.032572902724777
id26171,0.00011696073961443338,0.013880812024851983,0.9860022272355337
id08115,0.8882764305012724,0.02063493255624714,0.09108863694248048
id18417,0.00037043536308311903,0.9975206330253074,0.002108931611609479
id27910,0.011887681869772238,0.010031645013625948,0.9780806731166019
id16918,0.19475574986136818,0.012700340138121125,0.7925439100005107
id10236,1.7778125120476207e-05,2.514284569441559e-08,0.9999821967320339
id22481,0.3573120281045215,0.2853637801606094,0.35732419173486907
id25843,0.21089248430994384,0.7866676503972775,0.0024398652927787867
id24660,0.9987666958645516,0.00011971055687940375,0.0011135935785689891
id09637,0.015348494561150098,0.984589544547231,6.196089161889826e-05
id19022,0.2559050867522286,0.0426415003087417,0.7014534129390297
id16809,0.010255204633300069,0.00041907191232652425,0.9893257234543734
id13162,0.07112669629506016,0.0005989651255170173,0.9282743385794228
id05384,0.002058280529907356,0.9978735000428717,6.82194272210044e-05
id15361,0.0004752637181454197,9.33624026762748e-05,0.9994313738791784
id03967,0.0001996819499695717,0.9997630806993848,3.7237350645701707e-05
id03839,6.0111278004531824e-05,0.9998906983438551,4.91903781402375e-05
id19644,0.8902060131265609,0.03847564844775066,0.07131833842568844
id14817,0.004192952357662617,0.001618655700988029,0.9941883919413493
id04190,0.21978600034103773,0.7120990863201596,0.06811491333880271
id19018,2.4039764897054615e-05,0.9982781875194404,0.0016977727156624123
id23557,0.5367125504057377,0.46301285768360406,0.0002745919106581256
id25241,0.04012191612107488,0.0017854163543967385,0.9580926675245285
id01223,0.23324122279266318,0.005068575567476863,0.76169020163986
id07529,0.17333876978623117,0.6569309272778452,0.16973030293592362
id13517,0.019804969466625695,0.01891317879189445,0.9612818517414798
id11759,0.6400321487936057,0.004465608353564212,0.35550224285283
id13741,0.0060596982107495685,0.017093866291008678,0.9768464354982418
id03305,0.03914781051217534,0.0031965526307057915,0.9576556368571189
id16474,1.236536643082873e-12,0.9999999999955403,3.2231076977676833e-12
id04156,0.9312310191208583,7.592690982049302e-05,0.06869305396932113
id23223,0.0031886761653823906,0.9965914859370946,0.00021983789752307413
id25193,0.6440622550702337,0.01752664815641911,0.33841109677334713
id02100,0.9995075816162438,2.9744327232426475e-06,0.0004894439510330387
id20032,0.0077820790688078656,0.4395914854108905,0.5526264355203017
id22179,0.0003857709520341608,0.0006312334544470203,0.9989829955935188
id15359,0.9954825755902671,0.0002821257436784856,0.004235298666054438
id02571,2.1053257531054848e-05,0.9999788895327915,5.720967754729967e-08
id21450,0.9987377641935657,0.0005538894948697369,0.0007083463115644245
id17293,0.9800426733845135,0.019698510952789378,0.00025881566269724053
id13056,0.9524289112217915,0.028904214901040507,0.01866687387716786
id16833,0.6846998187294793,0.0013605657732852464,0.31393961549723554
id25681,0.00431718159634211,0.9953331039194447,0.0003497144842131416
id21263,0.0006556901132503442,0.00029570470573840217,0.9990486051810112
id02323,0.0031781748573769387,0.9962188470365865,0.0006029781060365492
id16481,0.8031196058461667,0.005707053084069946,0.19117334106976344
id05781,0.8553537715240418,0.0006741266662905114,0.14397210180966769
id14416,0.7761527431105971,0.20017795527895013,0.023669301610452578
id20650,0.0200126251830418,0.870039345064721,0.10994802975223725
id04357,0.9508511016161149,0.008939877463502496,0.040209020920382706
id16663,0.001272937659184152,0.0025310629021135906,0.9961959994387023
id18312,0.17175902040515917,0.0038709501604456847,0.8243700294343951
id24780,1.598850610498666e-05,2.527180872616868e-05,0.9999587396851689
id17348,0.03230374231909072,0.0009236405720996061,0.9667726171088097
id22993,0.8755130591713586,0.00036921524126932634,0.12411772558737212
id04847,0.0038923517078931213,0.04092067161048353,0.9551869766816233
id27880,0.0003901963340572345,0.9995307823108057,7.902135513705777e-05
id21160,0.008827474317944168,0.21497255945885518,0.7761999662232008
id03354,0.3697699084660004,0.6229062794466479,0.007323812087351803
id11002,0.02585977058582055,5.0705164926543807e-05,0.974089524249253
id02425,0.0498005277837827,0.00014591935561252513,0.9500535528606047
id14067,0.8273432458867266,0.09636362569574636,0.076293128417527
id05886,0.15566074179845707,0.0016172985605677592,0.8427219596409752
id09256,0.9845014838795949,0.012867307560713486,0.0026312085596915426
id11511,0.10758093445084377,0.0028338941398627924,0.8895851714092934
id09029,0.001276871018480737,0.9383393839999169,0.060383744981602365
id22563,0.22824648499237407,0.3671739837919717,0.4045795312156543
id27838,0.33356231269182635,0.04190730002375487,0.6245303872844188
id23184,0.9429615943577071,0.04007121406298121,0.016967191579311706
id15335,0.9510084925924799,0.0300088267364615,0.018982680671058575
id08607,0.9699780716622667,0.018330659132831755,0.011691269204901622
id26516,0.9897433862383879,0.0064850810277534065,0.00377153273385879
id12417,0.5438454358090065,0.11153175069634898,0.3446228134946446
id21758,0.9974355291371153,0.0024907674467352166,7.37034161494611e-05
id00729,0.06762992407726244,0.9318836215751316,0.0004864543476060541
id25504,0.07116296992440749,0.9200631555444969,0.008773874531095537
id00360,0.0013254693254365069,0.016479488354857377,0.9821950423197062
id05913,0.18230144842754964,0.8167685656216268,0.0009299859508236328
id00089,0.9802316894084656,0.018300671699559037,0.0014676388919753723
id03511,0.9998925370146754,6.031838949493677e-06,0.00010143114637506316
id00449,0.002759959147099493,0.01945841629699981,0.9777816245559008
id14504,0.42783108848068063,0.5602694347190306,0.011899476800288883
id19106,0.9999928552766791,5.758949290742462e-06,1.3857740301241818e-06
id19236,0.00907780713806983,0.9906311107384681,0.0002910821234620453
id12743,0.9982506230205553,1.7152354348059295e-05,0.0017322246250966458
id04662,0.06120806569695572,0.005525496270086182,0.9332664380329581
id15139,0.11146004401607101,0.0008383440667456436,0.8877016119171833
id07233,0.1456064847447123,0.27297028090320546,0.5814232343520822
id19160,0.8825562413519347,0.11684072166863138,0.0006030369794340316
id06867,0.0008683905702840028,0.9989815282650456,0.00015008116467040078
id04236,0.0005065158444190553,0.9957352077672174,0.0037582763883636026
id07591,0.006945595616201935,0.001652619970353531,0.9914017844134445
id25815,0.1820760045410754,0.0013772551530656127,0.8165467403058589
id10925,0.914667862876935,0.01426921252161092,0.07106292460145414
id27774,0.9541289007397701,0.042319885012820524,0.0035512142474095347
id16090,0.023600698726775327,0.9611276084859854,0.015271692787239265
id24875,0.023362767135007213,0.00027958424470910756,0.9763576486202836
id03456,0.8241975408074825,0.0028514389575532762,0.1729510202349643
id07559,0.06095268705076756,0.9368605024890689,0.0021868104601635925
id10513,0.002560131608501006,0.997315453788587,0.00012441460291212286
id07094,0.8934963979853959,0.039261254672925634,0.06724234734167849
id04111,0.005040415123525821,0.00014789471481602,0.9948116901616583
id23356,0.9713313668114403,0.01355606031013654,0.015112572878423177
id04435,0.15018884171576163,0.009726735295334358,0.840084422988904
id23706,0.0004605838798647341,4.15842665227184e-06,0.9995352576934831
id04655,0.3410750094143857,6.805761194457555e-05,0.6588569329736698
id07661,0.3724585019710889,0.028097403554030738,0.5994440944748803
id27176,0.2161481757756461,0.019971386919159843,0.7638804373051941
id13560,0.11359516032980155,0.05723775284942843,0.8291670868207701
id18020,0.04336535604927742,0.011798769494326277,0.9448358744563964
id16701,0.6314853817523304,0.3559588020305898,0.01255581621707989
id19252,0.9911199667397002,0.00046693690657993806,0.008413096353719842
id00910,0.25579259980514324,0.7204541677790631,0.023753232415793756
id12102,0.9762119794804346,0.000606515811613852,0.023181504707951526
id15820,0.9431465142024748,0.009176739797049081,0.04767674600047612
id10698,0.9426490672025422,0.027936301640848767,0.029414631156608986
id15530,0.03872255768444461,0.90142906349346,0.059848378822095434
id10740,0.9999831867987747,1.4663395786256123e-05,2.149805439033205e-06
id24917,0.02376889238186424,0.0018280351254121462,0.9744030724927236
id07985,0.0764123593307793,0.1615189665919078,0.7620686740773129
id15897,0.7901134772236161,0.09150356951763682,0.11838295325874706
id07960,0.008196420369670946,0.11408710568262213,0.877716473947707
id15529,0.6903922204514819,0.055145907840290935,0.25446187170822715
id17855,0.23237453322690493,0.7619641944642873,0.005661272308807539
id24727,0.9978069077680517,0.002032438753013055,0.00016065347893512747
id14835,0.8598134199227706,0.0004554847064462153,0.1397310953707833
id25557,0.031963202163970396,0.058232551235763264,0.9098042466002664
id18605,0.007264573804902721,0.00030446963696879707,0.9924309565581285
id27760,0.9991283337144151,0.0005414604879918375,0.00033020579759311403
id10042,0.0010284522911101549,0.005255990491820421,0.9937155572170694
id12074,0.0018443326155413303,0.9952337378666778,0.0029219295177809372
id19511,0.6263703125975854,0.01934100682203128,0.35428868058038343
id21924,0.4275692489505978,0.5722956774969156,0.00013507355248665794
id13095,0.049651358907997656,0.09714729700652108,0.8532013440854812
id11873,0.0003977645290991313,4.167266208673579e-07,0.99960181874428
id23651,0.06753231786230214,0.9233011469694111,0.009166535168286688
id09931,0.029738998402979878,2.8140546128040277e-05,0.9702328610508921
id05155,0.02256903189343095,0.010675166894766788,0.9667558012118022
id17668,0.9961744393714259,0.0035083618817424323,0.00031719874683171375
id03470,0.9999706198428131,2.9002140444642394e-05,3.7801674225561785e-07
id02208,0.9997956640616081,0.00020431032492557744,2.561346627273009e-08
id07650,3.7274006088773836e-06,0.9999960545296545,2.180697367166338e-07
id24472,0.9975664876244714,0.0021439228653466528,0.0002895895101817926
id21211,0.00022232078929563655,0.9974048639742006,0.002372815236503778
id11030,0.9289395333473874,0.04744762820862842,0.023612838443984072
id00943,0.010840165015708787,0.9890197123885256,0.00014012259576561242
id19156,0.002580955605256514,0.015234918747932964,0.9821841256468106
id22886,0.001974139851637593,0.007619887697384287,0.9904059724509782
id00992,4.284727403215833e-05,0.9998251452918221,0.00013200743414578764
id27547,0.993797817142173,0.005628126171917495,0.0005740566859095672
id24073,0.9506188958061453,0.049185488839906415,0.00019561535394808978
id05452,0.9780166051808186,0.018919243122762882,0.0030641516964183824
id22492,0.001200190115487273,0.9844712012846848,0.01432860859982795
id11981,0.5440496051520808,0.4523749507538984,0.0035754440940208953
id15552,3.1719108366536723e-06,0.9999853817431524,1.1446346010913042e-05
id04471,0.0007028720618445586,0.002007544314954721,0.9972895836232006
id09231,0.07255367893395148,0.7824401283988345,0.14500619266721407
id12493,0.9408515328393495,0.04347088598348636,0.01567758117716414
id24967,0.845191942701908,0.03159575559851784,0.12321230169957424
id05865,0.47980163614900756,0.1068926465371321,0.4133057173138604
id04811,0.9835875807565173,0.009678845315651559,0.0067335739278312386
id19877,0.1641450560624371,0.07063964616406039,0.7652152977735025
id04024,0.0135289742421355,0.9864673470186828,3.6787391817473674e-06
id00395,0.166958650039125,0.010627095757546057,0.822414254203329
id22728,0.1759801703661496,0.7968959810016096,0.027123848632240804
id01268,0.8037891935241652,0.19553958843648503,0.0006712180393497932
id08896,0.8903654155882925,0.012750175211747731,0.09688440919995985
id09971,0.49083871174574056,0.10297523751665487,0.40618605073760455
id26606,0.037537116580971495,0.002167713714551645,0.9602951697044768
id27970,0.7055717647648005,0.06263680560740169,0.2317914296277978
id25259,0.9999995823026541,3.8495115743466356e-07,3.274618851473503e-08
id13834,0.09623712239417595,0.03342067828631812,0.870342199319506
id19513,0.14384242046048723,0.08451291416730558,0.7716446653722072
id16082,0.026778878013848328,0.9730955870347577,0.00012553495139387314
id22180,0.016658458332202728,0.0019714381034040248,0.9813701035643931
id20498,0.9853261988119443,0.012334017948826954,0.0023397832392288353
id27595,0.0006926193068425427,1.526864220628955e-05,0.9992921120509513
id08267,0.22020574823310912,0.012845036574564444,0.7669492151923264
id12823,0.9960655290184482,0.003672021539800153,0.00026244944175157504
id18842,0.0013483587026678829,0.9968160876919718,0.00183555360536035
id17534,0.7429007522849665,0.2538899742541719,0.0032092734608615294
id05777,0.9488106289317644,0.003282473868312817,0.047906897199922895
id21689,0.7514214799246202,0.2481897228370465,0.00038879723833338094
id18114,0.008082254399751649,0.9909378814867787,0.000979864113469683
id17707,0.008087808252519098,0.0004655645009141012,0.9914466272465668
id22956,0.00032040481379902615,0.9996744323268619,5.162859339131663e-06
id27834,0.018033062793613112,0.010087086263479695,0.9718798509429072
id11377,0.044002472061942986,0.923472834516765,0.032524693421292085
id08333,0.9273772702184437,0.06659126129288584,0.006031468488670444
id07445,0.7265665690120592,0.2192688311839396,0.05416459980400131
id22703,0.5019732484232875,0.48826489017407204,0.009761861402640602
id09468,0.09515093966354,0.27157556010794104,0.6332735002285189
id19397,0.23601026513408627,0.021519590082361366,0.7424701447835523
id07977,0.9090060804861735,0.021385265706261564,0.06960865380756501
id14555,0.004684024436783181,0.0004827945281542632,0.9948331810350626
id02489,0.008612001605658445,0.12822748479924348,0.863160513595098
id10445,0.7964120316708989,0.09425177046976513,0.109336197859336
id02058,0.003463797165712873,0.02775748621742117,0.968778716616866
id23101,0.8552506218269489,0.05765410686851127,0.08709527130453985
id18072,0.2115031920115958,0.6148332674445738,0.17366354054383046
id21085,0.7427022214082984,1.0926784044085198e-05,0.2572868518076574
id16584,1.7591871167884553e-05,1.0197125632958125e-08,0.9999823979317065
id23136,0.0003161290094803797,4.762893850885287e-05,0.9996362420520107
id17745,0.003424631369691021,0.5025519530569906,0.49402341557331836
id27391,0.6986980825461683,0.1480913687658593,0.1532105486879725
id17240,0.15545024579605288,0.8443373347260531,0.0002124194778941044
id11708,0.6827174950566288,0.04425334883473172,0.2730291561086394
id08712,0.0037978201268343593,0.9332246495252409,0.06297753034792475
id23809,0.5285124318072622,0.10797270641793437,0.36351486177480347
id07274,0.9777786919331278,0.015514690227921268,0.0067066178389507715
id15625,0.01385484870878251,0.13471939454812962,0.8514257567430878
id22815,0.7921951338595439,0.20719249031396464,0.0006123758264915836
id23200,0.9803019585108553,0.01607665097412038,0.003621390515024323
id04369,0.0007770182231186841,0.9977050786047404,0.001517903172140834
id04659,0.792244726633695,0.15568929681664345,0.052065976549661504
id05051,0.0002779762922928695,0.001553475961557867,0.9981685477461493
id07815,0.009215334540084861,0.9035345469396694,0.08725011852024586
id27535,0.9991791845674537,0.0008192267823900031,1.588650156335927e-06
id11916,0.0005261133034346793,0.005447377103928057,0.9940265095926373
id07097,0.15846770600780172,0.8372190078201089,0.004313286172089347
id24599,0.9928256064629082,0.0025107668552129788,0.004663626681878759
id03434,0.2384157055425844,0.032625705141087896,0.7289585893163277
id01685,0.40271998358285593,0.4053921613902951,0.19188785502684902
id23165,0.7572651561028788,0.11619424769587883,0.12654059620124242
id08601,0.09068940267818933,0.9093067839374461,3.8133843645614653e-06
id19593,0.9896130389016917,0.009092661785121617,0.001294299313186757
id04582,0.34609284345783053,0.00023351475001262215,0.6536736417921568
id25659,0.2816048216200078,0.353199490465397,0.36519568791459533
id08590,0.006135413990384056,0.0003142007730846641,0.9935503852365313
id21959,0.11387864671005166,0.859241358653364,0.026879994636584272
id21373,0.997790178605175,0.0015758431145346601,0.0006339782802903756
id12581,0.07760578446114508,0.007996671098914962,0.9143975444399399
id05240,0.7096830741535617,0.28215945886042315,0.008157466986015207
id25188,4.5158241137198354e-06,4.9106124789634074e-06,0.9999905735634074
id15719,0.000467860754409076,0.9953268093490666,0.0042053298965243745
id17546,0.7366363484444782,0.10695131175088529,0.15641233980463642
id18546,0.474736930339785,0.504383869093857,0.020879200566358065
id16043,0.002875121446743723,0.45731593077215693,0.5398089477810994
id05236,0.9982491909103055,0.001733058327740174,1.775076195435454e-05
id01665,0.9985556684799445,0.0013230760381862162,0.00012125548186928177
id12811,0.7450065286054038,0.07901878620638651,0.17597468518820972
id11468,0.01122445377058003,0.00047209036670559573,0.9883034558627144
id20311,0.9785910708000575,0.004113875891561246,0.017295053308381325
id04045,0.0028711361721156753,0.00017877843217081768,0.9969500853957135
id02671,0.07118694604921175,0.6547115665766919,0.2741014873740964
id19889,0.004089654495083417,0.9954784784933889,0.00043186701152780123
id10371,0.09941717941017963,0.5754591298895282,0.32512369070029223
id13583,0.5956249220928881,0.04292116365772515,0.3614539142493868
id11070,0.8151809854860447,0.1838634849168818,0.0009555295970735986
id13087,0.002640722889765668,0.9969548133131818,0.0004044637970525643
id21670,0.01319655963305909,0.021857119008699685,0.9649463213582413
id16432,0.022509202780806835,0.9621136240956422,0.015377173123551073
id13899,0.9926866034083038,0.005877730879945941,0.0014356657117502866
id02925,0.10820948188866222,0.8874234444338911,0.00436707367744674
id27528,0.03303227710875157,0.9656373295754714,0.001330393315776942
id15950,0.8039100843400031,0.12984300237341803,0.06624691328657896
id07604,0.9989717875261896,1.2395230315085113e-07,0.0010280885215071369
id12682,0.9960366586034272,0.0032263043400386333,0.0007370370565341678
id16688,0.0816641606390976,0.9155978167293216,0.0027380226315808576
id24150,0.00011705812330141155,0.9998772846764378,5.657200260790153e-06
id04599,0.16160178459205832,0.002569219449154592,0.8358289959587871
id05609,0.0025095555395327597,0.9697312368966636,0.027759207563803616
id27242,0.04998069002199579,9.213353357761871e-05,0.9499271764444266
id03464,0.38576032139442623,0.2655900471370088,0.3486496314685651
id20129,3.0169672154885233e-05,2.159002778450912e-07,0.9999696144275673
id07890,3.707311509849857e-05,0.9999585886968307,4.338188070796432e-06
id24082,0.9470499605108122,0.0032097192245313004,0.04974032026465653
id18550,9.11641664815057e-07,2.1787147886382345e-08,0.9999990665711873
id13345,0.006043096819715269,0.012993164707274659,0.9809637384730101
id21162,0.9033494691845908,0.07583703183350929,0.020813498981899905
id05896,0.0072960427621167195,0.01122222704027596,0.9814817301976073
id00549,0.010319166368132578,0.026726764925078618,0.9629540687067888
id19986,0.33299627010274224,0.020674699916962292,0.6463290299802955
id12287,0.2702588577773786,0.0006379628172787875,0.7291031794053426
id21149,0.10231215824263264,0.00017526127074038152,0.897512580486627
id15937,0.009175485161360101,0.91299682354964,0.07782769128899993
id18043,0.4430023939344562,0.06506891761761724,0.49192868844792653
id19288,0.8408149402410771,0.1571235302004746,0.0020615295584482628
id16304,0.03689059344834497,0.011797713748642332,0.9513116928030126
id03605,0.9964965247855242,0.0029482892764743584,0.000555185938001427
id00126,0.0033217771333365234,0.7433687827921075,0.2533094400745561
id11734,0.8178036016250051,0.13179429272966178,0.05040210564533315
id20670,0.0008426145150579807,0.9843878317000471,0.014769553784894954
id02266,0.04206038765288817,0.011763418733937981,0.9461761936131737
id06651,0.0008538584851332914,0.9403821356941472,0.05876400582071945
id12969,0.9628416287853951,0.035983255540305445,0.0011751156742993765
id15664,0.18381892169009426,0.7992053978673809,0.016975680442524902
id09699,0.11825607372099396,0.36364749019558734,0.5180964360834187
id07426,0.12531537679402907,0.0038214211859538853,0.8708632020200171
id12040,0.0001672267240588996,0.9998327432730576,3.000288353977866e-08
id22961,0.5721215200160623,0.023719886360956496,0.40415859362298123
id23971,0.002438758888289091,0.9969682297622061,0.0005930113495048314
id21433,0.6672990996970787,0.14027927720422184,0.19242162309869956
id12028,0.013084326964279315,0.9810832089689686,0.005832464066752014
id15673,0.36763813347924035,0.49722085440690394,0.13514101211385576
id18681,0.129444835750222,0.002346463619415824,0.8682087006303622
id21339,0.5788572298901145,0.29929510435402695,0.12184766575585865
id23755,0.3677100313937667,0.27115886383672766,0.36113110476950566
id10369,0.00011334964733787426,0.0013876117477589203,0.9984990386049032
id03917,0.7799580531393726,0.03655734846659815,0.18348459839402909
id17078,0.003051712391951428,0.5046476865287315,0.492300601079317
id10873,0.883185647810978,0.005473290962738258,0.1113410612262838
id21158,0.9986474779550664,0.00032956235474669625,0.001022959690186977
id16491,0.9492033529077867,0.021295261023228908,0.02950138606898455
id23930,1.1086699733190908e-06,0.9999976123450998,1.2789849269927528e-06
id16048,0.004291938187770203,0.9944276042038463,0.001280457608383389
id10070,0.997068693145084,0.0020142351511052157,0.0009170717038108401
id24962,0.7462433897700639,0.023091553882717136,0.23066505634721904
id27787,0.9871258017200869,0.0039083990048540615,0.00896579927505905
id16840,0.0444726142142691,0.9543083637813441,0.0012190220043869317
id01994,0.9875561925015203,0.010576043914481513,0.0018677635839981644
id10756,0.0002944845011835781,0.00034563460603803653,0.9993598808927784
id16697,0.04707369494503049,0.5987218648747996,0.35420444018017
id19603,0.08131353159682436,0.9173121044381448,0.001374363965030854
id03903,0.9960449628247103,0.0034780942958528797,0.00047694287943675823
id20992,0.7870037599007889,0.005724439080392937,0.20727180101881812
id15687,0.020375516339436538,0.9793917057237376,0.0002327779368258952
id19769,0.007404625542277911,0.8747411049031691,0.11785426955455303
id06048,0.35720737707049194,0.46034438894462354,0.1824482339848844
id25098,0.009178983170704032,0.9878500338862714,0.002970982943024714
id16091,0.5261460573239932,0.4454468778211165,0.028407064854890137
id27192,0.49666824298253304,0.021772882398148508,0.4815588746193184
id05897,0.08085747932667092,0.014313059351564102,0.904829461321765
id00828,0.9155865536856772,0.0746911846587354,0.009722261655587467
id20605,0.9446016864831563,0.0004034530897526115,0.05499486042709104
id05872,0.26292052291826495,0.29805060490138463,0.4390288721803503
id00761,0.9996328311278069,7.216476068305413e-05,0.00029500411151004655
id19573,0.5338143458135229,0.16480091623461676,0.3013847379518604
id03081,0.000902974267911713,0.003820921172467818,0.9952761045596205
id04887,0.1318096933459242,0.00015670847923332173,0.8680335981748425
id17700,0.0002437987136578135,0.00032749816781025426,0.9994287031185319
id03250,0.8829699053234518,0.11198692321698155,0.0050431714595666755
id21027,1.090584225095127e-05,0.9999867112546311,2.3829031179642617e-06
id19567,0.9922694253604194,0.007661748275458325,6.882636412228996e-05
id05661,0.16336304086085995,0.024786912717992136,0.8118500464211479
id27405,0.9997714775484112,0.00020668814634040739,2.1834305248388836e-05
id01546,0.0048269302689058395,0.990145210267719,0.00502785946337526
id02288,0.0002577769515713685,0.9995729598987437,0.00016926314968493863
id11057,0.0005787468224488225,2.548245151128622e-05,0.9993957707260399
id09191,0.006597083405428535,0.9591259184502336,0.03427699814433782
id19074,0.00174324903547264,0.000353662116011207,0.9979030888485162
id25012,0.8759611743907135,0.07156286618881862,0.052475959420467934
id24857,0.013935219085275815,0.9859257466299579,0.00013903428476622033
id07557,0.02970224953705949,0.6713839557411979,0.2989137947217427
id23072,0.9997972660808735,0.00018727391897927102,1.5460000147195083e-05
id20317,0.9293285756773817,0.04132949911236595,0.029341925210252383
id16642,0.9676634587939267,0.008394624555203595,0.02394191665086976
id04211,0.0014791276808316593,0.06541396316296634,0.933106909156202
id22871,0.0006030962302527267,0.9993694266876991,2.747708204817639e-05
id16178,5.813513645137975e-05,1.8586597684305376e-06,0.9999400062037802
id25172,0.054685893450660286,0.1475754473302872,0.7977386592190525
id15654,0.8735340830221253,0.013851915195279733,0.11261400178259497
id26067,0.998076326746418,0.0001669643746737959,0.0017567088789082472
id11955,0.1899717504071504,0.07856869018078826,0.7314595594120614
id24939,0.00040027381067121975,0.0013628052502898935,0.9982369209390389
id07378,0.6095524339200907,0.26985586257581545,0.12059170350409387
id22455,0.002355805400412204,0.9881943207197148,0.00944987387987299
id12850,0.04535571701606257,0.006585929056842493,0.9480583539270949
id12403,0.9836707779778147,0.0008196683977561384,0.015509553624429153
id11593,0.012367253153660555,0.9866907718691045,0.0009419749772349145
id27776,0.9503608182681826,0.003302528417429646,0.046336653314387764
id14497,0.00030768012444670853,0.00017828944675616905,0.999514030428797
id24628,0.10613150716930517,0.005437207729890784,0.888431285100804
id11283,0.37302351044797344,0.01807010244942624,0.6089063871026004
id00459,0.999038434994947,0.0008920379039969751,6.952710105597981e-05
id11310,0.008958802909371144,0.9885140080914017,0.0025271889992272666
id05177,0.0001681242550697135,0.9998305169927199,1.358752210426102e-06
id22598,0.0012545102764138156,0.9969600436839248,0.0017854460396615004
id05214,0.2951461900497251,0.16566684497858508,0.5391869649716898
id22797,0.8991366665271115,0.0786229816310801,0.02224035184180843
id15832,0.00022071540798817058,0.015313551398563748,0.9844657331934481
id00479,0.16433188350997274,0.835450658025554,0.0002174584644733227
id05840,0.0023632684553326275,0.09163743936865817,0.9059992921760093
id27489,0.00040870412172607943,6.905409429793743e-06,0.9995843904688442
id03281,0.0017332733550767334,0.9972157818770195,0.0010509447679036507
id27046,0.9125229331461135,0.001321847836446416,0.08615521901744011
id09213,0.00011660646479235889,8.341134568787982e-05,0.9997999821895197
id18775,0.9177109271967613,0.038081908789983764,0.04420716401325498
id09731,0.08454685488360772,0.8000701281637568,0.11538301695263554
id25031,0.8889677461743767,0.09447091876957618,0.016561335056047174
id11945,0.6500300327390343,0.14372882920227936,0.20624113805868644
id20286,0.8948806617226078,0.10291415819651623,0.002205180080875958
id27960,0.0061915296934514745,0.003370569374165022,0.9904379009323835
id13206,0.00045007241747145637,0.0013648235554683124,0.9981851040270603
id09964,0.3621392300503057,0.21248083752444294,0.42537993242525135
id16811,0.008217658660653234,0.9887732738383702,0.00300906750097652
id08948,0.04441299648487678,0.9553172026569208,0.00026980085820254294
id17636,1.1768582236557608e-05,3.8117405720390987e-06,0.9999844196771914
id14046,0.8787721138249551,0.010887881426330504,0.11034000474871444
id22873,0.9715865950694937,0.0029829318287418138,0.025430473101764512
id09962,2.6462090292418272e-05,0.0014571335484750475,0.9985164043612326
id26474,0.9951561958826571,4.332995974631406e-05,0.004800474157596623
id11898,0.4991281050163335,0.496237005911997,0.0046348890716695285
id25477,0.9988955423384767,0.00032107316945143786,0.0007833844920719511
id25457,0.9879261622286404,0.00037107589222322565,0.011702761879136398
id26675,0.07889023817335486,0.0018830740882981646,0.919226687738347
id04422,0.008045830333632908,0.01174168595887811,0.980212483707489
id04237,0.8120254719999191,0.11557747351680729,0.07239705448327362
id07049,0.050746924483597425,0.9224445823868,0.02680849312960262
id18211,0.7458161188559332,0.19715594337055323,0.05702793777351362
id16033,0.05308200909265093,0.9468617499939326,5.624091341655297e-05
id16680,0.7720842797353193,0.005613958886233974,0.22230176137844676
id08977,0.021777020563473,0.976954394731835,0.0012685847046920763
id18494,1.0930467473005021e-07,0.9999996363810296,2.54314295631326e-07
id07714,0.002835462657935854,0.00207682136949598,0.9950877159725682
id01243,0.9887711622794059,4.65767065631901e-05,0.011182261014030942
id18562,0.00021086891543274557,0.9995196469373454,0.0002694841472218242
id03147,0.006126839746250816,0.00030002540994143387,0.9935731348438077
id24138,0.5947747645701331,0.008468853934114775,0.39675638149575204
id21062,0.9507237261559007,0.017931611708808432,0.03134466213529091
id25053,0.002679631559470388,0.000978234039780734,0.9963421344007489
id14390,0.05632137519356476,0.00013132638280836917,0.9435472984236268
id10122,0.18129116001229184,0.020538044589338673,0.7981707953983694
id13160,0.02981514388852794,0.966319160982639,0.0038656951288330724
id00780,0.0001996857742232352,0.9997888035262902,1.1510699486606835e-05
id20996,0.5874817880977677,0.04352388079601277,0.3689943311062195
id16008,0.5390566704293448,0.11896188914543934,0.3419814404252159
id10522,0.006902400060220033,0.9783743896815641,0.01472321025821587
id18498,0.8781123063160782,0.01638668564356464,0.1055010080403573
id09341,0.03643525930785729,0.94411780298972,0.0194469377024227
id22456,0.5080984160791546,0.004830917747019737,0.48707066617382566
id07592,0.005742444932011341,0.9925359020422255,0.0017216530257630944
id25634,0.9997337898308459,7.567249000631711e-05,0.00019053767914780173
id15011,0.5615608578515278,0.4358586127717172,0.002580529376755079
id14245,0.9319850970632615,0.0038707580405292785,0.06414414489620933
id21107,0.24721397536771678,0.0011270006421437637,0.7516590239901394
id01881,0.027315884783732165,0.9695837512812565,0.0031003639350113857
id12772,0.07505967577199511,0.11593612163091976,0.809004202597085
id17589,0.999385871797314,0.0006126931050049506,1.435097681027974e-06
id24421,0.0001420111629183344,1.042691712967042e-05,0.9998475619199519
id22088,0.01443971358952057,0.2409472366871588,0.7446130497233207
id21687,0.2910027414502337,0.01507984022010445,0.6939174183296619
id17810,0.009014480461299499,4.237029400710324e-05,0.9909431492446934
id25153,1.851210323944257e-05,0.9991643104058433,0.0008171774909172907
id18083,0.8546541312222036,0.09443157173578323,0.05091429704201307
id00655,0.613132090430975,0.0002193491350271858,0.38664856043399776
id13195,0.560351974263124,0.028033949416604597,0.41161407632027136
id23708,0.0001251449817461661,0.8040984332934904,0.19577642172476345
id17977,0.6402187597598461,0.015009192716082762,0.3447720475240712
id10501,0.0007913839796397683,0.9991351849524965,7.343106786374146e-05
id08697,0.5444755539179781,0.4225482709622333,0.03297617511978872
id09269,1.2541050497099365e-05,0.9999771872789534,1.0271670549502272e-05
id21153,0.9986270337155302,0.0007621436734377532,0.000610822611032018
id06257,0.8105803954672576,0.11282519378678942,0.07659441074595302
id08366,0.46102193970338184,0.024864553326553508,0.5141135069700647
id00263,0.931537494424533,0.04787005096017688,0.020592454615290162
id14445,0.8795853717739998,0.0008137255771213033,0.11960090264887892
id18864,0.03692320760803035,0.02808918852077394,0.9349876038711956
id18427,0.7535564883952934,0.05043845919064675,0.1960050524140599
id24348,0.010411765045230776,0.022343675991397697,0.9672445589633716
id17329,0.9985146658350871,0.0008724287957007079,0.0006129053692123116
id07519,0.13654057779791914,0.8475799805053599,0.015879441696721022
id17995,0.0009418432452796818,0.006811886837270483,0.9922462699174498
id25329,0.9736291717070064,0.024741885555409744,0.0016289427375837456
id14513,0.9805999710891985,0.01909310893259927,0.00030691997820220387
id10203,0.7585028983618551,0.17500463128144317,0.06649247035670171
id25887,0.7207130821440986,0.014841224762316944,0.26444569309358446
id08186,0.5709684194589231,0.005873139064815827,0.42315844147626114
id20535,0.0059095787959244205,0.9933942046127271,0.0006962165913484426
id06411,0.0013250066991791305,0.004355869569670953,0.9943191237311498
id11984,0.9758699106515756,0.012360851609283945,0.011769237739140594
id16389,0.004952393517571927,0.9614649068090456,0.03358269967338247
id23333,0.9975880494480301,0.0023631494526134083,4.8801099356519474e-05
id19447,0.08494635065635602,0.11562641944395541,0.7994272298996886
id01461,0.9743034673606976,0.009446658963650705,0.01624987367565165
id25601,0.04433313530494347,0.9555608026606206,0.00010606203443592194
id04803,0.9086154247015928,0.02715648286000136,0.06422809243840583
id19029,0.0005876133559943727,0.9993980621375957,1.4324506409904596e-05
id11507,0.9972754372888049,0.002641889904059335,8.26728071357152e-05
id13246,0.13730048525808874,0.0053406390277706516,0.8573588757141406
id26927,0.2935942639177488,0.001081861395775927,0.7053238746864753
id12423,0.996618920972794,0.0033631472319649086,1.7931795241026186e-05
id09601,4.76388754585151e-05,0.9481726290728515,0.05177973205168999
id23100,0.10837817802424853,0.23491215361076004,0.6567096683649916
id21939,0.9997376054077942,6.483199298460835e-06,0.00025591139290736544
id16139,0.00012255982056826316,2.5022643374864246e-06,0.9998749379150943
id27334,0.9865182140039015,0.013220358932780844,0.00026142706331763716
id22326,8.202362349805318e-05,9.580748191435101e-08,0.9999178805690201
id18527,1.2260247768373461e-05,0.0008735653436403244,0.9991141744085913
id05072,0.00047292516371967493,5.307710168135747e-06,0.9995217671261122
id21820,2.4368202902984697e-06,0.9999975418558871,2.1323822634290017e-08
id13960,0.8625707085070174,0.09316747469163852,0.04426181680134402
id03958,0.9833349426481305,0.01431732873486154,0.002347728617007863
id10849,0.7595241582277951,0.23418116339929593,0.006294678372909014
id06252,0.9998748601921413,7.507809099718536e-05,5.006171686154029e-05
id26045,0.9992419815463374,3.0050172322810235e-08,0.0007579884034902862
id04849,0.0012154673728644724,0.9956476411716629,0.0031368914554725856
id05215,0.023389786531479165,0.9649965613934843,0.011613652075036602
id22830,0.12484883567739707,0.5318011380013616,0.34335002632124134
id21325,0.08058801454190428,0.8827876598114665,0.03662432564662914
id09287,0.0032852091254595007,0.00016507646234435063,0.9965497144121962
id24354,0.38058784781773763,0.5753367613847747,0.044075390797487526
id06784,0.022692481633857356,0.8134495287412791,0.16385798962486348
id03848,0.46627782081676233,0.03368681190185491,0.5000353672813828
id01410,0.0810623577396573,0.043908447387055766,0.875029194873287
id00874,0.3131864534392244,0.0019198815167996532,0.6848936650439759
id00784,0.05079567429334777,0.0006222289452108981,0.9485820967614413
id19909,0.013550865037598208,0.984958910009859,0.0014902249525428285
id18906,0.0051395135306816315,0.9760501962273548,0.01881029024196362
id18748,0.00015576426768647641,0.001039002603126874,0.9988052331291867
id04654,0.7496253584095859,0.24652235666784655,0.0038522849225675394
id07608,0.6280853142432139,0.09424571775024637,0.2776689680065397
id10845,0.002213440295325464,0.9886274770496213,0.009159082655053323
id10718,0.0003025930729007277,5.674270637990946e-06,0.9996917326564613
id19100,0.0073549286306217624,0.9925663992796865,7.867208969166999e-05
id10416,0.9887825960789348,0.003283091273390162,0.00793431264767502
id02535,8.416015704694168e-06,0.9999150373122022,7.65466720930994e-05
id23920,0.03430685016268109,1.7945931218788473e-05,0.9656752039061002
id16226,0.7939412837140595,0.1809983804810615,0.02506033580487914
id09196,1.0347787022823242e-11,0.9999999999889262,7.259254288556798e-13
id03368,0.09102045560335721,0.4038678856768017,0.5051116587198411
id27373,0.5016465598025834,0.028666913567391813,0.46968652663002486
id11497,0.4699232368390311,0.28223196406997403,0.24784479909099483
id07640,0.6331219310113962,0.36632058040648435,0.0005574885821193825
id22416,3.4334571502162463e-07,0.999999508464165,1.4819012009171915e-07
id20303,0.000376156486608979,0.9996135242786569,1.0319234734163197e-05
id13811,0.02146452000025712,0.0013688962499549795,0.9771665837497878
id04365,0.005402740840186824,0.9789096883032842,0.015687570856529012
id00199,0.000895485753392034,0.03928334203863456,0.9598211722079734
id24884,0.9998530728025576,1.900278807487428e-07,0.0001467371695615959
id06763,9.360851478208362e-06,0.9999522217236203,3.841742490147535e-05
id18275,0.6044368324612688,0.24619471896049716,0.14936844857823406
id20971,0.5434526446916471,0.41178907372882867,0.04475828157952434
id01581,2.133645403293048e-06,1.6855922583320378e-06,0.9999961807623384
id24805,0.02624111744434169,0.0007316231159142614,0.973027259439744
id07950,0.0009888861274053742,0.9974240358535914,0.0015870780190032705
id26346,0.0008420724991805783,0.014197674069022276,0.9849602534317972
id24046,0.9386349851913264,0.00856925942035581,0.05279575538831781
id05548,1.241632428582682e-05,0.9999875157967564,6.787895771117824e-08
id17433,0.9825485373406271,0.005507925438482621,0.011943537220890277
id18712,0.8327802928652854,0.004207492005592743,0.1630122151291218
id21128,0.00486139601263317,0.005363806049627665,0.9897747979377393
id02906,0.10867541602732773,0.21956980112847388,0.6717547828441984
id22201,6.5170889249447135e-06,0.9999934828998065,1.1268590359341854e-11
id08614,0.013108837917358666,0.9819324917142986,0.004958670368342799
id22484,0.01827499014518753,0.9805284449973279,0.0011965648574845495
id16291,0.2584349725031543,0.6896504914047474,0.05191453609209839
id26869,0.15541702821941053,0.8081891444119311,0.03639382736865841
id18062,0.0004820556135285415,0.9994755223085539,4.242207791759219e-05
id27078,0.9213981328400296,0.07836478863003685,0.0002370785299336344
id02756,0.020423158631454472,0.12842438935783282,0.8511524520107128
id03454,0.0005263786446110757,0.0037971993061068896,0.9956764220492821
id02195,0.028198925798123397,0.006645849643232452,0.9651552245586441
id27418,0.006521964356093941,0.9934066960109861,7.133963292000859e-05
id02733,0.9865987452575028,0.011786012951865679,0.001615241790631555
id15677,0.864293564685997,0.006421963055171037,0.1292844722588318
id08204,0.9267195926969892,0.008797152614294493,0.06448325468871635
id11529,0.99285711811989,0.0033821180986552636,0.0037607637814546574
id14000,0.027848753303137984,7.164496621781173e-05,0.9720796017306442
id11866,0.8000082921141907,0.005108276711972764,0.19488343117383655
id14084,0.0004984542212203854,0.9994339945741929,6.755120458663514e-05
id17826,0.43690344552938193,0.07255463851370865,0.4905419159569095
id07289,0.001452597797386992,0.0027065026976661084,0.9958408995049468
id05102,0.9289123786625161,0.029591934728636846,0.041495686608847046
id14779,0.9731932519894172,0.00017340325096207063,0.02663334475962076
id19144,0.0008570159379607856,0.9981911008562471,0.0009518832057921712
id12372,0.0004030934438856129,0.9992153489293564,0.00038155762675804285
id05673,0.00011647772166168962,0.9998803310978126,3.1911805257125576e-06
id07343,0.00375575600570504,2.1529309315694992e-05,0.9962227146849792
id10390,0.011455744047573704,0.9765751353883333,0.011969120564093085
id27323,0.018822353119059502,0.00021213840422569714,0.9809655084767148
id26483,0.9997495573420173,0.0002082893005493738,4.2153357433367675e-05
id07690,0.7732420296527236,0.11386869379861195,0.11288927654866449
id22766,0.80865243665401,0.014818089629658136,0.17652947371633196
id10289,0.989484311224042,0.0024498394127505933,0.008065849363207532
id22243,0.025786657317718373,0.9641066804245964,0.010106662257685365
id24509,0.06825758740135904,0.9304993177810635,0.0012430948175773979
id02407,0.001751333133259146,0.9821810086660128,0.016067658200728124
id08746,0.00055052171916875,0.00013363359441239924,0.9993158446864189
id12854,0.8165050274840906,0.15786292441727187,0.025632048098637502
id25598,0.0002562416083007946,0.0027870873083230083,0.9969566710833762
id16973,0.0062341067816360386,0.003476168798219115,0.990289724420145
id20066,0.02668712468297562,0.008813206371545083,0.9644996689454793
id25966,3.6743591387823625e-06,0.9999922478975736,4.0777432877178316e-06
id21599,5.841173714998552e-05,0.00179537735341924,0.9981462109094308
id17112,0.9691723572495651,0.002372886457002427,0.028454756293432543
id01775,5.82808825376086e-05,0.9998850893252178,5.662979224467552e-05
id08484,4.528349661033414e-05,4.717578635652628e-05,0.9999075407170331
id12094,0.0014844161531813436,0.9947262732107922,0.003789310636026605
id25422,0.2686286042927087,0.03066468073395359,0.7007067149733377
id25063,0.06325075347500629,0.9199977803347721,0.016751466190221654
id25508,0.005823930316104118,0.0003917972711406698,0.9937842724127551
id01575,0.4938080254638932,9.192982482829369e-05,0.5061000447112786
id24368,0.0008072046216522955,0.0010745172645021436,0.9981182781138455
id16823,0.019623984176197956,0.9633733459550851,0.017002669868717065
id22747,0.03187879559500528,0.9678455059024068,0.00027569850258787697
id19321,0.005181778549076036,0.003970650428876517,0.9908475710220473
id08220,9.666535288199505e-06,0.9999598571195185,3.047634519322916e-05
id12296,0.5935763498396398,0.0009096939709952088,0.4055139561893651
id11186,0.9999702165764213,2.004311263842354e-05,9.740310940323941e-06
id10551,4.482059107730056e-06,0.9999952416326544,2.763082378897276e-07
id20839,0.23673308946347957,0.1960895683462729,0.5671773421902475
id06118,0.7100838120945061,0.18168866585047574,0.1082275220550182
id06330,0.04489486437785411,0.7918200303058,0.16328510531634602
id02669,0.37474969348729387,0.4985407989705426,0.12670950754216356
id14811,0.9999809201494652,1.4293673796791286e-05,4.786176737938402e-06
id04728,0.9981833778108806,0.0005520168923221369,0.0012646052967973372
id16646,0.03974202801001906,7.976516421067611e-05,0.9601782068257703
id13018,0.0020359123181637223,0.971616872444071,0.026347215237765353
id15248,0.9874434487005997,0.011789371078813221,0.0007671802205871054
id23476,0.06380857608813492,0.7961642127165331,0.14002721119533193
id09208,0.007948540243639796,0.9919681351639351,8.332459242514932e-05
id19351,0.946552752829749,0.0497959431896079,0.0036513039806431043
id02009,0.935556363572314,0.01672426478571071,0.04771937164197514
id00785,0.9336050518761397,0.000941410844869045,0.0654535372789911
id07975,0.2712104334474638,0.13584030665914762,0.5929492598933885
id17892,0.017210756328343284,0.8899418962881475,0.0928473473835093
id03299,0.3434953883472174,0.14826216740839784,0.5082424442443848
id15351,0.057904264527316576,0.9331419254926858,0.008953809979997614
id11066,0.5542864023206419,0.44164118051707846,0.004072417162279702
id20485,0.0025990955225873554,0.9973860011394919,1.490333792073697e-05
id13866,0.9996686232318487,7.67728928756447e-05,0.000254603875275681
id17335,1.0471721499827604e-05,0.9999892506776545,2.7760084567471166e-07
id15220,0.949596145581149,0.03975298461496651,0.010650869803884357
id24047,0.976274103458277,0.02156656011535715,0.0021593364263657305
id15180,0.0019438311327215942,0.9980376983264589,1.8470540819439573e-05
id16921,0.03560819632906078,0.0012856405139920607,0.9631061631569472
id17207,0.004710259122098469,0.00027858612004117014,0.9950111547578604
id15068,0.08431839289376299,0.034891469071943536,0.8807901380342935
id22013,0.9325452792575675,0.04372022650520642,0.023734494237226105
id11929,0.6771536924978113,0.0034070358510273112,0.3194392716511613
id12540,0.007975691706958572,0.9919288567594707,9.545153357077027e-05
id12582,0.8546177433406312,0.04733505814454559,0.09804719851482323
id05261,0.25956941582129267,0.6797299283460745,0.06070065583263291
id08471,0.9535261900665534,0.011223655352128702,0.03525015458131798
id15209,0.1478825052558575,0.8509883748400557,0.0011291199040869174
id01148,0.8268434197929636,0.1315754752936562,0.04158110491338017
id26519,0.00011664782774229818,9.12408512048973e-05,0.9997921113210527
id16510,0.9708261770777483,0.023236071442505096,0.005937751479746537
id03888,0.0019960951889274868,0.9910382645142403,0.006965640296832277
id27926,0.989373843477747,0.006427950893975718,0.004198205628277295
id05359,0.019538596790403567,0.015696918073020098,0.9647644851365763
id04274,0.9517745622737543,0.03592162714220891,0.012303810584036816
id21013,0.020039310184060313,0.22901216310394507,0.7509485267119946
id11443,0.003413291467700731,0.04863251956197626,0.947954188970323
id09956,0.8684844482033868,0.11940930725556989,0.012106244541043412
id03138,0.364634353905066,0.6250170552139955,0.010348590880938487
id08516,0.9891041277882852,0.0010563899199429279,0.009839482291771883
id08608,0.0007025238160695366,0.00022196276617687097,0.9990755134177537
id04629,0.00253231829701299,0.006953718145754475,0.9905139635572325
id19808,0.9904951497613742,0.007030780656916417,0.002474069581709376
id16578,0.28149353006647637,0.09037647809246242,0.6281299918410612
id04607,0.34020867912454444,0.6030241141744579,0.056767206700997795
id22816,0.002485153847813824,0.9961038435361793,0.0014110026160069193
id27913,0.7682593502576929,0.1589223858021963,0.07281826394011078
id00346,0.00010142564217598898,0.0027218812556876336,0.9971766931021364
id02198,0.0024943839497755006,0.9963977110666996,0.0011079049835249022
id27303,0.999829184787888,0.00013864098975587262,3.217422235617505e-05
id07033,0.011614598301578629,0.05757854774426814,0.9308068539541532
id03546,0.015259403719712848,0.09096776103465896,0.8937728352456282
id14709,0.9999815902178434,5.210574920558028e-07,1.7888724664559746e-05
id25348,0.9988979013064916,0.00035565887323287453,0.0007464398202755948
id19596,0.05932756456281389,0.04363900893668912,0.897033426500497
id12265,0.0634048237519897,0.002785430520858233,0.933809745727152
id01054,0.4974377748243434,0.0033985149474215007,0.49916371022823514
id03002,0.0005415916237988635,0.00022351654434619553,0.999234891831855
id25624,0.9999771955394123,2.271123194293695e-05,9.322864472604542e-08
id16202,0.6900240114280282,0.10876367731514432,0.20121231125682745
id08187,0.29715231086495764,0.6872865524467301,0.015561136688312311
id24373,0.1758320986759936,0.13353431380179545,0.690633587522211
id06415,0.006134345241401489,0.5304604751547801,0.4634051796038185
id09078,0.000842318513288394,0.9991382877158085,1.9393770903060062e-05
id25989,0.8857769641973533,0.0008334001131658773,0.11338963568948085
id05431,0.9050104511418061,0.022996000544214544,0.07199354831397937
id16557,0.003962188339493994,0.9951299499217565,0.0009078617387495149
id22749,0.9956189326943734,0.002540314972159455,0.0018407523334672082
id00697,0.037737849870912256,0.07737335744851374,0.884888792680574
id22969,0.9940445931181842,0.0038123919274737662,0.002143014954342096
id07440,0.01668383792956432,0.05216336065438337,0.9311528014160524
id19872,0.351577643553439,0.030376851390429543,0.6180455050561315
id06054,0.992810227071925,0.0060978410872559305,0.0010919318408191196
id27862,0.9852096281000778,0.0015307696819573402,0.013259602217964829
id27186,0.5464275002012319,0.4121968022646765,0.041375697534091566
id01617,0.009113395791566165,0.0014114545686858386,0.989475149639748
id11922,0.0056218223199397165,0.9940358404293687,0.00034233725069168357
id15003,0.02868057311456595,0.3785427144406816,0.5927767124447525
id09458,0.021624730923887878,0.0026713356726546823,0.9757039334034575
id03568,0.9123043749806637,0.04612335438037425,0.04157227063896186
id27132,0.991562633735984,0.008411197327854062,2.6168936161917515e-05
id24204,0.0468764860208427,0.9469730122382761,0.0061505017408812436
id24736,0.924629717942299,0.026313126947349344,0.04905715511035173
id06990,8.785235499538854e-06,0.999966618545382,2.459621911844559e-05
id24155,0.007271916862322024,0.9418466243700219,0.050881458767656235
id22129,6.639619877768327e-05,3.908404915688475e-06,0.9999296953963066
id00191,0.04985099863746417,0.00016047788077699733,0.9499885234817589
id05185,0.32509639784141886,0.0022771241890727828,0.6726264779695084
id13399,0.3549011457543646,0.491736133728169,0.15336272051746633
id20862,0.826594752082028,0.0412617716786799,0.13214347623929204
id06180,0.9937470073235635,0.0009962671771188937,0.005256725499317673
id27225,0.7881183941846489,0.07796152711313695,0.13392007870221423
id09447,0.007498388072671235,0.6056071148434355,0.38689449708389334
id18125,0.9999996446989822,4.1092085448033365e-08,3.1420893253882047e-07
id04010,0.00010025878499596492,0.0005065417096496106,0.9993931995053543
id17932,0.9769507898598887,0.002436718237246581,0.02061249190286485
id17948,0.9796513383943356,3.917154566459516e-06,0.020344744451098004
id18545,0.05702133127628652,0.11431064935708476,0.8286680193666287
id03389,0.999490442307673,0.00022642770186643226,0.00028312999046054373
id02487,0.3538861905666348,0.010414581301740165,0.6356992281316252
id04924,0.998658419852571,0.00028436165591328,0.0010572184915156903
id23553,0.09662696784705473,0.024001269271844077,0.8793717628811013
id16831,0.9992100840966331,0.00012731197796062626,0.0006626039254061505
id01296,0.9999999698195966,3.0092454678434435e-08,8.794875049023678e-11
id12033,0.00025008304679703013,0.007912550184846247,0.9918373667683568
id06913,1.7662487835912287e-07,0.9999958991746979,3.924200423760523e-06
id15715,0.017227757875292186,0.9801881665371096,0.00258407558759811
id23432,0.07976393437144895,0.005811555268433509,0.9144245103601175
id01152,0.5662858776431,0.1654792340053494,0.2682348883515507
id16384,0.2692223341615449,0.5606278306231607,0.17014983521529448
id04060,0.6499660505152451,0.0007596500746584299,0.34927429941009647
id21604,0.9997036556336117,0.0002949533083512933,1.3910580369372942e-06
id11212,5.226591861132637e-07,4.222148614575833e-07,0.9999990551259523
id26589,0.08521987069499226,0.09761360639988509,0.8171665229051227
id15858,0.8873732677384804,0.1065924394615684,0.006034292799951309
id02814,0.1097118508976738,0.8275698767445878,0.06271827235773847
id18347,0.5097638282368449,0.01679505081211831,0.4734411209510369
id02517,0.03537271208584877,0.009435022061934072,0.9551922658522172
id20800,0.9908079480093902,0.006822725428817637,0.002369326561792065
id16428,0.9761938020996165,0.01012115034253658,0.013685047557846974
id23844,0.999985548272999,1.321349585123445e-05,1.2382311496994953e-06
id11149,0.0026941308967676726,0.9954262343499406,0.0018796347532917463
id12505,0.0002547319134368064,0.999273906640421,0.0004713614461422022
id10850,0.48391521781961017,0.5146432919070256,0.0014414902733640475
id05706,0.8064074078806555,0.00456772097160462,0.18902487114774
id23216,0.13772235998139393,0.8445732342694046,0.01770440574920154
id16618,0.0008948179354263115,3.3812462780822365e-05,0.9990713696017928
id04283,0.00239670901672671,0.9389583842458155,0.05864490673745772
id20374,0.0025647186884061542,0.031274717905819996,0.9661605634057738
id07227,0.0002247529815721376,0.9819679837738833,0.017807263244544583
id06396,0.9919971514132313,0.002624380693950654,0.0053784678928180275
id08884,0.9979511074796401,0.0008642415154934995,0.0011846510048663611
id10983,0.9999105936254161,6.157790669104223e-05,2.7828467892886113e-05
id07296,0.00026744114313951233,0.9997230151604443,9.543696416227723e-06
id17683,0.003312371272600458,0.07168676549982934,0.9250008632275702
id26473,0.005440132524022344,0.00037399773700456837,0.994185869738973
id06454,4.4301623005169306e-05,3.4249370098716222e-06,0.9999522734399849
id19166,0.9961796095132732,4.3479523348233293e-07,0.0038199556914932857
id08406,0.3410983554660072,0.5474013035585646,0.11150034097542821
id25126,0.007188230605686763,0.03989567376367628,0.952916095630637
id27593,0.9677735458114232,0.019169759691971714,0.01305669449660502
id24613,0.011945662049588284,0.004158045458429239,0.9838962924919825
id26586,0.9827610500065165,0.014971206460371355,0.002267743533112221
id25719,0.008994703332953557,0.00044364766305770485,0.9905616490039888
id05015,0.5546800496999624,0.30904754156627146,0.13627240873376625
id01594,0.5061998105288973,0.14039561763509364,0.3534045718360092
id01522,0.0007024489893586748,0.02685703838246935,0.972440512628172
id06935,0.9999710417591029,9.217726992737885e-06,1.974051390436072e-05
id01975,2.863405081714741e-05,0.0004348118070324258,0.9995365541421505
id20847,0.002797500806272457,0.00032025062781181507,0.9968822485659158
id24960,0.0021011506743161246,0.0014330228435021541,0.9964658264821817
id27808,0.0012015335207489646,0.9987535393349969,4.4927144254146014e-05
id25463,0.9984800820867216,0.0012726679176546115,0.0002472499956239118
id11367,0.505792003903847,0.12738763380428486,0.3668203622918681
id02273,0.002955478635725052,0.004095237538907067,0.9929492838253678
id02167,0.9929015457806182,0.000797792353331418,0.00630066186605038
id08352,0.0011913827543286965,0.998761562488647,4.705475702423336e-05
id26928,0.019340737974740015,0.9688878979039187,0.011771364121341277
id04224,0.9955952890722797,0.004403454164399567,1.2567633207963367e-06
id00462,0.28330286796501053,0.7033808936684895,0.013316238366499925
id16591,0.00725191576035474,0.9822733563412293,0.01047472789841598
id06982,1.6940539812493904e-07,0.9999960399219815,3.7906726203238107e-06
id24880,0.033457927798422625,0.7980809604068355,0.16846111179474194
id27479,0.030545945817389,0.014849553474491614,0.9546045007081194
id16556,0.9515091566990628,0.04753659896769979,0.0009542443332374818
id15231,0.018357164775565673,0.004944098402382876,0.9766987368220514
id14694,0.8782444090560642,0.03911687532796264,0.08263871561597319
id01114,0.8868666940255818,0.04325525560182159,0.06987805037259663
id18694,0.44824822575017403,0.31375297305337635,0.23799880119644953
id25551,0.561210131325094,0.003261305303157429,0.4355285633717486
id23478,0.05017584898543142,0.05185268395058008,0.8979714670639884
id22780,0.9304438732339212,0.06380091610677906,0.005755210659299791
id06602,0.0005016435319138564,0.989528137804975,0.00997021866311112
id05176,1.1418167971207342e-05,0.9999827968083671,5.785023661734503e-06
id15450,0.02420765008461065,0.010122482916888735,0.9656698669985007
id16956,0.0014979491017234289,0.006006939612793315,0.9924951112854833
id23532,0.02764945001572024,0.9645232770101927,0.00782727297408711
id22688,0.010643332209568243,3.1237668959033123e-06,0.9893535440235358
id12898,0.11898630701886675,0.8722716074685918,0.008742085512541471
id21525,0.9999406219706841,2.5558316774148902e-05,3.38197125416948e-05
id13576,0.9493539827084893,0.01625338497852664,0.03439263231298411
id07080,0.1777652760893445,0.7320736553631679,0.09016106854748761
id25397,0.9999593965697932,4.0439037498409614e-05,1.6439270835883024e-07
id08383,0.8651828221981462,0.09397149076139047,0.04084568704046336
id08285,0.9413951075680393,0.006840053513683037,0.05176483891827764
id10323,0.2630466254733572,0.016016769596151715,0.7209366049304912
id10441,0.00022813738818939437,0.9997595919827403,1.2270629070306247e-05
id26298,0.6481501308242048,0.0004564153028750941,0.35139345387292015
id13531,0.928807853655906,0.07023065086245418,0.0009614954816398869
id03191,0.9560584342791272,0.03714352769514989,0.0067980380257229205
id19771,0.0005254267113890736,0.9988933055829019,0.0005812677057089726
id03275,0.9947015752292038,0.00309439426897901,0.0022040305018171404
id11616,0.002457383483691257,0.014112892116709077,0.9834297243995996
id03117,0.0008406266984111367,0.9988478332926175,0.0003115400089713841
id08054,0.020608541373464694,0.0006555459207337881,0.9787359127058015
id15303,0.04572662694127361,0.9150122958192065,0.03926107723951992
id02470,0.017840276512273538,0.0038752278787170125,0.9782844956090094
id01452,0.027335458707179437,0.0858981734361972,0.8867663678566233
id11934,0.0006645311630717572,0.9974284172206155,0.0019070516163127863
id00258,0.07490025474075392,0.6547769927667784,0.2703227524924678
id27905,0.3309388411437418,0.4590523992846313,0.21000875957162685
id23897,0.005349338717555974,0.9945511688528563,9.949242958773958e-05
id02334,0.00027480219078154815,0.9996255706931131,9.962711610534555e-05
id07638,0.9937799471970009,0.004481956478697873,0.001738096324301242
id13181,0.6253354335233317,0.1556775302638145,0.21898703621285392
id01284,0.9999429739881653,5.452337154722919e-07,5.648077811913061e-05
id27402,0.9986663918708351,4.489587451894174e-05,0.001288712254646053
id14742,0.0011752576965725712,0.00011095611813928812,0.9987137861852882
id12370,0.5759532611076964,0.0029539241063357125,0.4210928147859679
id19048,0.9965104406677057,0.0016798166292095963,0.0018097427030847493
id08388,0.0029967851630421337,0.005649842505912649,0.9913533723310453
id19205,0.9848642082076365,0.015047872369171463,8.791942319195568e-05
id04851,0.0340309402973548,3.208351181783416e-05,0.9659369761908274
id16478,0.12730733208055173,0.8718829057363614,0.0008097621830869831
id06806,0.00022096811184065118,0.999735635878186,4.339600997323556e-05
id13659,0.09836282573393887,0.6290014297431004,0.27263574452296085
id09861,0.09653913330718603,0.9029081900707097,0.0005526766221041268
id05986,3.493269730487574e-10,0.9999999996141615,3.651157007705108e-11
id15844,0.008135953487487354,0.9868708653090477,0.004993181203465044
id05900,0.9537239904299317,0.003315699031836182,0.04296031053823218
id20409,0.8191404498799234,0.17676910078482214,0.004090449335254475
id08751,0.061825514336474895,0.9170232282186773,0.02115125744484786
id22617,0.20715531493780526,0.00872367603018306,0.7841210090320117
id13064,0.10672062073139776,0.0067469822567474995,0.8865323970118547
id14506,0.005357553534563757,0.0203422365071589,0.9743002099582774
id05783,0.004338084129390485,0.00818615976104179,0.9874757561095677
id23139,0.00034577986023680307,0.0001315055696326172,0.9995227145701305
id04770,0.9998965435522,9.264639678297692e-06,9.419180812155799e-05
id11775,0.995881560088957,0.0014356927401656784,0.002682747170877309
id12936,0.0036308774232768726,0.011208642847897882,0.9851604797288253
id20522,0.023377926443882195,0.9730272425355548,0.003594831020562968
id22929,0.9993863618613417,0.0004367284133738145,0.00017690972528452598
id11357,0.7328686179287681,0.008645466310186003,0.2584859157610459
id10028,0.00023835865137923732,0.9996997306785749,6.191067004597253e-05
id10617,0.16451746695508587,0.013166787436351633,0.8223157456085625
id23988,0.9999999837448834,1.6059056761972072e-08,1.9605979310559252e-10
id20434,0.32707625226250686,0.06520864341660805,0.607715104320885
id06611,3.121181179984854e-05,0.001729787454446569,0.9982390007337536
id18405,0.6374717201083434,0.2718227293937658,0.09070555049789086
id27427,0.7509812371874796,0.18883217968019883,0.060186583132321676
id16168,0.015147901768873285,0.9844957586379154,0.00035633959321137976
id02139,0.9323760421237427,0.06670569052867768,0.000918267347579573
id18654,0.023008730666306747,0.9610785416794656,0.0159127276542277
id24598,0.904310689730595,0.020919239633608557,0.0747700706357964
id23360,0.0004742469438378757,0.9995074781967713,1.827485939070148e-05
id06220,0.018302112710206365,0.9589352161895957,0.02276267110019807
id26411,0.9923924600811463,0.006367433361688242,0.001240106557165391
id27660,0.9946990011489385,0.0017044919288660455,0.003596506922195514
id07192,0.011691063858925724,0.019311890692349898,0.9689970454487244
id18074,0.0013457132195826436,3.41933599763772e-05,0.998620093420441
id11784,0.05139727916586512,0.9468370945345628,0.001765626299572176
id04810,0.032990532660587456,0.008515646721314524,0.9584938206180981
id01716,0.9665996773273327,0.029508349909133553,0.003891972763533788
id27584,0.7858180081933702,0.10809693700135217,0.10608505480527763
id25409,0.00600513696239476,0.0008202721227615487,0.9931745909148437
id06430,0.8816818722482039,0.03519850396324915,0.08311962378854683
id11135,0.9911230161972249,0.00884688534638192,3.0098456393289628e-05
id27712,0.12034662788920147,0.0019935624167108784,0.8776598096940877
id27233,0.751326303835282,0.24197325547222978,0.006700440692488291
id13522,0.8376894352241492,0.08776296562879146,0.0745475991470594
id11625,2.505827356114033e-06,5.485784012144111e-08,0.9999974393148038
id03246,0.11714489396791525,0.8808803199693427,0.00197478606274204
id05341,0.6710087164003772,0.3215789025957795,0.007412381003843253
id22061,0.0007747764137600754,1.294829988216839e-05,0.9992122752863578
id03170,0.8370199624258344,0.16163817083140972,0.0013418667427558873
id09768,0.008603668985158849,0.012330592925315718,0.9790657380895255
id20721,0.7632276455201569,0.13438613933047866,0.10238621514936443
id14854,0.9553068003084813,0.04007131994711238,0.0046218797444064425
id01123,0.9946459307054036,0.0007547999664637103,0.004599269328132753
id00842,0.9991646667281388,0.0003146014610408323,0.0005207318108205157
id11035,0.4260214913052946,0.0048203879101398365,0.5691581207845656
id19301,3.858714493426693e-06,0.999995185666545,9.556189616876686e-07
id06409,0.13793034607143534,0.4986087833473609,0.36346087058120363
id09883,0.994709633908126,0.0052032261407537975,8.713995112030309e-05
id04218,0.6916679495988459,0.18625336470632078,0.12207868569483331
id25171,0.002294228730513174,0.00017140815730034873,0.9975343631121865
id13394,0.12142406781579121,0.08422924940264354,0.7943466827815653
id14322,0.9999998631858832,2.83543854808458e-08,1.0845973125398954e-07
id17623,0.0002702381086477953,0.00017393307811433803,0.9995558288132379
id16980,0.9982019402276556,0.0017666563234647029,3.140344887962304e-05
id22634,0.02050462050850564,0.002454905556435134,0.9770404739350593
id03773,0.9982311061246144,0.001485766744905026,0.0002831271304805964
id20243,0.000792083474475035,0.893459474066879,0.105748442458646
id12135,0.15159061716565153,0.8479497495203779,0.0004596333139705508
id11727,0.6451968930395796,0.3221043168740852,0.03269879008633519
id06460,0.4881517128671792,0.5058748269228047,0.005973460210016199
id23515,0.7957151934600195,0.056007330222467226,0.14827747631751328
id16908,0.019742969303785524,0.06187019935347048,0.918386831342744
id10641,0.9516824074442617,0.04210072051999723,0.006216872035741058
id22637,0.0074643975641788965,0.0015055992083184528,0.9910300032275027
id19724,0.9780084838050356,0.021092308426542403,0.0008992077684220035
id12295,0.02269123725157097,0.9765360511900972,0.0007727115583318177
id18977,0.10420047179467436,0.04218220547837784,0.8536173227269478
id27456,0.8027680965863365,0.18987061304040148,0.007361290373262072
id02223,0.977291670531204,0.015522968873708706,0.007185360595087285
id06374,0.04593741789967043,0.015852439170814626,0.938210142929515
id13746,0.0126521709632722,0.00797424178816534,0.9793735872485625
id24107,0.013082997650654174,0.00247325802885088,0.984443744320495
id09075,0.005166079068587382,3.1985177794023833e-05,0.9948019357536186
id06741,0.5217963258144577,0.0008540821047097319,0.47734959208083266
id25474,0.8418408243413389,0.0063566552831605845,0.15180252037550063
id02497,0.9994098296733441,0.00010864089100970816,0.0004815294356461766
id21878,0.9986574745759919,4.546344231271536e-05,0.0012970619816954896
id23199,0.22672810393032106,0.01130270964937273,0.7619691864203062
id12018,0.9988905379535873,0.00046783316214959124,0.000641628884263008
id20722,0.35489288376163713,0.0016752420690106448,0.6434318741693522
id05372,0.0680017172652546,0.9298524635595081,0.002145819175237367
id07964,0.6471444263627827,0.028233371178350918,0.32462220245886647
id02393,0.05621563799524935,0.029019304534402268,0.9147650574703484
id10923,0.1884162209323479,0.02927839973627976,0.7823053793313722
id01260,0.8587906869962801,0.10805246760272948,0.03315684540099041
id09037,0.05981874950311634,0.00016643192330161345,0.940014818573582
id01477,0.35753441141811704,0.008384605501451097,0.6340809830804319
id11164,0.9992860910769221,0.0005629290545835796,0.00015097986849442658
id20313,0.9680238789031749,0.002422618338117118,0.02955350275870807
id20067,0.00010201076738774742,0.0005668664120892713,0.9993311228205229
id17248,0.9619797879758906,0.0020497306653855596,0.035970481358723744
id24557,0.0015216606579377394,2.6865438155666916e-06,0.9984756527982467
id26745,0.772700864115276,0.0017156461784642568,0.22558348970625977
id16759,0.03507958340712294,0.012843693835880961,0.9520767227569961
id22382,0.9874830450495469,0.0021546448009355313,0.010362310149517715
id18404,0.22592168735633406,8.056026457772906e-05,0.7739977523790882
id23761,3.873242200132172e-05,5.801660745433693e-06,0.9999554659172533
id00511,0.006627465613967,0.9933586565936082,1.3877792424788788e-05
id15560,0.9504975198976845,0.0454347778440364,0.004067702258279155
id04834,0.962954649409897,1.51150156109471e-05,0.03703023557449211
id26796,0.9961685054548326,0.0036286681131480203,0.00020282643201941623
id14809,0.00023906735930223072,1.963780574972774e-05,0.999741294834948
id15091,0.8667740499646708,0.014609923672671261,0.118616026362658
id14861,0.22125699326172765,0.7043428065173474,0.07440020022092506
id21193,0.026169446489147524,0.7075476178436673,0.26628293566718514
id20331,0.0007724909183829348,0.9992218012016227,5.707879994299915e-06
id17847,5.765760134439491e-05,0.9997554899601098,0.00018685243854588664
id00795,0.9999857726708861,1.329897369174603e-05,9.283554221473906e-07
id22651,0.9999218996533965,3.500677478262081e-05,4.3093571820866606e-05
id22803,0.9980644625060884,0.0015300330103284704,0.00040550448358309734
id01714,0.9999808299259744,2.0883473451663243e-06,1.7081726680540196e-05
id05350,0.019642513092374192,0.05064191283913352,0.9297155740684923
id08674,0.9999995691816059,2.572770319309882e-07,1.7354136218503482e-07
id04427,0.0010917628682549085,0.9988417056797582,6.653145198697144e-05
id17815,4.1327486506876764e-08,0.999999943317926,1.535458745032525e-08
id22270,0.832540181410556,0.12957672509245904,0.03788309349698485
id11183,0.08757274681069568,0.004595038204685603,0.9078322149846187
id00326,0.9227179045815307,0.01957974085712525,0.05770235456134419
id00382,0.9999908015159314,9.003136834856415e-06,1.9534723375797808e-07
id11557,0.00023120204726631528,0.0007435365749484606,0.9990252613777852
id20271,0.9981760177327665,0.001559925015907862,0.00026405725132558767
id05133,0.9999499555280317,3.1604191884178744e-05,1.8440280084139326e-05
id14597,0.10337430457593787,0.8965481405511552,7.755487290701467e-05
id21411,0.0025629554572410606,0.996608316449157,0.0008287280936019461
id15375,0.2413913933892543,0.006242162381404543,0.7523664442293412
id10172,1.3101861198102752e-05,6.365516335517608e-05,0.9999232429754468
id13524,0.9445513840112816,0.004893692686784905,0.050554923301933605
id26331,0.8974326769692221,0.018630579881196162,0.08393674314958172
id20167,0.055697589496688064,0.0010738712339238823,0.9432285392693881
id03249,0.050242311299209544,0.9497196914490705,3.799725171990785e-05
id15839,0.996043609665306,0.000281129679338725,0.003675260655355295
id27200,0.0017778172620969998,0.9979445187988739,0.000277663939029115
id15847,0.0014251598838579487,0.0018637079571745523,0.9967111321589676
id07249,0.15968037546772076,0.831920681667546,0.008398942864733304
id19494,0.9398329626458575,0.057561459137075735,0.0026055782170669177
id01388,0.007954092452226459,0.9160623192790922,0.0759835882686813
id22045,0.009035257584225716,0.00040055746553865933,0.9905641849502356
id09111,0.9036225834743795,0.054122991448456725,0.04225442507716362
id04011,0.0016574104372162428,0.5944072745660641,0.40393531499671964
id26410,1.288979100106162e-08,0.9999368525684272,6.313454178172476e-05
id19614,0.6153321431007128,0.3219336769925167,0.06273417990677053
id10183,0.0004049329147842181,0.9994924352498888,0.00010263183532683524
id20388,3.631721408208336e-05,2.9013423497523675e-05,0.9999346693624204
id16498,0.9992495487388555,0.00074367139842333,6.7798627211209485e-06
id18488,0.0001060337997348541,0.00300365644000322,0.9968903097602619
id11018,0.06341881766036943,0.7182808233787574,0.21830035896087313
id16185,0.9555805622269545,0.04364540046416688,0.0007740373088786074
id23501,0.1946987317953814,0.7788207094884804,0.02648055871613815
id02837,0.16356757416325546,8.957495973188327e-05,0.8363428508770127
id05544,0.8839725655648035,0.009139091550275775,0.1068883428849207
id22784,0.4433345742284065,0.2969699758285508,0.2596954499430428
id15404,0.000658782671371236,8.817393369522258e-05,0.9992530433949336
id13010,0.8256477194759764,0.1712185285666388,0.003133751957384905
id22169,0.000772460051246155,0.99859071449856,0.0006368254501938423
id16438,0.00033980671657893937,0.0015094080677268025,0.9981507852156942
id20464,0.9529130114668792,0.04493666338563962,0.0021503251474811803
id26306,0.9915799735349154,0.00066650921609557,0.007753517248989052
id15995,0.7434534082491041,0.2116491427818278,0.04489744896906811
id26068,0.9735016129704069,0.003667640793589771,0.022830746236003337
id19348,0.06045960271611406,0.640694798015486,0.29884559926839993
id04196,0.003224326132969239,0.9966268762720482,0.00014879759498264317
id13002,0.14991634553410713,0.8117608698367755,0.03832278462911726
id25650,0.6843990833726896,0.24427127024719206,0.07132964638011834
id17598,0.0006964320492600463,0.9992990982793764,4.4696713635551794e-06
id10079,0.2224708537625991,0.7152465288132582,0.06228261742414271
id10094,0.021542683508303268,0.6280569068694869,0.35040040962220986
id05918,0.8832013248548293,0.033739989456748484,0.0830586856884223
id18747,0.9965366633584514,0.003419292251965262,4.404438958342823e-05
id15571,0.011284437747508256,0.9814767479896497,0.007238814262842063
id16113,0.7157766210851122,0.016829788623549568,0.26739359029133825
id02316,0.6228450719493361,0.04200691061883876,0.33514801743182515
id09545,0.7936628898558065,0.07483143190667668,0.13150567823751685
id13878,0.5791953987293613,0.0029408266537867427,0.41786377461685204
id07476,0.6849632966604946,0.23064287211907666,0.0843938312204288
id20103,0.8156272574837578,0.005503681678114208,0.17886906083812812
id27367,0.6115720933889466,0.0698383780024482,0.3185895286086052
id25668,0.046646782644815254,0.0012203486999716828,0.952132868655213
id09680,0.9999999999793057,5.6477926286421805e-12,1.504660403452521e-11
id00500,0.1392114948428128,0.7948226737163309,0.06596583144085641
id06110,0.8127472065574376,0.003377258322261926,0.18387553512030053
id15804,0.0031379171135102486,0.9968363859864796,2.5696900010096553e-05
id03223,0.021961468832708823,0.9735047199978544,0.004533811169436813
id02039,0.002900025032705115,0.9943805869091921,0.0027193880581028286
id09795,6.783991622863816e-05,1.4736468473119454e-05,0.9999174236152982
id10808,0.0032763335227621662,0.034225588932093244,0.9624980775451445
id10134,0.016279723242376525,0.9191744294153544,0.06454584734226909
id14361,0.1339277396378903,0.3201541206534279,0.5459181397086819
id15881,0.030932544601198184,0.000628930122710928,0.9684385252760909
id27120,0.001593402987089576,0.0003795065980421505,0.9980270904148684
id09860,0.579839453960375,0.025038636634931655,0.3951219094046935
id11959,0.0008244249009945774,0.984513501485393,0.014662073613612568
id25770,1.4583833639017276e-05,0.9999639211111517,2.1495055209185988e-05
id24364,0.05779083148829842,0.941206490538683,0.001002677973018551
id22944,0.9999999847365896,8.217813349440974e-09,7.045597148566132e-09
id04345,0.9932963687739206,0.006068461603908228,0.000635169622171192
id05127,0.4745980706417059,0.0004893020567569089,0.5249126273015372
id01779,0.002458781523133013,0.001174313117636716,0.9963669053592302
id05559,0.9966041803691796,0.001368373689170527,0.002027445941649865
id14474,0.999999788354153,7.322081811575016e-08,1.384250288680452e-07
id13283,0.9310784775963158,0.06836175794925853,0.0005597644544257565
id03301,0.5005396032897202,0.38309355203534556,0.11636684467493436
id16939,0.00032545024962989745,0.999519614830057,0.0001549349203130255
id01166,0.0017305912990704113,0.9965796633999341,0.0016897453009955216
id16766,0.9712016347100899,8.312617600253214e-06,0.028790052672309715
id04338,0.9917977573258736,0.006035049651928549,0.0021671930221978213
id12731,0.9995021008949798,3.6494335850395897e-07,0.0004975341616616564
id08988,0.04172542669431335,0.9582405283816776,3.404492400893596e-05
id08236,2.9940118955386953e-06,0.9999969124736635,9.351444102017709e-08
id03309,0.8565726304891987,0.09431550852888698,0.04911186098191432
id16458,0.7504412537666456,0.22543649333893997,0.024122252894414456
id02442,0.9894806358918988,0.005849199303090619,0.0046701648050106286
id25767,0.013609128544414812,0.001153857306544051,0.9852370141490412
id17357,0.35825614386009175,0.5961567698372394,0.04558708630266889
id08627,0.06883049091566908,0.015630304467366418,0.9155392046169645
id19488,0.9517858058168326,0.0001538112760716465,0.04806038290709577
id18345,0.0344155163673216,0.321888868321679,0.6436956153109994
id10661,0.8017654238712532,0.02842749097630864,0.16980708515243825
id01713,0.0004221816129463129,0.9995053386831149,7.247970393883243e-05
id26237,0.8108906095649633,0.18905703094286455,5.235949217218746e-05
id08062,0.41193820052324764,0.21872818024729687,0.36933361922945546
id01497,4.4584572168101464e-05,0.9989068878964196,0.001048527531412427
id07590,0.9972429848053,0.002342826900469152,0.0004141882942308408
id06299,0.09243581777826464,0.0469838577025644,0.860580324519171
id02770,0.019668594726898046,0.002817135730033812,0.9775142695430682
id19197,0.0005692253753575927,0.0006141568074178642,0.9988166178172245
id16572,0.9944505601802572,0.001506723925312473,0.00404271589443025
id04518,0.029629974413149716,0.9690168257762397,0.0013531998106106574
id09316,0.5606361766494645,0.42841842013844755,0.010945403212087892
id17533,0.001150006740680255,0.04857126021443826,0.9502787330448815
id13494,0.12754298645300316,0.03899979762115019,0.8334572159258467
id10024,0.9920011946758849,0.007972817522820082,2.59878012949614e-05
id19896,0.9940839834374454,0.0048917222221822486,0.0010242943403724095
id10956,0.9961274125419552,0.003144171771522746,0.0007284156865220903
id08458,0.011321883364805278,0.9847290173349076,0.003949099300287082
id09066,0.8685582010452277,0.003138294469435372,0.12830350448533695
id26608,0.10996400200257028,0.001072932106038957,0.8889630658913908
id20977,0.15925183776824922,0.034091515244273535,0.8066566469874772
id21587,0.02207722811760926,0.5085401332466086,0.46938263863578206
id19928,0.13235046026304462,0.00033689198541551137,0.8673126477515399
id19077,0.00013505052173405744,0.9996906232796486,0.00017432619861738308
id06865,0.004487038924706218,0.0014748511822807663,0.994038109893013
id15224,1.2839633957570142e-05,6.4268146514924615e-06,0.9999807335513909
id09036,0.03586407176728877,0.9628088936141624,0.0013270346185488028
id04885,0.9969767401415606,0.0030180815904621797,5.178267977393556e-06
id06619,0.0011225811086848505,0.998726164804725,0.00015125408659023235
id20211,0.0006741779954088379,0.996824710433184,0.0025011115714071775
id23985,0.4771784024908099,0.027375293365780214,0.4954463041434099
id17048,0.9943650112614795,0.0024151922599670306,0.0032197964785535818
id11272,0.8407265318962115,0.001084016221160705,0.15818945188262787
id16998,0.032091084107831847,0.031200956397848447,0.9367079594943197
id16506,0.16521325469746478,0.08287402774256392,0.7519127175599712
id11558,0.2379689368053295,0.10144198710884565,0.6605890760858248
id04913,0.11669059463664362,5.8280864275907594e-05,0.8832511244990805
id10308,0.011510398379423786,0.002390886288771742,0.9860987153318045
id15956,0.00044908789998151935,0.001446074068114805,0.9981048380319038
id21350,0.004849413755142939,0.9906078724775447,0.00454271376731239
id09246,0.9893905537922418,0.006185514262639796,0.004423931945118357
id00753,0.6223910034378015,0.24081131932236405,0.1367976772398345
id08101,0.21116964843143754,0.7717845808917911,0.017045770676771314
id26853,0.0038898154898248743,0.9946483790816543,0.0014618054285208792
id22044,0.0010778150130848548,0.9989087889948298,1.3395992085300561e-05
id27234,0.7156773424283227,8.633118890291464e-05,0.28423632638277435
id18357,0.24489106212427578,0.7504901551052914,0.004618782770432805
id24187,0.991026127662367,0.00265432017703894,0.006319552160594139
id23934,0.18259735604640917,0.030264005396787547,0.7871386385568033
id21378,0.0037452647623546186,0.9929657625527815,0.0032889726848638386
id12777,0.05171773442471149,0.943937355555444,0.004344910019844456
id11493,2.1462470499027124e-06,8.246017325905183e-07,0.9999970291512176
id12824,0.4902487498760053,0.09492798505919005,0.41482326506480466
id22565,0.0006844167002881559,0.9993091608005359,6.4224991759215574e-06
id02996,0.08955461968712106,0.0592793477723455,0.8511660325405335
id26154,0.307088964126871,0.6293417535047517,0.06356928236837738
id22710,0.04475409984241176,0.955141100722524,0.00010479943506425979
id19389,0.43105577030891407,0.5493264686019531,0.0196177610891329
id19539,0.03519813090479795,1.2813830073084682e-05,0.9647890552651289
id17345,0.8638803453317757,0.1358865076918112,0.00023314697641309805
id16938,0.9981073420461728,0.0001688815664617433,0.001723776387365348
id05670,0.9971163626334574,0.0028424047522922088,4.1232614250341896e-05
id12991,0.6010425739209677,0.04049504065231512,0.3584623854267171
id26819,0.0002856194523374419,0.9991873418523912,0.0005270386952713172
id02679,0.6817094579720792,0.035304389159952175,0.2829861528679687
id11334,0.8221842357928688,0.13620931874586156,0.041606445461269646
id18553,0.5372638597526832,0.3995443447373666,0.06319179550995023
id27899,0.8311739611796265,0.16723874604663083,0.0015872927737425034
id20569,1.623000685723674e-05,0.9999697861837121,1.3983809430651465e-05
id00759,0.0003869199796142247,0.9994031660772058,0.0002099139431800305
id13013,0.9649126573310018,0.0130771555165502,0.022010187152447968
id06798,0.9977130829137719,0.002228879419319168,5.80376669089638e-05
id04524,0.00041697064461935015,0.9992998743740708,0.0002831549813100163
id19026,0.603083712629755,0.015779260840722807,0.38113702652952225
id17376,0.004663882921584862,0.003289615124717489,0.9920465019536977
id21794,0.00021778673194858164,0.0014312948543785614,0.9983509184136728
id22720,0.12262944921019689,0.024201320663341342,0.8531692301264618
id26054,0.029455673187210395,0.016900925661985266,0.9536434011508044
id01050,0.008021688400611137,0.9877585198906326,0.00421979170875626
id11917,0.9816591143624669,0.0048462692456472944,0.013494616391885688
id12706,0.9365898142441278,0.032985089845329364,0.030425095910542904
id18796,0.027919767697791163,0.05500914132908218,0.9170710909731267
id10096,2.6068546082205414e-07,1.3996251259671674e-07,0.9999995993520265
id27514,0.04788355602988648,0.7986192019553727,0.15349724201474074
id22130,0.9581049154535746,0.013189230620827198,0.028705853925598223
id23378,0.9928450136434769,0.0009765551151680201,0.00617843124135513
id27306,0.9948147061637832,0.005135759704672075,4.9534131544658965e-05
id25914,0.17612625208600274,0.06668696829856928,0.757186779615428
id05461,0.9904775625923333,0.006983949661905739,0.0025384877457609056
id24782,0.9981774869578665,0.0017212958969942235,0.00010121714513931981
id11890,2.3201675450812243e-05,0.9999126896195597,6.410870498942135e-05
id23405,0.00029546705674153036,0.00042784291056001704,0.9992766900326984
id15919,0.009681185251079279,0.8174861558372037,0.172832658911717
id08430,0.44265575186398876,0.01086313128913578,0.5464811168468755
id16328,0.10738576696407987,0.12390425748424655,0.7687099755516735
id16599,0.9978837477172087,0.0010486276870611216,0.0010676245957301066
id25407,0.006931636103708704,0.772809576852388,0.22025878704390323
id10786,0.9678747173676846,0.0005630784318062864,0.03156220420050913
id08935,0.9976548846698183,0.0008221451473462114,0.0015229701828353478
id24742,0.9999566593999335,2.329017206245102e-05,2.005042800405912e-05
id15921,0.9733776966293621,0.009333225613586791,0.017289077757051224
id21816,0.0301665300645155,0.005098965406150417,0.9647345045293341
id06235,0.011087082872272518,0.9853343862242393,0.0035785309034881115
id00527,0.9338104384081946,0.04443935586398399,0.021750205727821454
id17349,0.00034749425489312956,0.001860908336970247,0.9977915974081366
id05356,0.9961575898533078,0.0021712346797395166,0.0016711754669525352
id13287,0.017932243613248997,0.9694002263653128,0.012667530021438264
id09044,0.9656096209814652,0.025658517141240886,0.00873186187729391
id09374,0.2924646348481666,0.6845099695256113,0.023025395626222106
id25625,0.9706620975321049,0.029256387708062218,8.15147598328629e-05
id03201,0.02484731033022579,0.7244342140902073,0.2507184755795669
id02709,0.9999950742046039,4.922907758442188e-06,2.887637778391297e-09
id08914,0.5456271909491318,0.01151900594239594,0.4428538031084723
id15753,0.8702558783107949,0.00391268890701492,0.12583143278219017
id20125,0.005385901422596065,0.9580544689111,0.0365596296663038
id20784,0.9939024014449401,0.004342965134971951,0.001754633420088047
id26248,0.017771506679892385,0.004672512591537325,0.9775559807285702
id10016,0.12125053809745887,0.058355014154416476,0.8203944477481246
id18793,0.953456442378274,0.003668868251191421,0.04287468937053465
id04562,0.017396109769011497,0.9799584320844501,0.002645458146538372
id25106,0.000718629667014162,2.564976932377355e-06,0.9992788053560535
id00536,0.9999047475430237,9.071472185879965e-05,4.537735117406849e-06
id01946,0.24838974887647208,0.0033753964482408022,0.748234854675287
id18369,0.01804535098402047,0.9669449642628576,0.01500968475312181
id07345,0.0007702007369159126,0.998821002797436,0.0004087964656480376
id27752,0.9926601123112939,0.00015327565161210173,0.00718661203709401
id21463,0.00380082478657022,0.9950982682737914,0.0011009069396383578
id18922,0.2206947934565305,0.007174895353339343,0.7721303111901302
id17166,0.0073549827532169345,0.992644109001402,9.082453811201379e-07
id07458,0.02833467310020521,0.9710994853311651,0.000565841568629708
id01801,0.00557344993340229,0.011016297758298413,0.9834102523082993
id10529,0.9995340263554106,0.00033780338175398684,0.0001281702628355657
id08774,0.08881732297278962,0.8821301736739768,0.02905250335323341
id22292,0.06619946431812113,0.0037221826231641063,0.9300783530587148
id14044,0.9888887449476903,0.009974370144914124,0.0011368849073955902
id20234,0.0011779399527273929,0.9987632946729283,5.8765374344198655e-05
id26960,0.9999961718829216,8.47393989813293e-07,2.980723088535493e-06
id20809,0.027343502667054275,0.8750979447922614,0.09755855254068431
id20365,0.9578756145722628,0.03725139561069842,0.004872989817038781
id09182,0.9908997907368343,0.007909462857229599,0.0011907464059360555
id27671,0.7991519681685065,0.032107544621296225,0.1687404872101973
id26438,0.7660742493489991,0.2301067980153546,0.003818952635646199
id22712,0.05605555865569244,0.9437005877462262,0.00024385359808136044
id13988,0.1870397739846985,0.0015914505610816307,0.8113687754542199
id01727,0.9956893822588074,0.0007735136986237112,0.003537104042568933
id27147,0.755884763167114,0.039275647386509405,0.2048395894463766
id23213,0.05919285375845301,0.9189264833849718,0.02188066285657525
id21969,0.003241198171237422,0.2707887912548881,0.7259700105738744
id12062,0.9997693303741417,0.00022313862907108594,7.530996787249949e-06
id26579,0.022665091427492328,0.9726988439404377,0.004636064632070057
id20568,0.28465172609034894,0.49806717341380413,0.21728110049584695
id04399,0.27035134333120453,0.027487718959470074,0.7021609377093254
id26756,4.16658111363386e-05,0.9999437104828829,1.4623705980713954e-05
id04580,0.0008230965424672442,0.03069758631149738,0.9684793171460354
id16349,0.42335491769621936,0.12812345160718314,0.4485216306965976
id23583,0.0007140591095767993,0.9991216194471996,0.00016432144322365625
id14643,0.9676078883030489,0.013894826032602406,0.01849728566434872
id22604,0.4893983698524086,0.33715761273579864,0.17344401741179286
id25973,0.0015529302008981496,0.998421933144075,2.5136655026691668e-05
id07553,0.027522199546831064,0.8242728428633198,0.14820495758984903
id05614,0.10050653230519004,0.637652055233446,0.261841412461364
id15320,0.0985168227158972,0.00032600939841608993,0.9011571678856868
id01016,0.2736148203689231,0.02921298158323292,0.697172198047844
id11463,0.00037549921548434364,0.999621247758242,3.2530262736759153e-06
id18655,0.01588083845576981,0.9840927641462226,2.6397398007631306e-05
id22527,3.7175889188268625e-05,0.0016503056552053686,0.9983125184556063
id05458,0.0010022237580201258,0.9989975968217881,1.7942019177200815e-07
id08802,0.2761518751075166,0.006926704634296597,0.7169214202581868
id11573,0.2816422765898158,0.021259431843071382,0.6970982915671128
id16935,0.04888271861925442,0.07843070222254794,0.8726865791581976
id27417,0.006412591179533466,0.0002745358398458932,0.9933128729806207
id27781,0.9996317105671056,0.0003155331942634154,5.275623863102016e-05
id21873,0.9999897067901522,1.2825157900105293e-07,1.0164958268828986e-05
id20624,2.160312170813873e-06,0.0004951677034694931,0.9995026719843597
id19660,1.545801247798907e-06,0.9984188115701101,0.0015796426286421449
id03783,0.9966771530525829,0.0018206952310037897,0.0015021517164133696
id22172,0.029858684888737937,0.8787209504828503,0.09142036462841188
id20709,0.9998859932057943,6.67904270010047e-05,4.721636720475726e-05
id12524,0.8075957569579365,0.16073439341314277,0.0316698496289207
id27650,0.00019930493809577557,0.9997453709858042,5.5324076100097247e-05
id09501,0.0038488652473028626,0.9781985920718717,0.01795254268082552
id20840,0.07462803752311999,0.9076787880892544,0.017693174387625722
id09960,0.00024989433009092005,9.150114799049471e-05,0.9996586045219187
id13916,0.003997622656506366,2.1759899684073937e-05,0.9959806174438096
id00249,0.00022989837676737658,2.461281886830314e-06,0.9997676403413458
id02540,0.9999005377956695,4.655780868761526e-05,5.290439564288279e-05
id23326,5.363180429130372e-05,9.906958188909533e-07,0.9999453774998898
id14632,0.9816884729552063,0.0021679273895659147,0.01614359965522774
id25512,0.0007983971845689755,0.029598934207272044,0.969602668608159
id10628,0.9998235521945081,0.00017266730721637508,3.7804982755316905e-06
id08490,4.151609669193468e-05,0.9998607291237921,9.775477951600247e-05
id09084,0.9987857289684786,0.00027549364144537525,0.0009387773900760274
id27553,8.73263644935012e-05,0.9995108218457375,0.00040185178976900806
id20930,0.005085666921315284,0.992654043880144,0.0022602891985406396
id21337,0.9662275309675677,0.01475105514104342,0.01902141389138878
id25537,0.005363390593394245,0.014853774459491759,0.979782834947114
id27349,0.6625897226635856,0.06244720200324089,0.27496307533317355
id25655,0.10933375201123442,0.8505670728997888,0.040099175088976646
id26464,0.7617920656317434,0.23745350183841346,0.0007544325298432511
id00599,0.8265736387858018,6.308402034111996e-06,0.17342005281216416
id06964,0.11829766443215177,0.8551345571589697,0.026567778408878598
id21875,0.9025035493212834,0.04035098110813564,0.05714546957058102
id27488,0.6676669158540491,0.25931000930725784,0.07302307483869303
id07980,0.0030893997375993393,0.020428655415712274,0.9764819448466884
id12995,0.0777245634342326,0.004849782230873109,0.9174256543348943
id08094,0.0016048117107979904,0.24468093565709187,0.7537142526321101
id02134,0.6905630275842067,0.0845436436575442,0.22489332875824916
id14311,0.35530811016125985,0.5451216800561725,0.0995702097825676
id06514,0.9992592347469887,0.0006849738717591224,5.579138125217551e-05
id19775,0.00029877507063776504,0.0013301264593091056,0.9983710984700532
id18618,0.0006904980530447008,0.9976605138462841,0.0016489881006712293
id26593,0.9980176797255363,0.0014003719610405523,0.0005819483134230944
id11975,0.13089808143829743,0.8389279062775182,0.030174012284184336
id07853,0.00010080779896769765,0.00017614973930758782,0.9997230424617247
id16848,0.9994494976299944,0.00041588170881153296,0.00013462066119416914
id11595,5.474845550770288e-08,0.9999998976570914,4.759445309097636e-08
id24777,0.09594663856919317,0.2925741583869995,0.6114792030438074
id07824,0.9996532210352915,0.00028513846883750484,6.16404958710041e-05
id23007,0.005196596594655901,0.000529575683090324,0.9942738277222538
id04805,0.00014244135178712185,0.015938844217294895,0.9839187144309179
id00504,0.6440201777198151,0.2747426954794486,0.08123712680073633
id24331,0.00017441023504043655,0.9657547087141247,0.034070881050834924
id03914,0.00013448797676489152,0.0007589478111867253,0.9991065642120485
id16299,0.9999790301077851,2.0305250100279807e-05,6.64642114561647e-07
id05565,0.997527865152573,0.001456523453018715,0.0010156113944083164
id27934,0.11164834181927606,0.8405584307148781,0.04779322746584584
id17027,0.9892627331580457,0.004413635680592341,0.006323631161362013
id02785,0.8950541019880611,0.09976248725252695,0.005183410759411801
id16094,0.41301360172933566,0.5322776850083827,0.054708713262281765
id22435,0.07479046361561356,0.03724925709383705,0.8879602792905494
id10586,0.007197352646726683,0.0006536786043327894,0.9921489687489405
id06467,0.006612110192424267,0.9930707313243655,0.0003171584832102627
id18227,0.961133469938511,0.00015637972085106778,0.038710150340637954
id02286,0.0017021236577897444,0.9981720986354773,0.00012577770673293485
id07393,0.651814594548377,0.3455928893120206,0.0025925161396024043
id11640,0.44062521186760684,0.5476573212004205,0.011717466931972766
id15718,0.14007655948086142,0.0027151417673661644,0.8572082987517724
id23756,2.5060121175134163e-05,0.9998048185133084,0.00017012136551648936
id14564,0.0013722928147013244,0.011201607454946323,0.9874260997303523
id24963,0.9650213546061758,0.0049305787197127795,0.03004806667411146
id03069,0.6875141402226924,0.005707574377099994,0.3067782854002076
id24648,0.9701653484985505,0.02318567743353571,0.00664897406791374
id15920,0.6880193526537598,0.21248031181108773,0.09950033553515235
id11255,0.9207842337453948,0.004593784146489038,0.07462198210811626
id00544,0.29088994773820137,0.1804249689359789,0.5286850833258198
id13211,0.9906664979576658,0.003396494198925421,0.005937007843408852
id26285,0.9839514485959102,5.1193662902742765e-05,0.015997357741187036
id19879,0.8514650754630427,0.04300065545095848,0.10553426908599885
id21440,0.9936939202979184,0.004596503461543896,0.0017095762405376573
id09539,0.0005761119204780735,0.009075650692184354,0.9903482373873376
id10781,4.6502174364731715e-05,0.9988993725315263,0.0010541252941090214
id06557,0.01628014245269364,0.0001074063088814361,0.9836124512384249
id16747,0.027275279406528078,8.508237713644859e-05,0.9726396382163355
id14358,0.00010671372227851467,0.9998749912688294,1.829500889195667e-05
id05250,0.9997158180626995,1.6951615493991309e-06,0.00028248677575112136
id02390,0.027934987841017996,0.002455756410790129,0.9696092557481919
id14790,0.8522266310495471,0.12261487517204465,0.02515849377840828
id14355,0.627383745159105,0.3515079062321322,0.021108348608762827
id23157,0.9943053059271216,0.001210020892362939,0.004484673180515525
id20324,0.014257504397247999,0.00835519831725375,0.9773872972854982
id01870,0.0003244714478752024,0.9996648259548481,1.070259727678522e-05
id01079,0.0027795552545100436,0.9909442959306836,0.00627614881480639
id03392,0.7394367906311196,0.0392364536507725,0.2213267557181079
id22758,0.999781314517679,2.617591293131062e-05,0.0001925095693897267
id05599,0.04916320378637718,0.11130599551939259,0.8395308006942303
id07189,0.0020446811669587975,0.003069597403739716,0.9948857214293015
id13364,0.9979126985839971,0.0008409930155722971,0.0012463084004306498
id00902,0.37234124836033217,0.611401942823876,0.016256808815791817
id07164,0.9997718476815192,0.00021967005695611478,8.482261524757224e-06
id27290,0.35566555022764434,0.05036779309511083,0.5939666566772448
id18931,0.9999895525691359,1.0440225419250303e-05,7.205444752306072e-09
id22165,0.05006620141629947,0.946605249839772,0.003328548743928501
id14677,0.0019169747290659687,0.9980686091553815,1.441611555250914e-05
id18987,0.5118325710538177,0.0033856285722210348,0.48478180037396124
id13143,5.2920175282897224e-12,0.9999999999842206,1.0487493263311691e-11
id18589,0.6566943506348459,0.03456559202244956,0.30874005734270443
id01635,2.9355111866205944e-05,0.9984124584955527,0.001558186392581115
id02661,0.5547932580019808,0.44446536652233043,0.0007413754756888753
id12463,0.001481174309221741,0.9979945537927272,0.0005242718980511462
id18461,0.6539742145909825,0.3402002557115817,0.005825529697435931
id12709,0.8327695302428977,0.015298845037657162,0.1519316247194451
id11957,1.1230767923385724e-06,0.999998762190503,1.1473270477332407e-07
id13040,0.13312256456928237,0.00272102713716316,0.8641564082935546
id03953,0.0025832267013698785,0.0013126320020088757,0.9961041412966213
id02623,0.593912078447561,0.38300525797348134,0.023082663578957524
id21479,0.0001858770676187802,0.00047234522774294217,0.9993417777046382
id06976,0.02660388206893725,0.9637565304415975,0.009639587489465326
id18721,0.9051117185557984,0.09115315002388036,0.0037351314203212427
id12043,0.005092774165131318,0.00305045201760704,0.9918567738172617
id16526,0.0003411908077349003,0.9996035148851855,5.5294307079644376e-05
id03184,0.12805024633683051,0.001923116032881077,0.8700266376302884
id23194,0.13209272212798664,0.23521400056377403,0.6326932773082393
id17544,0.2682521709910925,0.7203686120806245,0.011379216928282967
id17314,0.19904508144932648,0.011740733132357451,0.7892141854183161
id17306,0.8039477721937426,0.008978447392415722,0.18707378041384165
id11044,0.8315206533627588,0.16717226288539372,0.0013070837518473842
id22762,0.9949832533995359,0.00048504367316508704,0.004531702927298994
id02797,0.09603061490028106,0.0004571305537673147,0.9035122545459516
id13340,0.038758952167482645,3.5496522615171964e-05,0.9612055513099022
id08131,0.9389663882618556,0.015214380739241744,0.04581923099890257
id24181,1.0555898208781573e-05,0.9999885616838192,8.824179720645691e-07
id20359,0.9994817497994312,0.00031513628258412454,0.00020311391798470186
id14736,0.0024742862591836307,0.9836175799630283,0.013908133777787903
id09362,0.5180613648515556,0.48187465108790406,6.398406054035424e-05
id07987,0.0003296101993314553,0.0019405884542701,0.9977298013463984
id01664,9.958126191207884e-05,0.9998594615856031,4.0957152484681736e-05
id00096,0.9940808440601303,0.0006369664780145157,0.005282189461855228
id01475,0.001321797776974543,0.032110402111963615,0.9665678001110619
id04020,0.012948612371212368,0.010356044378860032,0.9766953432499277
id09617,0.15823279408001784,0.0007497957076708223,0.8410174102123114
id13098,0.9663876099022133,0.03345193194705591,0.00016045815073088701
id19010,0.004442953339487798,0.9945475898491504,0.0010094568113618492
id12754,0.999956516270057,4.0574408821827724e-05,2.909321121119737e-06
id25238,0.9750098465245469,0.001712617824342165,0.02327753565111087
id14896,0.12968849097054574,0.0001205427117395132,0.8701909663177148
id16827,0.026180041951889336,0.001537224791446579,0.972282733256664
id11685,0.1846142843266781,0.04436642760961556,0.7710192880637065
id10496,0.007685638444193064,0.2648374564905952,0.7274769050652118
id08073,0.6718386025944807,0.11690882549874665,0.21125257190677263
id08504,0.24431797193407098,0.007028114127901795,0.7486539139380273
id25872,0.0001611963255608337,2.5710448277507467e-05,0.9998130932261617
id09498,0.19402122847493694,0.8033359166359373,0.00264285488912569
id23890,0.09449769291177376,0.8943406687320039,0.011161638356222338
id15065,0.0102303706642372,0.012952733420929514,0.9768168959148333
id11197,0.004396463860868874,0.791905747550172,0.20369778858895912
id02832,0.014336761320930582,0.772608484448852,0.21305475423021758
id26969,0.9969258025831172,0.0003875815434466597,0.0026866158734361726
id25442,0.49506955660005564,0.42628601404619404,0.07864442935375034
id09727,0.14707405753095823,0.06301387698163188,0.78991206548741
id18592,0.0003613970393754757,1.350765662558432e-06,0.9996372521949619
id11442,0.9850294960430739,0.012896209463086733,0.002074294493839387
id22071,0.8550115081027615,0.10556064102837386,0.03942785086886465
id09700,0.06174512871011513,0.002991415363342059,0.9352634559265429
id20265,0.9998824487767514,6.181964085728217e-06,0.00011136925916279003
id23687,0.9984196054038293,7.81370438392913e-05,0.001502257552331266
id01055,0.09513503916362365,0.8997170639900878,0.005147896846288677
id08519,0.8526865003490185,0.05350743055056084,0.09380606910042061
id05922,0.81081420145639,0.18377230946342818,0.005413489080181789
id02918,0.006054162119064642,0.9939387707318162,7.067149119188536e-06
id14502,0.9964012573905318,0.0035749994407719803,2.374316869630782e-05
id01642,0.20619124456478932,0.03282395687687768,0.760984798558333
id21251,0.4524889091872567,0.5469883472791478,0.0005227435335954832
id09673,0.018952872948174566,0.3267962357931581,0.6542508912586673
id17837,0.0654935418501809,0.02729809660832719,0.9072083615414919
id24245,0.9974593493652306,0.0004680309067555582,0.002072619728013857
id15837,0.06922636948983166,0.0026569250132455237,0.9281167054969229
id13077,0.018930359861590453,0.0012946198836280294,0.9797750202547816
id23079,0.6172113810898038,0.22371316307496475,0.1590754558352315
id12938,0.0008085387753009838,0.004262856537162385,0.9949286046875366
id12144,1.2893579465020146e-08,8.689327828670262e-07,0.9999991181736376
id06882,0.988890886148683,0.0006983710614547834,0.010410742789862181
id06354,0.07922054577440792,0.0006818621052974328,0.9200975921202947
id23573,0.7149114147683273,0.04144686466109501,0.24364172057057762
id13800,0.012342947506753157,9.232402494169223e-07,0.9876561292529975
id26115,0.015927571129487037,0.12403847806711245,0.8600339508034006
id21179,0.0007598103379573979,3.0557181007914712e-06,0.9992371339439419
id00125,0.9753396656616548,0.024646403132761938,1.3931205583338606e-05
id22600,0.03351244635210967,0.08463593848385106,0.8818516151640393
id15726,0.0587016225416382,0.00023858491895658508,0.9410597925394052
id08078,0.7434496336858144,0.1673652634428918,0.08918510287129389
id20091,4.008420802365734e-05,0.9833682403134707,0.016591675478505645
id00026,0.8224558420378146,0.016680591485644422,0.16086356647654101
id03698,0.9875490976748471,0.005085784029587935,0.007365118295565008
id09198,0.6807145549940832,0.1060032198580959,0.21328222514782097
id12520,0.7668621721918669,0.10645803299814066,0.12667979480999256
id16277,0.00016631933825135003,1.819943300631706e-05,0.9998154812287423
id17964,2.1921060261872195e-06,3.912027097662806e-05,0.9999586876229972
id24040,0.0523405291248404,0.943431105345208,0.0042283655299514885
id17613,0.973014864902554,0.0066326264630946225,0.020352508634351504
id00157,0.9031420331025706,0.004235505010330384,0.09262246188709905
id10012,0.07599294742162319,0.03757978005167669,0.8864272725267002
id02419,0.00039425897613947907,1.890448206008553e-06,0.9996038505756545
id05562,0.478389441476327,0.001968012289388809,0.5196425462342842
id09049,0.00922796986140035,0.9872607737333619,0.00351125640523779
id24915,0.0002464452561455848,0.9957480448033159,0.0040055099405384926
id02808,0.22119085473812783,0.012818883453124045,0.7659902618087482
id00167,0.9956339799696232,0.004251570114170665,0.00011444991620616079
id13451,0.9999974941509856,1.3993246098788083e-08,2.4918557682582204e-06
id24775,0.9268887273883075,0.07222477897118401,0.0008864936405085525
id10240,2.386455935531177e-05,0.9999576565421675,1.8478898477257446e-05
id24597,0.5002502759760666,0.11781814917778761,0.3819315748461457
id15364,0.05899764229377905,0.9300582357864988,0.010944121919722155
id13191,0.0011007742035570687,0.6677551733887054,0.33114405240773764
id09592,0.0003551310073896804,0.0004997705160783597,0.999145098476532
id12083,0.007805915165907133,0.017648773795283696,0.9745453110388093
id23492,0.3390317161761915,0.24904591589434416,0.4119223679294643
id06816,0.016769315989523997,0.02111200897043148,0.9621186750400446
id16971,0.17024224371093272,0.5512061214268379,0.27855163486222945
id05675,0.9912212068797368,0.0007041303895709305,0.008074662730692244
id23037,0.00010782765598378789,1.5059766323836369e-05,0.9998771125776923
id00399,0.7865103075426464,0.014066960420512366,0.19942273203684135
id05925,0.08924187150087654,0.563203356693752,0.3475547718053716
id01834,0.9931000449478016,0.005403549020384718,0.001496406031813754
id20350,0.011168491190714277,1.5752929627091504e-07,0.9888313512799894
id18961,0.3661850713613047,0.43559342462285583,0.1982215040158396
id02132,0.001982732910410699,0.9971975586351165,0.0008197084544727259
id26609,0.11384250584476223,0.886125651486872,3.184266836585806e-05
id16532,0.0016343405354258768,0.9940015162267534,0.004364143237820715
id23289,0.999844038596655,0.00013634496484788677,1.9616438497073707e-05
id26621,0.999861531435892,9.25687513928385e-05,4.589981271518449e-05
id03254,9.329145961001434e-05,0.9998245540577544,8.215448263561416e-05
id04701,0.00793793348619714,0.014749026488233681,0.9773130400255692
id26600,0.004963769945324552,0.9950332646054744,2.9654492010387917e-06
id16006,0.004108373384234783,0.9925290800500975,0.00336254656566771
id25724,0.0002956579486946371,0.0002316376259940103,0.9994727044253113
id27223,0.9877748993133577,0.00081144640425551,0.011413654282386793
id14345,0.9424169561816707,0.04990714705903521,0.007675896759294145
id27374,0.019749983516707682,0.8817894047030316,0.09846061178026079
id21131,0.010453473810979212,0.004081052470483689,0.985465473718537
id12410,0.9541820081528666,0.02167012288182691,0.02414786896530647
id15483,0.2992738200570267,0.22077474564945615,0.47995143429351717
id15429,0.8821066255069775,0.015523574139667812,0.10236980035335481
id25480,0.8531220279428221,0.044047351323590174,0.10283062073358772
id11453,0.0560856325545227,0.931451266078575,0.01246310136690239
id20437,0.0916002948725039,0.6072035854301829,0.3011961196973133
id08468,0.013146851243856101,0.6033376899381943,0.38351545881794963
id22181,0.8593658583438595,0.1404444410704086,0.0001897005857319631
id18810,0.8694156145225249,0.1270772071080845,0.0035071783693904996
id17482,0.5326881153521869,0.27904941168389774,0.1882624729639154
id22746,0.4291511370673679,0.5113543888774015,0.059494474055230506
id03107,0.9827883952366334,0.0025918684405051504,0.014619736322861383
id02184,0.9080631118410851,0.061775839773277594,0.030161048385637355
id25068,0.9287470299390739,0.009309264742491951,0.06194370531843414
id19154,0.9667044998335735,0.014013288915246414,0.019282211251179994
id10358,0.9244588225585237,0.053980309956797624,0.021560867484678656
id09126,0.0054126709231406235,0.016671951512279237,0.9779153775645801
id05936,0.7769985310458026,0.20571256456238915,0.017288904391808184
id00020,0.0002384873185394867,0.9996163735252593,0.00014513915620118165
id20771,0.08055555742476239,0.03256567527202539,0.8868787673032122
id00116,0.08518565630417506,0.906426340490032,0.0083880032057929
id12424,0.10474895898589788,0.003936412240288928,0.8913146287738132
id05755,0.0002761723869500744,2.3941222815432012e-05,0.9996998863902345
id27476,8.559494532361649e-08,0.9999997507738448,1.6363120986189346e-07
id02686,0.9794663996557659,0.009647980207554686,0.010885620136679505
id10234,0.9600329821058795,0.0046680036750506885,0.035299014219069724
id05969,0.9761694055523369,0.00031599167462866706,0.023514602773034323
id14440,0.06807560222695075,0.9312822937990024,0.0006421039740468166
id09937,0.6750483216855134,0.3243020553496232,0.0006496229648634505
id08238,0.0001708931798352133,9.192962940219571e-07,0.9998281875238708
id11090,0.25576780694594015,0.7396772413247737,0.004554951729286144
id13183,0.0034248569124397566,0.0005653666758336954,0.9960097764117265
id25712,0.04815825266772922,0.9416284172997682,0.010213330032502617
id22510,0.05400258056704675,0.009640847180783672,0.9363565722521696
id19204,0.9916437452637625,0.004041508343359429,0.004314746392877992
id05758,0.0038856435552011184,0.02790340996433227,0.9682109464804666
id27063,0.48457895914723753,0.20635913064606123,0.30906191020670126
id11773,0.03952566663309954,8.30539558220423e-05,0.9603912794110785
id11562,0.9446154075631193,0.0008700896576290609,0.05451450277925167
id16208,0.17933666019476036,0.0018607151532917764,0.8188026246519479
id04036,0.014335172305710867,0.040731907575837195,0.944932920118452
id26159,0.9739992812565664,0.011053383660219868,0.014947335083213649
id26777,0.5291236540513421,0.16033370370776034,0.3105426422408975
id08501,0.9130192858304135,0.034311141282925145,0.05266957288666137
id11216,4.396062284652207e-11,0.9999999998374287,1.1861069624787605e-10
id03410,0.8298570205800188,0.10956579905038405,0.0605771803695973
id04537,0.28316652182955904,0.0003788047887070344,0.716454673381734
id26628,0.840521431504383,0.1435835512603254,0.015895017235291565
id01586,0.035860032959582476,0.9640973569886655,4.261005175188805e-05
id13421,0.6467020444387891,0.01073150260322573,0.34256645295798516
id26084,0.09470192795163009,0.8934311236281847,0.011866948420185095
id05375,0.01198040879570451,3.902700329795941e-06,0.9880156885039656
id23212,0.9806544911276286,0.01900190702264892,0.00034360184972257997
id15980,0.9761127615832015,0.014845503111845435,0.009041735304953091
id11719,0.0011595847594487378,0.9988251827680885,1.523247246281534e-05
id13109,0.9880362325696714,0.008476660484665442,0.003487106945663054
id07156,0.9999811119927082,9.478766543040807e-06,9.409240748754705e-06
id04893,0.8243263873822303,0.16890076495992548,0.006772847657844282
id11749,0.7429151150023114,0.015106505411671241,0.24197837958601737
id10526,0.01248323139978844,0.020494089733436405,0.9670226788667751
id13477,0.9872272513726625,0.011385739084814288,0.0013870095425231022
id13761,0.016107631382725782,0.0002263233724303556,0.9836660452448439
id04282,0.03620635760411789,0.9637908924440756,2.7499518065569303e-06
