id,EAP,HPL,MWS
id02310,0.008793087187716635,0.021073284103166192,0.9701336287091172
id24541,0.9860060988812239,0.01308622324520002,0.0009076778735760024
id00134,0.030164946567387982,0.9580866707828882,0.011748382649723818
id27757,0.8251499111120013,0.13762537098855193,0.037224717899446695
id04081,0.864441778565483,0.1139934606336786,0.021564760800838443
id27337,0.948647316471251,0.0499394435723955,0.001413239956353357
id24265,0.966130719661076,0.033789856738498276,7.942360042577952e-05
id25917,0.00257358355080345,0.0869938440142638,0.9104325724349328
id04951,0.9924282514155833,0.007538349454104705,3.3399130311865956e-05
id14549,0.9927642051143554,0.0012007395341170292,0.0060350553515275815
id22505,0.013727219017965123,0.6208746517430225,0.3653981292390124
id24002,0.0018306125199051438,0.9969008606692203,0.0012685268108745568
id18982,0.08536215008797303,0.4888651893488837,0.4257726605631433
id15181,0.03633624751333813,0.963273405951077,0.0003903465355849875
id21888,0.6868255725208261,0.014087632893011315,0.29908679458616255
id12035,0.0003756096967769917,2.8736492111620345e-05,0.9995956538111115
id17991,0.3417826104771383,0.007054529050784108,0.6511628604720776
id10707,0.9997918960688502,0.00019185038756979635,1.6253543580032577e-05
id07101,0.21322870251526235,0.00170859793169663,0.785062699553041
id00345,0.4104549779743106,0.5820432546534454,0.007501767372243939
id05912,0.9205270293214453,0.04138735015140865,0.03808562052714609
id13443,0.901991086541156,0.01445147806876722,0.08355743539007679
id09248,0.6106139850574509,0.12961184209026744,0.25977417285228166
id17542,0.03041316282367816,0.9620816854537614,0.007505151722560527
id06995,0.08943372719017467,0.00040636699277538704,0.91015990581705
id25159,0.6386109679878266,0.002834308665299476,0.35855472334687394
id25729,0.3657186427662288,0.6255447603573415,0.008736596876429593
id26949,0.9920600393033254,0.005017492261835861,0.0029224684348387302
id27191,0.030472225622096148,0.005966359810798825,0.9635614145671051
id07668,0.22323493077833514,0.0006939287433844034,0.7760711404782805
id02230,0.018681472939262908,0.43029812542087087,0.5510204016398662
id15553,0.9977812878445342,1.2735811734954894e-05,0.0022059763437308573
id25688,0.021570323180770797,0.9622066503975752,0.01622302642165397
id17545,0.8955696968243061,0.10077577027424661,0.003654532901447262
id13929,0.2791081369771754,0.041340966891028744,0.679550896131796
id12880,0.22741590207086815,0.7621295904245838,0.01045450750454807
id19282,0.6642212379226125,0.22749155142661018,0.1082872106507774
id14690,0.0007503338755051783,0.0007721638579882956,0.9984775022665066
id17975,0.10909432330044379,0.8882945531254185,0.0026111235741377273
id08037,0.9472429175514933,0.005305742832645854,0.047451339615860996
id15412,0.2707204638113288,0.0069863813904990245,0.7222931547981721
id25032,0.5151771737195978,0.13267024002069527,0.35215258625970686
id27165,0.9883047732501267,0.009973182539145815,0.0017220442107275457
id03327,0.8112593058926619,0.13399390090933988,0.05474679319799821
id18515,0.9381214936103545,0.0017937795873427917,0.06008472680230269
id21003,0.27677261973820677,0.004150627611308105,0.7190767526504851
id23855,5.0711336670984564e-05,0.8093857885858974,0.1905635000774316
id20724,0.8182720654438729,0.15524895967063151,0.02647897488549572
id13303,0.8054336240602086,0.020572705969801364,0.17399366996999016
id16521,7.375865150316715e-05,0.28923399761055946,0.7106922437379374
id20775,0.9850791320226033,0.014485244470216072,0.0004356235071807131
id13029,0.9739734547421887,0.022639996493293565,0.003386548764517912
id14660,0.938375735189016,0.05985765375444928,0.0017666110565348284
id11028,0.0006002723152177206,6.868053219990693e-05,0.9993310471525824
id14180,0.9922591381587705,0.005626994900037471,0.002113866941191932
id25860,0.9995129076795428,0.0002584424046782232,0.0002286499157790171
id11910,0.43197854787086476,0.013123943292155375,0.55489750883698
id08065,0.017212128362850507,0.0053269905033165735,0.9774608811338329
id22674,0.0031649243829549993,0.004045767353702682,0.9927893082633422
id25018,0.46724265060025283,0.0008029112616093654,0.5319544381381378
id10892,0.031930809143278296,0.966091545049555,0.001977645807166801
id10217,0.11471280583481552,0.8852503758948759,3.6818270308689344e-05
id12996,0.8064016196202559,0.02052894102281963,0.17306943935692443
id18262,0.6216066784963447,0.1718462054428233,0.20654711606083212
id08606,0.0213786577164588,0.9783699755437413,0.00025136673979997556
id17233,0.8826205718555691,0.006113620501779596,0.11126580764265134
id00101,0.8425253519655036,0.14130244137278433,0.016172206661712093
id12225,0.9072316664216331,0.05178903692797826,0.04097929665038868
id01364,0.008336598382504385,0.9782552205912366,0.013408181026259122
id24973,0.8065986967324872,0.001680854157276544,0.19172044911023614
id25363,0.6640700695860557,0.0005185271607301072,0.33541140325321417
id10061,0.3345670976925672,0.019360652694585676,0.6460722496128471
id17673,0.5961934136489216,0.3764971998115266,0.027309386539551776
id13249,0.2922672602218969,0.04849783779680784,0.6592349019812952
id10107,0.04080044372042512,0.011284353711542424,0.9479152025680325
id04403,0.9603060613646323,0.0007995126028850052,0.038894426032482776
id25728,0.8494349874326299,0.019138182222673817,0.1314268303446963
id16184,0.15866271810294566,0.027666759521010227,0.8136705223760441
id03438,0.07459131375299491,1.8329682757793658e-05,0.9253903565642473
id22923,0.0018164626507230547,0.998061619228974,0.00012191812030295554
id08610,0.9832255999458149,0.003749832115555149,0.013024567938629977
id25355,0.10496141924797538,0.08583081507513744,0.8092077656768871
id16916,0.7028344529536505,0.2772496589778285,0.019915888068520984
id12793,0.147106674605861,0.8457847934541068,0.007108531940032293
id11859,0.6819438719080236,0.0002640893632229576,0.3177920387287535
id02434,0.9984481276421837,0.00134513565462003,0.00020673670319618342
id27703,0.008771889414012222,0.006255365009773478,0.9849727455762144
id25212,0.005340203687359393,0.9858256010499077,0.008834195262732953
id11308,0.009872560904475879,0.010442513121310828,0.9796849259742132
id26094,0.983001482500255,0.011411590900549001,0.0055869265991959445
id22080,0.9169861775366084,0.08282465953346704,0.00018916292992454992
id03545,0.965639132740544,0.032869932025550525,0.0014909352339055255
id23725,0.034719056153560156,0.0021741536020547366,0.9631067902443852
id12009,0.9329854187448468,0.05213076834334928,0.01488381291180404
id24241,0.14615943937424397,0.6549988756733057,0.19884168495245033
id03596,0.042023286971448914,0.9526659157978176,0.005310797230733552
id10749,0.048393910241199295,0.9472249173677157,0.004381172391084832
id22794,0.011534352598381176,0.004674387394307901,0.983791260007311
id15482,0.021186716134789504,0.4198873804260973,0.5589259034391132
id04833,0.6436165754001485,0.3480945365458918,0.008288888053959786
id00397,0.035421554164794915,6.038061044807754e-05,0.964518065224757
id14691,0.019055333358773366,0.12345829795867984,0.8574863686825468
id05193,0.22246841792495722,0.0005918553886760256,0.7769397266863667
id19541,0.9830563599403228,0.0009887016348097651,0.0159549384248674
id22166,0.00926786943896353,0.0002569645412181807,0.9904751660198183
id20744,0.0029390146157101163,0.0001672268281749738,0.996893758556115
id10392,1.3233733511257144e-05,0.010389917522529215,0.9895968487439595
id00770,0.9675490625034152,0.010456302980462724,0.02199463451612212
id06018,0.7597066817767804,0.2377787432966005,0.0025145749266192374
id15678,0.5970430142299702,0.01286687064729209,0.3900901151227378
id08305,0.8919457115440451,0.10780949739665865,0.00024479105929621037
id08903,0.6673364702247281,0.011828592387167542,0.3208349373881045
id14752,0.6099410306667563,0.3717157031867505,0.01834326614649313
id12468,0.25178280373500933,0.7473663834268635,0.0008508128381273284
id05085,0.5370514062599427,0.4450347712728494,0.017913822467207866
id21993,0.5840728837634317,2.765428961204311e-05,0.4158994619469564
id15503,0.92625888033322,0.06481333651049509,0.008927783156284997
id03021,0.0002674055168375778,0.99236951471463,0.007363079768532344
id16123,0.9963904756537563,0.00209333470107706,0.0015161896451666179
id19383,0.9831210604733446,0.015057379696302345,0.001821559830352938
id04186,0.9932451483386957,0.001799908307994032,0.0049549433533102386
id17954,0.004937488812899139,0.00014014547524612158,0.9949223657118548
id12030,0.21770240169429708,0.00012166925742273289,0.7821759290482801
id13020,0.9521787620408008,0.040140170820115936,0.007681067139083361
id25327,0.00867804057528717,0.8791000264430042,0.11222193298170867
id16344,0.2779573761035019,0.026262721144304953,0.6957799027521931
id12303,0.2652632507993532,0.7332117221327564,0.0015250270678903383
id15017,0.9379376830821424,0.061865421097235175,0.0001968958206224888
id22308,0.5785518003108635,0.07099057474938876,0.35045762493974775
id06536,0.0061835638928744475,0.016544012536809222,0.9772724235703164
id19797,0.03064499341524752,0.9613539336300664,0.008001072954686024
id06332,0.30378742443164675,0.360131521249519,0.33608105431883417
id22941,0.028923001520753205,0.3165793851172533,0.6544976133619934
id13547,0.004333520364268878,0.2092413950362083,0.7864250845995228
id06928,0.03497547706993649,0.00014695510320820933,0.9648775678268552
id12521,0.5375327978638302,0.44846112499888585,0.014006077137283898
id25716,0.6749927743251127,0.000142993550982016,0.32486423212390525
id27116,8.667907389967536e-06,5.486932061752102e-08,0.9999912772232894
id19941,0.060480168189334244,0.9056814902968195,0.03383834151384618
id05711,0.0002361376986614121,0.005394460383536912,0.9943694019178017
id02097,0.000463621600988937,0.018186977543834817,0.9813494008551763
id03563,0.0011870808704700147,0.9979882423266465,0.0008246768028834332
id02295,0.12901502074992005,0.8643937782182209,0.0065912010318589604
id08179,0.9995825964319554,8.719690676342952e-05,0.0003302066612812549
id05332,0.03364226160904892,0.9621884688875902,0.0041692695033607565
id15697,0.6558008036596843,0.0707827202238079,0.2734164761165078
id17026,0.3402433158087679,0.14492343361981785,0.5148332505714143
id04243,0.744626641631228,0.25401816558216267,0.001355192786609349
id13175,0.9929568320456928,0.005891643392043519,0.0011515245622636977
id05387,0.9167381562994182,0.010270341755029366,0.07299150194555233
id19989,0.90946390353129,0.0733861188967932,0.01714997757191684
id25173,0.13298049353641186,0.028414980711400386,0.8386045257521878
id08925,0.07929987548772413,0.9203220903626751,0.00037803414960082567
id03034,0.005558874775091018,0.882794901118778,0.11164622410613106
id13272,0.00280119284482242,0.9557250206598741,0.041473786495303526
id07956,0.9597716743115469,0.0034598537181357754,0.036768471970317365
id02648,1.4963204068565932e-05,7.538805351347565e-06,0.99997749799058
id01778,0.05817598167123845,0.0008075849585020933,0.9410164333702594
id12846,0.0018756545632058806,0.0016289338534744588,0.9964954115833197
id19001,0.40753493732591195,0.010221442168802101,0.582243620505286
id05763,0.864908303597653,0.0017628409935092199,0.13332885540883782
id15590,0.006804931340842201,9.151172382296443e-05,0.9931035569353349
id04912,0.6294426521168204,0.2989916026403748,0.07156574524280497
id21201,0.6250943868052045,0.11646154709124204,0.2584440661035536
id13215,0.9898551681303958,0.004162810093695687,0.005982021775908556
id15612,0.05668411138935163,0.9292991480608938,0.014016740549754709
id18501,0.18991910821262312,0.009999652755794189,0.8000812390315827
id07223,0.9412612227796734,0.03681026556789707,0.021928511652429636
id06707,0.47525795961370504,0.38360714173848665,0.14113489864780843
id05238,0.0004007983447520625,0.9992272196037683,0.0003719820514797455
id00935,0.004137699783834272,0.11950729256753093,0.8763550076486348
id00110,0.7524209811852554,0.1710203226665207,0.07655869614822398
id17476,0.9451410963870065,0.049435632129079386,0.005423271483914148
id15170,0.9312038340085698,0.06653600552553245,0.0022601604658978396
id13397,0.6226007799053579,0.10641016048843957,0.27098905960620256
id24283,0.9611173849859589,0.03474752448654119,0.004135090527499925
id15234,0.9612100292515919,0.0371895106004626,0.0016004601479455583
id16884,0.8083235172147899,0.10526508357226211,0.08641139921294802
id07831,0.4161275590233239,0.5024627987309909,0.08140964224568525
id16038,0.9701623307930209,0.02954810269709875,0.00028956650988037864
id03629,0.9699132332977475,0.021177306080969634,0.008909460621282932
id21019,0.9647087720424994,0.0075944441294704835,0.027696783828030112
id21835,0.1207670149877641,0.021758094163374205,0.8574748908488617
id04480,0.0022358013000863333,0.9973443809453021,0.0004198177546115326
id20838,0.13187746874416184,0.8663538231652789,0.0017687080905593113
id24195,0.2873831736826948,0.088779245783286,0.6238375805340193
id05448,0.5361753224203776,0.45603218451148964,0.007792493068132739
id15957,0.025876501633521853,0.9718315890044128,0.002291909362065374
id19956,0.0033149005332676314,5.79168329002777e-05,0.9966271826338321
id15104,0.030745392678022676,0.017943263441341024,0.9513113438806363
id17559,0.8363590024609168,0.1345426866929599,0.029098310846123316
id16839,0.17919769638862051,0.25732890349010684,0.5634734001212727
id14493,0.8480820928752821,0.0015698427196581073,0.15034806440505985
id08833,0.9733540069722213,0.00227004071669518,0.02437595231108341
id15723,0.08919806958431846,0.014181259767070645,0.896620670648611
id02716,0.9919423226012033,0.003898055610480212,0.004159621788316512
id06689,0.049860854652727535,0.9326874876291865,0.017451657718085965
id18837,0.44614988156165797,0.010250636716668222,0.5435994817216738
id04466,0.860506189318219,0.10555349653130225,0.03394031415047882
id00686,0.917776176306862,0.004113640753814276,0.07811018293932376
id09010,0.4588841762495106,0.5400121159659264,0.0011037077845630363
id23353,0.9968828842325675,0.0007905752892118282,0.002326540478220683
id00066,0.9454264269690382,0.05109240303733529,0.0034811699936264265
id15724,0.4262398454146496,0.5711978303792565,0.0025623242060940038
id23486,0.10658735415624969,1.644913286703345e-05,0.8933961967108833
id22258,0.013225496404691126,0.0037006762494446142,0.9830738273458642
id02292,0.8720954129393826,0.11711392820262086,0.010790658857996627
id16356,0.2727362231094318,0.007539880882798522,0.7197238960077696
id00235,0.8800320347266022,0.004241147628164724,0.11572681764523296
id25522,0.2112421788309438,0.005070019340078863,0.7836878018289775
id04204,0.01637175819229282,0.983504768111107,0.00012347369660011958
id22016,0.6960575945619145,0.06365147011887835,0.24029093531920714
id06480,0.02667806919828193,0.9696456003261539,0.003676330475564176
id08718,0.08732298685983574,8.853312540109175e-05,0.9125884800147632
id05251,0.00653251107455072,0.9916203032451701,0.001847185680279132
id03359,0.6465973009994924,0.007219099937854586,0.34618359906265306
id16117,0.04042144031740594,0.0005176206161707347,0.9590609390664234
id17000,0.019261372154740622,0.9786320345001139,0.0021065933451454855
id01730,0.0422118064403998,0.9550304180286967,0.0027577755309034554
id00630,0.9565060938585324,0.04343560415103402,5.830199043372251e-05
id18175,0.17190964533755848,0.0020442009494052206,0.8260461537130362
id00907,0.7932350819867503,0.02069224547379168,0.186072672539458
id18251,0.024391569224104806,0.9746746960717224,0.0009337347041728461
id25861,0.5806376534139371,0.1549134021155024,0.2644489444705604
id00398,0.9670428403476118,0.019045668675337298,0.01391149097705087
id27573,0.9967224020924015,9.383338179250247e-05,0.003183764525806027
id10022,0.0013343123023748186,0.979886399120268,0.01877928857735725
id15901,0.12681545274800576,0.00011230256161036345,0.8730722446903839
id00451,0.05247199893418876,0.1598335642728336,0.7876944367929777
id23129,0.20671780448660534,0.7920777204206055,0.0012044750927891808
id26498,0.6120200406542285,0.1450615036793189,0.24291845566645265
id14741,0.055995687615443594,0.908019001650195,0.0359853107343613
id18453,0.6333079128889239,0.020820859995069992,0.3458712271160062
id08309,0.8192252573935707,0.17965402360991198,0.0011207189965173796
id00320,0.9911231977035374,0.007414612996648669,0.00146218929981384
id07688,0.20464857468187878,0.09403775176546068,0.7013136735526605
id01556,0.01689073514455778,4.700947216700447e-05,0.9830622553832752
id00178,0.6232073232431053,0.06001412758859822,0.3167785491682965
id18902,0.005656820402808739,0.007718613480132102,0.9866245661170592
id27002,0.329911179147329,0.6639345939532817,0.006154226899389262
id21418,0.9850225251858814,0.01186171113256317,0.0031157636815555274
id23018,0.10787615416225468,0.46662060868577454,0.42550323715197075
id07032,0.21447017301479296,0.013808062378169783,0.7717217646070372
id16195,0.7433541335923951,0.018540861596706107,0.23810500481089888
id11202,0.11576358550309117,0.8779899135249539,0.006246500971954891
id09578,0.9538741204592468,0.0007421431013614487,0.04538373643939171
id26984,0.8785018878656402,0.011351528664590941,0.11014658346976876
id19856,0.018227199393155268,0.9783616796474113,0.0034111209594333437
id12086,0.6980862881604251,0.023476803201154264,0.2784369086384207
id12052,0.04693880249131912,0.011728541563724123,0.9413326559449567
id17728,0.0006446040598386734,0.0011182298126198665,0.9982371661275414
id24608,0.7579292308378197,0.12938969598925404,0.11268107317292625
id21097,0.2387510207866479,0.07121559211055366,0.6900333871027984
id20179,0.001868407278656859,0.006621391462260447,0.9915102012590827
id15144,0.7262439011638195,0.24275150356302533,0.03100459527315513
id00206,0.9966176755040005,0.0014076454692216103,0.0019746790267778755
id22285,0.0012444156467747167,0.0013306186270826237,0.9974249657261427
id06417,0.15884653387465822,0.7725628199256191,0.06859064619972267
id00215,0.01181858212501771,0.9880387712535649,0.00014264662141734221
id04201,0.17575317088846953,0.019036226702449168,0.8052106024090814
id21771,0.9404471517878394,0.05668630533684593,0.00286654287531467
id12451,0.017832766424738244,0.4552706753608985,0.5268965582143633
id14250,0.02435312607020337,0.7235680781422807,0.25207879578751596
id03433,0.03805460470673024,0.9603559590226128,0.0015894362706568039
id03303,0.02490479362102267,0.0006578251839520671,0.9744373811950253
id25901,0.16393166581608015,0.5955452011048709,0.2405231330790489
id06945,0.8515449556070342,0.01724072480753193,0.1312143195854339
id05664,0.7799688430326804,0.18335693319590982,0.03667422377140975
id05741,0.9994161612491202,0.0003781741188174139,0.0002056646320623377
id10652,0.9734328814655626,0.013165663633758415,0.013401454900679063
id16300,0.9743919488554907,0.003164729755012621,0.022443321389496663
id12319,0.7381509161077611,0.1403982096183096,0.12145087427392931
id07500,0.01671675328022927,0.9830926659119463,0.00019058080782437026
id12478,0.29179775127645113,0.22876269375027994,0.479439554973269
id03076,0.16529678098919787,0.0013513629764608126,0.8333518560343414
id00969,0.2687181031093329,0.6576537365348701,0.0736281603557969
id23636,0.016004281600066762,0.9374553703444742,0.04654034805545902
id09791,0.02088335393721389,0.25739407317384294,0.7217225728889433
id05680,0.005979166460018019,0.8203575974958534,0.17366323604412867
id03672,0.05316365402005615,0.8982026057155129,0.048633740264430986
id04286,0.0016613901543521632,0.9173996256411051,0.08093898420454274
id23883,0.0026788393603131566,0.04392893971347597,0.9533922209262109
id11914,0.25461282992039275,0.03280705947067091,0.7125801106089363
id20974,0.0036544231565942276,0.9960167736966559,0.00032880314674983474
id26125,0.46404477266110683,0.027196946304685422,0.5087582810342077
id15543,0.20700153325082338,0.005782234036432659,0.787216232712744
id19471,0.9901644438770004,0.003503076969650845,0.006332479153348695
id11503,0.798583341339195,0.19032518513695396,0.011091473523851066
id09321,0.0016484097016163859,0.8780727832570969,0.1202788070412868
id25560,6.708317766064355e-06,0.00030955621390517526,0.9996837354683288
id06726,0.3351264011026505,0.17408853858691636,0.4907850603104332
id05709,0.9498555256541154,5.7434590902723825e-05,0.05008703975498203
id09788,0.16518373374794998,0.2570020297805951,0.577814236471455
id05289,0.9863148889681047,0.01354461470472302,0.00014049632717224423
id11815,0.0017870473450821232,0.9977238099570188,0.0004891426978990776
id22422,0.897753520259848,0.02139496556463437,0.08085151417551763
id25954,0.937367004204108,0.006716238871408777,0.05591675692448317
id13601,0.6767194261494035,0.19119814495476742,0.132082428895829
id05677,0.986892857212184,0.001152915881055545,0.011954226906760334
id10498,0.06422158370360799,0.9345749847957421,0.0012034315006499783
id02665,0.5094061838097194,0.48475306930347767,0.005840746886802872
id10114,0.04811837033560987,0.8110406417045544,0.14084098795983585
id26314,0.9639846960379489,0.031199588754115642,0.004815715207935496
id21240,0.7198006834219381,0.06321843265935893,0.21698088391870296
id15569,0.9974483097228319,0.0014580685496354004,0.001093621727532646
id25928,0.012093795802070581,0.02513171729535512,0.9627744869025744
id22706,0.04304013843985845,0.9540655774362538,0.002894284123887791
id20877,0.00013437164304445402,0.8874513304813703,0.11241429787558535
id04318,0.9786374553808007,0.0019634964011286133,0.019399048218070723
id18299,0.17978055049265082,0.7386611399143319,0.0815583095930172
id08126,0.0072459905018769965,0.0007084496699599623,0.992045559828163
id14293,0.5144212356954134,0.001999683579547144,0.48357908072503947
id12759,0.9704501070788193,0.000748956436274947,0.028800936484905785
id11983,0.7373278161409937,0.10368923581282273,0.15898294804618346
id05580,0.06716987518742189,0.6598863950999404,0.27294372971263764
id25846,0.6479945204410286,0.2593222505172076,0.09268322904176393
id01939,0.6546937451945088,0.009753216988183037,0.33555303781730816
id26327,0.17666600248542164,0.3530213199029663,0.4703126776116121
id11068,0.01706405245852458,0.00037373515608891034,0.9825622123853865
id08404,0.9971549776314349,0.0013323050528631683,0.0015127173157018696
id27189,0.8427193911233032,0.15513470684546588,0.0021459020312310324
id15119,0.006097439348257089,0.9584752143623214,0.03542734628942142
id26525,0.9863409559487404,0.003090375533006722,0.010568668518252933
id03618,0.543508229288403,0.4059448168409933,0.05054695387060376
id27220,0.992619051851231,0.003296429002108278,0.004084519146660777
id18777,0.12855112085114107,0.00012024014988648961,0.8713286389989725
id20213,0.9731188636790953,0.006965716664601682,0.019915419656303095
id20403,0.9510169176423976,0.016031590168168432,0.03295149218943399
id03777,0.05763883626426113,0.10428140776614776,0.8380797559695911
id10595,0.019551261897154584,0.9783197085754561,0.002129029527389287
id13816,0.7177375582213573,0.008074443225338035,0.2741879985533048
id05667,0.013370627679191517,0.0003913364647280423,0.9862380358560805
id24629,0.8489122775592928,0.008659437693707814,0.14242828474699942
id20398,0.47397189750651036,0.08646771705946188,0.4395603854340278
id14108,0.001522668878673681,0.00034358319105785596,0.9981337479302684
id06196,0.005106214953602771,0.9942776521003183,0.0006161329460790202
id02800,0.5889390459672391,0.3660981158243782,0.04496283820838264
id18732,0.002044220703758017,0.9903276187702929,0.0076281605259492635
id11915,0.012127849290892138,0.981139023022736,0.006733127686371749
id09739,0.937235650056434,0.02496653757027948,0.03779781237328649
id24672,0.9944255061731463,0.000770429652279374,0.004804064174574334
id00414,8.787657835375407e-05,0.008298867457614737,0.9916132559640315
id16307,0.9621740796820156,0.028647683389745594,0.009178236928238787
id14043,0.16571173503819547,8.492591373205366e-05,0.8342033390480724
id00517,1.072601045257102e-05,0.0002015765189530881,0.9997876974705944
id09744,0.9462911104707075,0.053655528231268124,5.336129802443307e-05
id19257,0.9965369295694713,0.0019745793827151514,0.001488491047813519
id15437,0.7372829536776712,0.26114007150441176,0.0015769748179171414
id16352,0.05240563023710747,0.03533603777769434,0.9122583319851982
id18849,0.20506109235624762,0.0009372997774412096,0.7940016078663112
id19434,0.00013182879885299773,0.9998171859369838,5.0985264163232894e-05
id17928,0.09783235043262903,0.03594341814501209,0.8662242314223589
id16896,0.032207185788834476,0.013601544813143858,0.9541912693980217
id02135,0.01448943157935651,0.2886907880064393,0.6968197804142042
id15075,0.980445621883652,0.017831434659634483,0.0017229434567135368
id27486,0.00044365965983886,0.9970976300598825,0.0024587102802787154
id19422,0.9185973515277589,0.08061479253092463,0.0007878559413164329
id09603,0.09758562210962698,0.8078493947698727,0.09456498312050014
id02133,0.050278880814531364,0.936979121928357,0.012741997257111667
id03441,0.6352581825293724,0.0017785322969251748,0.36296328517370247
id02398,0.06746742930546998,0.9318466326750193,0.0006859380195106848
id05152,0.05103979072304755,0.02256284073018621,0.9263973685467662
id17838,0.6290430650566129,0.027518519971708323,0.3434384149716788
id25060,0.6099132693014948,0.38923861290766626,0.0008481177908389831
id09998,0.12505192285295347,0.03952386569978494,0.8354242114472616
id01828,0.040597953695275135,0.8320778799197381,0.12732416638498678
id25377,0.699233468025791,0.020848123196435246,0.2799184087777738
id22175,0.09427094119615746,0.8995994551635592,0.006129603640283196
id02974,0.008842435775244925,0.026268848068464554,0.9648887161562906
id26955,0.9852043286805979,0.014757138878194187,3.853244120792173e-05
id21091,0.9861566858466009,0.000994808629584129,0.012848505523815022
id12802,0.9477495122000633,0.03266417975634936,0.01958630804358729
id07432,0.0018654424467329474,0.9840588439950168,0.014075713558250345
id18749,0.07144075000741613,0.8964240000094339,0.032135249983150045
id15030,1.2964023615573848e-05,0.0005965052763526311,0.9993905307000318
id17155,0.06032381041776423,0.9367387974221032,0.0029373921601325258
id08128,0.0005444147816903172,0.9335170309179656,0.06593855430034411
id25706,0.00016894329203894369,0.9486656685351286,0.051165388172832414
id15645,0.9621088252021764,0.03740200969249311,0.0004891651053305098
id04943,0.8719222486294448,0.12078160944267585,0.00729614192787947
id27566,0.019098771528549833,0.007935625129044116,0.9729656033424061
id11765,0.37739612990979987,0.07868234078991837,0.5439215293002818
id13783,0.5100401200056779,0.35474192266885873,0.1352179573254634
id00492,0.016039535549804723,0.006682510565163386,0.9772779538850318
id27636,0.17785447306566346,0.011691286093583036,0.8104542408407536
id04273,0.8399122780709072,0.09134915032217387,0.06873857160691904
id02537,0.033737142327731166,0.2768941699222502,0.6893686877500187
id24349,0.9764659058396719,0.023326572671258712,0.00020752148906943004
id00023,0.0003389993334335151,0.9661317663078678,0.033529234358698666
id23025,0.18034205552660668,0.8137269515800508,0.005930992893342548
id08722,0.971170777800911,0.01774547314716619,0.011083749051922808
id02420,0.9785905158273905,0.021288439335550195,0.00012104483705916316
id10811,0.9296033695766216,0.01872647156388613,0.05167015885949227
id04019,0.0011518300661714843,0.022267090522915915,0.9765810794109127
id18334,0.9515499137192308,0.04327116993519694,0.0051789163455722605
id16781,0.8042019629957351,0.1813219252989627,0.014476111705302119
id08773,0.9231935347500028,0.055320826360431924,0.021485638889565367
id19214,0.8325448062131128,0.1453099620460281,0.022145231740859198
id09589,9.215754699990541e-07,0.960211913917811,0.03978716450671886
id24246,0.9944229765317527,0.0035191991368946785,0.002057824331352629
id23577,0.730069932122076,0.26991867956522836,1.1388312695616111e-05
id09305,0.9733172918138181,0.0036861311226856147,0.022996577063496393
id16460,0.44063171006707147,0.03673134161611522,0.5226369483168134
id21115,0.9014342929399378,0.023394665512247746,0.07517104154781437
id25996,0.6429263097924531,0.09411320397194345,0.2629604862356034
id02551,0.004439444271124438,0.03202614374636807,0.9635344119825076
id19352,0.02206956827690681,0.00045175112990796564,0.9774786805931852
id03806,0.006024358993589061,0.004157138382086794,0.9898185026243241
id26544,0.8194667369026054,0.0013393706879278986,0.17919389240946682
id18761,0.9926233452943221,0.004074965841621184,0.003301688864056725
id24148,0.004400123287393432,0.9781426610935431,0.01745721561906348
id16095,0.05055845432805221,0.8997418688510191,0.04969967682092865
id18442,0.7898899597662078,0.043257022210667934,0.16685301802312427
id22596,2.3368063474994445e-07,8.440755764043365e-06,0.9999913255636013
id23002,0.009508461083077683,0.0012352404835398105,0.9892562984333825
id04797,0.9959428537422355,0.0023292425311331683,0.0017279037266313298
id06610,0.41246473634107494,0.001066441088569614,0.5864688225703554
id16173,0.41939416487198344,0.4118280610420731,0.1687777740859435
id18292,0.008421128918200717,0.2960459335330134,0.6955329375487859
id27328,0.98443118460456,0.012106970513885965,0.0034618448815539613
id01695,0.0037944275720814833,0.9952256900412525,0.0009798823866660207
id05761,0.4998987659183736,0.009715434375410899,0.49038579970621554
id16354,0.9858980890635003,0.0019308112638758987,0.012171099672623777
id12207,0.004706535060312433,0.9539481111425411,0.04134535379714641
id05665,0.08222663891941963,0.002601918311822849,0.9151714427687575
id01911,0.877654560884345,0.11609420463642782,0.006251234479227212
id19153,0.05413067809282266,0.0020912079527579193,0.9437781139544195
id10295,0.7490630378727566,0.037286394597643505,0.21365056752959996
id23038,0.4773862542774141,0.47396430588473965,0.048649439837846295
id23783,0.32600297769835196,0.6731099998686843,0.0008870224329638266
id27879,0.9443096703635478,0.054350768677421855,0.0013395609590303335
id19190,0.06485426799651724,0.9350895652614507,5.616674203191624e-05
id05065,0.7259386431385924,0.05039821576359714,0.22366314109781046
id21296,0.19689799240492536,0.7921561206947348,0.010945886900339857
id13262,0.4197840196704576,0.09838397239457483,0.48183200793496755
id10333,0.9636588296872068,0.030152796450547546,0.006188373862245616
id16677,0.2756332817434634,0.609336413934875,0.11503030432166157
id01392,0.625895684065948,0.033001024727112784,0.3411032912069394
id27874,0.9819701798442168,0.01793785693183761,9.196322394572272e-05
id02294,0.00038701179372852695,0.7876458781217094,0.2119671100845621
id18298,0.0021666296995430496,0.006720200068609373,0.9911131702318475
id06997,0.9930116944204896,0.005892598799329719,0.001095706780180636
id05243,0.7049284087124331,0.12553440170544217,0.16953718958212477
id00860,0.0005102721524786129,0.8681427931082616,0.13134693473925993
id26681,0.9401674773251355,0.05936621276219881,0.00046630991266567967
id06020,0.04252967986124558,5.399463320036146e-05,0.957416325505554
id27683,0.9409398954057449,0.016777467523962118,0.042282637070293026
id17655,0.015688127910987126,0.9829445472575534,0.0013673248314594168
id08817,0.03041852158839931,0.07485824302785204,0.8947232353837486
id11512,0.00015028792520389595,0.08713008692438956,0.9127196251504065
id00478,0.37976139780119883,0.04782245414838592,0.5724161480504153
id02116,0.9865182302899075,0.0028533081868779516,0.010628461523214582
id06746,0.9370376858483164,0.06116993164706912,0.001792382504614405
id03863,0.6422352609957471,0.33741659889125775,0.020348140112995183
id01802,0.2920068699865558,0.4444188945230926,0.26357423549035175
id11682,0.8274510391393922,0.07057186942576689,0.10197709143484082
id04033,0.006340362508375147,0.9890209780974404,0.004638659394184597
id09286,0.04512650871391814,0.6318814220998344,0.32299206918624745
id12904,0.9897890714901402,0.005463926121354951,0.004747002388504873
id07420,0.0008535034144533599,0.0011404249853505426,0.998006071600196
id22398,0.0007950121098290008,0.9985039941861767,0.0007009937039942711
id00424,0.06763944748417014,0.0013696863335067163,0.9309908661823232
id20960,0.9828973350155383,0.013697200601521136,0.0034054643829405143
id10267,0.01045353016792525,0.9891880653218627,0.0003584045102121616
id19330,0.5915192557570437,0.001284816639769891,0.40719592760318646
id00994,0.03705386333672616,0.9407619372063999,0.022184199456874002
id10785,0.8296797251712511,0.09358438888730958,0.07673588594143937
id00955,0.17159629504958204,0.7683879570135245,0.06001574793689346
id09757,0.0006156575058498875,0.9979789579368353,0.0014053845573147143
id10030,0.04637238785130361,0.03789412895491267,0.9157334831937837
id22952,0.0038190393159495736,0.012383130156280911,0.9837978305277695
id21955,5.263193376614161e-06,0.014445082897718205,0.9855496539089053
id07674,0.5473149378665824,0.06361825500337057,0.3890668071300471
id13760,0.1978739466990587,0.7991004540273252,0.003025599273616145
id18166,0.9648710449002859,0.002330477359278466,0.03279847774043569
id23498,0.8813120556303781,0.11687828860100641,0.0018096557686155378
id05296,0.9858939087726379,0.013334395898642187,0.0007716953287198664
id26709,0.9438609099131432,0.03294079488119996,0.023198295205656836
id02853,0.9902029212149097,0.008620623931931299,0.0011764548531589423
id06800,0.772184010943118,0.07552204779412618,0.15229394126275586
id14758,0.3325200560027661,0.6531510209818047,0.014328923015429372
id12356,0.9919442039809728,0.0033454300267397674,0.0047103659922873905
id21492,0.9039236005860708,0.04058758791949721,0.055488811494431856
id27540,0.7394950371685326,0.020959476127041164,0.2395454867044263
id07376,0.03373519353569992,0.5147590948890168,0.45150571157528335
id15201,0.7242593728889265,0.2545471945647503,0.02119343254632329
id23388,0.006047745893464195,0.9399703364733376,0.05398191763319816
id13923,0.0014088785462192108,0.9984674861808729,0.00012363527290787463
id00794,0.0001530033725190858,0.9691142396129381,0.030732757014542835
id23910,0.23731875684110784,0.0018477738145720433,0.7608334693443202
id02556,0.014261582193686857,0.06695696665022004,0.9187814511560931
id22151,0.025213897116678492,0.974454637536216,0.00033146534710544733
id11698,0.14574846513597906,0.6689069432428842,0.1853445916211367
id11627,0.6860116408702016,0.09806618659719833,0.21592217253260002
id06340,0.9937325648738471,0.002875755214436246,0.003391679911716713
id05123,0.9643748447912318,0.000447658210781628,0.035177496997986564
id26620,0.0019242686800803484,3.682391725699307e-05,0.9980389074026627
id04002,0.005563383010528413,0.02841369851023387,0.9660229184792377
id26554,0.02560086162904404,0.7834238267369954,0.1909753116339605
id18012,0.33828397875919763,0.08596723120738226,0.57574879003342
id12964,0.505804811531353,0.002649256387307693,0.4915459320813393
id18965,0.0008041185835796749,0.2692618368147388,0.7299340446016815
id19082,0.10075685249077386,0.013309539873745382,0.8859336076354808
id26742,0.046012653282747146,0.001353900547999439,0.9526334461692534
id15442,0.3760958190065397,0.6232856136838356,0.0006185673096247047
id16647,0.8435062824687808,0.007966031254933175,0.14852768627628607
id11544,0.23935576154762728,0.036334487363223485,0.7243097510891493
id20581,0.32364551170772504,0.05850488863508819,0.6178495996571869
id13192,0.5369620770857948,0.27262223370346633,0.19041568921073898
id15814,0.36353055868466266,0.03146233786164085,0.6050071034536965
id26279,0.12827833360978927,0.8623139850251671,0.009407681365043614
id00240,0.9620926346694616,0.007430299165723937,0.03047706616481438
id22836,0.9916022674983452,0.0006958846660132572,0.007701847835641593
id15085,0.0019356889051433575,0.9180610497800588,0.0800032613147979
id17495,0.6930080734167231,0.005339108219491125,0.3016528183637857
id26762,0.97223023971101,0.007250807820502502,0.020518952468487547
id13685,0.991455015186811,1.643610581955286e-06,0.008543341202606984
id16560,0.05291796579953318,0.9436043310272052,0.0034777031732616333
id17184,0.00021233500205557833,0.9887474966960063,0.01104016830193817
id21635,0.9972793660328584,0.0021364400084055066,0.0005841939587360606
id26751,0.372967306755741,0.5773590000692773,0.0496736931749817
id12351,0.9598800229339652,0.006639968549911066,0.03348000851612376
id14872,0.7072290167840402,0.2527838620202731,0.039987121195686835
id18372,0.9808296248323085,0.004435050318168681,0.014735324849522743
id26851,0.9370511683580384,0.044885760981413794,0.018063070660547798
id22659,0.6937810746910525,0.30621320405448227,5.721254465133371e-06
id04102,0.0033724613747071258,1.9699885680050932e-05,0.9966078387396129
id02353,0.018698779633923548,0.9699883809561256,0.01131283940995097
id26721,0.9832898742603523,0.00914545590169391,0.00756466983795374
id11171,0.8057667909256467,0.004626734995459572,0.18960647407889367
id13562,0.7420099090111977,0.24748256897817095,0.010507522010631376
id26425,0.8702069180250023,0.025754191681610146,0.10403889029338748
id26394,0.13465951082292316,0.013153798243715384,0.8521866909333614
id22187,0.8159704655689446,0.17086597280249397,0.013163561628561481
id00422,0.9912745262427274,0.008268282657164073,0.00045719110010860643
id22667,0.0008947039279284124,0.9974915160258774,0.001613780046194121
id00911,0.6937513319613537,0.10112901002365966,0.20511965801498666
id17291,0.28454765441760804,0.0736457941763988,0.6418065514059932
id01915,0.05112381454654248,0.46058647947250797,0.4882897059809497
id01434,0.09008902967978397,0.031029297526469227,0.8788816727937468
id01584,0.6863465476412114,0.003129035241215454,0.3105244171175731
id09266,0.9362053572258239,0.01043407766880589,0.05336056510537023
id17494,0.0018414172758581056,0.9864515889461224,0.011706993778019493
id24919,0.7534333915458137,0.1007698009808197,0.14579680747336665
id21043,0.09709315941675692,2.63015217538101e-05,0.9028805390614894
id17796,0.019451344121908676,0.9774934528923223,0.0030552029857690804
id02166,0.3501885640919668,0.0011627123233322967,0.6486487235847008
id17503,0.9887498821502955,0.007758746547532999,0.003491371302171584
id21203,0.931027394194419,0.019742121299622176,0.049230484505958835
id25626,0.9994744145206135,0.0005044408606114552,2.1144618775162598e-05
id09836,0.9982788994035265,0.0015719733536043784,0.0001491272428690457
id24202,0.04703319861722061,0.10279678810395099,0.8501700132788284
id27260,0.12636608613632236,0.014298817954054582,0.8593350959096231
id23167,0.0009303675426836119,0.0005688543651219444,0.9985007780921944
id10393,1.5044941585276842e-05,0.9998255500546271,0.0001594050037875482
id01171,0.8993904974284468,0.09975062670979512,0.0008588758617580084
id06380,0.979697339439246,0.009292143534333837,0.011010517026420233
id22686,0.15938057831591787,0.0005460425544816415,0.8400733791296005
id26250,0.1382777902441488,0.0015366124820559652,0.8601855972737953
id09315,0.024169571291169117,0.8384479341573386,0.13738249455149223
id00886,0.035178509378597705,0.9352544071927581,0.02956708342864428
id03101,0.9690721721307736,0.006512958601125945,0.024414869268100485
id12367,0.6754459213775602,0.003496797773261968,0.3210572808491779
id10770,0.9695189024617931,0.02206634031096474,0.008414757227242201
id14949,0.1414089425938171,0.8359999016542927,0.022591155751890177
id14141,0.2598075494301772,0.7396639556502355,0.0005284949195873632
id25417,0.6853268857610442,0.24863045745257242,0.06604265678638349
id26873,0.8333148447967651,0.158600472609154,0.008084682594080956
id10818,0.11583990805161784,0.011518897997957332,0.8726411939504248
id15146,0.8597735465809696,0.001865239146047763,0.13836121427298267
id23328,0.9797546303978275,0.019407869748298917,0.0008374998538735804
id16765,0.5855726049106419,0.41164472860492,0.002782666484438205
id24383,0.9188580850295429,0.0006736631146118411,0.08046825185584522
id21304,0.9831551282607783,0.0028013487351820254,0.014043523004039707
id12551,0.028917363956472094,0.9620136225174455,0.009069013526082281
id23274,0.020650696016694736,0.12564565064532146,0.8537036533379838
id08117,0.9136160800062574,0.017735384567765886,0.06864853542597676
id23961,0.9542053440551471,0.0021197272286492186,0.043674928716203744
id13865,0.018915903591624747,0.9802467020721197,0.0008373943362554429
id22807,0.26761309593691385,0.09229189856336616,0.64009500549972
id08951,0.18448093168973703,0.0023255285638676313,0.8131935397463953
id18684,0.9954950966664279,0.003483966515766208,0.0010209368178058893
id25179,0.04300798528381869,0.7747140102299999,0.18227800448618145
id27033,0.8583242383577936,0.035683730613446124,0.10599203102876038
id13977,0.005264239515748069,0.9846080495714656,0.010127710912786341
id19337,0.0012239368050615275,0.9907168903890907,0.008059172805847835
id25764,0.0016027826092893927,0.9980143639794796,0.00038285341123095765
id16106,0.23658804470958336,0.005758376353258572,0.757653578937158
id05468,0.09973482112545348,0.0038584771609826993,0.8964067017135638
id05241,0.9448075592465423,0.00022893452662591413,0.054963506226831944
id10215,0.8627735474289775,0.10089627060590085,0.0363301819651216
id23457,0.018035822948417515,0.0381349105476437,0.9438292665039388
id02200,0.998468379978572,0.0010117893465747122,0.0005198306748533367
id13714,0.19259724612469484,0.781648201966594,0.025754551908711194
id20332,0.0007922679121889934,0.008290498079610147,0.9909172340082009
id18573,0.054288210575758146,0.015207601482867813,0.930504187941374
id08569,0.9827220543927306,0.0006477064076407188,0.016630239199628673
id22767,0.050313871301994946,0.8886646582667488,0.06102147043125628
id25390,0.01503286744014375,0.9764755275701582,0.008491604989698016
id09288,0.965794971341052,0.0012917716142946008,0.0329132570446534
id12381,0.988140131217119,0.005242191067913971,0.006617677714967016
id02895,0.03203836513462118,0.0016620766197296773,0.9662995582456492
id25270,0.003117640014397751,0.00021497596162340426,0.9966673840239788
id14248,0.5292993182501062,0.03317153869390364,0.4375291430559902
id12831,0.9027692539990819,0.0011125533446207257,0.09611819265629738
id18305,0.9332247168233073,0.002301754149825185,0.06447352902686765
id07805,0.9268652105576475,0.07258865566914802,0.0005461337732044446
id14027,0.03877323807285662,0.056200348900785686,0.9050264130263577
id02760,0.9339423706464149,0.0653862085516978,0.0006714208018872021
id24362,0.9933713435139631,0.0063435935170415465,0.00028506296899533123
id17065,0.008628800343894629,0.9905666157091012,0.0008045839470040893
id26583,0.001078333640086534,0.9842511108674923,0.01467055549242114
id19664,0.9289065413055085,0.07094342358530055,0.00015003510919087848
id25145,0.8299329550339541,0.11918910564541839,0.05087793932062749
id17858,0.028598292416598226,0.9706560850090312,0.0007456225743705612
id05148,0.07654369356863895,0.07950836039838982,0.8439479460329712
id22928,0.7108329649895162,0.28294512701425206,0.006221907996231774
id21549,0.4275646720122691,8.648972446206586e-05,0.5723488382632688
id12649,0.19576788792729363,0.8041088871515036,0.00012322492120275366
id21597,0.9697006596531422,0.023052021456283194,0.007247318890574526
id27945,0.9770937917648781,0.006786915795913614,0.016119292439208222
id00243,0.9980527513305558,0.0003026187037840672,0.0016446299656599896
id02745,0.9658582891967389,0.0014118822001467557,0.03272982860311436
id23550,0.005362415682357581,0.009112906384241613,0.9855246779334007
id13023,0.009694727003429006,0.0012896254251932666,0.9890156475713777
id24796,0.2314301055806049,0.001966476717976029,0.7666034177014192
id12284,0.13566464248157978,0.8045576140130178,0.05977774350540242
id02664,6.905757110159248e-08,0.9947460559013229,0.005253875041106024
id23767,0.9048777332266348,0.007965440921023357,0.08715682585234183
id05859,0.02646513703736706,0.9487763747135388,0.024758488249094025
id14350,0.30653581669722924,0.30670181039784045,0.38676237290493026
id01191,0.03186638530219611,0.775976764720007,0.192156849977797
id17034,0.8936157814074347,0.0038679241472242055,0.10251629444534105
id25292,0.8395314382356208,0.15740551883191412,0.0030630429324651
id22121,0.9962819580599455,0.0015608232342422554,0.002157218705812311
id20872,0.9996759115454823,0.00011872039499324791,0.00020536805952446401
id17720,0.06812602901705571,0.9228679868736629,0.009005984109281492
id22658,0.22434475848878888,0.7690300534548002,0.006625188056411002
id09567,0.9102867493289143,0.01256338947591314,0.07714986119517253
id16445,0.9941865706305807,0.004208239896404777,0.00160518947301452
id08349,0.05420636137038661,0.018450184243842215,0.9273434543857713
id27437,0.005656284724967992,0.11892963276233452,0.8754140825126976
id03812,0.9914958006745501,0.004382746494480637,0.0041214528309692425
id22304,0.7742960533155272,0.19987637619248882,0.025827570491984003
id04449,0.4970707594871727,0.43299105513526026,0.06993818537756703
id15605,0.6056918605938509,0.11512301059249547,0.2791851288136536
id01768,0.9582007933438673,0.0351573997913346,0.006641806864798062
id20019,0.011399696082406529,0.7467537404616456,0.241846563455948
id09593,0.006561351095789638,0.9780102343927599,0.0154284145114505
id23179,0.7545989534679812,0.00455808874235153,0.24084295778966722
id21279,0.9867787424922703,0.0022743921792668102,0.01094686532846296
id06711,0.0005375328891548644,0.0008654150565154459,0.9985970520543297
id14243,0.0011737884818350604,0.9832232719049503,0.01560293961321467
id04839,0.00013588714346205125,0.004923472918243244,0.9949406399382947
id17220,0.002512740057966609,0.9862632935850875,0.011223966356945943
id24177,0.252800028929143,0.006704233084131669,0.7404957379867253
id20512,0.12783516501217526,0.02248733827285798,0.8496774967149667
id14036,0.004882174660705827,0.9913141222215317,0.0038037031177624732
id25001,0.09577659656689119,0.0015576487538968556,0.902665754679212
id06175,0.008876688001177153,0.9152744293214555,0.07584888267736738
id24720,0.10408304996390576,0.8417811564160536,0.05413579362004071
id08070,0.9074311035384008,0.09242342123946662,0.00014547522213242007
id18934,0.9450723603174527,0.03137529320127733,0.023552346481270074
id01338,0.6618858422360651,0.011411626927732333,0.3267025308362026
id19008,0.000802055586886727,0.9891985208879193,0.009999423525193984
id19632,0.005480261439243577,0.7552581174559374,0.23926162110481897
id26224,0.00017124546723120527,0.0035335432914524612,0.9962952112413164
id08219,0.9664242516100169,0.002865556916374378,0.030710191473608855
id24008,0.0006444545476158222,9.225991497035516e-06,0.9993463194608871
id12475,0.045531288776614914,0.9315779335362302,0.022890777687154844
id05766,0.01828545452408108,0.0012037444825251371,0.9805108009933938
id27386,0.003645798924974429,0.9853981691826903,0.010956031892335344
id12476,0.00014842650488379602,0.9989687448453121,0.000882828649804224
id08311,0.9687215078776356,0.028510439889131652,0.002768052233232862
id04996,0.7869785391192212,0.2096356098285123,0.003385851052266535
id17350,0.006665732306269984,0.9907931842111525,0.0025410834825775057
id05546,0.005719239004005181,0.9766709043083308,0.01760985668766403
id16504,0.03457611776744702,0.9637110600215961,0.0017128222109568155
id05782,4.177503142858859e-06,0.0004685846803098833,0.9995272378165473
id20560,0.8991070662312786,0.07526046982324057,0.025632463945480917
id14171,0.0019466044502118095,0.06101896262779865,0.9370344329219895
id27461,0.12253108342365732,0.007680024610333733,0.8697888919660091
id03581,0.08267072247264051,0.0021421762143878083,0.9151871013129718
id21847,0.011671768581871897,0.001242690271214368,0.9870855411469137
id11712,0.9252541609897428,0.025490704165592647,0.049255134844664636
id26738,0.004905364880430102,0.02556366902882001,0.9695309660907498
id13668,0.987715424246513,0.01017003665161565,0.002114539101871339
id15114,0.9932919303907213,0.00029875022198207885,0.006409319387296599
id20130,0.7338024826166876,0.019293093445090618,0.24690442393822182
id18331,0.6424061803759931,0.0020665977856518507,0.355527221838355
id24465,0.9990716496764638,0.0008999645351953094,2.8385788340898983e-05
id13539,0.7367668737552902,0.25881850370499515,0.004414622539714656
id27564,0.04894054693267076,0.7962312801741857,0.1548281728931436
id26043,0.15949084915430883,8.491123623292181e-06,0.8405006597220679
id04965,5.695019518631271e-10,2.3665292799366769e-07,0.9999997627775701
id08645,0.0023810025345051967,0.02328460631126874,0.974334391154226
id26610,0.9142731765495287,0.02930184520343963,0.05642497824703178
id21737,0.45755213308952825,0.2810505111004667,0.26139735581000506
id25784,0.0010486589708728787,0.95736738527913,0.041583955749997
id23030,0.9867190864424286,0.00860204431273253,0.00467886924483901
id16450,0.004694258189378094,0.9864156994665236,0.008890042344098327
id02161,0.506092072693603,0.0033016984793134605,0.49060622882708355
id25535,0.9649705948230916,0.0066389464772894265,0.028390458699619033
id16566,0.8849370962751734,0.001884295047913229,0.11317860867691343
id05714,0.986338698984081,0.013387735259440606,0.00027356575647832066
id16524,0.8739414568250218,0.11294398371461653,0.013114559460361705
id23941,0.03308769578485838,0.951299553609534,0.015612750605607609
id00831,0.008235478141077215,0.10228638695655824,0.8894781349023645
id18145,0.6575666283249376,0.13714402716150262,0.20528934451355974
id17227,0.997044449433686,0.0001183396096945982,0.0028372109566194028
id09417,0.9206492012762891,0.03180645260377927,0.047544346119931746
id21307,0.8902893789270854,0.07784213580670762,0.03186848526620711
id05650,0.021557328514725006,0.9739786715044115,0.0044639999808633625
id23901,0.8645651076829294,0.1304483664999799,0.004986525817090797
id05831,0.9935471618924866,0.0017759479032201531,0.004676890204293301
id16708,0.18272918126565213,0.8167589082189457,0.0005119105154022655
id02281,0.09364186968783207,0.15223559935001046,0.7541225309621575
id11599,0.15994618552340192,0.08560180726971166,0.7544520072068864
id18353,0.014515473717043956,0.9326562482545631,0.05282827802839292
id07413,0.8940539587830003,0.09937119076300158,0.006574850453998063
id15653,0.001206213657422777,0.9947223420183531,0.00407144432422417
id09715,0.0008723620731540414,2.5113544657695916e-05,0.9991025243821883
id05108,0.16296096134840563,0.8328447905412727,0.004194248110321597
id09537,0.8377073245544869,0.06884215287702392,0.09345052256848922
id27596,0.9545154295740754,0.044223308470372806,0.001261261955551742
id24255,0.022112380677772703,0.0012388624418551437,0.9766487568803722
id05080,6.939561505674502e-05,0.00020005390369693454,0.9997305504812464
id09484,0.9804700657721822,0.0006967125113108616,0.018833221716506927
id14864,0.025602719250240855,0.00014448272880650918,0.9742527980209527
id26836,0.9222116274701405,0.029306096046266987,0.048482276483592546
id07003,0.8833788652321465,0.11613528412939661,0.0004858506384569839
id13750,1.2937467227924217e-05,0.9999169559011982,7.010663157383325e-05
id21799,0.04050835663706922,0.1751290543570197,0.7843625890059112
id11285,0.9999853668964869,6.574611433469603e-06,8.05849207963147e-06
id04735,0.949108998613388,0.012144349332971508,0.03874665205364058
id23049,0.00019334373220584138,0.025504024003722117,0.9743026322640721
id05826,0.23387792236958574,0.7603160557642862,0.005806021866128109
id17916,0.09943850461824633,0.8990992982150767,0.0014621971666769075
id14081,0.1919940806840267,0.0011488732644853214,0.806857046051488
id10527,0.3847858366629029,7.671546694048328e-05,0.6151374478701567
id16059,0.05149006043337081,0.9407296064714042,0.007780333095225072
id25542,0.9972148990089952,0.0026693040261980545,0.00011579696480674001
id05402,9.936686529825558e-07,0.00018458370149283606,0.9998144226298542
id01927,0.9886298951521871,0.005376745604591063,0.005993359243221856
id27656,0.5652568604113803,0.12359639357839874,0.31114674601022096
id06708,0.06813891361384755,0.8579364070924291,0.07392467929372339
id03524,0.45204584119087865,0.48194152299233584,0.06601263581678546
id12297,0.9050717754656953,0.0430442907496633,0.05188393378464148
id03439,0.663148554416956,0.04843614560332029,0.2884152999797237
id04587,0.0008621578001747255,0.9952847103422601,0.003853131857565144
id25470,0.007554674868454852,0.9921238284214795,0.0003214967100656279
id01212,0.323323407085871,0.6529637511730618,0.02371284174106714
id13932,0.9553816190923711,0.022652017734728178,0.021966363172900794
id00124,0.08715509885990562,0.0006067469975178462,0.9122381541425766
id01592,0.9344976792468396,0.029435050085318045,0.036067270667842224
id13461,0.44177034410858623,0.46869758957543417,0.08953206631597962
id24681,0.02929093700486993,0.8574198439393946,0.1132892190557355
id23245,0.18699346485097396,0.000390174731763637,0.8126163604172624
id14073,0.46703784289075356,0.16828828241157473,0.3646738746976716
id05172,0.8839129921228371,0.0017935951264553057,0.1142934127507076
id21979,0.869907382595316,0.01954645364017074,0.11054616376451325
id00328,0.9612132084017472,0.00020081439708228622,0.038585977201170615
id26102,0.9868364352434067,0.0029688869749485806,0.010194677781644764
id14867,0.3977196832989942,0.007902562773424101,0.5943777539275817
id27544,0.05830780767454991,0.9413449707853243,0.0003472215401258605
id16228,0.9818262228056239,0.010922001516446818,0.00725177567792928
id16342,0.4273874221375148,0.5709312473361298,0.0016813305263554043
id24933,0.9724119336233575,0.003827101271395627,0.02376096510524686
id04601,0.7583912587948767,0.01161445598514653,0.22999428521997684
id01599,0.05535027497559048,0.9299071430713644,0.014742581953045097
id06238,0.8301847584740769,0.16822306456811545,0.0015921769578076865
id06826,0.055116116532888434,0.7958620223933776,0.14902186107373383
id23307,0.9817445291949366,0.01616962259043198,0.002085848214631511
id13575,0.9784882392731826,0.015230642281849971,0.006281118444967327
id24174,0.4407473814245236,0.0006771647229671235,0.5585754538525093
id19534,0.01058712663577135,0.02836102758403022,0.9610518457801985
id19602,0.005914825010149391,0.00036723043259080315,0.9937179445572597
id26962,0.001885753411646975,0.9577109395166923,0.040403307071660705
id04448,0.26718992932909447,0.732314688725782,0.0004953819451235064
id09786,0.17559434507601826,0.5767888762914402,0.24761677863254167
id25240,0.5767225749569952,0.14579053605942408,0.2774868889835808
id14893,0.9710403850612814,0.027867075327677206,0.001092539611041438
id24221,0.9967894938254279,0.002727487881094118,0.00048301829347796794
id04696,0.4979227301254883,0.009267791935328897,0.49280947793918267
id15153,0.035386073238685735,0.9512766048051353,0.013337321956178969
id13882,6.79529294699819e-06,0.9997869057059603,0.00020629900109266503
id17836,0.09418347435619814,0.9023584995609111,0.003458026082890821
id00574,0.011350500657048805,0.9857192055041967,0.0029302938387545767
id02078,0.008640413891023106,0.7323335678570381,0.2590260182519389
id21206,0.07292609164796876,0.911304759180445,0.01576914917158639
id20084,0.6763463978505916,0.0013162791297821627,0.3223373230196263
id26598,0.006197154831085987,0.0004756263444819939,0.9933272188244321
id06838,0.15564688916224717,2.470637717543927e-05,0.8443284044605774
id08786,0.007012981757222486,0.0021154675221678634,0.9908715507206097
id09550,0.07096709734044031,0.0016594535870212918,0.9273734490725384
id10206,0.91838824517851,0.004185545446046528,0.07742620937544344
id21113,0.9838643832222346,0.009680472724723537,0.00645514405304196
id21151,0.48878901160444643,0.4885660382131986,0.02264495018235497
id02692,0.9974221476132521,0.0018743539016766119,0.0007034984850713667
id26446,0.9750912550722457,0.009981627694817146,0.01492711723293716
id07377,0.5740774971239274,0.4243236371162263,0.0015988657598462752
id15998,0.47892039335687125,0.42785641599104196,0.09322319065208687
id19637,0.9868707692745523,0.0035318570331641084,0.009597373692283657
id19735,0.018455249613733647,0.956862477202587,0.024682273183679233
id13739,0.24025553567592037,0.08748053417440999,0.6722639301496697
id25175,0.8264334052051526,0.15687748913866062,0.016689105656186712
id00563,0.3927945392579172,0.0709998101933061,0.5362056505487767
id09982,0.9351891623559193,0.00039365721433844234,0.06441718042974216
id15459,0.0028146169142522757,0.9971539990258887,3.138405985898567e-05
id20785,6.306379648712486e-05,0.00021311596145040307,0.9997238202420625
id07145,0.00340248626228966,0.007253014112965826,0.9893444996247445
id22204,0.0010894428085612806,0.9828365448570675,0.016074012334371248
id09285,0.9089848519029692,0.0023799219282500646,0.08863522616878072
id18157,0.00013316110042507306,0.00016166232140090627,0.999705176578174
id12134,0.02315428593656252,0.0020241940284302564,0.9748215200350073
id23914,0.9967530298748366,0.0006120543949521365,0.002634915730211251
id10483,0.8380897927167783,0.161704806893928,0.00020540038929367982
id07092,0.9623452186111391,0.009184563043279668,0.02847021834558132
id14786,0.013269341688989732,0.34382263414777287,0.6429080241632374
id25741,0.9046562252217424,0.0023224360608009947,0.09302133871745671
id09050,0.016756981356611973,0.9825279337254094,0.0007150849179787111
id04938,0.9699391931010268,0.004044091115271228,0.026016715783701943
id05901,0.8496045691778682,0.0382437507219791,0.11215168010015272
id16975,0.005936713069069794,0.9917324634170026,0.002330823513927545
id08547,0.004249504256598414,0.002541543953153525,0.993208951790248
id16355,0.8290894271736975,0.006359614737315073,0.16455095808898756
id14568,0.9932497449973378,0.00015216589710125624,0.006598089105561073
id25599,0.007629060965702969,0.15579788303623482,0.8365730559980622
id01670,0.18659911921611402,0.8119000938540056,0.0015007869298803657
id23945,0.03412874018164575,0.9654703008858677,0.0004009589324866321
id17394,0.020561138514498617,0.0002755719699913268,0.97916328951551
id06501,0.2516353826805041,0.6833633418257404,0.06500127549375558
id26234,0.08659754045016083,0.9041936772480108,0.009208782301828347
id21280,0.1289769888305349,0.00012347802011174392,0.8708995331493533
id20048,0.005963413419145907,0.08579038163739862,0.9082462049434555
id01216,0.1678155180712111,0.6333602306548031,0.1988242512739859
id25320,0.9206031470356085,0.02145981614882788,0.05793703681556359
id22833,0.03848421284610056,0.042783756393198674,0.9187320307607008
id22056,0.22496687572786167,0.7450798597105421,0.029953264561596138
id02275,0.003019235262194123,0.981832099738782,0.015148664999023809
id26127,0.7043509981600728,0.0007096156826534892,0.2949393861572738
id17011,0.016986553672891935,0.9768110394212174,0.006202406905890721
id13847,0.9689588009409443,0.0019926935458336008,0.02904850551322193
id00013,0.012523975250357195,0.9872104543747819,0.00026557037486091913
id16463,0.959641130205063,0.032581049624569876,0.007777820170367146
id04845,0.14779180390448104,0.8374962808352779,0.014711915260241046
id01787,0.045090818898094576,0.23933071794007585,0.7155784631618296
id08637,0.9051734492376566,0.0934212357928932,0.0014053149694501963
id11414,0.0008122347601381293,0.0005551643764941768,0.9986326008633677
id13177,0.034684320179637164,0.6788470721669043,0.2864686076534585
id24517,0.9896502565309357,0.008346896745892994,0.0020028467231713453
id26838,0.9499880670598982,0.01114326429135666,0.03886866864874511
id23081,0.00559146381096011,0.9775900873052581,0.016818448883781836
id16327,0.055320936101310746,0.9096522391172586,0.035026824781430814
id27282,0.004722115248488386,0.994603956541761,0.0006739282097505205
id07489,0.5570183911346994,0.10779247800718453,0.33518913085811614
id01718,0.010478050165080775,0.00045944959152656526,0.9890625002433927
id15441,0.9757442120423867,0.016767694295841823,0.007488093661771524
id27736,0.0020497062413132746,0.9541471057348568,0.043803188023829924
id16324,0.002920098455190655,0.11829949037598117,0.8787804111688282
id12027,0.3266541724083585,0.20479803950726108,0.4685477880843805
id24653,0.023441147084093557,0.9761044621279276,0.0004543907879787172
id17541,0.2663565861872293,0.04446043262636935,0.6891829811864013
id22406,0.042431080345007435,0.6515321303902613,0.30603678926473127
id18356,0.7084533798094076,0.28547440815753333,0.006072212033059136
id04505,0.8702918567370344,0.03260928263427557,0.09709886062869005
id04246,0.61160606758389,0.10194331789124872,0.28645061452486126
id07368,0.5823834975170961,0.24809809578728304,0.16951840669562088
id26185,0.016406009903355,0.001606749306762526,0.9819872407898824
id08878,0.03009928471426359,0.03870960592920583,0.9311911093565306
id27691,0.0005255212135910523,0.001192120574324664,0.9982823582120843
id18004,0.8692997874413393,0.013022522237446012,0.1176776903212147
id24426,0.31759688330620417,0.09984753375673949,0.5825555829370563
id14164,0.9773112118396787,0.015953312524672518,0.006735475635648882
id12653,0.0015633120518204757,0.9710093832947037,0.027427304653475905
id18060,0.6836876465647752,0.006187775063321097,0.3101245783719036
id18556,0.8949238132701509,0.0503786230421592,0.05469756368768981
id27371,0.0016516927518071107,0.03169720178263549,0.9666511054655574
id11989,0.19533389012467695,0.26433471238256967,0.5403313974927534
id26095,0.8934408666165379,0.09807470059450311,0.008484432788958886
id24978,0.36045553547268894,0.15039142745419762,0.4891530370731135
id20322,0.7182259595849947,0.004700808477625996,0.27707323193737937
id01954,0.9743863512017059,0.01955796253202896,0.006055686266264983
id07434,0.6860740794129742,0.16395826366636043,0.14996765692066544
id18144,0.003968974881037061,0.01370796233997537,0.9823230627789876
id16250,0.009862100434720033,0.9708678838461192,0.019270015719160788
id17793,0.00034434981688343414,0.014725102545918481,0.9849305476371981
id24067,0.22558198392481785,0.011842701679037625,0.7625753143961446
id13891,0.07015186813805924,2.8169777168751514e-05,0.9298199620847719
id07334,0.00042685137713113097,0.9990900706176291,0.00048307800523980616
id15633,0.035922435419299896,0.9213637677145756,0.04271379686612432
id23239,0.784915445573532,0.007395227548499448,0.2076893268779686
id10674,0.20759840055440676,0.051143915497158354,0.7412576839484349
id22093,0.49059749386207996,0.4250736916701963,0.0843288144677238
id08444,0.008102708357704286,0.5574554298243068,0.43444186181798894
id03257,0.2146369476673077,0.01777349387676595,0.7675895584559264
id10040,0.5510978235604624,0.43273453821282687,0.016167638226710603
id04902,0.004744623050916324,0.00016419676540837706,0.9950911801836753
id01219,0.9748804824026568,0.009997925917994071,0.015121591679349155
id01340,0.9991511933154698,0.0006253527436729762,0.00022345394085733424
id05117,0.012516471818279381,0.9766424928830751,0.010841035298645399
id04908,0.01463347064705857,0.0003391961268073757,0.985027333226134
id03626,0.031409161433659454,0.00014569258766331013,0.9684451459786771
id01888,0.9994707725383498,9.947304672425772e-05,0.00042975441492591434
id17199,0.15739448319314003,0.00043106677651294815,0.842174450030347
id11200,0.8452402741705007,0.11964219129744702,0.035117534532052255
id27561,0.2804897750921917,0.12567062013856956,0.5938396047692388
id20966,0.00612284505260919,0.9935542189182686,0.0003229360291222226
id10257,0.08832999155834048,0.8953110204381652,0.016358988003494175
id21168,0.0024643886140499824,0.8614849227031812,0.13605068868276882
id23363,0.04089716486675152,0.0008365607862214508,0.958266274347027
id05321,0.9507146935691849,0.02440746209357745,0.0248778443372376
id09928,0.0042673860826361295,0.0001420869099045848,0.9955905270074592
id18015,0.9976788842710387,0.0022918644185375278,2.9251310423832508e-05
id02082,0.012689542040903116,0.9812843684974727,0.006026089461624145
id19279,0.762838523826304,0.23178028281565569,0.005381193358040323
id08541,0.00018129880709277698,0.9993254664372845,0.0004932347556227464
id15249,0.2530460017959369,0.7318876294034719,0.015066368800591309
id03609,0.02920339004836431,0.6930411616034311,0.27775544834820454
id22902,0.02126802205392748,0.0027827673128770513,0.9759492106331955
id17733,0.9861014987663607,0.011555241955870746,0.002343259277768577
id07554,0.03506765334263692,0.015455243772955663,0.9494771028844075
id14120,0.9335524106753097,0.03492565749722645,0.03152193182746397
id21802,0.014507379556799954,0.9821726849803815,0.0033199354628186445
id15614,0.04422810916333978,0.9495934016033796,0.006178489233280736
id19437,0.0001287791444070618,0.00023330926718569657,0.9996379115884072
id22698,0.7791945345856758,0.21475174162889166,0.0060537237854325875
id21841,0.0036627377436245644,0.993859412734521,0.002477849521854428
id16177,0.6977494222704607,0.2967087397102477,0.005541838019291736
id15887,0.020420379563478353,0.04614802755952777,0.9334315928769938
id22629,0.8248710284418659,0.014158736364907195,0.16097023519322706
id10346,0.9685223492647779,0.0036173092925062414,0.027860341442715934
id05154,0.963049736788194,0.015915956372305286,0.021034306839500763
id22913,0.3086404404400454,0.6909220184157399,0.00043754114421478
id10544,0.0886188813777214,0.6481365321063474,0.26324458651593124
id08703,0.26182226801490294,0.7355982332619354,0.002579498723161724
id12817,0.47340807297616444,0.015412140800773029,0.5111797862230626
id25433,0.8761555141231674,0.030700279929362695,0.09314420594747004
id25112,0.010928936957495508,0.0006863293748181814,0.9883847336676863
id05054,0.008612561250476025,0.7879743710689867,0.2034130676805371
id02311,0.04126220235818437,0.8996862370355694,0.05905156060624634
id22160,0.022957244146010247,0.9481558045516191,0.028886951302370567
id17422,0.9886649346454716,0.0048168759489072375,0.006518189405621214
id18985,0.7211921988900136,0.019905234381716094,0.2589025667282703
id21905,0.02630478581002528,0.006619264529069364,0.9670759496609054
id17474,0.9696795159362633,0.01724326929042941,0.013077214773307203
id15236,0.00024672262557362247,0.830467895251914,0.16928538212251254
id13964,0.9728226995385967,0.010151929738097738,0.017025370723305535
id15962,0.016231941577332588,0.9667359854702537,0.0170320729524138
id20866,0.15967155107633657,0.23876150067443966,0.6015669482492237
id06625,0.10381380068056721,0.16477481007590694,0.7314113892435259
id09793,0.6994735186405179,0.039678755419886025,0.2608477259395961
id17365,0.0002805311913032136,0.9977881518991214,0.001931316909575271
id18463,0.07511548086097741,0.8531315004094321,0.07175301872959058
id20693,0.13785494314689598,0.35131029074784487,0.5108347661052592
id08785,0.03703481339632031,0.9552167680605047,0.007748418543175006
id06783,0.04797874667249353,0.945384939452172,0.006636313875334445
id23178,0.024577264113326464,0.0011767393976263862,0.9742459964890472
id13513,0.03731764322777616,0.9231676477208737,0.039514709051350204
id25361,0.002039472626140466,0.001214093038433773,0.9967464343354259
id22319,0.6386117940610332,0.14248267196187048,0.21890553397709628
id14024,0.5036088865077506,0.06237198374544798,0.43401912974680146
id24186,0.01870476304517708,0.975429271963731,0.005865964991091974
id20965,0.9807755075056812,0.0013981281498177847,0.01782636434450102
id06242,0.009091711714931658,0.057534789657982345,0.9333734986270861
id25665,0.01029589727847781,0.2422481797259015,0.7474559229956207
id09706,0.4996320030199727,0.26699367841321253,0.23337431856681476
id11026,0.00018478845818556235,0.996303904135019,0.0035113074067954367
id04223,0.9714832610153918,0.025658201900581566,0.002858537084026652
id19674,0.0031817464439734297,0.9929086078673073,0.0039096456887193435
id23420,0.0013407875138888275,0.2922454782571173,0.7064137342289939
id18059,0.138606609292035,0.8598966125449766,0.0014967781629884552
id22576,0.9745506171460399,0.0241593932907482,0.0012899895632119433
id18495,0.00015658107727512462,0.9989451957764802,0.0008982231462446984
id14139,0.9955176290971726,0.0034747821777044606,0.0010075887251228804
id18313,0.17586734093938533,0.8190459286744936,0.005086730386121081
id27356,0.9692231954348226,0.02632530665868003,0.0044514979064973325
id16035,0.06172791989864756,0.0030473307638234585,0.935224749337529
id04182,0.4080445415463165,0.5707855321810358,0.02116992627264768
id15667,0.9848238325309093,0.004354024096256928,0.010822143372833824
id08713,0.9776855705239992,0.019075608971970467,0.0032388205040302875
id25563,0.0008614099262569759,0.9957806888613719,0.0033579012123711076
id17023,0.9757841691520386,0.017587000677751704,0.0066288301702097955
id03014,9.779935486126567e-06,0.9714566071061067,0.028533612958407083
id23812,0.08722726604123293,0.9126213938181491,0.00015134014061806922
id20057,0.050355196355229,0.1291439667186895,0.8205008369260814
id12385,0.8927374751867954,0.0314953909722341,0.07576713384097056
id24416,0.7072876374606344,0.29254004776906617,0.00017231477029942146
id15672,0.005005741192179933,0.691481063222014,0.3035131955858061
id13868,0.9868238244460653,0.013132356612557192,4.381894137745995e-05
id21095,0.09883013238179658,0.0545231991930139,0.8466466684251895
id05305,0.48733208877469375,0.49334131482472304,0.019326596400583162
id15384,0.03664358522826869,0.017292898314315165,0.9460635164574162
id14049,0.0034424970315618955,6.499132968884301e-05,0.9964925116387493
id23441,0.9632578622188233,0.01583378848512628,0.02090834929605046
id12856,0.602199108112825,0.0002454971597029457,0.3975553947274721
id16055,0.0011659593554960326,0.0018591826439138617,0.9969748580005902
id24771,0.35432153336236716,0.6116278612004299,0.034050605437203
id14053,0.992884087356624,0.004293041124672898,0.0028228715187031328
id19547,0.00034842267462608224,0.40754631207342185,0.5921052652519521
id03639,0.5795176673062978,0.3890170176155682,0.03146531507813405
id14546,0.20578257679155915,0.7349054911601993,0.05931193204824164
id13935,0.8981558731707864,0.021427972823276808,0.0804161540059369
id20335,0.38948403537997023,0.6014602764258616,0.009055688194168285
id07301,0.03138572794454369,0.650002792306943,0.3186114797485133
id10186,0.9280744351027767,0.0003263174042522996,0.07159924749297106
id00192,0.7539474616488608,0.0998893010517773,0.14616323729936184
id17851,0.8042878397755682,0.19514987529256264,0.0005622849318691419
id08403,0.040933351116734705,0.8171392286655443,0.14192742021772098
id06183,0.42312426652991075,0.07585668316358561,0.5010190503065037
id24738,0.0680475080100556,0.6643238610560132,0.26762863093393124
id15112,0.9171671016808486,0.01364608241039845,0.06918681590875302
id19819,0.0015946800890360771,0.006779692897454335,0.9916256270135095
id17722,0.006183966126133859,0.002400079663183363,0.9914159542106827
id24273,0.0002684885754964104,0.7789811989039719,0.2207503125205317
id18939,0.0024296440477278008,0.012184428024366393,0.9853859279279059
id16076,0.563855455725244,0.4327880248261726,0.0033565194485834123
id23158,0.002372401439504924,0.040324248712976705,0.9573033498475184
id12745,0.7627266035784612,0.1194503167043312,0.11782307971720757
id22538,0.4957362807579615,0.47929332534634417,0.024970393895694342
id14975,0.5191240089434433,0.48041045545362016,0.0004655356029364825
id27537,0.9547830391831139,0.03770769064185758,0.00750927017502857
id06632,0.32741800882439953,7.320016706311275e-05,0.6725087910085374
id08100,0.15656390972071027,0.8431177566607162,0.00031833361857361395
id00843,0.9915187680361065,0.0002739294222525972,0.008207302541641
id22159,0.14805703814636786,0.0006347897274322456,0.8513081721261999
id18672,0.9641150353131296,0.00023665286116719052,0.03564831182570332
id06916,0.10486551488361938,0.8946052094750822,0.0005292756412984984
id22212,0.8566892813379776,0.008386309180431475,0.1349244094815909
id00273,0.07362282395295455,0.01087237851700324,0.9155047975300422
id26325,0.6144777153753814,0.3690513332214617,0.01647095140315688
id23683,0.034972988180809565,0.9582714216742854,0.006755590144905077
id14419,0.002608391631649077,0.9848831845008864,0.012508423867464424
id11931,6.537630535946989e-05,0.9999016285773996,3.299511724090114e-05
id00568,0.02347901771207166,0.9738519325805411,0.00266904970738733
id12271,0.9624673930743057,0.0335271054814611,0.004005501444233247
id12622,0.9916083667136808,0.008185974872300415,0.00020565841401878874
id03156,0.26941580610308125,0.4995635928234085,0.2310206010735103
id25592,0.8918366165981108,0.1077086069204927,0.0004547764813965817
id24367,0.9853895135966014,0.006739061819506431,0.007871424583892214
id16007,0.08356012617770221,0.03008857429266319,0.8863512995296347
id04785,0.659596277725354,0.0035831624172908702,0.3368205598573551
id07888,0.016966990791223744,0.005130469345759391,0.9779025398630169
id13557,0.12293555644447156,0.8695216540289444,0.007542789526584006
id20726,0.9552023086539764,0.012467400242200664,0.03233029110382306
id09580,0.9930903145937976,0.0020497715933922157,0.004859913812810182
id05173,0.011904755110724714,0.9877758411729292,0.0003194037163460968
id10394,0.004619045478739162,0.9933246393149058,0.0020563152063551716
id03926,0.03505161721168106,0.896872767298197,0.06807561549012203
id07264,0.9946142064219352,0.0023031914098247275,0.003082602168240072
id01862,0.1250579215844352,0.8329289284685804,0.042013149946984574
id20808,0.06532047802391075,0.9337543474507639,0.0009251745253252905
id26658,0.9254849972109492,0.01153576724927096,0.06297923553977985
id04479,0.7048199566081309,0.13192200907040064,0.1632580343214685
id17445,0.004850610156405707,0.9100891903622421,0.08506019948135207
id04430,0.00031082911796802206,0.9976093705215715,0.0020798003604605656
id06052,0.3686226615796969,0.021853637984070282,0.6095237004362328
id11485,0.2427702825453816,0.056649906425885965,0.7005798110287325
id13060,0.332731971962418,0.048527549941471335,0.6187404780961107
id20873,0.6803255913218281,0.019726780481448568,0.29994762819672327
id21927,0.2088229454962666,0.7837592402120123,0.007417814291721163
id02736,0.3153908245764855,0.20736265475528615,0.4772465206682284
id11234,0.35689198363585223,0.09111826170076702,0.5519897546633808
id27894,0.9943838100399094,0.00021528525165202242,0.0054009047084385715
id23208,0.030347762552850696,0.7177689445043451,0.25188329294280426
id18470,0.13058740892986456,0.31565292940812956,0.553759661662006
id23172,0.008365164006204335,0.9853494366420875,0.006285399351708149
id08752,0.7309143009266245,0.0012015759602571371,0.26788412311311843
id14242,0.1980103087981222,0.008461875072082056,0.7935278161297957
id22908,0.8210763749340676,0.013223975188319012,0.1656996498776135
id17454,0.015611883443968815,0.3097698513424134,0.6746182652136178
id23797,0.9704955183476917,0.0012659399240766023,0.028238541728231766
id03788,0.9075582691094053,0.03453050104006922,0.05791122985052557
id23682,0.20339393661587543,0.004424790102811737,0.7921812732813129
id07179,0.9738430260532009,0.025928764861425264,0.00022820908537382102
id09746,0.10609427607308348,0.8897117435418386,0.004193980385077895
id26613,0.07326070517852917,0.034210267676397045,0.8925290271450738
id05142,0.9993894770647694,4.189007846302077e-05,0.000568632856767589
id04825,0.005647379590349813,0.9628125025561645,0.03154011785348575
id13691,0.156945842516948,0.02001988372875004,0.823034273754302
id14183,0.0021762554780512446,1.5118053052697201e-05,0.9978086264688961
id19519,0.020053379277401313,0.00022292856332742952,0.9797236921592714
id26685,0.7431766931498978,0.0008367721229790797,0.2559865347271232
id07937,0.032228868891526215,0.11154353958834774,0.8562275915201261
id10574,0.010599446686299453,0.9885599985062451,0.0008405548074555373
id15310,0.004347186671128281,0.972250550693156,0.023402262635715657
id27311,6.916662627350154e-06,3.708243923478135e-06,0.9999893750934492
id11590,0.9638856318822426,0.01888829765385445,0.017226070463902843
id19798,0.000514744077410008,0.9680482377121794,0.03143701821041051
id12201,0.918081079990702,0.060116400342256016,0.021802519667042018
id12460,0.026818845017940813,0.009929811263217575,0.9632513437188417
id12019,0.8787133250587279,0.10478840274081808,0.01649827220045412
id08046,0.3196558523238435,0.03736035937845048,0.6429837882977061
id02989,0.04441287383617472,0.07165894306481181,0.8839281830990134
id26905,0.00047737029949462644,0.09868257435315089,0.9008400553473546
id09779,0.9932139154626529,0.006429919457577095,0.00035616507977001907
id04359,0.16607153940321434,0.4900956495943024,0.34383281100248325
id01526,0.9521820490463931,0.04764772282564511,0.00017022812796174553
id22325,0.039408457796482596,0.9444018340389865,0.01618970816453083
id27878,0.46985517901098967,0.2374854814957107,0.29265933949329975
id06413,0.0029989302429872704,0.9964169635333568,0.0005841062236558946
id12616,0.03058614423817339,0.9573744965071438,0.012039359254682854
id05301,0.9792346551247474,0.006823348468469641,0.013941996406782984
id13258,0.2603191102411848,0.00478435149755935,0.7348965382612559
id08789,0.013421709034634658,0.5766832112286973,0.409895079736668
id11776,0.006921523379357307,0.9930110863433776,6.739027726504638e-05
id21899,0.9604083924383602,0.024006363907363628,0.015585243654276144
id18108,0.276838078504805,0.001231058649060314,0.7219308628461347
id23585,0.7227148864196755,0.20311677214487617,0.07416834143544837
id22122,0.26692985264535857,1.2473757498385021e-05,0.7330576735971431
id22855,0.7630071558158009,0.15190078882684352,0.08509205535735555
id19551,0.969942368825774,0.02796073048278171,0.002096900691444306
id18535,0.000706321344830552,0.9682704093289426,0.031023269326226857
id15115,0.23961147305406832,0.017223897455923263,0.7431646294900085
id00678,0.9954076152988244,0.0037255544885006126,0.0008668302126750399
id21876,0.05845040694589997,0.820051895561744,0.12149769749235616
id01553,0.8601286010912245,0.013509852141136121,0.1263615467676395
id09456,0.9719110740009713,0.024369337925362167,0.003719588073666545
id01455,0.10033800197510308,0.8290667052370551,0.0705952927878418
id02454,0.0005109239295993802,0.9991725870250703,0.00031648904533028763
id07911,0.2733236918512138,0.00022211998225377106,0.7264541881665324
id13383,0.9438758926496813,0.046202098596008045,0.00992200875431065
id19953,0.3209133621512666,0.00016968918634290052,0.6789169486623906
id10316,0.8991933724696722,0.07725167604438025,0.023554951485947367
id01991,0.21329685199225532,0.033116268263659626,0.753586879744085
id19176,0.9899539875456798,0.00981821775955872,0.00022779469476144067
id06744,0.2412596853267479,0.07143434967612253,0.6873059649971296
id09999,0.3002704409754088,0.0007560351313235233,0.6989735238932678
id11253,0.014731383875361208,0.016723208893353853,0.9685454072312849
id15089,0.11129133798605176,0.8485564852232241,0.040152176790724185
id16821,0.3537747889928336,0.0032698932691297153,0.6429553177380366
id08256,0.9976225723713973,2.6105161644212916e-05,0.0023513224669585316
id14844,0.20348003890208358,0.1421813155108619,0.6543386455870545
id25950,0.006575441296925546,0.964800883944355,0.02862367475871947
id11961,0.0041881265408398255,0.9831663173691002,0.012645556090060014
id00092,0.005390691394998563,0.0007830247831035946,0.9938262838218979
id13083,0.02293723898442931,0.24583292248727906,0.7312298385282916
id25825,0.9155208551421966,0.03107943427481875,0.053399710582984594
id03045,0.00523961527294603,0.014230485678234883,0.980529899048819
id19037,0.21629916456141948,0.40588748152380866,0.3778133539147717
id24357,0.02031250641243489,0.0057254701302129705,0.9739620234573522
id24449,0.49903819931198345,0.27909227295524375,0.2218695277327729
id22847,0.0009288712093146951,0.9935290666060849,0.005542062184600373
id27720,0.9968790808125515,0.001215134071331552,0.0019057851161169619
id11619,0.6017966969142966,0.39302789172099534,0.0051754113647081304
id03129,0.9883718180854357,0.0057887170994600804,0.005839464815104202
id04264,0.11875039118828508,0.8539477023851655,0.027301906426549376
id19748,0.026164460760222615,0.004007524462265203,0.9698280147775122
id20851,0.0047654188366526165,0.08641563696749861,0.9088189441958487
id13277,0.9739466678861334,0.01622715398852923,0.009826178125337424
id06419,0.017844900134388112,0.9813178604625901,0.0008372394030219339
id00581,0.9653745072211282,0.005397753835852924,0.02922773894301894
id08765,0.3638184147561227,0.00010362169350593268,0.6360779635503714
id13492,0.1903072532382818,0.4420036724152187,0.3676890743464995
id12049,0.09102632409342643,0.8964349712913386,0.012538704615234939
id12700,0.9713919542459992,0.028396054937358337,0.00021199081664254526
id07697,0.9980410582376658,0.00043783578217264065,0.0015211059801616314
id00262,0.0795790323669269,0.9198423416369298,0.0005786259961432312
id20969,0.00867205972041286,0.7894343200193975,0.2018936202601896
id18465,0.0007125769091739853,0.0006279163704918593,0.9986595067203341
id10027,0.0005967693170359073,0.9561097478062748,0.04329348287668937
id03007,0.0705236457014421,0.7482913047949531,0.18118504950360487
id23465,0.027767095440392773,0.18008456615558693,0.7921483384040203
id09086,0.9049228282288432,0.08577272745326134,0.009304444317895505
id08015,0.005948788122093359,0.9013553983441949,0.09269581353371184
id04285,0.863483510728974,0.003718629688207462,0.13279785958281853
id04356,0.0004904942353846953,0.005384448591690386,0.994125057172925
id03554,0.5118010582236378,0.46408680684964504,0.024112134926717217
id06922,0.9204196545789292,0.049404620686889916,0.030175724734180932
id15733,0.0036035307479600773,0.9959327089196391,0.00046376033240091194
id24934,0.06449109442425358,0.0003320587012769867,0.9351768468744694
id05529,0.9569295525692615,0.008709173737729302,0.034361273693009314
id00298,0.00224502960245856,0.8701679343555825,0.127587036041959
id08158,0.9783769154716591,0.010354998248649877,0.011268086279691135
id15135,0.38388882565008237,0.11113542415837079,0.5049757501915468
id06574,0.22951503180563312,0.32319112012027684,0.44729384807409006
id20017,0.004675340108650991,0.9926188739995264,0.002705785891822558
id14386,0.008414160099935607,0.007030497488158005,0.9845553424119065
id24226,0.966020330192377,0.03091582354471624,0.0030638462629067886
id24212,0.0870073523608787,0.8809428857313664,0.03204976190775499
id14116,0.0010981049101549203,2.0044864901289172e-05,0.9988818502249437
id14500,0.030878802011154022,0.0001639162689619325,0.968957281719884
id22744,0.00017463157826202343,0.05993123453657932,0.9398941338851586
id16163,0.9920109992416115,0.001029463252083236,0.006959537506305268
id17883,0.9901446761294259,0.00690894338842536,0.0029463804821486905
id04631,0.002582603510239142,2.274999109240082e-05,0.9973946464986684
id26517,0.259462994706128,0.07373629863711888,0.6668007066567531
id12655,0.01848284218235447,0.8428311354030354,0.13868602241460998
id01505,0.46366746072942094,0.48327615619020753,0.053056383080371604
id00104,0.06274534886161205,0.002446139341693098,0.9348085117966949
id20387,0.002139313664565404,0.9748764303108916,0.022984256024543022
id02843,0.00944723608246071,0.00046063701144720426,0.990092126906092
id04361,0.23591341164841823,0.0015935716023565225,0.7624930167492253
id26813,0.9983446194101402,0.0002556216515076547,0.001399758938352241
id01466,0.00025287252493871426,0.7617866765071799,0.23796045096788146
id17090,0.15379986718094235,0.7947812698208762,0.05141886299818163
id06691,0.06197256992734809,0.01725853778550813,0.9207688922871438
id09408,0.890013681005866,0.08465212345213698,0.02533419554199705
id15285,0.8899350680019082,0.003640852534381909,0.10642407946370983
id16283,0.994759373370795,0.0042584596505249785,0.0009821669786800726
id12607,0.8145920469831759,0.016656683617998824,0.1687512693988254
id25965,0.5258186768427688,0.007664784081791917,0.4665165390754393
id07268,0.0035228725456315263,0.9945103627029647,0.0019667647514036843
id13529,0.018059336701792852,0.04386144096194784,0.9380792223362593
id11969,0.00019834260315860748,0.9951682598241574,0.004633397572683948
id20299,0.013849170717171646,0.8773036674536828,0.10884716182914553
id08770,0.03284662090015437,0.012353130278075868,0.9548002488217698
id20730,0.44925535816415973,0.0029399272030424225,0.5478047146327979
id06333,0.14660650734983202,0.8347886476833222,0.018604844966845693
id27451,0.7954540020967477,0.07228159214060745,0.13226440576264484
id12111,0.2568980182162074,0.0009263589440335926,0.7421756228397591
id06609,0.130877063821255,0.020150082419905374,0.8489728537588396
id12299,0.9216478413686491,0.005918584583509507,0.07243357404784152
id23264,0.8680618429677637,0.0011575383313405635,0.13078061870089563
id04222,0.27125423878758187,0.7047346242298114,0.024011136982606866
id17229,0.003732937588397013,0.9878519603285814,0.008415102083021665
id24365,0.00030532885479402143,0.0031656179449473226,0.9965290532002588
id18294,0.033446033470076006,0.9661456185775356,0.0004083479523884089
id04493,0.9701629357770527,0.028257804922119586,0.00157925930082774
id27575,0.99515268305138,0.002001101893625698,0.0028462150549942965
id03801,0.8816568606320372,0.00546462357839945,0.11287851578956333
id11611,0.062297390809804176,0.00021746702672413364,0.9374851421634717
id01632,0.613077521604529,0.001116678882457879,0.38580579951301314
id06510,0.778763151915311,0.05451346567919974,0.16672338240548912
id20431,0.49200133566972787,0.0032581067182085714,0.5047405576120636
id23529,0.9361337844855606,0.033953533437732664,0.029912682076706616
id13951,2.0584532183524274e-05,0.25102895764108146,0.7489504578267351
id00803,0.0035343115774743336,0.9956484082098935,0.0008172802126322289
id06737,0.9936167843068453,0.0019229304930567233,0.004460285200097979
id24288,0.9932733541649116,0.005164576637915443,0.0015620691971729704
id08385,0.038664770240161454,0.9465118562467123,0.014823373513126327
id22859,0.0015913604616786025,0.9980336877881186,0.00037495175020281295
id22234,0.13851794183433674,0.366963697991832,0.4945183601738313
id10365,0.0015136656189545393,0.9978054027038396,0.0006809316772059908
id00865,0.13706002569466294,0.0009093649901246925,0.8620306093152124
id19405,0.015955860901294666,0.00028955279050002156,0.9837545863082053
id11246,0.026435151154642594,0.0008223395290046202,0.9727425093163528
id19587,7.785464492801041e-05,0.007870075873679048,0.9920520694813929
id24614,0.2561366189056249,0.7363222817059587,0.007541099388416513
id23623,0.9245947893402765,0.07439684184683983,0.0010083688128836078
id15271,0.07101277930399488,0.0032036643638977697,0.9257835563321074
id20478,0.012844623765939365,0.003972584370189567,0.983182791863871
id25277,0.9683401308819034,0.002051205543610395,0.029608663574486237
id22004,0.7765499439123915,0.007476372703194683,0.2159736833844139
id16728,0.03677784518790896,0.9596385527354244,0.003583602076666631
id06907,0.7492001847642248,0.18568017499309736,0.06511964024267801
id11895,0.003850229394476927,0.9960286859437009,0.00012108466182230941
id13802,0.45576795714185336,0.5379561998833526,0.006275842974793995
id18459,0.08918965565680502,0.900715097888817,0.010095246454378082
id21371,0.9835419074184859,0.005004735872452598,0.011453356709061505
id11408,0.23099264240671946,0.7609578657587025,0.008049491834578018
id05442,0.27684873160147033,0.7024594327331701,0.0206918356653596
id21499,0.4074292156436742,0.06804965847621025,0.5245211258801156
id18066,0.830375302602573,0.14090343916144385,0.02872125823598325
id23617,0.05311385119293516,0.05010754533713132,0.8967786034699335
id07725,0.00713943793134143,0.028268122976430367,0.9645924390922282
id24627,0.6423685296978422,0.04790321427952033,0.30972825602263737
id19108,0.9117594220298271,0.08628663294114476,0.0019539450290281366
id11800,0.0022843295267304985,8.647296818466145e-06,0.9977070231764511
id14588,0.6206688197455249,0.0009704724988442072,0.37836070775563097
id27474,0.8465789505878127,0.07615561790813662,0.07726543150405069
id07924,0.9847934525943234,0.0025213521492487368,0.012685195256427905
id10772,0.7181744732774062,0.010376017317151515,0.2714495094054423
id19235,0.14127708336299027,0.5084148751208709,0.3503080415161388
id13647,0.5263902604539636,0.13754925561580839,0.3360604839302281
id08673,0.8713135672761911,0.0013341697158773301,0.12735226300793154
id24850,0.05242401654845013,0.9395376232596925,0.008038360191857392
id11764,0.9951177302565973,5.881826854510187e-05,0.00482345147485761
id05197,0.4214232014993072,0.5742911471337994,0.004285651366893509
id23600,0.31003352084068037,0.00019474194197005001,0.6897717372173496
id14699,0.036671532847564366,0.9572422253565874,0.006086241795848207
id26801,0.7287862053475027,0.00542902111797477,0.2657847735345226
id25664,0.9602309163914665,0.03691677594869997,0.00285230765983363
id07809,0.9764479134312183,0.012524874396922426,0.01102721217185936
id13081,4.4143973770145194e-05,0.00011570081837582318,0.9998401552078541
id11381,0.0005533496115153186,0.0024262212829318786,0.9970204291055529
id14721,0.45241613767605987,0.45235520429027654,0.09522865803366358
id07800,0.9359785500962355,0.00022014155694887033,0.06380130834681569
id13883,0.6386635525465985,0.20284266821614358,0.15849377923725794
id04488,0.12666752491556701,0.005686905241205778,0.8676455698432272
id03530,0.638140024048258,0.06752996966570234,0.29433000628603967
id15823,0.022352100475903178,0.0002165282066954904,0.9774313713174013
id11701,0.2737059548049163,0.002206176557601125,0.7240878686374826
id07806,0.000383941157860356,0.9942173408537457,0.0053987179883939135
id19036,0.0026802917915182255,0.9932353838405729,0.004084324367909034
id20765,0.8913188857374906,0.1063033082601888,0.002377806002320648
id26691,0.10227082972825653,0.09584584601793626,0.8018833242538073
id02642,0.00015931007243957866,6.882612522630054e-05,0.9997718638023341
id06475,0.8416739305308416,0.15692021249802227,0.0014058569711361032
id19019,0.935944842802102,0.06343866125798692,0.0006164959399110544
id14616,0.008516305187326776,0.010416896739865568,0.9810667980728077
id08537,0.9377266290532644,0.06138465087967244,0.0008887200670631101
id19126,0.06640730547527839,0.07558775482386708,0.8580049397008546
id01774,0.0014795500248171026,0.0012269577790228767,0.99729349219616
id08623,0.7822909482802713,0.10698215068910986,0.11072690103061884
id17150,0.0005238387377941606,1.4092909903215086e-05,0.9994620683523027
id06325,0.009042507907531095,0.052762001542960325,0.9381954905495085
id23161,0.01558564005104163,0.1917451568389349,0.7926692031100235
id09876,0.12543057089452608,0.011051898693075666,0.8635175304123983
id01551,0.8122353018762591,0.14090793056272094,0.046856767561019974
id12334,3.2599690618579974e-05,0.999655387931795,0.00031201237758653264
id03577,0.29314302526170205,0.0016150014013335983,0.7052419733369644
id20706,0.9977379185010669,0.00044072371147913176,0.001821357787454008
id23704,0.006749060907331756,0.9887142340227785,0.004536705069889835
id10029,0.01486358449841732,0.9618450003332061,0.023291415168376624
id19600,0.01910094560985721,0.9556429193180871,0.025256135072055708
id22367,0.1565498176291361,0.8399396597144593,0.003510522656404618
id12262,0.9929410878597246,0.0068862188012054045,0.00017269333907004756
id09698,0.4575575768281387,0.44761965214989874,0.09482277102196261
id10919,0.9886049418766333,0.008246919538920372,0.0031481385844462227
id12508,0.011005132652843424,0.9283134377071994,0.060681429639957166
id16206,0.9121237413198033,0.028284072851366904,0.059592185828829754
id25927,0.004209357599789508,0.03521746086015136,0.9605731815400592
id23189,0.20316024820781906,0.7880423304730262,0.008797421319154761
id00406,0.026947334505007043,0.9591960731471778,0.01385659234781517
id01257,0.03316938767863015,0.7462680328072971,0.22056257951407282
id15147,0.9988727119910735,1.5404893316998404e-05,0.0011118831156095219
id24692,0.9627511050789709,0.011445057134093719,0.025803837786935492
id02919,0.005582687789757141,0.993808784464868,0.0006085277453749169
id00339,0.0019967056669646546,0.9116549978188304,0.08634829651420488
id20981,0.01845503176708087,0.9804793873270221,0.00106558090589701
id00658,0.6629409550808226,2.6605674090936926e-05,0.33703243924508636
id02255,0.01923047919380204,0.024100027491988387,0.9566694933142095
id13282,0.9088540175266616,0.0002547320014317832,0.09089125047190656
id13189,0.2668389401228176,0.6290452169078223,0.10411584296936005
id07267,0.9971518843267373,0.0023294644315879414,0.0005186512416747308
id05272,0.8727226390826429,0.0006921750249485614,0.12658518589240858
id22653,0.9300513143455155,0.03499883299896038,0.03494985265552418
id06894,0.7434283798323118,0.0029570418178499255,0.2536145783498383
id21657,0.04637328823837844,0.8536859694492094,0.09994074231241228
id00430,0.0010857475981834268,0.3170029170731782,0.6819113353286385
id21655,0.004254756407483515,0.33437883624215314,0.6613664073503633
id04764,0.9860840329215259,0.0002523932471999988,0.01366357383127417
id08665,0.0022947395379002227,0.001620316345307707,0.996084944116792
id20985,1.3307226663595387e-06,1.6390813587438652e-06,0.999997030195975
id08095,0.953222091218206,0.04073975536398702,0.00603815341780709
id12015,0.7989768351521552,0.20036214802442132,0.0006610168234235306
id13210,0.05029452848423194,0.8979780832262434,0.051727388289524695
id24937,0.13871880305427678,0.6563893616569302,0.20489183528879304
id03675,0.000287182911354843,0.9991017170943498,0.0006110999942952494
id26951,0.9011146620797977,0.03301339603904578,0.06587194188115647
id06104,0.08231867284048189,0.0007646212806463628,0.9169167058788718
id20105,0.017898753200284,0.9798132920681011,0.002287954731614893
id20441,0.000346701091982319,6.850523544749574e-05,0.9995847936725702
id05660,0.9544943253768622,0.04480308603565158,0.000702588587486347
id04078,0.002176872979039788,0.11951361317332486,0.8783095138476353
id26101,0.05312247284573217,0.016958092458555882,0.9299194346957119
id10144,5.69071380105112e-05,0.9994008802637745,0.0005422125982149352
id15096,0.0016697902466250654,0.0012886680792767757,0.9970415416740982
id11903,0.8135444849737875,0.010605548488520406,0.17584996653769217
id24093,0.10804243221367509,0.0005792716755683448,0.8913782961107566
id06388,0.26819232738406584,0.25733016562246996,0.4744775069934643
id01203,0.9449211292756142,0.011326351236414333,0.043752519487971396
id18448,0.9943399005780902,0.00011086372483021494,0.005549235697079531
id10382,0.361781329393841,0.17855778501568711,0.45966088559047197
id25109,0.24409457359502423,0.4685847050437723,0.28732072136120346
id15526,0.046290465604214154,0.0032124761608261733,0.9504970582349597
id09411,0.8958457459906607,0.00799384626969854,0.0961604077396407
id03937,0.008496727114610855,0.004437002553633314,0.9870662703317559
id09740,0.06651271851971317,0.012697969541673156,0.9207893119386137
id11584,0.01849700972935904,0.4113309263032592,0.5701720639673818
id06135,0.92204646830636,0.018064717292406007,0.05988881440123409
id22666,0.8280322721965444,0.16996123659249426,0.002006491210961405
id03104,0.9997577054748251,0.0001412281314724949,0.0001010663937024372
id21763,0.7863717697932279,0.08073233870932478,0.13289589149744735
id26344,0.19241749454747129,0.08830515034191315,0.7192773551106155
id11819,0.7010380744104258,0.25983822703136256,0.03912369855821166
id20309,0.020214751741551962,0.9385866801190107,0.04119856813943745
id12751,0.9480296074339297,0.034284271744714934,0.017686120821355417
id16205,0.063380095347213,0.1434914166152469,0.7931284880375401
id07347,0.02184894988828808,0.0013327222546492407,0.9768183278570627
id20347,0.003848482917404282,0.9925714203582138,0.0035800967243819004
id05696,0.1537939040220296,0.0033941020346191317,0.8428119939433513
id04648,0.7344623960713405,0.18393722069231452,0.0816003832363451
id19654,0.5246008278607991,0.4625645192967774,0.012834652842423574
id03991,0.052010431998867644,0.047702065910671665,0.9002875020904607
id05523,0.6328983930553559,0.0525405436182051,0.31456106332643907
id27445,0.9992850336569138,0.00034811836358290414,0.0003668479795033641
id27516,0.020433796450774432,0.9788683016758498,0.0006979018733757866
id13992,0.004917940685693348,9.833807052129003e-06,0.9950722255072545
id02429,0.015429409701724144,0.0010725419030210648,0.9834980483952548
id01682,0.0005568671854766145,0.9826949007249399,0.01674823208958337
id20561,0.9773188456376135,0.0023068701594406967,0.02037428420294584
id26906,0.9242681806759729,0.027887139158491902,0.047844680165535065
id01724,0.5065359189171881,0.4108164118161041,0.08264766926670782
id25283,0.8842376023905326,0.05093929677183081,0.06482310083763651
id06926,0.7860857825973364,0.20836284547226963,0.00555137193039385
id13887,0.8913288657212237,0.1085661324775645,0.00010500180121170921
id07530,0.974651636073151,0.006182321474337105,0.019166042452512005
id13460,0.9945857794729467,0.005031374064999942,0.00038284646205335315
id14695,0.01813876216497312,0.9811344930489745,0.0007267447860524015
id08133,0.7170279274306821,0.0010864743353164977,0.2818855982340014
id06364,0.03323983196553823,0.01670117401948794,0.9500589940149738
id22368,0.012922552544318545,0.9846866811113744,0.0023907663443071578
id04855,0.006960336078572915,0.9822363504500085,0.010803313471418613
id14016,0.23916090012717045,0.6720596517313737,0.08877944814145591
id25801,0.005120146696849636,0.9930604374505249,0.0018194158526255568
id16241,0.2147475772583962,0.0019657827731627046,0.7832866399684412
id01120,0.9459778583496915,0.04588918570278295,0.008132955947525515
id00058,0.8460359166463386,0.12129271877153798,0.03267136458212338
id24503,0.018000433191833608,0.007758086931074993,0.9742414798770913
id03213,0.04829739306828673,0.9191732575719231,0.03252934935979017
id06040,0.9949477111736005,0.003372416435062471,0.0016798723913370268
id26219,0.06476965621243656,0.6253029014720268,0.30992744231553665
id23723,0.0017307340696367003,0.9253956377505625,0.07287362817980071
id17565,0.4966885811786572,0.002441095402677296,0.5008703234186654
id02243,0.14299405948347474,0.45729961483568776,0.39970632568083764
id04802,0.9395431284126075,0.03268967451936578,0.02776719706802683
id07148,0.03305450109343225,8.51939142023715e-05,0.9668603049923654
id16071,0.975991078158139,0.022887329307544627,0.001121592534316288
id14810,0.8685187215939517,0.02353447020102,0.10794680820502837
id15386,0.858834961956235,0.14111231196263851,5.272608112653281e-05
id14768,0.8868282854631098,0.01151348920583417,0.10165822533105606
id05056,0.9780080076547474,6.050122931649024e-05,0.021931491115936258
id27065,0.03252366299994574,0.22530354670804392,0.7421727902920103
id27245,0.6369283807286037,0.19042002965120758,0.17265158962018884
id25911,0.9902988937956327,0.0031531494698168014,0.006547956734550386
id10581,0.9479779155017827,0.04270353415513739,0.009318550343079915
id21852,0.4845907288104531,0.18692307689937201,0.32848619429017495
id13922,0.6680982760556836,0.28502203342088006,0.04687969052343627
id21904,0.045215109430183774,0.26288467789444336,0.6919002126753729
id25974,7.395173843901893e-05,6.260553164751489e-05,0.9998634427299135
id03323,0.11125738973688855,0.5233638923186694,0.365378717944442
id01385,0.33950719239948085,0.3382481831031892,0.32224462449733
id20469,0.7239711875346356,0.2633444064002617,0.012684406065102679
id04281,0.015653409805305493,0.8282190996022669,0.15612749059242753
id17752,0.948274356520012,0.04698876058976267,0.004736882890225356
id27768,0.9685635633178249,0.02967298972888198,0.0017634469532930152
id15545,0.0010872725475080448,0.9484759904922269,0.050436736960265086
id27853,0.004295000841087822,0.002853988068409452,0.9928510110905028
id10103,0.8372685371566589,0.000321725777747036,0.16240973706559406
id04374,0.0011061166569610588,0.004997990084750357,0.9938958932582885
id23102,0.01508875105108646,0.7093286675263049,0.2755825814226088
id15727,0.008946667191966835,0.03215729030960688,0.9588960424984263
id22643,0.7107737573650706,0.08125533991052353,0.20797090272440588
id26174,0.0007781598773630757,0.12253218902490164,0.8766896510977353
id16776,0.0023793171830974904,0.9955678591459683,0.002052823670934171
id11156,0.9979015615620459,0.00031709664285148624,0.0017813417951026093
id18288,0.0004698954401902045,0.0023011353222352144,0.9972289692375746
id21487,0.11175971427334984,0.2710171583752228,0.6172231273514274
id06888,0.6823482821357492,0.024708503750585902,0.292943214113665
id24094,0.8171496913607429,0.005869079182711472,0.17698122945654565
id21383,0.16453014442753386,0.7580676972010236,0.07740215837144239
id10309,0.001300390808392117,0.029090237333859226,0.9696093718577486
id09189,0.889691146330507,0.021046818242455332,0.08926203542703753
id26844,0.0216888867456778,0.002727975914673128,0.9755831373396491
id02103,0.002113659883890882,0.0019414012844118358,0.9959449388316973
id13699,0.011860596788389948,0.002916880937524865,0.9852225222740851
id05005,0.0004891479646167104,0.0012015288412344377,0.9983093231941489
id19814,0.932595833423151,0.053894609520871425,0.013509557055977648
id24703,0.6928583107865396,0.3057522663004424,0.0013894229130180548
id04594,0.019766641806738122,0.00018835916519577118,0.9800449990280662
id13789,0.878449353327913,0.11961158265867555,0.0019390640134115463
id01938,0.275815346931086,0.6807551789753399,0.04342947409357418
id24274,0.8970177668628284,0.05274462776057467,0.05023760537659691
id13727,0.9453004872925274,0.054114499875848474,0.0005850128316242563
id19335,0.003729393369113721,0.00020550458948111487,0.9960651020414052
id21064,0.011423073437561118,0.0039489749589573485,0.9846279516034815
id04044,0.02182128089279885,0.9770188312194618,0.001159887887739385
id01696,0.4821660298033523,0.09196018722389217,0.4258737829727556
id05601,0.15922609599829832,0.001480068642985676,0.839293835358716
id13591,0.5005998312723807,0.005623413798267075,0.4937767549293522
id09164,0.10291093427061405,0.8958401881382603,0.001248877591125759
id16563,0.01491714893390439,0.007921644112892577,0.9771612069532031
id00380,0.9089772737984166,0.07170258652386231,0.01932013967772095
id04612,0.013056738371509159,0.05869819281835559,0.9282450688101352
id17341,0.3051298375042768,0.007904659596202904,0.6869655028995203
id23426,0.08790306372181411,0.9105866351369448,0.001510301141241075
id02177,0.9792707154014626,0.01362841874862955,0.00710086584990783
id24279,0.008135439118318008,0.00017193794582628775,0.9916926229358557
id07226,0.9764331309175919,0.015137483194457289,0.008429385887950901
id23305,0.053866894625030894,0.0178094147676816,0.9283236906072875
id00684,0.24169725101803904,0.0021897803953344563,0.7561129685866265
id22025,0.0001319404881486538,4.212129167704894e-06,0.9998638473826837
id26143,0.9925739373144403,0.007256171132653638,0.00016989155290602097
id12002,0.21260225914831632,0.3348609738139267,0.45253676703775697
id04610,0.3289555506314416,0.6701439068246705,0.0009005425438879211
id27224,0.12191925851923142,0.00032730739474753846,0.8777534340860209
id10716,0.41684122193717715,0.32288153927060775,0.2602772387922151
id14057,0.9837632920009902,0.012861052582168618,0.003375655416841145
id14982,0.9984257081238523,0.001321433138115421,0.0002528587380323129
id00401,0.9497218280486663,0.02580064400527358,0.024477527946060073
id12248,0.8853688138931401,0.1078005073259597,0.006830678780900105
id04641,0.7941603288162383,0.052636927259725165,0.15320274392403654
id01658,0.8993830016539895,0.00034282267011976345,0.1002741756758907
id03153,0.256673955392519,0.09055489138875515,0.6527711532187259
id27961,0.9013395054088866,0.029351955769965583,0.06930853882114764
id15984,0.9909211042535663,0.0015671870882168304,0.007511708658216833
id01789,0.5125406340075872,0.4837052326080159,0.0037541333843969116
id27264,0.0011076833922149963,0.004990106373997739,0.9939022102337872
id05158,0.00015024350353414907,0.06321373966450367,0.9366360168319622
id14265,0.24337049562812915,0.18048749911201126,0.5761420052598596
id20696,0.9492029278107872,0.041591349681617214,0.009205722507595531
id01133,0.5716202339467141,0.19362755694446598,0.23475220910881986
id24953,0.7460229996034948,0.2288634481901485,0.025113552206356696
id11298,0.28244185661541893,0.0010326125983103765,0.7165255307862708
id20917,0.20121620549015373,0.6559519309880607,0.14283186352178553
id25275,0.030998842154295988,0.9662116337699204,0.002789524075783676
id00850,0.7671678220319542,0.0012347538454455366,0.2315974241226002
id23225,0.1495881031710482,0.8502772807834134,0.0001346160455384848
id15602,0.09975127595618125,0.38913780301064627,0.5111109210331725
id12160,0.03827705549110121,0.13434150004530093,0.8273814444635977
id25388,0.017140028062161708,0.9705443263163902,0.012315645621448105
id13837,0.3406466681999122,0.6572648326318603,0.002088499168227522
id06804,0.0005208308882024796,0.0032047858669153996,0.9962743832448822
id19978,0.9689734645043646,0.028650827997954202,0.0023757074976812525
id27563,0.002293853304942194,3.390080628270678e-05,0.9976722458887751
id23762,0.24756342082461866,0.7516735600941068,0.0007630190812745739
id22734,0.007047773434342254,0.9814085691879991,0.011543657377658539
id09094,0.2961333767980498,0.07243952003525053,0.6314271031666997
id27270,0.15668997810395854,0.8354246623904973,0.007885359505544262
id05043,0.007881697066252205,0.9594435554340842,0.032674747499663634
id15290,0.3801650092857758,0.6198245885177388,1.0402196485350423e-05
id26333,0.9809433861510636,0.006106832929543627,0.012949780919392759
id26111,0.5998174992975704,0.3592335428359085,0.04094895786652105
id23029,0.02081479136270815,3.343044097843518e-05,0.9791517781963134
id11837,0.9437213628150708,0.04726723580248483,0.009011401382444415
id03497,0.8663349991575565,0.0024894344118996862,0.13117556643054387
id19290,0.902824959137902,0.08565103168410215,0.011524009177995856
id08008,0.9191818155422674,0.04143312036791155,0.039385064089820905
id24949,0.029720584554149172,0.9490087837307969,0.02127063171505389
id25023,2.7409968264496666e-05,0.00013740755786512175,0.9998351824738704
id02205,0.0006089691048724348,0.9741047506636177,0.02528628023150988
id11041,0.9873046970353176,0.00023902579494006727,0.012456277169742236
id14395,0.008002454924033266,0.987581678158396,0.004415866917570585
id01130,0.9340240125420421,0.028480078762514488,0.03749590869544339
id21066,0.2892777905158506,0.3560230788707628,0.35469913061338665
id17774,0.9954240770605517,0.0043685175636377594,0.00020740537581054932
id24519,4.1286438562693e-05,0.00014335621154166494,0.9998153573498957
id08460,0.45051877781439814,0.12205495380597488,0.427426268379627
id19897,0.005846152032684294,0.9804887412386404,0.013665106728675318
id19028,0.9929993046811951,0.0018793540186548838,0.00512134130015
id01850,0.9933053585797299,0.0009003697924880357,0.005794271627781981
id22472,0.06280748090408222,0.937075820604787,0.00011669849113081867
id10709,0.024610375975015225,0.6861056356150625,0.28928398840992225
id17260,0.15618055823377014,0.6340148123364142,0.20980462942981576
id22262,0.9814199907074338,0.0037876259928255624,0.014792383299740676
id00115,0.9747760699018474,0.021894944699586034,0.003328985398566426
id17483,0.018075209387149127,0.001011456317160681,0.9809133342956902
id10763,0.37726510096868,0.442713850629744,0.180021048401576
id18014,0.0008741456870351384,0.9617165229614008,0.03740933135156413
id20414,0.35055111593526117,0.011732449890950973,0.637716434173788
id14244,0.92154127436387,0.07532890102472391,0.003129824611406154
id24952,0.94278761128922,7.373505559402015e-05,0.057138653655186014
id08217,0.07353481284848958,0.012677406845172188,0.9137877803063382
id01578,0.00019406971953624716,0.0005863446196823494,0.9992195856607814
id00641,0.9635833163608234,0.027042912675313845,0.00937377096386271
id24982,0.9506510096581402,0.04898207941679875,0.00036691092506109876
id11192,0.996622071020011,0.0016583878567066285,0.0017195411232824513
id13759,0.03180986848188211,0.04192160837026899,0.926268523147849
id26752,0.7131808924842857,0.28047990358994,0.0063392039257743
id06820,0.9885811003160022,0.0032723508141859004,0.008146548869811948
id27298,0.8868120494395771,0.07415448241502408,0.03903346814539882
id20735,0.007102734346523322,0.0011783924290169998,0.9917188732244597
id08390,0.006003684518182012,0.8904761811214733,0.10352013436034468
id18571,0.2680604962574256,7.643475266996018e-05,0.7318630689899045
id05804,0.05307304202519761,0.9368549572489926,0.010072000725809816
id11867,0.02749069253285335,0.006058436227947982,0.9664508712391987
id10286,0.7112413792433168,0.0001812782384079623,0.2885773425182753
id22020,0.9541050976433433,0.010635227602288648,0.03525967475436805
id25835,0.000969980180543233,0.00018122220376539787,0.9988487976156913
id06583,0.9958242481820592,0.0019043535159420102,0.0022713983019989024
id21403,0.2751009254067738,0.7247387596864056,0.00016031490682066055
id26730,0.9880067074540347,0.008528040055860487,0.003465252490104811
id06873,0.9587883501090552,0.01077891092902555,0.030432738961919302
id03552,0.9953996121862383,0.004498580260206714,0.00010180755355501692
id05607,0.3187772759167759,0.07520170860559182,0.6060210154776323
id26395,0.04700565468831859,0.0013511759695355196,0.9516431693421459
id02844,0.5158923748063289,0.08947105946293446,0.39463656573073674
id19710,0.18214608077633013,0.5973495932408001,0.22050432598286984
id17076,0.8019377263040424,0.04615537323509713,0.15190690046086047
id14070,0.9980879518955372,0.0005946773076485298,0.001317370796814218
id17106,0.7335942722444737,0.024519983664225135,0.24188574409130117
id24689,0.9713463632115276,0.009529008159872253,0.01912462862860029
id03718,0.11127777292248722,0.06238516315504237,0.8263370639224704
id03957,0.8967997322603506,0.085698305841004,0.017501961898645377
id18995,0.14144295396434134,0.8525586014236514,0.005998444612007423
id11668,0.5808528037224542,0.06430673960926525,0.3548404566682806
id15721,0.954022947743919,0.03493193586960798,0.01104511638647295
id10379,0.0003243307226084001,0.8917313422880611,0.10794432698933049
id15009,0.4263413907190125,0.014411804805872477,0.5592468044751151
id11339,0.07907700962383886,0.9182334510500495,0.002689539326111572
id18532,0.08164645809766803,0.8661844231510951,0.05216911875123685
id16469,0.8643286224384937,0.005007776579611079,0.13066360098189522
id22464,0.1147519853315741,0.8849414028433954,0.0003066118250306033
id06314,0.0021427065077255485,0.00037970280940184567,0.9974775906828726
id27085,0.9488439506316135,0.002016724818331754,0.0491393245500548
id14452,0.9594169141052419,0.0050714327835796906,0.03551165311117848
id14939,0.7787956464795237,0.14301786440450487,0.0781864891159715
id20094,0.8724602624558337,0.04642632749233495,0.0811134100518314
id23077,0.6349238880773767,0.056914163362854646,0.30816194855976864
id17527,0.9785447246056539,0.015664484530405358,0.0057907908639407675
id14895,0.8828213207190724,0.10623021311860657,0.010948466162321084
id22577,0.004665495728921129,0.0004082876825323034,0.9949262165885465
id16111,0.12902536133913253,0.8706483816847743,0.00032625697609310383
id21649,0.24260065599922076,0.1173894262626715,0.6400099177381078
id22954,0.8296573463403076,0.14735161330193222,0.022991040357760107
id12624,0.007281982373401947,0.07722802754378508,0.915489990082813
id05737,0.9897878031936441,0.0033092736997448373,0.00690292310661096
id23937,0.1426992206652014,0.016836781676861624,0.840463997657937
id06620,0.0048668875223532235,0.0350666170939894,0.9600664953836574
id18650,0.042780985870141244,0.03570288338019477,0.9215161307496641
id09656,0.9538412673235098,0.0006979018678821005,0.04546083080860814
id10285,0.9697025082964642,0.02749743642147268,0.0028000552820631867
id05729,0.010180395202427323,0.02705475897559777,0.962764845821975
id00102,0.013331903664855885,0.3206538695618649,0.6660142267732791
id26276,0.00762589255470426,0.4754402940270561,0.5169338134182396
id12620,0.6639348754076072,0.3288344549787092,0.007230669613683654
id17949,0.8705812563677768,0.11936070127047978,0.010058042361743316
id15708,0.0537775432311704,0.946103361137756,0.00011909563107366622
id18300,0.014619850016343134,6.136306924074667e-05,0.9853187869144161
id04039,0.9810523100480708,0.011041554522318716,0.007906135429610465
id12158,0.9834196127557255,0.010107041411369196,0.006473345832905371
id23197,0.0007602555767460545,0.9460394315886826,0.053200312834571266
id25384,0.9105474751627894,0.08057684610379152,0.008875678733419034
id09070,0.02388027672799182,0.11240940038047409,0.863710322891534
id27734,0.8441674209973595,0.0017878906224791096,0.15404468838016142
id27332,0.10545554564045458,0.5887456764035923,0.30579877795595317
id00973,0.9705676332749505,0.010351366391605983,0.0190810003334434
id26625,0.14005420444755087,0.8386085404849131,0.021337255067536
id24578,0.4127391106628283,0.5725589479474783,0.014701941389693541
id05423,0.027298475869702157,0.9005055969971212,0.07219592713317674
id19124,0.0013199111056001467,0.9861066045653617,0.012573484329038119
id00946,0.9516058012902732,0.0014668234085866364,0.04692737530114017
id19229,0.867089119524474,0.1285118749777852,0.004399005497740858
id05311,0.2039626787803935,0.6944741679764616,0.10156315324314492
id03289,0.8790093557961937,0.11043117839920918,0.010559465804597157
id17758,9.941745002432981e-05,0.9849981388628481,0.01490244368712754
id24336,0.0004991759464171764,0.9865821931850574,0.012918630868525478
id00603,0.017382188067612186,0.0019280710832977378,0.9806897408490901
id26467,0.41565088801728284,0.25939060555864396,0.3249585064240732
id27835,0.03530949135048548,0.22648073094722493,0.7382097777022897
id06861,0.12761400654760222,0.0012553605195915675,0.8711306329328062
id23847,0.007854773624426476,0.00010348700371093941,0.9920417393718626
id06174,0.10443901372150412,0.8941000124273213,0.001460973851174701
id10968,0.967825284134341,0.019810168927627422,0.01236454693803163
id10881,0.9706568766042442,0.02746294790664138,0.0018801754891143777
id03204,0.03657808416739245,0.9482269831130776,0.015194932719529843
id21921,0.4915890440615642,0.47102460528155143,0.037386350656884504
id06539,0.9589147450747495,0.038449091725516596,0.0026361631997338744
id08880,0.0020657372493607176,0.06948308119487324,0.928451181555766
id14725,0.20910769671454862,0.00017970462542162105,0.7907125986600299
id26107,0.11780002737001408,0.002401877982928623,0.8797980946470574
id07874,0.34348944125761305,0.6559524521592863,0.0005581065831007322
id23638,0.9893459330483577,0.0002818919116851336,0.010372175039957106
id13498,0.04904378900557071,0.018529588100922374,0.932426622893507
id18940,7.794306332114054e-05,0.0009244537078095526,0.9989976032288693
id02120,0.9067829572618147,0.08508222185156462,0.008134820886620561
id26663,0.9807546883151028,0.0009831049192437998,0.018262206765653485
id20127,8.398769123768072e-06,0.0012713069038860895,0.99872029432699
id27922,0.35585221196704764,0.039228779628415054,0.6049190084045373
id15106,0.7927514929705379,0.11648739817747662,0.09076110885198542
id22158,4.001529946534453e-06,4.756276898423473e-06,0.999991242193155
id17029,0.19517324184096085,0.8048004462638683,2.6311895170866177e-05
id02554,0.86443235651466,0.06674180572415542,0.06882583776118462
id18454,0.03770308643562904,0.032554269922256095,0.9297426436421149
id09016,0.37776372168304895,0.004473491786568197,0.6177627865303829
id02307,0.9596795362775478,0.007319146236372305,0.03300131748607988
id01650,0.27872221562711824,3.731970761346636e-05,0.7212404646652684
id01254,0.004621995425585359,0.9944306677180853,0.0009473368563293111
id12921,0.007108352187490076,0.0019946648346192116,0.9908969829778908
id05721,0.16747198955557088,0.0034859638684891555,0.8290420465759399
id05798,0.059577717903195056,0.914455714246766,0.025966567850039007
id04417,0.0013686808804451625,0.0003248814999639987,0.9983064376195908
id19620,0.9794646360271695,0.01654563965004034,0.0039897243227901905
id22680,0.08174016986712965,0.9157840442585005,0.00247578587436987
id21992,0.3001698599405676,0.004550427637717099,0.6952797124217153
id22823,0.019702289326564443,0.9801439479396216,0.00015376273381401123
id12750,0.6318820085576703,0.19470635361295238,0.1734116378293773
id23220,0.00017526842917398773,0.012755030599733607,0.9870697009710924
id11851,0.8851852209710118,0.025250044062062275,0.08956473496692591
id27438,0.8874677959568399,0.07430456413229515,0.038227639910864974
id00797,0.5443728496672317,0.03740912319454242,0.418218027138226
id08593,0.8430203359794094,0.0025944472518686667,0.1543852167687219
id01042,0.0024498225157757775,0.2544374612796086,0.7431127162046156
id19898,0.6545978472327895,0.2872704423252906,0.058131710441919844
id24615,0.012885475142650538,0.34562591019166844,0.6414886146656811
id18594,0.02248341784584845,0.0002567193554621358,0.9772598627986895
id08534,0.011041776192787513,0.0008094170106401766,0.9881488067965724
id03889,0.4532665173592859,0.5464112321839523,0.0003222504567617762
id04873,0.9875307861934839,0.004870208345525805,0.007599005460990299
id08264,0.9980210788082666,0.0015684243330836131,0.000410496858649777
id10187,0.25092346085433687,0.019030985671107423,0.7300455534745557
id14278,0.0007055266249039318,0.17660124974829683,0.8226932236267993
id22528,1.0940998690743966e-05,0.9999521697395761,3.6889261733152735e-05
id07416,0.01683729810430044,0.8505351150208748,0.13262758687482468
id02857,0.7585868681169129,0.08935613369713707,0.15205699818595006
id03875,0.0031637592768832476,0.9935528308015388,0.003283409921578012
id24437,0.00031014314712990665,0.8968813552524845,0.10280850160038567
id24940,0.2067446780863813,0.725304452454897,0.06795086945872159
id15070,0.5333110468595271,0.0066473163269753785,0.4600416368134976
id14891,0.7892087544003523,0.21074695910708374,4.428649256390413e-05
id02110,0.8563053451965507,0.04899129979458097,0.09470335500886837
id24405,0.0301915315237531,0.0793722147461425,0.8904362537301044
id00373,0.00010057280775085597,0.0002622249560256048,0.9996372022362235
id12728,0.9982906397792061,1.0673604458930482e-05,0.0016986866163349594
id18958,0.9826514478441972,0.0007497733267476189,0.0165987788290551
id17443,0.020235729419121537,0.9756316371809938,0.004132633399884725
id03959,0.9823101845517984,0.017320696828026484,0.0003691186201751253
id13218,0.5514104045555912,0.002476372394929886,0.4461132230494788
id01980,0.8517412775392113,0.1393941525202676,0.008864569940521205
id10697,0.998721669102875,9.607134755463085e-05,0.0011822595495704338
id24816,0.6671121666916803,0.3241400292837406,0.008747804024579246
id00088,0.11903339767008102,0.03523767229313901,0.84572893003678
id13846,0.27893798432449646,0.7186186483486302,0.002443367326873468
id17597,0.987981945272155,0.004484101253438986,0.007533953474406043
id09947,0.0013931719065220598,0.9967863763533491,0.0018204517401287541
id12050,0.9575032503754431,0.03394570581168409,0.008551043812872644
id24060,0.00099655355181514,0.0007680748234612124,0.9982353716247236
id19942,0.9931090518933877,0.0006948159460590792,0.006196132160553344
id06541,0.6248471902835857,0.37482963980832995,0.0003231699080842923
id05746,0.9971442052964263,0.0018745204942111058,0.0009812742093625627
id13577,0.09862316401397755,0.0675646728999313,0.8338121630860912
id11877,0.07530750756468997,0.9186556664364529,0.0060368259988571055
id19491,0.5437090613910592,0.39307110643465965,0.06321983217428118
id11352,0.016848907179597396,0.0008838774759136447,0.982267215344489
id12791,0.9714523914393554,0.004036485531858475,0.024511123028786285
id05282,0.05439621762171502,0.026663319407423846,0.9189404629708612
id26833,0.8906444555363647,0.09559485207554769,0.0137606923880876
id00580,0.018345522044058083,0.0022875674132749853,0.979366910542667
id01236,0.012831037292851583,5.7230566734372016e-05,0.987111732140414
id05455,0.35092888286470125,0.6394444923177179,0.00962662481758086
id00069,0.02639786262107875,0.9652378033358829,0.008364334043038175
id01605,0.9759503616375701,6.473525987259649e-05,0.023984903102557322
id17737,0.9647999514487665,0.006376048692817615,0.028823999858415876
id11315,0.027893787614111782,0.021081149320144422,0.9510250630657437
id24044,0.0905657080984748,0.15261610936827708,0.7568181825332482
id18677,0.8825628677985361,0.000671927254434747,0.1167652049470291
id17678,0.9889915919877753,0.003968138710510817,0.007040269301713896
id21528,0.9865029268280069,0.008698413909802779,0.004798659262190362
id21985,0.4094980739610125,0.4760523583501932,0.11444956768879416
id12860,0.7632876777025418,0.18934383843644942,0.047368483861008955
id08793,0.9907508262629631,0.0024398999484635557,0.006809273788573231
id09245,0.995837119829346,0.002844286211175612,0.0013185939594784674
id12523,0.04025143442661124,0.016492014512510537,0.9432565510608782
id07158,0.009359832978018023,0.966433608631613,0.024206558390368983
id03473,0.04430346364123061,0.9343934356777714,0.021303100680997947
id05999,0.9911124512615804,0.006290870612595834,0.0025966781258237037
id02469,0.8574892365830777,0.08425554427402887,0.05825521914289329
id16675,0.004151263768569772,0.008513398581279282,0.987335337650151
id20508,0.0029507461498296888,0.0001995130387956071,0.9968497408113747
id12669,0.9938665477571117,0.0031319550015980416,0.003001497241290253
id22277,0.12979219574311576,0.03452040109118361,0.8356874031657007
id00355,0.0018941553058240473,0.043491560729413486,0.9546142839647624
id24427,0.015060857875846463,0.983027365977101,0.0019117761470525882
id19241,0.3626132127375858,0.6350180170927643,0.0023687701696498958
id26301,0.01635717189172217,0.21864651892234274,0.7649963091859352
id09404,0.026582387973176302,0.9661148271007923,0.0073027849260314396
id14347,0.9827797574878991,0.0063158769356188756,0.010904365576482054
id06898,0.9936099380664609,0.006135680189042792,0.0002543817444963304
id08750,0.7921339623383993,0.001372660466931334,0.20649337719466937
id13572,0.951220072177394,0.030511809580513544,0.01826811824209231
id08731,0.0002028769872070735,0.9988808379157882,0.0009162850970047634
id20124,0.9370589930023496,0.045018733873126736,0.01792227312452362
id14276,0.00038031534123973584,0.010201905677542715,0.9894177789812176
id13035,0.958871074596183,0.007099286102270012,0.034029639301546934
id24056,0.003230851464390732,3.218468437508128e-06,0.9967659300671718
id21132,0.9953898774100959,0.004420931770989883,0.0001891908189142312
id21465,0.08145322873307226,0.005050613841996579,0.9134961574249312
id27148,0.1758226413512062,0.8239377228260151,0.0002396358227787711
id14482,0.8328096533635849,0.014609586660714605,0.15258075997570045
id17950,0.7510095879122994,0.041323921379554,0.20766649070814658
id15233,6.336741532023182e-05,0.9981845052066978,0.0017521273779820467
id11794,0.13308323944220085,0.022167479265095227,0.8447492812927039
id27227,0.03134209417865294,0.87905987625652,0.089598029564827
id13093,0.2908934144138514,0.7007278590817724,0.008378726504376257
id12869,0.0005185575426087845,0.9816528205355032,0.017828621921888044
id01256,0.9948158450727429,0.00329548713791165,0.001888667789345516
id00934,0.03773790355771621,0.4666432327708526,0.4956188636714311
id00121,0.2556704261153783,0.6678325096226958,0.07649706426192585
id11054,0.06604006045343318,0.9230859557691345,0.010873983777432362
id02573,0.9911540939430736,0.0015219615152761655,0.007323944541650251
id13626,0.6975353618213795,0.1569778684771175,0.145486769701503
id25047,0.3479256196337996,0.6438520979397238,0.008222282426476575
id04465,0.05628864707593215,0.9436607331583484,5.061976571947062e-05
id09344,0.004228387790332769,0.0027522842223598326,0.9930193279873074
id24254,3.168983621050516e-05,0.9996923380500643,0.0002759721137252177
id04266,0.00813587604424259,0.00170668792502228,0.9901574360307351
id19734,0.04722106907283651,0.02487138549433566,0.9279075454328279
id13127,0.9952877673737427,4.0371354322457005e-05,0.004671861271934874
id27066,0.24714340156301176,0.009032490144878402,0.7438241082921099
id13629,0.0020767460844664577,1.3641155985489437e-06,0.9979218897999349
id26484,0.9360469033526391,0.04067305409767082,0.023280042549690117
id02074,0.4810939743617802,0.000630443762367558,0.5182755818758522
id24688,0.8830285000241997,0.0908209114480848,0.026150588527715485
id17455,0.014650480054284053,0.9846126138736622,0.0007369060720537029
id14980,0.995313784108353,0.00028035420831014514,0.004405861683336796
id15840,0.9993978826673168,2.6155820859450436e-05,0.0005759615118238053
id20440,0.003020652768652763,0.0441348382494672,0.95284450898188
id25262,0.9959042675442297,0.002818681366540547,0.001277051089229796
id20395,0.008191713829933047,0.9418756471464844,0.049932639023582595
id14332,0.0477479600140112,0.9009451074951426,0.05130693249084636
id07118,0.4495559297676611,0.036049027230405435,0.5143950430019335
id26424,0.9987514764105323,0.00108754224823009,0.00016098134123760632
id21308,0.7802693337725766,0.03821114485595502,0.18151952137146846
id21688,0.003971354754984716,0.0014361965716118727,0.9945924486734035
id09581,0.045335076269408935,0.9441641189116852,0.010500804818905946
id27297,0.9642765785806932,0.03552046133615183,0.00020296008315506022
id20086,0.05939222847153136,0.8290234035443537,0.111584367984115
id03762,0.11353325633665713,0.8854548276163031,0.001011916047039762
id10789,0.9673750761014961,0.002174137149750567,0.030450786748753268
id18058,0.051442227985321304,0.1041454626571474,0.8444123093575314
id01701,0.9847378067695359,0.014690098828708009,0.0005720944017561104
id17232,0.12079203530033816,0.8749697156089256,0.004238249090736309
id23541,0.3450363178626779,0.03045554078808295,0.6245081413492392
id20699,0.0017595123057214538,0.9980167468751944,0.00022374081908419389
id06657,0.0004846808943742392,0.35797714174148154,0.6415381773641442
id13807,0.1642339299391987,0.007332553551760855,0.8284335165090405
id18344,0.17410838074522966,0.7984932681093,0.027398351145470214
id09363,0.18315877646521417,0.09146869493548909,0.7253725285992967
id12470,0.008288549180346353,0.9890509102964787,0.002660540523174854
id13430,0.9857900006386145,0.00926521171299166,0.004944787648393694
id13549,0.029201915089769485,0.002166404675732632,0.9686316802344979
id24423,0.9876688564632207,0.011135982789421194,0.0011951607473581808
id15402,0.6492718089687433,0.01524229544883856,0.33548589558241826
id22070,0.12805380582796347,0.8688650109758735,0.0030811831961630684
id05977,0.9795607523177116,0.018232045943128244,0.0022072017391601226
id18772,0.5503457156766363,0.0009768875562603731,0.44867739676710344
id11214,0.32723642002024467,0.6709993179800549,0.0017642619997005327
id01263,0.9377579857662591,0.014535983697533736,0.04770603053620725
id03187,0.8048260713843832,0.19151648074757413,0.0036574478680426676
id07817,0.996261196926779,0.0032141014051429526,0.0005247016680781341
id08796,0.19338779794184896,0.7719871198251615,0.03462508223298958
id02347,0.2502518493532264,0.00032220340600059617,0.749425947240773
id08989,0.0937840603279766,0.0022137717913907474,0.9040021678806326
id24462,0.3540182366712486,0.6325709077789424,0.013410855549808939
id05147,0.04032072050875047,0.0014915892183297262,0.9581876902729198
id26389,0.10687725419243299,0.5986607612056517,0.29446198460191536
id12300,0.008478511855407052,0.005069791480901165,0.9864516966636918
id06273,0.9806376548902552,0.0018447580089619034,0.01751758710078285
id27453,0.08093465755590663,0.8036078436598026,0.11545749878429082
id19255,0.7663877204092868,0.09013661087853207,0.14347566871218115
id22593,0.2632429568065833,0.03059949689947113,0.7061575462939456
id07089,0.9989162664071398,0.001022178018944633,6.15555739154989e-05
id22379,0.012388780534384037,0.9812242595425917,0.006386959923024192
id22024,0.989466975219814,0.007251487751968423,0.003281537028217641
id25541,0.05420717566870631,0.8531146796500613,0.09267814468123234
id10216,0.10057197510916659,0.8981998605127788,0.0012281643780545919
id07493,0.9646746973773591,0.03508572306456647,0.00023957955807430903
id25552,0.8846968635585274,0.04555424523050713,0.06974889121096549
id21244,0.9304469531695179,0.005926968482595425,0.06362607834788674
id17278,0.0007043186392549769,0.9949666126816836,0.004329068679061268
id14850,0.5782859773503866,0.40564622272499035,0.016067799924623132
id21434,0.04247931255477461,0.036692976438084966,0.9208277110071404
id22924,0.9009429548064712,0.011957853183020693,0.08709919201050814
id17321,0.924474520455414,0.04258204828688978,0.03294343125769627
id04319,0.9691255747323073,0.019065871717982744,0.011808553549710027
id09823,0.27411436357821456,0.716665279275704,0.009220357146081331
id03485,0.00016036348297634857,0.9914034683884347,0.008436168128588913
id12138,0.9478473232168618,0.03538626789182618,0.016766408891312028
id00196,0.0012132822005820423,0.002197213584676633,0.9965895042147414
id07822,0.3622311801357852,0.04939075945721359,0.5883780604070011
id21775,0.07450042122083844,0.06865239264787958,0.856847186131282
id13407,0.7464018995886026,0.008597495809879434,0.24500060460151796
id12430,0.022058224185299454,0.9771374479020104,0.0008043279126900821
id23691,0.9663155077893847,0.03303597030618795,0.0006485219044272356
id17641,0.036322126994512004,0.9607286778071082,0.002949195198379721
id09125,0.013909942506830851,0.8072678246661688,0.17882223282700035
id18512,0.14610321207129362,0.06364064513484573,0.7902561427938606
id01639,0.3435880608429503,0.5436355508628635,0.11277638829418615
id06860,0.020150891520776926,0.0018648810280671839,0.9779842274511559
id25534,0.9613924614738844,0.03753874309059697,0.0010687954355187085
id13546,0.8376648145498848,0.13854801211097342,0.023787173339141793
id10032,0.7759118159074663,0.010591369400702886,0.21349681469183082
id05228,0.09277149855621834,0.07599393608931193,0.8312345653544697
id24992,0.0046350807136069224,0.007635778535523556,0.9877291407508695
id14168,0.9616210176197578,0.00018218392827849627,0.03819679845196369
id20747,0.7095327367529549,0.029174079408630822,0.26129318383841427
id16986,0.9717383461502138,0.0248344938780908,0.0034271599716953777
id11226,0.41331350015819424,0.5796034224708226,0.007083077370983228
id13998,0.9756936080566595,0.014940681121236116,0.009365710822104297
id15169,0.995973351395213,0.003302998465170321,0.0007236501396166579
id00737,0.985054630236056,0.001496627730385706,0.01344874203355831
id24476,0.903606280480826,0.007321370984755781,0.08907234853441819
id03044,0.8767627362345758,0.030929319133417812,0.09230794463200644
id26746,0.9935896343101701,0.0027306232640440984,0.003679742425785824
id10776,0.5443266095871186,0.010813393957946985,0.44485999645493435
id06266,0.008383422790488518,0.0016281585684826475,0.9899884186410289
id13362,0.30455838686373826,0.695438252913653,3.3602226087130047e-06
id09335,0.9795525140311193,0.0015480948583123477,0.018899391110568386
id15894,0.5578723283220512,0.43838485235406605,0.0037428193238825736
id15866,0.11229378464438858,0.017573477877641037,0.8701327374779705
id25763,0.27446877707943024,0.3786131706224188,0.3469180522981509
id01091,0.07184263855969693,0.9256041887124627,0.0025531727278402306
id11647,0.6175132679926433,0.36809182347900316,0.014394908528353574
id19671,0.00025112591185992046,0.4120888137772584,0.5876600603108817
id18007,0.007763849953562476,0.059462054462721695,0.9327740955837158
id01473,0.7586970722591199,0.2230473025744543,0.018255625166425853
id07169,0.07786950487473684,0.020141452681084304,0.9019890424441789
id05484,0.0001834389516676114,1.7216118159836878e-05,0.9997993449301725
id18452,0.9488779103191584,0.045914700325062036,0.005207389355779575
id27490,0.6823223896937597,0.28184066638556504,0.03583694392067525
id11050,0.6613113495827123,0.2824378371793801,0.056250813237907565
id07588,0.19308576021339022,0.0021912434580334296,0.8047229963285764
id21194,0.9809211780592391,0.010221439308768414,0.008857382631992556
id07282,0.0006831090957060114,0.00019607270911430004,0.9991208181951797
id03652,0.967597322019409,0.0002887255364827446,0.03211395244410841
id04009,0.0003019314881895851,0.8859825751252283,0.1137154933865821
id27188,0.838293779083761,0.034716826144736763,0.1269893947715021
id19554,0.885976158305921,0.006878687307107851,0.1071451543869711
id04072,0.9925109024322043,0.002389166817723827,0.005099930750071893
id19023,0.6051912655299393,0.35897069305178847,0.03583804141827214
id08801,0.0012161385010399475,0.01825449993727236,0.9805293615616878
id08893,0.7345798592700815,0.008264891552432376,0.2571552491774861
id03644,0.007162696985186248,0.9829035328903278,0.009933770124485949
id00579,0.4766466822420436,0.008172491759705943,0.5151808259982505
id15631,0.8774531181885661,0.12002965633657317,0.0025172254748606067
id07828,0.6675680824943274,0.32798029814113694,0.004451619364535643
id00411,0.025293138765331544,0.8816883947785477,0.09301846645612084
id26553,0.9094074413991162,0.07202225207526587,0.018570306525617898
id05221,0.025695101953495926,0.00030255443003364977,0.9740023436164703
id20958,0.9622390434267801,0.020433463243283146,0.017327493329936734
id19691,0.990196986315123,1.9037046539516986e-06,0.009801109980222997
id10400,0.9953017027133817,0.004097495040882637,0.0006008022457356385
id16157,0.020925436404044782,0.00012403617553330857,0.9789505274204219
id26110,0.030612732654657807,0.968422857225816,0.0009644101195261563
id26270,0.4780993953800283,0.5181380818103154,0.003762522809656226
id04157,0.9972505087583825,0.0023411775616669337,0.00040831367995060834
id24711,0.11716526687221118,0.0039018260579190543,0.8789329070698698
id05534,0.31428132228594996,0.0031821718305405653,0.6825365058835094
id21712,0.48015670609138805,0.5014369071371065,0.018406386771505464
id03280,0.036218310812852726,0.012094099627576245,0.951687589559571
id14997,0.09683908381818841,7.764127002678572e-06,0.903153152054809
id21964,0.014849132122908035,0.00047392392502291445,0.9846769439520691
id20963,0.02056252293502712,0.00019281913230211067,0.9792446579326708
id08635,0.20900961264751472,0.6088753795344584,0.18211500781802695
id16390,0.024520971509288458,0.6707234057689047,0.30475562272180684
id16486,0.8844740074704384,0.004225570672272912,0.11130042185728872
id14367,0.0001467449347058875,0.2658439434201177,0.7340093116451765
id10560,0.9926669462357117,0.0030343906381024278,0.00429866312618592
id14106,0.6919305879150158,0.052084088711020396,0.25598532337396374
id09668,0.9809262541634755,0.011346176657546328,0.0077275691789782264
id18250,0.9909138508271411,0.0064496723116371606,0.0026364768612216266
id26648,0.9646349810210509,0.002249880110761918,0.03311513886818719
id27314,0.9904095162143822,0.002546262785679229,0.007044220999938557
id04581,0.01341617283986536,0.0365377309725278,0.9500460961876069
id06405,0.49272128166776713,0.49698981959733063,0.010288898734902244
id17908,0.000945248376057143,9.984400078532822e-05,0.9989549076231575
id07217,0.11566092747196191,0.1539594394542373,0.7303796330738008
id17285,0.30651077981837654,0.00106669651612396,0.6924225236654995
id19589,0.6085169960502446,0.34961747911520824,0.04186552483454714
id15916,0.8610717072302732,0.019910063254796665,0.11901822951493
id26239,0.9805410225495194,0.0021323272229966687,0.017326650227483923
id20163,0.9905731169811551,0.0014861078263408306,0.007940775192504048
id22845,0.013757436898001246,0.4263476746581959,0.5598948884438029
id11509,0.8805747224609539,0.07134731464243521,0.04807796289661077
id26789,0.4656377800810657,0.5318777069235746,0.0024845129953597095
id24679,0.9719964542226032,0.01939719003967107,0.008606355737725798
id19832,0.9937843606537881,0.0008301817844603451,0.005385457561751591
id11724,0.94080591394668,0.025508199524843313,0.033685886528476774
id01539,0.8943514470406879,0.002240569016629135,0.10340798394268295
id22039,0.09113920978930941,0.7410397587728071,0.16782103143788343
id07621,0.00017327325352834504,0.0003401016378930687,0.9994866251085786
id16398,0.03084735167159818,0.9675777755359183,0.0015748727924835785
id15932,0.7680127971675983,0.021480661575906494,0.21050654125649537
id17054,0.0025097643242583062,0.9974224388883248,6.779678741689784e-05
id23487,0.3293441472125403,0.008182044581077486,0.6624738082063822
id16099,0.06755166768625086,0.9022518492842335,0.030196483029515584
id25225,0.9780965496738878,0.0012954047529840846,0.0206080455731282
id18173,0.05667727210776078,0.4330341244154842,0.5102886034767551
id24856,0.9951881162272488,0.004279057780892307,0.0005328259918588406
id14760,0.00039031640431728585,0.4210935937302676,0.578516089865415
id25291,0.47570709696483987,0.5193819572926007,0.004910945742559321
id16267,0.8703544158536172,0.0003571062919841565,0.12928847785439873
id07922,0.007284330826689653,0.005569762502353295,0.987145906670957
id20870,0.7002710939962686,0.011537995826563044,0.2881909101771683
id21780,0.5037549566001748,0.3238321069203839,0.17241293647944142
id21309,0.7872318143274154,0.10966383513232289,0.10310435054026187
id05849,0.6740196607096263,0.3017696070855762,0.024210732204797497
id16246,0.014288708888373896,0.0313646199727996,0.9543466711388265
id25081,0.0030082597401630937,0.9964578329797553,0.0005339072800816986
id06468,0.6379424758158353,0.3614665663714376,0.0005909578127271767
id13842,0.47765907383398337,0.4923658530733977,0.02997507309261884
id23976,0.008290468688316828,0.003854351381189636,0.9878551799304935
id25649,0.9980953589400259,0.00020766505435038424,0.0016969760056236814
id26815,0.013993019228303769,0.8977447642466142,0.08826221652508212
id09343,0.0004791064546066263,0.0004990997331347169,0.9990217938122588
id03120,0.39692581330191173,0.052094753172366066,0.5509794335257223
id16638,0.9594465153730848,0.0013304883532076958,0.03922299627370759
id18625,0.0019451052734315904,0.0018597696086177337,0.9961951251179507
id01679,0.6259957547548128,0.05382727550185696,0.3201769697433302
id17137,0.09325748391882543,0.9039654818409765,0.0027770342401980453
id14684,0.02516445118502023,0.0005231943876535581,0.9743123544273262
id01671,0.5488084956927753,0.3854318955742848,0.06575960873293982
id27271,0.7964165810492696,0.023635365483877683,0.17994805346685278
id16321,0.9995033575947375,0.00031526693226760326,0.00018137547299487962
id07468,0.0011930837591429902,0.9986915102106342,0.00011540603022283975
id20777,0.002794446668192112,0.013705999807950285,0.9834995535238577
id26036,0.9367820595953645,0.009367401513337646,0.05385053889129791
id23135,0.030214780211109335,0.022519611226577477,0.9472656085623132
id07669,0.00012186551246351631,0.0534924902919736,0.9463856441955629
id00142,0.004893429221113615,0.9931081968804386,0.0019983738984477952
id12357,0.936362957025064,0.005098153007272496,0.05853888996766353
id08890,0.006806918749779685,0.2596228098637839,0.7335702713864364
id21379,0.030601890059544053,0.969274264103607,0.00012384583684896085
id12099,0.39222465477044716,0.006044622801763149,0.6017307224277898
id06503,0.6498318908936559,0.045362673327869266,0.30480543577847485
id14408,0.34133031262246794,0.6574923263683132,0.0011773610092188093
id17370,0.8587849962242761,0.13905686205982312,0.0021581417159007837
id25432,0.9952837131966032,0.0028183979198414884,0.0018978888835552686
id10132,0.3530937417701017,0.004974981937819657,0.6419312762920787
id27069,0.002004100856741544,0.9299952775588705,0.06800062158438804
id11515,0.8105918874790945,0.15514842583895294,0.03425968668195261
id01323,0.992527486496433,0.000558826393213214,0.006913687110353783
id22520,0.00023427590448516446,0.0035849147836226163,0.9961808093118921
id03293,0.010146401956005423,1.515228511605439e-05,0.9898384457588785
id19708,0.01766212903233636,0.0017088134781279745,0.9806290574895357
id22346,0.9056422714163773,0.08905975461439539,0.005297973969227183
id27744,0.9931047187991978,0.0003896539489712469,0.006505627251830806
id04004,0.8866580094462024,0.04285302058708923,0.07048896996670834
id09476,0.9239455719000744,0.06364335192266762,0.012411076177257967
id01582,0.002726386442154047,0.0030588331424317135,0.9942147804154143
id23782,0.48862422057105687,0.14377274876794827,0.3676030306609948
id03403,0.00012905821224713297,0.01035375501455177,0.9895171867732011
id11119,0.050282091683871814,0.9491820226494374,0.0005358856666906138
id16681,0.8444342192840099,0.15532767461654737,0.0002381060994428418
id16399,0.9997801674473369,0.00010541420539057966,0.00011441834727246059
id22630,0.4847274078063417,0.3004971667205971,0.21477542547306117
id27950,0.6626524150479726,0.0588322329138439,0.27851535203818356
id00046,0.9888791978909317,0.0031926912496202872,0.007928110859448018
id25556,0.2359698781463626,0.05771219714696612,0.7063179247066713
id16039,0.9973142339302996,0.0022867150350713624,0.000399051034628989
id09110,0.9973560955206732,0.0005754736795980126,0.0020684307997288136
id19881,0.9901738964700065,0.009566487040677791,0.0002596164893157975
id21735,0.970695751620447,0.014526278402760313,0.014777969976792612
id02023,0.984828932492225,0.0066724406245170734,0.00849862688325792
id01230,0.007608536045936615,0.9803006803717309,0.012090783582332527
id14916,0.0005400385315920251,0.07462993437686592,0.924830027091542
id04944,0.540110241097136,0.39003779652404497,0.06985196237881891
id04349,0.15411326647572401,0.05987065342474555,0.7860160800995304
id22580,0.004328111006449722,0.9827558042115858,0.012916084781964498
id00343,0.45980649039094196,0.5326210547924347,0.007572454816623361
id14218,0.008042893990446357,0.9404543763673887,0.05150272964216506
id10546,0.9639246278890504,0.035941825681484116,0.0001335464294656074
id05627,0.023591949196721175,0.0007794924051754472,0.9756285583981034
id13735,0.016087312289770526,0.9791716210632979,0.00474106664693163
id01525,0.005783621544620358,0.1979215213076072,0.7962948571477725
id25242,0.8051906317217357,0.17771053500510633,0.017098833273158084
id17077,0.5430962077396,0.008404906060429344,0.44849888619997075
id05672,0.66801231576687,0.04165432141848336,0.29033336281464656
id22404,0.025979630636710025,0.9726204140031742,0.0013999553601157615
id25704,0.009872732556000833,0.8441870376678015,0.14594022977619772
id00903,0.9740282944855879,0.025919459967503423,5.2245546908609036e-05
id15496,0.8383063707029278,0.1536705855056345,0.008023043791437735
id09903,0.24667268534854767,0.0023925159893182497,0.7509347986621341
id03419,0.9817898764754781,0.00037757447863917776,0.01783254904588278
id06647,0.7137565984324978,0.004429471601441613,0.2818139299660607
id16700,0.023157731376561148,0.9760614684310616,0.000780800192377221
id08983,0.9621431584917355,0.01095392668728795,0.026902914820976665
id20782,0.7845028561965647,0.1053089928930673,0.11018815091036802
id24494,0.9290468866002297,0.06798271835516936,0.0029703950446009087
id10495,0.00303571719787283,0.9967557594181429,0.00020852338398420206
id21262,0.6596575493644573,0.0013959287523676615,0.33894652188317503
id25689,0.021966589809279395,0.010010955818699189,0.9680224543720214
id03705,0.14208631340862463,0.13997603705561162,0.7179376495357638
id01187,0.010940820817720395,0.9879140146620045,0.0011451645202752345
id24649,0.7900078278742365,0.17937953532883633,0.030612636796927207
id12629,0.056063225101497485,0.0026941596296496525,0.9412426152688529
id15211,0.01012366562658304,0.9883900129923453,0.0014863213810715347
id13170,0.2227291644947061,0.12373418754664879,0.6535366479586451
id14801,0.8939069873441043,0.044849287749224885,0.06124372490667077
id18525,0.996792092179031,0.001544081432994382,0.0016638263879747723
id21963,0.9990043771669936,0.000616161058784542,0.00037946177422178845
id23746,0.03519963636124321,0.010889395654970803,0.953910967983786
id18216,0.1616500033628528,0.03258350193716081,0.8057664946999864
id16493,0.02900400353961307,8.011997385410198e-05,0.9709158764865329
id12987,0.047821294114794355,0.8917250832066453,0.06045362267856042
id04814,0.6710922143014032,0.2667589590196778,0.06214882667891908
id18602,0.6464212421256629,0.014781509374616314,0.33879724849972087
id23173,0.021385029845883495,0.9572407024346256,0.02137426771949102
id21165,0.2424893924657685,0.015034389203151957,0.7424762183310795
id26123,0.9511233561410425,0.047293168578399554,0.001583475280557974
id22608,0.04826851933445152,0.001446436235490926,0.9502850444300576
id21139,0.983036879251642,0.007954239762484914,0.009008880985873177
id21853,0.054846530496336116,0.9388098443975533,0.006343625106110611
id24128,0.9679853425480767,0.01984968775425201,0.012164969697671349
id15666,0.9105463343371736,0.08437452164666842,0.005079144016157955
id11552,0.1415328057330593,0.8432566752046803,0.015210519062260421
id17621,0.02377281651413245,0.27993555642586304,0.6962916270600046
id20001,0.7454275324608047,0.21305909757308888,0.041513369966106294
id14166,0.7260824312083058,0.273713341576642,0.00020422721505223464
id24108,0.11948916740623097,0.8467770489888352,0.03373378360493384
id19871,0.013910553834267326,0.8542689851837889,0.13182046098194375
id22361,0.009398226863424826,0.05582946186196958,0.9347723112746056
id21065,0.027726600745573194,0.1330488564677676,0.8392245427866593
id20749,0.9707923034979172,0.027281619802539687,0.0019260766995431089
id20898,0.0009975826861011719,0.9983546078485527,0.0006478094653460408
id10398,0.01448947637766524,0.02409966755681295,0.9614108560655218
id03578,0.6846023071268853,0.026911331479093963,0.2884863613940208
id25932,0.6701948810204095,0.006872814151040564,0.32293230482855007
id11133,0.025295501738283457,0.014803800567742775,0.9599006976939737
id15794,0.1430697215757157,0.7840124502018646,0.0729178282224197
id24479,0.983835976469487,0.012379778750821198,0.003784244779691908
id09563,0.008212130366001234,0.9683150048396141,0.02347286479438473
id11279,0.0020963320800384167,0.9440821287309675,0.05382153918899407
id26680,0.9037943439454356,0.00020305768822804202,0.09600259836633651
id20529,0.3671290514916544,0.11171852502748912,0.5211524234808564
id11761,0.7001061993212229,0.1922335773581637,0.10766022332061338
id02337,0.009408922662220712,0.9893148579787122,0.0012762193590670815
id04890,0.028112005534620038,0.0020426452492844998,0.9698453492160956
id15707,8.042752089464203e-05,0.0016784089637472447,0.9982411635153582
id26204,0.00010576103151397983,0.3686122675343398,0.6312819714341462
id15611,0.910170092987171,0.08339218457482488,0.006437722438004104
id17714,0.5335962218576464,0.02600579056852572,0.44039798757382786
id15392,0.9857168621492143,0.00932983214605373,0.004953305704732008
id14685,0.00510426463109273,0.9930584250597065,0.0018373103092007668
id02508,0.47499277592573896,0.5101280007014812,0.014879223372779832
id12406,0.9818849011922269,0.006185343181815692,0.011929755625957323
id24096,0.018732661234528426,0.980492956041658,0.0007743827238136528
id19837,0.9982007407683451,0.000459634295821937,0.0013396249358329606
id25565,0.0092663201354119,0.0023193380326955513,0.9884143418318926
id27598,0.9947989105534518,0.0023195704213338866,0.0028815190252142035
id26085,0.974612033768334,0.01425615723141464,0.011131809000251444
id17400,0.0017132178386126346,0.2066365785617832,0.791650203599604
id04501,0.7869617877699445,0.1844879678328784,0.028550244397177123
id02468,0.0015432591787701807,0.0036506615535119883,0.9948060792677178
id07394,0.703909134248267,0.1912181580243882,0.10487270772734482
id18917,0.000867540618072822,0.9431114252576992,0.05602103412422808
id14083,0.6659591881398524,0.3098442061329179,0.02419660572722969
id22675,0.011535126096810101,0.027149804983819192,0.9613150689193708
id27343,0.015151647343866557,0.015170486227694853,0.9696778664284386
id23206,0.026112592872038543,0.3946864403900856,0.5792009667378759
id11105,0.04803614834192068,0.9506938932999847,0.0012699583580946731
id21017,0.0011416199600837703,0.003976017868732326,0.994882362171184
id13716,0.7865545183400098,0.1065575707831744,0.10688791087681586
id00352,0.002562999465919193,0.9814220684104301,0.016014932123650745
id12173,0.2294729154858755,8.426757371516837e-06,0.7705186577567531
id15008,0.9621625412920592,0.027552241039929346,0.010285217668011435
id23347,0.0746073361852473,0.015375691824699934,0.9100169719900528
id23939,0.018591120542623803,0.14141800675242944,0.8399908727049468
id12090,0.3219834961277923,0.6146424365565798,0.06337406731562785
id08307,0.0034810731188905015,0.9953321108476118,0.001186816033497821
id21316,0.05006636393741404,0.2233303589220678,0.7266032771405182
id16457,0.11145333938483605,0.0001888207894709609,0.8883578398256929
id23808,0.0007459531633349009,0.01876105609672633,0.9804929907399388
id12826,0.04947675559501347,0.9502265664409292,0.0002966779640574394
id16819,0.004337241065798248,0.032873888740503864,0.962788870193698
id15128,0.009575131397473794,0.9903574791445282,6.738945799807812e-05
id14953,0.0035109088800224417,0.8983755366199431,0.09811355450003444
id04083,0.9567038225050388,0.0016081022604281982,0.04168807523453308
id00773,0.01563185090966886,0.978408206756624,0.005959942333707185
id24585,0.20363817075417567,0.007547769760527591,0.7888140594852968
id01362,0.07422019721962826,0.0017003652822591532,0.9240794374981126
id04514,0.5318875173286663,0.4667998747485247,0.001312607922809103
id19075,0.9942833219574777,0.005589758040415244,0.0001269200021070363
id06283,0.899349397912027,0.0999022941919393,0.000748307896033845
id19848,0.0005685826179480897,0.9981300427507537,0.001301374631298308
id02566,0.07491574898024876,0.8607621740908431,0.0643220769289081
id26973,0.39523216567096175,0.009802781043199283,0.594965053285839
id09333,2.2812772385191036e-06,2.813537104009693e-06,0.9999949051856575
id21745,0.0004419328755387326,0.004209604350624192,0.9953484627738372
id27167,0.15071445726888882,0.8425252148021493,0.006760327928961881
id08481,0.04263417872189221,0.943630432268529,0.01373538900957866
id19456,0.9115348056580713,0.08815700081861182,0.0003081935233168849
id01495,0.5032880019376204,0.4633048536788234,0.033407144383556235
id15069,0.5942529635396773,0.025134518575432856,0.3806125178848899
id18174,0.01609141389766073,0.00025045037578011307,0.9836581357265591
id14450,0.00013644484581855332,0.20613698204140407,0.7937265731127775
id04149,0.018641113620719893,0.9632847668311393,0.018074119548140883
id10972,0.09919354520895551,0.00019165476406779735,0.9006148000269767
id05547,0.0006678465498715841,0.5515414365537163,0.44779071689641214
id17670,0.01135251773143059,0.8311238825872876,0.1575235996812816
id04740,0.09260073504721288,0.08648859281161606,0.8209106721411711
id24842,0.005996583487279361,0.0035568997661594125,0.9904465167465613
id26895,0.2703029196061135,0.004505425543546032,0.7251916548503405
id15591,0.7652391497204872,0.0011004435748198827,0.23366040670469285
id20895,0.662432218082679,0.3368036665133588,0.0007641154039622573
id11532,0.0002489475555091632,0.002072104268404607,0.9976789481760863
id16516,0.022246575685128764,0.002462765013596988,0.9752906593012743
id14940,0.019053575315985647,0.8387170388828642,0.14222938580115022
id17152,0.9404272101815297,0.057345188758226806,0.0022276010602434487
id12870,0.08107232190266125,0.9110022100861456,0.007925468011193225
id17405,0.8171100555618414,0.03992668568639219,0.1429632587517664
id22274,0.005291145577869731,0.9099096300581971,0.0847992243639332
id08337,0.08838024914859278,0.020655366185788292,0.8909643846656189
id19549,0.6813014942595795,0.0011180910868746233,0.3175804146535458
id19195,0.9827619434480571,0.015715165221177767,0.001522891330765077
id11564,0.9786602244878935,0.021199964062464424,0.0001398114496421747
id26771,5.676606129885838e-07,0.034458903098487356,0.9655405292408997
id24955,0.10276550715855638,0.8957485839526144,0.0014859088888292634
id22140,0.9244761066034669,0.0029280305029332236,0.07259586289359986
id19920,0.2033647921095405,0.0061233286836908695,0.7905118792067687
id09807,0.0018015565731771053,0.7541691725442796,0.24402927088254317
id27426,0.9829478439094904,0.0005522945428887451,0.01649986154762082
id22006,0.9988610485198275,0.0007439238465844032,0.00039502763358809567
id10604,0.9042127277272933,0.02770883274814956,0.06807843952455717
id11017,0.5581466710226076,0.3919242539979991,0.04992907497939336
id14335,0.0006059183629013206,9.215175410756708e-06,0.999384866461688
id08707,0.9496002176082813,0.02375082287460682,0.026648959517111902
id15869,0.0013945153697537255,0.009282740841985026,0.9893227437882613
id20593,0.9625146588755812,0.012872584521680138,0.02461275660273868
id07428,0.8250258402359144,0.1741027426514066,0.0008714171126790639
id11527,0.22614676835749364,0.0486943004681752,0.7251589311743312
id14901,0.896692373325053,0.00032856981684966535,0.10297905685809736
id19733,0.9621510447439235,0.00015072235940251765,0.03769823289667396
id24677,0.0013428249574779386,0.9748274719707067,0.023829703071815273
id26656,0.0013323705784019152,3.197846206451249e-05,0.9986356509595335
id11707,0.9665165006753781,0.033037037473259034,0.0004464618513628409
id26218,0.022529256988891078,0.9704877773906396,0.006982965620469243
id19262,2.1821133376391467e-05,0.0003171423478249574,0.9996610365187986
id24905,0.09334213609499481,0.7624931084991453,0.14416475540585974
id09170,0.9723475316421769,0.01628266912161401,0.011369799236209056
id05772,0.008478319084135027,0.059015502179269715,0.9325061787365952
id25405,0.08743251303145419,0.06423577095754146,0.8483317160110044
id18491,0.024007867590151975,0.000486655521218164,0.9755054768886299
id07780,0.7796502354763406,0.12826457123727067,0.09208519328638859
id01689,0.027622800781260986,0.0021788652219866447,0.9701983339967523
id17498,1.8326273141169727e-06,1.0872069965459863e-05,0.9999872953027205
id19964,0.7582903914954668,0.23023414285863414,0.011475465645899127
id14525,0.0007447272043956552,0.002444058651752759,0.9968112141438517
id26363,0.029337892219503465,0.015425273373479287,0.9552368344070172
id07108,0.06317854432290472,0.0041916973938482685,0.9326297582832471
id11692,0.9969679717153088,0.0022528870811614264,0.0007791412035297303
id10891,0.055852942504371575,0.15610454949817074,0.7880425079974578
id16743,0.12381478656003722,0.3956860389092911,0.48049917453067165
id11556,0.9795171542666228,0.01867709879349126,0.0018057469398860444
id09116,0.47969299031344115,0.5128114103860425,0.007495599300516436
id24015,0.04282874094941107,0.12821347286725499,0.8289577861833339
id00347,0.16834547213032758,0.031176858713535534,0.8004776691561368
id06284,0.0008369434780708926,0.002587607970192812,0.9965754485517363
id18794,0.006729894450552659,0.9047210450051323,0.08854906054431505
id10702,7.911881685106239e-05,0.9996438322640719,0.0002770489190769982
id19239,0.03343839349049187,0.0005139535080562234,0.9660476530014518
id26016,0.9588135168153401,0.010730587823941134,0.030455895360718844
id26227,0.3847739042905571,0.1023550826116932,0.5128710130977497
id05367,0.0835219924089327,0.8968640040363667,0.01961400355470064
id09568,0.1467881552895675,0.0033088251441666366,0.8499030195662659
id04660,0.9896365267215556,0.0008467954720924499,0.009516677806351919
id04744,0.9229502519962006,0.011384109083927318,0.06566563891987208
id07251,0.0022245168543385506,0.9889930046028239,0.008782478542837518
id25977,0.0018651471323533598,0.9968520494344996,0.001282803433147117
id06244,0.016965022088343766,0.0573035406506005,0.9257314372610558
id24560,0.45505757006040176,0.5409198825145772,0.004022547425021077
id05091,0.013162684097633812,0.6070884852937118,0.37974883060865444
id27248,0.005311513359750644,0.8330481157384708,0.16164037090177855
id12528,0.06713877377862404,0.6157117295290494,0.31714949669232645
id27322,0.8825980355142653,0.11146024033654622,0.005941724149188497
id27213,0.17895088584372185,0.00956774960213125,0.8114813645541469
id18588,0.9842549347803292,0.0047781824863962884,0.010966882733274461
id14485,0.058283573731401896,0.21084857846005678,0.7308678478085413
id27475,0.04265080081626863,0.19538322170220182,0.7619659774815296
id02280,0.5023398104892702,0.37928525866076135,0.11837493084996836
id24083,0.09496073835165234,0.9033025400197388,0.0017367216286089647
id02321,0.010655092690665427,0.0014013628539516346,0.9879435444553829
id10299,0.0007930927507713987,0.00012312307474386273,0.9990837841744847
id27680,0.9975963989434928,0.0013377971378451187,0.0010658039186620815
id17607,0.0018065021683682937,0.03386703050650777,0.964326467325124
id06661,0.10227399258003823,0.807889784311229,0.08983622310873277
id23860,0.9299785333514777,0.0003312343354556398,0.06969023231306666
id26850,0.0001829195076890439,0.9950140349704012,0.004803045521909754
id16484,0.6394616393099846,0.03793919906651538,0.32259916162350016
id15302,0.29405941116084994,0.0019376040783669075,0.7040029847607832
id21138,0.43197126407968495,0.5662670610545817,0.0017616748657333858
id02525,0.04990550885146212,0.6574225565551657,0.29267193459337226
id12608,0.004632147428413419,0.9903522711417535,0.005015581429833117
id23863,0.0195701189964993,0.0012712820328655,0.9791585989706352
id01755,0.8898559161657426,0.0035820847496853157,0.10656199908457215
id10567,0.9819060180970576,0.017043351945789622,0.0010506299571527561
id08445,0.7376180541117395,0.20791978869620356,0.054462157192056965
id18146,0.05037066492067106,0.003468854288492953,0.946160480790836
id22263,0.3831180428134617,0.0011190789943356344,0.6157628781922027
id13537,0.031435145872675554,0.0014025240384009992,0.9671623300889235
id19985,0.7024927523025422,0.015190767891538738,0.2823164798059192
id08053,0.053378940164368865,0.0921707568178933,0.8544503030177378
id18959,0.0002453924090553803,0.9996955244866149,5.9083104329573873e-05
id06641,0.42140798065553137,0.5783022758520825,0.00028974349238606716
id27291,0.00254142367196298,0.9496343446168757,0.04782423171116133
id16124,0.14084709140088159,0.009624028123411352,0.8495288804757071
id18221,0.013842701801373232,0.0017347886544699191,0.9844225095441569
id25670,0.991322970301681,0.008476037289905744,0.0002009924084132092
id18472,0.9151197688037702,0.001699538131574888,0.08318069306465493
id10302,0.8063776653952249,0.0038943617406192155,0.1897279728641559
id07721,0.004497439862106642,0.9937833431694522,0.0017192169684411907
id22148,0.013343377218397496,0.005835864293378633,0.9808207584882239
id04724,0.0006064732515138682,0.9990829785858099,0.00031054816267626586
id03980,0.7828742850419034,0.2156629465869818,0.0014627683711147664
id11982,0.9488777024806544,0.04298553771402624,0.008136759805319253
id05566,0.01582259554233144,0.9840521364716046,0.00012526798606384573
id13235,0.08024333817130394,0.8993562161541448,0.0204004456745513
id24524,0.8927560756961231,0.005074704353383555,0.10216921995049334
id26783,0.22493034143644014,0.0011014848176837879,0.7739681737458761
id02220,0.10715697544716855,0.887862725376339,0.004980299176492481
id17163,0.9306942012582992,0.011278847303697846,0.058026951438002884
id21903,0.5715741319587497,0.03897152412051148,0.38945434392073874
id13350,0.00026286341129272504,0.0013586588531033354,0.9983784777356038
id07036,0.9203800242385802,0.0007697684305802931,0.07885020733083946
id09150,0.9727203445794511,0.003958801737489186,0.023320853683059684
id22042,0.0003689057275323257,0.00499537638230816,0.9946357178901596
id19562,0.6918182547803944,0.06721292018314884,0.24096882503645675
id05125,0.8290092763532212,0.11285736956315899,0.05813335408361987
id19462,0.9625808697660595,0.03725399424624513,0.0001651359876953657
id02265,0.7189924060418221,0.28057349669070747,0.00043409726747045213
id11769,0.2089825128652458,0.7794061855481962,0.011611301586557897
id19021,0.9597744120388625,0.026900138687100277,0.0133254492740373
id06166,0.9920362146979665,0.0076183678748639305,0.0003454174271695429
id26800,0.9755746488776372,0.0003125721619480612,0.02411277896041481
id21422,0.0574812098249737,0.0042200216400933785,0.9382987685349329
id13116,0.3940023594537927,0.6052811815761959,0.0007164589700114078
id05996,0.9926936737922275,0.006497944456410193,0.0008083817513622881
id23318,0.9844148836883166,0.015321784286697154,0.0002633320249861815
id20725,0.0012484780869522652,0.013137291001961737,0.985614230911086
id09210,0.9826696420818852,0.0015967749976885113,0.015733582920426283
id25842,0.5273325290943364,0.06372775268186182,0.4089397182238019
id00767,0.8364385036763871,0.015108639114466887,0.14845285720914603
id05036,0.09936804630098572,0.885211657156876,0.015420296542138352
id14853,0.04622561163193282,0.009227112003836201,0.944547276364231
id16946,0.0008521683880497,5.479961758742902e-05,0.999093031994363
id26804,0.08034296634398341,0.8854637230746126,0.03419331058140398
id24061,0.014505120820115753,0.12953311736226014,0.8559617618176241
id19861,0.9952599289999183,0.0014246331778548134,0.0033154378222268557
id18210,0.5294441589850071,0.0013207300187567403,0.4692351109962362
id24313,0.0066817643849461095,5.9767448303208275e-05,0.9932584681667507
id15960,0.027192495097120607,0.23193932113260513,0.7408681837702743
id14037,0.9929384760359633,0.003584533400833495,0.0034769905632030737
id17785,4.622381094011513e-06,0.003700846682882205,0.9962945309360238
id19362,0.05507741434401679,0.000432168029883953,0.9444904176260993
id10372,0.9749364577492707,0.024315269626988427,0.0007482726237409007
id03061,0.1522947417278651,0.8447663747690076,0.002938883503127232
id27583,0.00023107137036267503,0.002127462303090149,0.9976414663265472
id22055,0.9888965277467612,0.000979453394597627,0.01012401885864126
id07920,0.08301660851053141,0.9167718730413699,0.00021151844809871233
id16813,0.628287477962655,0.006808330794545107,0.3649041912427999
id03088,0.031735144548053276,0.500405882064679,0.46785897338726784
id03026,0.0023771881889332034,0.9272616808342343,0.07036113097683255
id09934,0.9830438194892147,0.0162117138879704,0.0007444666228149612
id21452,0.9796292156972048,0.002946820221057147,0.017423964081738033
id05576,0.040473189372223654,0.05735610651314528,0.9021707041146311
id22391,0.04682370355419114,0.02933715163178805,0.9238391448140209
id10554,0.5898800389967015,0.34043310320910247,0.06968685779419609
id03291,0.01842996343380858,0.09875027511521565,0.8828197614509757
id23280,0.8537812446960662,0.0029656675838622255,0.14325308772007164
id17777,0.0003467206697150462,1.6270046103353447e-05,0.9996370092841816
id24574,0.796798538847229,0.1368410156411205,0.06636044551165055
id05459,0.014316066682490912,0.9854978166047579,0.0001861167127513278
id02724,0.022580963210239925,0.06425784889019646,0.9131611878995637
id27678,0.9067032129532141,0.07652632020152063,0.01677046684526532
id21722,0.007187913647704546,0.931390281730111,0.06142180462218451
id18139,0.9712965299052441,0.0215453883660977,0.007158081728658249
id16264,0.16243519658321984,0.8361389035877967,0.0014258998289834708
id14537,0.8564770112226594,0.07009957079011796,0.07342341798722271
id18814,0.9886613816166093,0.01061379182397862,0.0007248265594121352
id08331,0.07612728717688517,0.916904905583785,0.006967807239329909
id03963,0.9997742303228496,3.422170347721896e-06,0.00022234750680257443
id07558,0.9972429416628383,4.222498473163628e-05,0.002714833352430088
id26275,0.8977892909925144,0.0008103602078947754,0.10140034879959078
id26188,0.18539917263713687,0.8056286803476225,0.008972147015240708
id06789,0.04815194447882819,0.606117947773686,0.34573010774748575
id21788,0.004836230352992828,0.9933778215171611,0.0017859481298459544
id13972,0.9370438464389592,0.013351930410844029,0.04960422315019673
id08643,0.9942336136608754,0.0027220583689403503,0.003044327970184185
id09642,0.008878102637685886,0.9795981438973161,0.01152375346499798
id14054,0.26447300402939183,0.004402830188006397,0.7311241657826018
id12216,0.019087679612674102,0.0022319172347832032,0.9786804031525428
id09211,0.07722630867562803,0.9073977662678515,0.015375925056520488
id16903,0.003601068488712147,0.9856637702427936,0.010735161268494293
id18976,1.8839884414141837e-05,0.06734521675887477,0.9326359433567111
id01861,0.9185601392337457,0.05180161172504072,0.02963824904121359
id22745,0.013259924044348835,0.971621465645462,0.015118610310189162
id03560,0.9542129097051045,0.043612194120149446,0.0021748961747460136
id17799,0.9993096147029482,0.000377432584528672,0.0003129527125231746
id12387,0.012909973263214686,0.06718519716182784,0.9199048295749574
id09450,0.6031753944976547,0.003971428905794145,0.39285317659655117
id18088,0.05918602193933613,0.02983643767981847,0.9109775403808454
id21697,0.9765032163201122,0.01692641391730685,0.006570369762580884
id26128,0.002817204229432988,0.9959419385940268,0.0012408571765401672
id27462,0.023622075225781358,0.007739470789084619,0.9686384539851339
id19394,0.996120956304373,0.003338532750937267,0.0005405109446897014
id19929,0.8076253289078708,0.19039184611217777,0.0019828249799515407
id16056,0.36130400494536286,0.2503973907105982,0.3882986043440389
id08756,0.22277164144189365,0.0009681655918723778,0.776260192966234
id09203,0.0030753976678725764,0.9560171325253807,0.04090746980674671
id14098,0.994193595320979,0.0046937809397069674,0.0011126237393140406
id24641,0.8150687661151812,0.17969983269256756,0.00523140119225108
id24507,5.944153773363728e-05,0.9233606988495132,0.07657985961275307
id20161,0.7861766340097621,0.21351952004443822,0.00030384594579973314
id11710,0.08144590331194862,4.906474160359956e-05,0.9185050319464478
id15751,0.6442211347281236,0.188372778148504,0.16740608712337243
id06617,0.15179944650190624,0.007501658334782674,0.8406988951633111
id19131,0.908344990210543,0.06544948808287782,0.02620552170657908
id02796,0.5636976065743518,0.3831774462456623,0.053124947179985955
id15575,0.08655727251543148,0.8575742456147489,0.055868481869819686
id21828,0.9841430009901466,0.007323232511997713,0.008533766497855552
id15093,0.020917871695222207,0.9713213109503318,0.007760817354446024
id27867,0.7787670191946093,0.0066872770969223115,0.21454570370846834
id19315,0.07082689909243005,0.0008120962479319634,0.928361004659638
id19398,0.830935377598958,0.16818386364026322,0.0008807587607788638
id01572,0.0012441771665392793,0.928648274388953,0.07010754844450773
id09781,0.9052260630010842,0.08404289027308466,0.010731046725831061
id19278,0.6646717150066704,0.2755438590411613,0.0597844259521684
id11852,0.050427458050205314,0.04282882111910354,0.9067437208306912
id07067,0.022457698738031773,0.015162269749857188,0.962380031512111
id08550,0.008933502502232628,0.9910558786338851,1.0618863882234755e-05
id02634,0.9127809980187339,0.0004890819192482646,0.08672992006201782
id02449,0.935916003037365,0.021807527508814623,0.04227646945382037
id10359,0.9515347959192544,0.024767618340480926,0.023697585740264673
id00217,0.8218364662469192,0.15001682876713707,0.028146704985943738
id20848,0.006394139435576011,0.9912342258685864,0.002371634695837579
id20229,0.7388389194485149,0.26090545938293286,0.00025562116855226344
id02211,0.5612374498954046,0.35134983952564613,0.08741271057894928
id08435,0.4909841288099768,0.48291324873190355,0.026102622458119666
id23681,0.00818103485626481,0.002012827522781319,0.9898061376209538
id00571,0.2568177372794135,0.003413803818630175,0.7397684589019563
id16280,1.5053164517115126e-06,3.088904851601872e-06,0.9999954057786967
id15022,0.05484224439218563,0.041681493689292075,0.9034762619185223
id08040,0.0006113968611700035,0.003757807763092712,0.9956307953757373
id18087,0.9475815176926637,0.04981337221442287,0.0026051100929134164
id11280,0.913498289091934,0.07091005078463126,0.015591660123434868
id21543,0.8303885833023033,0.15079952509836178,0.018811891599334836
id00245,0.986516115351539,0.0031407114138755697,0.010343173234585303
id13745,0.0015703816882606256,3.3979956943988947e-06,0.998426220316045
id15734,0.9705089070242723,0.01148943619911022,0.018001656776617383
id22572,0.03641725991098673,0.9625175080301053,0.0010652320589080095
id12741,0.06251106963022203,0.0005926268275656532,0.9368963035422123
id16477,0.2549053715134904,0.7402397777786627,0.004854850707846896
id26261,0.0002913947656528341,0.003810391795602381,0.9958982134387449
id15867,0.7082928741374209,0.259882399151501,0.03182472671107805
id10479,0.9490260626212286,0.010941245986662474,0.04003269139210906
id17736,0.00603641214781556,0.0008484987096350899,0.9931150891425493
id17768,0.000457771558815799,0.0007236750120658084,0.9988185534291184
id14172,0.8590218159040934,0.057036845008801976,0.08394133908710463
id01972,0.00544588112861221,0.004078778666763983,0.9904753402046238
id10962,0.9721415511068654,0.004644803273679344,0.023213645619455266
id16692,0.8838323550926906,0.012932143388853975,0.10323550151845541
id25471,0.0005225668134933944,0.9966069148311363,0.0028705183553703415
id05603,0.0032880362017456335,0.990440921725437,0.00627104207281733
id15340,0.8973126799115705,0.016714415224940573,0.08597290486348899
id22971,0.9189333831455153,0.029417162537630513,0.05164945431685422
id06765,0.0001285124351444351,0.9993929269922631,0.00047856057259253887
id19864,0.9854372620262355,0.000626375124400225,0.013936362849364331
id15834,0.13384878926185184,0.8310824666861608,0.035068744051987344
id17395,0.021334657397223095,0.04165742130403962,0.9370079212987372
id02585,0.005511918939405185,0.9716098205711672,0.02287826048942772
id13154,0.9955985166883258,0.0017568277947664116,0.002644655516907823
id12972,0.1444695969545317,0.3661527953456048,0.48937760769986344
id11103,0.9073643081410944,0.03597167047524919,0.05666402138365644
id26062,0.08344027636818405,0.0861225940719725,0.8304371295598435
id07339,0.9970781850485968,0.00017041527603076177,0.0027513996753724024
id06096,0.9946496838187768,0.0046777018843547616,0.0006726142968684599
id22945,0.1697854586645326,0.8298479864690086,0.0003665548664588727
id10058,0.9848719810020079,0.011080795319605787,0.004047223678386357
id06435,0.9944375611909659,8.126901777863174e-05,0.0054811697912554615
id12636,0.009067186327755538,0.008446267296990734,0.9824865463752538
id25423,2.679883385620023e-05,5.046408813179321e-05,0.999922737078012
id12990,0.21700973930657488,0.16748751194111988,0.6155027487523053
id24106,0.015326576736607924,0.23790616585596744,0.7467672574074247
id14481,0.0023041321534768935,0.9867135011832022,0.01098236666332078
id03617,0.06191435558221374,6.131259507317582e-05,0.9380243318227132
id26055,0.9986332811779861,8.510218756278786e-05,0.0012816166344511938
id23712,0.9534808405442627,0.0009880812469411223,0.04553107820879619
id19441,0.049210385801856986,0.949434531479647,0.001355082718496098
id17042,0.6679607860281547,0.33052838723287026,0.0015108267389750455
id09018,0.024706414921211145,0.9752635345347209,3.0050544067851923e-05
id08879,1.9280241815895336e-05,0.9999670507439137,1.366901427049345e-05
id10841,0.00014471107420430902,0.9988842294571255,0.0009710594686701012
id04776,0.006294651481409956,0.9935043598342939,0.00020098868429616203
id26526,0.00019140391848705007,0.002711868199518527,0.9970967278819944
id14181,0.1558200136217878,0.8311607679285309,0.013019218449681338
id18396,0.8218244336209443,0.00738947569784941,0.17078609068120632
id05585,0.13332847421163058,0.8638664318454524,0.0028050939429170403
id11546,0.22587858150337134,0.04569675141158277,0.7284246670850459
id08027,0.009375778009108373,0.9603289393695277,0.030295282621363898
id00659,0.3345173496669324,0.000996248504791089,0.6644864018282765
id10937,0.0383797282479437,0.9413992090122781,0.020221062739778306
id01898,0.08319565556610435,0.8257309696170806,0.09107337481681514
id23695,0.00036035860711972447,1.692495458276949e-05,0.9996227164382976
id07856,0.2516505494938216,0.6955801580435651,0.05276929246261321
id25233,0.9003446288636106,0.0006747157998983197,0.09898065533649121
id24052,0.03397120849814991,0.29937571044066763,0.6666530810611825
id01698,0.03343619634717985,0.9665274927512437,3.631090157647176e-05
id01356,0.04209139809274826,0.9577959380905221,0.00011266381672953265
id10430,0.04823522763012381,0.9457752593416957,0.005989513028180461
id04778,0.018392467115637735,0.004493173729177521,0.9771143591551847
id24707,0.006453132152676738,0.9905127045488917,0.00303416329843157
id04539,0.7035667299196544,0.0012586040494789582,0.2951746660308666
id20011,0.9104412783322694,0.0088253016261807,0.08073342004154997
id09950,0.03911036128388095,0.9607961488132163,9.348990290281126e-05
id14397,0.9770244307028076,0.013190895445727602,0.009784673851464726
id04457,0.0010751098015409069,0.9955774426491583,0.0033474475493008703
id19469,0.06477363852909564,0.8519168607499263,0.08330950072097791
id24230,0.03594434835299033,0.029611759073099174,0.9344438925739105
id16719,0.9359459168853457,0.06357302962037828,0.00048105349427617094
id20183,0.10328953078391405,0.8953351221700052,0.0013753470460808686
id24531,0.04316607123563545,0.0012436746507177923,0.9555902541136467
id04934,0.9186983965150466,0.05399927711707904,0.02730232636787439
id17230,0.03411393348095259,0.0036430352409681445,0.9622430312780793
id07561,0.9892515811289324,0.004594373638134643,0.006154045232932981
id12282,0.052732506869990314,0.9424009934854192,0.004866499644590503
id14992,0.26002552979961224,0.7097836106208498,0.03019085957953797
id02934,0.4369756506055142,0.07718071776127484,0.4858436316332109
id00189,0.9987003746960532,0.0012105635786436916,8.906172530318492e-05
id27941,0.0014837377361501976,0.996704614621275,0.0018116476425747495
id14642,0.0007730358788962266,0.9842112264916298,0.015015737629473992
id23445,0.6945283364950433,0.20773622464402458,0.09773543886093215
id21603,0.007180223265305617,0.0015394259249167095,0.9912803508097777
id21046,0.00040096865264236943,0.9916691625881646,0.007929868759193005
id02264,0.00218087498221365,0.9850202628599602,0.012798862157826087
id00409,0.8398722800797869,0.005350950192448125,0.15477676972776494
id00351,0.7064805885264891,0.023699636082963976,0.269819775390547
id14362,1.9106092113691095e-05,0.9980958631098173,0.0018850307980690995
id20757,0.9180521811122048,0.021777644247949503,0.06017017463984579
id22764,0.9570594076612724,0.04245662211742023,0.00048397022130743496
id19264,0.03264692441235683,0.009829187929932872,0.9575238876577103
id04506,0.9540597660852511,0.031261799536772585,0.014678434377976389
id18505,0.9524188018641067,0.04755442402936319,2.6774106530235972e-05
id27354,0.12433498270493387,0.02965658686792802,0.8460084304271381
id22410,0.9887120042203406,0.0011199917541226618,0.0101680040255368
id14241,0.032757432558865075,0.9671505556512769,9.201178985799837e-05
id18785,0.23698330829873496,0.6687916725148889,0.0942250191863762
id16649,0.733876574589737,0.26378198280588666,0.0023414426043764348
id16386,0.008174052492397884,0.9912046820424542,0.0006212654651479094
id09051,0.020917100106523423,0.000822484301228224,0.9782604155922483
id22296,0.9772267445023541,0.021501513374812542,0.0012717421228332893
id08584,0.8840046353694468,0.03192451878240402,0.08407084584814922
id22219,0.0009409666372371975,0.03086083811729207,0.9681981952454708
id18790,0.00013918328494230022,0.9994858182675633,0.0003749984474943606
id10922,0.08421141915757208,0.28327476459269735,0.6325138162497306
id15002,0.8028083052074271,0.0006668201836618498,0.19652487460891108
id24862,0.008659823235868681,0.9905311096269961,0.0008090671371352795
id25845,0.7540434970293435,0.22016169712629946,0.025794805844357144
id17586,0.1506117168655618,0.843020938145206,0.006367344989232295
id09390,0.00010001436309684795,4.1478794186838206e-05,0.9998585068427164
id20069,0.9137789877260976,0.029223669968593536,0.05699734230530892
id05953,0.0378024897780478,0.9599221969488706,0.002275313273081503
id15583,0.015147765103676145,0.9848398106591053,1.2424237218591584e-05
id03482,0.0036083874555468526,0.00039553508584938877,0.9959960774586037
id06243,0.35396633676170874,0.5377857074924026,0.10824795574588868
id01116,0.00027463404852384944,0.024829146057924235,0.974896219893552
id17530,0.012657414608669055,0.9612154382097303,0.0261271471816005
id07552,0.008180256683746188,3.478760292704136e-05,0.9917849557133268
id03131,0.0341251215461618,0.9647805380297068,0.0010943404241314772
id23142,0.0021250427501902144,0.00035919832048431316,0.9975157589293255
id05540,0.8554462570462609,0.09718232275449194,0.04737142019924724
id06292,0.8384746446028843,0.03100473828800362,0.130520617109112
id26506,0.8307636624972812,0.07446287890886326,0.09477345859385557
id19068,0.10222401136548694,0.012160822233340828,0.8856151664011722
id21782,0.04018193309871673,0.013210273120385984,0.9466077937808973
id24563,0.004000194720263504,0.9884201009851143,0.007579704294622197
id21986,0.5379087626601268,0.42682694347952105,0.03526429386035223
id04967,0.06336085730024174,0.011163518227078647,0.9254756244726796
id11760,0.06767026642063623,0.048174599151158126,0.8841551344282057
id02483,0.9891196443780566,0.0032887268815430617,0.007591628740400515
id15791,4.273232536471943e-05,3.750700108678873e-05,0.9999197606735485
id14256,0.06358039970933027,0.009864014726807152,0.9265555855638625
id18328,0.9140609049028442,0.004661268391833607,0.08127782670532223
id06213,0.0008848810882177312,0.9615118918218402,0.03760322708994207
id00772,0.961784436326745,0.037735111069532756,0.00048045260372218165
id01113,0.807072373285094,0.01386193481661728,0.1790656918982889
id03972,0.9826608373116054,0.014969533103724347,0.002369629584670145
id25386,0.017843239349248974,0.7845101675731515,0.19764659307759955
id09156,0.8835389690961758,0.10095891809134425,0.015502112812479905
id22624,0.8674779343852472,0.03853370562249326,0.0939883599922595
id17789,0.00026128167938137964,0.9926853041099918,0.007053414210626852
id09039,0.0240622372343704,0.9635653105782503,0.012372452187379267
id20538,0.30973204065379234,0.0001760046760894539,0.6900919546701182
id05501,0.030383726038115972,0.0003878657210451693,0.9692284082408389
id27641,0.8016238768669603,0.16550438557781852,0.03287173755522108
id05965,0.034147658887674556,0.12056309629070613,0.8452892448216194
id23431,0.3637937787258443,0.6214163365453169,0.014789884728838867
id13075,0.028938446022701136,0.04263487974461529,0.9284266742326835
id26190,0.2009269507588945,2.936368122963312e-06,0.7990701128729826
id12196,0.9169383540363274,0.005692727942253344,0.07736891802141924
id21318,0.004421423695694072,0.9946093101689999,0.0009692661353059741
id11277,0.29770118112330257,0.5102385249225823,0.19206029395411514
id07193,0.9757144861648671,0.009819282127018325,0.014466231708114482
id17105,0.05040732058951604,0.25621663361203295,0.693376045798451
id18263,0.7800323241774174,0.0028572274015973165,0.2171104484209853
id22875,0.015204526505481361,0.0009084101348452113,0.9838870633596735
id07157,8.51508543874113e-05,5.129015489211082e-07,0.9999143362440636
id15051,0.33024375673813205,0.2538829591173308,0.41587328414453717
id08871,0.32546100495084224,0.4240684019665145,0.2504705930826432
id17036,0.0025044717992975677,0.014835350578730474,0.982660177621972
id02783,1.395033769378405e-05,0.022864097536583264,0.977121952125723
id26418,0.9860735892841723,0.0005982356803943183,0.013328175035433359
id15748,0.9530452860813893,0.01792035702029634,0.029034356898314254
id00820,0.5387655191599853,0.46058866497861445,0.0006458158614003778
id27695,0.005157188682074191,0.9723532464984845,0.022489564819441303
id27286,0.9190460739693019,0.07468034258902491,0.006273583441673187
id11680,0.00014779042152715337,0.0070644190890278265,0.992787790489445
id01070,0.020622883759524084,0.05418397761385546,0.9251931386266204
id18486,0.00015326917139475108,0.0008287870763021102,0.9990179437523031
id12389,0.024938002902734117,0.9605303368940309,0.014531660203235082
id12544,0.010084003102497088,0.9897403614623042,0.0001756354351986945
id04692,0.9183888743696828,0.0033542489068348644,0.07825687672348232
id17342,0.8258833528991764,0.002468162337310647,0.17164848476351305
id09640,0.0945184978232518,0.018032366521280534,0.8874491356554677
id24300,0.1658949169697354,0.0024385221547707937,0.8316665608754937
id13725,0.9236778072597984,0.020028800537510005,0.05629339220269161
id22633,0.9348813272281826,0.057471457921689784,0.007647214850127653
id16653,0.9516861237421039,0.0429053038186518,0.005408572439244307
id00184,0.9430077353819212,0.03259143782605044,0.02440082679202843
id23872,0.9983280146663166,0.0006402064372598133,0.0010317788964235594
id05095,0.8763572139117496,0.015668996484053205,0.10797378960419718
id05757,0.407360963174767,0.014716743991260228,0.5779222928339728
id26883,0.9852444438033606,0.008569929387149821,0.006185626809489433
id01868,0.9311623942897072,0.0034010646802879337,0.06543654103000497
id13053,0.000976825836112187,4.85139673400886e-05,0.9989746601965477
id24443,0.8848461356042884,0.01592002053444316,0.09923384386126848
id12795,9.011903303416602e-05,0.9997986226016716,0.00011125836529418192
id05298,0.09750056859943668,0.0006634801506725635,0.9018359512498908
id07560,0.18042720424097555,0.0015159744536901003,0.8180568213053344
id10281,0.12691622548106346,0.0010575865505660187,0.8720261879683705
id07254,0.8655053671485388,0.000601789427926927,0.13389284342353433
id00837,0.007463660342318343,0.919628593506487,0.07290774615119461
id04534,0.0170053318685679,0.4250113005860577,0.5579833675453745
id16716,0.9826151619039794,0.0031780076516599396,0.01420683044436056
id04057,0.5931106522173182,0.00801938197148131,0.3988699658112006
id14988,0.7040529467019285,0.004450016066203589,0.29149703723186793
id05353,0.017478141319549466,0.14438591485096872,0.8381359438294819
id21250,0.9589202711289899,0.04103327551719561,4.645335381458321e-05
id25963,0.0005000949280100758,0.9871268916119418,0.012373013460048186
id10370,0.0004462566474641584,0.11278311215659442,0.8867706311959415
id26934,0.8396403205228189,0.08608236691121124,0.07427731256596995
id07649,0.14058969481678685,0.118353159976394,0.7410571452068192
id21169,0.9851224622278624,0.013698986151564178,0.0011785516205734443
id25824,0.998060043199888,0.0006363233903612453,0.001303633409750728
id01154,0.3915832422313252,0.5733786409243425,0.035038116844332355
id02523,0.5678283884815509,0.009708662897066029,0.42246294862138306
id07677,0.9422442932735281,0.03412724362257282,0.023628463103899114
id24447,0.025926600593298283,0.0003930595188032073,0.9736803398878985
id23036,0.02914795562946679,0.0009381360346772861,0.9699139083358559
id05424,0.7934597483379431,0.18568796629384662,0.020852285368210318
id18807,0.052943856557866986,0.037798509584572135,0.909257633857561
id05894,0.0016892547683803438,0.9216453641520228,0.07666538107959685
id08494,0.13128966909100476,0.3137176274763369,0.5549927034326584
id17181,0.5772726190027904,0.0018709674526111318,0.4208564135445985
id24037,0.0006299905684997259,0.9992472764162417,0.00012273301525855183
id22495,0.8497822019904256,0.10744808467413285,0.04276971333544156
id21717,0.7826987528923259,0.2062419057284242,0.011059341379249734
id00477,0.14222215547431546,0.7843820017120188,0.07339584281366579
id03167,0.00038109035017034573,0.0012208944817225249,0.9983980151681072
id08783,0.025296917851445066,0.22407074369354946,0.7506323384550054
id11954,0.9962783650617815,0.0007391474071201577,0.002982487531098441
id03029,0.9848296830018978,0.0017191672090595212,0.013451149789042743
id16359,0.7017870474491935,0.17820129175733854,0.12001166079346794
id02984,0.9717044502515432,0.022898379657793257,0.005397170090663574
id24559,0.8843607069454159,0.10939959394657268,0.006239699108011446
id26880,6.141680755590302e-06,6.242500662071065e-07,0.9999932340691783
id00656,0.4305266368006211,0.0008386393727734836,0.5686347238266055
id07825,0.00024717638657125086,0.9984872407812502,0.0012655828321786044
id16525,0.003990468778526131,0.9893468697973394,0.006662661424134471
id08849,0.7361493331637251,0.2558997610854095,0.007950905750865291
id09260,0.011219678573089054,0.98749395618751,0.0012863652394009453
id22233,0.9712242560131106,0.013004248337252167,0.015771495649637115
id12191,1.5640743711337183e-05,0.0004248979044957626,0.999559461351793
id15505,0.013937041065775719,0.9805689249721407,0.005494033962083633
id15882,0.9039916292597803,0.03299422963645223,0.0630141411037675
id10569,0.20462509736284412,0.004404905874868584,0.7909699967622873
id26059,0.8757411856751508,0.12209911146547875,0.0021597028593705403
id13055,0.05367777603075102,0.04376785415285329,0.9025543698163957
id05388,0.9841222842707503,0.015091873103302272,0.000785842625947288
id25199,0.01590816249206259,0.9562749901696712,0.02781684733826619
id11813,0.010510986846178128,0.004206530696031107,0.9852824824577908
id14866,0.2800469414897171,0.001500472265503706,0.7184525862447791
id22247,0.3122704160678243,0.01112762651970115,0.6766019574124745
id08196,0.5665621231287403,0.42970439734411947,0.0037334795271402356
id27246,0.006805872703965783,0.9634518111978732,0.029742316098161078
id21926,4.061720183085703e-06,2.2042803245223634e-05,0.9999738954765717
id01930,0.2038878284716995,0.0058801659504430105,0.7902320055778576
id26406,0.16994413868547387,0.09731263342975145,0.7327432278847748
id07760,0.006072313853841301,0.9759034092238204,0.01802427692233832
id24815,0.054300061115903075,0.04570900229954708,0.8999909365845499
id22063,0.9713337623973656,0.01853225252577466,0.01013398507685987
id21513,0.08227001562017482,0.8955452351280431,0.022184749251782217
id04006,0.9933575982236393,0.0006008398371365284,0.006041561939224217
id06177,0.6191719474397603,0.3770017389509474,0.003826313609292236
id24010,0.8168353275672887,0.0037754712883219105,0.1793892011443894
id16402,1.2075049725693903e-05,5.568440063105552e-05,0.9999322405496432
id23894,0.9512278848796872,0.04860004327095601,0.00017207184935666016
id18867,0.9579474915679935,0.007657697742905805,0.034394810689100684
id01691,0.0006099899742994444,0.9992220143533797,0.00016799567232104448
id11818,0.09136118522936972,0.8998886883227805,0.008750126447849768
id18481,0.1369448892763958,0.23412651031344897,0.6289286004101553
id20137,0.9894150506536137,0.009437671909805441,0.0011472774365809373
id14630,0.040569362904611876,0.7322068525082439,0.22722378458714418
id03058,0.2957691995830872,0.3396726996295002,0.36455810078741263
id27857,0.08060357009811286,0.9077304648992994,0.011665965002587814
id19345,0.1512021538685245,0.8323539642542037,0.016443881877271856
id12726,0.03530964257106411,0.04220935417040058,0.9224810032585353
id06015,0.0011853003650916212,0.04511901163183405,0.9536956880030744
id26548,0.040454419386124076,0.06231477808021324,0.8972308025336627
id20284,0.13771754780081186,0.021061793118153725,0.8412206590810345
id17912,0.5536202647381596,0.11559343493729564,0.3307863003245447
id10287,0.9153659723460406,0.0019690769348891146,0.08266495071907032
id03604,0.0264685332726345,0.9536634616449997,0.019868005082365765
id07423,0.03750635558878513,0.025793560691839506,0.9367000837193754
id01484,0.22859081024702432,0.7487220765650866,0.0226871131878891
id16904,0.9870315826311825,0.004841785596177819,0.008126631772639581
id13187,1.9592984698455748e-05,0.00017483466184980195,0.9998055723534518
id08507,8.766703694748107e-05,0.999909762802713,2.570160339345471e-06
id09599,0.9957999807296961,0.0028419973382348717,0.0013580219320690125
id20460,0.03759071939013744,0.8317406954674161,0.13066858514244645
id23743,0.0004695973447752237,0.9988978319319449,0.0006325707232799009
id13914,0.00011729190388393975,0.999515723050958,0.00036698504515806187
id23108,0.9721391539477514,0.02074141745426862,0.007119428597979984
id20111,0.750275861126304,0.24670275275260947,0.0030213861210866355
id00300,6.617671531620777e-05,0.8917486019970542,0.10818522128762968
id25970,0.5430794032019747,0.03369552043707899,0.42322507636094625
id24588,0.0004032944248048416,4.0533023570953443e-05,0.9995561725516242
id04799,0.443294120614586,0.03823360571595427,0.5184722736694597
id19685,0.06517258062560521,0.3032678755562151,0.6315595438181797
id00628,0.0009106766656688326,0.00013079790872112896,0.99895852542561
id10632,0.5345145527675281,0.13578292363045524,0.32970252360201674
id24894,0.009045764122736931,0.9842518866388511,0.006702349238412043
id06843,0.3871444511338483,0.6128438880126592,1.1660853492439186e-05
id16211,0.9604826334015938,0.03336255458261568,0.00615481201579054
id10730,0.019599457061889713,0.9801462545969476,0.00025428834116266325
id06399,0.11775786083873327,0.8815732030896315,0.0006689360716351722
id25138,0.9554157334764692,0.042094147493415175,0.0024901190301155223
id04372,0.027893896856037638,0.5982097122307898,0.37389639091317256
id01057,0.41893745133227045,0.008145191892604058,0.5729173567751256
id07505,0.5206789392565867,0.4765053293874099,0.0028157313560032353
id17331,0.9994830857759742,0.0002626603270737975,0.0002542538969519612
id11306,0.013085622381895572,0.39618592799355207,0.5907284496245524
id07490,1.4042892679599989e-05,0.999934160856922,5.179625039848884e-05
id00721,0.0004913470590170703,0.9024947214096268,0.0970139315313561
id07538,0.7576260403015073,0.03947483164963714,0.20289912804885563
id11289,0.08156036094617954,0.0038142210238240504,0.9146254180299964
id25207,0.9940730675577643,0.0046679320572986915,0.0012590003849371437
id03831,0.993045426019969,0.006617542977675085,0.0003370310023559083
id05371,0.6058801138118505,0.39021711757019834,0.0039027686179512098
id07405,0.02180392267725067,0.9761669803659823,0.002029096956767071
id25960,0.0011133264053590217,0.9965993947945043,0.0022872788001366577
id18497,0.05194285037028066,0.18969355352468886,0.7583635961050305
id24478,0.979094986160475,0.01836650778828167,0.0025385060512433505
id12431,0.10120509625233054,0.8958224460669709,0.0029724576806985435
id24080,0.5063395974794292,0.0047625947071959236,0.4888978078133749
id11862,0.007804024367201001,0.0038704396140026493,0.9883255360187964
id04798,0.9660648932288657,0.0009852583954918686,0.03294984837564239
id22638,0.006955125394826079,0.9907914776148737,0.002253396990300115
id16105,0.006795687190172863,0.8771565485141877,0.11604776429563957
id05863,0.028478858489371726,0.05468221478199259,0.9168389267286358
id11466,0.9968286453744701,0.00021383831392156018,0.0029575163116084082
id06091,0.9436555170628801,0.04103410365926803,0.015310379277851859
id04214,0.0024951153258924944,0.9734824266891178,0.02402245798498961
id21197,0.9789836169074103,0.015031609541530348,0.0059847735510592855
id06479,0.48519975541830657,0.03202928369363669,0.48277096088805677
id21801,0.9363293730929168,0.004705109924756756,0.05896551698232651
id00540,0.9807886916386421,0.018946308238333452,0.0002650001230244275
id07102,0.539897589192751,0.4431443455448972,0.016958065262351794
id12012,0.004585041444099504,0.0004962125192296683,0.9949187460366709
id17850,0.6397058190817344,0.0007948074685676761,0.35949937344969796
id12708,0.8363289366780023,0.02759155361969045,0.13607950970230723
id09277,0.19055461120433997,0.01410191140839637,0.7953434773872637
id11482,0.0038794201858695105,0.9190322708125945,0.0770883090015359
id15327,0.833623902172821,0.16483813235598666,0.001537965471192392
id17561,0.02289480559894181,0.9659505671945186,0.011154627206539588
id21966,0.616905363007005,0.008802287784353718,0.37429234920864124
id05742,0.9995979551609844,0.0002924164266611816,0.00010962841235443876
id21441,0.9378762130576267,0.012693682126915953,0.04943010481545736
id10819,0.002298615004023768,0.9756749348625399,0.022026450133436414
id00018,0.2694995606869224,0.6942019287916913,0.03629851052138635
id17038,0.7867335525177249,0.20765494139568402,0.005611506086591127
id14680,0.0689726049383986,0.9289041494255459,0.0021232456360554676
id17760,0.0014094527535323752,0.012021127014929531,0.986569420231538
id14436,0.908794543809507,0.08445009506384316,0.006755361126649861
id17180,0.0020473497231647373,3.1990505146198594e-06,0.9979494512263206
id19132,0.09046465153964885,0.814023669456618,0.09551167900373322
id17497,0.003925883615264904,0.9947996534475276,0.0012744629372074799
id26284,0.12659041075310473,0.08968039754401984,0.7837291917028755
id04340,0.0006419946158407826,0.9794695195614161,0.019888485822743
id06427,0.013871038882735717,0.9843437930206841,0.0017851680965802093
id08340,0.8264396898005053,0.17298350764962292,0.0005768025498718916
id07167,0.057232920493634674,0.9147563382863689,0.028010741219996443
id02218,0.9084521256720378,4.638890131302765e-05,0.09150148542664918
id18406,0.8543156851724447,0.13417577472780595,0.011508540099749394
id22134,0.9417151505961165,0.04336210078015785,0.014922748623725684
id04983,0.007337564861740936,0.001088337683496613,0.9915740974547624
id17767,0.5711777265154097,0.41536285020076086,0.013459423283829507
id15131,0.0010915041382415548,0.9978033781657564,0.0011051176960020777
id11132,0.9767227976573132,0.006145749393435767,0.017131452949251003
id10054,0.5413947491182243,0.3528511037884682,0.10575414709330752
id03797,0.0036081616200314085,0.0262702631512648,0.9701215752287038
id17143,0.9190612231606288,0.028397804415197056,0.05254097242417418
id19078,0.000279064218284863,4.2509294126320836e-05,0.9996784264875889
id04919,0.9968567133442471,0.0009165193432781116,0.002226767312474873
id03272,0.07590839178387716,0.8972672215218016,0.02682438669432123
id15047,0.012033683961633422,0.04087367963408718,0.9470926364042794
id23727,0.18564441143694518,0.7770797039906568,0.03727588457239808
id07221,0.9642762039825632,0.023365429458160697,0.012358366559276097
id13974,0.004319386081846881,0.9867667028138699,0.008913911104283277
id24050,0.960739221246697,0.007931602956737184,0.031329175796565904
id18119,0.7914760112125719,0.022502067951239976,0.18602192083618813
id05205,0.7085618032799912,0.11620377056587997,0.17523442615412888
id05233,0.08910994382595795,0.9106733415460181,0.00021671462802404465
id23556,0.8407506066722997,0.004714294318672429,0.1545350990090278
id06323,0.8147414000187356,0.004785557095201182,0.1804730428860631
id27903,0.00177164960297866,0.1122431784292396,0.8859851719677818
id15164,0.9157871331855465,0.08205010168845521,0.002162765125998333
id14714,0.010559062552725831,0.9699263174453177,0.019514620001956483
id11585,0.001829043216222404,0.9974076455070707,0.0007633112767069331
id09119,0.9269159029775706,0.018233048522946365,0.05485104849948307
id03135,0.9515162638145239,0.04147482425976411,0.007008911925711965
id23385,0.9297451525430094,0.013843724684944513,0.056411122772046046
id18219,0.845499011661238,0.0014167747046113283,0.15308421363415073
id17596,0.059242269719838446,0.9407148972849958,4.283299516574577e-05
id12235,0.024196988531689945,0.0019841190459972064,0.9738188924223129
id15394,0.9745046621407357,0.015009026998815858,0.010486310860448385
id07727,0.9913087547825526,0.005392991176718207,0.0032982540407290916
id02748,0.9806574643292157,0.018405290101295508,0.0009372455694887123
id14913,0.0009222410565383365,0.005154440295095279,0.9939233186483665
id05257,0.7430696674101482,0.0026257805020537183,0.2543045520877981
id23759,0.002171430236022878,0.2681422528982383,0.7296863168657388
id08726,0.9604592131153696,0.03909328573291879,0.0004475011517115519
id24493,0.9814894746310948,0.017016159118188014,0.0014943662507171896
id19945,0.04195665752686741,0.9550764352473229,0.002966907225809668
id27893,0.963249416698587,0.00046853973356274383,0.03628204356785026
id04975,0.010030612959005085,0.0016215765684307938,0.9883478104725641
id14722,0.5015711855603848,0.4392625677208687,0.059166246718746505
id10320,0.0033366985876904895,0.8810796465888769,0.11558365482343261
id09619,0.001501884239788327,0.9899037138415279,0.00859440191868382
id07480,0.40939449261453265,0.5769787206267902,0.013626786758677062
id00342,0.019437021804895146,0.942997074697422,0.03756590349768282
id08611,0.8929819709637741,0.09272107119637255,0.014296957839853488
id24284,0.16482166851917224,9.808530545528659e-05,0.8350802461753725
id20491,0.04570442211816573,0.19599996686170848,0.7582956110201258
id18337,0.00013099959072594624,0.000323631909497928,0.9995453684997762
id04781,0.906573354645866,0.0068070921475225105,0.08661955320661163
id11067,0.9849839115907452,0.007504618498523974,0.007511469910730798
id19402,0.811141561982176,0.18584729061717217,0.0030111474006518737
id20009,0.006864886052111254,0.005664841519385911,0.9874702724285029
id08535,0.012944034214632133,0.025271258811118986,0.9617847069742489
id07495,0.19598839738724802,4.8202136691516555e-05,0.8039634004760605
id06262,0.0010912285193862882,0.00033553304658771383,0.998573238434026
id10898,0.577840278460965,0.03935702404404743,0.38280269749498763
id17778,0.005954442640724564,0.9859409899538983,0.008104567405377164
id07210,0.06227674186930183,0.7501552818648497,0.18756797626584854
id04367,0.007441240288531894,0.7504311690464402,0.24212759066502784
id27713,0.0796797789945781,0.04148123221922856,0.8788389887861934
id15428,0.2173529713745241,0.7129874282051349,0.06965960042034106
id25427,0.4854145211689474,0.08383972767398752,0.430745751157065
id09789,0.907474755030398,0.00017909642868938502,0.09234614854091261
id07658,0.9804286571313986,0.01713065486899522,0.002440687999606178
id25453,0.006478716526432649,0.9464786015013752,0.047042681972192156
id24495,0.985653322283441,0.013497101091462297,0.0008495766250967138
id03270,0.0011340926239200204,0.9562697778663367,0.04259612950974316
id11879,0.2630909322783756,0.6687863363461183,0.0681227313755062
id24356,0.06477360616042932,0.010556967304324058,0.9246694265352466
id22256,0.014003598267715429,0.007263181489554262,0.9787332202427304
id06050,0.032708653447490715,0.9668641584708196,0.0004271880816896022
id09555,0.8951375905823572,0.0009325228650324876,0.10392988655261028
id23772,0.0030686473258250144,0.995831407517691,0.0010999451564840466
id21930,0.01734508055087289,0.0827404693559531,0.8999144500931741
id00823,0.0001084797921250101,0.7111751353985281,0.28871638480934697
id23666,0.0042239228417265285,0.9913617485231889,0.004414328635084536
id08118,5.269050355157693e-08,0.00022040144164535547,0.9997795458678511
id21388,0.0015637330544672917,0.8264598307119101,0.17197643623362263
id23312,0.8847672173620709,0.023978631272338725,0.09125415136559048
id08545,0.1378845373558777,0.6823279836140848,0.17978747903003756
id20351,0.13894664987752112,0.15110341585280823,0.7099499342696707
id13536,0.2451295129080913,0.02548696629630999,0.7293835207955986
id27742,0.11880333895881277,0.879267366766114,0.001929294275073282
id13343,0.019151955677219088,0.0076231915015570525,0.9732248528212238
id11987,0.005564791854721934,0.9492389593636229,0.04519624878165507
id08921,0.5158320865333069,0.00793071070129953,0.4762372027653935
id09972,0.3931846935261747,0.5981726164371721,0.008642690036653215
id26173,0.9877572100056298,0.0011497854641262792,0.011093004530244048
id07917,0.1768727988657201,0.6262434438725144,0.19688375726176552
id01383,0.9963610499500828,0.0033040052836850195,0.000334944766232216
id26699,0.45333433787759414,0.5186460532029359,0.028019608919469922
id11058,0.08144125071185357,0.013304104758724683,0.9052546445294218
id20425,0.0005974938881205256,0.9960170853673189,0.0033854207445605826
id20238,0.0374329132360939,0.9104851937645037,0.05208189299940252
id21348,0.5997746063304841,0.2322165681856707,0.16800882548384527
id09552,0.0660818610019128,0.007922352558630696,0.9259957864394565
id25075,0.6670172430229449,0.23891543514140318,0.09406732183565204
id17749,0.05357033297937581,0.003285065064193523,0.9431446019564307
id18910,0.6327558088878007,0.0036569416305030937,0.36358724948169624
id13534,0.0041846811925783265,0.989320102231421,0.006495216576000735
id22205,0.21695461548873798,0.7719761844427483,0.011069200068513797
id23896,0.9122953237587181,0.0003279533366974201,0.08737672290458443
id23616,0.7772710026873643,0.005767937197436938,0.2169610601151988
id03537,0.5300905972114518,0.40519567381582616,0.06471372897272196
id18147,0.46468387470232253,0.524819947924177,0.010496177373500537
id25408,0.9884816653498835,0.007164697782491478,0.004353636867625005
id09997,0.20108731414642736,0.00011096905706218687,0.7988017167965106
id23357,0.004974587646508617,0.01861193603876656,0.9764134763147249
id21880,0.8664198939119867,0.005557694459926911,0.12802241162808636
id21633,0.029699614881077054,0.9667809384225593,0.003519446696363663
id15976,0.010224418199318188,0.17138688633841107,0.8183886954622708
id20266,0.00012763491766555504,0.017372952600527083,0.9824994124818074
id26726,0.744862777955124,0.22706074304984186,0.02807647899503408
id02958,0.7959077474029039,0.17192996282425263,0.03216228977284349
id25211,0.784027261904568,0.03441844642178497,0.18155429167364717
id24314,0.9609440239998269,0.03890616503469602,0.00014981096547694986
id21475,0.00803168127784961,0.0021105090061401145,0.9898578097160102
id22733,0.1460140582265086,0.8484876647385391,0.005498277034952371
id14297,4.7175095456483824e-05,0.9835280740288209,0.016424750875722705
id27627,0.18446341824956985,0.8154479734685253,8.860828190502064e-05
id03580,0.09734013981226648,0.9022722059140056,0.0003876542737278527
id08858,0.0007874499356184146,0.019984765920134102,0.9792277841442475
id22512,6.268608284279694e-05,0.999701475186496,0.00023583873066118898
id05634,0.45760025542183896,0.07837324834362583,0.4640264962345351
id00105,0.00222400900301458,0.010557647330718085,0.9872183436662674
id26635,0.9113561576495216,0.04767349115814951,0.040970351192328905
id19324,0.05426808943022524,0.00013526533975634193,0.9455966452300185
id00210,0.5601525104527171,0.12751007937727618,0.31233741017000677
id06809,0.6273724422616861,0.0014089687873920888,0.3712185889509218
id04074,0.001624541398895806,0.9748738785213735,0.023501580079730782
id27010,0.1913391182258439,0.6743641940293803,0.13429668774477577
id00699,0.0027625871246009506,0.0003506313404872588,0.9968867815349118
id18549,0.04653148926546427,0.1645470045121325,0.7889215062224032
id14089,0.8121362750955757,0.17159480751993575,0.016268917384488532
id19792,0.005398040380642001,0.9932442652442315,0.0013576943751265685
id19935,0.0005917270884204394,0.014447659451489191,0.9849606134600903
id22960,0.0002930567093726908,0.05695867080184964,0.9427482724887777
id02471,0.0037971401116673326,0.0005854368286079138,0.9956174230597248
id07896,0.0013912777026542456,0.003741333446861406,0.9948673888504843
id20033,0.9800928540935123,0.011033752009685378,0.008873393896802346
id15018,0.9958326471767809,0.0012561102747367854,0.0029112425484823104
id19528,0.9550958799191346,0.00890176180102354,0.03600235827984188
id21621,0.285211378686389,0.032731554372688196,0.6820570669409228
id14328,0.06777763187499002,0.8457254193396558,0.08649694878535413
id19524,0.9561251986897632,0.0016304177844725012,0.04224438352576437
id00219,0.9983924151014535,0.0012157698167410771,0.00039181508180538126
id23229,0.1400344633664338,7.72812063706141e-05,0.8598882554271956
id14357,0.8424536368630559,0.09467393183684505,0.0628724313000989
id21829,0.007047794197264662,0.004904466948780922,0.9880477388539544
id02137,0.6928436108593048,0.24999659960502618,0.05715978953566903
id23524,0.7687157868752482,0.009181269198614568,0.22210294392613722
id12022,0.9925826096455242,0.004069663798706938,0.0033477265557687844
id05255,0.6597203511792018,0.32114995100584703,0.01912969781495106
id14605,0.9727327020162387,0.002845404775537404,0.024421893208223855
id15329,0.13608029836477023,0.03679368303596767,0.8271260185992622
id06046,0.6254996963737182,0.023060869531374924,0.351439434094907
id16548,0.009089075710907233,0.0035648223229087827,0.987346101966184
id23369,0.04373841013887075,0.022565116757702845,0.9336964731034264
id17824,0.9444874823656364,0.00038830337576873514,0.05512421425859477
id17243,0.00815959367534054,0.0009463210712625372,0.990894085253397
id13185,0.005676657354310241,0.9942468565502588,7.64860954309994e-05
id27091,0.9145545578158898,0.08349740020956166,0.001948041974548603
id21817,0.1302969226173105,0.000851343197504239,0.8688517341851854
id21912,0.9683526578806221,0.025893997162037732,0.005753344957340127
id24163,0.16498645926558145,0.19107890938880528,0.6439346313456134
id12484,0.0011586164580050032,0.0011902964644856422,0.9976510870775094
id15799,0.7215768345615265,0.26021705451919896,0.018206110919274574
id22315,0.28191797297214105,0.6855889507591485,0.032493076268710494
id02608,0.0015751091924485847,0.9144707166337246,0.08395417417382676
id10057,0.9948643929326668,0.004189871969830329,0.0009457350975029266
id01709,0.9855234542169419,0.006834649505936301,0.00764189627712188
id11153,0.008936049326676491,0.9900501900165758,0.0010137606567477623
id25154,0.31942482548244994,0.6597384303849739,0.0208367441325761
id18207,0.045435564086137144,0.951430869839059,0.0031335660748038337
id03370,0.010003362049377811,0.9889384236694305,0.0010582142811917546
id26760,0.8426636239232015,0.1218288503710089,0.03550752570578944
id15099,0.9119722370826047,0.003792632863669785,0.08423513005372558
id16341,0.0028429622515783507,0.007323200227967595,0.9898338375204541
id15572,0.43904590736789784,0.23203810463513225,0.32891598799696997
id24901,0.9990230381610405,0.0006614979042546082,0.0003154639347047563
id04528,0.9118833654300483,0.043883898398287054,0.04423273617166464
id26507,0.00017176763673361505,3.9913115955482225e-05,0.9997883192473109
id26687,0.9579876468967699,0.006962549270826903,0.03504980383240325
id27819,0.11385864230643761,0.008445807815490187,0.8776955498780723
id17610,0.005510977650824285,0.9936688622253895,0.0008201601237861137
id03373,0.36316874157484613,0.5625115494638829,0.07431970896127099
id05881,0.2395562550339713,0.0025081205728506154,0.7579356243931781
id15875,0.0016400303226790378,0.0038793765468625187,0.9944805931304584
id18400,0.8853356953596873,0.06546719037780653,0.049197114262506204
id23596,2.4092188124356465e-05,0.0006473451741315037,0.9993285626377442
id07006,0.0011095916120165863,0.9988729429713381,1.7465416645233308e-05
id25134,0.028634942245832358,0.9689133507100735,0.0024517070440940904
id17393,0.9842587205107262,0.005035343716554019,0.01070593577271981
id20155,0.019808729969783785,0.9801301087469977,6.116128321852206e-05
id09536,0.04359504600886015,0.9121564241909375,0.04424852980020249
id09155,0.07057664310341763,0.919218434752536,0.010204922144046528
id26482,0.9983864821876802,0.0009749706096367109,0.0006385472026830447
id17001,0.10768665713240373,0.8749213959327896,0.01739194693480654
id08134,0.4918017132022557,0.0005738647734568763,0.5076244220242874
id10174,0.9575716485533939,0.027836204945487383,0.01459214650111851
id04760,0.5234154341532334,0.12018212835932292,0.3564024374874436
id04941,0.9743520840414557,0.02028650395034205,0.005361412008202307
id01339,0.8153189877634636,0.17763262150043882,0.0070483907360977364
id24710,0.465549116520779,0.10850187657110183,0.4259490069081192
id20408,0.9030597392533617,0.0737828616027445,0.023157399143893895
id04028,0.007182754511844618,0.8141889634350823,0.17862828205307307
id07153,0.11613616065878472,0.01253769386306909,0.8713261454781462
id20098,0.08988216741961681,0.9020630324101049,0.008054800170278419
id24146,0.13226376743395296,0.029921328114531277,0.8378149044515159
id06276,0.9260120575443619,0.03884222504584466,0.03514571740979352
id18978,0.5229142089047979,0.42164463934515545,0.055441151750046595
id04247,0.6833661534909519,0.027830406964111726,0.28880343954493637
id02020,0.09135898931933427,0.9052717840049553,0.003369226675710439
id14299,0.005644928364092705,0.0004527262739086462,0.9939023453619986
id27255,0.24211496822142226,0.7346232088367408,0.023261822941836836
id05751,0.00412181216141287,0.004448444192678672,0.9914297436459085
id09428,0.9970134888291847,0.002310539970784391,0.0006759712000309144
id06941,0.76091090363897,0.23852218283425977,0.0005669135267702891
id25678,0.00504086471208291,0.0005023110823610886,0.994456824205556
id27425,0.9958674822692419,0.0012831766125481817,0.002849341118209924
id12619,0.1520122887549375,0.8312887619859045,0.016698949259158057
id00530,0.011231010243636371,0.0023928500215090924,0.9863761397348545
id14683,0.9390472687863621,0.05923856880408816,0.0017141624095497168
id14618,0.005043011138739196,0.9887748396750116,0.006182149186249305
id07599,0.9950403787234714,0.001928512243110097,0.003031109033418578
id02786,0.9516813700430009,0.016096982732082456,0.032221647224916654
id21563,0.7765595900583641,0.023413798594461424,0.20002661134717434
id26412,0.016639791382774848,0.0014073214941556988,0.9819528871230695
id18320,0.07999599668551377,0.8260410995911699,0.09396290372331631
id02043,0.9562902987663006,0.012454134706219807,0.03125556652747963
id03179,0.3944643853649074,0.5645268759964382,0.041008738638654424
id17256,0.2474722931815029,0.7459271031870314,0.006600603631465724
id07435,0.001246241928371589,0.020964499954570674,0.9777892581170576
id17659,0.8226545792483824,0.10029481713859102,0.07705060361302662
id06828,0.019724632951846326,0.9729931125873993,0.007282254460754445
id18636,7.6301110301668e-05,1.4551982573585709e-05,0.9999091469071247
id05216,0.9337192704707431,6.244942474481842e-05,0.06621828010451208
id23156,0.48911441727700455,0.053806179919082625,0.45707940280391274
id23861,0.9988314958009143,0.000800800992264697,0.0003677032068209547
id21416,0.3326518989644992,0.0008015236551347732,0.666546577380366
id02763,0.9400463598311438,0.03277352935556474,0.027180110813291466
id12625,0.0014493880898045213,0.03834941452769744,0.9602011973824981
id08033,0.41551072604975064,0.018059944380570153,0.5664293295696792
id24105,0.6995788910476497,0.22499555094656126,0.07542555800578898
id09295,0.9880651468457813,0.00022381331034461872,0.011711039843874116
id22062,0.1591071942510782,0.8351328285561057,0.005759977192815974
id21044,0.9543045830414304,0.005069741641872904,0.0406256753166966
id17419,0.6707345538542507,0.011279819156967187,0.3179856269887821
id10969,0.9913599100420766,0.0019598668029172203,0.006680223155006197
id23066,0.017875199734471967,0.18002681332226703,0.8020979869432611
id25667,0.9882175486027476,0.0006317658378747775,0.011150685559377503
id14534,0.981251424990107,0.011477537864311996,0.0072710371455810534
id26645,0.0031831340618211483,0.9484638953181983,0.048352970619980506
id03965,8.009248841190486e-05,0.0002572723979785114,0.9996626351136096
id25956,0.9176282198171848,0.08008158519653563,0.0022901949862796506
id23707,0.9840542086545526,0.013311010975028905,0.0026347803704184405
id18026,0.7831807622585097,0.039445299489380165,0.1773739382521101
id10767,0.016352181334871794,0.9647267320192248,0.018921086645903328
id18802,0.5812225590372937,0.4183144827212326,0.0004629582414738141
id02940,0.10735217816506008,0.6874908324014521,0.20515698943348784
id13403,0.9933090760534687,0.004072046234835026,0.002618877711696222
id10201,0.0001722857427011153,0.9997826121591163,4.510209818259188e-05
id15333,0.0033450211112531075,0.0010416505960437331,0.9956133282927031
id25619,0.007130424508842923,0.002570112584795376,0.9902994629063617
id18506,0.01894682917739539,0.9793338607393333,0.001719310083271415
id09835,0.006068426711387147,0.9931851181011092,0.0007464551875036268
id14828,0.7759367912785118,0.21557734165333256,0.008485867068155713
id26816,2.3452320494354056e-05,0.9970301492608755,0.0029463984186300857
id26134,0.37114994281895103,0.6285358292104825,0.0003142279705665369
id25064,0.9221660008396432,0.0021859203958403874,0.0756480787645163
id14254,0.4567942347141125,0.4751665846685629,0.06803918061732467
id09352,0.03928764200340744,0.6201556084110722,0.34055674958552046
id21495,0.9718601984281763,0.01539425864180332,0.01274554293002041
id15349,0.0002019886902213377,0.0005486923873974091,0.9992493189223812
id06759,0.02231128213782189,0.9675993198976411,0.010089397964536975
id20876,0.7928213034501594,0.01101774314749362,0.1961609534023469
id14644,0.9513332724140714,0.03235643159286871,0.01631029599305984
id16927,0.0008493538943674991,0.0898785055580501,0.9092721405475824
id00417,0.023609504316870922,0.4724008430466546,0.5039896526364744
id18892,0.1956537017770272,0.07702739543162775,0.727318902791345
id17500,0.03476995965720445,0.9650340226942418,0.0001960176485538034
id17676,0.009679338254071366,0.9577955827456921,0.03252507900023644
id03378,0.9950671469877842,0.004875531298599462,5.732171361642285e-05
id26891,0.9510416697621861,0.002842772626815265,0.046115557610998684
id15609,0.9193772996427323,0.0801244464266025,0.0004982539306653246
id11270,0.9237418331882026,0.06177672039893273,0.014481446412864645
id01141,0.0004737597733819865,0.001797582380621896,0.9977286578459962
id18738,0.553484211210054,0.0003901631593951816,0.4461256256305509
id23964,0.0003504676846567548,0.059181768153725965,0.9404677641616174
id08032,0.6724790478976438,0.0003674551582188041,0.32715349694413737
id10410,0.1767172725183607,0.2267045085946015,0.5965782188870379
id15738,0.862771320032908,0.12308388745193771,0.014144792515154363
id22293,0.28653649084349003,0.0016591825055139123,0.711804326650996
id23174,0.7939597286678761,0.1751064419024115,0.030933829429712314
id13041,0.0017304512801641664,0.9475378490402515,0.05073169967958439
id18377,0.004220890713225144,0.017574075882193424,0.9782050334045814
id24269,0.034651477851317905,0.9221297405452246,0.043218781603457525
id19445,0.05842139485767629,0.901335874459379,0.04024273068294468
id16449,0.08178821321403316,0.7881389756338077,0.13007281115215902
id11857,0.0017574349819896877,0.17064862537615302,0.8275939396418572
id14929,0.16070877933279207,0.8036862409431019,0.03560497972410599
id16029,0.06607774426763956,0.051562177507818094,0.8823600782245423
id09091,0.9724456175370115,0.0028911291916705645,0.024663253271317954
id14431,0.06991907025486646,0.9252926326734974,0.004788297071636153
id15857,0.650877953950768,0.08038954520994727,0.2687325008392848
id26177,0.023714509660322403,0.0011923446182801926,0.9750931457213974
id07001,0.0006353842149722141,0.37997874133636395,0.6193858744486638
id00626,0.3336723264187937,0.0004372456375029017,0.6658904279437033
id25160,0.5802459064476825,0.07517126968984943,0.3445828238624681
id21474,0.0018334375609527981,0.00019178637472047188,0.9979747760643267
id03155,0.9964445990998119,0.0035525927561347497,2.8081440534497197e-06
id11858,7.699695758818108e-05,0.0004317765154365981,0.9994912265269753
id12413,0.053454545065969326,0.9326908730885614,0.01385458184546917
id25656,0.0013396323492038012,0.9985625574599509,9.781019084526457e-05
id24322,0.710345599641763,0.07803077774736192,0.21162362261087503
id20603,0.7185233892664926,0.2098944185309156,0.07158219220259178
id06878,0.9026406556655209,0.08665842519157757,0.010700919142901595
id03535,0.8256422903160974,0.16550954818740224,0.008848161496500464
id11831,0.8098550098910082,0.00016230193497902744,0.18998268817401287
id24685,0.9794430289157652,0.019448017749358146,0.001108953334876758
id10426,0.11354637355937885,0.10794070445411087,0.7785129219865102
id09024,0.030301907901954254,0.9694560005723258,0.00024209152571993454
id09728,0.27414304783827903,0.00043506033543643956,0.7254218918262846
id01065,0.002265394068020633,0.9858138177236404,0.01192078820833897
id14005,0.5718928841865889,0.1381681846977275,0.28993893111568364
id18534,0.00024681009548729746,0.036085324413752035,0.9636678654907607
id19862,0.11356961630036816,0.7348819375942971,0.15154844610533474
id14707,0.9390857200034854,0.060666219242087815,0.0002480607544268445
id02248,0.0010601360423012657,0.9930686035107423,0.005871260446956333
id20494,0.2080665646382925,0.04882242275220628,0.7431110126095013
id27072,0.9611513215156201,0.03869087582498535,0.0001578026593945676
id20587,0.46667653380640123,0.46756795201614787,0.06575551417745075
id24134,0.018792445469022468,0.03268141841585142,0.9485261361151262
id22696,0.2665193537409265,0.022058008872245183,0.7114226373868283
id23757,0.9749632875223956,0.016757034921242125,0.00827967755636229
id18828,0.9417066606658714,0.056020516316207136,0.002272823017921525
id14040,0.21179430605627023,0.015247230985671989,0.7729584629580578
id09385,0.9361898279451683,0.013249881182747258,0.050560290872084496
id16005,0.0011448916798811647,0.9972511463647193,0.0016039619553994626
id12467,0.31567857703902513,0.038615574158871825,0.645705848802103
id16209,0.5204195770611152,0.3718722586698852,0.1077081642689997
id01621,0.05570355839415447,0.9398408960436935,0.004455545562151946
id18081,0.01882061341434135,0.008985858727089662,0.972193527858569
id06667,0.044908776801438434,0.005640919333419135,0.9494503038651424
id07436,0.0004613548995626792,0.00011657566703043329,0.9994220694334068
id19498,0.3942697880042172,0.5780980703467135,0.02763214164906942
id12123,0.9269426774347644,0.07013960432412408,0.0029177182411115887
id17082,0.9311064128271638,0.04782078660041532,0.02107280057242085
id00313,0.002879615858359458,0.9794257862285468,0.017694597913093794
id14281,0.08127830829240942,0.02411556162397839,0.8946061300836122
id14755,0.667522410444988,0.005185974968557739,0.3272916145864543
id17484,0.8389927012958954,0.15552608928774572,0.005481209416358942
id00111,8.040777787717827e-06,0.9998370177023042,0.00015494151990816615
id16542,0.08624284271083173,0.16489255095258096,0.7488646063365874
id00458,0.9620147960807247,0.01687913082868274,0.021106073090592592
id07682,0.32271043533671584,0.6472142759940787,0.0300752886692055
id02041,0.0726832022009332,0.9069210235049788,0.02039577429408797
id26070,0.12943233644633498,0.0017822769262430787,0.8687853866274219
id05271,0.9100220977143342,0.03092188003110583,0.05905602225455996
id18107,0.964646921190556,0.030595599039598055,0.004757479769845987
id01170,0.06722683984789006,0.05110110297292329,0.8816720571791866
id23464,0.08656192452767529,0.8626421391472346,0.05079593632509005
id03879,0.49905748774353065,0.2397869761922566,0.2611555360642128
id22473,0.00039170793375367153,0.9937949635966674,0.005813328469578984
id20937,0.8138546504884916,0.1748461370324058,0.011299212479102616
id16239,0.42068990216117275,0.540920085326415,0.038390012512412204
id02348,0.9840457023354686,0.0064638166317161965,0.009490481032815157
id19796,0.9993215376607593,0.0002916227512372438,0.00038683958800335547
id06531,0.02815998951899688,0.0004700523490128928,0.9713699581319902
id02641,0.07711497818004656,0.9208751443401945,0.0020098774797590404
id01332,0.540242315556103,0.00020987032443022888,0.45954781411946677
id24038,0.1558451878476647,0.8310297444977267,0.013125067654608677
id23699,0.9728436192119981,0.02424250891931973,0.0029138718686820813
id07294,0.8984630887173413,0.09330370841518919,0.008233202867469593
id00319,0.9037993756426799,0.09588039594747064,0.00032022840984946154
id05699,0.9873979831876908,0.009602361416692188,0.002999655395616999
id18863,0.9302224130110247,0.06285769324024577,0.006919893748729439
id07745,0.16275515700729518,0.00019111402756722407,0.8370537289651376
id02157,0.008986546723007877,0.9718374629051008,0.019175990371891348
id00525,0.23740328609200217,0.5653237922714486,0.19727292163654914
id14740,0.878785111928077,0.006182056896538479,0.11503283117538449
id01420,0.018581645913160992,0.9812826294310985,0.00013572465574056592
id17725,0.9990508882698973,0.0007075736119194984,0.0002415381181832161
id07807,0.046069756591935566,0.8854286682277386,0.06850157518032579
id11676,0.0036753620972208817,0.9353106856578055,0.06101395224497362
id06720,0.041332542308777816,0.0020649119641050163,0.9566025457271172
id08048,0.00012667562081522665,0.0032951478229350625,0.9965781765562497
id04185,0.5531588425373297,0.00868624939429993,0.4381549080683703
id02077,0.8086777841424889,0.005867037130089746,0.1854551787274214
id12968,2.7531512256584916e-05,0.0009398099581645022,0.999032658529579
id01945,0.9547273497216636,0.039559107818170194,0.005713542460166142
id06446,0.8323482079948964,0.16430204876354354,0.0033497432415600967
id01072,0.9648617375161216,0.02494840166612203,0.010189860817756458
id15124,0.8535925378734346,0.02622635417948877,0.12018110794707666
id14173,0.0006039989427684093,0.9992454906931709,0.00015051036406069508
id27559,0.024317592554538983,0.0012765635398073604,0.9744058439056538
id13722,0.6832925975941875,0.06283679181391859,0.2538706105918939
id09310,0.8854236927253807,0.07971114587035943,0.03486516140425996
id23024,0.9764788457997895,0.021370335557932538,0.0021508186422780503
id24332,0.05865895914480044,0.895459070724562,0.045881970130637446
id07699,0.2161508517919835,0.12269354301214852,0.6611556051958679
id06837,0.33128207194662357,0.6634247650786358,0.005293162974740555
id07279,0.9914477162544262,0.0003234112561884154,0.008228872489385426
id16451,0.282733508991069,0.023435946174647733,0.6938305448342832
id17588,0.0009582705174871325,0.6112855711596769,0.3877561583228361
id07018,0.9918707981410684,0.0003751133844449476,0.00775408847448666
id12994,0.2127164671463917,0.7560497412636318,0.03123379158997652
id03703,0.9538241090996581,0.021365995126429584,0.024809895773912353
id01753,0.8477253923684003,0.061341147997167486,0.09093345963443218
id02866,0.03784238814725337,0.006246097361455607,0.9559115144912911
id21884,1.99553661451388e-05,0.9995661849150104,0.00041385971884447747
id27543,0.44060471504705523,0.0012826568203757203,0.5581126281325691
id22149,0.0015053493447035387,0.46975388383724637,0.52874076681805
id14595,0.6701156728268377,0.3289905133929972,0.0008938137801652158
id12383,0.16025291917395107,0.8390893978868771,0.0006576829391718354
id27714,0.9585518566609861,0.040687879072837996,0.0007602642661759843
id17634,0.9071736921303349,0.08756079624965016,0.00526551162001482
id15906,0.0015073542594098205,0.00019106977772322548,0.998301575962867
id09047,0.028874759643263158,0.0001997774730745954,0.9709254628836622
id02059,0.6225491969072916,0.023643911621658274,0.3538068914710501
id19107,0.9865029886377361,0.009567024731464684,0.003929986630799284
id02385,0.41524936578240057,0.001970699737411959,0.5827799344801875
id21312,0.9893511529376017,0.010541028585410095,0.00010781847698822915
id02215,0.07516751189263224,0.9232979019794348,0.0015345861279328992
id08928,0.7582074679993569,0.09140386769718843,0.15038866430345477
id07099,0.9919343829034404,0.00756870107270181,0.0004969160238578401
id01935,0.9046750951119396,0.08032626657247065,0.014998638315589825
id24757,0.1688907950227376,0.8286258040326948,0.0024834009445677103
id01848,0.03577246734702283,0.03320323488865055,0.9310242977643266
id06224,0.9994780898577282,8.987190764092776e-05,0.00043203823463080755
id15539,0.0012282837029713829,0.8977542076988931,0.10101750859813548
id22907,0.01961188092988237,0.9790483957447609,0.001339723325356798
id12713,0.9996139863907292,0.00018539793162159255,0.0002006156776492644
id15521,0.030628780739168478,0.039405162025797254,0.9299660572350343
id25539,0.7399518389666068,0.014304417072696403,0.2457437439606969
id23370,0.006698945547496347,0.006811839813920731,0.986489214638583
id15868,0.975787003394771,0.009039599971418559,0.015173396633810423
id17808,0.0007548486299885135,0.013574286552950867,0.9856708648170607
id08241,0.4848371600240133,0.3997120096759754,0.11545083030001128
id27284,0.9280491924440777,0.07157136135946486,0.0003794461964574795
id20707,0.9950546598361261,0.0008398411180622638,0.004105499045811686
id03823,0.004330855214704114,0.9929698339791336,0.0026993108061621808
id00463,0.10161844940985673,0.768296867029339,0.13008468356080427
id07241,0.9955603972858362,0.004157125440898605,0.00028247727326512564
id05702,0.0011057230254992298,0.9988049733543807,8.930362012001864e-05
id18973,0.9719922988109497,0.007253770563560542,0.020753930625489695
id18662,0.9245453137832347,0.02133234775228956,0.05412233846447584
id06448,0.0005415503677471243,0.10968828642047516,0.8897701632117777
id21002,2.0405005233805196e-05,0.9914513528486475,0.008528242146118603
id08753,0.9972438300037569,0.002148674446890064,0.000607495549353072
id27832,0.024580163346771444,0.9457387201037584,0.029681116549470095
id11341,0.44693054577205527,0.5493851304695793,0.003684323758365608
id11426,0.044549685880273915,0.16082956775814589,0.7946207463615801
id15388,0.09259986463822567,0.0014990886438038943,0.9059010467179704
id12801,0.9501306348535322,0.016738774896849638,0.03313059024961822
id02380,0.47619228397057856,0.007991337564014878,0.5158163784654065
id02777,0.6656896230848646,0.00046273127835415084,0.3338476456367813
id05412,0.1654184203839396,0.004950085034428856,0.8296314945816315
id01303,0.9849124379899912,0.01250697549197421,0.0025805865180346227
id21665,0.9659162548994844,0.002033781306728883,0.032049963793786614
id12973,0.050249037151763924,0.012437108841614445,0.9373138540066217
id22046,0.9832436184540253,5.764167829535799e-05,0.016698739867679384
id24035,0.004787428710489236,0.0004962260947640522,0.9947163451947466
id15513,0.14081718855188566,0.8581029159162508,0.0010798955318636245
id12302,0.13923133830768814,0.026588316318401587,0.8341803453739103
id01751,0.9305455570119197,0.012646257501042837,0.05680818548703738
id27003,0.9460323574204966,0.014048269631339802,0.03991937294816357
id14689,0.0037052273660921993,0.9919817277395715,0.004313044894336247
id11885,0.6405171480411712,0.20507551811127211,0.1544073338475567
id16558,0.8102319253972161,0.06461363853187328,0.12515443607091065
id15785,0.66543987883777,0.254711971085932,0.07984815007629802
id25382,0.004628396864112241,0.9942314742837087,0.0011401288521791432
id19170,0.9334181131599913,0.05823736203381065,0.008344524806197963
id22689,0.9858498107970477,0.008863716294902345,0.0052864729080499264
id03178,0.8873546726232158,0.09101888895388277,0.021626438422901514
id22393,0.9002028001483072,0.002019697714089333,0.09777750213760326
id19215,0.24824624469181442,0.009248950841896407,0.7425048044662892
id27829,0.8088698081795035,0.029453935218190903,0.16167625660230553
id11659,0.3937729603391337,0.003673194354636089,0.6025538453062302
id25831,5.7440364889277355e-05,0.9864155503052103,0.0135270093299004
id08781,0.9661991807496312,0.01446830675048922,0.019332512499879547
id11550,0.166957676195544,0.830756253648558,0.0022860701558980747
id25478,0.2829576084578654,0.0023603919912151996,0.7146819995509194
id09909,0.9950794368397686,0.0021063575995339495,0.0028142055606973646
id09009,0.05776491271098018,0.008832825548622678,0.9334022617403972
id12660,0.34331228658149515,0.007511321593668148,0.6491763918248367
id23033,0.20672252054965806,0.6657265047366674,0.12755097471367452
id25937,0.9374761299172552,0.057132235352100685,0.0053916347306442155
id10385,0.9094208283313087,0.0898277393563471,0.000751432312344225
id15288,0.0010360498991399854,0.004533589955086067,0.994430360145774
id06403,0.9918518026723353,0.0058351644170080395,0.002313032910656625
id18342,0.003326104860285176,0.9636776216842847,0.03299627345543016
id00497,0.6055140600768653,0.004191322694707205,0.39029461722842745
id12156,0.9866629870994944,0.0132134583669321,0.00012355453357341985
id26825,0.9814885428640251,0.004210503307973834,0.014300953828001029
id20140,0.17111527351712155,0.0023273639467652485,0.8265573625361132
id06714,0.14181037346570183,0.01386337941565381,0.8443262471186445
id06017,0.009075940778360426,0.010978865601385118,0.9799451936202545
id14841,0.9869383832569624,0.009566174466106825,0.0034954422769306946
id25646,0.03943166381738213,0.0327875103448899,0.9277808258377279
id09218,0.8497287790216802,0.10943359533873376,0.04083762563958608
id21857,0.0019461313812424057,0.9979461363298112,0.00010773228894637164
id05750,0.048962707362251806,0.02258950671065669,0.9284477859270915
id10507,0.014169740526836694,0.03632368414960383,0.9495065753235594
id09696,0.012175055562483874,0.14107319749525352,0.8467517469422626
id00835,0.49018110311635144,0.4842842290063244,0.025534667877324266
id26717,0.24438516186547438,0.08090031997415634,0.6747145181603693
id17573,0.006626025740401576,0.003897224604596359,0.9894767496550021
id21144,0.10131557939736688,0.7212865189624427,0.17739790164019054
id02305,0.9273951031011552,0.07258078740406869,2.4109494776066908e-05
id26035,0.3576884970792789,0.2509061994105502,0.39140530351017083
id00878,0.9816630886908697,0.0003670764172143102,0.017969834891915983
id08728,0.4455288838165011,0.26189757699900645,0.2925735391844925
id10579,0.37039008027021986,0.4841312464548795,0.14547867327490077
id10720,0.5476064718028023,0.001411887813008016,0.45098164038418964
id09163,0.003941013982190709,0.0035771460253372217,0.9924818399924721
id16298,0.35560666375301164,0.6416255268408727,0.0027678094061157495
id05342,0.7977759462729456,0.012374642953317876,0.18984941077373654
id24256,0.06851346770817288,0.12287815812961445,0.8086083741622127
id12217,0.025970541545544575,0.9407055497005342,0.03332390875392121
id06159,0.7547115935323012,0.036877671154900746,0.20841073531279813
id24394,0.924932966602492,0.04805021816781083,0.02701681522969714
id20232,0.0017305086442842383,0.02533342380499581,0.9729360675507199
id26856,0.9959368495381373,0.0013831767779638286,0.0026799736838988304
id15108,0.0004322025106028621,0.9697823773139512,0.02978542017544593
id00751,0.7835932048074901,0.0015540042599608086,0.2148527909325492
id01784,0.9745736512448933,0.011878957010238271,0.013547391744868551
id26419,0.5943621034913997,0.03777738810511743,0.36786050840348283
id23877,0.42491313941715686,0.5715892138363973,0.003497646746445916
id05019,0.8786213218953948,0.0021819948395167712,0.11919668326508842
id23003,0.009142554606900034,6.109101530343951e-05,0.9907963543777966
id22153,0.26091257056235434,0.10161280920190298,0.6374746202357426
id19726,0.019060158661964036,0.9784626538571018,0.002477187480934086
id19033,0.9908702428613305,0.0035179452556915384,0.005611811882978036
id00534,0.0014361032528699717,0.00011259780186169383,0.9984512989452684
id07030,0.8865629342345853,0.003996754342705426,0.10944031142270927
id08281,0.08158670195406748,0.47109170324192906,0.4473215948040035
id00366,0.8869734548845294,0.10908155615331727,0.003944988962153437
id25446,0.015455714128531955,0.9127454681746499,0.07179881769681816
id25008,0.9989564343339726,0.00012737655259251304,0.0009161891134348835
id24142,0.005143174928059581,0.9942497196105724,0.0006071054613680625
id25331,0.00044010526640103967,0.0005070905618948733,0.9990528041717042
id16549,0.3819556211760062,0.006245049709229373,0.6117993291147644
id12120,0.008550699371339752,0.9513383685982787,0.040110932030381526
id07518,0.43769094251796287,0.5222069825375364,0.04010207494450071
id24749,0.01933543527852022,0.047151265847315084,0.9335132988741648
id23132,0.5592751056423497,0.4206108372420278,0.020114057115622388
id05946,0.038719192293421315,0.06016265892817244,0.9011181487784061
id07427,0.9876323463279657,0.0021744436575258127,0.010193210014508385
id14601,0.0006424337092799695,0.9985380274435786,0.0008195388471414841
id26504,3.421513219449298e-05,7.442348645930532e-06,0.9999583425191596
id27199,0.7832816650129881,0.17196901860804287,0.04474931637896886
id09610,0.7364334069345474,0.24914087878748611,0.014425714277966439
id02071,0.9812364624460512,0.013995515780199351,0.004768021773749454
id24431,0.8977293738026859,0.06936910453404137,0.03290152166327279
id20756,0.1109718691170624,0.008069614453511923,0.8809585164294257
id06525,0.07369469451830281,0.01174300183693162,0.9145623036447655
id11646,0.993287604720782,0.0006809851199589223,0.006031410159259036
id26808,0.9876601896444381,0.011739383174807591,0.0006004271807542864
id15122,0.9371874419514056,0.00330003047896803,0.059512527569626404
id26052,0.0009786152954855223,0.0009763424402791568,0.9980450422642353
id06693,0.9645108110152794,0.016207376297197824,0.0192818126875228
id13520,0.9992864419960228,0.0005543074161780784,0.00015925058779908764
id04381,0.8127071904992154,1.1330728841657923e-05,0.18728147877194293
id23315,0.05827733739513902,0.16897460110960075,0.7727480614952602
id15685,0.9317084149779489,0.06667221957441988,0.0016193654476313766
id12974,0.010616986543675462,0.19061895367062562,0.798764059785699
id22302,0.4654615609246373,0.15110938214358263,0.38342905693178003
id04848,0.6176990480813602,0.1973715664985254,0.18492938542011436
id05104,2.145482136824361e-07,0.01030620745890529,0.989693577992881
id17169,0.0009283299179645807,0.9931215314762362,0.0059501386057992725
id12736,0.19993098398380363,0.7961416163812567,0.003927399634939657
id24659,0.9483865926474269,0.01032221164910615,0.041291195703466906
id24829,0.9024570155754095,0.09279337998042553,0.004749604444164864
id04164,0.0065125910344436735,0.9882236984327945,0.005263710532761848
id17795,0.15169690392400328,0.434525728307244,0.4137773677687528
id09104,0.4631511797882204,0.5330313212720833,0.0038174989396963068
id07833,0.07939455040710762,0.01747387944028347,0.9031315701526089
id16733,0.8920096078792288,0.09137614283266678,0.016614249288104427
id18630,0.8842315330864492,0.0006983233826161455,0.1150701435309347
id16064,9.19073019077407e-05,0.002436250431655755,0.9974718422664366
id00561,0.0017104494742849969,0.9812601672220863,0.01702938330362872
id16627,0.9106053551700417,0.0557860376739938,0.03360860715596455
id02162,0.7124260714589987,0.2875232858182939,5.0642722707292266e-05
id16092,0.00017842833098847725,0.9589681191196157,0.04085345254939589
id10710,0.011775777834936225,0.985846329617173,0.0023778925478907856
id18885,0.7428653089966357,0.029192060046745235,0.22794263095661899
id10689,3.776022774056362e-05,0.001370334163406026,0.9985919056088535
id00486,0.04694412812727196,0.4084352853411357,0.5446205865315924
id02370,0.8909409790465231,0.10589878485333913,0.0031602361001378237
id22279,0.9935817696872342,0.0013311830003203931,0.005087047312445405
id16068,0.4775384707499797,0.000842066649290486,0.5216194626007298
id04053,0.013441586543380782,6.75457908376585e-07,0.9865577379987108
id09228,0.9975762378091216,9.095394151917908e-05,0.0023328082493592694
id04227,0.2446296224870652,0.7539483691026068,0.0014220084103280083
id13578,0.6417767552720599,0.33032668952827593,0.02789655519966411
id18744,0.0009959028264916827,0.252478045401216,0.7465260517722924
id22966,0.0012024316446172345,0.012009075550594732,0.9867884928047881
id02979,0.8632089424978064,0.004948539442600925,0.13184251805959274
id26203,0.9551259144606555,0.038765611228402566,0.00610847431094189
id21184,0.9632486346532231,0.000463322616695404,0.0362880427300816
id19201,0.9948942083560994,3.243802340645167e-06,0.005102547841559997
id20340,0.00040309625256150093,0.996537696597497,0.0030592071499414867
id00692,0.032552720083994596,0.052540018348699515,0.914907261567306
id17757,0.03312611491126584,0.00041921785184826054,0.9664546672368859
id22771,0.018637121626621168,0.009743231222744002,0.9716196471506349
id10753,0.15675576553081672,0.8411561710857606,0.0020880633834227252
id11899,0.9983617739574668,0.0006332723759998281,0.0010049536665332744
id20961,0.8501245936375613,0.14972926273023654,0.00014614363220219514
id06095,0.011169253237039625,0.9843485344632205,0.00448221229973985
id23625,0.7324182560671751,0.26743587451831835,0.00014586941450653253
id03942,0.6390381452151007,0.008844732025202218,0.3521171227596971
id19591,0.09054427663519234,0.8287132388050601,0.08074248455974767
id19732,0.8533732641703647,0.04051413314025316,0.10611260268938212
id24912,0.015912515894214652,0.9723838096208185,0.011703674484966965
id15060,0.9919982826111614,0.005723119936053488,0.002278597452785154
id08018,0.0696204509727637,0.8804616464192989,0.04991790260793735
id02851,0.9784474940101244,0.0017525080126190033,0.01979999797725653
id02327,0.3697086499426546,0.11078484356668993,0.5195065064906556
id22631,0.8911078258592942,0.02061106503680109,0.08828110910390478
id22240,0.8531301288331462,0.14055615363870608,0.006313717528147705
id05114,0.6386806065383869,0.0004747894194112418,0.3608446040422019
id14979,0.06260732478998937,0.9371016166379559,0.00029105857205487896
id25837,0.14163835017622045,0.8567307453047127,0.001630904519066801
id17457,0.9419059320035668,0.001949250285799343,0.05614481771063379
id23050,0.014240850130330083,0.0004239088874429028,0.985335240982227
id06461,0.782574037289119,0.0005999340011290177,0.21682602870975196
id03154,0.45079566535805493,0.00018157770684585093,0.5490227569350992
id20285,0.9849537122544284,0.00029524811769864024,0.01475103962787298
id23166,0.003364754327689032,0.9964650362211264,0.00017020945118469876
id11496,0.7214425422934898,0.2745421514852589,0.00401530622125139
id09569,0.9969001477280283,0.0030343646761671664,6.54875958045719e-05
id11193,0.7347181238511444,0.2494873212340765,0.0157945549147791
id26696,0.9677396151442744,0.031849302494933555,0.0004110823607920627
id15363,0.008708015837858588,0.9903793740735691,0.0009126100885723299
id13046,0.34706178057590326,0.30989316476390083,0.3430450546601959
id17653,0.004011250105319764,0.9959631031200386,2.5646774641709524e-05
id18812,0.004047108783717516,9.769604574810712e-06,0.9959431216117077
id23232,4.6872765228363485e-05,0.9987888210039813,0.0011643062307903284
id05290,0.5180071431500451,0.42641485926704525,0.05557799758290972
id10667,0.9888983064769584,0.005531170666592122,0.005570522856449403
id15546,0.003231267080215085,0.0004025870786263664,0.9963661458411585
id05862,0.18214113986452773,0.09519905975816521,0.722659800377307
id06225,0.00019339478107433019,0.019979577205994855,0.9798270280129309
id17617,0.5906318184417094,0.0045342149380324815,0.40483396662025806
id00814,0.009600518650205619,0.015694335385350807,0.9747051459644435
id18898,0.0035635806435666125,0.4801416523992805,0.5162947669571529
id19395,0.0009196838238066196,0.9324693147882614,0.06661100138793206
id19520,0.20900504915768225,0.7872666058222055,0.003728345020112279
id27501,0.2760618074685021,0.4526669564761836,0.2712712360553142
id06327,0.004451654133007927,0.05556932805704149,0.9399790178099505
id00330,0.000765373526814136,0.7805562784384227,0.21867834803476305
id03792,0.1775048922020133,0.6810413240125113,0.1414537837854755
id09320,0.8174092520343706,0.1796747747753946,0.0029159731902348275
id04678,0.02470919172369763,0.00789384044626028,0.967396967830042
id11663,0.9930607151823594,0.0009324782389805145,0.006006806578660247
id24945,0.0057333056709687,0.0006860592497298117,0.9935806350793014
id03046,0.0005469430645293908,0.9955378421434363,0.00391521479203427
id20236,0.8097433620277689,0.002385627098810218,0.187871010873421
id07869,0.4210879909307682,0.12869771744253508,0.45021429162669674
id08152,0.0002257326068128207,2.6723709288781603e-05,0.9997475436838983
id02910,0.04784253222890566,0.9467855895424094,0.005371878228684993
id26837,0.30505198547703155,0.6058849203185663,0.08906309420440224
id24188,0.09106598702666889,0.8572774114463657,0.05165660152696541
id08748,0.00016304126421203016,0.031220625717582398,0.9686163330182056
id18608,0.5669768153174558,0.0007886113914099077,0.4322345732911343
id18773,0.947347227522274,0.003114780353877642,0.049537992123848296
id21822,0.9066816451625537,0.0386097564587138,0.0547085983787326
id09721,0.05381119000158652,0.06836304490004667,0.8778257650983669
id23152,0.9895602939739697,0.002640103279662293,0.00779960274636808
id02249,0.0008159958684902442,0.9991807892794073,3.2148521024950463e-06
id14065,0.8803844936837742,0.0942439456487364,0.025371560667489388
id01598,0.0811063487985883,0.008478816958015202,0.9104148342433965
id06294,0.000738386782079951,0.0011621905345797544,0.9980994226833403
id19196,0.9797643687774321,0.019936637444356576,0.0002989937782113304
id06846,0.9413500632807069,0.02795449367977606,0.030695443039516983
id02239,0.010954191309705716,0.00014750439260403583,0.9888983042976902
id20363,0.01265629109871337,1.95795494209231e-05,0.9873241293518658
id14986,0.041622566024237494,0.9562212224033458,0.002156211572416633
id25864,0.015260829928076243,0.04246853714163703,0.9422706329302868
id22272,0.7234180545419943,0.0009070242842916387,0.2756749211737141
id06212,0.31560089794884616,0.11220481608310501,0.5721942859680488
id15497,0.340438903780815,0.6102084272726956,0.04935266894648937
id12206,0.0008763992866417879,0.0012718814153941484,0.997851719297964
id03109,0.08120679769369994,0.8891503165918104,0.029642885714489704
id00812,0.055701583191826984,0.004990130936493778,0.9393082858716792
id04837,0.4806036013380982,0.32806520567149394,0.19133119299040793
id14518,0.9517954542626542,0.041593353227275254,0.006611192510070618
id18095,0.31591129789660527,0.679070800200033,0.005017901903361833
id15831,0.21610761478964968,0.7528254566207486,0.03106692858960167
id12558,0.4930830442060381,0.42654236901627895,0.08037458677768299
id27858,0.8984899485473639,0.08673137512353939,0.014778676329096586
id24074,0.9193316777141975,0.0760221351570167,0.004646187128785836
id23039,0.9870741901399557,0.002118389582432604,0.01080742027761182
id23415,0.00960681930547625,0.9899342199896773,0.0004589607048464781
id00613,0.0009759668799530892,0.005502281669942554,0.9935217514501044
id11373,0.029008205853117478,0.011792796834874067,0.9591989973120084
id00493,0.003044704417906501,0.9500306760782694,0.04692461950382412
id20781,0.4086417705459719,0.2628178283927946,0.3285404010612336
id16367,0.987383569200406,0.012193979813942747,0.0004224509856512919
id09831,0.0025674846560167787,0.9841448756918285,0.013287639652154825
id08016,0.005149318360530315,0.9932385299688022,0.001612151670667378
id02860,0.12067441623459034,0.8633700886010282,0.01595549516438154
id02382,0.017782681113785413,0.04098409504751711,0.9412332238386975
id06900,0.8033904216677057,0.0023826431668506802,0.19422693516544368
id26499,0.9925904103785672,0.00424393676586289,0.00316565285556994
id21696,0.1823208911797121,0.08735589454371336,0.7303232142765747
id21364,0.1443368729939075,0.8233073797215463,0.03235574728454615
id02752,0.35132166306139545,0.1173542364466029,0.5313241004920016
id02765,0.306856416903511,0.011581870588857976,0.681561712507631
id10307,0.9340765243219159,0.01785468200670106,0.048068793671383114
id26542,0.030405679317162215,0.011551251615336931,0.9580430690675009
id05416,0.5672250872934989,0.3451169476877574,0.08765796501874365
id03671,0.07294366276470506,0.9235320330212049,0.003524304214090072
id03740,0.060685792757442146,0.9389926073730951,0.00032159986946283126
id25818,0.97045538768341,0.00884277464480175,0.020701837671788202
id23290,0.9962061677309408,0.002126563356964892,0.0016672689120943377
id13438,0.023119318994700398,0.008329408952973547,0.968551272052326
id15502,0.9031024202764154,0.017348835123586388,0.07954874459999825
id18946,0.8786441484324946,0.015589968959771168,0.10576588260773426
id26357,0.009794186863660683,0.3750867312635909,0.6151190818727484
id13701,0.9804689309065298,0.014251811867214638,0.00527925722625551
id20217,0.017703114251431156,0.9785339918356143,0.0037628939129546405
id12716,0.42254257461120076,0.4271258908894348,0.15033153449936448
id03995,0.002477905042200305,0.9974176288300266,0.00010446612777301425
id16808,0.99098466507478,0.008567572610277234,0.000447762314942795
id11082,0.9215432133912741,0.0004512558504012832,0.07800553075832463
id06832,0.08149897830848009,0.0016285472625584736,0.9168724744289615
id11655,0.2092879563262892,0.789173606380212,0.0015384372934989072
id12727,0.9042294891402534,0.06614813167864037,0.029622379181106395
id14495,0.07201157162723809,0.0002012295236485625,0.9277871988491134
id15414,0.9613472216662237,0.002557699085579251,0.036095079248197104
id03844,0.9155848597380167,0.0023068033141273245,0.08210833694785595
id22810,0.002720825767893324,0.2252835305356574,0.7719956436964492
id05794,0.010484009984995908,0.9894738853033394,4.210471166486025e-05
id01611,0.14965885446776,8.47085203048113e-05,0.8502564370119352
id11150,0.13565365293687648,0.8624136822477142,0.001932664815409281
id27616,0.16583800492204104,0.017200693519509435,0.8169613015584495
id09738,0.32575644532183246,0.561547232211709,0.11269632246645843
id23766,0.8577706192990081,0.13302681655396859,0.009202564147023348
id06124,0.2788616193545066,0.20930526004234204,0.5118331206031513
id00926,0.6123784106315908,0.3855581400411725,0.0020634493272366863
id11991,0.019849440147411433,0.001113045275402935,0.9790375145771857
id22681,0.7038989034036293,0.28977042830892435,0.006330668287446485
id00979,0.007952495061312919,0.9912033328401435,0.0008441720985436047
id26300,0.6757430000767752,0.01977690242291432,0.3044800975003104
id15518,0.17471212609077116,0.0004612008902532761,0.8248266730189755
id26839,0.9489691674547805,0.04147351996658206,0.009557312578637324
id16154,0.9476668623393744,0.010367234395078197,0.041965903265547395
id12877,0.9092519310766667,0.04332294122560507,0.0474251276977282
id02816,0.09188458845692336,0.9079427810263433,0.00017263051673326924
id13400,0.13673520367218348,0.00014701769738958696,0.863117778630427
id14369,0.3275439058366268,0.19495937020006282,0.4774967239633105
id04073,0.8503670535492333,0.13789637037622687,0.011736576074539885
id04639,0.005191577387706294,0.8500628052731107,0.14474561733918295
id09970,0.3698167739625103,0.024460257670490124,0.6057229683669996
id23994,0.8429716765689568,0.07808279023895741,0.07894553319208589
id24728,0.00025180915190752543,0.9996826703028969,6.552054519559286e-05
id11539,0.9361146858611769,0.023234726673154453,0.04065058746566873
id18368,0.024671382768632552,0.030007255663397972,0.9453213615679695
id07722,0.8119848980370011,0.014045626377029271,0.1739694755859697
id10355,0.047847334116584234,0.944923490041838,0.007229175841577786
id02842,0.9335267318639489,0.06343030542012268,0.0030429627159284786
id02826,0.9970670224818444,0.002313981761112428,0.0006189957570431809
id14517,0.31463302213373123,0.6781947196877813,0.00717225817848753
id14833,0.3542895698642532,0.06552266596939325,0.5801877641663536
id00491,0.9957593843165399,0.003352950649696235,0.0008876650337639188
id10784,0.0058935497547909135,0.9665693481823084,0.027537102062900713
id27648,0.9524732624885107,0.04669350569408174,0.0008332318174076324
id00372,0.4698449752667979,0.4140858707217304,0.11606915401147176
id12796,0.003262570302654873,0.00037057416411475817,0.9963668555332305
id06215,0.8397101360422237,0.14859127606998837,0.011698587887788024
id24722,0.12021298465764474,0.017565904919910856,0.8622211104224444
id02729,0.008059417781015132,0.2299133373491783,0.7620272448698066
id01783,0.006908010257257871,0.00736790923177284,0.9857240805109693
id03025,0.05256205421683257,0.04784595497487855,0.8995919908082889
id03714,0.003949582519882925,0.9905925650435332,0.005457852436583839
id00173,0.1325292252621329,0.8255321909476092,0.04193858379025792
id09268,0.04403014483967095,0.00022601722870333152,0.9557438379316258
id08738,0.7347466032113158,0.26294186909685696,0.0023115276918272572
id18561,0.973595824831449,0.004809964017403901,0.021594211151147177
id04877,0.9020865585538078,0.0006703891159987044,0.09724305233019338
id15173,0.18590390935866555,0.7660972019567618,0.04799888868457275
id23020,0.08678859202189082,0.24524424169516315,0.6679671662829461
id04105,0.001973200113405213,0.9829944581583272,0.015032341728267576
id27807,0.9067079705228372,0.011656766309648807,0.08163526316751395
id08966,0.9530883133106418,0.04615083531520217,0.0007608513741560752
id15469,0.01522972167514727,0.0020460555211889394,0.9827242228036638
id26904,0.6774617467050161,0.0006363358081145783,0.3219019174868693
id14258,0.9677089318856851,0.0003745802233183897,0.031916487890996444
id04371,0.00011951262502389586,3.5547605781680275e-05,0.9998449397691944
id13963,0.9302782324864121,0.0015170043905198786,0.06820476312306806
id19097,0.9655420325976097,0.0029134002816612855,0.03154456712072886
id00350,0.03972597714283421,0.00012569058065896877,0.9601483322765069
id03571,0.8993371873995645,0.0984208030123849,0.002242009588050685
id05647,0.8895599125998555,0.005614402378452613,0.10482568502169198
id03720,0.011373840787745663,0.9881233730746047,0.000502786137649658
id10208,0.9556271010585318,0.0013490107044107046,0.043023888237057516
id04526,0.011362009852130128,0.6595883072286266,0.32904968291924325
id23694,0.000441900881923734,0.9991125000774032,0.0004455990406731796
id13795,0.9965519849762028,0.0027065997376197553,0.0007414152861773808
id04551,0.3330125453578872,0.6533174752061143,0.013669979435998526
id13292,0.9880862322133789,0.007564556234058311,0.004349211552562807
id18196,0.23160735508423627,0.7206541194561424,0.047738525459621366
id12175,0.9940606332289458,0.0006493478552442306,0.005290018915810093
id09482,0.9802494889997565,0.0028420892579809932,0.016908421742262494
id17574,0.053126473823677973,0.008049592925374424,0.9388239332509476
id12316,0.0042942873070664815,0.9934552160539079,0.0022504966390257107
id01875,0.024162539832260736,0.00032150368906158714,0.9755159564786777
id12688,0.0015217594363866748,0.9978603707041753,0.0006178698594379927
id12192,0.3742639946263565,0.2118778590176367,0.4138581463560069
id14713,0.0002622562149326758,2.183366390480293e-05,0.9997159101211626
id05961,0.003402901002782212,0.005365313744684877,0.991231785252533
id04556,0.9912275275205878,0.003566566474722644,0.005205906004689471
id20641,0.9133885642031508,0.0866073084319712,4.127364877972051e-06
id24624,0.38304502909466226,0.09424319548089162,0.5227117754244461
id20096,2.1507435606149184e-06,0.009423706436664837,0.9905741428197745
id03013,0.09021556768242273,0.30447462707934597,0.6053098052382313
id06775,0.8649003971346182,0.00068794378378349,0.1344116590815983
id17068,0.7984523102968393,0.0678623755513146,0.13368531415184612
id25344,0.1568933986380107,0.8416471725229735,0.0014594288390158523
id04523,0.6829615061371359,0.24002151285597478,0.0770169810068892
id00132,0.8775048202251388,0.1221983340409976,0.00029684573386376935
id11631,0.000848172264493666,0.12286694511279912,0.8762848826227072
id09022,5.3196210778395175e-05,0.0010239040264903943,0.9989228997627312
id10188,0.04921866476356025,0.026776535281422757,0.924004799955017
id12752,0.9362509103984591,0.040970103741740586,0.022778985859800354
id02576,0.05154092211181139,0.05396360934031669,0.894495468547872
id22768,0.9400995744998831,0.05518289616620604,0.004717529333910683
id25350,0.6785846054449512,0.0021707664232007776,0.319244628131848
id06560,0.999402606872847,0.00039501557105854466,0.000202377556094479
id20366,0.029752921732225594,0.09229284990719215,0.8779542283605823
id10840,0.9956304659702004,0.002356156393688281,0.0020133776361113335
id18880,0.9408883491707362,0.05858785674083927,0.0005237940884244044
id11683,0.5719106535843825,0.398523803021768,0.029565543393849553
id14734,0.4239406372104355,0.005710662642415053,0.5703487001471494
id15336,0.30546317030474307,0.6809260781829095,0.013610751512347448
id15319,0.9945562263623433,0.004270242011819088,0.0011735316258375819
id03829,0.1460770283859993,0.8422758816944196,0.011647089919581195
id18451,0.9834929974472554,0.004239626070943879,0.01226737648180082
id11816,0.9643377916808805,0.00012170802128078035,0.0355405002978387
id21792,0.9788771992558305,0.019405929039555507,0.001716871704614077
id26921,0.9525069186062287,0.00022071472949055087,0.047272366664280634
id08664,0.631246061947492,0.06383235804438643,0.3049215800081216
id06944,0.26945563977333475,0.7236549163351518,0.006889443891513611
id20817,0.004962538217543384,0.0014532682425034726,0.9935841935399532
id02759,0.9665710509835422,0.004142610835195123,0.029286338181262802
id01449,0.3546764843055252,0.6446772719306265,0.000646243763848399
id26909,0.8762176738402372,0.05520176358464216,0.06858056257512063
id03113,4.286453746411955e-06,1.498205865902457e-05,0.9999807314875946
id18364,0.9401351207410515,0.0023005821954211057,0.05756429706352739
id21004,0.0015193288002873135,0.00016600879833600146,0.9983146624013767
id00305,0.0471101870438646,0.051373317623475113,0.9015164953326603
id03374,0.0041499846306013366,0.9543218943519877,0.04152812101741107
id18916,0.9683729779316238,0.026039696031719056,0.005587326036657076
id06535,0.023392777239575273,0.9764108093528342,0.00019641340759057722
id25067,0.9971205894558907,0.0011634597762264236,0.001715950767882938
id27726,0.17992980109880202,0.8025725351050773,0.01749766379612076
id21767,0.9497123518996916,0.007665555624131604,0.04262209247617674
id17581,0.9908312333551238,0.0034334801545562485,0.0057352864903199505
id02354,0.7930961094584031,0.008559425793133126,0.1983444647484638
id16505,0.9770692034320759,0.0006134032139168348,0.022317393354007325
id00573,0.8759945688563798,0.02919064296604354,0.09481478817757666
id23256,0.9799242762376247,6.098916653151979e-06,0.020069624845722236
id25798,0.07228548116552472,0.920226147329229,0.007488371505246376
id10439,0.18836078477866366,0.4404374904314665,0.37120172478986974
id00652,0.07908974198274185,0.8418031769684934,0.07910708104876464
id17696,0.9978062549734384,0.001565773509525222,0.0006279715170363431
id22911,0.006693239027774012,0.0067650823261332016,0.9865416786460928
id19382,0.7363485411348185,0.015092919199345361,0.2485585396658362
id12258,0.6166586021661977,0.1046445646977141,0.2786968331360883
id19349,0.0036484337005951674,0.9958816420812517,0.00046992421815310423
id05653,0.9574026526168508,0.0032073155980641764,0.03939003178508506
id24532,0.05231210453729278,0.03721490645966677,0.9104729890030404
id04344,0.9950756461589175,0.0028057702601833813,0.0021185835808991294
id26369,0.0018629968017070816,0.5858731440089374,0.4122638591893555
id07974,0.7950016771795521,0.006148667557525413,0.19884965526292256
id11844,0.08194175300816103,3.127539258996828e-06,0.91805511945258
id15836,0.9649218538540296,0.009932149785701332,0.025145996360269103
id03278,0.12710888351385197,0.0007157212459522214,0.8721753952401958
id25245,0.8333934454001743,0.1635395555847895,0.003066999015036202
id10690,0.033372792679122396,0.10822587812694316,0.8584013291939345
id13618,0.31497591939758607,0.41204518042184185,0.27297890018057214
id05898,0.790927846194342,0.020643831792340733,0.1884283220133172
id08866,0.16052347492338004,0.7086349680014655,0.13084155707515446
id21212,0.017063588002349805,0.0052609746705840595,0.9776754373270662
id14035,0.9458266469816868,0.0016963938596764971,0.0524769591586367
id27517,0.0009397066444653032,0.0018931368937050467,0.9971671564618296
id22280,0.8110209012077716,0.05424845060931723,0.13473064818291117
id05488,0.8569085247120815,0.14235261985967743,0.0007388554282411103
id07921,4.196393600756846e-05,0.9998694139329235,8.862213106894176e-05
id26774,0.9874744852447506,4.820448751264137e-05,0.012477310267736791
id05200,0.31155930497526974,0.6855077857840821,0.0029329092406481885
id07514,0.2183499351380673,0.7814266184759122,0.0002234463860205049
id26147,2.7943579758226566e-06,0.0008840040982012572,0.9991132015438229
id16015,0.03915958521540346,0.3361115673453423,0.6247288474392543
id05730,0.9872646451472556,0.003936685009366835,0.00879866984337754
id10680,0.06823886379707367,0.0477607534210642,0.8840003827818621
id17677,0.2613073674460936,0.6702718431234757,0.06842078943043084
id11519,0.02261094332407567,0.014905404071014837,0.9624836526049095
id03255,0.9212935722033171,0.07833871805359766,0.00036770974308521676
id04658,0.40165338189748234,0.002937741977055617,0.595408876125462
id15449,0.009022143591449096,0.056629704510170964,0.9343481518983799
id08702,0.009897201584176936,0.9706142403675005,0.019488558048322537
id20255,0.029362134429899888,0.607844626186687,0.36279323938341307
id03108,0.00020439860095148275,0.9575853341030605,0.04221026729598806
id09118,0.0018518390493971048,0.00037696120460461996,0.9977711997459983
id16335,0.1037718610760736,0.07561795029820237,0.8206101886257241
id05595,0.9525557111977715,0.042877071289412504,0.004567217512815914
id06774,0.9905726309962543,0.0064176431730727165,0.0030097258306731015
id23750,0.003451770717880674,3.8622526635800395e-05,0.9965096067554835
id23246,0.8978844799501067,0.004746627387404088,0.09736889266248931
id06156,0.00848042174999606,0.8771913321353915,0.11432824611461256
id01049,0.14928957572915047,0.7268201516569436,0.1238902726139059
id22801,0.03466146246350973,0.9648880963660813,0.0004504411704088266
id14034,0.9750604565269304,0.0021893594869523587,0.02275018398611734
id01156,0.04974118481213637,0.9454141323225447,0.004844682865318892
id13489,0.8812682667276434,0.11003538563805178,0.008696347634304984
id18217,0.09582148098743012,0.7061676719847525,0.19801084702781732
id02048,0.0014555640989854027,0.9979275402717045,0.000616895629310157
id03684,0.9922448581657233,0.006414480873544996,0.0013406609607316867
id11208,0.010341278481748786,0.003761347779453521,0.9858973737387977
id14453,0.6431487787386225,0.00010116631727869691,0.35675005494409884
id03798,0.6127327425278397,0.003193129414919813,0.38407412805724056
id19911,0.005804335719792176,0.5980497433276794,0.39614592095252843
id04907,0.011097845061324302,0.02735715091785267,0.961545004020823
id11148,0.9917540767459304,0.005864394863220032,0.002381528390849606
id23996,5.377586469575622e-05,0.9319793593230586,0.06796686481224562
id19833,0.9822842816061869,0.010857230345271364,0.00685848804854166
id01932,0.9949259946048583,0.004952548462085258,0.00012145693305652882
id12137,0.6387239762519922,0.3458755127220584,0.015400511025949463
id20511,0.8403025075847129,0.005679976487555371,0.15401751592773183
id09367,0.0030505937937609093,0.9966583591967482,0.00029104700949085716
id20856,0.002187335739832014,4.73196829342559e-06,0.9978079322918746
id20704,0.6638805384033987,0.0018560729123019116,0.3342633886842994
id14526,0.45105331652130815,0.046015302548275454,0.5029313809304164
id08881,0.0016990662194920237,0.9981186358638992,0.00018229791660887286
id04366,0.5642672887317172,0.4348648630721051,0.000867848196177811
id05521,0.9759619658311374,0.021035544623062685,0.0030024895457999965
id10588,0.011570292951921012,0.5885306595788128,0.3998990474692662
id20689,0.9360561864693437,0.013966568223645196,0.04997724530701111
id16667,0.5003702598904888,0.4745286744148568,0.025101065694654385
id25279,0.9355607999458352,0.01417419296944944,0.050265007084715284
id24194,0.01926217555947746,0.9646903583948039,0.01604746604571865
id27341,0.9836864857320772,0.016075249309416433,0.0002382649585064273
id25695,0.955444670864898,0.007292084262523716,0.037263244872578254
id01758,0.3236771965005044,0.16602324237807595,0.5102995611214196
id02431,0.00038758552302421847,0.9523949768385236,0.04721743763845221
id19940,0.004575671723722609,0.0001740108051537824,0.9952503174711236
id23926,0.8718200933950809,0.1254490942759517,0.0027308123289673486
id14343,0.569324411146099,0.00023829758712493008,0.43043729126677616
id06043,0.0012277076489610674,0.00038151074793380327,0.9983907816031052
id05551,0.8652142099567147,0.06584343568241174,0.06894235436087347
id16698,0.012673743709614042,0.985906031084553,0.001420225205832937
id26006,0.9891028764770879,0.010131374714414549,0.0007657488084975543
id16244,0.0663192349792451,0.9219124196907795,0.011768345329975363
id21129,0.9908119799909355,0.0017462009533256756,0.007441819055738803
id14317,0.00015202060573770365,0.002361631157367178,0.9974863482368951
id16443,0.22167573382161537,0.0013201140676794426,0.7770041521107053
id00044,0.026437896449671965,0.0002522243691786942,0.9733098791811493
id01365,0.018176288595683085,0.961440414890858,0.020383296513458937
id12797,0.6285835599586871,0.01994213603315387,0.35147430400815904
id21275,0.9062481616725486,0.0018128865835846308,0.09193895174386683
id13801,0.1968645963674804,0.17789271689950414,0.6252426867330154
id20770,0.002350159323240885,0.9067099161988994,0.09093992447785972
id03078,0.9006394331028286,0.09770192972338877,0.001658637173782697
id21589,0.9726670013382549,0.00029043973638128454,0.02704255892536384
id25572,0.005264209819572939,7.555662930932432e-05,0.9946602335511178
id10712,0.9952868772414982,0.0002756905452889275,0.004437432213212848
id25061,0.015563212098192461,0.08845666910779638,0.8959801187940112
id03163,0.0886011397515419,7.62130116492082e-05,0.911322647236809
id12341,0.9185981768452669,0.007583212009655205,0.07381861114507787
id25107,0.003022177136952029,0.9956398433750616,0.0013379794879862393
id21945,0.9971730210380018,0.0019421974452292219,0.0008847815167689178
id14078,0.0016772079632393893,0.17999145630988156,0.818331335726879
id06876,2.1280504243401163e-05,0.0009247646540649439,0.9990539548416917
id05232,0.01011502982114426,0.9770026868796741,0.012882283299181714
id07071,0.7509008817708324,0.000558327246833185,0.24854079098233448
id10646,0.014814366012225761,0.9719974068930652,0.01318822709470899
id25540,0.8256647469722759,0.17415449501520092,0.0001807580125232392
id25607,0.002805545265505457,0.9921892351204439,0.005005219614050668
id16479,0.9570867346133969,0.01585830915957061,0.0270549562270325
id05998,0.06809497068461681,0.9314057333685428,0.000499295946840356
id20554,0.47902974443870633,0.03593590196574126,0.4850343535955523
id27217,0.9450478496544014,0.04012313392260114,0.014829016422997407
id20110,0.002663452908084897,0.9499799772650449,0.047356569826870254
id01990,0.006875120826044331,0.9920277135549326,0.0010971656190230915
id17080,0.33173310854210614,0.2092147577076981,0.45905213375019566
id19120,0.653203863355027,0.3211935289233723,0.025602607721600695
id08476,0.23948271457959536,0.022765504554604517,0.7377517808658002
id03715,0.14370205148769402,0.8554769002288745,0.0008210482834315903
id27208,0.9850270827381611,0.00017786676313937073,0.014795050498699565
id04508,0.9894864948026056,0.010429792961941102,8.371223545314808e-05
id11233,0.27511782941885554,0.0037082005107299102,0.7211739700704146
id14237,0.9043809348203768,0.07041338681477251,0.025205678364850624
id12006,0.726805432429329,0.27273078310423426,0.0004637844664367038
id22925,0.0005786525481571181,0.0011274209339507356,0.9982939265178922
id07141,0.9237790216601016,0.00026318603489054954,0.07595779230500782
id08449,0.5521944015179819,0.01193483464002005,0.43587076384199797
id16468,0.9176326450599217,0.007236592743915546,0.07513076219616283
id21415,0.012853134177556139,0.010854404574616942,0.976292461247827
id09388,0.9997259381610865,0.00019439234001277398,7.966949890082419e-05
id24767,0.002224948657736034,0.9968587499271088,0.0009163014151552159
id19247,0.9929207136857763,0.0005152238795594282,0.006564062434664339
id07068,0.8614575302546693,0.1384448581237239,9.761162160684783e-05
id27597,0.9538929896849477,0.04589629733323103,0.0002107129818212528
id21380,0.8781166566839206,0.11903867538474772,0.002844667931331648
id01178,0.062075077828544045,4.2547084146924015e-06,0.9379206674630411
id15323,0.9802134435015303,0.009207111107067116,0.010579445391402757
id14784,0.9847322428607644,9.512449340022903e-05,0.015172632645835401
id07174,0.797273207730452,0.02672960259619196,0.17599718967335606
id06577,0.9973455271039491,0.0016502981463789336,0.0010041747496719448
id06582,0.7622464788868181,0.1785497531980401,0.059203767915141904
id21088,0.3381341829925083,0.0007881914936656525,0.661077625513826
id16436,0.000913753912293163,0.9879043091167803,0.011181936970926499
id25443,0.8845844548391331,0.011196241747850222,0.10421930341301679
id16617,0.1267051092828713,0.007050315597134809,0.8662445751199939
id21757,0.09781445175674322,0.2883889868615257,0.6137965613817311
id25902,0.4213508932728048,0.15434107208987388,0.4243080346373213
id11238,0.6787948487186131,0.29381940339906676,0.02738574788232018
id13861,0.0022847851530088748,0.9255582633441148,0.07215695150287635
id04171,0.01028915547965143,0.03003284862342387,0.9596779958969247
id21483,0.004336746916512343,8.988435024882034e-06,0.9956542646484629
id12635,0.07169010261516881,0.6154667673888392,0.3128431299959919
id11666,0.014256767595346836,0.9832891715662816,0.002454060838371494
id21552,0.8267817722752185,0.17252561865992683,0.0006926090648546938
id13582,0.12241093097511004,0.8663026141379616,0.01128645488692842
id06447,0.6877187601811955,0.017635010014765806,0.29464622980403876
id22998,0.0018997474687384968,3.552134230062826e-05,0.9980647311889608
id15616,0.0016163209662816793,0.006825196389841672,0.9915584826438767
id09613,0.030698275197155366,0.9692880453394694,1.367946337516469e-05
id09318,0.27596882398117617,0.7112861500880386,0.012745025930785185
id07653,0.9898884896329003,0.0020603751966918483,0.008051135170407819
id21311,0.5667180654009819,0.39153926696418356,0.04174266763483442
id21030,0.515108300670123,0.4839681320035311,0.0009235673263459616
id10363,0.0003065675839103979,0.6825661283853989,0.31712730403069084
id02624,0.7539551469454068,0.03105220475285453,0.21499264830173873
id21462,0.06914185196205813,0.05123469586418363,0.8796234521737583
id24961,0.0056436340772230845,0.9581370349180257,0.036219331004751186
id08598,0.022694167155454584,0.0016591774543983802,0.975646655390147
id22701,0.8348011289203278,0.1636850039520297,0.0015138671276426474
id24954,0.5146678753068796,6.897672458746547e-05,0.48526314796853287
id24432,0.9373939353906713,0.04908151700851209,0.013524547600816658
id08123,0.005200657186801611,0.040621769875400275,0.9541775729377981
id08456,0.054182869664520066,0.00045522912124807774,0.9453619012142319
id02792,0.5788818624617058,0.0808552646556801,0.34026287288261414
id01034,0.004017954962117425,0.9950419353748707,0.0009401096630118589
id05336,0.2699278494148806,0.5362056087181374,0.193866541866982
id16773,0.2694223650687979,0.7079021291972407,0.022675505733961373
id20275,0.059833482776210874,0.89342105329061,0.046745463933179056
id22357,0.012532661560316289,0.9716269147362743,0.015840423703409344
id08426,0.9631191053899241,0.03484312828159568,0.0020377663284802576
id26118,0.7642887521104195,0.024954510980643135,0.2107567369089374
id27377,0.005766977350588334,0.004099436134888137,0.9901335865145235
id19738,0.21916946588368885,0.7778983627925878,0.0029321713237234217
id27211,0.964504262084658,0.013909252860136515,0.0215864850552055
id20362,0.8894922027245755,0.0023977454060192444,0.10811005186940523
id10769,0.6805170923409362,0.2013323244981998,0.11815058316086403
id02037,0.15644798099266943,0.8069965405418011,0.03655547846552939
id24338,0.9701730524233256,0.018591941567985326,0.011235006008688984
id21154,0.0001191780035250261,0.8351895865262189,0.16469123547025616
id15815,4.821743475949725e-05,0.011470967395041382,0.988480815170199
id03643,0.009187252803983031,0.11251508954423646,0.8782976576517805
id24266,0.00033313058015547667,0.9627524820995943,0.03691438732025027
id09707,0.5879953900531062,0.27920991923769084,0.13279469070920305
id22786,0.9856051225637105,0.0008033167315561213,0.013591560704733482
id27783,0.9117127543054165,0.041315879438964545,0.04697136625561898
id13684,0.005426243759107609,0.014547245350586449,0.9800265108903059
id03721,0.47829068900464466,0.3261633575984983,0.1955459533968571
id00139,0.9213309177593841,0.05816460087195018,0.020504481368665686
id07113,0.44221079940869074,0.04716365422640948,0.5106255463648998
id25748,0.8290688624216197,0.167826263405928,0.003104874172452346
id01901,0.4643693670133086,0.005777350451087513,0.5298532825356038
id15688,0.7875710730177304,0.04394728183275004,0.16848164514951955
id20660,0.7650026829270963,0.15343213917644175,0.08156517789646206
id03335,0.9847463466838853,0.002840242099363003,0.012413411216751788
id05947,0.9872024683543603,0.00718111025179765,0.005616421393842034
id14528,0.9920932016874832,0.006455673351347058,0.0014511249611697038
id04437,0.950317697828892,0.04682312290531337,0.002859179265794682
id10804,0.045321149733551454,0.9542610611995708,0.0004177890668778214
id17859,0.07776901055404303,0.9220695992383716,0.00016139020758533415
id01631,0.05299896624269835,0.9404981340941632,0.006502899663138525
id10949,0.6249339374538971,0.34223757850021674,0.032828484045886154
id02613,0.547861979876707,0.003303885748566402,0.4488341343747266
id21773,0.10313634228652985,0.8841616954033009,0.012701962310169145
id08523,0.12292327737097251,2.2433880259926846e-05,0.8770542887487676
id08014,0.18714459516578516,0.8121185430562641,0.0007368617779507045
id08659,0.01171371573809658,0.9725620508506493,0.015724233411254066
id17792,0.7921698754305808,0.1634378102157821,0.04439231435363709
id25612,0.031743317529524875,0.14076776729038815,0.8274889151800869
id27792,0.09813560323952641,0.8811354172062419,0.020728979554231718
id08889,0.9982508619218475,0.00017007776567611442,0.0015790603124763234
id17156,0.9546833648259132,0.027634759483898187,0.017681875690188607
id04124,0.49029585395174546,0.0018685815387596647,0.5078355645094949
id05048,0.689906795700685,0.09661793125277338,0.2134752730465415
id18882,0.4182874742488459,0.004989626208741561,0.5767228995424126
id03999,0.0002728509374618592,0.8309866188887051,0.168740530173833
id04390,0.017435355266237833,0.982021083818195,0.0005435609155671348
id06734,0.9224837740831019,0.007218522275773603,0.07029770364112457
id12623,0.23680331540541286,0.6673474966953014,0.0958491878992857
id10904,0.1513506989296623,0.8455988176837005,0.0030504833866371204
id23535,0.9864543141094578,0.013369171101628746,0.00017651478891347687
id08442,0.9668809653530214,0.00021768400652634294,0.03290135064045229
id25272,0.9933084692648442,0.004787327514598167,0.0019042032205575747
id15926,0.08085814807324049,0.809688273947408,0.1094535779793516
id07186,0.18087931527021187,0.007854660423242078,0.811266024306546
id20674,0.8808815412141076,0.028663133825657737,0.09045532496023474
id13297,0.7070528394049971,0.29207268798213293,0.000874472612869991
id08076,0.986018915069504,0.0013365417670843755,0.012644543163411619
id10493,0.2564093284085999,0.002458019637798151,0.741132651953602
id19450,0.994445555605415,0.002807819390204882,0.002746625004380071
id21746,0.9497279813302975,0.04841858525816337,0.0018534334115391916
id22034,0.013082387352091359,0.00034333372617171876,0.9865742789217369
id05074,0.9525847236966803,0.03779384544927691,0.009621430854042821
id07348,0.26895714077342586,0.018269111262185864,0.7127737479643882
id01308,0.7545873685016369,0.24450971529144336,0.0009029162069197596
id06705,0.04659678046275691,0.0033758084816754535,0.9500274110555676
id21444,0.9355540219310607,0.00167883768942081,0.06276714037951839
id12010,0.008110961767102657,0.9914558875516233,0.0004331506812741056
id19949,0.0719261135836468,0.8706533225712603,0.05742056384509294
id01125,0.8663079995275591,0.002743296011810397,0.13094870446063042
id20380,0.6108514071144455,3.6540079748976868e-06,0.38914493887757956
id04880,0.5598376763000148,0.4401305126175243,3.181108246082218e-05
id10095,0.015571148144521162,0.9838861652593884,0.0005426865960904306
id01379,0.40604591358475445,0.5930566870854934,0.0008973993297521407
id11651,0.962113480219964,0.03738365571320396,0.0005028640668319843
id24870,0.010360412742272543,0.9881587747816796,0.0014808124760478897
id11307,0.042665524576530174,0.10995059104822379,0.847383884375246
id00731,0.007157759324967447,0.9927708981004361,7.134257459653155e-05
id18806,0.9625756774149676,0.00804075313143263,0.02938356945359977
id16899,0.3007408655452293,0.681845869333652,0.017413265121118838
id12522,0.49009347970299294,0.38853084884070743,0.12137567145629967
id20119,0.9872851219355516,0.0020625764621740833,0.010652301602274287
id26937,0.12685124741147252,0.8016878237269651,0.0714609288615624
id27439,0.05511828290312032,0.9252245052454477,0.01965721185143201
id27579,0.5013696041503666,0.0007129820911617498,0.49791741375847165
id13459,0.986763354503436,0.003721124410471274,0.009515521086092797
id11534,0.8798498302454525,0.005128990621865311,0.11502117913268219
id19984,0.0002468852588245055,0.9996191757195847,0.0001339390215907213
id06404,0.9745372388867488,0.020946109342790627,0.004516651770460572
id23309,0.006919422369322357,0.46075610638786,0.5323244712428176
id19314,0.02551989056573587,0.9051328176681884,0.06934729176607575
id13300,0.012066122071449864,0.957408979610445,0.03052489831810521
id09562,0.24955362365942774,0.21944820828970407,0.5309981680508683
id08036,0.04099406990305263,0.9547330838782837,0.004272846218663649
id03683,0.09774257111797889,0.006945587779124154,0.895311841102897
id04784,0.9850931777346214,0.011078487992007094,0.0038283342733716457
id08715,0.0004083390807203309,6.557515873150394e-06,0.9995851034034066
id08479,0.9961055311301088,0.0034048762855946675,0.0004895925842963825
id18360,0.8306957843604942,0.0016083646691803467,0.16769585097032558
id26170,0.027548771113752143,0.8713901048302064,0.10106112405604128
id20424,0.9152252853387614,0.0026100995390831703,0.08216461512215541
id10361,0.952094315542174,0.017210898803309317,0.030694785654516762
id02335,0.16051393591229485,0.36012140468888026,0.47936465939882494
id18664,0.05816281888489242,0.0036568061859487957,0.9381803749291588
id11480,0.24491991776349947,0.03501789282460722,0.7200621894118934
id13229,2.8927729338223844e-05,0.009572728571774158,0.9903983436988876
id19658,0.006582675277790325,0.08637104424003067,0.9070462804821791
id01421,0.7075617125116728,0.0008895223855541462,0.29154876510277306
id26050,0.470803181200547,0.11496921221753147,0.41422760658192154
id27136,0.977120021129875,0.019534626820489502,0.003345352049635543
id14688,0.6698771362478421,0.2830288400348524,0.04709402371730554
id24936,0.9722083157221514,0.0006159852148187356,0.027175699063029905
id09776,0.3343226840753404,0.650146950026464,0.01553036589819572
id14765,0.12203317125859825,0.00035363207394443607,0.8776131966674573
id06704,0.0701086760030896,0.0023913459628678558,0.9274999780340425
id06961,0.00023259477709677923,0.0024540512449338758,0.9973133539779694
id12725,0.6062307431899372,0.31516424708819035,0.07860500972187254
id27875,0.021611515986850113,0.011678654913177247,0.9667098290999726
id20750,0.0019264108734365888,0.0020719758592387606,0.9960016132673246
id19081,0.3565407482687749,0.049718263263496695,0.5937409884677284
id05773,0.006106033660037559,0.01827653004215004,0.9756174362978124
id04241,0.07674793398569887,0.3047375371020626,0.6185145289122386
id24438,0.00016560562398933886,0.9965231219980145,0.0033112723779961427
id09353,0.978108904765269,0.021275008673489727,0.0006160865612412476
id19446,0.009526305419451476,0.9775353210607491,0.012938373519799398
id20203,5.648466018516278e-05,0.0010257369723425322,0.9989177783674723
id07711,0.08274450107148937,0.6860979486729337,0.23115755025557688
id15758,0.6295273535908945,0.002606579149190322,0.3678660672599152
id17665,0.061941248091790545,0.2803379024802761,0.6577208494279334
id14167,0.2538813193692691,0.0009321804732892557,0.7451865001574417
id00687,0.29298124190210173,0.028174737398654583,0.6788440206992438
id00735,0.011559336906604725,0.028338198054013736,0.9601024650393816
id26443,0.08524007279891768,0.021007059897102463,0.8937528673039798
id15242,0.9327099913632824,0.0654654101153746,0.0018245985213431225
id13474,0.10759291533608592,0.8348325045031757,0.05757458016073826
id04409,0.9440685093714988,0.050554819439942986,0.005376671188558219
id19438,0.1061015571372792,0.1327658931247004,0.7611325497380205
id04101,0.001944313002619105,0.40362863911642105,0.5944270478809599
id26992,0.6430346850291403,0.3246960346489005,0.03226928032195926
id14645,0.06123523164981374,0.9383872822812376,0.0003774860689487275
id26429,0.08314056209000657,0.6587729516679599,0.2580864862420335
id05710,0.948800280660111,0.0011362395046100855,0.05006347983527903
id07474,0.0002453596204050644,0.049736367239167904,0.9500182731404271
id21067,0.10146699185738128,0.014446747241840358,0.8840862609007782
id20264,0.22371497777939425,0.7234869957556582,0.052798026464947544
id04991,0.31981468081792347,0.0040402494052872665,0.6761450697767892
id07054,0.13875328247994137,4.513391049390034e-05,0.8612015836095647
id14413,0.10948928061876978,0.002506144278442226,0.888004575102788
id21861,0.0010329057441634802,0.0004864725634024867,0.998480621692434
id12933,0.0024434457624187087,0.9918927044284613,0.0056638498091199675
id08074,0.0020912175672018595,0.00011700730982770817,0.9977917751229705
id03176,0.7616182482285904,0.013683433098808737,0.22469831867260087
id15239,0.12789552497149334,7.661927864796093e-05,0.8720278557498587
id05322,0.35022927946663585,0.6275382187181929,0.022232501815171318
id25957,3.3118351224250425e-05,4.485104644441465e-05,0.9999220306023313
id22789,0.0031092864633932345,5.265127481130619e-06,0.9968854484091257
id03435,0.0050069782173921985,0.0014408245862594078,0.9935521971963484
id06122,0.0006986230884405048,0.9900042847695597,0.009297092141999792
id00869,0.584408727676145,0.008037668000951471,0.4075536043229034
id23400,0.0005457266779418802,0.9551552679946824,0.044299005327375844
id08127,0.9864732624196434,0.00615110797233419,0.007375629608022399
id08856,0.005819725288071788,0.000684485750764281,0.993495788961164
id01919,0.0048245142505554985,0.08341830340068088,0.9117571823487637
id22051,0.8741587256991195,0.031675167875819865,0.09416610642506082
id19791,0.9956767866408012,0.0016265266384010953,0.002696686720797712
id06679,0.017077668652842198,0.011748775178403732,0.9711735561687541
id25385,0.019100415959352794,0.976745560475561,0.004154023565086215
id04313,0.0006426301067541067,0.09935099378287997,0.9000063761103659
id01389,0.00531105082556953,0.9897898329857272,0.00489911618870336
id17264,0.17703891788203036,0.8001722852875077,0.022788796830462015
id23062,0.9970734298212923,0.0015300372431566556,0.0013965329355508694
id17008,0.021331773329012607,0.9017856808842707,0.07688254578671673
id04746,0.0031627919922580347,0.9954816893699914,0.0013555186377506678
id11487,0.0248782137089591,0.9748122001263244,0.0003095861647163679
id02111,0.9508332123044172,0.020530429967381497,0.02863635772820121
id08911,0.9330666122928845,0.06348432930132875,0.0034490584057867884
id00845,0.5355581562354106,0.01865426514722009,0.4457875786173693
id02409,0.6225521147739915,0.00573803206549468,0.37170985316051375
id20141,0.00559690779788972,0.9921724593240485,0.0022306328780618604
id06353,0.9143403682833551,0.007067639003888659,0.07859199271275628
id14766,0.10188228136882786,0.8979824652888772,0.00013525334229502533
id05294,0.036664817247578876,0.7407874560077333,0.2225477267446878
id12568,0.6198473707843698,0.11305340520467844,0.26709922401095176
id27571,0.00013245760880773168,0.5946937540357093,0.40517378835548296
id20377,0.9986957007725396,0.0006346544845542682,0.0006696447429062411
id24340,0.8551406714232535,0.09450581375218074,0.050353514824565904
id05355,0.537160830689109,0.05746996150738042,0.4053692078035106
id01246,0.19787191276856636,0.8013356647732968,0.0007924224581367876
id17173,0.9326368520639964,0.03846066371803645,0.02890248421796717
id16338,0.5127361148733095,0.0348377322214276,0.4524261529052629
id14712,0.11861541701655731,0.8805602201055198,0.0008243628779228628
id10590,0.3224825213687044,0.14878618570175478,0.5287312929295408
id13157,0.0053199352974696275,0.027456450513054988,0.9672236141894753
id23915,0.9915283886079995,0.0065081168330447066,0.001963494558955781
id05903,0.772951379885873,0.22082270066842857,0.006225919445698388
id03661,0.5512240718328539,0.1257430905231953,0.32303283764395074
id21177,0.989172737418485,0.007958000672997454,0.0028692619085176055
id12025,0.1544821010101655,0.8346432396142501,0.010874659375584359
id14031,0.6955288606274991,0.30319656887183233,0.0012745705006686116
id21299,2.5649377108676258e-05,1.2967124770662897e-06,0.9999730539104142
id00758,0.006425768525286838,0.02382275833666727,0.9697514731380459
id25034,0.8969315932101477,0.0006099061581875934,0.10245850063166469
id01407,0.9783600634965168,3.045526915527397e-05,0.021609481234327967
id24205,0.20259051214911106,0.7955472110737287,0.001862276777160032
id22350,0.9203625005442384,0.07770968852179244,0.0019278109339692041
id05983,0.05477565493504319,0.010276214809330447,0.9349481302556264
id23821,0.4196377308452607,0.0642723406854974,0.516089928469242
id21960,0.001674500594200145,0.36900531789656565,0.6293201815092342
id08108,0.9740648314780348,0.011461519497178678,0.014473649024786534
id03232,0.003388636253838901,0.1524054817016706,0.8442058820444905
id12956,0.23307525743676713,0.006124508864325209,0.7608002336989077
id03217,0.009460639470570907,0.9722111881869332,0.01832817234249602
id08955,3.3215966281655255e-05,0.7701229551490589,0.2298438288846594
id22567,0.424692501950052,0.009967723068381373,0.5653397749815666
id20367,0.9843378824264809,0.00484959005624614,0.010812527517272992
id06319,0.7530766871251059,0.2123235976346885,0.03459971524020564
id14239,0.8040563364016301,0.006773088212425107,0.18917057538594484
id05013,0.8246223589776783,0.001840897328432692,0.17353674369388897
id26491,0.0016020248143911566,0.994789266395738,0.003608708789870928
id23540,0.7417931731138585,0.056181506703641845,0.20202532018249963
id25631,0.5908310496259994,0.0021445734621671334,0.40702437691183346
id01591,0.7785072006434189,0.08393914150762853,0.1375536578489526
id01193,0.9747033006656706,0.014434706158625079,0.01086199317570436
id24819,0.0677620532557698,0.8466662525676801,0.08557169417655014
id08308,0.9661788284453808,0.0047837640201220675,0.029037407534497062
id27567,0.008530056161030534,0.0019467816474584036,0.9895231621915112
id12998,0.1470788931981344,0.0010598862712661767,0.8518612205305994
id08315,0.1595131799981729,0.7827681490237359,0.05771867097809127
id16118,0.8285871967820354,0.019372054542381622,0.15204074867558287
id27505,0.20346238553932222,0.7962143204361429,0.0003232940245347955
id08529,0.011897607870705353,0.929040366034249,0.059062026095045676
id20249,0.42923443309181614,0.30169364238245394,0.2690719245257299
id24343,0.4183484832946535,0.059886357142658234,0.5217651595626883
id03631,0.05739621729564206,0.9005749585683468,0.042028824136011195
id00349,0.3219817750864904,0.6629493775735972,0.015068847339912426
id04969,0.013958663725269575,0.9572665713235291,0.02877476495120124
id11856,0.9033300426797642,0.013677050591786902,0.08299290672844882
id26020,0.9874436491310343,0.012432015588791652,0.00012433528017400967
id07957,0.9836644949157293,0.01276311755111241,0.0035723875331584356
id03899,0.8361580200685466,0.12649851971598974,0.03734346021546365
id14650,0.9989026253521149,0.000559868543324109,0.0005375061045609797
id21807,0.6395138146784239,0.05692953610682782,0.30355664921474823
id21685,0.9982413536592287,0.0016355364722241636,0.00012310986854717257
id06655,0.7569279148662641,0.23866067191072293,0.004411413223013026
id27764,0.9643556239907851,0.0028505227384778915,0.03279385327073701
id02847,0.7418371871737828,0.23983801161530105,0.018324801210916192
id07271,0.952477056122403,0.022869514277935987,0.02465342959966109
id15978,0.9956640137158469,0.0007970229709643742,0.003538963313188668
id12075,0.37369818975349284,0.055514386326445384,0.5707874239200618
id23611,0.9547533137427481,0.04165864972743083,0.0035880365298211784
id05191,0.8651069097207214,0.11685021450921529,0.018042875770063388
id04303,0.3910608920439937,0.003780478127995858,0.6051586298280105
id12277,0.02294365013007471,0.009246254428446036,0.9678100954414792
id15582,0.6953086690372995,0.2752260841870705,0.02946524677562997
id02917,0.9394318572812241,0.0546423732027818,0.005925769515994147
id25622,0.042139322611891857,0.2335747870047894,0.7242858903833187
id16495,0.06780954195773202,0.9246701689461756,0.007520289096092425
id17839,0.000893767054413003,0.000940597659786745,0.9981656352858003
id20373,0.05441650348787209,0.7743626466175882,0.17122084989453967
id25342,0.8741766574588821,0.008019303196525702,0.11780403934459233
id13518,0.5276265616577523,0.45658498699611466,0.015788451346133044
id19958,0.9192057624691315,0.00039987882591503227,0.08039435870495344
id00228,0.570115654263516,0.35932133934957344,0.07056300638691058
id00367,0.09698714401785832,0.1356098546019458,0.7674030013801959
id16274,0.03142367100970312,0.5383625923363788,0.43021373665391804
id27969,0.37991898851281486,0.5602256428540007,0.05985536863318439
id18474,0.9665240815741369,0.024648441740477544,0.008827476685385614
id02892,0.0001953902765470281,0.9938966720776473,0.00590793764580564
id03838,0.11895163486336448,0.8808475858780798,0.00020077925855585245
id08960,0.1748331228621148,0.8251094803601229,5.739677776225395e-05
id17320,0.00035042271350450486,0.5341556000287517,0.4654939772577438
id20922,0.03051532962272231,0.013684249659314942,0.9558004207179628
id17364,0.2909739707010963,0.008074922935704228,0.7009511063631995
id06523,0.9315439313415701,0.06406713633646005,0.004388932321969879
id16232,0.14154621915720222,0.8479021744738436,0.010551606368954145
id01886,0.0179051416335275,0.9820515359981367,4.332236833581756e-05
id18234,0.0007556292409890329,0.9977678842084413,0.0014764865505697458
id26057,0.8007110613259869,0.003956235505256375,0.19533270316875673
id09436,0.16705805920494815,0.8327574208698476,0.00018451992520412538
id09543,0.0008397711978214504,0.7921673253853698,0.20699290341680887
id15732,0.8639869930936217,0.018684919442332158,0.11732808746404619
id22927,0.7408547810626825,0.05495378356890271,0.20419143536841478
id26551,0.04647489025617253,0.002517586825771216,0.9510075229180563
id11126,0.7479189327864042,0.0063839966474579825,0.24569707056613774
id02903,0.9882271911895374,0.011423824526024981,0.00034898428443771377
id24549,0.0015594257163080631,0.9847588612116128,0.013681713072079158
id01618,0.00984619185779491,0.422658231666387,0.5674955764758182
id22005,0.0028090943596396118,0.0001894713044123805,0.997001434335948
id02603,0.0014380757236110934,0.983187237442255,0.01537468683413394
id22118,0.5241412245116222,0.4739814027080498,0.0018773727803281363
id24985,0.8655129298026961,0.03439165942644267,0.10009541077086131
id19044,0.9500529828041168,0.0264895795225636,0.023457437673319665
id03296,0.4029395992390955,0.596152865104499,0.0009075356564055472
id17299,0.9310599069104103,0.0645921086974192,0.004347984392170635
id08251,0.9478868890475707,0.044578113424865444,0.007534997527563953
id05491,0.956503169463052,0.0038395892233495338,0.039657241313598525
id17009,0.9953267102039671,0.0037445375456480645,0.0009287522503847118
id07381,0.003448757868063667,0.9154042472014585,0.0811469949304778
id07643,0.7880093105682745,0.19724242700178704,0.014748262429938434
id24227,0.9767976719208323,0.0009951637665904524,0.022207164312577084
id04099,0.862457505105861,0.057487182314707154,0.08005531257943171
id11393,0.09809318382643042,0.8969120926031718,0.004994723570397816
id19396,0.29265892822125816,0.7064538756853826,0.0008871960933592917
id15362,0.9940149185411256,5.96081921796149e-05,0.00592547326669488
id00195,0.9088753206201118,0.0017439711464701476,0.08938070823341805
id02296,0.06920673736952747,0.0018271097534533294,0.9289661528770192
id27754,0.8806664670939651,0.11868157483050373,0.0006519580755312436
id16471,0.010675853111355924,0.9674199879963118,0.02190415889233237
id15237,0.210201785276091,0.7850566836817707,0.004741531042138059
id10099,0.04637818552900482,0.9528235888623576,0.0007982256086375866
id21647,0.8516158795413861,0.010474535822140035,0.13790958463647382
id13571,0.07093855965560279,0.9231725977877449,0.0058888425566522955
id15137,5.96647966915825e-05,0.9848260258248399,0.015114309378468447
id10965,0.017107273647386286,0.19972039983130785,0.7831723265213059
id24918,2.282704288130663e-05,0.9971918305024551,0.0027853424546636363
id01700,0.37561543213531356,0.021493943328912787,0.6028906245357737
id03901,0.08229665639629588,0.9173378269511648,0.00036551665253933965
id24411,0.07940881850660066,0.9161884800883643,0.0044027014050350265
id02597,0.1790634648204235,0.8168788271367406,0.004057708042835923
id07981,0.016932762994317924,8.925342754311439e-05,0.9829779835781389
id07429,0.07292642113117458,0.03198639143571282,0.8950871874331126
id13354,0.9167044339143285,0.08012224978858923,0.0031733162970821933
id25693,0.920467923434213,0.021420279722061595,0.05811179684372543
id11305,0.10171012994041172,0.1209270486982077,0.7773628213613807
id26634,0.9993961776604957,3.825635237045504e-05,0.000565565987133927
id09180,0.9337758963922707,0.003153240800158049,0.06307086280757132
id19991,0.6964828544807296,0.002284737045901571,0.30123240847336885
id05497,0.09495342063328602,0.026328645978095002,0.8787179333886189
id08058,0.004304283368260838,0.6939019275548152,0.30179378907692406
id06612,0.050405974997108076,0.12283065240925492,0.826763372593637
id22846,0.0027250346424462215,0.9788385269239479,0.018436438433605762
id09588,0.9690330881160286,0.024663419161173417,0.006303492722797967
id10337,0.023028607878750926,0.0029074869339928717,0.9740639051872562
id05744,0.998529534027604,0.0014516200568307398,1.8845915565128405e-05
id19624,0.5912077201761425,0.3189937813751331,0.08979849844872431
id00939,0.02962658723760313,0.9622378731648336,0.00813553959756333
id24424,0.06666078229681399,0.17071156278316224,0.7626276549200238
id14406,0.04425305576560515,0.0010943070527900626,0.9546526371816048
id08961,0.1338619063278626,0.059963398021331424,0.806174695650806
id27004,0.6309739929342514,0.0004317458461336799,0.36859426121961497
id24072,0.7216805095132185,0.17875292120495603,0.09956656928182547
id23738,0.00043712505608529603,0.9984846497614743,0.0010782251824403707
id13676,0.020230290853334044,0.005738444981680061,0.974031264164986
id19636,0.04706246008043295,0.002020797449773196,0.9509167424697939
id09466,0.9887767139394608,0.00991672981351964,0.001306556247019584
id04434,0.016140428939650654,0.7499820257933688,0.23387754526698057
id24016,0.02753494632535445,0.933560605078127,0.03890444859651855
id09168,0.8741131533565083,0.0003980676421341461,0.12548877900135752
id24262,0.9713935193419245,0.0028765194410987948,0.025729961216976776
id01441,0.8606194250787598,0.03395856161540304,0.10542201330583725
id20170,0.002929085386910131,0.42502690072166727,0.5720440138914226
id02342,0.7484071014539444,0.0004563735836528513,0.2511365249624028
id23334,0.028600997109954066,0.9399919397641983,0.03140706312584773
id09262,0.9943066569594782,0.004327814936119205,0.001365528104402564
id17822,0.19645113480683848,0.6559726090520972,0.14757625614106426
id14466,0.01748760292300408,0.9817089851522623,0.0008034119247336191
id14319,0.6690378095569115,0.1669168803147004,0.16404531012838824
id02387,0.9084300033831965,0.03187956428744898,0.05969043232935459
id13617,0.8940139476458069,0.1059013779985984,8.467435559479518e-05
id08025,0.953013594685835,0.041576675048359074,0.005409730265805879
id23364,0.2917824627832732,0.6240163879596841,0.08420114925704271
id01438,0.9255447658023359,0.0001231156527123669,0.0743321185449516
id05288,0.08978109893271091,0.9084351854363549,0.0017837156309341191
id24441,0.6273525829016748,0.23730122982173044,0.13534618727659473
id18048,0.4722471737883315,0.003323950892375046,0.5244288753192936
id27822,0.0014500277009413538,0.935771245193299,0.06277872710575963
id23906,0.3872510976175198,0.034730828499976246,0.5780180738825039
id07059,0.1292671481897757,0.2098466321475437,0.6608862196626807
id08357,0.04237305969526514,0.10505917326106748,0.8525677670436674
id13619,0.0015220889129372876,0.01591627393588228,0.9825616371511804
id27086,0.16132108279666685,0.8357823218330114,0.0028965953703218223
id03789,0.950362883331961,0.005427637233995132,0.044209479434043936
id00177,0.013754306443341757,0.003720041409648686,0.9825256521470096
id01552,0.9330646901016033,0.0045276133205295705,0.06240769657786713
id03027,0.18264815288804306,0.7898115541772414,0.0275402929347154
id15841,0.00018957152553902523,0.9988504652027583,0.0009599632717027747
id27214,0.01804608222027322,0.6666187511236686,0.31533516665605815
id14095,0.7760060195352708,0.051031582639083826,0.17296239782564538
id08434,0.00031155838163016733,0.9973934666582589,0.002294974960110905
id05532,0.7417200879392772,0.047421081901486334,0.21085883015923645
id06247,0.030595831133111467,0.9658307362135123,0.003573432653376166
id09916,0.8137208387386633,0.126831530061518,0.05944763119981866
id18651,0.9813879226614732,0.002957834678253939,0.015654242660272776
id26324,0.07310126867082196,0.6445980850394395,0.28230064628973855
id27363,0.19547204331421786,0.0012518775859985828,0.8032760790997836
id02302,0.054042078163367924,0.006532801602077514,0.9394251202345546
id12845,0.07943936902537346,0.8801956453392354,0.04036498563539116
id20294,0.0020028505835397894,0.012476189676190623,0.9855209597402695
id04233,0.5768199545275818,0.03303917549387029,0.39014086997854786
id20000,0.0005497305388823667,0.9994436039843001,6.66547681758656e-06
id02527,0.023301689961472322,6.586434607595563e-05,0.9766324456924518
id26763,3.4597857169148377e-06,0.9997429162404233,0.0002536239738596898
id15763,0.0004554431989739335,0.9990632589097702,0.0004812978912558245
id10374,0.9880722904663795,0.004115391187231232,0.007812318346389321
id00901,0.008636327893148991,0.9661020707797537,0.025261601327097333
id22161,0.696574634633186,0.12132192203318717,0.18210344333362682
id15200,0.9864815571826844,0.009096873018689089,0.004421569798626512
id15430,0.08045291796246277,0.03594363233754361,0.8836034496999937
id27468,0.6360701970085197,0.045982440943677046,0.3179473620478032
id02378,0.09739421990856781,0.0001413432481796634,0.9024644368432525
id23250,0.9957212055708314,0.003547280158539512,0.0007315142706289538
id18374,0.003980864710592289,0.0001421157651750345,0.9958770195242326
id01146,0.0376734396959645,0.9590559874740173,0.0032705728300182427
id24617,0.9825767949133534,0.006869272593387215,0.010553932493259416
id01754,0.000607995984636122,0.9753293500678767,0.02406265394748723
id11383,0.1643378688266099,0.1753796053325746,0.6602825258408156
id24713,0.4133801122521121,0.522315312120569,0.06430457562731894
id26161,0.24575829279472358,0.7100104596334503,0.0442312475718261
id12466,0.7462161159913573,0.010596478532409217,0.24318740547623363
id17409,0.9832374755080929,0.015493668109528158,0.0012688563823789582
id04066,0.7432790614265725,0.2485696282478457,0.00815131032558187
id16890,0.0007382020956510786,0.8875765280993692,0.11168526980497975
id03358,0.7677759411640345,0.20726416835797215,0.02495989047799346
id19133,0.9297542810427959,0.002792496417498965,0.06745322253970515
id07358,0.003689623594755976,0.9250661528078012,0.07124422359744273
id27773,0.1253351159907366,0.8741457092360198,0.0005191747732435974
id10699,1.918595000696423e-05,0.9962653873601531,0.0037154266898399013
id08693,0.9962541640638738,0.002680877811142347,0.0010649581249837867
id11944,0.015316000747016353,0.9793272651618142,0.0053567340911695035
id02240,0.33711227464557153,0.6409509376202253,0.021936787734203277
id23124,0.9560806377853084,0.014483661750631259,0.029435700464060386
id05465,0.08585676073587346,0.049195831002057155,0.8649474082620694
id15540,0.3138731058460946,0.6166864160823148,0.06944047807159058
id16715,0.00041149159561519025,0.014615410300674469,0.9849730981037104
id12563,0.0007917460203186383,0.0028300838878600057,0.9963781700918214
id00583,0.003910435249496282,0.14405305942605554,0.8520365053244482
id27730,0.038774287700233674,0.005868287902740334,0.9553574243970261
id00896,0.0013138250059618523,0.07649835501973505,0.9221878199743031
id15031,0.7246994859287608,0.2545980574575294,0.020702456613709896
id23271,0.004187772151634221,0.8214724015439393,0.1743398263044265
id17004,0.3697679841868306,0.05935412364205428,0.5708778921711152
id10247,0.029208173050680596,0.06933184557523779,0.9014599813740816
id12055,0.9940208007192068,0.002250101181706344,0.003729098099086849
id22719,0.7236273891730063,0.00033493131370219986,0.27603767951329156
id06891,0.029049680565146965,0.9668549659881087,0.004095353446744187
id27281,0.9476647161901106,0.01951044502171791,0.03282483878817143
id23104,0.9955658512864021,0.0010950689108167586,0.003339079802781162
id14491,0.04222812123660743,0.9576172753751842,0.0001546033882083751
id24292,0.5844388607431292,0.40954607955816025,0.006015059698710579
id15777,0.043332485665320504,0.0756359797318406,0.8810315346028389
id22522,0.001635642466908626,0.001882314686505498,0.9964820428465859
id25136,0.00137994929522808,0.9954040081141586,0.003216042590613232
id17735,0.22953468820185768,0.7631200725637031,0.007345239234439331
id18869,0.5766430111934668,0.10218040044103434,0.3211765883654989
id20815,0.02115455427929339,0.9786717590506082,0.00017368667009848277
id15238,0.7922762270778574,0.007163519552975006,0.20056025336916772
id24454,0.00021742989219745838,0.00014047576531018264,0.9996420943424924
id14402,0.004181322575973126,0.0015693271794049635,0.994249350244622
id10985,0.9923041056879249,0.0008711680591129221,0.006824726252962233
id12747,0.9931299554141595,0.004190874504471851,0.0026791700813686707
id11581,0.43515130534051266,0.24078510849687093,0.32406358616261643
id07594,0.9875804914222034,0.002393313354724523,0.010026195223072158
id08240,0.8210267393091719,0.17741504351601875,0.0015582171748093517
id12773,0.06412503853793212,0.9238875640475601,0.011987397414507845
id12838,0.6353027872863117,0.005717000977255381,0.35898021173643296
id23322,0.007310711162605016,0.9620909269297832,0.030598361907611792
id22344,0.933962591662786,0.010747245781459564,0.055290162555754536
id12881,0.5130123320678751,0.3653059879301776,0.12168168000194735
id20147,0.011971870927963644,0.00018066999336281556,0.9878474590786736
id13261,0.39768911748136465,0.597432349669237,0.00487853284939824
id01842,0.005154280417044168,0.0013831769972136776,0.9934625425857422
id25884,0.9922607736475489,0.0005616666103051937,0.007177559742145932
id01643,0.6806911064419736,0.27817690477775814,0.04113198878026825
id26737,0.16496215877316828,0.8343008133610774,0.0007370278657543165
id10558,0.036535024559713,0.9267121684571373,0.03675280698314967
id20458,0.00017203499942527046,0.015331170021607218,0.9844967949789676
id23965,0.0970166819765202,0.8489282664008319,0.05405505162264801
id26758,0.6442217068563147,0.016696227645620527,0.3390820654980648
id27519,0.8199499109632058,0.010337940670559256,0.169712148366235
id20676,0.5978148032054598,0.39608101196237333,0.006104184832166967
id10536,0.9840160413908765,0.0022548185865866794,0.013729140022536846
id12652,0.9882594611361124,0.0008024586214260395,0.010938080242461515
id00041,0.00023779515602053399,0.00042903540996213735,0.9993331694340174
id16051,0.0058706639690420245,0.06715936265169761,0.9269699733792603
id02396,0.02365232706037682,0.00021949480358280068,0.9761281781360404
id00294,0.006776721681489761,0.000273610335028829,0.9929496679834814
id07695,0.9233818839264252,0.04272383278881131,0.033894283284763606
id12440,0.35559219434999817,0.6433259760207927,0.0010818296292092635
id18373,0.255896028635788,0.7018995869398653,0.04220438442434683
id16812,0.0005415694270648534,0.998753611074759,0.0007048194981761054
id20901,0.006773522228219055,0.9859253910223054,0.0073010867494756205
id12076,0.023134352702130913,0.0006194013875322029,0.9762462459103369
id19184,0.9903023814483602,0.000999137834565728,0.008698480717074004
id08937,0.004346766752884411,0.7973707208319463,0.19828251241516945
id08181,0.021875839243806504,0.22638714557149428,0.7517370151846992
id10111,0.9708723449644334,0.017772227401102347,0.011355427634464248
id24104,0.030281003276127906,0.9642396059743765,0.005479390749495575
id24837,0.14453271188555888,0.8486791819671542,0.006788106147286975
id15659,0.20276844757642878,0.12808251194144932,0.6691490404821219
id14673,0.7200008161091137,0.04950703927165107,0.23049214461923517
id22539,0.03371292756219659,0.13879975861227262,0.8274873138255309
id22413,0.822281888894549,0.17583199575031702,0.00188611535513409
id19433,0.12078164030250617,0.49029836136201016,0.38891999833548374
id11633,0.00023203612258595202,0.00028307267998433754,0.9994848911974298
id04727,0.005698232245150575,0.0578893135883736,0.9364124541664759
id26735,0.1343473496973041,0.8488900970528575,0.016762553249838393
id17167,0.013552231386398734,0.9837661128903941,0.0026816557232072096
id04188,0.24306483719969882,0.7559426118757608,0.0009925509245403742
id07861,0.6608965389122923,0.33864217512446476,0.0004612859632429289
id05163,0.7924900487621905,0.0003967560096542117,0.2071131952281554
id14142,0.3079343647613224,0.5885258830396229,0.10353975219905467
id16011,0.780845043479685,0.00032747796390640083,0.21882747855640866
id24117,0.2846931942599383,0.7149960245771297,0.00031078116293201217
id06439,0.07697420440322159,0.016533012668698638,0.9064927829280798
id06481,0.3679434879986355,0.04855950853796384,0.5834970034634007
id10069,0.9971864608014107,0.0012745976490783123,0.0015389415495110387
id11204,0.5600549538607699,0.22541589329895897,0.21452915284027121
id15541,0.001026776989029787,0.0007899335334008047,0.9981832894775694
id11872,0.031600011235273257,0.9635613549217934,0.004838633842933384
id21639,0.0024092326836401305,0.9747593941765512,0.022831373139808705
id19801,0.0036892071782025256,0.0017432530085637963,0.9945675398132336
id15798,0.29727609708923747,0.6722917129124755,0.030432189998287014
id18282,6.646506805258259e-05,0.00023995689848241192,0.999693578033465
id27107,0.5541252166919272,0.0018144531941991099,0.4440603301138737
id23052,0.9937770296315198,0.002017260199464052,0.004205710169016206
id19129,0.0019673161023152385,0.9675216121314164,0.030511071766268327
id08088,0.2745741512736715,0.643254395258756,0.08217145346757238
id26398,0.9940774189470035,0.0004086243928465158,0.005513956660149931
id06010,0.3171564687446278,0.13343720400556947,0.5494063272498028
id24813,0.997008745097696,0.0016037739047650799,0.0013874809975388549
id27399,0.1492867732540586,0.15757159396478185,0.6931416327811596
id15776,0.9110090320349207,0.003616414436780859,0.08537455352829854
id25955,0.00014532870595315443,5.546724487482846e-05,0.9997992040491721
id19866,0.3394591206081484,0.6518275931610654,0.008713286230786148
id00804,0.002307169893277415,0.0029159830312523835,0.9947768470754702
id03140,0.9434147789937188,0.013823918870899081,0.04276130213538209
id21261,0.1613413917633863,0.0059283535443337915,0.8327302546922799
id11754,0.9691213328101578,0.024554010503734573,0.006324656686107519
id07880,0.9409790887644218,0.001164082108879553,0.05785682912669867
id25080,0.24768647422495718,0.5509590374271055,0.2013544883479374
id09317,0.6102353301828389,0.3013001874354532,0.08846448238170786
id15488,0.9058508600293872,0.09068710041666583,0.003462039553946952
id19606,0.9115149071495667,0.015754730478766122,0.07273036237166716
id14247,0.0684686645398625,0.004880716892918469,0.9266506185672191
id21692,0.9085963502234254,0.01845794273510404,0.07294570704147053
id24843,0.6909515753788438,0.13405202991926177,0.17499639470189457
id11433,0.90305431969482,0.015721529479883346,0.08122415082529663
id04705,0.000136760368420243,0.9541727869191196,0.04569045271246021
id04583,0.026233546336290162,0.956111242867779,0.017655210795930795
id21401,0.4863639523044925,0.003245183883335703,0.5103908638121718
id20649,0.8621177782836368,0.12416991128733058,0.013712310429032686
id02631,0.7581090219891463,0.2390313659471163,0.0028596120637373653
id19128,0.2716516648059096,0.6706751365158353,0.05767319867825502
id27401,0.21143889869398422,0.7860997079809958,0.002461393325020034
id10015,0.8677907811394474,0.08268594924910136,0.049523269611451315
id09875,0.8935948224377926,0.10600384548756582,0.0004013320746416025
id07941,0.9788615244432687,0.019096728944723376,0.0020417466120080034
id00882,0.8852216159272627,0.03436625148705117,0.08041213258568618
id14143,0.9689312945218834,0.013382812574892013,0.017685892903224504
id02713,0.010188466221101826,0.007024190313275183,0.982787343465623
id16462,0.0007732542475887314,0.4228227515033116,0.5764039942490996
id08522,0.9231040035783642,0.06420110270212363,0.012694893719512141
id07181,0.0022984480900678003,0.9970058622549963,0.0006956896549358603
id20918,0.0015275636220531388,0.0004153124801935934,0.9980571238977533
id06178,0.003008972999441269,0.02652315304493825,0.9704678739556205
id08857,0.690682094902013,0.2980946271297724,0.011223277968214597
id23193,0.9895554268803282,0.0027076562355093925,0.00773691688416243
id19651,0.998874174525359,0.0004939728991685493,0.0006318525754725579
id09135,0.025855266432304392,0.0015483747395371073,0.9725963588281585
id16416,0.005585964456027364,0.9665803348810377,0.02783370066293497
id03990,0.9639728045325597,0.03403265035995899,0.00199454510748121
id09922,0.014472130351987729,0.11190413455618277,0.8736237350918294
id17688,0.6229264302889241,0.1656475927684611,0.21142597694261472
id05846,0.8658086163356716,0.0590799649125744,0.07511141875175403
id22599,0.014157798259701789,0.9857910580035893,5.114373670878639e-05
id15087,0.7041446439157997,0.2907459021723261,0.005109453911874333
id14711,0.005322159319617457,0.19375498568233962,0.8009228549980429
id09969,0.007426237160530583,0.9918139481963907,0.0007598146430786618
id21377,0.00041295004652314594,0.01227285886407664,0.9873141910894002
id25247,0.0579921829537069,0.723686006818839,0.21832181022745423
id23590,0.43552893911006224,0.563750752043899,0.0007203088460388369
id21390,0.015271345939692118,0.08904651960746797,0.89568213445284
id21176,0.282427541241131,0.405689524997501,0.3118829337613679
id27310,0.8567102632669018,0.07810985265251107,0.06517988408058718
id03802,0.02782388576853956,0.001889641207528947,0.9702864730239316
id19012,0.984725360212492,0.002297807124853664,0.012976832662654415
id02414,0.0015500561027893078,0.0006284303110079839,0.9978215135862027
id21814,0.5669825141540834,0.040314002748715695,0.392703483097201
id00247,0.9746529623386162,0.012596538592950337,0.012750499068433518
id24584,0.8881956618714666,0.09510869249189907,0.016695645636634393
id01109,0.156346705497468,0.010716650732282753,0.8329366437702492
id07953,0.8661690332858947,0.0004334143584987309,0.13339755235560652
id02030,0.3689685976768062,0.16914822023347237,0.4618831820897215
id23912,0.7816825068720218,0.10720569483207323,0.11111179829590503
id13856,0.6149076499544686,0.017383236583556026,0.36770911346197555
id18661,0.13711925675550912,0.8624017179046914,0.00047902533979947437
id16595,0.0007674389926597634,0.003355902898816051,0.9958766581085242
id11387,3.561654249373606e-05,0.02095999647978164,0.9790043869777246
id12489,0.003133909169277751,0.3006145613138135,0.6962515295169088
id26079,0.9402289175917724,0.058422072860337994,0.0013490095478896449
id05553,0.5701918426751117,0.4205040660964414,0.009304091228446922
id09596,0.8508678541657441,0.08614071262388107,0.06299143321037495
id23663,0.008255690567667194,0.9782722963502505,0.013472013082082374
id25726,0.788687793424661,0.0036927240371988582,0.20761948253814014
id18105,0.05201875471152033,0.032072551315446715,0.915908693973033
id23249,0.17274120855750993,0.5280858492081874,0.29917294223430263
id19756,0.01686352050977994,0.0004950274801331283,0.9826414520100869
id23981,0.0025245309800305082,0.9107584297853262,0.0867170392346433
id11521,0.057766846321735295,0.0004894798194536801,0.941743673858811
id17449,0.0023733147257044155,0.0028882146738387917,0.9947384706004568
id15479,0.9364192727154407,0.03486698721002927,0.028713740074530036
id13555,0.0003402998420601526,0.004348035447476364,0.9953116647104635
id01520,0.9336969302129655,0.0006737459936760799,0.06562932379335844
id03093,0.9254352083175473,0.00808765782121127,0.06647713386124142
id09992,0.9248415575993075,0.04621585203608634,0.028942590364606155
id06668,0.6964446899912016,0.3011166885422756,0.0024386214665228874
id19568,0.7571822387275031,0.1288698522234856,0.11394790904901142
id17963,0.7223453715442278,0.07469193611697261,0.2029626923387996
id04142,0.7983009764337045,0.08243117653379253,0.11926784703250308
id24508,0.0015101692819226692,0.003004997251083264,0.9954848334669941
id10791,0.8279571311689341,0.006885974948385455,0.16515689388268043
id01228,0.11777914406535689,0.010537457147454202,0.8716833987871889
id24879,0.7524820939738694,0.07501847598552518,0.1724994300406055
id19795,0.5948825811811348,0.26075500413819924,0.14436241468066607
id02488,0.07354802945282675,0.04046624586753736,0.8859857246796359
id10204,0.5976670723557095,0.1760825313482056,0.226250396296085
id20878,0.8177631584583182,0.0571550228241447,0.12508181871753724
id10163,0.06792733729647193,0.0014767681066776082,0.9305958945968504
id26439,0.877219396741654,0.007368413008620342,0.1154121902497257
id06268,0.8710637276137791,0.12852671638740276,0.0004095559988181638
id05530,0.00012829405421136228,0.0013107219820265787,0.998560983963762
id15914,0.0013429137167297602,0.9947327989101657,0.003924287373104573
id21656,0.3946137459388412,0.5783969811952379,0.026989272865920937
id16473,0.004058309803661375,0.9955303816207528,0.0004113085755857984
id11262,1.4455508047171915e-05,0.0007483600610254048,0.9992371844309275
id15332,0.03969586151625144,0.017230284958494175,0.9430738535252543
id01765,0.0005109576170961505,0.0005631862233871717,0.9989258561595167
id12527,0.9714020813349851,0.016386010521421596,0.012211908143593317
id16877,0.053998312446017764,0.0003927656752552293,0.945608921878727
id19105,0.6986596156296424,0.24200884773076034,0.05933153663959719
id19533,0.9615361985621568,0.0018936971669278858,0.03657010427091538
id27557,0.10428767167102918,0.8941918508183981,0.0015204775105725078
id19487,0.04232198427224259,0.054802525420576564,0.9028754903071807
id25958,0.01664620565812617,0.15011604985236873,0.833237744489505
id22331,0.7041856907011794,0.003035104147006738,0.29277920515181394
id13674,0.8028669593797009,0.19261298293622614,0.004520057684073024
id04688,0.9946352861288501,0.0029056720541037542,0.002459041817046246
id25663,0.00026391241024171223,0.0016377652644146957,0.9980983223253436
id00344,0.02615888920687376,0.9722128024767307,0.0016283083163956126
id11323,0.9860217801233027,0.013403927785220529,0.0005742920914769499
id18670,0.8499766066335207,0.14812442603395984,0.001898967332519444
id23811,0.9435332115125474,0.003848397967066059,0.052618390520386554
id27702,0.9687242282015247,0.028709084744631456,0.002566687053843865
id09979,0.988673038592398,0.0023543722026881735,0.008972589204913832
id25040,0.011789978205824964,0.9873096835832696,0.0009003382109053907
id00083,0.7350462414924618,0.2635673034059701,0.0013864551015680987
id19751,0.9952892370953019,0.003068295169220855,0.0016424677354772708
id19385,0.026316374685771356,0.009567998287638425,0.9641156270265903
id22498,0.8069977013903795,0.18437380048451216,0.00862849812510836
id20381,0.6456390812850533,0.03556426535906581,0.31879665335588103
id00428,0.003276720142798794,0.00013995597822652234,0.9965833238789747
id26942,0.004500790145677443,0.8076968030411814,0.1878024068131412
id10242,0.7831344505472383,0.07412561436538195,0.14273993508737978
id08136,0.00029761148324921954,0.006652034297342151,0.9930503542194087
id00055,2.661296616744735e-09,1.0436858774207931e-05,0.9999895604799293
id15243,0.02730182223790322,0.2552015530509508,0.717496624711146
id13954,0.952913981203878,0.029033206086919318,0.018052812709202656
id26797,0.8623588725174198,1.4942224946530714e-05,0.1376261852576336
id11384,0.005107061609856678,0.9390217827453776,0.0558711556447658
id07965,0.3037905657849056,0.573529141575108,0.12268029263998634
id19311,0.2717993726799664,0.26494595690196965,0.463254670418064
id08841,0.9515771775052655,0.04827517238592434,0.00014765010881010357
id14884,0.7443055470518111,0.12851617048333777,0.12717828246485116
id10859,0.7525492183109737,0.0012069565262423187,0.246243825162784
id10460,0.5412126056495877,0.43354216657962846,0.02524522777078366
id25236,0.43133130143597975,0.3100068391527089,0.2586618594113114
id19325,0.0018606736876194548,0.9923236039444735,0.005815722367907014
id03265,0.04357223361043516,0.8892930644571201,0.06713470193244479
id08636,0.002933627645311047,0.9135648946749648,0.08350147767972424
id11848,0.027047419191315036,0.9319194162642713,0.0410331645444136
id20945,0.486739396272151,0.02690223079380268,0.48635837293404627
id04971,0.9789832126048656,0.018355586196732495,0.0026612011984019383
id08496,0.8996775124716849,0.08008437751964433,0.020238110008670745
id23091,0.12304513165134791,0.025660336622483113,0.851294531726169
id06654,0.08067564900154804,0.588259912890739,0.3310644381077131
id10002,0.7670322767105414,0.23256455471839477,0.0004031685710636857
id16426,0.9262114470707993,0.04709060489921663,0.02669794802998412
id12285,0.007921891512866402,0.9888638670278784,0.003214241459255229
id18466,0.9275429583739807,0.06485135701061981,0.00760568461539949
id27110,0.9982312549337078,0.0010035155394163989,0.0007652295268758325
id07502,0.8520017113704409,0.08902824671176221,0.05897004191779681
id02890,0.5728801576472988,0.3263184295520518,0.10080141280064937
id19800,0.3683260909665211,0.6274559348519468,0.004217974181532004
id19162,0.8835763042380376,0.05571515414047853,0.0607085416214838
id23696,0.8004701735981106,0.1245393597576149,0.07499046664427446
id25580,0.9809458980365383,0.013539859189028353,0.005514242774433334
id09671,0.3335300483985692,0.6289479118054268,0.03752203979600406
id21501,0.00040976641689909,0.9993783288939967,0.00021190468910421958
id23983,0.000243500081636193,0.04151597673759859,0.9582405231807652
id15163,0.007199660323537976,0.6059248435498629,0.3868754961265991
id03351,0.0009274721984448689,0.9304618260105887,0.06861070179096643
id07575,0.005298550881636393,0.9822697375244923,0.012431711593871263
id12149,0.1368232108583826,0.20462324638962945,0.658553542751988
id10262,0.0015544507745827657,0.9967680785239106,0.001677470701506732
id20055,0.11046218661861842,0.8866136770982164,0.0029241362831650426
id16660,0.9949591583682176,0.0002484332448484013,0.004792408386934107
id03200,0.14000111324531175,0.7200441969659424,0.13995468978874592
id19508,0.7839226299896705,0.023390711557236463,0.19268665845309307
id03793,0.007833507655091665,0.9892553989100332,0.002911093434875118
id19882,0.02279271566179944,0.5674130457930389,0.40979423854516167
id16261,0.7061954348282251,0.2936751829766836,0.0001293821950913021
id22519,0.0008236357781285454,0.0908068742672174,0.908369489954654
id24023,0.07198454533725063,0.9101475602147711,0.01786789444797832
id04432,0.34587547041412453,0.5094603898318724,0.14466413975400316
id06228,0.9947747026224851,0.0011636604860220635,0.004061636891492923
id20655,0.6198620436004171,0.0001650264615136946,0.3799729299380693
id10603,0.2517289903092753,0.7288389006581053,0.01943210903261944
id05162,0.961698387250934,0.037538194659419676,0.0007634180896463747
id18462,0.016905744251608536,0.06644896703318529,0.9166452887152062
id10034,0.04831586913199812,0.9501231414288689,0.0015609894391328829
id20090,0.0001255097249142806,0.00010172826857091049,0.9997727620065149
id10966,0.017450131378957567,0.0010648311875249017,0.9814850374335176
id10696,0.001867241272961137,0.9919285678493432,0.006204190877695574
id01326,0.500521504585626,0.03223294362486582,0.4672455517895081
id03613,0.15668716122159096,0.8251802270132019,0.018132611765207127
id01794,0.9447691266531959,0.021919975703045002,0.033310897643758976
id26181,0.001920019306918702,0.0010412834943993319,0.997038697198682
id27587,0.7861720152861464,0.21014977065755966,0.0036782140562939256
id08364,0.9933437112402743,0.00588859988689009,0.0007676888728355909
id24179,0.707602137775609,0.08471058420575091,0.20768727801864006
id02284,0.9693310783153716,0.023370516085654703,0.0072984055989737855
id10671,0.9470809245061335,0.04388268346890381,0.009036392024962807
id08252,0.3968172968850086,0.46470723081782467,0.13847547229716672
id15951,0.7377532133332542,0.02053119370725228,0.24171559295949355
id21864,0.012583782990505612,0.00319867940762139,0.9842175376018729
id04453,0.026384263746438118,0.9711825099755407,0.002433226278021146
id12771,0.024878504504996936,0.1519556992898273,0.8231657962051758
id09751,0.6286790175378002,0.05098649366707751,0.32033448879512233
id10572,0.731571875110741,0.2680506271397194,0.0003774977495396291
id13036,3.855277720844388e-05,0.0039734570562774876,0.9959879901665141
id00112,0.2150655832521455,0.0878887975251794,0.6970456192226752
id13299,0.001403470340076106,0.058538896400900396,0.9400576332590235
id00858,0.1028536626970257,0.005296286509946122,0.8918500507930281
id08297,0.11710688079240152,0.8730647462363673,0.009828372971231195
id11005,0.004714208382354559,0.1485827563012592,0.8467030353163861
id25101,0.011693388339842315,0.9571218255782669,0.031184786081890816
id26150,0.9897903395195996,0.009391998100215283,0.0008176623801850663
id13836,0.977560858509355,0.010668704690432514,0.011770436800212506
id07352,0.05730682997190827,0.8045482579651303,0.13814491206296153
id08883,0.4119515101057179,0.04300432040509254,0.5450441694891895
id09328,0.02203425130841784,0.7646279488585309,0.21333779983305123
id03934,0.0018050154284776773,0.41051826226719673,0.5876767223043255
id14064,0.0031890185586104214,0.7088767073129101,0.28793427412847944
id06643,0.9003668472572683,0.0003386975847906031,0.09929445515794114
id21558,0.9845761458496457,0.014763195262035293,0.0006606588883190133
id17053,0.17460321776214474,0.062381618150715114,0.7630151640871402
id06434,0.12343825645442114,0.11607724570043637,0.7604844978451426
id16616,0.008318879609575934,0.0012410824726738802,0.9904400379177501
id03306,0.46038502298546,0.021446454814277472,0.5181685222002625
id07375,0.000254999110398808,0.8605622610613652,0.1391827398282359
id07934,0.0337849268288241,0.00044362205529133186,0.9657714511158846
id02202,0.7232163970899584,0.0003718507586561681,0.2764117521513853
id03667,0.6831562351335055,0.0002230886786788289,0.3166206761878156
id27531,0.9541403131032489,0.04062321462443476,0.005236472272316349
id00608,0.004639690795277875,0.9751231173220632,0.02023719188265892
id18141,0.02346262814492375,0.012563287568574711,0.9639740842865016
id00008,0.9983663537028926,0.0007644464017304236,0.0008691998953768322
id08845,0.4980964817441697,0.025401976244856385,0.476501542010974
id16610,0.9981228392709246,0.0009955948689089188,0.0008815658601665175
id07464,0.033501223516174336,0.010342857531190358,0.9561559189526353
id02189,0.9986115169707058,0.00017285226163231656,0.0012156307676618023
id17456,0.0027720504028102572,0.3824193985136073,0.6148085510835825
id09421,0.051670686542458766,0.16226649477575053,0.7860628186817907
id12813,0.018166169088431532,0.17012284809775557,0.8117109828138129
id23428,0.005994460606171011,0.0034268106145236166,0.9905787287793054
id01358,0.8151627871856025,0.1809946745861438,0.003842538228253707
id02737,0.0017218206061009286,0.8952731763538812,0.10300500304001788
id27430,0.00700784848541348,0.00816579568220314,0.9848263558323834
id12857,0.0024675760851567245,0.9793508788195883,0.018181545095255075
id01905,0.00037219599876744307,0.0012294893202408552,0.9983983146809916
id18314,0.9927177382654074,0.002962429052875653,0.004319832681716795
id02216,0.9525304371825813,0.0004065817046339755,0.04706298111278462
id04034,0.0014706238244852382,0.9886061877719217,0.00992318840359313
id11461,0.2020372979261677,0.7974723938034308,0.0004903082704015442
id09397,0.08908479771264784,0.09592620209996434,0.8149890001873878
id25870,0.10742117568232473,0.8558411984042029,0.03673762591347246
id11653,0.8945891037029396,0.013082445378673552,0.09232845091838689
id10046,0.984573970513821,0.0034154985796957,0.012010530906483317
id27294,0.9533594226027992,0.04459700376614744,0.0020435736310532885
id09975,0.9985656114587472,0.00041753077359266545,0.0010168577676602382
id09133,0.029929758268788707,0.00016472248464072513,0.9699055192465706
id08410,0.3721683293075439,0.08774043256267076,0.5400912381297853
id19062,0.19648306398422608,0.7998044172655825,0.003712518750191355
id26530,0.006819995757942406,0.00069768131181785,0.9924823229302397
id09772,0.8216686618494369,0.02407859354595242,0.15425274460461064
id10360,0.9938092414091348,0.0009841717017132906,0.005206586889151842
id12530,0.05435242679061307,0.9404430958027112,0.005204477406675775
id06013,0.027087436252545477,0.009839337211259803,0.9630732265361948
id10525,0.9499981327420176,0.02601281750565224,0.02398904975233021
id25934,0.04803009631393235,0.94954201251462,0.002427891171447698
id10624,0.9852866102228308,0.002225568276140883,0.012487821501028312
id16000,0.02660899250960888,0.004384328797505897,0.9690066786928853
id01995,0.938912029860587,0.0005149707019591055,0.0605729994374539
id26809,0.00011232020236348753,5.5455768239295065e-05,0.9998322240293972
id06631,0.017105511511678866,0.9814431507082959,0.0014513377800252456
id23869,0.0005704264321684396,0.1513911766447382,0.8480383969230934
id06357,0.07983750104232089,0.8879611129962065,0.03220138596147265
id02926,0.05144982930328799,0.007743747693223289,0.9408064230034887
id14130,0.993644591931724,0.00037404660347810706,0.00598136146479794
id12672,0.19170065600059538,0.8068713712625575,0.0014279727368470864
id21593,0.9651426314634204,0.026885712960960765,0.00797165557561889
id06089,0.0013505096698656163,0.9984933844067333,0.00015610592340118296
id09878,0.023268646337421067,0.03607217930173359,0.9406591743608452
id06940,0.014887911584206666,0.9676204364141437,0.017491652001649587
id11312,0.027793304841787207,0.9698697483906362,0.002336946767576576
id25039,0.03627536274722594,0.004298318008079218,0.9594263192446949
id25401,0.7709317536041057,0.13080392441578567,0.09826432198010863
id21772,0.04029056948787454,0.7184318052626474,0.2412776252494781
id22915,0.005830766790187501,0.41999506171719436,0.5741741714926182
id01096,0.7989210679733942,0.10473865893834879,0.09634027308825707
id15071,0.0014244001397936117,0.9949613706219841,0.0036142292382223833
id01062,0.0037944004723545685,4.762810647841092e-05,0.9961579714211669
id09059,0.0016469739632464521,0.9858602654535236,0.01249276058323005
id16954,0.565626287741308,0.04891523270681649,0.3854584795518755
id11730,0.38185445096852816,0.04785373707124052,0.5702918119602314
id26294,0.018679654515353816,0.006817475672018491,0.9745028698126277
id00940,0.27141133159996494,0.5305838137518321,0.19800485464820303
id08422,0.4373326362379723,0.5254470572888162,0.037220306473211555
id14612,0.0007016495113325597,0.00017955691551021567,0.9991187935731572
id11545,0.5850506439379519,0.3371091584204011,0.07784019764164703
id24921,0.01659993123586203,0.030614918242245843,0.9527851505218922
id18942,0.8347373720986698,0.0005119240742688787,0.1647507038270612
id23652,0.09434465279258107,0.6266173049102521,0.2790380422971668
id07261,0.4906149911184548,0.013213674027072088,0.4961713348544731
id11791,0.9663393975446205,0.015070776072058104,0.01858982638332141
id07207,0.03522597690571555,0.48879789369830573,0.4759761293959787
id19774,0.9842630740645371,0.012631733014871152,0.0031051929205917926
id06049,0.9500744358864299,0.03607451786087454,0.013851046252695426
id13983,0.5568638679997435,0.03583451990059198,0.4073016120996646
id27463,0.06302446765339585,0.021696948459112905,0.9152785838874913
id09046,0.0026570584686739125,0.7704907103921067,0.22685223113921937
id25994,0.2742232209080493,0.7232738474900704,0.0025029316018803384
id02689,0.1691298707820931,0.6001460260207692,0.23072410319713782
id14829,0.24266503214534357,0.7550813839735581,0.002253583881098438
id20759,0.008812761395556373,1.2942075386316078e-05,0.9911742965290573
id27848,0.9069726848054435,0.0022855820770914365,0.0907417331174652
id08225,0.0006057827628177378,0.00012273510067642592,0.9992714821365059
id17637,0.022067456489618567,0.0019423876717948323,0.9759901558385866
id15355,0.9932414034070978,0.0035268096176912806,0.003231786975211019
id13448,0.7240680896393497,0.1229993614477507,0.15293254891289967
id01981,0.1416221997965807,0.16075566192323218,0.6976221382801873
id09107,0.27757856412584975,0.00493957738339716,0.7174818584907531
id20630,0.9231867666920541,0.07673138147843721,8.185182950866568e-05
id10726,0.590312328754131,0.3609719700866809,0.04871570115918826
id03636,0.0013791432674503858,0.03020610326987998,0.9684147534626696
id01736,0.26313896330040126,0.444911673518637,0.2919493631809618
id23828,0.20004379980070072,0.764681802253586,0.035274397945713284
id27861,0.435987500918586,0.10113659848286753,0.46287590059854644
id14983,0.9887474154623823,0.008064017013948061,0.0031885675236695424
id04726,0.05471362396252672,0.15605968379315188,0.7892266922443214
id03313,0.06798638938466918,0.00019638017631081996,0.9318172304390201
id21981,0.0800534514382913,0.7540898838671541,0.16585666469455468
id20082,0.8978790782325972,0.10078651977323043,0.0013344019941722443
id03502,0.9642443214384877,0.008551098733572921,0.027204579827939338
id04804,0.38521541113265106,0.14968767222831464,0.46509691663903435
id20635,0.0467789625196514,6.380974360578984e-05,0.9531572277367428
id09564,0.7375273155523335,0.22956021275139696,0.03291247169626944
id01354,0.13110725165097054,0.8672903085836068,0.0016024397654227744
id09441,0.012887952647239307,0.000323309322060665,0.9867887380307
id07175,0.8815383295030871,0.014668108789472363,0.10379356170744067
id15544,0.26319452970118,0.0670506025928217,0.6697548677059983
id25935,0.9138152825333867,0.07212562640627615,0.014059091060337023
id19230,0.19542992482738128,0.8043826224964814,0.00018745267613737263
id00718,0.05345282388539584,0.0006500179890206784,0.9458971581255835
id00274,0.9981238332002752,0.0018593917666600564,1.677503306476448e-05
id16546,0.8271870678371698,0.13490048115119763,0.037912451011632625
id02136,1.8052174176572846e-05,0.9927070241557491,0.0072749236700742695
id19618,0.15838081015254868,0.7501554667006339,0.09146372314681744
id00503,0.06744067522924446,0.013889751339752529,0.9186695734310031
id11300,0.30184534957126596,0.6980777936373418,7.685679139237635e-05
id21526,0.03281612384756925,0.9655464037101348,0.0016374724422960605
id07300,0.01117908110958453,0.9594833920077839,0.029337526882631557
id18782,0.07283597631083222,0.9057835731185844,0.02138045057058352
id01883,0.036724801966372504,0.9219121449452318,0.041363053088395704
id25235,0.9921743960160747,0.007677589043122802,0.00014801494080260994
id03747,0.15328755033119928,0.012056870900318489,0.8346555787684822
id07155,0.6102136366438248,0.23710778544792002,0.15267857790825523
id00565,0.9920898086761127,0.007863624199904976,4.656712398232842e-05
id11232,0.9931343600498949,0.002142966439865675,0.004722673510239453
id00722,0.02569153790207007,0.8324234689640861,0.1418849931338439
id19963,0.04159559712575037,0.3005298644612879,0.6578745384129617
id16866,0.9102915478963226,0.023960030327545425,0.065748421776132
id17280,0.15778513656131896,0.8252665688103865,0.016948294628294506
id04309,0.8013159100168342,0.1073035295447312,0.09138056043843457
id23317,0.02122588639329819,0.9626804868566697,0.01609362675003207
id25757,0.0020981656142231736,0.9875757089271897,0.010326125458587132
id17088,0.04956670388427951,0.05577801188853737,0.8946552842271831
id19779,0.12807514232647502,0.0008083988805980846,0.871116458792927
id26845,0.006962329882861875,0.977951571886441,0.01508609823069724
id01923,0.8908639688600604,0.029196018423845355,0.07994001271609433
id09394,0.004042734052603724,0.21051767477462105,0.7854395911727753
id25978,0.2642136306705587,0.24925578667770473,0.4865305826517365
id03898,0.14101357023506547,0.8479351878690555,0.011051241895878992
id11967,0.034670470116185896,0.03701099444197343,0.9283185354418407
id14964,0.9785438735886887,0.0014433364979618989,0.020012789913349437
id06337,0.0009298553924259696,1.1811111096305038e-05,0.9990583334964778
id26501,0.00020577702954051912,0.004921996392177519,0.994872226578282
id20513,0.8200550624263172,0.1794505320324542,0.0004944055412285767
id05044,0.9916951694855964,0.0061369850735096335,0.0021678454408939505
id07951,0.15895380797729516,0.0014681692161630734,0.8395780228065418
id14796,0.4648928074474939,0.13598342633107496,0.3991237662214311
id09780,0.033764155772602104,0.0013587049943244952,0.9648771392330735
id13597,0.9978664093565485,9.059809354094191e-05,0.002042992549910499
id26413,0.9976721919406004,0.001364123082983713,0.00096368497641588
id14007,0.003740361313782933,0.9887730368081442,0.007486601878072757
id01799,0.466877520048231,0.06460156934773412,0.4685209106040349
id24712,0.001293042015299845,0.3243261983849807,0.6743807595997195
id13156,0.05172030777706055,0.3554637433289624,0.592815948893977
id25468,0.0006239351384174401,0.000963669526397743,0.9984123953351849
id25877,0.8316313731255698,0.004620413884800965,0.16374821298962933
id22485,0.05588077041060979,0.944109452709148,9.776880242121064e-06
id09229,0.002841041819903648,0.006260878343499985,0.9908980798365964
id25687,0.84083722122504,0.05731050057374017,0.10185227820121981
id12266,0.3273642554783289,0.5182001392361565,0.1544356052855146
id19723,0.9806704067701908,0.004399953808054721,0.01492963942175444
id03536,0.9992629967036974,0.00044176044138393366,0.0002952428549186798
id24370,0.0050224783380568554,0.9654672791483971,0.02951024251354607
id10745,5.264261030159785e-05,0.9999213513149664,2.6006074732031098e-05
id17620,0.9832200942145857,0.005745606967016766,0.011034298818397596
id16290,0.0015965893794464114,0.9970076742132372,0.0013957364073163485
id04325,0.311834722428313,0.20371894685795036,0.4844463307137367
id23332,0.11036512684180654,0.0005678143501203916,0.889067058808073
id15082,0.002349981225413645,0.9973329379515815,0.0003170808230048224
id21581,1.963717985925263e-05,0.00045137702145457204,0.9995289857986862
id17460,0.9399475375928353,0.003528354834998956,0.05652410757216577
id17003,0.9784779452249251,0.014265085646459482,0.007256969128615494
id15193,0.00011844873534283644,0.9578321438901182,0.04204940737453906
id08389,0.1023449183002699,0.008663342141048228,0.8889917395586819
id19831,6.0734161150573265e-05,0.0001515528848077565,0.9997877129540417
id25627,0.019475660898343336,0.015275383161593367,0.9652489559400633
id14051,0.7548419520343925,0.026030546701112735,0.21912750126449482
id00942,0.9842663552613652,0.002464413906529837,0.013269230832104987
id09184,0.014112435760577743,0.884034533951128,0.10185303028829419
id21762,0.948016719797233,0.044748292313608634,0.007234987889158369
id07390,0.9028776151228701,0.08842855899630708,0.008693825880822889
id25785,0.013885407500072423,0.9582303323478004,0.0278842601521272
id17567,0.07565095935854614,0.8886810093139883,0.03566803132746558
id13118,0.03802465511333442,0.9494769970982847,0.012498347788380913
id17508,0.0017334593829724323,0.000158038654898439,0.9981085019621292
id21192,0.8086446902496105,0.001349835197161404,0.19000547455322814
id27884,0.19088029775646476,0.01580887365809924,0.793310828585436
id08686,0.00011701221247153621,0.772290046624558,0.22759294116297057
id01360,0.7983982894951392,0.2010722920079634,0.0005294184968973342
id13689,0.7705154044068758,0.08229206415137788,0.1471925314417463
id01772,0.2642537811870985,0.004973489928082606,0.7307727288848189
id17507,0.003424777368181948,0.990417576821305,0.006157645810513029
id17644,0.8451624415362967,0.15154575227399344,0.0032918061897098724
id00494,0.9075475572813044,0.08592978001362316,0.006522662705072499
id09881,0.022445408717095054,0.9699153210165772,0.007639270266327867
id02306,0.5833118308591719,0.039317454642488786,0.3773707144983393
id06761,0.9840103099935315,0.01219259128167999,0.0037970987247885547
id15045,0.10311832088373893,0.0675878478417956,0.8292938312744654
id05992,0.11424049636107861,0.00012812623163797174,0.8856313774072835
id18245,0.8631718361698655,0.0302395766078345,0.10658858722230005
id01047,0.9651224956476862,0.014925130494416676,0.019952373857897207
id23601,0.014458571811331972,0.0012047146722357779,0.9843367135164323
id13140,0.9643173775836481,0.004049915539062713,0.03163270687728913
id05280,0.002064294549527492,0.9677308890150823,0.030204816435390226
id03728,0.4770530213457752,0.03878926912078875,0.4841577095334361
id15626,0.6616074689006277,0.15770677010555142,0.18068576099382097
id03086,0.004854152511661242,0.0005268479503760272,0.9946189995379627
id27898,0.07426282869687989,0.903665020650937,0.022072150652182987
id05891,0.9754297761812586,3.162504338255374e-05,0.024538598775358876
id02214,0.028661867284880346,0.10561877144634005,0.8657193612687796
id17274,0.8718293622471245,0.08826558140797507,0.039905056344900436
id09359,0.8307307774574254,0.002417352740370854,0.16685186980220384
id03320,0.9939575230384938,0.0036214005322822754,0.002421076429223888
id26061,0.9145440327034104,0.05280116875804839,0.032654798538541134
id02869,0.9418981765909644,0.05391701613275213,0.00418480727628344
id21891,0.00020687936059342684,0.9996865505304481,0.00010657010895857802
id06182,0.27649597689113425,0.639023127397611,0.08448089571125472
id13429,0.011958204744040551,0.9833206500572913,0.004721145198668251
id15943,2.1280304949961878e-05,0.001997766120329547,0.9979809535747205
id13008,0.28213170509647617,0.7106474440656083,0.0072208508379155495
id08587,0.813556944337569,0.010794109879423025,0.17564894578300805
id03346,0.7237203353679724,0.27571885810332625,0.0005608065287013642
id02052,0.06461100056948742,0.37345114060537826,0.5619378588251344
id00916,0.1913098901613415,0.766640543317796,0.04204956652086255
id11093,0.32212625326641786,0.08942002527179733,0.5884537214617848
id15190,0.9908014929276876,0.004215521627120597,0.0049829854451918405
id23076,0.7642820506766169,0.02647147754643462,0.20924647177694847
id25738,0.0008240177848673939,0.9970884684335195,0.0020875137816131436
id21546,1.639149931111635e-05,3.836048822261251e-06,0.9999797724518666
id17764,0.9737569372485271,0.0212961434904646,0.004946919261008315
id11990,0.6956347654381937,0.28927660100679653,0.015088633555009837
id21050,0.9447251273690817,0.051469909591893355,0.003804963039024927
id18324,0.2521471208032144,0.11358168372186839,0.6342711954749173
id20690,0.5994013759477805,0.1149383514346466,0.2856602726175728
id19799,0.06646263022151498,0.05643661332869856,0.8771007564497865
id12658,0.9895871763755885,0.009000461869057567,0.001412361755353977
id03781,0.019710354567935715,0.41183399799929576,0.5684556474327684
id04870,0.00015010040184254613,0.9892957373138109,0.010554162284346568
id20596,0.05505035131259179,0.9439531487490095,0.0009964999383986755
id26849,0.9510912767707266,0.0025139150833268296,0.04639480814594651
id00600,0.018636049708516695,0.9793038674843453,0.0020600828071380283
id11902,0.9785993586406058,0.020734291059231184,0.000666350300162938
id19219,0.9128628644614782,0.008868827176898329,0.07826830836162353
id14788,0.0026733833753019697,0.9973123348239135,1.4281800784557853e-05
id22482,0.00024755697693336077,0.8780424907522252,0.1217099522708415
id15378,0.0021966462144124782,0.9977820760489946,2.127773659283552e-05
id14696,0.002378487866475902,0.997031463171594,0.000590048961930086
id17359,0.17911850420074313,0.0845538589500198,0.7363276368492371
id16190,0.9446472887431178,0.05304142676398535,0.0023112844928967857
id21285,0.9103442369989693,0.0018680877002086014,0.08778767530082221
id06812,0.8940944236379782,0.10044122332526628,0.005464353036755559
id15579,1.189499425751817e-06,0.04060886168759066,0.9593899488129836
id26672,0.990719757953153,0.008973784703071589,0.00030645734377530233
id09842,0.002518267125585021,0.9912776228186284,0.006204110055786564
id06045,0.9623971810212323,0.03167542429006859,0.005927394688699183
id21233,0.9884261914132612,0.0007917193405631865,0.01078208924617571
id16227,0.9931708928704298,0.004646092012264484,0.0021830151173057285
id17437,0.005249702667547737,0.33462438007103434,0.660125917261418
id02309,0.975428646636294,0.024549680946167808,2.1672417538115372e-05
id18232,0.00039501791125173396,0.009507021176918649,0.9900979609118297
id23419,2.062627654954448e-05,4.9326247934765006e-06,0.999974441098657
id11924,0.9536370520596075,0.003548560845153418,0.04281438709523916
id12263,0.9958759993702866,0.0027068170375141513,0.001417183592199182
id16734,0.96235986733544,0.0005900980638593027,0.037050034600700686
id07989,0.9542919373634278,0.0165271237725536,0.029180938864018666
id24633,0.0025796308069971534,0.037650654620187525,0.9597697145728153
id19770,0.9725937574980774,9.314169498833348e-05,0.027313100806934238
id05094,0.1347680420117743,0.031332998240437865,0.8338989597477878
id07252,0.7490043051944024,0.03963150433993924,0.2113641904656584
id12536,0.8357317206651639,0.004626187964692271,0.1596420913701439
id24324,0.9819110312802678,0.005476943973861554,0.012612024745870672
id25546,0.5365561237024187,0.011394209337727107,0.4520496669598543
id24732,0.9772760586459477,0.006623355229953655,0.016100586124098728
id07280,0.0435071798628023,0.15420468799320794,0.8022881321439899
id23268,0.9634485559613569,0.0073247952061964595,0.029226648832446602
id18050,0.02860347538237506,3.165818145841729e-05,0.9713648664361666
id19360,0.6907578192637606,0.3058584744347919,0.0033837063014474874
id00456,0.1512315578531754,0.8460834199062274,0.0026850222405972496
id14069,0.05634857719435111,0.9411687422909095,0.002482680514739311
id24965,0.00694244967719003,0.9905440706349273,0.0025134796878826435
id13245,0.057953974529745,0.036714446447856854,0.9053315790223982
id22515,0.0014164497826651464,0.9869588060526575,0.01162474416467725
id11332,0.9031142577223495,5.5521035890109826e-05,0.09683022124176033
id19876,0.014299284506415436,0.0026654117635217574,0.9830353037300628
id18315,0.9858751149593107,0.001731252436548978,0.012393632604140436
id05260,0.006753184031167325,0.9885841612194323,0.004662654749400417
id14594,0.01592961191957765,0.9822595743241486,0.0018108137562738546
id12867,0.7922151038265636,0.19107849456059034,0.016706401612846155
id05902,0.0605237029834476,0.9187641570496977,0.020712139966854753
id06390,0.010773413810038495,0.0006498932188378455,0.9885766929711237
id06005,0.19043365884427024,0.7271048931492742,0.08246144800645563
id24075,0.020642752933099584,0.045151391515813884,0.9342058555510866
id12630,0.2488840909488276,0.7300199297323213,0.02109597931885111
id26378,6.897397479770643e-05,0.0007133947826700314,0.9992176312425323
id05535,0.21268878066610575,0.2972361766617191,0.4900750426721752
id26702,0.00012466833156677103,0.0027570558116266843,0.9971182758568065
id25209,0.3484657543065897,0.12456978287113105,0.5269644628222793
id19835,0.00042455157036719164,0.0957554799087484,0.9038199685208844
id09511,0.08852037331900134,0.8936926314761284,0.017786995204870294
id27364,0.7450259514501418,0.23839731420224222,0.016576734347615963
id09695,0.8987149798718527,0.051404502024105445,0.04988051810404177
id16165,0.8127214376117874,0.18682138310992796,0.00045717927828456086
id19503,0.0021739262042789723,0.004209331266889449,0.9936167425288316
id13511,0.009227317021367325,0.01977705187694278,0.97099563110169
id18752,0.0011301298972043947,0.00047734317267071293,0.9983925269301249
id18278,0.9499782499848884,0.04939701271697969,0.0006247372981317384
id27219,0.9664254884867335,0.026753577670439163,0.0068209338428273664
id05454,0.0009278139230864375,0.9913069331355032,0.007765252941410413
id12347,0.7882462164348937,0.032100523518310484,0.17965326004679574
id10397,0.8606172852148597,0.06476257104931282,0.07462014373582743
id18543,0.8184046510985824,0.016271599624285454,0.16532374927713214
id05210,0.9606277608627596,0.03860803660467593,0.0007642025325644454
id23141,0.03785775648189511,0.9595345988059222,0.002607644712182757
id17139,0.8751583635404033,0.12287610189953789,0.001965534560058762
id21399,0.9958313299052046,0.00044473764609978485,0.0037239324486956207
id18728,0.935674054397944,0.006113588494333048,0.05821235710772284
id12170,0.016747119295023837,0.9798050015193357,0.0034478791856405325
id02225,0.011990087781048007,0.8496925601345374,0.13831735208441465
id27210,0.14243359990704402,0.8525413859730961,0.005025014119859882
id01242,0.05427208198608628,0.0047571467702475926,0.9409707712436661
id16587,0.21408215604426956,0.03665212794492966,0.7492657160108008
id11144,0.023761484231767147,0.12641513735224724,0.8498233784159855
id13709,0.9198706176219376,0.0346532553397899,0.045476127038272515
id00841,0.03624152949933611,0.9047240547091863,0.05903441579147767
id09692,2.3096637721105057e-05,2.1602645536286647e-05,0.9999553007167427
id07635,0.993420099694687,0.00493147772535125,0.0016484225799615875
id11375,0.9913959632836836,0.00556330214041949,0.003040734575896885
id05703,0.7362753008897281,0.040741098577463206,0.22298360053280863
id02757,0.997677272023746,0.00205518381134037,0.00026754416491365715
id08216,0.05337493466015026,0.9416891536817117,0.0049359116581381285
id09311,0.008279005664296651,0.2408069069694496,0.7509140873662538
id11169,0.8198154690697589,0.13004344617105537,0.050141084759185786
id23806,0.9847052212185579,0.0031902755742940396,0.012104503207148011
id01253,0.1527496713473453,0.00011934820930181864,0.8471309804433529
id27558,0.03200105604025274,0.8321563781998311,0.13584256575991618
id06695,0.9998693333102704,5.429515125432454e-05,7.637153847526136e-05
id22654,0.005828217438629892,0.8751279522232622,0.11904383033810782
id16201,0.8832219923049792,0.006991580324431137,0.10978642737058965
id00873,0.6705545653196633,0.32501285996212675,0.004432574718210027
id07131,0.7710583080822359,0.21932364573578142,0.009618046181982757
id11454,0.0423610817091645,0.809516647963308,0.14812227032752753
id19481,0.9887373551749403,0.010589458207839715,0.0006731866172200235
id16409,0.3288222804014033,0.0099744189183052,0.6612033006802914
id01686,0.9745986968317125,0.012873945126570262,0.012527358041717267
id24068,0.8199360323939308,0.0437344971894125,0.13632947041665686
id14825,0.989550219840895,0.002873975253893822,0.007575804905211241
id13611,0.9878793995943115,0.010368415257241793,0.0017521851484468608
id05586,0.9915506181502732,0.0061975028004036216,0.002251879049323165
id04497,0.9825030914370221,0.011054444915149333,0.0064424636478286655
id13912,0.16319798618541262,0.7973978200920906,0.03940419372249689
id09675,0.09705548189248195,0.01720553783143692,0.885738980276081
id23620,0.0010510384204366874,0.9869020777200014,0.012046883859562017
id05596,0.0037042054288474293,0.5054218679211957,0.490873926649957
id09067,7.0396239858735345e-06,0.0001017201302538987,0.9998912402457603
id05445,0.006586863965412911,0.9921275803132034,0.0012855557213837848
id16825,0.0009718033326671351,0.0006098914013383284,0.9984183052659946
id21127,0.998241571797374,0.0005182821607334103,0.0012401460418924987
id01740,1.3565559178939263e-05,0.00011321803198352359,0.9998732164088376
id12719,0.9549818384334203,0.011163003168295048,0.033855158398284776
id14137,0.14800444497474974,0.11578803945136071,0.7362075155738895
id08909,0.005672412140829082,0.014526503234911009,0.97980108462426
id24041,0.2465598380205158,0.06338979924493299,0.6900503627345512
id14489,0.8948328575794969,0.0915860899086332,0.013581052511869888
id14961,0.048749243725804324,0.0007332550865198659,0.9505175011876759
id19923,0.45615724064389274,0.5391301049602553,0.004712654395852024
id03339,0.007527056151711555,0.9910818659036749,0.00139107794461359
id08864,0.00026544830720816385,0.0009026472122772598,0.9988319044805146
id19803,0.8825616141048367,0.0004948632688229255,0.11694352262634021
id09810,0.9687889760070255,0.0014740773526094437,0.029736946640365178
id23324,0.9695394296850119,0.0009426115102848643,0.02951795880470322
id22050,0.004907849813542078,0.9944694597731808,0.0006226904132771024
id11386,0.6954786228508081,0.28486156352567193,0.019659813623520036
id14739,0.9939845648606515,0.0032440549587660706,0.002771380180582325
id02882,0.9923082030277862,0.005101750572978014,0.002590046399235811
id11988,0.06244877655546304,0.45423692319413456,0.4833143002504024
id18839,0.02575262934972677,0.9677318164362009,0.006515554214072266
id08474,0.006755003486136054,0.9873114809264557,0.005933515587408339
id01060,0.16261639329411676,0.8288026252347517,0.008580981471131498
id06551,0.9709940523116631,0.012296284163480695,0.01670966352485625
id06210,0.2222366884740444,0.0009639778031401905,0.7767993337228154
id12349,0.0028006108437616385,0.02808167600620627,0.969117713150032
id21813,0.20889809717341018,0.005602792012047426,0.7854991108145425
id13028,0.09730714683083666,0.8476673894386709,0.05502546373049239
id10021,0.11264774295149833,0.01751580556037573,0.869836451488126
id07425,0.0014542795269924724,6.624401021792995e-05,0.9984794764627897
id24409,0.010527265553022027,0.9876875548723465,0.0017851795746314614
id21183,0.9880439282551698,0.002825837090274723,0.009130234654555314
id26178,0.6719710100026669,0.32718818069886724,0.0008408092984659089
id24033,0.01892353602183632,0.03555058515015103,0.9455258788280126
id14793,0.0013371236809261331,0.0006504188734690225,0.9980124574456049
id03053,0.9836220017332606,0.0022191174246670754,0.014158880842072303
id24285,0.7536439958855843,0.07645968616950913,0.16989631794490664
id09137,0.9924584142450742,0.004875389655480038,0.0026661960994457698
id03185,0.9919906669782371,0.00611952385699231,0.0018898091647706254
id21242,0.006510147026201815,0.9375145554691892,0.05597529750460908
id17446,0.819928454957497,0.0014403983534723539,0.1786311466890307
id00087,0.046329799649173345,0.9531765574050864,0.0004936429457401964
id11019,0.9273826616865283,0.07173626858192414,0.0008810697315476646
id18832,0.0019319809920159475,0.9971698498400003,0.0008981691679837099
id19224,0.17246828363164401,0.2585118314404693,0.5690198849278868
id17436,0.034753996384737154,0.012554474795608993,0.9526915288196539
id09895,0.0006978707004450067,0.0012887305580661817,0.9980133987414889
id20296,0.035494111374580924,0.0011962658014121898,0.9633096228240069
id03074,0.07221593690368351,0.7451737168613326,0.18261034623498382
id09152,0.02383173107524627,0.9729046127836212,0.003263656141132636
id15277,0.002405039086605819,0.0010894959106769648,0.9965054650027172
id07520,0.5760615523980805,0.41973797201462326,0.004200475587296161
id12928,0.0018778889444740062,0.9979661681555438,0.0001559428999822138
id06197,0.18082597981942627,0.003140104813873634,0.8160339153667001
id24099,0.9639899147711178,0.006482343240808338,0.029527741988073838
id17392,0.8457677561541225,0.08691294009776845,0.06731930374810913
id17303,0.771315901541589,0.0020997759260878357,0.22658432253232322
id05682,0.9830455136406103,0.01296118797600423,0.003993298383385446
id14339,0.9019669568017539,0.0012826460988948712,0.09675039709935127
id07873,0.2260329419648915,0.035489367294760724,0.7384776907403479
id06939,0.383394646365023,0.5740545434039471,0.04255081023102989
id14827,0.5520059645865437,0.269615799513803,0.1783782358996532
id19768,0.35120940550650226,0.647853976336062,0.0009366181574357418
id18080,0.9948845124996107,0.0004242203408689329,0.0046912671595203325
id17384,0.7134925402351604,0.2860048247291612,0.0005026350356784228
id12059,0.8030563281808187,0.1419537246421599,0.05498994717702141
id27382,4.340236732117123e-05,0.00013141530635703836,0.9998251823263218
id23252,0.8798087786458643,0.0029188376962326437,0.11727238365790311
id14797,0.012370659988861327,0.007096055802932457,0.9805332842082062
id25826,0.0032981650815579215,0.0011170589031604728,0.9955847760152816
id27569,0.9894536967381025,8.241571759662264e-05,0.010463887544300847
id05079,0.8605961904528519,0.1335057985693822,0.005898010977766033
id23749,0.9912508621327555,0.003266967008556305,0.005482170858688259
id04852,0.0013291024618028746,1.0486068616962187e-05,0.9986604114695802
id08920,0.9727692173171547,0.016389702761687264,0.01084107992115802
id15229,0.23181656299679804,0.03624127085378428,0.7319421661494178
id11992,0.005502191455393475,0.9766643375452495,0.017833470999357056
id21087,0.26662502164429,0.043470805609115516,0.6899041727465945
id22173,0.9738973975204629,0.01656592119489764,0.009536681284639468
id26488,0.7434692581559663,0.13852213803114719,0.11800860381288651
id09378,0.9548966050722922,0.02303555391112543,0.022067841016582372
id19280,0.35004796020078055,0.6467059110832434,0.0032461287159761755
id00701,0.0004760226419108704,0.012072824797698898,0.9874511525603903
id18252,0.6571086302163763,0.3363581976140985,0.006533172169525213
id19850,0.017838251842774752,0.2210288669574619,0.7611328811997633
id00967,0.009963851355754985,0.9614924856024718,0.02854366304177328
id00670,0.9406470941020486,0.016315820079545573,0.0430370858184058
id10795,0.010128482252644231,0.0003184779748030313,0.9895530397725528
id27312,0.006124672907753647,0.08223362100412161,0.9116417060881248
id10703,0.05158259803149994,0.09416693220060735,0.8542504697678928
id25596,0.21287297124637924,0.7438662114825944,0.043260817271026424
id00443,0.0678644555725306,0.00023392101052990128,0.9319016234169395
id21638,0.15676316856702507,0.8223146133945065,0.020922218038468426
id15800,0.0001458962930481369,0.9890156651955089,0.010838438511442896
id23367,0.9806276296617065,0.005389176230060416,0.013983194108233173
id03600,0.8906271976864576,0.0738140748097902,0.03555872750375231
id07147,0.5591426169699619,0.3758475663684126,0.06500981666162547
id02654,0.03528167599771185,0.9574839431144587,0.0072343808878294865
id17965,9.166992073982074e-05,0.9978948000607915,0.0020135300184686085
id24304,0.17670091189743561,0.8141686414340373,0.009130446668527067
id11626,0.6401974019539842,0.35038783866086015,0.00941475938515571
id17604,0.04190982914428767,0.010040535140483217,0.9480496357152292
id24725,0.8179169505961718,0.13441820345332808,0.04766484595050021
id08894,0.8973122439348857,0.0990246933896878,0.003663062675426434
id01352,0.3637128395884821,0.00553349689021077,0.6307536635213071
id07907,0.997980050604012,0.00153718110045937,0.0004827682955285939
id02681,0.01908658267265187,0.03080354552751915,0.9501098717998289
id23951,0.005079464159147586,0.9797592224348511,0.015161313406001192
id11154,0.28600564712419757,0.01882483772681636,0.6951695151489861
id13182,0.505104976449019,0.4898229581617764,0.005072065389204665
id04576,0.030725311993667986,0.9691575973161672,0.00011709069016468551
id16318,0.9164144393849151,0.00971021632328528,0.07387534429179964
id05472,0.26978153356330425,0.10662670139243169,0.6235917650442641
id20567,0.9120273425137617,0.08750241386466251,0.0004702436215757431
id21385,0.010741900047376015,0.14299610891631992,0.8462619910363041
id09834,0.6364409535285079,0.014443807392580254,0.3491152390789119
id02954,0.8941790698017282,0.0035239554238833846,0.10229697477438829
id15456,0.13700356764119404,0.8475268680277291,0.015469564331076881
id06958,0.9979463841175389,0.0006425444584047933,0.0014110714240563016
id18053,0.1700776029748983,0.0039034111851491316,0.8260189858399526
id05180,0.040151395841405355,0.9563331008472222,0.00351550331137242
id21648,0.9962277257250818,0.0010818360161476772,0.002690438258770583
id27095,0.23575469294473322,0.739005960914711,0.025239346140555806
id16645,0.0016511317296603806,0.9952240688435454,0.0031247994267942125
id22508,0.9845773497023381,0.015073096444549784,0.00034955385311207605
id01151,0.07817086569910996,0.02050303038059383,0.9013261039202961
id03451,0.23446190948173404,0.7487493645563928,0.01678872596187314
id20279,0.5356375171137918,0.10484699123482054,0.35951549165138763
id17480,0.07380012007241188,0.9214440670811278,0.0047558128464603635
id08280,0.014632733135616489,0.9852061890209196,0.00016107784346376528
id19245,0.5413126400408972,0.005797051360742809,0.4528903085983601
id20463,0.7968785715047779,0.19052840775727276,0.012593020737949425
id01510,0.013450339149370884,0.9614166132555085,0.02513304759512063
id22724,0.008726503122003838,0.010834319484470044,0.9804391773935262
id03386,4.175192735788126e-05,5.0748161015782924e-05,0.9999074999116263
id26858,0.9706905848427921,0.0016015855065564736,0.02770782965065142
id27612,0.9963536672872358,0.0027652463691703443,0.0008810863435938349
id14606,0.9912192891050967,0.0062244358843491525,0.002556275010554153
id09273,5.029093953042495e-07,0.06888131227999039,0.9311181848106144
id07736,2.5869403607707903e-06,5.0991008042598265e-05,0.9999464220515967
id22879,0.9302677128411438,0.04180716329893241,0.02792512385992371
id01075,0.09382356623149803,0.9037072910568836,0.0024691427116183824
id14038,0.01269411416545837,0.9862479459924478,0.0010579398420937954
id10294,0.9667765159956401,0.02321920500839657,0.010004278995963251
id06738,0.027977295725078566,0.774895131374342,0.19712757290057936
id06932,0.021197211872967067,0.942477818790845,0.03632496933618795
id20905,0.0695053819993672,0.7832766317961422,0.14721798620449067
id03466,0.9156918332105232,0.004096036378596181,0.0802121304108807
id17100,0.044889087706848685,6.052823526061876e-05,0.9550503840578908
id00585,0.0007159171384648908,0.004487297842565088,0.9947967850189701
id05385,0.9752603122349407,0.00043921227951106514,0.024300475485548145
id21658,0.9776094358602961,0.022015286350114918,0.00037527778958882914
id25140,0.4393344034109461,0.5534277485485876,0.007237848040466294
id14623,0.017624171130165674,0.979934283099626,0.0024415457702082373
id06925,0.12761375115343196,0.8508117662447189,0.021574482601849267
id03102,0.3057683135563478,0.07078844976467494,0.6234432366789773
id15215,0.018584089794483904,0.9811200571026867,0.0002958531028294421
id16162,0.003671735960407697,0.9962738816270715,5.4382412520794104e-05
id12412,0.0013196783323105496,0.9682292110958323,0.030451110571857218
id27708,0.7683447508622544,0.014466506110345778,0.21718874302739968
id18508,0.9061721532204127,0.059281373726326095,0.034546473053261174
id19857,0.9756281618540723,0.0003247461502876753,0.02404709199564
id27904,0.9878273096773776,0.004553878116819326,0.007618812205803177
id27345,0.19878270003468826,0.05002238576211365,0.7511949142031982
id09516,0.05250030819659266,0.938332768999547,0.009166922803860375
id24277,0.004235869255430885,0.6008411660883807,0.3949229646561885
id26935,0.021548860917448665,0.9640307654054728,0.014420373677078383
id08544,0.3288986699317239,0.08442492218510325,0.5866764078831729
id13779,0.9876879485423861,0.0033563702123516007,0.00895568124526238
id17103,0.8445951791326963,0.07023815654583239,0.08516666432147128
id01771,0.5697792675960209,0.0884868548506177,0.3417338775533613
id08211,0.011358209319657248,0.0034358514253422508,0.9852059392550006
id06392,0.9998391561492731,0.00015306831780189913,7.77553292499466e-06
id25629,0.9531785526315044,0.026238116325637027,0.02058333104285855
id15194,0.005632330752356961,0.4125521725622262,0.5818154966854169
id23962,0.04650429480505748,0.953234324174383,0.0002613810205595504
id14252,0.031810000347066256,0.054812263474355326,0.9133777361785784
id15381,0.9946961467737456,6.865280856366286e-05,0.005235200417690699
id17385,0.05066995321957623,0.05007524962475598,0.8992547971556678
id22826,0.9499261180051939,0.04321068861445136,0.0068631933803548284
id16485,0.09647328556838917,0.8922491711010299,0.011277543330580956
id25744,0.9638440138946011,0.03439412998843376,0.0017618561169652435
id09192,0.8936233015021163,0.10586314905383694,0.0005135494440466496
id08619,0.03436098955232368,0.9642127400618111,0.0014262703858652149
id27889,0.5943948374305621,0.3105052282174385,0.09509993435199941
id10964,0.0015700358940923225,0.027556222877443786,0.9708737412284639
id00821,0.9521669298695964,0.008035917203181562,0.03979715292722212
id07120,0.9885638898154749,0.01105333449893437,0.00038277568559063425
id05347,0.9292357938421807,0.06209778233712451,0.00866642382069472
id14047,0.7831727927449935,0.06026219716721406,0.15656501008779253
id24871,0.8423755922426867,0.15256532872385958,0.005059079033453851
id21417,0.6256148891487432,0.005576723014629895,0.3688083878366269
id03784,0.9898381280540586,0.008384772653136282,0.0017770992928051888
id07389,0.5174049494487731,0.3976789955491707,0.08491605500205619
id16215,0.964157138205527,0.03558425414657528,0.0002586076478978229
id10976,0.00384986730589305,0.022264710544273793,0.9738854221498332
id00348,0.9990485634642468,0.0008263147181592852,0.000125121817593952
id04027,0.7034037292952234,0.000523435435919588,0.29607283526885697
id21625,0.8707973084307261,0.09882911757660925,0.030373573992664625
id15117,0.0003397144443055901,0.002826580745874489,0.9968337048098199
id06776,0.0012779875594965385,0.989110053390848,0.009611959049655533
id10947,0.9956784091586977,5.716380742687281e-05,0.004264427033875534
id11746,0.35994464450687663,0.0009432244800898481,0.6391121310130335
id27779,0.007745579785534167,0.0013183014058071668,0.9909361188086586
id20789,0.05843946356885225,0.6418369431293464,0.2997235933018015
id16187,0.11462220674876926,0.02428701030739016,0.8610907829438407
id23834,0.24923267273369626,0.748022546110022,0.0027447811562818455
id25848,3.342515854529736e-05,0.9999293407493444,3.723409211031987e-05
id08777,0.9946593672315915,0.0023612228972029366,0.0029794098712054577
id17045,0.005493872038212405,0.0015432669588184731,0.9929628610029692
id01474,0.018687733159781197,0.009344595754396872,0.9719676710858219
id09396,0.15734277091760882,0.7991363131013759,0.043520915981015346
id22208,0.997106756728783,0.002586438179601064,0.00030680509161590855
id13813,0.0007331088926360409,0.0016178915507825808,0.9976489995565814
id23386,0.9639586645802736,0.01634915957793575,0.01969217584179077
id02610,0.0006669311749619913,0.995348386805322,0.0039846820197161105
id07647,0.03040474991882329,0.44428324901775557,0.5253120010634211
id24025,0.9874313622495636,0.003939396871138778,0.008629240879297716
id25573,0.9963093189700031,0.00014069112492325634,0.003549989905073738
id23575,0.8669122433214441,0.08115231961410081,0.05193543706445507
id08968,0.13114561499468988,0.8234918608765603,0.04536252412874978
id09958,0.1697831906616726,0.8277433656774569,0.0024734436608704873
id13648,0.537493584946811,0.24840585172360624,0.21410056332958283
id00335,0.9929269038072425,0.002608252718371807,0.004464843474385739
id18099,0.2712261180254612,0.7197132465049231,0.009060635469615764
id24297,0.005103532929688924,0.0036585582143422346,0.9912379088559689
id17751,0.020708713107388095,0.0591568127541771,0.9201344741384349
id02158,0.03924446779300451,0.9592640353957211,0.0014914968112744026
id03039,0.9894770293072301,0.0009989476714420084,0.009524023021327818
id09467,0.3576046588403988,2.9732029593772676e-06,0.6423923679566418
id14903,0.9621760075135916,0.037589414386931266,0.00023457809947709287
id03331,0.18541226628050755,0.7337997520833746,0.08078798163611789
id27366,0.011507474495702483,0.0035805766856368726,0.9849119488186607
id09199,0.9900081563793581,6.726734334902402e-05,0.009924576277292797
id07681,0.11126278360302627,0.013701319018741515,0.8750358973782323
id11502,0.001110699441647784,0.9988045003857506,8.480017260155273e-05
id00140,0.9964129169115266,0.0020537830441376237,0.0015333000443358636
id20159,0.7865127491299481,0.0007187916066965445,0.21276845926335547
id02007,0.00020258746469434486,0.01415361092343479,0.9856438016118708
id08188,0.993485880438665,0.004809045158053022,0.0017050744032818792
id04504,0.0004980824883331232,0.0007762652711749969,0.9987256522404919
id22031,0.5172750269663556,0.4653821792762408,0.017342793757403593
id17947,0.002941854590325451,0.03296047517026983,0.9640976702394047
id06267,0.9641335065218327,0.030670605540881964,0.005195887937285346
id14577,0.9618712513712415,0.009121158235854042,0.029007590392904428
id27313,0.984288171321507,0.010455321840554707,0.005256506837938202
id16231,0.41342648357783635,0.5858755355210549,0.0006979809011088113
id02587,0.6472942949414926,0.06611993926131873,0.28658576579718864
id04379,0.23379139519247963,0.7616637621312241,0.004544842676296249
id13503,0.20034807490554077,0.7986558275863784,0.0009960975080807889
id03887,0.9982533026169151,0.00142764472066961,0.0003190526624153494
id22338,0.9624830994095657,0.02142570447782949,0.016091196112604844
id20080,0.5435790232241589,0.44624442549853327,0.010176551277307877
id22392,0.9875796959522604,0.007531731223836819,0.004888572823902929
id03895,0.8733264684953879,1.2947761797236478e-05,0.12666058374281491
id17179,0.05095798945394307,0.8839671751364555,0.06507483540960146
id23466,0.031158994043841235,3.102594441111229e-05,0.9688099800117477
id12592,0.01055656581187993,0.9724520855656928,0.016991348622427214
id16947,0.9932939674326114,0.002848012572483451,0.003858019994905126
id13870,0.29404367813633825,0.005871663850240125,0.7000846580134217
id10717,0.0024632485590107317,0.005619942439955341,0.9919168090010339
id09418,0.9505067931363744,0.03032039995043046,0.019172806913195107
id20753,0.9751821387502131,0.008407654107207039,0.01641020714258001
id00114,0.0018424076643320157,0.006312335425569578,0.9918452569100984
id00627,0.9915521672146893,0.00713503959941759,0.0013127931858931661
id07738,0.00011778626273253754,0.9998614975284895,2.071620877806938e-05
id14516,0.816268868293087,0.1701517120985604,0.013579419608352641
id02107,0.007933129234461172,0.9909992602108223,0.0010676105547165165
id18378,0.012713303254764032,0.9735063106429342,0.01378038610230171
id02751,0.012302735036148614,0.0003079992658866307,0.9873892656979647
id26105,0.10813921181128759,0.4950543111115616,0.39680647707715083
id07659,0.0337743211722545,0.26266551203992805,0.7035601667878175
id07421,0.9935328019988203,0.002497713388325882,0.00396948461285381
id00325,0.9273555304423354,0.06739916303518954,0.005245306522475122
id12253,0.8927402261046442,0.10702826962685628,0.0002315042684994149
id23427,0.954069046745671,0.045865193064655925,6.576018967298009e-05
id06202,0.9924556793170376,0.0011618406225945843,0.006382480060367812
id21320,0.007999409700476873,0.008886586666778254,0.9831140036327448
id21994,0.7203573553099122,0.26045850373503887,0.01918414095504889
id13903,0.3708776880766179,0.04315885948176599,0.5859634524416162
id13767,0.9963302016102891,0.0027909349747975033,0.000878863414913408
id03750,0.000724195724671935,0.0002950275392922075,0.9989807767360359
id08666,0.011359846392156522,0.006270095585239097,0.9823700580226044
id12171,0.02245455556226864,0.4729895358857613,0.5045559085519701
id26202,0.5875973153308571,0.0046311156034584775,0.40777156906568446
id16310,0.004568856951357099,0.000234030699296379,0.9951971123493466
id02650,0.8117218003214403,0.1007308259994223,0.08754737367913751
id26558,0.9792161484163407,0.015695690847383145,0.005088160736276122
id24794,0.9991136338376224,0.0002490707538301847,0.0006372954085473629
id01299,0.545485938947784,0.00023203896139894787,0.4542820220908171
id19281,0.9910267649729679,0.0029520311066993394,0.006021203920332785
id20504,0.9162590211254672,0.031112590376289304,0.05262838849824344
id15716,0.00494305838949717,0.0809886879644933,0.9140682536460096
id08222,0.0038635072534485035,0.06616604401914264,0.9299704487274089
id12393,0.0036096334928271737,0.017443806414977923,0.9789465600921949
id26841,0.23422015198468454,0.74501851526679,0.020761332748525402
id22947,0.0359779973450793,0.9631495534811332,0.0008724491737874795
id10817,0.9584505656707004,0.041283345014979225,0.00026608931432040624
id01486,0.7207950296782757,0.2588514760430377,0.020353494278686633
id00296,0.04645927310746998,0.9277751940443428,0.025765532848187205
id24189,0.5413208525734454,0.08350741765501726,0.3751717297715373
id20909,0.16368357159726155,0.07550304740591501,0.7608133809968235
id21079,0.9759444651248955,0.021949136565812464,0.0021063983092919807
id02478,0.0010862348235712587,0.1114900162206887,0.88742374895574
id03727,0.8509932525252665,0.0016363723004255103,0.14737037517430818
id09794,0.8274658485229269,0.004812513281778008,0.16772163819529512
id08527,0.48493158806459485,0.5112119321242748,0.0038564798111302583
id18716,0.9956661874635744,0.000758894055863557,0.0035749184805620136
id21733,0.011209037597035926,2.259174140529165e-05,0.9887683706615588
id08898,0.8191011924680887,0.17512430087078443,0.005774506661126853
id16571,0.05754413263028419,0.0016280877427233764,0.9408277796269924
id17780,0.9913802957362687,1.4316480659766251e-05,0.00860538778307152
id11537,0.9712226491853726,0.0038201785594599697,0.024957172255167522
id23242,0.9409421258371251,0.05274670465978198,0.006311169503092754
id16749,0.06103945268080615,0.011634446812682638,0.9273261005065112
id02226,0.8768160184311969,0.00036452812440024805,0.12281945344440287
id08369,1.9872170453450503e-05,0.0034439800990282324,0.9965361477305184
id18013,0.1253744075305771,0.8531336496284831,0.021491942840939752
id23454,0.9866709656047492,0.010419294629066047,0.0029097397661847074
id03878,3.704959910174267e-05,0.993251518455254,0.006711431945644361
id15129,9.261920375686561e-06,0.02231420819532255,0.9776765298843018
id21874,0.5659080121078887,0.0027517715024556032,0.4313402163896558
id24455,0.2453837955578869,0.003598720131466858,0.7510174843106463
id03860,0.000552999330377834,0.9980819145236328,0.0013650861459894427
id07622,0.09214774215888057,0.8966132343252777,0.011239023515841705
id18449,0.21555701111541656,0.01398667095439732,0.7704563179301862
id16952,0.9924289992545138,0.002727821421449769,0.004843179324036415
id08212,0.9981358627574427,0.0012650202943356155,0.0005991169482216503
id05513,0.3873980872935611,0.017919629212318718,0.5946822834941202
id24536,0.9952947748633963,0.004180520801088725,0.0005247043355148552
id18070,0.996607044139041,0.00020528578167349106,0.0031876700792856038
id03094,0.00045260971690609913,0.9993098156015231,0.00023757468157083802
id13815,0.048982952559376916,0.03016207721817412,0.920854970222449
id14023,0.0033554531488778645,0.9941826287184263,0.00246191813269583
id14480,0.7824986515574854,0.15450824690944895,0.0629931015330657
id00059,0.9759850209934173,0.00988655203608117,0.014128426970501547
id16873,0.9734693219093876,0.005465956799866075,0.021064721290746363
id23144,0.903379790920724,6.303230177625434e-05,0.09655717677749975
id02845,0.9833862907026637,0.01391721567877003,0.002696493618566359
id25492,0.15555230992307456,0.0010182236574595926,0.8434294664194659
id04097,0.6763086117366393,0.31801244823509484,0.005678940028266008
id25883,0.9876811691778512,7.93885815222379e-05,0.012239442240626515
id23391,0.004406304673633754,0.977795033274507,0.01779866205185921
id27018,0.9398180419022556,0.05956886770799431,0.0006130903897500564
id23614,0.2709098105120556,0.7142918134857646,0.014798376002179781
id14309,0.0036401119774066523,0.9951181282945899,0.0012417597280033924
id27746,0.00993000307263811,0.9893934766134851,0.0006765203138767741
id05057,0.48171552188686767,0.5008393485436374,0.017445129569494733
id06246,0.9184919290664544,0.0322424707125256,0.04926560022102011
id00509,0.002148728930401362,0.05429164347574833,0.9435596275938503
id19473,0.949993121621112,0.04973515084666778,0.00027172753222010895
id07044,0.11168108307806571,0.04921911195128362,0.8390998049706507
id09871,0.1935283301150665,0.00016769915153903815,0.8063039707333944
id26870,0.8500235080826737,0.08343250592615944,0.06654398599116684
id06125,0.2312953167226617,0.7246028487499634,0.04410183452737504
id02829,0.8398541575372845,0.004366830848881925,0.15577901161383367
id24935,0.2028441141566771,0.015599835206181719,0.7815560506371412
id04557,0.0002102856825810192,4.197841935320231e-05,0.9997477358980659
id01208,0.9401033232655611,0.009192875420214533,0.05070380131422436
id16235,0.0020392700954153784,0.9978172855956143,0.0001434443089701815
id05135,0.08310266831321372,0.9003007952825878,0.01659653640419835
id05892,0.17012991907462857,0.0010583715500559747,0.8288117093753155
id21207,0.9959339018435079,0.00012359163429696745,0.003942506522195115
id10722,0.4990877209127627,0.3182644480793369,0.18264783100790044
id17396,0.00016397811099222144,0.36994239477299834,0.6298936271160094
id17755,0.6838860670678564,0.08003535254232488,0.23607858038981874
id18529,0.11917857390789251,0.004784306861589273,0.8760371192305183
id18235,0.9141249917243198,0.08534508536220738,0.0005299229134727804
id20188,0.1248560083586376,0.0010195354078247078,0.8741244562335377
id13483,0.005431792358159796,0.043317822594419665,0.9512503850474205
id16860,0.817098017066719,0.08257677411132687,0.1003252088219541
id11203,0.9994500690704753,0.00018897732088838973,0.0003609536086362927
id01104,0.9926915102866678,0.002503519974037166,0.004804969739295048
id26195,0.0012311502424739579,0.9690401093150541,0.029728740442471827
id19647,0.0417378851226377,0.003232425703608669,0.9550296891737536
id24377,0.05310460796383305,9.212593216419101e-05,0.9468032661040028
id07103,0.9929717741961388,0.002403654724734307,0.004624571079126823
id27061,0.9586236936133782,0.041186678197025005,0.00018962818959681796
id06255,0.23480030545876118,0.7584810420228005,0.006718652518438127
id19483,0.5969587450963494,0.09249807574837349,0.31054317915527724
id27936,0.6648033753061684,0.33433639988770336,0.0008602248061282696
id21761,0.9530989949135278,0.04357206789475351,0.0033289371917187083
id06543,0.00021394668931601926,0.9961347671618658,0.0036512861488181858
id04779,0.4597328127984989,0.45816947102238803,0.08209771617911316
id05819,0.8901287185243001,0.0008201736526897895,0.10905110782301017
id04670,0.08733864763198244,0.9126544704938592,6.881874158414064e-06
id22206,0.9781727398329676,0.0011898593922874785,0.020637400774744925
id18557,0.9803930238279841,0.012725998022574724,0.006880978149441171
id24017,0.20447788587738078,0.6647360964179752,0.1307860177046442
id10305,0.9890830390243772,0.009307669474199719,0.0016092915014230922
id25879,0.9927407720493541,3.0378319696059826e-05,0.007228849630949837
id08243,0.00780163836601214,0.9865425558176494,0.005655805816338486
id11999,0.01109850597388265,0.9818681156957162,0.007033378330401245
id13392,0.31280641991756475,0.6866613659804355,0.0005322141019997435
id00681,0.11426799422877468,0.8836689108996963,0.0020630948715290236
id03225,0.6992186580592111,0.28188831889414717,0.018893023046641803
id19684,0.02813029177292972,0.27942085354952306,0.6924488546775472
id01944,0.9879573333264156,0.003014680155126314,0.00902798651845819
id04903,0.0030625847552530287,0.009752620364532285,0.9871847948802147
id22131,0.9179876836213737,0.045908241465352134,0.036104074913274206
id17465,0.09074109942950777,0.0020759928990784077,0.9071829076714139
id02341,0.27955674279066495,0.0003497178464463559,0.7200935393628888
id23306,0.6288979222057205,0.1161682909240429,0.2549337868702366
id13543,0.00045846646110100757,0.0005462060209986095,0.9989953275179004
id05527,0.6624720689379567,0.04810513330734209,0.2894227977547012
id13622,0.04313048456045217,0.9464802894145697,0.010389226024978004
id04807,0.30097066211942736,0.6761045225112358,0.02292481536933699
id03763,0.27594933815478145,0.002923885969033647,0.7211267758761849
id04860,0.011952291051484458,1.0838568936444318e-05,0.9880368703795791
id18552,0.9894076162254098,0.010256722834118707,0.00033566094047148616
id05624,0.8333858455923177,0.1587356095220872,0.007878544885595182
id10691,0.004758576439416553,0.048682361144515046,0.9465590624160684
id12723,0.8576462709033743,0.1316030401203104,0.010750688976315322
id14533,0.8520079624951901,0.11877558448281472,0.029216453021995315
id07197,0.48776346219215,0.0030681690862588763,0.5091683687215911
id08284,0.9576960153857181,0.01055683699518085,0.03174714761910097
id13373,0.6864497561110707,0.23295054521727046,0.0805996986716588
id25880,0.14565373944678386,0.005456555578830863,0.8488897049743853
id00879,0.9277486851386667,0.05537195402428525,0.016879360837047913
id27931,0.004904149583015607,0.7348397892395365,0.26025606117744793
id20774,0.024560323553194742,0.00441897514149521,0.9710207013053102
id18642,0.081029594770247,0.8332337363807836,0.08573666884896944
id26855,0.014609673050074752,0.5812580719753864,0.4041322549745388
id08684,0.566187486447098,0.17588760160845104,0.2579249119444509
id01743,0.008081325080806627,0.2519254934136767,0.7399931815055167
id09704,0.016578797496626944,0.9777448858079741,0.005676316695398927
id00696,0.12074888437105256,0.008032789605354883,0.8712183260235925
id08351,0.08916200742589354,0.8361709547279533,0.0746670378461531
id08495,0.9713024616526988,0.009424638531853506,0.01927289981544764
id05141,0.01193194595548645,0.0015582070317791416,0.9865098470127344
id08515,0.10250688267338154,0.009156214050199727,0.8883369032764188
id23509,0.020200831147177096,0.0688770345508832,0.9109221343019398
id20577,0.001224072342871221,0.0006356104098988187,0.99814031724723
id04217,0.0670895855415765,0.0010542721410536765,0.9318561423173699
id24430,0.04185499991878754,0.009924815557594663,0.9482201845236179
id11995,7.453963900873778e-06,0.00040963735713441457,0.9995829086789647
id10871,0.0006471091858635077,0.020332190409089106,0.9790207004050474
id21988,0.00028016463830208774,0.0054152862687197,0.9943045490929782
id07248,0.9807898244766741,0.018467409291217297,0.0007427662321086275
id22805,0.8437753556488401,0.006504860592348445,0.14971978375881156
id18064,0.0450894974509404,1.9615786134991832e-05,0.9548908867629247
id02256,0.044111190510696736,0.31727288501325024,0.638615924476053
id18835,0.9108299597935874,0.0006585453826648453,0.08851149482374775
id06068,0.024960414261886565,0.27883831802693765,0.6962012677111759
id13355,0.007390769455064324,0.9802537679065325,0.012355462638403137
id15890,0.04505367391735527,0.8692131615320964,0.08573316455054836
id11828,0.996747122371372,0.0023999472460206166,0.0008529303826074394
id14235,0.04909524507132751,0.011285484651078918,0.9396192702775936
id07891,0.0022722577809988435,0.3634406352284173,0.6342871069905839
id00426,0.22490365380677127,0.6710981962871407,0.10399814990608805
id00194,0.005928749873003759,1.1661007823626205e-05,0.9940595891191726
id10086,0.5550877212179822,0.0013431822388644521,0.44356909654315335
id24683,0.0012858300252551395,0.01274270983834173,0.9859714601364031
id01217,0.3117016800709594,0.6802045061328083,0.008093813796232354
id09906,0.018475398860593156,0.7497094530798142,0.23181514805959272
id04780,0.039595233068056956,6.09438064042153e-05,0.9603438231255388
id15682,0.999134018502649,0.00010067535374198761,0.000765306143608889
id27193,0.9535534021047648,0.0031255296918322618,0.04332106820340303
id01574,0.0001211340313765923,0.005124588322782575,0.9947542776458408
id26894,0.05708780959298866,0.014932704389055211,0.9279794860179561
id08143,0.29789973707424455,0.6306841702009139,0.07141609272484145
id05756,0.0639808310138517,0.8964293778159165,0.03958979117023182
id14803,0.0022483593718648238,6.835368412048934e-05,0.9976832869440146
id01103,0.011114704168622449,0.8997802865803675,0.08910500925101006
id17451,0.9266887950649491,0.03900341663485345,0.034307788300197546
id10497,0.36332273149701094,0.43221080589289296,0.20446646261009607
id23770,0.9743004374511762,0.00846340462252905,0.017236157926294793
id01731,0.7941189854113547,0.011300245887004325,0.194580768701641
id24021,0.012484275893266644,0.5984204940146785,0.38909523009205493
id24904,0.9611361745644142,0.00033244536231931583,0.03853138007326643
id16795,0.0018104525295400515,0.16478895669316154,0.8334005907772984
id27308,0.173076204679001,0.023205979395283734,0.8037178159257152
id16671,0.9864387523529431,0.008013403653236627,0.005547843993820192
id10035,0.8620609820960092,0.03475349621668956,0.10318552168730125
id12143,0.7737794032987426,0.056456611028323035,0.16976398567293446
id14087,0.9794848450337956,0.0023759953603485645,0.018139159605855822
id02962,4.233957498999533e-05,0.9700526057902414,0.02990505463476859
id17035,0.011231728685304043,0.004707432807570097,0.9840608385071259
id07600,0.5725482756110735,0.012210266037142406,0.4152414583517842
id08201,0.013043516660475119,0.009575189331935326,0.9773812940075897
id04623,0.9975041581244343,0.0022478785320231114,0.000247963343542627
id07245,0.67200889301266,0.31614159476861653,0.011849512218723523
id01334,0.9050727574002381,0.08195340024012673,0.012973842359635081
id23105,0.9720233627864563,0.0032411481205629846,0.02473548909298063
id19744,0.1484777066368306,0.07551459219885659,0.7760077011643128
id22884,0.9942658007447451,0.002885040974248338,0.002849158281006505
id01936,0.5063324537546156,0.4707777764803128,0.022889769765071784
id21910,0.004973421371526163,0.991495230398433,0.0035313482300409075
id10801,0.16497408272529973,0.8178113198905834,0.01721459738411679
id02629,0.0003150347333599887,0.0021801385560411995,0.9975048267105988
id11940,0.005489359250621851,0.9766476727879342,0.017862967961443883
id12664,0.1312930889660934,0.7052596189624452,0.16344729207146153
id06308,0.00020853591544465393,0.00029167110901193703,0.9994997929755434
id21510,0.9796548235789981,0.0002685069485875038,0.02007666947241435
id20043,0.0032509806035418446,0.0003813606298341258,0.9963676587666239
id01014,0.8363089234663045,0.15048798085175877,0.01320309568193682
id04968,0.31756961951673585,0.44868127887082815,0.2337491016124361
id17552,0.12567868990244863,0.8513953038475046,0.022926006250046725
id25395,0.5753259214218587,0.003658478714931796,0.4210155998632095
id25931,0.9934967299275106,0.003073786865659053,0.0034294832068303828
id21548,0.03215709804240766,0.00440448154441353,0.9634384204131788
id07443,0.000521084150989546,0.00021182163251988752,0.9992670942164905
id01215,9.030394082667521e-05,0.991120216008113,0.008789480051060476
id20060,0.00219795804996343,0.9974791033634354,0.0003229385866011676
id17279,0.6020051808387791,0.0948257288378871,0.30316909032333383
id20214,0.024903264072544076,0.8680158886409831,0.10708084728647294
id08809,2.394958303049952e-05,6.821701677717679e-05,0.9999078334001924
id17098,0.7845381230490238,0.025361942808561216,0.19009993414241502
id10146,0.8125418962860154,0.14406961684849334,0.04338848686549134
id24986,0.9342608655486643,0.04746254670979656,0.018276587741539185
id19690,0.1597718358445758,0.1702739865469364,0.6699541776084879
id14487,0.854462476377493,0.07916157172254767,0.0663759518999594
id26146,0.9890818074965323,0.0071063853795439134,0.0038118071239238434
id01942,3.828419845373533e-05,0.00014892529650856014,0.9998127905050377
id03843,0.2407007444143796,0.7343830359219494,0.024916219663670996
id02026,0.5669644950457302,0.06978901127665675,0.36324649367761314
id10903,0.9507869574929626,0.04308648712006939,0.006126555386968103
id07340,0.3473988068077206,0.13151863874670253,0.5210825544455768
id25682,0.09616133661080076,0.9009322708622395,0.002906392526959831
id13830,0.9545012139462922,0.04149982441610905,0.0039989616375988085
id08319,0.06836804851233269,0.00013332984405605553,0.9314986216436113
id25558,0.09165656048025793,0.002263067471533248,0.9060803720482088
id07084,0.0658357592498728,0.012777771328511071,0.9213864694216162
id00203,0.8787247210454325,0.0944112203312194,0.02686405862334812
id23804,0.33182882663605323,0.001296084398187572,0.6668750889657592
id06863,0.09929142350589104,0.009139896185515492,0.8915686803085935
id11191,0.8341206232069119,0.0749168591361731,0.0909625176569151
id00846,0.011055864806961795,0.9084319219096149,0.08051221328342344
id17290,0.03718462709575308,0.892191490469472,0.07062388243477495
id00047,0.013801423542996197,0.9256833917911286,0.06051518466587526
id27631,0.8964654691164122,0.10336345269959785,0.00017107818398990208
id15793,0.14990887162787356,0.005235235052568662,0.8448558933195579
id03142,0.07551838261846071,0.02175095490592873,0.9027306624756105
id24825,0.9990033027129691,0.00043733213761999534,0.0005593651494109036
id12069,0.04299226495314202,0.10450803156183491,0.852499703485023
id23009,0.9302357984279526,0.06593150189249436,0.0038326996795529224
id06793,0.001563772313268283,0.9886940248196913,0.009742202867040525
id18638,0.9916694949987833,0.007853563951663903,0.00047694104955272606
id02966,0.9485236491317006,0.04436411598704432,0.007112234881254963
id20346,0.04792846910617217,0.000900520550089615,0.9511710103437382
id16855,0.7796000815498825,0.03406518369788022,0.18633473475223733
id16350,0.0007440942653260358,0.9854425164196342,0.013813389315039781
id25092,0.03803806847065905,0.9564376482340072,0.005524283295333828
id16132,0.9497911655968783,0.02995990118777187,0.020248933215349967
id15977,1.3182666597490866e-05,1.715350690329919e-05,0.9999696638264992
id26922,0.6991717219400215,0.091215090735565,0.2096131873244135
id20054,0.9431072068753734,0.04966184939770357,0.007230943726923047
id14375,0.37631106897541017,0.01924934114280874,0.604439589881781
id23372,0.4633744544363321,0.19693822433005392,0.339687321233614
id20360,0.00041282250013946166,0.9670393292659557,0.032547848233904844
id25380,0.004869651877260558,0.9940408783162511,0.0010894698064883366
id07295,0.07706166574087554,0.0012879548525822147,0.9216503794065423
id20349,0.49770234852165685,0.49985995058381705,0.002437700894526215
id17177,0.0023728785510152084,0.0026719834085708306,0.9949551380404139
id07041,0.650402933579678,0.0024493198604723836,0.34714774655984965
id27459,0.23496698215149622,0.7554930100888221,0.00954000775968162
id24144,0.8717111322243435,0.12815098115371454,0.0001378866219420041
id13748,0.017434648771340707,0.0009208230659277972,0.9816445281627315
id08295,0.8678036871598215,0.03785904017090646,0.0943372726692721
id00744,0.02157122282936688,0.006393094055498728,0.9720356831151344
id19662,0.0062014550021111175,0.9573349978099496,0.03646354718793922
id13027,0.10559275521419563,3.5333942436383608e-06,0.8944037113915607
id21785,0.40633117491872917,0.09476409832771975,0.49890472675355096
id13431,0.9669044765022522,0.018642244602504653,0.014453278895243282
id21455,0.023451975561848283,0.9670924077376343,0.00945561670051743
id25429,0.0029202379976908414,0.9660708750375334,0.031008886964775786
id16944,0.7053134945217144,0.0019358855821864657,0.2927506198960991
id01458,0.00957058943252506,0.777317579520578,0.21311183104689682
id15684,0.020963703699326968,0.9788931180778396,0.00014317822283344903
id00970,0.9114100192626591,0.006300683448966218,0.08228929728837478
id12185,0.05725080192607506,0.0892839425026841,0.8534652555712409
id15050,0.3085035897553677,0.5792594346149517,0.11223697562968057
id05062,0.002165338358857294,0.0017321096252141547,0.9961025520159286
id13150,0.006075321383063136,0.9738618833992848,0.02006279521765211
id02821,0.008374866455118873,0.9888855497363839,0.0027395838084972664
id05545,0.9820920891586528,0.00800656774952727,0.009901343091820105
id03523,0.9963646097872466,0.00296488072352117,0.0006705094892322065
id02098,0.00011478873264021801,0.010473874411062524,0.9894113368562972
id26788,0.6104937492394829,0.03925291273950708,0.35025333802101016
id22116,0.14286330664546254,0.6907328894888192,0.16640380386571837
id16175,0.9946288524815445,0.000153759947861318,0.005217387570594219
id24957,0.0007681921949208891,0.5648987780477505,0.4343330297573286
id10844,0.029413535500212303,0.9703779790342518,0.00020848546553586084
id11758,0.8934458929377681,0.10600706301543925,0.0005470440467925953
id05134,0.0077604387566389665,0.6840002771187739,0.30823928412458723
id15865,0.10166337624662652,0.8850788940918695,0.013257729661504045
id08591,0.01629007653089698,0.9834941893320007,0.0002157341371023899
id26318,0.010179620955046048,0.002069857013550041,0.9877505220314039
id05612,0.9694522864757703,0.006013797725232993,0.02453391579899658
id14561,0.04264720862448208,0.41247608535316693,0.5448767060223509
id07666,8.469534910871672e-05,0.00024874895582654923,0.9996665556950647
id01297,0.9827884986436198,0.010281229896397891,0.0069302714599821635
id10688,0.030820074039171516,0.5923121685563558,0.37686775740447265
id15377,0.2722543021928758,0.7276105554060847,0.0001351424010396704
id23377,0.14058544111897694,0.5638792790707634,0.2955352798102596
id05797,0.01080980279000856,0.9350253410388548,0.05416485617113666
id06241,0.8053197343797058,0.009192264961721822,0.18548800065857232
id10766,0.9763087135554409,0.0023039006907687185,0.02138738575379046
id03928,0.9928324504381015,0.005710584555424974,0.0014569650064734224
id04429,0.018927870272691428,0.5846342809547405,0.3964378487725681
id24846,0.04448941935333157,0.05641297528089217,0.8990976053657762
id19784,0.0025434207628309124,0.0007888088262676543,0.9966677704109015
id02452,0.9667687606494192,0.0022963394159285586,0.03093489993465222
id02600,0.8821856559654343,0.11614124203187202,0.0016731020026936828
id27487,0.01014142844654111,0.003503836829212099,0.9863547347242468
id12323,0.959381490528852,0.04060752090983134,1.0988561316636476e-05
id00487,0.006308604890191939,0.024028059550301514,0.9696633355595066
id06032,0.9706133257663294,0.02043262524089311,0.008954048992777547
id05211,0.8839975930683196,0.0033414566889208948,0.11266095024275934
id16523,0.8956171125334115,0.08975691111866345,0.014625976347925139
id08800,0.4738563051373467,0.5238213146604892,0.00232238020216409
id08791,0.0026074960026967325,0.0015595978422461303,0.9958329061550572
id10429,0.008429711520728363,0.10225897826434151,0.8893113102149302
id20801,0.8034099813171914,0.19597057306203902,0.0006194456207696126
id14055,0.02466901784472534,0.0005704658208639209,0.9747605163344107
id09462,0.03952170733081014,0.9581443023233848,0.002333990345805156
id06725,0.16105811081797322,0.8258274283118907,0.01311446087013607
id01749,0.9147223753951271,0.08510907635340692,0.00016854825146597603
id22054,0.004032218349605079,0.9893905495572868,0.006577232093108043
id07244,0.1182398409941822,0.005244031191368303,0.8765161278144495
id12562,0.9982674924796708,0.00024181913575976036,0.0014906883845695025
id13838,0.7154884698031447,0.2823866376276883,0.0021248925691670245
id22535,0.0013336038474812547,0.9977896376064894,0.0008767585460292918
id01099,0.3509749496462296,0.6058834030089785,0.043141647344791964
id02190,0.3142614277795986,0.681507658928046,0.004230913292355437
id25921,0.18151393491739126,0.534769590851504,0.28371647423110463
id16075,0.019232472396942875,0.6286139155334948,0.35215361206956236
id20465,0.8734634886853387,0.12461153876066937,0.0019249725539919062
id06556,0.023080040848559722,0.1446210109291511,0.8322989482222892
id09360,0.0021153869333181315,0.000593826885302392,0.9972907861813795
id09042,0.04347292186847718,0.9520804072916923,0.004446670839830479
id08846,0.0015173853451909804,0.9981609137975289,0.0003217008572801684
id21274,0.002826519448126599,0.3541863539006222,0.6429871266512512
id05841,0.744275626862358,0.21812650905823644,0.03759786407940545
id20361,0.8340539159211797,0.011990998815492647,0.15395508526332774
id07499,0.6353480592600558,0.000813855997021959,0.36383808474292234
id19466,0.06073044138977007,0.7481541826319055,0.19111537597832437
id16550,0.06432420019315656,0.9349530149691169,0.0007227848377266425
id24512,0.13081840910022505,0.8330045546819853,0.036177036217789754
id14444,0.847795169291031,0.04342736201092519,0.10877746869804363
id11395,0.9133358199668405,0.0009995931724474428,0.08566458686071188
id14907,0.00943366606357707,0.016634982169898675,0.9739313517665242
id19393,0.0024666522189155903,0.002213128423669745,0.9953202193574147
id26780,0.9019906921099256,0.05954219530237088,0.03846711258770348
id03132,0.00697097535472945,0.06816809729214014,0.9248609273531304
id17709,0.9890825076029555,0.004620148085500457,0.006297344311543952
id19739,0.9457338864689852,0.003716464202695215,0.05054964932831965
id08470,0.9826956355662724,0.017018895155780273,0.00028546927794739053
id22312,0.000688318092628528,0.9742947722068289,0.025016909700542607
id20391,0.79860438229008,0.08875159363094041,0.1126440240789795
id05295,0.0001872407166303875,1.5960976864430333e-05,0.9997967983065051
id08129,0.0745374753260292,0.0011363217051219298,0.9243262029688488
id10615,0.28782274251052675,0.023969878134447613,0.6882073793550256
id09506,0.08862699662863627,0.05450164652104425,0.8568713568503196
id22557,0.22746661517450745,0.7530381212842361,0.01949526354125648
id04181,0.023415692686639268,0.9557565592540148,0.02082774805934591
id22457,0.06599498313878481,0.9314157187374035,0.0025892981238117498
id00340,0.17030527807648277,0.005899879111710928,0.8237948428118064
id18205,0.0023439793764406846,0.00022059881300823508,0.9974354218105511
id03861,0.0006074066100620822,0.9966967906299903,0.002695802759947552
id20546,0.8856515694179492,0.09992337717951097,0.014425053402539818
id17226,0.01855110395278219,0.0024465393509527926,0.9790023566962651
id10376,0.37003498814210734,0.5951443758669397,0.034820635990953044
id17734,0.0047453437524585225,0.9644245136380581,0.03083014260948337
id09703,9.164649341503781e-05,0.9834841374617811,0.016424216044803916
id16311,0.0010562067631605123,0.9950552774249827,0.0038885158118567996
id06524,0.003087666381146438,0.9651788280533173,0.03173350556553627
id01082,3.474723037709353e-05,0.9981238181338478,0.0018414346357750913
id01940,0.22709192237999093,0.014892092980467156,0.7580159846395419
id04146,0.0008128121021224208,0.04426088277982244,0.9549263051180551
id03891,0.9709976116278183,0.0029397830909503745,0.026062605281231378
id14421,0.97514979616819,0.0007486966331752853,0.02410150719863474
id19027,0.9990470598057737,0.0007000488054017725,0.0002528913888245963
id19813,0.000918779246462525,0.9938069290353487,0.0052742917181887675
id05827,0.4218612638075218,0.018253199931519873,0.5598855362609583
id03326,0.18249177623581322,0.003418648064760738,0.8140895756994261
id10089,0.006831942942605826,0.9911224186913699,0.00204563836602433
id06827,0.9642056251031415,0.029150796168547523,0.006643578728310977
id01209,0.8968862098140852,0.00012036428033078242,0.10299342590558412
id08812,0.8695514405318941,0.03602123910049213,0.09442732036761374
id25906,0.9545931785980633,0.043129908817771616,0.002276912584165194
id25553,0.9887939513410283,0.0006903316276566322,0.010515717031315028
id10193,0.011069455395073279,0.0006252103416306523,0.988305334263296
id15438,0.7386471447041738,0.00014659745925329367,0.26120625783657303
id04821,0.012676539120202852,0.9487727435120249,0.03855071736777225
id26592,0.41199791881755077,0.0038196175531636863,0.5841824636292855
id20195,0.029109512716057242,0.13069489223319622,0.8401955950507466
id00378,0.2714251644146816,0.1106894879609706,0.6178853476243478
id15052,0.9621391531070732,0.021117716293369823,0.016743130599557
id09519,0.9812330005305019,0.018384767129504063,0.0003822323399939732
id04579,0.8413353490602165,9.851462253181788e-05,0.15856613631725164
id08274,0.984954628184924,0.0024062012386430616,0.012639170576432854
id26223,0.4431654768527573,0.5567646772617699,6.984588547277318e-05
id01914,0.715752367283438,0.1592136890785239,0.12503394363803813
id05244,0.9937562090074694,0.005925633344789873,0.00031815764774073216
id14467,0.9915596087292752,0.007385953232069836,0.0010544380386549902
id23284,0.7075269892234717,0.010163989856132049,0.28230902092039634
id20634,0.004048902097732627,9.901206899761029e-06,0.9959411966953676
id14659,0.9949425642292562,0.0032454263658999068,0.0018120094048439653
id23659,0.03714442506345508,0.9569541815657064,0.005901393370838486
id16902,0.998287442168404,0.001277227611500163,0.0004353302200958153
id20509,0.9424732512451791,0.04337213547379153,0.014154613281029236
id08019,0.14982000629618503,0.039469537679018916,0.8107104560247961
id26180,0.004427913249454695,6.543234019737654e-05,0.9955066544103479
id01487,0.09317222755564344,0.7050675261307764,0.20176024631358014
id22898,0.010301429963340526,0.9011806810882378,0.08851788894842173
id24005,0.9794640103969859,0.017903063214174553,0.0026329263888395685
id00118,0.001676073263296044,0.9902407322799403,0.008083194456763712
id17435,0.02186692312125101,2.763117278621804e-05,0.9781054457059628
id22574,0.9934308715443987,0.0014689844305698118,0.00510014402503137
id23882,0.07866900631509745,0.0012392113053080048,0.9200917823795945
id02618,0.9063249446233609,0.01908750980234608,0.074587545574293
id06847,0.6730716392553496,0.2865935792221882,0.040334781522462324
id15448,0.013685495188780978,0.0002170764034992884,0.9860974284077197
id20383,4.64195853021215e-05,0.9872960364920399,0.012657543922657952
id18722,0.0044434732335446436,0.9916988661375801,0.0038576606288753066
id24353,0.8880649855122933,0.00330973059032731,0.10862528389737947
id22196,0.5336409395265933,0.36473257050600505,0.10162648996740171
id13239,0.015656157156370306,0.000271823385659828,0.9840720194579698
id14507,0.14290682086445222,0.8494731262838359,0.007620052851711956
id04619,0.003973947918930121,5.5391367371102925e-05,0.9959706607136988
id00176,0.9814681261666642,0.01786946246823578,0.000662411365100074
id14700,0.9777406772381441,0.002625661649731125,0.01963366111212486
id10930,0.9694756051314386,0.030441804414637612,8.25904539237914e-05
id03830,0.018702413838475606,0.003981824732831434,0.9773157614286929
id01840,0.002425730922799107,0.07223591705577369,0.9253383520214272
id18025,0.015293121144403397,0.9827783511686559,0.001928527686940748
id21361,0.9981950559549075,5.969149419307681e-06,0.0017989748956732106
id21999,0.05192006279487169,0.895660946443566,0.052418990761562305
id20472,0.22602768574994497,0.00152166181783221,0.7724506524322228
id01282,0.9069646455832616,0.0018423044584864336,0.09119304995825195
id05687,0.009950880299174687,0.02480005409040425,0.9652490656104211
id19713,0.9843870146462804,0.004764939750356523,0.010848045603363126
id18634,0.9855725511087369,0.013972581199271084,0.0004548676919918838
id18322,0.29893897172004075,0.10838976332273642,0.5926712649572229
id25178,0.6706334407492357,0.11096676332963423,0.21839979592113
id13911,0.004401893623941657,0.9867428847038265,0.008855221672231845
id02688,0.7146232489247965,0.04397823977318263,0.24139851130202097
id24097,0.8942627078009091,0.10361817638399269,0.002119115815098278
id05621,0.0002461088202456547,0.9952885097251942,0.0044653814545601266
id09435,0.07212015105935628,0.001713108132985512,0.9261667408076582
id22564,0.9978007452741543,0.002186602384359344,1.2652341486416564e-05
id26044,0.9710144683862983,0.0033304797939858423,0.02565505181971589
id24724,0.1298078790464639,0.42169755316387064,0.4484945677896655
id13568,0.016590133349781724,0.05427333192888342,0.929136534721335
id11196,0.9290360271690011,0.03470637352693865,0.03625759930406027
id04842,0.02657348365877168,0.0012387588837725588,0.9721877574574558
id03445,0.9987265806299768,0.0006962341328324191,0.0005771852371908408
id08194,0.2360096578738771,0.1068747685778726,0.6571155735482503
id19747,0.3794360249090187,0.00033399388188996187,0.6202299812090913
id06540,0.00638562847194335,0.9082561022726299,0.08535826925542668
id13171,0.3757693657098816,0.6241906620577837,3.997223233472449e-05
id23807,0.0005477916051628907,5.842644831524222e-06,0.9994463657500056
id12408,0.018321723963479773,0.974549073082363,0.007129202954157119
id18388,0.00011384728678418637,0.00016838783172110766,0.9997177648814948
id16219,0.01569553076693697,2.109194622354962e-05,0.9842833772868395
id11022,0.7816025341694918,0.18572695157993868,0.03267051425056951
id12514,0.5739254231538655,0.06551456160416914,0.36056001524196535
id07322,0.974123598079305,0.02275985985506377,0.003116542065631138
id04600,0.001055477808826282,0.13757032507411926,0.8613741971170545
id15608,0.005313753495169578,0.028713423958169986,0.9659728225466604
id19223,0.7054726794010647,0.03702624935719061,0.2575010712417447
id18680,0.9722991352805139,6.762517445133417e-05,0.02763323954503467
id23359,0.868014829031882,0.010077074241639165,0.12190809672647893
id07332,0.25926344008185787,0.694841659144134,0.04589490077400811
id11424,0.025988025939760767,0.008681848342560238,0.965330125717679
id01916,0.27182661777979944,0.570024344220885,0.15814903799931546
id23814,0.8430595601528006,0.10221220624284899,0.054728233604350425
id05821,0.0058389352914935905,1.1590782362885503e-05,0.9941494739261435
id15471,0.9229409477890389,0.0012199996547915919,0.07583905255616953
id06742,0.0008714440517158035,0.0017589911556596357,0.9973695647926245
id16393,0.4740639582917421,0.519000083002031,0.0069359587062268755
id14430,0.21037000315365464,0.0024136373971566536,0.7872163594491888
id15086,0.9721173503638767,0.0038624281208257797,0.02402022151529757
id13673,0.9432818772029588,0.05060798428530913,0.006110138511732196
id11456,0.7069596468539479,0.11469406482306224,0.17834628832299
id08475,0.8141849936204125,0.004168208105404985,0.1816467982741825
id02793,0.911069892254109,0.003179440767569191,0.0857506669783219
id03576,0.9579887410490209,0.012064327163313264,0.029946931787665793
id10747,0.9670640959798231,0.01121585110568541,0.021720052914491493
id17875,0.05796972513305964,0.9355514037766476,0.006478871090292764
id20045,4.473470041156331e-05,0.999550533324132,0.0004047319754564583
id25448,0.8194176047464337,0.1788976108880117,0.001684784365554535
id11715,0.995230580168331,9.856868044947466e-05,0.004670851151219591
id22739,0.007826179670580195,0.11209401113561021,0.8800798091938096
id07457,0.9976228180751874,0.0023106011935552654,6.658073125732244e-05
id27357,0.9882333591483574,0.0012513540230717829,0.010515286828570858
id01139,0.5489601584581205,0.4172879746455789,0.03375186689630062
id00407,0.00358683619620248,2.474734940280988e-05,0.9963884164543948
id20956,0.9975495674110639,0.001441544983480017,0.0010088876054560516
id13702,0.39912914475132644,0.016206691392773705,0.5846641638558998
id00327,0.9084935240240712,0.010044448357137518,0.08146202761879123
id24372,0.05810977930217238,0.9402005464451192,0.0016896742527083783
id03983,0.2602193790024284,0.7365773112697845,0.0032033097277871458
id15264,0.3993367740576841,0.5912528996515415,0.009410326290774424
id09679,0.9118939785214413,0.00566117319272129,0.08244484828583748
id20899,0.7183790554230589,0.026288310349551987,0.2553326342273891
id21494,0.030934886506068966,0.6596472830159918,0.30941783047793914
id02513,0.004790913089960737,0.9891399721577064,0.0060691147523328085
id21834,1.1250760671336228e-05,2.218842447736849e-05,0.9999665608148512
id23463,0.028156044772028117,0.9580451872483989,0.013798767979572817
id26529,0.9163048678343199,0.006900765612539973,0.07679436655314031
id22078,0.5629747443469805,0.10591057265794734,0.33111468299507224
id08063,0.009788633694033683,0.9141509130035653,0.07606045330240103
id18690,0.011343542765491836,0.9865796383445211,0.0020768188899870153
id03908,0.9911344781260613,0.0006538326486600507,0.008211689225278679
id00876,0.5136913791340267,0.1802875787763922,0.3060210420895812
id19633,0.8516185929441548,0.020513709875297405,0.12786769718054783
id23096,0.0015088786671888525,0.008913641408917115,0.989577479923894
id07547,0.0017953817523959496,0.9789918578766642,0.019212760370939858
id10136,0.032512011323819964,0.003819240755437725,0.9636687479207423
id22645,0.9981275393850828,0.00131723202714127,0.0005552285877759348
id27376,0.09328596231980706,0.003440384215860842,0.9032736534643321
id26458,0.0037199442598603387,0.9918670142107721,0.004413041529367637
id07617,0.0009118780602823639,0.9987029463681641,0.0003851755715535256
id11254,0.9566190969088767,0.0007404343864017539,0.04264046870472161
id25871,0.0009630688200401853,0.9976994832257227,0.0013374479542371301
id26074,0.6932905590838317,0.30574507499789494,0.0009643659182733934
id24558,0.01297528123969029,0.1478974166046761,0.8391273021556336
id26515,0.018260500762271505,0.9815844737669945,0.00015502547073397606
id10532,0.09345820147415229,0.40832536945972203,0.4982164290661257
id24063,0.0025879226082824885,0.9769262780800302,0.020485799311687394
id12872,0.5130222232022997,0.4461652102070234,0.04081256659067705
id23564,0.011137482412285987,0.9883757087260167,0.00048680886169734047
id20074,0.7469634935638495,0.04819179689649709,0.2048447095396535
id00703,0.9920590020982796,0.007846038312970805,9.495958874963801e-05
id07178,0.8608487422663618,0.10662316680617275,0.03252809092746556
id00468,0.464991276099679,0.375430475075982,0.15957824882433913
id08647,0.6891965930289883,0.30283165015642655,0.007971756814585148
id27338,0.8707543387174767,0.012289693198362626,0.11695596808416082
id14958,0.000647244284526209,0.0012935331074195916,0.9980592226080542
id20954,0.8214996433555642,0.004138078208597632,0.17436227843583813
id04495,0.0002971703566660961,0.9993346135513564,0.0003682160919775486
id09676,0.07507533319357461,0.9171361590245978,0.007788507781827647
id16643,0.9681499901150556,0.023740870774024123,0.008109139110920269
id22018,0.18107100846170943,0.04001122730658178,0.7789177642317088
id09754,0.6711493021937296,0.308136646987037,0.02071405081923334
id15184,0.9632717716264289,0.003371174805638611,0.03335705356793252
id06930,0.004471523012929913,0.0029489575345324564,0.9925795194525376
id19391,0.9166557672957366,0.08239622573893818,0.0009480069653253137
id21111,3.227612490845109e-05,0.06817769658102228,0.9317900272940693
id19884,0.2376564332071747,0.049858650247112016,0.7124849165457133
id00356,0.007565378627319537,0.023252067672942058,0.9691825536997384
id03227,0.8481238228459769,0.00014640446110933771,0.15172977269291388
id24959,0.9844736177978961,0.00783690320317597,0.00768947899892788
id23792,0.6250390701875665,0.0010375369531019426,0.37392339285933157
id15765,0.026827721730233255,0.012515522190299888,0.9606567560794669
id22342,0.5588660693485421,0.43821699008374004,0.0029169405677178456
id21764,0.11281823678524187,0.8870100677057713,0.00017169550898691737
id08929,0.007890067153362067,0.04848908921092004,0.943620843635718
id10860,0.0002699249543804063,0.8507032283163098,0.14902684672930985
id14842,0.011920589013488747,0.00041078867501681917,0.9876686223114944
id14149,0.008595393824709826,0.8754299557944921,0.11597465038079803
id04850,0.9980550812079018,0.0014643820919853375,0.00048053670011291176
id03697,0.0013527073128095592,0.9915095482742737,0.007137744412916729
id20031,0.00010626803204676293,0.0031031838729297426,0.9967905480950235
id10148,0.719398396697278,0.2787770982021738,0.0018245051005482732
id06233,0.005286866083391676,0.007015185947520677,0.9876979479690876
id17614,0.11844581187943087,0.4038478579232049,0.47770633019736425
id24548,0.8678178770989842,0.06766013808117488,0.06452198481984102
id04717,0.09350387143553854,0.6646246224116266,0.24187150615283493
id12557,0.030003211178608137,0.8517225129155527,0.11827427590583926
id15563,0.9966579387462844,0.002516454742913458,0.0008256065108020776
id19414,0.0001185028759557444,0.9997513778631242,0.0001301192609201481
id24538,0.2622347618875368,0.30796467215670303,0.42980056595576016
id20701,0.002313899600427331,0.5740864061334624,0.4235996942661103
id16710,0.01796979647661698,0.9733942209089027,0.008635982614480306
id00190,0.14958196553881112,0.8320724979867121,0.018345536474476818
id12066,0.9988790405422804,0.0010181335787018161,0.00010282587901777603
id21743,0.12451323979147474,0.8705284063741632,0.004958353834362122
id10746,0.08479775507814394,0.000997511754691963,0.9142047331671641
id23032,0.0009509289844350192,0.9956989454973163,0.003350125518248743
id02466,0.813237171744098,0.14692757629660316,0.039835251959298816
id27963,0.00012279370179357142,0.016941721059786242,0.9829354852384202
id05550,0.6200582882790001,0.24890420009167122,0.1310375116293287
id07328,0.03713233956392844,0.04363632939206848,0.9192313310440031
id06158,0.9933195103560539,0.001454817512158818,0.005225672131787295
id15690,0.00030794490323882585,0.0003954806992266195,0.9992965743975346
id17960,0.03506514864794751,0.0002710036713024177,0.9646638476807501
id22487,0.9930846247447753,0.006884814467127044,3.056078809770476e-05
id25435,0.00039037465247158726,1.3355654237280645e-05,0.9995962696932912
id06988,0.002760794352670236,0.003107444627083798,0.9941317610202459
id19092,0.00224416320659749,0.9953234036009866,0.0024324331924160114
id20677,0.9198949297549655,0.07344951593792225,0.006655554307112179
id27009,0.8709057383382484,0.03949187660349307,0.08960238505825863
id14869,0.30978119516817537,0.5327223463690388,0.15749645846278593
id06306,0.978064598530526,0.018457117050082055,0.003478284419392076
id13101,0.9177491845657163,0.0008890008472637426,0.08136181458701987
id25263,0.9819191356995027,0.0027318586741632857,0.015349005626334056
id01355,0.0008985233956900334,0.8552179050036474,0.1438835716006626
id04460,0.0045032426756191615,0.0003964698029476667,0.9951002875214332
id08358,0.7430275679351956,0.25685203075173646,0.00012040131306790248
id22714,0.010521262434877266,0.032867496109596335,0.9566112414555263
id19504,0.9843095923227407,0.007367358144969707,0.008323049532289559
id25736,0.012192713510961933,0.9310682401909116,0.05673904629812645
id24201,0.012473281595374508,0.8971052079509774,0.0904215104536481
id12920,0.9675219201841971,0.032077327513086805,0.0004007523027161203
id12770,0.004820228937227639,0.9806161266169224,0.014563644445849927
id20615,0.9962400385108495,0.0005916840053596908,0.0031682774837907823
id19427,0.0015295629326964575,0.0003473589258729792,0.9981230781414305
id03006,0.9877405212298619,0.0010616607178903679,0.011197818052247644
id00868,0.024900808191368848,0.006517367491118869,0.9685818243175123
id19695,0.07611355552624745,0.08841795643924605,0.8354684880345065
id06474,0.973757091865647,0.0004757000452703794,0.02576720808908255
id11108,9.625208624108505e-05,0.9372495942121927,0.06265415370156628
id01017,0.004308543135732011,0.43463115161960436,0.5610603052446637
id10104,0.875484146069591,0.002052970236867705,0.12246288369354134
id15930,0.9846633270284492,0.002882910313026938,0.012453762658523961
id05883,0.026434905496721766,0.007768101828905274,0.965796992674373
id10209,0.02078785527709954,0.00035492063405541873,0.978857224088845
id14868,0.5116659145347576,0.05272683589230784,0.43560724957293445
id27617,0.9362512459645649,0.057557165061427,0.006191588974008123
id14264,0.5420943971633265,0.004177962666560158,0.4537276401701134
id07597,0.005783610724321346,0.09919990165966319,0.8950164876160155
id17732,0.8901878952149599,0.019765365446852142,0.09004673933818798
id13859,0.8963661356210413,0.010949271944232895,0.09268459243472578
id14976,0.0038057931874399447,0.995848008823497,0.00034619798906307793
id25226,0.040368252147319636,0.01058347772839999,0.9490482701242804
id17268,0.09337422215931586,0.008709573596201175,0.8979162042444829
id14936,0.004726045456703266,0.9940319346825348,0.0012420198607619246
id18615,0.02533626456553671,0.9744913900866519,0.0001723453478114429
id26184,0.9841334362747344,0.0002626831675821697,0.01560388055768351
id11495,0.16452669899638767,0.10884309702852554,0.7266302039750868
id05663,0.0008765769445643817,0.002507309173135231,0.9966161138823004
id10335,0.34928860274940327,0.4012122731330236,0.24949912411757308
id08480,0.8150126118564316,0.1229779194546922,0.062009468688876225
id21511,0.9232685980117389,0.06359246502210615,0.013138936966154953
id20988,0.9765220067038242,0.010999207416435288,0.012478785879740498
id19273,0.0023480457643898322,0.9947957909776904,0.002856163257919749
id15420,0.46490760350557186,0.007513553819604311,0.5275788426748239
id16016,0.009492070592691134,0.954123215064759,0.03638471434255003
id16084,0.016220047152426923,0.01774812248270912,0.966031830364864
id27093,0.03788443745294213,2.4952291007592448e-05,0.9620906102560502
id24695,0.0016799437543584528,0.025964244381115966,0.9723558118645256
id03245,0.0015752082752882766,0.9173717960564584,0.08105299566825346
id26358,0.005864362728000739,0.0662524458892954,0.9278831913827038
id17966,0.9545347344471022,0.026202978029131276,0.019262287523766554
id26651,0.8890529483930513,0.09440503153792547,0.016542020069023375
id17275,0.9986613459944708,0.0010782098567776693,0.0002604441487516057
id21720,0.6186530744799781,0.21128176596083428,0.1700651595591876
id22926,0.01277027728752559,0.06764882595828792,0.9195808967541865
id12231,0.0027493606457894212,0.9903187845985517,0.0069318547556588075
id21026,0.003274545733616548,0.0033037467146520153,0.9934217075517315
id11675,0.18284615323092115,0.12432070894832019,0.6928331378207587
id21890,0.47623853974430697,0.00785405143305063,0.5159074088226424
id04050,5.140615128488226e-06,0.008821455896712075,0.9911734034881594
id24996,0.010663132761211681,0.021444358394953626,0.9678925088438347
id00025,0.2524700149589323,0.7472599378445882,0.00027004719647949536
id23916,0.0013267020940924594,0.9956509824541543,0.003022315451753309
id21254,0.9224855536971427,0.06304543394795675,0.014469012354900406
id13322,0.9792804659066151,0.009131965867772346,0.011587568225612542
id23928,0.7979411507289276,0.002988111049148482,0.1990707382219239
id14748,0.012287392308789731,0.0041483771736732815,0.9835642305175369
id26538,0.754940353700675,0.02231764900927832,0.22274199729004665
id27759,0.016110201988275057,0.001450710262793944,0.9824390877489311
id19661,0.9747161169598466,0.00021446441733636331,0.025069418622817034
id17018,0.0016400411231532333,0.007314853392987557,0.9910451054838592
id05505,0.7194790874014505,0.25278735359234566,0.027733559006203837
id16155,0.7714955403528029,0.08017282466082926,0.14833163498636798
id06274,0.0020562268536266142,0.006704724347880722,0.9912390487984927
id13832,0.6984700202486839,0.24512808136287462,0.0564018983884416
id14666,0.864519328921187,0.10493652623224466,0.03054414484656842
id04489,0.25707719468584234,0.00048554812984024205,0.7424372571843175
id19140,0.8941044948957982,0.009886964090711473,0.09600854101349035
id14570,0.8772856512167985,0.0024016533899812124,0.12031269539322036
id16079,0.9742916260203307,0.003917403634606461,0.02179097034506283
id06866,0.04127198836865699,0.001949704533437225,0.9567783070979059
id12730,0.11935990174911192,0.8804286992534153,0.00021139899747271482
id09257,0.0006453211081497888,0.015200710557932786,0.9841539683339174
id02782,0.06928014948895851,0.012864071690044604,0.9178557788209969
id10412,0.9991919500742152,3.6456187552144264e-05,0.0007715937382327011
id04988,0.0018722383589785444,0.8076752209564483,0.19045254068457323
id07728,0.9457557322006862,0.05313503844682104,0.0011092293524927615
id21947,0.9980779930262009,0.0012298582119183719,0.0006921487618807629
id27700,0.9573373610737637,0.04193191320868286,0.0007307257175534518
id18178,0.003452898729861731,0.9850764850357948,0.011470616234343386
id25949,0.008546560913900426,0.9684015713519911,0.023051867734108455
id23008,0.002528681619877791,8.716787767945258e-05,0.9973841505024428
id09238,0.8860337358221229,0.002089498724986389,0.11187676545289059
id12943,0.12038174606273384,0.8440528637067002,0.03556539023056594
id02659,0.0011806264941159226,0.9986288918746916,0.00019048163119253665
id03648,0.941553331565936,0.02202170726963643,0.03642496116442761
id03954,0.7918954444539721,0.004648605403706695,0.2034559501423212
id07026,0.0012723759537536026,0.9942620381471403,0.004465585899106128
id14228,0.001090247669441017,0.9569451225164577,0.041964629814101366
id22647,0.008979689533786759,0.05474080699403159,0.9362795034721817
id23435,0.8954291231141673,0.1011934394659437,0.0033774374198889392
id08200,0.009013004870575905,0.9680920476838347,0.02289494744558939
id23257,0.004817379149424234,0.011304070373306966,0.9838785504772689
id02684,0.7042332827325297,0.019150909215173078,0.27661580805229724
id05186,0.9740466425099517,0.021859395008137977,0.004093962481910452
id25261,0.27273395146698887,0.4600889525938613,0.2671770959391498
id24081,0.9381759252200501,0.04099448232541445,0.02082959245453538
id27087,0.9887914697922473,0.011058753499093427,0.00014977670865912952
id03533,0.8713708891191736,0.04057733259856022,0.08805177828226625
id07998,0.6193435826600837,0.027454351819282016,0.35320206552063427
id01240,0.4427736573419005,0.4228545744315637,0.1343717682265359
id24927,0.056061070765383046,0.9430797949869583,0.0008591342476586908
id15752,0.20685210418433791,0.7792460710682285,0.013901824747433589
id26594,0.1270587564419819,0.8606611420708851,0.012280101487133011
id20012,0.03931722593476078,0.0049578638889133456,0.9557249101763259
id15476,0.006984556386786282,0.980419924856057,0.012595518757156665
id15624,0.9973748404684932,0.0018804086835119591,0.0007447508479949045
id02404,0.059395993958129674,0.9369942360283703,0.0036097700135000275
id21944,0.9065051780509092,0.006560929517044193,0.08693389243204643
id24442,0.8997041283884307,0.032458549107074144,0.0678373225044952
id26490,0.04176134954511551,0.0006629369210717171,0.9575757135338129
id21897,0.988801654929088,0.0005015131547704928,0.010696831916141484
id05575,0.28706181848400975,0.3042759107710812,0.4086622707449091
id01874,0.02536781985319856,0.9606460000407862,0.01398618010601522
id26617,0.9377976228511458,0.046566588575720276,0.01563578857313402
id13079,0.03989790708342505,0.003170030898024155,0.9569320620185509
id02068,0.5349043927325285,0.09161454445895244,0.3734810628085191
id27872,0.9876531086430679,0.0019598586887448243,0.010387032668187244
id08814,0.6989556043445925,0.010922232782816654,0.2901221628725909
id12841,0.03350661176808522,0.642019542022041,0.32447384620987374
id06716,0.9175068013147379,0.02968889446115547,0.05280430422410672
id10115,0.01700675305006388,0.0007062446057078605,0.9822870023442283
id16121,0.23363140978393931,0.7619161766589505,0.004452413557110211
id00985,0.9445060036051443,0.04458096567093188,0.010913030723923878
id06063,0.03545108991248994,0.9636367110848347,0.0009121990026753671
id22076,0.0627162962847793,0.002896228289618896,0.9343874754256019
id27589,0.1293925852770651,0.5520876632157298,0.3185197515072052
id18996,0.13665030301097042,0.7528139876731511,0.11053570931587854
id05801,0.0010611780951486412,3.910814064734999e-06,0.9989349110907867
id06880,0.017515655515394895,0.04938485731824757,0.9330994871663576
id25746,0.9991577658918124,0.0001760134134489866,0.0006662206947386568
id02569,0.963424176478604,0.019621118238084875,0.016954705283311135
id23368,0.00364275053180512,0.0026466124704250886,0.9937106369977697
id23186,0.1060048830340181,0.10220790108740026,0.7917872158785817
id07484,0.04995139147839574,0.551591294192672,0.39845731432893217
id06951,0.3629720137827584,0.6366931108512371,0.00033487536600435697
id23972,0.5008535877458397,0.009519081457493642,0.4896273307966666
id25997,0.9411244471989343,0.058725369440603865,0.00015018336046171389
id10863,0.96711662636841,0.02048552947207354,0.012397844159516514
id25454,0.9765672116589074,0.022478472645211016,0.0009543156958816771
id09071,0.0028120666399490627,0.9930409053409334,0.004147028019117635
id15125,0.03928627658873585,0.9099243056077192,0.05078941780354503
id22672,0.015399254859092859,0.015903418114498906,0.9686973270264082
id27813,0.010780603798898543,0.00041375205021643694,0.988805644150885
id03960,0.07440788445390026,0.03297462001382961,0.8926174955322702
id11526,0.040617444516622005,0.9435965311174696,0.015786024365908483
id07872,0.3724062799234725,0.23901503863942541,0.388578681437102
id09497,0.8670507831052322,0.07861904328161048,0.054330173613157395
id24222,0.008618398352196644,0.884293666087084,0.10708793556071938
id04272,0.5679753759969024,0.0011855755929705315,0.4308390484101271
id02938,0.0618108291650965,0.9176225663866908,0.02056660444821272
id00269,0.04191681119707115,0.5970871979869762,0.36099599081595274
id14925,0.007433886452919504,0.000469655374150908,0.9920964581729296
id17843,0.2650385680430054,0.0032387631598587764,0.7317226687971359
id20327,0.9660412742541651,0.024401943424417847,0.009556782321417098
id13986,0.22132222866294782,0.00011199285947611054,0.778565778477576
id21777,0.1545176386373352,0.47052061562647796,0.37496174573618685
id16285,0.16834027119691466,0.8195066562084915,0.012153072594593955
id12045,0.9533743232650038,0.04565452655367102,0.0009711501813251838
id06237,0.9215727843633242,0.012201257285328268,0.06622595835134758
id20483,9.165044774138052e-05,0.00037732270921403773,0.9995310268430446
id21708,0.9436135958977703,0.045177504673251906,0.011208899428977858
id05422,0.5860462750928753,0.13725387932637328,0.2766998455807515
id14544,0.9963157546570331,0.0028785313819007243,0.0008057139610660625
id07488,0.29573393808469456,0.6986947266399071,0.005571335275398446
id19353,0.0003071020154474974,0.9989109646441665,0.0007819333403860185
id16174,0.0005397648126912267,0.05622523045815211,0.9432350047291566
id21765,0.16120405550602127,0.002236110446840819,0.836559834047138
id21583,0.021415628828552826,0.8502524196380999,0.1283319515333473
id11740,0.568934219753492,0.008185961522283387,0.4228798187242246
id23396,0.9036266197527759,0.005402225568545103,0.090971154678679
id16511,0.7830989725847733,0.17923997644844383,0.03766105096678263
id11598,0.9443948317811354,0.019337846871948217,0.036267321346916424
id02804,0.46592901388317864,0.05477330645961191,0.47929767965720954
id07123,0.49979335044793666,0.1987627616665525,0.30144388788551085
id13092,0.47135924680940794,0.47991507248050486,0.048725680710087226
id13271,0.12480429070785229,0.873287527256854,0.0019081820352937677
id06272,0.014320916054375769,0.0012367130810979796,0.9844423708645262
id06694,0.7755842384146637,0.09228546160832371,0.13213029997701248
id04330,0.8891896238973163,0.08912521675857249,0.021685159344111166
id20492,6.54009771965295e-05,0.8633264200945199,0.13660817892828359
id14774,0.4156248741685012,0.5843099175074388,6.520832406009446e-05
id02457,0.1660825435848142,0.8336137079362796,0.00030374847890620783
id09725,0.3199406579075735,0.6661120379558118,0.013947304136614791
id17116,0.01874032691776888,0.9216204100176316,0.05963926306459964
id04106,0.42250471807494655,0.5089013229760575,0.0685939589489959
id00557,0.9490852084931075,0.03918567266470918,0.011729118842183354
id04683,0.0063657002381404225,0.000476580244229586,0.9931577195176301
id12081,0.7714360509965273,0.01564686177516348,0.21291708722830915
id22575,0.008776275305491141,0.9900407189613125,0.0011830057331964046
id05602,0.9838310636253016,0.0007025884114740957,0.015466347963224325
id21532,0.5852258663728137,0.3871762461346994,0.02759788749248694
id14584,0.960500106394356,0.03595900727354754,0.0035408863320964337
id20301,0.3267182676791977,0.001246978237417407,0.6720347540833849
id15251,0.8729984252823401,0.12486291296890527,0.0021386617487546724
id20270,0.273613357813634,0.7261194614050238,0.0002671807813422315
id04738,0.6616714626517874,0.0038290789044229637,0.3344994584437896
id17962,0.009940281988522042,0.00037193596813473264,0.9896877820433433
id05003,0.0025486488647067044,0.0003643464355587856,0.9970870046997345
id23576,0.9872591993679528,0.005433173760422612,0.007307626871624576
id25745,0.021258240640249164,0.9674177887613484,0.011323970598402431
id17062,0.898671474723813,0.009740369810609722,0.09158815546557722
id27507,0.00437978738712204,0.039731027206050214,0.9558891854068278
id23898,0.995192561750008,0.003600626787712807,0.0012068114622792042
id15929,0.001924447850614748,0.9963398696189983,0.001735682530386814
id21330,0.9023788746547223,0.0008299600600776598,0.0967911652852001
id24990,0.895093489139058,0.0002472407328145176,0.10465927012812745
id24185,0.042950872744557535,0.0163441936272583,0.9407049336281842
id20455,0.9890554948949263,0.0017400021669138714,0.009204502938159994
id27952,0.11768974638261397,0.10881609008533633,0.7734941635320497
id20592,0.5892411147392205,0.001444204477416436,0.4093146807833632
id20616,0.662100863087879,0.033493348914516,0.304405787997605
id20591,0.003507483411678697,0.0008150713655455462,0.9956774452227758
id14177,0.46497423352716416,0.34174684886276224,0.1932789176100735
id02169,0.9988987285292007,0.00030590528186912275,0.00079536618893024
id09818,0.012923392622768837,0.0003629972921067277,0.9867136100851245
id26864,0.4337734311506291,0.5517725701569509,0.014453998692419999
id12388,0.13702189372532958,0.8539146658576078,0.009063440417062694
id11038,0.9874097806106608,0.003516546980431244,0.009073672408907982
id12061,0.959665956811639,0.03997996008519415,0.0003540831031668395
id04018,0.5612506630918697,0.002503427219796489,0.4362459096883338
id12405,0.8539075662067133,0.036468646198588146,0.10962378759469862
id01878,0.5208537137024437,0.008283357204502967,0.47086292909305333
id18897,0.06466873983681007,0.932775830304244,0.002555429858945848
id22682,0.28705791989313617,0.7081531893684635,0.00478889073840039
id27115,0.008672036985354261,0.9911177271756731,0.0002102358389725196
id05234,0.9261668684542722,0.013919930175245593,0.0599132013704822
id23726,0.9996489942908762,0.0002057566843342615,0.0001452490247896047
id22075,0.03398717106605907,0.9618434956994352,0.004169333234505844
id27216,0.7587696031370061,0.0013084077097692758,0.2399219891532246
id07109,0.038547224140382474,0.9613246485302915,0.0001281273293259071
id21292,0.5890345759808117,0.3145465811372263,0.0964188428819621
id04158,0.00036936149366109477,0.010922328796780735,0.9887083097095581
id10534,0.8598170370079824,0.001339928835608859,0.13884303415640872
id10989,0.9232602871674043,0.07110464833141894,0.005635064501176685
id17817,0.0014890713251212,0.00012121986478338468,0.9983897088100954
id14617,0.00017065624788630254,0.9965412299660078,0.0032881137861060063
id01978,0.9051128497577411,0.005245122389338168,0.08964202785292079
id14202,0.006244127446631968,0.00979904371900118,0.9839568288343669
id12332,0.017616244284050977,0.00018667364600574948,0.9821970820699433
id03649,0.0003514465921278554,0.9886374785868972,0.011011074820974964
id21830,0.8765251859116011,0.019262509685891896,0.10421230440250688
id11278,0.7072120199039117,0.2909922985517475,0.0017956815443408455
id22343,0.9996940064356616,0.00026529725554339504,4.0696308794953086e-05
id08160,0.9803606414726372,7.895982990369935e-05,0.019560398697459066
id10506,0.27069180270569354,0.6820110150972397,0.04729718219706683
id01006,0.8445122286737055,0.056224836409036125,0.0992629349172584
id07000,0.0015856609083351866,0.997594711234689,0.0008196278569757056
id15958,0.6733037581976743,0.0074275098644513236,0.31926873193787436
id27256,0.9846712170690807,0.012679442763450744,0.002649340167468448
id00072,0.9159414758236799,0.0003836027186465275,0.08367492145767348
id08562,0.33649707356884523,0.05119228230984583,0.612310644121309
id24309,0.01152741257094002,0.011063711724313153,0.9774088757047469
id07355,0.45983496021963244,0.5395679954435618,0.0005970443368058924
id18604,5.6078389684355436e-05,3.3484472570435054e-05,0.9999104371377453
id04076,0.7607103813456264,0.23018255864748777,0.009107060006885829
id26925,0.0001882708062768849,0.9260252812713751,0.07378644792234808
id14852,0.9036297513309846,0.09300768065980444,0.003362568009211031
id05584,0.13419294874488633,0.0002482480304877628,0.8655588032246259
id22864,0.02474530900474539,0.9557755685392003,0.01947912245605433
id05507,0.999786741501882,9.075957844795902e-05,0.0001224989196700797
id11434,0.011264068469433827,0.9738056630460502,0.014930268484515997
id08324,0.1097553318403895,0.8516075641492539,0.0386371040103565
id23117,0.007228715246684333,0.99043778520389,0.002333499549425682
id16296,0.9890250271790034,8.063505008073839e-05,0.010894337770915846
id18924,0.13370532119553752,0.6985631581639106,0.16773152064055188
id15909,0.991119516587023,0.0017605856587245932,0.007119897754252313
id25338,0.8703667407106128,3.138066707787182e-05,0.12960187862230935
id25981,0.9842366537123594,0.014919829381002425,0.000843516906638297
id14670,0.9805304881316048,0.010983900336036053,0.008485611532359168
id12396,0.03066577255550243,0.9642413199912979,0.005092907453199668
id19277,0.00014186653911997266,0.001293185489231985,0.9985649479716481
id24809,0.6203440185503984,0.3014291660291631,0.07822681542043858
id20846,0.07262563027430412,0.0007668142642876803,0.9266075554614083
id11040,0.9854392793166785,0.004414222706009651,0.010146497977311783
id06094,0.9503822182719608,0.045788987174518965,0.003828794553520241
id22795,0.14452755222573324,0.8242828500692655,0.031189597705001248
id04747,0.00906863827336199,0.011020796149379515,0.9799105655772585
id05432,0.0004189947340327322,0.00033452254744916317,0.999246482718518
id25198,0.9982190822360162,0.00151323060941047,0.00026768715457328724
id00592,0.9650198282928428,0.0011514195481989282,0.0338287521589581
id13221,0.005814613296791907,0.993793848190107,0.0003915385131010968
id23301,0.7248335444761798,0.1433216469811656,0.13184480854265468
id21781,0.21106542075907714,0.010379467840085803,0.7785551114008371
id00642,3.660653022935795e-05,0.9975332576821475,0.0024301357876230765
id12760,0.446350219490426,0.05337497648209949,0.5002748040274745
id13666,0.07107866250408534,0.0011811516167889212,0.9277401858791258
id04997,0.7695631704065707,0.05110160858465793,0.1793352210087712
id21906,0.12047558584198399,0.446108269052373,0.43341614510564297
id26072,0.02925718902762388,0.9522063185243705,0.018536492448005603
id19004,0.016999276678562953,0.00017379134317466706,0.9828269319782624
id11638,4.8140764506937706e-05,0.013023526065562072,0.9869283331699309
id01941,0.8880891194192674,0.08191278795423185,0.029998092626500803
id18590,0.9600693381658406,0.010834201954689641,0.029096459879469752
id01856,0.313637160547985,0.6794520110829803,0.006910828369034778
id04469,0.9669918879504479,0.006456204990558125,0.02655190705899406
id11732,0.18652659850681524,0.038420982515710675,0.7750524189774741
id06824,0.0004388964156897979,0.15180051023751037,0.8477605933467998
id11941,0.021324176410237913,0.9643985649594038,0.014277258630358322
id06786,0.9508091962857147,0.0011392688999007578,0.04805153481438457
id22028,0.01737857688613741,0.00014969476301507944,0.9824717283508476
id14323,0.0982680143638997,0.019930965373588197,0.8818010202625121
id11134,0.0022310674473351986,0.9846125599629115,0.013156372589753334
id09894,0.9984789938124572,0.00027391923376084414,0.0012470869537819823
id19046,0.821482272753368,0.0005233398774977408,0.17799438736913425
id26307,0.015674662985673035,0.98287444553518,0.001450891479147029
id22554,0.007930950741762246,0.0023194307671743353,0.9897496184910635
id16042,0.40744501843083736,0.5548104455511338,0.03774453601802897
id19948,0.9989329781943855,0.00012557408972446949,0.0009414477158901006
id02019,0.0019847662228093736,0.9928251562966764,0.005190077480514238
id02727,0.9876636987343169,0.007311787426667809,0.005024513839015276
id08679,0.031735243491172835,0.054569398546212296,0.9136953579626148
id27436,0.21033613424835185,0.010190871569221601,0.7794729941824267
id07161,0.9800565778977692,0.013999770336559395,0.005943651765671407
id11869,0.006940449762214108,0.9689791540777597,0.024080396160026166
id00076,0.011423323894466984,0.3838678760912773,0.6047088000142556
id00586,0.1111581817091203,0.7353287829571233,0.15351303533375638
id14423,0.3156115841892631,0.12943477167946174,0.5549536441312752
id25611,0.0289246223187289,0.917062819578621,0.054012558102650106
id13872,0.8670988146054616,0.01688250945453194,0.1160186759400065
id08102,0.1208912452091155,0.87391926100834,0.005189493782544454
id03475,0.9139648097008649,0.0692393620091271,0.016795828290008034
id07569,0.3047472912530564,0.008401045613962418,0.6868516631329813
id04616,0.9817353648379276,0.011455535712375323,0.006809099449697081
id07266,0.9929593847293385,0.006494801725549092,0.0005458135451124343
id16104,0.13894370291696587,0.11537050335296943,0.7456857937300647
id05031,0.321229440818473,0.16149223289890724,0.5172783262826198
id12290,0.8893767439641687,0.03854260325196018,0.07208065278387125
id26428,0.8974852457933604,0.07871230208324159,0.02380245212339804
id07837,0.008317647018998956,0.000777677516836997,0.9909046754641639
id19918,0.07962387117321769,0.9171672377299048,0.0032088910968774394
id13067,0.16303306391633243,0.4864516552304858,0.35051528085318184
id11540,0.07067356701881904,0.9073411824822591,0.021985250498921652
id17215,0.7377901663706604,0.006024855215362478,0.2561849784139772
id01745,0.0030147954428373196,0.001392976743575359,0.9955922278135874
id00617,0.7619514421286573,0.0005991713355559838,0.2374493865357867
id02879,0.002237434089488512,0.04116978987338037,0.9565927760371311
id22811,0.9774335128362576,0.0022445418588369153,0.020321945304905446
id17744,0.000884860623174342,0.976226330059628,0.022888809317197667
id04341,0.13865948646924264,0.8603887385464081,0.0009517749843493184
id08690,0.9888885480747335,0.0009365987138329391,0.010174853211433632
id11565,0.9895400494357373,0.002047893373463302,0.008412057190799427
id09634,0.03845126436325529,0.0020777187869774824,0.9594710168497673
id15427,0.9344343468613356,0.06455465453855769,0.0010109986001066214
id11484,0.07802196411903693,0.00015095635268344828,0.9218270795282797
id26859,0.9939727211776758,0.005415220367255302,0.0006120584550689062
id02880,0.8472576950275327,0.09765779526797984,0.05508450970448761
id21584,0.1631270385075935,0.08427206666786577,0.7526008948245407
id14918,0.9941177829887998,0.0012435868869537338,0.004638630124246499
id20117,0.20412862849734328,0.7947977935528621,0.001073577949794771
id17002,0.02757926080387672,0.01748075443505131,0.954939984761072
id13158,0.000647504204875445,0.18143822738348947,0.8179142684116351
id11457,0.34219551286509614,0.20481391409989866,0.4529905730350052
id22103,0.9765670076390812,0.023067345913500212,0.0003656464474185618
id27529,1.1437897609710556e-05,0.00021403304089339306,0.9997745290614969
id25918,0.03315842083927648,0.9525389082922895,0.014302670868434097
id24611,0.3150740460327259,0.6827964753725463,0.0021294785947278817
id13996,0.013887722173198268,0.9281406728060605,0.05797160502074125
id05259,0.44638974893900896,0.004820621915615537,0.5487896291453755
id13593,0.011014051295426337,0.0024951741140703193,0.9864907745905034
id18017,0.5213992908521297,0.06806719569579367,0.4105335134520767
id04960,0.11579900068719484,0.5230327657450906,0.3611682335677146
id13758,0.030949327439426418,0.05136433361164876,0.9176863389489249
id04492,0.9350138524027204,0.014744778314632771,0.050241369282646886
id05023,7.598292432658068e-05,1.795712179441261e-05,0.9999060599538789
id05950,0.9168453898993989,0.0011963725001516243,0.08195823760044957
id11006,0.9745750989468134,2.2463518385794778e-05,0.025402437534800926
id09643,0.23032834725826598,0.1674316362319945,0.6022400165097395
id06055,0.008026302684351823,6.516417797260332e-05,0.9919085331376756
id17368,0.0002949175027911629,0.8739061429622804,0.12579893953492843
id14176,0.04948604546278005,0.09673576286776857,0.8537781916694513
id27198,0.023157339343169336,0.008519070899576042,0.9683235897572546
id05649,0.9927218892659565,0.00628464625335195,0.0009934644806916762
id25189,0.9819147542832255,0.01350712094301023,0.004578124773764255
id05589,0.9382543763870823,0.054705742990624806,0.007039880622292935
id08042,0.9975041040272408,0.0014902005973973494,0.0010056953753619221
id13680,0.027587113443096046,0.026855238168119,0.945557648388785
id07827,0.011576548738921225,0.00023486047103524207,0.9881885907900435
id18530,0.9904802509217624,0.0059988891767872405,0.0035208599014504164
id08813,0.07313315803794712,0.5333954987497188,0.3934713432123342
id05914,0.4792404917450189,0.0967963388618863,0.42396316939309486
id00488,0.8385450981424093,0.15068081278845125,0.01077408906913948
id03668,0.9216417733596555,0.021886664852014574,0.056471561788329946
id24088,0.01234109175483358,0.9837327811988223,0.003926127046344117
id02988,0.6884502452669553,0.30145998136163493,0.01008977337140981
id20364,0.9757349082244433,0.02327987083466052,0.0009852209408961895
id16851,0.013407239261409487,0.008816095865953315,0.9777766648726373
id20843,0.7446985485307988,0.0015586147787863577,0.253742836690415
id27424,0.7276415509742521,0.0012174251435585716,0.2711410238821894
id06862,0.9943132340206648,0.0028498590115554326,0.002836906967779732
id19411,0.00015859992017308288,0.999777853566792,6.354651303483735e-05
id23789,0.8172672696156014,3.774209892773342e-07,0.18273235296340942
id23545,0.006362931629941454,0.9930434821348498,0.0005935862352086398
id05639,0.019231926091127567,0.0027438543684451164,0.9780242195404273
id07046,0.06085929300716124,0.9320610074035679,0.007079699589270924
id23634,0.996851266401804,0.0002890375020365277,0.0028596960961594113
id05799,0.00983971881403239,0.011419195834022433,0.9787410853519453
id19418,0.007613372582878293,0.0002461131618135051,0.9921405142553082
id21189,0.007647086163392451,0.9328618147176575,0.0594910991189501
id22281,0.9584600500177437,0.004417616541481555,0.037122333440774716
id16127,0.07528482227958311,0.7601100352556527,0.1646051424647642
id05867,0.95350418642261,0.013873479189319507,0.03262233438807053
id01211,0.3459773640422201,0.65345048220491,0.0005721537528699753
id10078,0.001506844501362392,0.046919945493960044,0.9515732100046776
id17157,0.9785955181929866,0.01977101525975974,0.0016334665472536572
id23293,0.8454127200168392,0.03159866485466989,0.12298861512849094
id03589,0.9556133504404919,0.0019405176557354567,0.042446131903772694
id03387,0.015264164393675964,0.029069333222713902,0.9556665023836102
id21470,0.941281973908627,0.011428433913889114,0.047289592177483894
id22763,0.026691846789591644,0.12110292292823518,0.8522052302821732
id02601,0.5085895790394724,0.2785033836058537,0.21290703735467395
id09923,0.7302022245315876,0.19927100404680848,0.07052677142160399
id05935,0.0021489487445681193,0.9878951843686904,0.009955866886741395
id14296,0.008870206225239458,0.007653327532539769,0.9834764662422207
id04605,0.9954714679485205,0.0030205590350853148,0.0015079730163941158
id08167,0.0008592642139037041,0.0005712077711029867,0.9985695280149933
id12659,0.9385186902476254,0.05619877739469395,0.005282532357680718
id21553,0.8531901033012922,0.14327971490402275,0.0035301817946851595
id13510,0.0030924282636078503,0.947251590245037,0.04965598149135514
id04734,0.00020772839073194337,0.20898314248746616,0.7908091291218019
id17689,0.006239648016007157,1.271242896517938e-05,0.9937476395550278
id08148,0.39020059991776257,0.5978789644359391,0.011920435646298203
id14908,0.007900255297312362,0.9848462068700581,0.007253537832629433
id17238,0.15538496866708265,0.731170252543747,0.11344477878917031
id27146,0.31669226178101856,5.947942195229088e-05,0.6832482587970292
id16670,0.9781773920211347,0.006280160423960278,0.015542447554905003
id12023,0.6749410303170873,0.3061934176372747,0.018865552045637984
id18129,0.1621156287842724,0.0006930092640292027,0.8371913619516984
id07365,0.04180739594584749,0.9558832901068776,0.0023093139472750413
id03073,0.19399472901741596,0.3131840173310041,0.4928212536515799
id14824,0.010382059778912092,0.988411506025193,0.0012064341958949007
id26339,0.8943197092324071,0.1040416048348019,0.0016386859327909937
id16562,0.030376151949498265,0.9690312834337561,0.0005925646167457081
id22182,0.01645318427091208,0.979118334622608,0.004428481106480002
id27892,0.7755945403406749,0.0022735495600397465,0.2221319100992854
id23713,0.7296047656425368,0.2545102911153316,0.01588494324213151
id00214,0.9355181229535101,0.0003573012388278428,0.06412457580766215
id21698,0.004854523514817081,0.021879227574482928,0.9732662489106999
id17685,0.001235736720753843,0.36424646854728615,0.63451779473196
id24848,0.9350330031867219,0.0005790963926097712,0.06438790042066829
id01544,0.8631533115016478,0.1329183174558922,0.00392837104246012
id12344,0.008912923783223552,0.47845967726154554,0.5126273989552309
id00513,0.8401013655726788,8.192923363543766e-06,0.15989044150395776
id19448,0.9797049620971875,0.016529863033870794,0.0037651748689416236
id11942,0.9047618799470142,0.014407621885214477,0.08083049816777134
id16370,0.5674172694110446,0.4267833692703652,0.005799361318590166
id06508,0.022401768179822524,0.0009321680098264628,0.976666063810351
id20829,0.013086221436946752,0.8771152493780413,0.10979852918501205
id27450,0.9964667059602161,0.002749783313182336,0.0007835107266014855
id07362,0.31136042080140297,0.36214579787233403,0.3264937813262629
id15120,0.4557481426063883,0.25977307103639735,0.2844787863572144
id10568,0.9900609292174029,0.003744049915774578,0.006195020866822651
id09623,0.9897464051366235,0.005409667050149866,0.004843927813226559
id06139,0.5452537674816136,0.45449305000890045,0.00025318250948600944
id24022,0.8924723970526355,0.0019041351636085503,0.10562346778375606
id02108,0.9967364912254335,0.002132778782723204,0.0011307299918432666
id14950,4.941364493618519e-05,0.0004387168256862014,0.9995118695293777
id01142,0.003302055167887885,0.00027408473531115903,0.9964238600968011
id15655,0.9676937155949731,0.004072073244433491,0.02823421116059342
id13975,0.0668448648441603,0.9307281764809789,0.0024269586748607063
id00160,0.036401252099393586,0.9516651482217353,0.011933599678871129
id08273,0.049453447796821995,0.00407499897744741,0.9464715532257306
id13642,0.007152105917109112,0.003399373015115035,0.9894485210677759
id25452,0.7627464963999273,0.22007075118767885,0.0171827524123939
id24806,0.9730496976370535,0.0018918655878445712,0.02505843677510191
id20664,0.004393258881868602,0.09079527506541239,0.904811466052719
id13359,0.46907906530650034,0.5126432735303176,0.018277661163181986
id24579,0.6537092725513208,0.31655189651776994,0.02973883093090928
id23389,0.9878196746493568,0.005276367643371941,0.006903957707271218
id06502,0.22398413607997864,0.008946221281428007,0.7670696426385935
id03083,0.983881515528847,0.003885925163494025,0.012232559307659048
id01694,0.8261965021112707,0.00323673888735722,0.17056675900137203
id21872,0.3018383884436139,0.13409742669241723,0.5640641848639689
id01860,0.00045284334632340423,0.0001432727550461233,0.9994038838986304
id18127,0.9791941974360301,0.012477180854867416,0.00832862170910259
id01490,0.001860449929290595,7.412706928623238e-05,0.9980654230014232
id00183,0.8341407070365412,0.1615137204541849,0.004345572509273957
id15458,0.4675794432592696,0.08400434207925059,0.44841621466147985
id04289,0.8940325506022888,0.09643382067102893,0.009533628726682253
id02129,0.081162704371769,0.08884748891506128,0.8299898067131697
id10271,0.9705967087137691,0.015412198372409317,0.013991092913821552
id02982,0.18562804154331905,0.790357463765262,0.024014494691419027
id15036,0.021848069510776127,0.9684065941084211,0.009745336380802863
id15854,0.9869751656419398,0.008513645583333864,0.0045111887747262885
id10252,0.0009626551133431524,0.02580553057697774,0.9732318143096792
id24359,0.0003726648950224513,0.1289696749019734,0.8706576602030043
id18620,0.0068530510429899065,0.9931383018030115,8.647153998415135e-06
id25768,0.011739696371878739,0.0011791042549454515,0.9870811993731758
id16604,0.8286466867594265,0.16668179362843336,0.0046715196121400624
id24942,0.42542054494968307,0.006849731742608694,0.5677297233077082
id12989,0.0025442532829202382,0.9951147322703036,0.002341014446776318
id13841,0.9865806953517037,0.0030402150480478797,0.010379089600248475
id15481,0.025750525221044925,0.007095729488788355,0.9671537452901667
id10600,0.08582326175773555,0.008253031058307145,0.9059237071839573
id18528,0.715686200903409,0.06415348104964157,0.22016031804694947
id16465,0.024334180422654752,0.9729742034719515,0.0026916161053937154
id14204,0.003000253755553849,0.9887518090539744,0.008247937190471745
id05924,0.8768533338180444,0.07447678559702652,0.04866988058492898
id16756,0.000566277311904869,0.01356288131432701,0.9858708413737681
id01167,0.4016172390009659,0.008910704620458045,0.589472056378576
id27624,0.015112342828124032,0.9839731913209282,0.0009144658509477914
id13724,0.6839086985781833,0.0043845035355709345,0.31170679788624583
id03677,0.7599003343856835,0.0003849534138570677,0.23971471220045953
id26463,0.27702486270488796,0.3756016678006967,0.3473734694944154
id15623,0.18554058036124058,0.0002625278333296816,0.8141968918054298
id26379,0.05154441107267326,0.022165293446216483,0.9262902954811103
id25294,0.001253717211896483,0.005637611326808078,0.9931086714612954
id04100,0.04851084611208055,0.26344633403487616,0.6880428198530433
id23831,0.8660035494971989,0.008798024715177618,0.12519842578762339
id17334,0.9994082527962634,0.0005768292106087289,1.491799312771556e-05
id19506,0.0003883300402362798,0.0006963201030141137,0.9989153498567496
id18629,0.7881403141971058,0.19384696236425059,0.018012723438643626
id09105,0.0047067433248736525,0.003775751545480608,0.9915175051296456
id27735,0.8767885869941605,0.1180515743053369,0.005159838700502657
id22840,0.991673779756084,0.0003993183329111543,0.007926901911004777
id01465,0.2806298017731797,0.02296571730853679,0.6964044809182834
id27750,0.5184687312631273,0.014669089340611056,0.4668621793962616
id20421,0.0009670505541774256,2.2967955506382565e-05,0.9990099814903162
id23826,0.9389011590676377,0.03745723011595572,0.023641610816406644
id23219,0.23224191669480804,0.06082560241625617,0.7069324808889358
id06442,0.003641727232716721,0.0011712678866499379,0.9951870048806334
id07847,0.9979749776164595,0.0011972692633335428,0.000827753120207007
id16995,0.6706560255938425,0.3133024047638344,0.016041569642323214
id07626,0.003435984388293215,0.7696156069588233,0.22694840865288357
id21920,0.44220369383127606,0.5565748564158483,0.0012214497528757048
id22340,0.7675315397680189,0.2306577779093058,0.00181068232267535
id22108,0.45739817835109214,0.0008391184475757332,0.5417627032013322
id25661,0.9876500981336621,0.011792936074587637,0.0005569657917502198
id16284,0.6563426497462839,0.1301757860657359,0.21348156418798023
id19900,0.9214476004141945,0.03847750631292194,0.0400748932728837
id20864,0.9953849850996125,0.00026855998268358856,0.004346454917703924
id26099,0.7513793240741192,0.24748404468050544,0.00113663124537533
id00333,0.19481580288680417,0.03582736458818504,0.7693568325250109
id27278,0.1913536432890228,0.7839206671199175,0.024725689591059686
id16758,0.08772329702643548,0.8836016744957531,0.028675028477811483
id25660,0.7616825120100628,0.12373323831663524,0.11458424967330214
id05146,0.23915204921459696,0.017668474912019585,0.7431794758733835
id24812,0.11292967003232816,0.01919884517593666,0.8678714847917353
id12003,0.9927315250491893,0.0011210187009666594,0.006147456249844017
id04569,0.008988980451926726,0.8822868979524605,0.10872412159561276
id08269,0.626765443066613,0.2413226903306671,0.1319118666027199
id06080,0.9857381149622637,0.011394744371070948,0.0028671406666654705
id09782,0.17603512082024178,0.8235580231013311,0.0004068560784271679
id19722,0.06908072213277545,0.9307665062671635,0.0001527716000609258
id02781,7.116708593275454e-05,0.0013452525731594152,0.9985835803409079
id13385,0.9372645949197237,5.020352230001003e-05,0.06268520155797631
id24676,0.3132608583839638,0.14103662369645625,0.54570251791958
id07628,0.9039709510215862,0.057881201528145354,0.03814784745026847
id19363,0.007157872004804634,0.0013364679000799288,0.9915056600951154
id27392,0.9723947425778253,0.0003036942253647442,0.027301563196810007
id26486,0.9150773913187669,0.0062123661652926584,0.07871024251594051
id02440,0.8621580229861292,0.1318233915549142,0.006018585458956725
id26878,0.8180651861907737,0.17591836544279335,0.006016448366432906
id23044,0.9997325385172614,0.00017888660580487673,8.857487693376774e-05
id24170,0.2529375725906412,0.7434316718583479,0.0036307555510109693
id22332,0.9598046460101475,0.002295734814164662,0.03789961917568792
id27933,0.9696829691594875,0.007655291627528674,0.02266173921298394
id17535,0.06305768790503638,0.022651938931913192,0.9142903731630504
id19700,0.0029925692352656273,0.9936788736261302,0.0033285571386042394
id19809,0.03513676813933547,0.17165810382593583,0.7932051280347288
id04484,0.12790136688091264,0.04850169652101664,0.8235969365980707
id00481,0.1289169420090797,0.8409071449535623,0.030175913037358035
id27510,0.8752266713707316,0.05622922639979638,0.06854410222947199
id04635,0.24858048428708612,0.0003320696905918335,0.751087446022322
id26027,0.9679294445032837,0.03090119443069842,0.0011693610660179347
id09300,0.0011474088635324753,0.9966283991652805,0.0022241919711870222
id06381,0.08337173387959322,0.00260168953669323,0.9140265765837136
id18038,0.02288637822564147,0.0006918822612420196,0.9764217395131165
id22011,0.8559086593695235,0.03873268029012171,0.10535866034035482
id10608,0.0038952509073768974,0.9944894727692776,0.0016152763233456464
id23054,0.9419798513005563,0.0038685192744712963,0.05415162942497245
id13904,0.6085249250304436,0.36941817159509505,0.02205690337446142
id13855,0.22555407714507097,0.0036966370396947085,0.7707492858152343
id17630,0.015211883929729294,0.9629291872648567,0.0218589288054141
id08595,0.04917620482718204,0.033850991507469654,0.9169728036653484
id09532,0.6540986188052083,0.001298456527274284,0.3446029246675174
id13176,0.00012699585262723444,0.0012926856654238853,0.9985803184819488
id27237,0.0014452757890439111,0.00015943377294385497,0.9983952904380123
id16704,0.2661033650116296,0.0395882616464219,0.6943083733419485
id20994,4.1219576060790043e-07,3.434111354284706e-06,0.9999961536928852
id17501,0.0016310342061352247,0.9453338386480312,0.05303512714583364
id16509,0.0017788170671742536,0.027156262900181652,0.9710649200326441
id15081,0.0018761837031637534,0.07994710809483975,0.9181767082019965
id24414,0.23888166866356103,0.0332173526048353,0.7279009787316036
id09220,0.038728551814269326,0.018333579449830485,0.9429378687359001
id26514,0.0004388759949791601,1.2737843264513613e-05,0.9995483861617563
id14703,0.8317460603871278,0.12766981696290175,0.040584122649970474
id19838,0.00012879783524473372,0.005269078274724451,0.9946021238900308
id23297,0.4486072726851209,0.012811386243131126,0.5385813410717479
id17113,0.5685349839473123,0.3705978920484788,0.060867124004209065
id11693,0.6362761041587313,0.0010780258816010997,0.3626458699596677
id00847,0.07523105653794883,0.7333226906070687,0.19144625285498248
id00233,0.766058507132914,0.023995332599863552,0.2099461602672225
id02776,0.9870313445268021,0.011768926625290745,0.0011997288479072548
id10396,0.9534376462120626,0.007202497641686901,0.03935985614625049
id18222,0.9395188977094264,0.015138195794575047,0.04534290649599858
id13476,0.10102658980252645,0.10998130765138582,0.7889921025460878
id08007,0.7984374018208151,0.008210853630298895,0.19335174454888598
id12984,0.14946873543071193,0.0014510404502549857,0.8490802241190332
id04174,0.49135877467298567,0.5072436082362671,0.0013976170907472262
id23874,0.005842607534548345,0.006463734252181963,0.9876936582132697
id00595,0.014103664167181442,0.9828476754965355,0.00304866033628308
id18041,0.9988693407359767,0.0005718411914411559,0.0005588180725822182
id17403,0.8935831547385527,0.04619544735565819,0.060221397905789203
id11741,0.9897169244896745,0.00415865672135033,0.00612441878897513
id16928,0.37770426992860007,0.00036734276538175124,0.6219283873060183
id21913,0.0034485506262693032,0.027597221675953888,0.9689542276977768
id05939,0.000751355819850131,0.0006384901583236759,0.9986101540218262
id12429,0.005886933859905519,0.9726903737728708,0.0214226923672237
id04447,0.14086112523511754,0.5055831894667824,0.35355568529810005
id15928,0.8258179302029998,0.039402939399712726,0.13477913039728753
id13126,0.0192148105074159,0.008377090728826489,0.9724080987637577
id03989,0.9515317290805959,0.007171608619220128,0.04129666230018391
id08950,0.009120666687983931,0.9779540410317005,0.012925292280315692
id26494,0.0518427784459442,0.01695754277868888,0.9311996787753669
id09289,0.07268354041405355,0.03974765865661554,0.887568800929331
id16295,0.004770564349873045,0.9566193072009476,0.038610128449179486
id01616,7.726611162517022e-05,0.9838918838621161,0.01603085002625877
id25251,0.009867754314178632,0.002663741294983347,0.987468504390838
id10354,0.9524637946902215,0.019110109044535622,0.028426096265242957
id08559,0.027207038851594336,0.95859284563952,0.014200115508885697
id20385,0.9911352144966832,0.0012550071177190368,0.007609778385597689
id01760,0.9691493182153161,0.019528911005025303,0.011321770779658548
id04242,0.71838366313907,0.007986890973529339,0.2736294458874008
id05652,0.10355742169909621,0.8964328137541314,9.76454677234779e-06
id05269,0.006323208182566891,0.944460506605637,0.049216285211796204
id11218,0.09576410150863283,0.006273942023413696,0.8979619564679535
id19158,0.00018032584046439985,0.9998073652238599,1.2308935675720414e-05
id00927,0.06912769021418864,0.012006897632624317,0.9188654121531871
id25636,0.18912102856203242,0.25756450664578306,0.5533144647921846
id20727,0.034429375242989516,0.005471337606269358,0.9600992871507412
id01645,0.9615038971461801,0.01444717350063809,0.024048929353181845
id19931,0.03557411012522182,0.9379176293217084,0.02650826055306973
id12473,0.022229543020344935,0.96887350623902,0.008896950740635094
id00618,0.9725361516770314,0.016152410832302365,0.011311437490666161
id27329,0.0005001738878913989,0.000975810361546867,0.9985240157505617
id11553,0.9784281265622795,0.000828599339655123,0.02074327409806527
id10357,0.0015559048410980216,0.013160809151437075,0.985283286007465
id11392,0.2598344932178762,0.0012094440109121475,0.7389560627712116
id03634,0.24460865171507826,0.6756462664985019,0.07974508178641997
id15781,0.965131764283999,0.034777869596757355,9.036611924361636e-05
id11706,0.0029574499323211196,0.004380125708614054,0.9926624243590649
id04248,0.9504806410414283,0.03121419087684913,0.018305168081722552
id26011,0.46841690872360037,0.16794908024865,0.36363401102774967
id17478,0.22946683262570447,0.004949552026658828,0.7655836153476367
id16179,0.8140854608130818,0.11739604367676267,0.06851849551015553
id11340,0.8760222593643059,0.0015982393925391119,0.12237950124315505
id05629,0.00022903303631086462,0.9983233730318387,0.0014475939318504157
id00266,0.004809375398627022,0.00039967398984466193,0.9947909506115282
id18514,0.24943547424532794,0.10386540874457847,0.6466991170100935
id05167,0.2253257554384828,0.0295132166750828,0.7451610278864345
id08943,0.9239606874315675,0.01775355595368295,0.05828575661474943
id14580,0.0026908277100083206,0.9598859725507315,0.03742319973926027
id24496,0.9545456566145025,0.03957770786406668,0.00587663552143076
id04884,0.0006611546811817033,0.34649083735448327,0.652848007964335
id08011,0.018105136033245737,0.02697614721589694,0.9549187167508574
id17807,0.3790005803229311,9.777351834235801e-05,0.6209016461587266
id05694,0.9783146073471024,0.013034454484763027,0.0086509381681346
id02907,0.027789480461811546,0.9308020672004772,0.04140845233771126
id23235,0.1595363683788247,0.0020643720493294633,0.8383992595718459
id26764,0.8709770030452888,0.12259925197575719,0.006423744978953841
id12226,0.005729809118550372,0.0032542284883242322,0.9910159623931254
id15157,0.879529368726623,0.0055106430481738295,0.11495998822520326
id27127,0.08253300691800414,0.0008012451104500068,0.9166657479715459
id27723,0.019731968802678922,0.003226185561266884,0.9770418456360542
id10742,0.054178919467049586,0.8984764318851384,0.047344648647812126
id22951,0.41016551004286067,0.15607148353216485,0.4337630064249744
id09429,0.5350853556746221,0.0033239123853532867,0.4615907319400246
id26058,0.0021475970440453184,0.7498897603089415,0.24796264264701323
id27415,0.0016337019157352916,0.699186985781467,0.2991793123027978
id06938,0.9011350425659125,9.001221731832924e-05,0.09877494521676916
id18702,0.8926880689452791,0.048007450020365904,0.05930448103435511
id05229,0.7469278332245013,0.2528533077370241,0.00021885903847457933
id05219,0.012802497503532434,0.0013632037539579819,0.9858342987425096
id26375,0.29364975455350634,0.7025945722099443,0.0037556732365494716
id19622,0.95046917544021,0.003371739482607781,0.04615908507718223
id13333,0.8571986394182195,0.0017255220234057799,0.1410758385583747
id25849,0.34989635961675,0.6472227640066293,0.0028808763766208553
id06780,0.9175352780376269,0.013579603263503022,0.06888511869887011
id01128,0.4713217926964529,0.002137356217920733,0.5265408510856264
id22697,0.04229739063437788,0.010150448857423437,0.9475521605081987
id03725,0.5173212337754479,0.22107656866605355,0.2616021975584985
id06570,0.7882428477113401,0.06315861811404047,0.14859853417461938
id07834,0.043666027604519646,0.00016661136896739453,0.956167361026513
id08930,0.9264203988067314,0.021677635996970597,0.051901965196297944
id03276,0.0005190496483653457,0.00026903813136265896,0.999211912220272
id07367,0.005930929882480927,0.9933976887807017,0.000671381336817435
id12250,0.9333005849318148,0.03679418552417612,0.029905229544009124
id00461,0.34028583370040105,0.0010080697231266119,0.6587060965764724
id17583,0.9897178969156403,0.00017543440573442325,0.010106668678625393
id07331,0.5046888793037361,0.20621650734306335,0.2890946133532007
id09844,0.05626666277070462,0.003306525197823203,0.9404268120314723
id12595,0.004699727063387446,0.8749073922261296,0.12039288071048299
id12911,0.001377054243712923,0.9927666870787359,0.005856258677551188
id13334,0.0013169791418660365,0.004927676476740767,0.9937553443813932
id03231,0.028617652012672714,0.7072459805280272,0.2641363674593001
id16441,0.10645564316083139,0.0020341661439247354,0.8915101906952438
id11427,0.0027988612061633643,0.005719358596086165,0.9914817801977505
id16919,0.9937135540074324,0.005177274971073609,0.0011091710214940055
id04388,0.00016631466720232204,0.1800001172440548,0.8198335680887429
id09608,0.07425215298944322,0.5050499140761422,0.42069793293441465
id14912,0.2475808653159254,0.0002623189110643662,0.7521568157730101
id24621,0.005574247100198175,0.9029498744792398,0.0914758784205621
id14904,0.010310889690749772,0.08795483278870626,0.901734277520544
id09209,0.0001301319204569964,0.00030997057599137717,0.9995598975035517
id10425,0.9822192841196388,0.017770804073035603,9.911807325647246e-06
id04915,0.6143577909791218,0.007494648623456817,0.3781475603974213
id01417,0.04258488982888544,0.9548562383352781,0.0025588718358365205
id12318,0.8674036018245684,0.012446731935577928,0.12014966623985365
id01184,0.07849631225538993,0.4080711485687966,0.5134325391758134
id05349,0.012091185354691749,0.0068612233399546465,0.9810475913053537
id14718,0.0030988259510707334,0.0006979625990180935,0.9962032114499112
id20392,0.8793718479895638,0.023041258209248145,0.09758689380118812
id10071,0.06830526142138059,0.1617177296951385,0.7699770088834809
id24369,0.9986954835964378,0.0008963944797518101,0.00040812192381046693
id22137,0.9989493255520848,0.0003394243750983057,0.000711250072816895
id14478,0.00011701458638746924,0.00804786864363279,0.9918351167699798
id10018,0.04674533995852893,0.001470502799321777,0.9517841572421494
id13357,0.0037682941916469996,0.9925689310465265,0.003662774761826326
id06093,3.305731015264495e-07,0.004202091734584001,0.9957975776923146
id26039,0.01797186664176147,0.011100220556890786,0.9709279128013477
id05974,0.05073273298715089,0.7693829235551854,0.17988434345766377
id09745,0.06813458723172597,0.9193091315944701,0.012556281173803818
id01255,0.6313819619309059,0.15115110747597196,0.21746693059312214
id25995,0.0003863038835539641,0.9488149376375009,0.05079875847894521
id01205,0.484238536387043,0.010653342142326298,0.5051081214706308
id09735,0.5454096934466485,0.4528672264560894,0.0017230800972619943
id19431,0.7793957534468005,0.2067876637559308,0.013816582797268832
id10226,0.9965794424345216,0.0010940062395300059,0.0023265513259484115
id22446,0.9977178176952647,0.001087285188980484,0.0011948971157549303
id10207,0.6627039780550331,0.20937380332895766,0.12792221861600925
id02564,0.9787918046618219,0.0034220202992304087,0.01778617503894757
id15113,0.7316150982200275,0.21448364141042098,0.05390126036955161
id20230,0.9419066807487507,0.00030853881518753577,0.05778478043606182
id18155,0.9872181676998474,0.0037405106439722894,0.009041321656180339
id23722,0.22603492220598878,0.02116340178094993,0.7528016760130612
id20241,0.9895740951314761,0.0015275160737958772,0.008898388794727949
id10580,0.0027218266341529503,0.023586753939051252,0.9736914194267958
id09405,0.3050251582028529,0.022211188967353395,0.6727636528297938
id16297,0.05862326075156327,0.9400091377273958,0.0013676015210409766
id27247,0.39029249525502485,0.002723471887189133,0.606984032857786
id26321,0.9998933574978465,8.233757112333905e-05,2.430493103022023e-05
id18503,0.1929166455359645,0.00407734648163807,0.8030060079823974
id04178,0.02966760574377192,0.8775480133658438,0.09278438089038432
id22695,0.007992980885525603,0.04677473902535335,0.9452322800891211
id04368,0.9994243280150923,0.0003455083188807249,0.0002301636660270125
id20585,0.9940459728299386,0.0059509864059860956,3.0407640753281897e-06
id21615,0.18717227802585662,0.07003852196813559,0.7427892000060079
id10830,3.478334892882869e-05,0.9982450850009561,0.0017201316501150815
id22143,0.9824338866492689,0.010232806482393414,0.007333306868337745
id21600,0.9875132794772525,0.0032229585286406063,0.00926376199410694
id23773,0.9934657790631387,0.0017181975137392257,0.004816023423122038
id08505,0.9814904343186718,0.0001678446207210418,0.018341721060607212
id27152,0.9274752378256846,0.002181913273938082,0.07034284890037734
id09817,0.005495015431891311,0.9429910783085091,0.05151390625959955
id02355,0.8934419952171957,0.005187748249925758,0.10137025653287861
id23629,0.9908113967768334,0.0007576273943747503,0.008430975828791862
id22194,0.9895278418322143,0.003773042642966076,0.006699115524819525
id05592,0.0742645281542059,0.0038708007211559216,0.9218646711246382
id02916,0.30096100621286975,0.4662860789208039,0.2327529148663264
id22284,0.6677594760278984,0.001962207320540317,0.3302783166515614
id14574,0.19705452279566565,0.013294945404580002,0.7896505317997544
id16820,0.02334589914583007,3.798723963675424e-05,0.9766161136145333
id04513,0.971361306410904,0.00033019988264062036,0.028308493706455377
id05853,0.48767495580829096,0.02006585254414199,0.49225919164756704
id23528,0.039315482858094324,0.9258178382707324,0.03486667887117339
id06684,0.9330796631493743,0.050166369139808945,0.01675396771081686
id19793,0.917491194566487,0.07137185430768482,0.011136951125828326
id05567,0.7516606743659162,0.01687283958783766,0.23146648604624606
id01637,0.001008161527585524,0.9254474223223508,0.07354441615006378
id24264,0.027343605806238878,0.04642249975485163,0.9262338944389095
id08558,0.0016795117526095557,0.9445844502463411,0.05373603800104932
id01977,0.0026197069691654994,0.865881398019281,0.13149889501155365
id14665,0.0009984923048645736,0.9893428547260723,0.00965865296906315
id24485,0.06233246018045822,0.935615277832594,0.002052261986947696
id00331,0.4223798652748008,0.01181964069365997,0.5658004940315392
id06004,0.3609899911756447,0.0705446446451846,0.5684653641791707
id08168,0.00123853908468631,0.9361715367377359,0.06258992417757776
id02054,0.9831696918897928,0.008356139144933869,0.008474168965273437
id27733,0.35598027100712315,0.010205036823834335,0.6338146921690425
id26596,0.0014174741621430246,0.996603330183404,0.0019791956544530686
id05275,0.7892940829490429,0.19378108569587896,0.016924831355078215
id23093,0.7486217555910637,0.1376407684756796,0.11373747593325673
id13304,0.017601284752140355,0.007969955712495614,0.974428759535364
id09513,0.9944334633609486,0.0006598809934939404,0.004906655645557482
id14943,0.9105140198880232,0.001311288431084534,0.08817469168089237
id10936,0.854276725716247,0.07259385081649178,0.07312942346726127
id18771,0.5203689778091107,0.34490224173094874,0.13472878045994047
id09708,0.7972326370831083,0.15567515106760318,0.04709221184928845
id17204,0.9912930228829316,0.003330911952501153,0.005376065164567203
id27515,0.0009686317237037788,0.997122517696746,0.0019088505795502896
id04438,0.661833799204925,3.5728293182722736e-05,0.33813047250189227
id14306,0.1967075624530783,0.7978775184378406,0.005414919109081137
id10235,0.0699644381338042,0.007032548849819551,0.9230030130163763
id19034,0.6955513969521022,0.25799617588253415,0.04645242716536375
id27850,0.7990624383401035,0.0035886384390731913,0.1973489232208234
id23316,0.926821947780609,0.06407117092293263,0.009106881296458424
id21265,0.9079503464034696,0.0007376425845269424,0.09131201101200347
id13944,0.07852736108365396,0.01999236363786018,0.9014802752784858
id00416,0.005950875649439091,0.9459057738883075,0.048143350462253466
id04702,0.9390995177504713,0.04905488597458037,0.011845596274948333
id07679,0.2434110992157496,0.5826324182912693,0.17395648249298112
id17063,0.03208740955434805,0.9484139869814681,0.01949860346418385
id25840,0.008827995060260769,0.8078058598950756,0.1833661450446637
id16767,0.7280937565930795,0.27115174246312956,0.0007545009437909783
id10275,0.005248738358148003,0.015762056744486292,0.9789892048973657
id19913,0.8845738467781195,0.018931159040326814,0.09649499418155376
id16158,0.03111309177422028,0.9408205662401274,0.028066341985652235
id19914,0.13155245772416688,0.001719181007503857,0.8667283612683293
id09409,0.19915614328862283,0.03447121512044738,0.7663726415909299
id14026,0.8734395460261417,0.0433725980126362,0.08318785596122197
id27022,0.0685446429029462,0.927223057163563,0.004232299933490865
id06324,6.706685761022604e-05,0.9979772311536382,0.0019557019887514607
id22614,0.048389514052536824,0.20707912658389824,0.7445313593635651
id02338,0.8897179729478545,0.006479297437852361,0.1038027296142932
id02862,0.153998779652077,0.8107831674330214,0.0352180529149017
id14818,0.11658124966860439,0.3698384681290576,0.513580282202338
id00648,0.9731637282041783,0.014375289338126311,0.012460982457695483
id21812,0.03155713355142805,0.0005892612043173934,0.9678536052442546
id04567,0.20232250816861752,0.7967211098631827,0.0009563819681997618
id20462,7.167271084143108e-07,2.458375025228616e-07,0.9999990374353891
id21110,0.2314399714177812,0.02973359216733623,0.7388264364148825
id27524,0.18867260268902564,0.8046751229945981,0.006652274316376377
id10739,0.0009217029308461573,0.04219795648658348,0.9568803405825704
id25519,0.645348346050349,0.19747866568563602,0.15717298826401502
id09509,0.23299552270823898,0.04967665766189333,0.7173278196298677
id24062,0.2015265030516902,0.7767089289752679,0.021764567973041975
id17909,0.25467264666074263,0.005122477072298257,0.7402048762669591
id09896,0.06364871174590653,0.015277741595357724,0.9210735466587356
id11587,0.01996496413344383,0.9795812726136632,0.00045376325289295943
id09957,0.7930138477314277,0.1996259812874412,0.007360170981131083
id02070,0.0009151239460982437,0.07737690054270417,0.9217079755111975
id25658,0.9905749370161796,0.005929070549992638,0.0034959924338278823
id19870,0.22831905801305105,0.6613528832324365,0.11032805875451254
id11774,0.3681246809818308,3.935359074633548e-05,0.6318359654274228
id21315,0.9048402812560514,0.09426297670408047,0.0008967420398681108
id15873,0.9747373050083903,0.024824873288086382,0.0004378217035233527
id19302,0.00018483356499670719,0.9994232505485845,0.0003919158864188547
id07239,0.024591064951173153,0.9750952962206184,0.00031363882820846484
id10178,0.8974760029425255,0.004870467089696668,0.09765352996777786
id00074,0.9912753961210223,0.00039831997874962454,0.008326283900228078
id21736,0.07964807007847927,0.9061544525041771,0.014197477417343557
id25383,0.4343984884526342,0.4685337607382862,0.09706775080907948
id01649,0.7540018934895588,0.025387024163456284,0.22061108234698493
id15990,0.007025076873669805,0.003947854322937403,0.9890270688033928
id04940,0.9709180460880615,0.002527433907364954,0.026554520004573548
id09041,0.04884215280302569,0.941178135093009,0.009979712103965342
id12499,0.9413197546340037,0.010735755433531365,0.047944489932464966
id27324,0.40959049261645336,0.5898704394529263,0.0005390679306203713
id20396,0.003514815739821439,0.9964326875814581,5.2496678720459135e-05
id20065,0.9988014533774655,0.00013026708679825507,0.001068279535736189
id09659,0.12069344996938908,0.030108732953917205,0.8491978170766937
id04632,0.025310312737933455,0.0008542964732840692,0.9738353907887826
id17313,0.9916339260712572,0.0013800133152818226,0.0069860606134610715
id04995,0.9839448001121978,0.01121845502331612,0.004836744864486225
id26559,0.9255818648893704,0.01678339328500289,0.057634741825626695
id06974,0.052465687531407304,0.19404750468760015,0.7534868077809925
id22141,0.9956361540057421,0.0030754887545776095,0.0012883572396802593
id11508,0.019141112270370974,0.00044975313406648036,0.9804091345955626
id09766,0.06347451917113388,0.9351421268062031,0.001383354022663031
id24382,0.2684660224549474,0.5085867520851416,0.22294722545991108
id12016,0.8250721856486833,0.05888101315745996,0.11604680119385678
id07298,0.9539310011704009,0.0016905937642924752,0.04437840506530664
id17985,0.0175648445690866,0.9811189266077449,0.0013162288231686038
id09057,0.05913694465535255,6.471629378729653e-05,0.9407983390508602
id23310,0.00026912394767210194,0.000873865786014701,0.9988570102663132
id13265,0.9976685358772341,0.0007152389707353602,0.0016162251520304798
id25920,0.9251033836507419,0.0014867215728905704,0.07340989477636757
id15012,0.47760665164371807,6.787006851397043e-05,0.5223254782877679
id12939,0.0010299917622049572,0.9984684563319771,0.0005015519058179299
id13329,0.9649188107757443,0.02155134701696605,0.013529842207289651
id11410,0.3008423124537262,0.6990405923369949,0.00011709520927892663
id08203,0.7947256879799602,0.08002502826533722,0.12524928375470254
id09399,0.01327379304953496,0.9486536695678965,0.038072537382568605
id24807,0.011212833509254637,0.005726345422711824,0.9830608210680335
id24976,0.9390152075139935,0.057473115329475244,0.0035116771565313794
id19630,0.00886939909686422,0.02892546255857133,0.9622051383445644
id00231,0.0010892420291733673,0.9987144328153347,0.00019632515549193976
id06157,0.004194217705052121,0.9205333741041245,0.07527240819082334
id26817,0.62073219521631,0.12406223053524294,0.2552055742484472
id21083,0.0009443365941420275,9.288995396229076e-05,0.9989627734518957
id27634,0.9887218646009468,0.008398486654322359,0.0028796487447308133
id12397,0.02067474160381009,0.052586116615708965,0.926739141780481
id02643,0.01816528222899905,0.003897330773916109,0.9779373869970849
id13731,0.00524163570219415,0.9938042844502948,0.0009540798475110684
id17953,0.17720573634783957,0.0036566109226936856,0.8191376527294668
id10342,0.7959151060065118,0.11670320246987266,0.08738169152361552
id19652,0.0858082205843469,0.8053915632151587,0.1088002162004944
id03505,0.16456326058430826,0.7973628861082116,0.03807385330748016
id27602,0.027860513224954697,0.5581309326944306,0.41400855408061477
id13311,0.05997020918966345,0.0020885732406400663,0.9379412175696965
id20008,0.9495502145122884,0.024378674421291952,0.02607111106641974
id14404,0.006839157595419602,0.12319067322274738,0.869970169181833
id09413,0.06528124783914382,0.0020239979789799007,0.9326947541818763
id01897,0.16007785168793387,0.5270517831173913,0.3128703651946749
id14873,0.9863962788262182,0.00943911634259711,0.004164604831184659
id25588,0.9839445389678363,0.014980263805957381,0.0010751972262062928
id15549,0.03574813659563662,0.9384616103530022,0.02579025305136114
id20796,0.22178581173745698,0.00224892968239577,0.7759652585801473
id11138,0.03202194947137739,0.0371747850854562,0.9308032654431665
id18398,0.03270873510402684,0.0002993666510254775,0.9669918982449477
id01871,0.9902270914417183,0.008364511504166084,0.0014083970541156014
id15968,0.9735691594232083,0.0003699971207169966,0.026060843456074772
id18197,0.0003197676598951432,0.0006727119693853021,0.9990075203707196
id20939,0.3480246987001676,0.00030595905691233174,0.6516693422429201
id20570,0.0020993609056411924,0.18492851488491382,0.8129721242094451
id00432,0.9923651636767932,0.00035101615242914255,0.007283820170777677
id19537,0.00036285883019879846,0.9499191354819072,0.04971800568789395
id12930,0.6641410168661546,0.3358557113464828,3.2717873626239324e-06
id26222,0.04877476387052281,0.8167702152164164,0.1344550209130608
id10623,0.9988025286319614,0.00020144141231299932,0.0009960299557255279
id15460,0.007901504475740836,0.9903711112043762,0.0017273843198831102
id22824,0.9941480064401679,0.005234801350483073,0.0006171922093491359
id02968,0.15393600116047376,0.000549980917186315,0.8455140179223399
id19017,0.1916503592725334,0.588217022506802,0.22013261822066452
id26743,0.008275098942607228,0.9493355820619968,0.042389318995396066
id04161,0.9909220100335353,0.0020238711060613355,0.007054118860403392
id08976,0.00015063406429232154,0.9996615195946297,0.00018784634107805453
id13339,0.005145976070020536,0.9700442742724081,0.02480974965757135
id25051,0.9646470142036844,0.0059465704589323045,0.029406415337383203
id22649,0.26814034840387657,0.7259610750716575,0.005898576524465965
id00040,0.011338902202074638,0.98442459392035,0.004236503877575447
id08855,0.8589985637860376,0.02716912679824696,0.1138323094157155
id24622,0.9499353481418522,3.104466480361613e-05,0.05003360719334426
id02301,0.8708427712861304,0.1256544708278465,0.0035027578860230314
id07047,0.908020559073562,0.004916120590105643,0.0870633203363324
id04423,0.964834450250999,0.034992896117680174,0.0001726536313208479
id02790,0.3993333197882689,0.16661258844368104,0.4340540917680501
id08754,0.6171177518749666,0.38243679126739616,0.0004454568576371958
id20297,0.01827870641939797,0.0012319657524387823,0.9804893278281632
id04307,0.15218938027023174,0.7167326513072098,0.1310779684225585
id18927,0.14658135791314575,0.047190638397901885,0.8062280036889523
id27393,0.013563672910082609,0.037239332623154923,0.9491969944667625
id15260,0.3328019765260711,0.6645500993539855,0.0026479241199435567
id03679,0.7246071446528833,0.0420946489041195,0.23329820644299726
id17381,0.9993566035056269,0.0003187358695165923,0.0003246606248564291
id13196,0.9028213547648049,0.07314545897278717,0.024033186262408076
id21493,0.01922833784230212,0.03543686202511442,0.9453348001325834
id11088,0.0079727062239937,0.0046843706757518705,0.9873429231002544
id15801,0.6303394537821754,0.0015625843702005775,0.3680979618476241
id04647,0.3186737348871805,0.042689274745253865,0.6386369903675657
id16900,0.44803918720040864,0.5513231464598798,0.0006376663397115931
id17174,0.8944765851412257,0.10471041890230522,0.000812995956469015
id23801,0.0622567874932473,0.8435315314017109,0.09421168110504186
id11952,0.5279584587724638,0.15185001888174213,0.320191522345794
id02738,0.9598411252050052,0.009032616211273907,0.031126258583720912
id05365,0.9764490419070717,0.0005083206262100676,0.023042637466718228
id19666,0.05943157744800157,0.9338029007204927,0.006765521831505798
id26638,0.006119168468969668,0.06343176569097639,0.9304490658400539
id03032,0.17215742210729873,0.28824280575044253,0.5395997721422587
id23471,0.9965408278956472,0.0026749746620246613,0.0007841974423280114
id26135,0.028027288011927356,0.9707266191100863,0.0012460928779863747
id18224,2.9781699755337135e-05,0.9987234446451252,0.0012467736551195483
id10782,0.9667770431514326,0.004700481279977532,0.028522475568589813
id08932,0.0944049780404767,0.01849254767278918,0.887102474286734
id23126,0.02143035925338933,0.003964383011261631,0.9746052577353491
id22273,0.21791979837668507,0.2854313526894484,0.49664884893386657
id17427,0.9437259419344707,0.04001750241587096,0.016256555649658385
id21258,0.71611849801596,0.2826928789829731,0.0011886230010669662
id06604,0.8986545983493807,0.09468906374839764,0.006656337902221797
id02180,0.3635562103990997,0.6292504822083476,0.007193307392552819
id20505,0.3986281812405886,0.48148066570499115,0.1198911530544203
id27466,0.718994755835432,0.09138491349114065,0.18962033067342737
id14249,0.07809734780003245,0.518115872084192,0.4037867801157757
id15891,0.15751589971480112,0.040502114328775235,0.8019819859564237
id25366,0.06893428232478091,0.010328662270489732,0.9207370554047294
id13554,0.006650692603611849,0.005624204913621251,0.9877251024827669
id09470,0.0001172995255661023,0.0011785066687768997,0.998704193805657
id15993,0.10496170839072662,0.289885627033321,0.6051526645759524
id07273,0.19678319629314045,0.6289288330023106,0.1742879707045489
id10805,0.902475382428972,0.004209773851691425,0.09331484371933665
id07990,0.2865954561099883,0.008662469969337453,0.7047420739206742
id08107,0.07027645540426224,0.023616124918131483,0.9061074196776063
id07612,0.8154091080191324,0.1662940132695472,0.01829687871132048
id10593,0.5481520828870996,0.24797834871675004,0.20386956839615036
id00906,0.010813432711148943,0.9701111049851382,0.019075462303712713
id22316,0.03666850600286745,0.08914417070627839,0.8741873232908541
id04826,0.8130834112295914,0.18522713408745506,0.0016894546829535435
id13173,0.0036273789615817722,0.004193539319055794,0.9921790817193624
id20075,0.8701170549193329,0.08661673931260921,0.04326620576805796
id16427,0.135580808667343,0.3609739597023173,0.5034452316303396
id21948,0.0003784128693278902,0.01086800535938593,0.9887535817712861
id05957,0.9813320058094329,0.014150891888301221,0.00451710230226579
id22982,0.0002946454764862633,0.9959661176931797,0.003739236830334131
id01672,0.3755814102110369,0.6103564463357466,0.014062143453216543
id19463,0.024411493262766065,0.018684469878642754,0.9569040368585912
id17555,0.3599046800081065,0.6312591079232178,0.008836212068675657
id21387,0.0008452734271866985,0.9922433364657846,0.006911390107028814
id00011,0.019151044576059116,0.9806547277872308,0.00019422763671016207
id18538,0.9971880823463011,0.002694193868888151,0.00011772378481085087
id14915,0.0013481794958483072,0.9975237741897641,0.0011280463143874709
id13773,0.020990189317468606,0.05886071620226451,0.9201490944802669
id26440,0.7144045862909493,0.008419807335047064,0.27717560637400374
id18862,0.3727820648242498,0.1473221373476488,0.4798957978281014
id02510,0.0019172787154987162,2.0591218372993967e-05,0.9980621300661283
id26288,0.010983946745777722,0.006939822590538526,0.9820762306636838
id01877,0.011026666235904476,0.27580657019937815,0.7131667635647173
id17532,0.14680713272449594,0.006718951279425648,0.8464739159960785
id22973,0.9697596815606314,0.024381631882179126,0.005858686557189544
id10254,0.4717923053663742,0.03328961359039412,0.4949180810432318
id20420,0.01801695056997621,0.9791522485496041,0.002830800880419682
id16052,0.2058887426743258,0.005335886217007019,0.7887753711086671
id19578,0.9994412493880854,0.00039862683083999117,0.000160123781074608
id06318,0.3926771666200585,0.12085786690274354,0.48646496647719795
id18751,0.9989749940860352,9.333246436696692e-05,0.0009316734495979037
id06756,0.17365759726847402,0.00011508829580161181,0.8262273144357244
id00364,0.6678033193941387,0.33219659694953263,8.36563286267044e-08
id10714,0.6217629646478543,0.36377921552526954,0.0144578198268762
id27432,0.7338103432767263,3.215265594753801e-05,0.266157504067326
id02395,0.09821446973937131,0.8843430848628663,0.01744244539776239
id00502,0.5775350278690342,0.2876768569960591,0.13478811513490674
id22856,0.0033310242075147477,0.018565267645680457,0.9781037081468048
id16391,0.002642690556530808,0.9971394478750887,0.000217861568380521
id18170,0.006319780831296425,0.8894173669607526,0.10426285220795103
id19642,0.9932123427964853,0.004346453308288919,0.00244120389522579
id15742,0.9892571719022415,0.004377453641522456,0.0063653744562361505
id18984,5.201176597339983e-05,0.0008605544578283255,0.9990874337761984
id22155,0.0001566508618165769,0.010474954314403997,0.9893683948237795
id13113,0.006798008064573307,0.0006747140343599748,0.9925272779010668
id03817,0.28436764722166397,0.012923384984849053,0.7027089677934869
id13090,0.8092344088052315,0.06559660841252098,0.12516898278224758
id23521,0.0011158101170846084,0.8478097089383652,0.15107448094455023
id21376,0.35397981779632715,0.019110307231599087,0.6269098749720738
id21795,0.02759053700895087,0.922325371491815,0.050084091499234144
id03548,0.01586964521440063,9.559846331335542e-05,0.984034756322286
id05018,0.9749878532609466,0.0027502278062802536,0.022261918932773204
id00085,0.1285718349397124,0.8711092791111974,0.0003188859490902485
id12163,0.17222353705385532,0.8178425865343052,0.009933876411839534
id15341,0.09593290802624019,0.10387309100350042,0.8001940009702594
id12896,0.7336398660976492,0.2416695788179644,0.02469055508438644
id24019,0.6220510650065783,0.007841457056308046,0.3701074779371138
id24981,0.7951627039125755,0.2045354125181875,0.00030188356923703335
id12456,0.4852841383587138,0.09668803319076148,0.4180278284505247
id24590,0.26499634731360083,0.039258439945364355,0.6957452127410348
id01276,0.0008091252039765582,0.9971227414988034,0.002068133297219927
id04235,0.00020122811043997172,0.0002602923783964759,0.9995384795111636
id21844,0.01946872082123349,0.03376012950555543,0.9467711496732112
id16876,6.14617974659958e-06,0.9999428680345432,5.098578571021742e-05
id10137,0.029283211293710552,0.000687543810676831,0.9700292448956126
id26435,0.0005206334792548218,6.9202368043395445e-06,0.9994724462839408
id15912,0.09934377724283407,0.058771206159974256,0.8418850165971916
id09361,0.0004132709978590542,0.0003803815110560319,0.999206347491085
id00071,0.12353826154930336,0.00178097952140243,0.8746807589292943
id21006,0.9995475284285141,0.0001910258963317588,0.00026144567515412885
id20942,0.18768842971017496,0.02653364057079229,0.7857779297190328
id00137,0.7707002274515367,0.20775764681442013,0.021542125734043183
id10494,0.6526984764916886,0.24987686261810044,0.09742466089021098
id02933,0.6322532725295575,0.01725091645606121,0.35049581101438126
id22661,0.004491730503566386,0.9951688460778914,0.0003394234185421258
id01024,0.2556505251800046,0.018721912159851882,0.7256275626601435
id02183,0.006097876076042493,0.982077566471553,0.01182455745240444
id22883,0.327130683157577,0.6726877654665081,0.00018155137591488005
id14780,0.2731912215527219,0.7267194384439275,8.934000335060259e-05
id00543,0.013801454638891703,0.04358885762469189,0.9426096877364164
id21237,0.7709148230947926,0.02191146202729167,0.20717371487791555
id09864,0.028537229839033038,0.8741887258069282,0.09727404435403877
id26171,0.0003740408200260595,0.010269394454786484,0.9893565647251875
id08115,0.8136884651935253,0.01769146381528121,0.1686200709911935
id18417,0.0014108625226445502,0.919256568974864,0.07933256850249153
id27910,0.012861786538354512,0.026952435761409654,0.9601857777002359
id16918,0.11418673893964472,0.05704943888582947,0.8287638221745258
id10236,0.0005919390414739059,1.8524007974342603e-06,0.9994062085577287
id22481,0.5549993836970472,0.20806057409487222,0.23694004220808074
id25843,0.16959806332915459,0.8156378747540519,0.01476406191679344
id24660,0.9943366131139095,5.5682107556385395e-05,0.005607704778534219
id09637,0.2032840273913973,0.7943008877133884,0.0024150848952143303
id19022,0.15603834862130603,0.0293077700964049,0.8146538812822891
id16809,0.0050536073223911475,0.004150722862350282,0.9907956698152586
id13162,0.11262171730175613,0.00028546681241728016,0.8870928158858266
id05384,0.07152664553082323,0.9279518747723923,0.0005214796967845115
id15361,0.00793077947752105,0.0016445124233444525,0.9904247080991345
id03967,0.0036571756962950667,0.9915351953900639,0.004807628913641063
id03839,0.00011476836427011721,0.9937071292250417,0.006178102410688213
id19644,0.8620795184752704,0.015339339666899831,0.12258114185782974
id14817,0.029506867627542892,0.014289336223782161,0.9562037961486749
id04190,0.5703840364335111,0.4275710229245234,0.0020449406419654824
id19018,0.0013948108068735949,0.9478553054405146,0.0507498837526118
id23557,0.7078439697899132,0.2921016737178147,5.4356492272080845e-05
id25241,0.028292179570698715,0.004365832664831343,0.96734198776447
id01223,0.031754498182479794,0.010723878089207155,0.9575216237283131
id07529,0.08932912589285023,0.7913827945087055,0.11928807959844422
id13517,0.021300488424368276,0.017665622761225352,0.9610338888144063
id11759,0.700621887836845,0.0028759197349389498,0.296502192428216
id13741,0.019133893351038746,0.04871333384239279,0.9321527728065685
id03305,0.007910599629082674,0.0011075033242680425,0.9909818970466493
id16474,2.1578583003627365e-05,0.9997750271963904,0.00020339422060599037
id04156,0.887184068233839,3.387984809391854e-06,0.11281254378135169
id23223,0.00029693111181291256,0.9994780561308055,0.00022501275738144038
id25193,0.6892010191618786,0.018286609611155386,0.292512371226966
id02100,0.9976776172792996,4.9138472029315154e-05,0.00227324424867096
id20032,0.005085437056919584,0.5003957910977155,0.49451877184536497
id22179,0.00041476862559477096,0.0008341056820657789,0.9987511256923395
id15359,0.9627945542075573,0.0014028125334683372,0.03580263325897439
id02571,0.008488334707153216,0.9898345731014421,0.001677092191404636
id21450,0.9742014282006043,0.02316008159772123,0.0026384902016743936
id17293,0.9946387427730193,0.005297074108091762,6.41831188889626e-05
id13056,0.7438248258318043,0.2175751545755361,0.03860001959265958
id16833,0.9477155686345625,0.008457135881760202,0.04382729548367729
id25681,0.019740827106855825,0.97651778732609,0.003741385567054271
id21263,0.00033214572846326275,0.0014304990893332847,0.9982373551822035
id02323,0.03322639773612667,0.9651667838700566,0.0016068183938167423
id16481,0.8642224559792039,0.009390825973847158,0.12638671804694906
id05781,0.36560768361022244,0.0035405187128937097,0.6308517976768839
id14416,0.8835046549713391,0.11050213546207893,0.005993209566581992
id20650,0.008320318977696337,0.9081451043334327,0.08353457668887096
id04357,0.9608432360696567,0.016929371608829617,0.022227392321513818
id16663,0.005798667045735779,0.040847218499299995,0.9533541144549643
id18312,0.37925396010915635,0.03756858152666469,0.5831774583641789
id24780,0.0005441258386247334,0.0016826225299764375,0.9977732516313988
id17348,0.10514398557097582,0.005605055533794146,0.88925095889523
id22993,0.7740064515877126,0.00016408887040283033,0.22582945954188455
id04847,0.01715213592142287,0.07005010202544235,0.9127977620531348
id27880,0.004589110116012627,0.9928149722744253,0.0025959176095621656
id21160,0.008614782665708361,0.20454999071496294,0.7868352266193287
id03354,0.18803597622044782,0.8076312045107333,0.0043328192688189505
id11002,0.033306092485677105,0.00028174633505990445,0.966412161179263
id02425,0.1621870180607918,0.0043244644707167825,0.8334885174684915
id14067,0.8135611849409833,0.05722299694332087,0.12921581811569594
id05886,0.10749477590768598,0.0038345395333875647,0.8886706845589265
id09256,0.976066799307648,0.020221785783100216,0.0037114149092518207
id11511,0.4785666864179891,0.006362181965380664,0.5150711316166303
id09029,0.00012219399497487827,0.7855645101929974,0.21431329581202765
id22563,0.15492585347098747,0.6819945707267795,0.1630795758022331
id27838,0.3257680750903186,0.027146862683319537,0.647085062226362
id23184,0.967718271186835,0.009014885183679955,0.023266843629485
id15335,0.8804825015744988,0.07978098416584364,0.03973651425965747
id08607,0.9652345832319573,0.027163165702171307,0.007602251065871392
id26516,0.8510125613544806,0.10940372609483197,0.03958371255068746
id12417,0.45164943915361716,0.29914151332471356,0.24920904752166914
id21758,0.9822487094133493,0.014338882907696325,0.0034124076789543295
id00729,0.2670786078659066,0.7312726310741534,0.0016487610599400671
id25504,0.19974952332682552,0.7918393369972033,0.008411139675971166
id00360,0.00042717502055511654,0.02753709438654201,0.9720357305929029
id05913,0.34199049744777943,0.6487653679160146,0.009244134636206004
id00089,0.9945510329751729,0.004736945598219251,0.0007120214266078948
id03511,0.996520370706305,0.00021066959775469917,0.003268959695940346
id00449,0.00042728052471274893,0.03785426567019425,0.961718453805093
id14504,0.3510595874039799,0.6140245869481537,0.03491582564786643
id19106,0.9988072030709169,0.0007756596265793138,0.00041713730250391264
id19236,0.09190537809388177,0.9031575932211727,0.0049370286849455425
id12743,0.8830969989010212,0.0010827845835418724,0.11582021651543693
id04662,0.013609722949913534,0.00425363266092587,0.9821366443891606
id15139,0.23243999933144263,0.003129029495392967,0.7644309711731645
id07233,0.07353087839433478,0.2553950734374387,0.6710740481682265
id19160,0.7638411537502238,0.2337404823366458,0.002418363913130439
id06867,0.014093387231117221,0.9550781482906765,0.030828464478206197
id04236,0.016928893857512495,0.7624988580569055,0.22057224808558196
id07591,0.004986853187563671,0.002503370317241224,0.9925097764951951
id25815,0.4042592807861819,0.008944756648688578,0.5867959625651296
id10925,0.7091260675793054,0.03703769481960217,0.2538362376010925
id27774,0.7942125793025038,0.1860116933438499,0.019775727353646255
id16090,0.016429224646924714,0.9009863814951189,0.08258439385795645
id24875,0.0934559606162651,0.0005018484291597659,0.9060421909545752
id03456,0.9084927211456757,0.005670370267530126,0.08583690858679416
id07559,0.3416286416894997,0.6409380148363751,0.01743334347412517
id10513,0.019011949708615583,0.967246449728812,0.013741600562572431
id07094,0.8423397675120028,0.029407325479418524,0.1282529070085788
id04111,0.009130766504178135,0.00024820062021908373,0.9906210328756028
id23356,0.9270602554821242,0.017944519951105024,0.05499522456677082
id04435,0.2602660245876955,0.0057882162118134866,0.7339457592004911
id23706,0.014287181228845428,0.00014910067298464486,0.98556371809817
id04655,0.4861770866876534,0.003981467571282307,0.5098414457410643
id07661,0.6031307590395978,0.026456026011283863,0.3704132149491184
id27176,0.15747098463931905,0.01235545701940199,0.8301735583412789
id13560,0.35492891270574073,0.08168604501597664,0.5633850422782827
id18020,0.09140444135554597,0.020506336525352598,0.8880892221191015
id16701,0.5766067630282329,0.41612028363000475,0.007272953341762458
id19252,0.9489274340470638,0.0034046834714037124,0.04766788248153256
id00910,0.3443086478410798,0.390361877572434,0.2653294745864862
id12102,0.9593410946643663,0.00018915917457108838,0.04046974616106259
id15820,0.9280817351321338,0.001899220666392812,0.07001904420147338
id10698,0.9275448339965459,0.020619431087992822,0.05183573491546141
id15530,0.024215468607453224,0.5983457234968504,0.3774388078956964
id10740,0.9984740177581957,0.00141834839829625,0.00010763384350807805
id24917,0.015752253220279063,0.004498754400067909,0.9797489923796531
id07985,0.3103320653577022,0.314313390576133,0.3753545440661649
id15897,0.6337973349924158,0.13871592030115729,0.227486744706427
id07960,0.01662229933634731,0.36646649706565143,0.6169112035980012
id15529,0.6472731538695474,0.04778821582407389,0.30493863030637874
id17855,0.230505327796155,0.7436734375383867,0.025821234665458364
id24727,0.9878344842972265,0.004367057359536127,0.007798458343237328
id14835,0.8335359784305684,0.001254205875462201,0.16520981569396942
id25557,0.08266412715690451,0.058776680259919126,0.8585591925831765
id18605,0.006943036690699265,0.0028586867472988535,0.9901982765620019
id27760,0.9790914223686478,0.018619652090768456,0.0022889255405837863
id10042,0.006480128222370857,0.008160102827306153,0.9853597689503231
id12074,0.05373535346049469,0.8464475893855027,0.09981705715400252
id19511,0.6167313978843983,0.035818946989455626,0.34744965512614606
id21924,0.7680789295893008,0.23168319007353042,0.00023788033716872354
id13095,0.11900401176590408,0.1313760049432556,0.7496199832908403
id11873,0.001292570000694514,0.00011594525363209717,0.9985914847456735
id23651,0.21333565823127346,0.7267776755506489,0.05988666621807768
id09931,0.1906399339692587,8.847618073902696e-05,0.8092715898500024
id05155,0.1273226789895391,0.02608940784861415,0.8465879131618468
id17668,0.9763670945819126,0.022736821559573846,0.000896083858513396
id03470,0.9792374542259192,0.019188277866590997,0.0015742679074898752
id02208,0.9665867763751275,0.03335728320757772,5.594041729481854e-05
id07650,0.0009116415596772331,0.998619182399639,0.00046917604068385155
id24472,0.9835529410435004,0.003697170285530586,0.012749888670968898
id21211,0.000769770558837093,0.9753480543583996,0.023882175082763357
id11030,0.9217583726211374,0.036256006509396844,0.04198562086946581
id00943,0.032552037594313424,0.9660319517572906,0.0014160106483958068
id19156,0.004733722922139209,0.14489379296076654,0.8503724841170943
id22886,0.0037698716688083166,0.03313313565612732,0.9630969926750643
id00992,0.001279504931260749,0.9884934000507094,0.01022709501802977
id27547,0.982738784142383,0.014524170384770885,0.002737045472846186
id24073,0.9217700949578187,0.0769620270758777,0.0012678779663036713
id05452,0.9854865853094298,0.013532156105979765,0.0009812585845904945
id22492,0.00440362340959141,0.9372342715279879,0.05836210506242057
id11981,0.17446211165068004,0.7838762353966499,0.041661652952670124
id15552,7.612359366502986e-05,0.998941639810608,0.0009822365957269732
id04471,0.0025370028320597336,0.047195591736937194,0.9502674054310032
id09231,0.12224615224128896,0.4005474305451077,0.4772064172136033
id12493,0.8980302272555528,0.08026529942415526,0.02170447332029194
id24967,0.6328300124548455,0.07021313321314397,0.2969568543320105
id05865,0.3838423643964072,0.08197954564066832,0.5341780899629245
id04811,0.9891798926128241,0.006106057898412955,0.004714049488762943
id19877,0.33283017983651025,0.17233631304094454,0.49483350712254526
id04024,0.2054465532250377,0.794441725381188,0.00011172139377439301
id00395,0.08615165096488028,0.016143037875130325,0.8977053111599894
id22728,0.08951641190924269,0.7942326026527671,0.11625098543799031
id01268,0.8038024853262882,0.19166292338215707,0.004534591291554634
id08896,0.89233856396315,0.02243832246773365,0.0852231135691163
id09971,0.6664327195791706,0.0904869815414211,0.2430802988794083
id26606,0.0186097151505376,0.00492416902268262,0.9764661158267798
id27970,0.7151593613940986,0.12009236588663467,0.1647482727192668
id25259,0.9998854298034996,8.899508730472208e-05,2.5575109195677052e-05
id13834,0.06018162683886279,0.034397754618416175,0.9054206185427212
id19513,0.04918293921222279,0.01668588956739755,0.9341311712203797
id16082,0.09318788255832246,0.9058926277049774,0.0009194897367002449
id22180,0.010482056488927092,0.01496472929311117,0.9745532142179618
id20498,0.9048286710837217,0.022071211003494216,0.07310011791278416
id27595,0.0030414109263045414,4.6258778913638304e-05,0.9969123302947818
id08267,0.13573781334355778,0.02379363973436787,0.8404685469220744
id12823,0.9935776146501252,0.006086198784510248,0.0003361865653646469
id18842,0.03900824075189842,0.9325263291624314,0.02846543008567015
id17534,0.8945616415991944,0.10492940371805329,0.0005089546827523337
id05777,0.7592223337695575,0.006819979969974526,0.23395768626046784
id21689,0.3370043478348894,0.6629174466152127,7.820554989795451e-05
id18114,0.03463869470073581,0.9651302122443236,0.00023109305494071092
id17707,0.04556521789873592,0.003068199413152674,0.9513665826881114
id22956,0.01602918208009971,0.9838129201106582,0.00015789780924212505
id27834,0.0117890556244715,0.05312018673417803,0.9350907576413505
id11377,0.16645725938388586,0.6012826672551876,0.23226007336092647
id08333,0.8973594308721455,0.09169090732310242,0.010949661804752089
id07445,0.8807892494186769,0.11047366282121279,0.008737087760110307
id22703,0.7378386328341003,0.25229070833906897,0.009870658826830664
id09468,0.04434238282000556,0.38317587079660825,0.5724817463833862
id19397,0.23934497311056707,0.034647496398761336,0.7260075304906716
id07977,0.9572971105731346,0.007349346783390073,0.03535354264347539
id14555,0.02343630619939346,0.010706411523731309,0.9658572822768753
id02489,0.006658668406762335,0.1255121691105769,0.8678291624826607
id10445,0.6223747428284109,0.054032629056493836,0.3235926281150953
id02058,0.004593836206734245,0.09189124128303758,0.9035149225102281
id23101,0.8397053104244974,0.06013380432479114,0.1001608852507116
id18072,0.19711056679236524,0.41223613627049366,0.39065329693714107
id21085,0.5533424638144555,5.913664125193635e-06,0.4466516225214194
id16584,0.0010493098685755424,0.0006746168546625577,0.9982760732767619
id23136,0.010373213954108089,9.980715596361598e-05,0.9895269788899282
id17745,0.0353695257653501,0.5920922702861448,0.3725382039485052
id27391,0.39027231898619125,0.05419738293038571,0.5555302980834231
id17240,0.13265708348327046,0.867285488723345,5.74277933846098e-05
id11708,0.769424424571608,0.013759716370693887,0.2168158590576982
id08712,0.004134783930060507,0.5364113126212181,0.4594539034487214
id23809,0.20215827224522018,0.052145598628016675,0.7456961291267632
id07274,0.9853836946071995,0.011310040713060306,0.003306264679740194
id15625,0.02068880056927628,0.4136646215220777,0.5656465779086459
id22815,0.6455295762722777,0.3528254008342998,0.001645022893422539
id23200,0.9707413607663895,0.025465203049177997,0.003793436184432551
id04369,0.00507974796844158,0.9356450190627503,0.059275232968808135
id04659,0.8539343578964865,0.10607913223230547,0.03998650987120811
id05051,3.6712079048498965e-05,0.0007651398352053142,0.9991981480857463
id07815,0.005217634661816035,0.9159458909431479,0.07883647439503616
id27535,0.9837559536441536,0.014682778084811426,0.0015612682710349718
id11916,0.0008209977102017625,0.04099733244687405,0.9581816698429241
id07097,0.0643991760938126,0.9315502690681654,0.00405055483802195
id24599,0.9894560718057259,0.008426575180492463,0.0021173530137816293
id03434,0.04796722211125388,0.043420989279928345,0.9086117886088179
id01685,0.3781582595214323,0.4664621326703287,0.15537960780823912
id23165,0.7466429379551479,0.10720231852628738,0.1461547435185647
id08601,0.19120463763338186,0.8084147198900473,0.00038064247657095186
id19593,0.9815338607501601,0.014928103931518505,0.0035380353183212692
id04582,0.5031299967143109,0.00030739117471785716,0.4965626121109713
id25659,0.5661080111986664,0.26707030128372194,0.16682168751761162
id08590,0.04490959917601496,0.0005304069581735711,0.9545599938658115
id21959,0.02387709189275688,0.9584055225199182,0.017717385587324913
id21373,0.994693554766838,0.0025915953051619672,0.002714849928000129
id12581,0.3362763855882387,0.012767531372911901,0.6509560830388493
id05240,0.8457400823480157,0.15349757423566207,0.0007623434163222767
id25188,0.00013687337030995867,0.005142620851469562,0.9947205057782206
id15719,0.00674949854920453,0.9765418440764662,0.01670865737432941
id17546,0.8045058703562271,0.04036909876898996,0.155125030874783
id18546,0.5996942535089063,0.37755017132575847,0.022755575165335204
id16043,0.004620062167521497,0.44943373929062214,0.5459461985418564
id05236,0.9915804425236271,0.008037395392689802,0.0003821620836831273
id01665,0.9538309921137698,0.045532493490377315,0.0006365143958528518
id12811,0.6616668753428058,0.0353801955257628,0.3029529291314315
id11468,0.0018450886257350724,0.0041415265922806,0.9940133847819844
id20311,0.9460059559403106,0.031230100435543917,0.022763943624145556
id04045,0.0013515681292370016,0.0011395898752205908,0.9975088419955425
id02671,0.02478336160624302,0.6916410019790128,0.2835756364147441
id19889,0.02552046565039022,0.9652415737760843,0.009237960573525491
id10371,0.046647568149138285,0.7340686411775276,0.21928379067333414
id13583,0.7425731571935748,0.02596146414546427,0.2314653786609609
id11070,0.6452465730138967,0.35466229377218145,9.113321392205556e-05
id13087,0.03425112823692905,0.9642193065509309,0.0015295652121400858
id21670,0.007223646917474171,0.23505820707662506,0.7577181460059007
id16432,0.03193816662912441,0.9222955857304734,0.045766247640402206
id13899,0.9045587183145901,0.09473149443856806,0.0007097872468417771
id02925,0.08504340341590565,0.9135954212039388,0.0013611753801556579
id27528,0.0657927814614803,0.9326323424377937,0.0015748761007261286
id15950,0.8852262685285464,0.08298064210806208,0.031793089363391425
id07604,0.8234597742082206,0.00023698610115424894,0.17630323969062509
id12682,0.9703247303632151,0.020180677240075284,0.009494592396709654
id16688,0.19662733108655917,0.7963815534477744,0.006991115465666395
id24150,0.00956532391922903,0.9831630425121902,0.007271633568580714
id04599,0.04190191505578379,0.00039559541770485567,0.9577024895265114
id05609,0.0011747363100494252,0.9266742671161278,0.07215099657382291
id27242,0.3331679905627505,0.0012688511186187041,0.6655631583186309
id03464,0.27613032810348276,0.36568836422557466,0.3581813076709426
id20129,0.00029574075314633475,2.5508180060513012e-05,0.9996787510667932
id07890,0.0018984565988600704,0.997536019413908,0.0005655239872319047
id24082,0.9254097171921406,0.009386466111253378,0.06520381669660605
id18550,0.00019908571837103092,6.265327940080221e-06,0.999794648953689
id13345,0.0057783544313767385,0.14814082227556766,0.8460808232930556
id21162,0.8907638593532716,0.08532594265177987,0.02391019799494854
id05896,0.0028291577438654468,0.014197987166834701,0.9829728550892999
id00549,0.004288256194010976,0.002523421623680518,0.9931883221823086
id19986,0.3076454781025888,0.011256337648455482,0.6810981842489557
id12287,0.3006565967546215,0.00044438959578021293,0.6988990136495984
id21149,0.35846466603401794,0.0001251913904329878,0.6414101425755491
id15937,0.0045142259055485825,0.9826035568862912,0.012882217208160239
id18043,0.5355229916608443,0.03432466741488669,0.43015234092426907
id19288,0.8765901788823005,0.12299759055891978,0.00041223055877975747
id16304,0.06312591857582348,0.006207443978371076,0.9306666374458055
id03605,0.9901963786660551,0.005542713102390397,0.00426090823155456
id00126,0.0035545642170731035,0.378929619640288,0.617515816142639
id11734,0.8008833337300587,0.11847640125957717,0.08064026501036417
id20670,0.001500321608832319,0.9467264918615906,0.05177318652957706
id02266,0.019465074511408414,0.013640128853697652,0.966894796634894
id06651,0.004635693834764232,0.8471535624320377,0.14821074373319817
id12969,0.9947328845758461,0.00496908829131498,0.0002980271328390995
id15664,0.2296711080342726,0.7573932111374458,0.012935680828281603
id09699,0.03962598389663969,0.8404308257731963,0.11994319033016397
id07426,0.0799257861919557,0.002249293689165267,0.9178249201188791
id12040,0.4069744622388068,0.5869645410184402,0.0060609967427530465
id22961,0.7345322484786023,0.01672913369182524,0.24873861782957243
id23971,0.010040360488122619,0.9887458983115387,0.0012137412003386911
id21433,0.745969031725514,0.12206578363119955,0.1319651846432865
id12028,0.006124143037866823,0.9553508232377652,0.03852503372436796
id15673,0.4619992559020903,0.4707587542952381,0.06724198980267161
id18681,0.12969935736444896,0.0019420892040335896,0.8683585534315175
id21339,0.38567340567220376,0.18772773010568286,0.42659886422211335
id23755,0.29700142539334223,0.4145365802144149,0.28846199439224285
id10369,0.000656609083609198,0.005706780344054036,0.9936366105723368
id03917,0.19358960875740724,0.060747463435899554,0.7456629278066933
id17078,0.003211748768083546,0.6888679233087066,0.30792032792320995
id10873,0.8708059081689392,0.005956109555789964,0.12323798227527089
id21158,0.8178233711610617,0.0011815718165963352,0.18099505702234203
id16491,0.9318095233100455,0.0162174603626391,0.05197301632731542
id23930,0.0001844465633665976,0.9977851224075301,0.002030431029103302
id16048,0.005922658541285451,0.9930127753679424,0.001064566090772064
id10070,0.9971539247214974,0.0018938250976961565,0.0009522501808063747
id24962,0.9299937901063263,0.006682082433306464,0.06332412746036725
id27787,0.8410021301864127,0.009806701736376086,0.14919116807721122
id16840,0.1458456559627398,0.8363131434651746,0.017841200572085714
id01994,0.9843621162080712,0.007677155180744905,0.007960728611183939
id10756,0.0013801177330737399,0.004373426506551685,0.9942464557603746
id16697,0.007744416021552913,0.6542375403995278,0.3380180435789194
id19603,0.07436334325425914,0.917072252009079,0.008564404736661856
id03903,0.9641728524660921,0.03453159924576381,0.001295548288144184
id20992,0.4831811152732978,0.004147088490381761,0.5126717962363204
id15687,0.0672863759706247,0.9294204609953782,0.0032931630339971454
id19769,0.00273381488256135,0.6667975563534011,0.33046862876403765
id06048,0.5501907868708552,0.18735368228101804,0.26245553084812684
id25098,0.009821101296484898,0.9832084885810765,0.0069704101224385235
id16091,0.5294439889064094,0.45861119254969296,0.011944818543897598
id27192,0.6453845197904594,0.009994072671939323,0.34462140753760123
id05897,0.1314537963296305,0.02764804568415803,0.8408981579862115
id00828,0.9473730806121887,0.019406641190859594,0.03322027819695173
id20605,0.9108245907687397,0.021394705935067183,0.06778070329619301
id05872,0.012729129905904876,0.37269157813283327,0.6145792919612618
id00761,0.9985706950729332,0.0009758376779909375,0.00045346724907595
id19573,0.6867122876838552,0.182083784840812,0.1312039274753328
id03081,0.0008027240709624963,0.0024315576340883643,0.9967657182949492
id04887,0.426965956257967,2.6775288210322175e-05,0.5730072684538227
id17700,0.006298428004743107,0.0016085696088299845,0.992093002386427
id03250,0.8706986992123862,0.12789214869410823,0.001409152093505621
id21027,0.0011693354990857585,0.9987130607809214,0.00011760371999299971
id19567,0.8361436718029618,0.16371936373880414,0.0001369644582341226
id05661,0.5422632072165883,0.037055782362962926,0.4206810104204489
id27405,0.9446421752953977,0.04939151953675317,0.005966305167849097
id01546,0.06549719576089208,0.8865801066955984,0.047922697543509536
id02288,0.004030276407822259,0.9930477759759637,0.0029219476162139907
id11057,0.0034576533238101716,0.004203182628142938,0.9923391640480468
id09191,0.004795686456191913,0.7547364171834021,0.2404678963604061
id19074,0.0047329592607578,0.0029678770765435717,0.9922991636626987
id25012,0.8882407696472187,0.07568340241267037,0.036075827940110994
id24857,0.13927258540264015,0.8605532996506392,0.00017411494672062042
id07557,0.010640275976628888,0.7331392079498458,0.25622051607352536
id23072,0.9708006641143081,0.028455351867915788,0.0007439840177761277
id20317,0.7789809308362798,0.14418133883448553,0.07683773032923473
id16642,0.804701046157259,0.018628217142074504,0.17667073670066635
id04211,0.02643485292777186,0.2316976121952263,0.7418675348770019
id22871,0.0009962725323249563,0.9989393157048592,6.441176281593534e-05
id16178,0.0013586482793410304,1.1625228855456343e-05,0.9986297264918035
id25172,0.11880561806437871,0.17783124382119286,0.7033631381144284
id15654,0.6741729297327612,0.029361768461775597,0.29646530180546316
id26067,0.9722310126242247,0.002581345737688656,0.025187641638086553
id11955,0.05504041987526932,0.11775612648729517,0.8272034536374355
id24939,0.001377629366257725,0.008749813504625378,0.9898725571291169
id07378,0.8625410611706278,0.12371611137765785,0.013742827451714382
id22455,0.037019636654225155,0.9101946425599527,0.05278572078582208
id12850,0.026043554225326625,0.0037733875481329587,0.9701830582265404
id12403,0.9847691966289905,0.0009926653448706513,0.014238138026138852
id11593,0.003937772275344141,0.9863288923613486,0.009733335363307338
id27776,0.9578537873528374,0.003917908534849559,0.03822830411231302
id14497,0.0038986639973902742,0.007280654819494335,0.9888206811831154
id24628,0.2768978432521241,0.01120249149540717,0.7118996652524688
id11283,0.3695535330052327,0.015103113653499901,0.6153433533412674
id00459,0.9941611375404296,0.0047733986376157726,0.001065463821954751
id11310,0.019978869933798462,0.9733266886479748,0.006694441418226756
id05177,0.0004248178673835049,0.9967965032984404,0.002778678834176042
id22598,0.0022341560151151814,0.994015736717832,0.0037501072670526945
id05214,0.37929628240475693,0.09958206437908008,0.521121653216163
id22797,0.7721518888857076,0.03072679433011218,0.19712131678418027
id15832,0.0007589085152669754,0.4303263750399413,0.5689147164447917
id00479,0.5023307067664531,0.4964183332054868,0.0012509600280600844
id05840,0.0009291890246861851,0.3885984464475254,0.6104723645277884
id27489,0.00117874714024119,0.0001118045488838524,0.9987094483108749
id03281,0.0005091540186473527,0.9990092551543295,0.0004815908270231652
id27046,0.8283787768189472,0.0019378241198809466,0.1696833990611718
id09213,0.0003070821764129633,0.0003870237247693379,0.9993058940988176
id18775,0.8936902815274101,0.010042101776515745,0.09626761669607403
id09731,0.12509053864432615,0.6610571516922057,0.2138523096634683
id25031,0.6949782031815829,0.29700869698055843,0.008013099837858731
id11945,0.08985641571210046,0.3575217479271286,0.5526218363607709
id20286,0.7947871683192715,0.2036261862045183,0.0015866454762101388
id27960,0.001636008158848156,0.0034649259626316387,0.9948990658785203
id13206,0.009042300386800315,0.026449733605807685,0.964507966007392
id09964,0.5782049392898109,0.12275190893623678,0.2990431517739524
id16811,0.014694134986839524,0.6457000746867493,0.33960579032641114
id08948,0.14602665466136103,0.847871838007223,0.006101507331416057
id17636,0.00033836274107236795,0.00035304205363969243,0.9993085952052879
id14046,0.8717975340196112,0.009187304671830702,0.11901516130855797
id22873,0.8970629393078551,0.008042532189790211,0.09489452850235477
id09962,6.994890058602148e-05,0.002703977571136054,0.997226073528278
id26474,0.9833618070180793,0.00039862894858440297,0.016239564033336373
id11898,0.5757443206518649,0.41950105614426,0.004754623203875237
id25477,0.9900684536914375,0.0007830208243057141,0.009148525484256794
id25457,0.9756086006266167,0.00039799300409581984,0.023993406369287554
id26675,0.0630929673689967,0.011987888941689458,0.9249191436893138
id04422,0.012066639472142511,0.05346770715532531,0.9344656533725323
id04237,0.6166942754363044,0.09253967492429692,0.2907660496393986
id07049,0.11639849074414946,0.8574622655764861,0.026139243679364585
id18211,0.7378691623322536,0.25130783128782763,0.010823006379918735
id16033,0.1286025522135358,0.8685311248814964,0.00286632290496788
id16680,0.4887292886902228,0.031061762092091355,0.4802089492176859
id08977,0.5503281885429389,0.4310270313986015,0.018644780058459733
id18494,0.003024149680899272,0.98354160432413,0.01343424599497078
id07714,0.0007624048250788899,0.0008088929942321641,0.998428702180689
id01243,0.9783774872020597,0.00117548758192998,0.020447025216010238
id18562,0.0008017672660539026,0.9971779763949923,0.0020202563389538656
id03147,0.0247701388090514,0.0006513058429314174,0.9745785553480173
id24138,0.5931512011104155,0.017306774737011945,0.3895420241525726
id21062,0.878924231252015,0.021738600577183728,0.09933716817080125
id25053,0.009245060617047907,0.043939249567416766,0.9468156898155353
id14390,0.2838002159870868,0.0007653585058891848,0.7154344255070241
id10122,0.15600497098605456,0.00404949970352686,0.8399455293104185
id13160,0.4721266369973284,0.5101992377568835,0.017674125245788135
id00780,0.011070161962313373,0.9870437949532187,0.0018860430844678784
id20996,0.7307995165729232,0.06400386309289045,0.2051966203341864
id16008,0.7681011713092831,0.06175996242666362,0.17013886626405325
id10522,0.007295499107570315,0.9821442231422737,0.010560277750155974
id18498,0.751023827110595,0.026868661647345627,0.22210751124205946
id09341,0.024390935381577276,0.9692782776174426,0.006330787000980139
id22456,0.6159388760439715,0.004558285690722301,0.37950283826530634
id07592,0.010659562615315234,0.9554807728448057,0.03385966453987921
id25634,0.9965324032673412,0.0009537305997942124,0.002513866132864645
id15011,0.3781014188790735,0.6214101878623206,0.0004883932586059263
id14245,0.9548481353145186,0.002067379192512935,0.04308448549296843
id21107,0.1252777140891344,0.0008392653976906857,0.8738830205131749
id01881,0.12172438696030466,0.5988482759318606,0.27942733710783485
id12772,0.24105429850387117,0.19558517593190863,0.5633605255642202
id17589,0.9894556831969262,0.008845560808900293,0.0016987559941735251
id24421,4.137687833359852e-05,1.1121623601212495e-05,0.9999475014980652
id22088,0.02735921810988527,0.15016767949003956,0.8224731024000752
id21687,0.8920317333384132,0.03842922240673403,0.06953904425485272
id17810,0.03243517286699043,0.00011687945177638075,0.9674479476812332
id25153,7.293725354308889e-06,0.9923594341932342,0.007633272081411294
id18083,0.9194726361098452,0.03827284021372878,0.042254523676426035
id00655,0.38507268851011395,0.00023189338716968994,0.6146954181027163
id13195,0.8245782449516211,0.054198928632251106,0.12122282641612776
id23708,8.923603376494495e-05,0.8713850285028149,0.12852573546342008
id17977,0.6516069701812345,0.03866049868615464,0.30973253113261096
id10501,0.01255470544343616,0.9850863114819904,0.0023589830745734037
id08697,0.19886284906900625,0.7584639100109246,0.042673240920069154
id09269,7.82082610920811e-05,0.999222361646341,0.0006994300925668894
id21153,0.9878706745806068,0.0063961072942300004,0.005733218125163104
id06257,0.8676569043791132,0.05043018766435321,0.08191290795653347
id08366,0.5410144925173435,0.03507749547555207,0.4239080120071045
id00263,0.9649909316097918,0.026273470830024178,0.00873559756018408
id14445,0.6500228170257945,0.0022168473318025256,0.3477603356424031
id18864,0.004620899202199315,0.027142579893747264,0.9682365209040534
id18427,0.8395185589772757,0.052280610072140986,0.10820083095058335
id24348,0.015354781286653487,0.010151508124878058,0.9744937105884686
id17329,0.9834650587671657,0.011253819552831902,0.005281121680002437
id07519,0.08603935540405401,0.8984513131549059,0.015509331441039961
id17995,0.0004037343695730438,0.0034678628078208926,0.9961284028226062
id25329,0.9689689057445446,0.029711992212981445,0.0013191020424738395
id14513,0.9799201405829074,0.01873470887868458,0.001345150538408071
id10203,0.13409319690959082,0.8533863341994264,0.012520468890982813
id25887,0.9003737986295006,0.00442402901246665,0.09520217235803274
id08186,0.5342183604609094,0.003922094472856793,0.4618595450662339
id20535,0.03913881023093039,0.9573548634059756,0.003506326363094053
id06411,0.0033818094070308846,0.005822900701272047,0.9907952898916971
id11984,0.9832603822973017,0.004919491569291897,0.011820126133406283
id16389,0.01617079031539308,0.9233738960706711,0.06045531361393582
id23333,0.9636131861863028,0.03467995986013833,0.001706853953558958
id19447,0.06378806204466438,0.07767931040077175,0.8585326275545639
id01461,0.95815749339568,0.010628128760526849,0.031214377843793068
id25601,0.17353445905805337,0.8262944697397995,0.00017107120214722663
id04803,0.6602891885689423,0.15201116163605013,0.1876996497950076
id19029,0.0013089165672236062,0.997700225257591,0.0009908581751854606
id11507,0.7633397834095574,0.22897165867192631,0.007688557918516198
id13246,0.31888198883499164,0.003336794813420913,0.6777812163515874
id26927,0.3363153558114293,0.0003415178095590974,0.6633431263790116
id12423,0.9853384218224085,0.014495229113495616,0.0001663490640959053
id09601,0.00019269948659729643,0.9637082215484891,0.03609907896491363
id23100,0.5717841735558172,0.23370606001378894,0.1945097664303938
id21939,0.9899288015914646,0.004490859572608255,0.005580338835927029
id16139,0.0002624210936448378,2.5202550214752324e-05,0.9997123763561404
id27334,0.9554561795626932,0.0407214401450958,0.003822380292210962
id22326,0.0011349280896195252,1.4916922056004815e-05,0.9988501549883245
id18527,2.1169418858406682e-05,0.0009918130376078075,0.9989870175435338
id05072,0.00406181750265629,3.8447218386208944e-05,0.9958997352789575
id21820,0.0028303577098567536,0.9968936174430251,0.00027602484711817756
id13960,0.7438372117574337,0.1733721109285129,0.08279067731405347
id03958,0.9958062760920964,0.0036495713958080277,0.0005441525120955821
id10849,0.1936345802781631,0.7977085856905685,0.008656834031268454
id06252,0.9923469546730952,0.00039094201637682706,0.007262103310528068
id26045,0.9374351031098714,0.0007381835837205324,0.06182671330640799
id04849,0.0022638903621202606,0.9781720755659394,0.01956403407194019
id05215,0.017265427163103503,0.9763881788193156,0.006346394017580808
id22830,0.04441196966650392,0.5040962960631651,0.451491734270331
id21325,0.15503287047908415,0.7866968968053498,0.058270232715566035
id09287,0.018375011645815925,0.00023499938624709613,0.981389988967937
id24354,0.48051257999555946,0.4304835375990132,0.08900388240542739
id06784,0.029789142492047487,0.9402302318009008,0.029980625707051744
id03848,0.4274238157536317,0.13053659639096682,0.4420395878554015
id01410,0.04253838526557144,0.03405895323084527,0.9234026615035833
id00874,0.6658629422108094,0.0013968029756209904,0.3327402548135696
id00784,0.12737134819730198,0.0022626104347596844,0.8703660413679384
id19909,0.03186192832320088,0.9672099063647163,0.000928165312082901
id18906,0.004134051771821945,0.9609570923702107,0.03490885585796747
id18748,0.0005703207690607074,0.010312593933273132,0.9891170852976661
id04654,0.4302097935235581,0.5673275115634012,0.002462694913040674
id07608,0.6894133503774073,0.12701270569386355,0.1835739439287293
id10845,0.004509446945891415,0.9651314882843055,0.03035906476980309
id10718,0.001877092293471604,0.00013696573877920756,0.9979859419677491
id19100,0.05624110364785558,0.9406291797464833,0.003129716605660985
id10416,0.9929965323562056,0.002476934224017601,0.0045265334197767135
id02535,0.00010703918864273783,0.9975028049769357,0.002390155834421621
id23920,0.2489844630526826,0.00015222536656676812,0.7508633115807507
id16226,0.7627120363359479,0.17895896823194565,0.05832899543210659
id09196,0.0008097597286643656,0.9991726276133976,1.7612657938044653e-05
id03368,0.11828501769194767,0.0343846708612494,0.8473303114468029
id27373,0.6899535434601265,0.013818543208296183,0.2962279133315774
id11497,0.5600252866102149,0.312205371032602,0.12776934235718304
id07640,0.7141373463504066,0.2857174907367712,0.00014516291282222848
id22416,0.0024898160439832426,0.997490075724051,2.0108231965792113e-05
id20303,0.037265772802202835,0.9622044640622825,0.0005297631355144996
id13811,0.017540866282989682,0.0004596683839952745,0.9819994653330151
id04365,0.005236332977169029,0.9511433612355673,0.04362030578726352
id00199,0.0010170304919035875,0.06673670270409268,0.9322462668040037
id24884,0.9843914326993728,3.625611633357053e-05,0.01557231118429365
id06763,0.006128277841188031,0.9617405862588727,0.03213113589993918
id18275,0.7402211834582896,0.09579035304165448,0.16398846350005594
id20971,0.4886777870349918,0.5061763802257526,0.005145832739255524
id01581,1.7207800993966423e-05,0.0010817854582271466,0.9989010067407789
id24805,0.033341170258567664,0.0002485532732660813,0.9664102764681662
id07950,0.03486852963171196,0.8247954636164985,0.14033600675178964
id26346,0.0001252100390377035,0.028092750612122245,0.97178203934884
id24046,0.9487537339134359,0.017326947853166273,0.0339193182333979
id05548,0.0020094590846665363,0.9978039427263711,0.00018659818896242555
id17433,0.8283242394270437,0.004334953088628335,0.167340807484328
id18712,0.8033275315436219,0.040143491244013056,0.15652897721236497
id21128,0.00634114587335468,0.003992153696933965,0.9896667004297114
id02906,0.19436201108841136,0.23944835406288145,0.5661896348487072
id22201,0.07151783186988192,0.9284499501611925,3.2217968925600947e-05
id08614,0.0076025695997715016,0.9841377390977852,0.008259691302443327
id22484,0.013728137786889505,0.983967139832781,0.002304722380329534
id16291,0.1556765056176189,0.47900843057838455,0.3653150638039967
id26869,0.4907006870223576,0.46065743311927176,0.04864187985837062
id18062,0.15028888905570137,0.8407543101603294,0.008956800783969205
id27078,0.8230198093416189,0.17615160714384342,0.000828583514537747
id02756,0.013994549293359908,0.125224905223147,0.8607805454834931
id03454,0.001026058503096298,0.03808181528295628,0.9608921262139474
id02195,0.049429820088528066,0.0009441412874234419,0.9496260386240485
id27418,0.08325152535308213,0.9052131687758603,0.011535305871057553
id02733,0.8935456337236268,0.09778112429345416,0.008673241982919098
id15677,0.9582906904893149,0.001252657607994278,0.04045665190269086
id08204,0.855744294636006,0.03615935313149315,0.10809635223250097
id11529,0.9945576771248997,0.004144777965224608,0.001297544909875627
id14000,0.02932027209248551,0.00032358540165050917,0.970356142505864
id11866,0.7111165549964014,0.004770888135241859,0.28411255686835674
id14084,0.015561578926199717,0.977414749335462,0.007023671738338246
id17826,0.5657438855306464,0.037965116880692415,0.39629099758866126
id07289,0.007920072653206375,0.024486046336040058,0.9675938810107536
id05102,0.7919474209413545,0.07345038282215982,0.13460219623648567
id14779,0.8005509517558257,0.00021619336478080105,0.1992328548793935
id19144,0.019691944983924802,0.9733247272474149,0.0069833277686603325
id12372,0.005177605514190447,0.9917994243118508,0.0030229701739586945
id05673,0.024583232508772968,0.9743124702956028,0.0011042971956242839
id07343,0.012962435213785378,6.27498951168935e-05,0.9869748148910976
id10390,0.03154243497706283,0.866699644950826,0.10175792007211125
id27323,0.0023869334692471285,7.166434154359599e-05,0.9975414021892093
id26483,0.9681219695721405,0.026771111995112052,0.005106918432747493
id07690,0.860343923858828,0.04964336546053224,0.09001271068063979
id22766,0.8395886857282764,0.009367656532131893,0.15104365773959177
id10289,0.9872026391988621,0.003912809765633843,0.008884551035504172
id22243,0.08485470576861702,0.8918039863747531,0.0233413078566299
id24509,0.22506994111573408,0.7627948945634442,0.012135164320821819
id02407,0.0013004192027545806,0.94592398468112,0.05277559611612533
id08746,3.902739356217794e-05,1.261140941827842e-05,0.9999483611970196
id12854,0.7038694555391193,0.2789773590491329,0.01715318541174789
id25598,0.03451466941558529,0.022789280671470853,0.9426960499129438
id16973,0.019650577890454428,0.02334272301744271,0.9570066990921029
id20066,0.08532051025248465,0.019210344193562903,0.8954691455539525
id25966,0.00029556825045121664,0.9983593971249252,0.0013450346246236887
id21599,2.3457519254110967e-05,0.00044313011183839604,0.9995334123689075
id17112,0.9505622866767686,0.0006829968634615863,0.04875471645976982
id01775,0.0009943418202512707,0.9855493286900707,0.013456329489678042
id08484,2.167869011241519e-06,3.1823652617732813e-06,0.9999946497657269
id12094,0.0006940712700847665,0.9905317353227441,0.008774193407171008
id25422,0.17569902649466138,0.024998068361993357,0.7993029051433452
id25063,0.10064048279128793,0.8862418817950662,0.013117635413645802
id25508,0.028309667593629167,0.00042818856866542337,0.9712621438377055
id01575,0.7893005242470161,0.00022834790936914295,0.21047112784361485
id24368,0.003108405916443799,0.009782037513856435,0.9871095565696998
id16823,0.012055737627571082,0.9179911049473215,0.06995315742510738
id22747,0.018887139592364953,0.9793984774178315,0.0017143829898035967
id19321,0.0005526560629103842,0.0009664407185137632,0.9984809032185759
id08220,0.0008855673473013674,0.9829808556399017,0.016133577012796944
id12296,0.7328895262937327,0.00013521839293037508,0.266975255313337
id11186,0.9995146315737867,7.128757381286702e-05,0.0004140808524003524
id10551,0.040260547963822994,0.957776945207079,0.0019625068290980265
id20839,0.3748203483693055,0.2931698861991021,0.3320097654315924
id06118,0.8322941080901681,0.1082284228390054,0.05947746907082653
id06330,0.010247950571978302,0.8991744720395661,0.09057757738845566
id02669,0.2501491887476163,0.5891374317072098,0.1607133795451739
id14811,0.9978094982222747,0.0019469325798692314,0.0002435691978561126
id04728,0.9793763772466866,0.007952723898567788,0.01267089885474555
id16646,0.04367350125588378,0.0021196223754107444,0.9542068763687055
id13018,0.0031394730432397827,0.9703462572144175,0.02651426974234266
id15248,0.9266487619096053,0.06121959794588666,0.012131640144507917
id23476,0.027911406032201137,0.7474611638720747,0.22462743009572417
id09208,0.038342049147293625,0.9611946134224102,0.0004633374302961072
id19351,0.9693376484848655,0.024574432354287277,0.0060879191608473465
id02009,0.92314808909756,0.0094615412745257,0.06739036962791435
id00785,0.9542274606340748,0.0014637709054283962,0.04430876846049684
id07975,0.211282373743637,0.198019088405009,0.5906985378513541
id17892,0.025573561528736747,0.8917131678394624,0.08271327063180081
id03299,0.4614830976231309,0.19483789455963296,0.34367900781723615
id15351,0.27570506540278594,0.6102641344511462,0.1140308001460679
id11066,0.8077420313073281,0.18565977765912647,0.006598191033545411
id20485,0.03630277873898589,0.9632920812395351,0.0004051400214788799
id13866,0.9654466220905977,0.02674885581125146,0.007804522098150864
id17335,0.07619741898779045,0.9166937665824092,0.007108814429800339
id15220,0.7359127135321906,0.23027207689088924,0.033815209576920115
id24047,0.9080621796360265,0.09005178113313253,0.0018860392308409414
id15180,0.07527507341953525,0.9063808968100566,0.018344029770408193
id16921,0.16015550565633271,0.004589868424556849,0.8352546259191104
id17207,0.025869327355042927,0.0005816983037802251,0.9735489743411768
id15068,0.12872671479503278,0.04850708097760855,0.8227662042273587
id22013,0.8021860023751353,0.15624307247092464,0.041570925153939925
id11929,0.7255234385477872,0.003743214442585379,0.2707333470096275
id12540,0.06333055990199532,0.9361959963388206,0.0004734437591841607
id12582,0.8192426767332707,0.11683394376324445,0.06392337950348488
id05261,0.36812467674222565,0.56787767302085,0.06399765023692429
id08471,0.9369824035184987,0.04416108618286247,0.01885651029863874
id15209,0.5172452034198446,0.46285827273797514,0.019896523842180377
id01148,0.8388044401660331,0.13609714563676428,0.025098414197202584
id26519,0.007384999454885268,0.014374352780883922,0.9782406477642308
id16510,0.9502284348667648,0.04705187625979006,0.002719688873445183
id03888,0.00852549613873949,0.9326725026877785,0.0588020011734819
id27926,0.9959115646134798,0.0013660425764173549,0.002722392810102878
id05359,0.007072481051055671,0.01848127030635002,0.9744462486425943
id04274,0.8482009505857142,0.09360463365772424,0.05819441575656161
id21013,0.010797290076222238,0.07302173141062737,0.9161809785131504
id11443,0.0032493148700010206,0.09051729897018068,0.9062333861598183
id09956,0.9693165653253333,0.022411085693913514,0.008272348980753245
id03138,0.6760964295307047,0.32120096563604866,0.0027026048332466322
id08516,0.9922709010015281,0.0009695825086876399,0.00675951648978433
id08608,0.000251247563394249,0.0002286503997512719,0.9995201020368545
id04629,0.00020925893083133194,0.001231313969612973,0.9985594270995557
id19808,0.6958679790328722,0.25919631870903276,0.04493570225809506
id16578,0.585820623322295,0.16297864888757335,0.25120072779013175
id04607,0.22848167661943578,0.7386711884462156,0.03284713493434855
id22816,0.002417519513362566,0.9966838066932091,0.0008986737934282371
id27913,0.9217522939787356,0.0438117435807247,0.03443596244053973
id00346,0.00034550595672016226,0.026328272108963432,0.9733262219343165
id02198,0.029758881913629867,0.9126462091977118,0.05759490888865846
id27303,0.9959340954449305,0.0035459371799136685,0.000519967375155817
id07033,0.008882020168423483,0.02436758810849075,0.9667503917230857
id03546,0.021571076286928344,0.04912736924263789,0.9293015544704338
id14709,0.9947949644182321,0.0008039289616661798,0.004401106620101697
id25348,0.9915499525292899,0.004818058536348156,0.0036319889343619616
id19596,0.04052971456833501,0.009220841102484304,0.9502494443291807
id12265,0.16259209089898038,0.005272731022775727,0.8321351780782439
id01054,0.4603201901730148,0.0024137414879213505,0.5372660683390639
id03002,0.002733481162811842,0.00016563920431054903,0.9971008796328776
id25624,0.9658836040801141,0.03284184638356089,0.0012745495363249437
id16202,0.7637606188130471,0.06608139661569107,0.1701579845712619
id08187,0.5570686434081813,0.43397135239657586,0.008960004195242939
id24373,0.18488828212188696,0.40533680361628066,0.40977491426183243
id06415,0.000762252306974417,0.36718718813003787,0.6320505595629878
id09078,0.023550867808422398,0.9710475925904343,0.005401539601143298
id25989,0.8632128632331387,0.00024995870291248803,0.13653717806394888
id05431,0.9345949693870653,0.023464232600796973,0.041940798012137764
id16557,0.00278762806841969,0.9947891953657025,0.002423176565877733
id22749,0.9760063179788985,0.018688747376936127,0.005304934644165355
id00697,0.05056437043301543,0.12527774305448347,0.8241578865125011
id22969,0.9619191244551706,0.026062640819841536,0.012018234724987857
id07440,0.000612307892435237,0.03590924547053558,0.9634784466370292
id19872,0.5037955392961719,0.007208128818098223,0.48899633188572983
id06054,0.9808450405645636,0.008536703098337414,0.010618256337098947
id27862,0.9814026020792161,0.0025527682090318005,0.016044629711752065
id27186,0.5474999266664522,0.43936652078895166,0.013133552544596257
id01617,0.023206765879153456,0.00826018491207694,0.9685330492087697
id11922,0.0023270582270042664,0.9975512940982939,0.00012164767470182368
id15003,0.041497446583482006,0.19567599679937558,0.7628265566171425
id09458,0.020047315204600638,0.0017288819552289162,0.9782238028401704
id03568,0.9426087618579001,0.032697958974973816,0.024693279167126016
id27132,0.7077820419324659,0.2870558054522661,0.005162152615268164
id24204,0.10817239911371215,0.8861156401356741,0.005711960750613721
id24736,0.9553082068232983,0.017450679128342625,0.02724111404835902
id06990,0.00014890044347917812,0.9540320126761982,0.045819086880322706
id24155,0.003175327622654831,0.5842679050201179,0.4125567673572272
id22129,0.0028410137582266523,0.0014661431066525146,0.9956928431351209
id00191,0.047646806832594146,3.584756109107915e-05,0.9523173456063148
id05185,0.6061558237981587,0.002518339716243662,0.3913258364855976
id13399,0.49243004021276593,0.4248719957949188,0.08269796399231541
id20862,0.8619814159177385,0.04563682344076044,0.09238176064150108
id06180,0.9966995004131058,0.0006190547088485849,0.002681444878045485
id27225,0.7838055794233463,0.16752370754947257,0.04867071302718097
id09447,0.0006261899903622553,0.36091775383341024,0.6384560561762275
id18125,0.9995845304143356,6.360190275625498e-05,0.0003518676829081968
id04010,0.00022017890268493311,0.010428561146699069,0.989351259950616
id17932,0.982288922751768,0.0004994568253937206,0.017211620422838175
id17948,0.8927065528282193,7.443512325240452e-06,0.10728600365945544
id18545,0.005826297007915833,0.025705890120683337,0.9684678128714009
id03389,0.8896201589675711,0.028458777634032567,0.08192106339839629
id02487,0.11665264414200484,0.014421084647537651,0.8689262712104575
id04924,0.9855716186460035,0.00374515719249542,0.010683224161501078
id23553,0.028985197662984137,0.0023307718155962825,0.9686840305214196
id16831,0.9301706705789956,0.007115245995526402,0.06271408342547807
id01296,0.990342364302848,0.00934225193799661,0.0003153837591553549
id12033,0.0017742939274518743,0.07251860327347459,0.9257071027990735
id06913,8.199148490506683e-05,0.9410633848628195,0.058854623652275534
id15715,0.0871713226017639,0.7000684636042139,0.21276021379402227
id23432,0.2761516304580421,0.03005416521357921,0.6937942043283787
id01152,0.8043976724933554,0.10221660284638097,0.0933857246602636
id16384,0.15778187695043772,0.5915701338553956,0.25064798919416664
id04060,0.7683972545005319,0.0005597037303743527,0.23104304176909368
id21604,0.9763121524092774,0.02295353201052546,0.0007343155801971655
id11212,0.0005823744596201146,0.00015126768951602375,0.9992663578508639
id26589,0.04456032010676841,0.08276345385295719,0.8726762260402744
id15858,0.9273549884919347,0.06466043681528112,0.007984574692784211
id02814,0.43272039967368875,0.45809456124052256,0.10918503908578876
id18347,0.636618809233531,0.02228035274255454,0.3411008380239144
id02517,0.003998453427149469,0.003345672865715182,0.9926558737071354
id20800,0.9350865776138372,0.021872368989732265,0.04304105339643072
id16428,0.9611209279430472,0.020334773518881008,0.018544298538071873
id23844,0.9975715470117017,0.002130918622503546,0.00029753436579477036
id11149,0.010263167631464653,0.9784938346896115,0.011242997678923894
id12505,0.0015094163724314557,0.9839263054820517,0.01456427814551688
id10850,0.42110126418170035,0.5782693115081282,0.0006294243101715719
id05706,0.8310933367919623,0.001096504934428606,0.16781015827360907
id23216,0.041267500910321005,0.9366840976953066,0.022048401394372377
id16618,0.0003498697754883403,7.194884662555795e-05,0.999578181377886
id04283,0.001118850521179876,0.8566888627180403,0.14219228676077977
id20374,0.0012521168983835875,0.07841829605437864,0.9203295870472378
id07227,0.0008344609874749462,0.9509483169063566,0.04821722210616843
id06396,0.98081157301664,0.013062885860358137,0.006125541123001853
id08884,0.9941302860960859,0.0017212568054821753,0.004148457098431982
id10983,0.9961386781261818,0.0030748142822625895,0.0007865075915555827
id07296,0.1817235322735167,0.8178054037170872,0.00047106400939612227
id17683,0.00324705045811745,0.15023850005115313,0.8465144494907294
id26473,0.006234877560873505,0.00035617481026630924,0.9934089476288602
id06454,0.009649056862456862,9.547526275854054e-05,0.9902554678747846
id19166,0.9712509574280035,5.980361782530383e-05,0.028689238954171078
id08406,0.2422189748114168,0.6077148902287998,0.1500661349597835
id25126,0.0006073336568860095,0.015971357702264568,0.9834213086408494
id27593,0.9741588452998966,0.016842888821418274,0.00899826587868519
id24613,0.009975429941589968,0.0027707066425826745,0.9872538634158273
id26586,0.9832522064716541,0.014347509342080301,0.0024002841862655463
id25719,0.04123908134733664,5.3575463375320354e-05,0.9587073431892881
id05015,0.408312426876561,0.43366831195250083,0.15801926117093826
id01594,0.7931307986559651,0.06193492894222928,0.1449342724018055
id01522,0.0015545907786363086,0.11596091612959608,0.8824844930917676
id06935,0.9866774243883052,0.010929561945810816,0.002393013665883956
id01975,1.4206483071946247e-05,0.0005379563626916019,0.9994478371542364
id20847,0.004933399717511294,0.000204186570526457,0.9948624137119623
id24960,0.0031010800251584873,0.0015942577805256061,0.995304662194316
id27808,0.005782620758748646,0.9812495481571725,0.012967831084078903
id25463,0.9958855407316843,0.0022922809635792475,0.0018221783047364514
id11367,0.3455194158125425,0.09689385142913479,0.5575867327583227
id02273,0.011591230414045185,0.032219115690929216,0.9561896538950256
id02167,0.9950797937956923,0.0003868737145797317,0.004533332489727953
id08352,0.027737626404013997,0.9716306985585894,0.0006316750373965648
id26928,0.005554494371551359,0.9795682736098259,0.014877232018622746
id04224,0.62348642818235,0.3762915279409233,0.00022204387672671358
id00462,0.19204829436000045,0.7978592082745724,0.010092497365427187
id16591,0.005819284979739392,0.9819403371312619,0.012240377888998719
id06982,0.003027380412500856,0.9556373018367926,0.04133531775070661
id24880,0.008068750236838914,0.8254277419915039,0.1665035077716572
id27479,0.007508138834885318,0.022299418416632612,0.9701924427484822
id16556,0.8832603668741521,0.11619962041026793,0.0005400127155800303
id15231,0.018602851135814086,0.006678208209851263,0.9747189406543346
id14694,0.8210513934473426,0.024135170076719448,0.15481343647593784
id01114,0.8558266989005616,0.03826705818083185,0.10590624291860642
id18694,0.37748761592198077,0.31026055449835827,0.31225182957966097
id25551,0.4238724145692366,0.0013614403198293147,0.574766145110934
id23478,0.044700027625382256,0.023348494373690066,0.9319514780009277
id22780,0.6243457895263292,0.3292465524632419,0.04640765801042883
id06602,0.0009324936643215152,0.96810567727928,0.030961829056398556
id05176,0.0003237953832255095,0.9980227259746869,0.0016534786420876269
id15450,0.011124087071973399,0.005214994549712217,0.9836609183783145
id16956,0.0002962060534140896,0.003986435539329695,0.9957173584072562
id23532,0.06727268146894165,0.9238087368704593,0.008918581660599062
id22688,0.04100926378816084,0.00012732594343539558,0.9588634102684037
id12898,0.028582454302526917,0.9539407329904847,0.017476812706988396
id21525,0.9694736880149238,0.014147113280769749,0.01637919870430638
id13576,0.8804292685785872,0.015481681151590517,0.10408905026982235
id07080,0.028279258604677397,0.9400710981683094,0.031649643227013344
id25397,0.9790240840322237,0.020658030364922503,0.000317885602853823
id08383,0.8609157736213098,0.10095514424581893,0.03812908213287127
id08285,0.8921260339279048,0.0027762047057596304,0.10509776136633557
id10323,0.14352360429920585,0.017550363884703442,0.8389260318160907
id10441,0.012827914071208864,0.9808424586126839,0.006329627316107151
id26298,0.3516557411115601,0.00012433195831241752,0.6482199269301275
id13531,0.5203666581627231,0.47344696794253727,0.006186373894739725
id03191,0.9829047554151459,0.014934098464335167,0.0021611461205189946
id19771,0.000507223026263968,0.9972119607758538,0.0022808161978822034
id03275,0.9959439862648778,0.002910507886547235,0.00114550584857499
id11616,0.039365209391404206,0.0992802286606858,0.86135456194791
id03117,0.010069034593988155,0.9690787113816893,0.02085225402432251
id08054,0.016732364715281042,0.001529061093250498,0.9817385741914684
id15303,0.03375167220904264,0.7194035690903071,0.2468447587006502
id02470,0.09185046173152596,0.049457394771331105,0.858692143497143
id01452,0.004570841328333239,0.0324942890775065,0.9629348695941603
id11934,0.0005838583250739719,0.9864220543697769,0.01299408730514912
id00258,0.02243476092820759,0.7055569465993233,0.27200829247246905
id27905,0.19555775659606908,0.4216264724974719,0.3828157709064591
id23897,0.10359476240953916,0.8914001946606159,0.005005042929844926
id02334,0.0017127093528663925,0.9972248659076166,0.0010624247395170426
id07638,0.9860373817697874,0.010343222591596927,0.0036193956386157246
id13181,0.6960847864015107,0.14336661034839845,0.16054860325009082
id01284,0.9946373241971749,0.0014141242811516314,0.003948551521673566
id27402,0.9805235506628536,0.0001752224689575199,0.019301226868188862
id14742,0.0012123488099426375,0.0005450970800156052,0.9982425541100418
id12370,0.49916874737874745,0.02381004069348359,0.47702121192776886
id19048,0.9911991691167313,0.0038749139955924863,0.004925916887676222
id08388,0.0010155057798127978,0.007833212613471746,0.9911512816067155
id19205,0.9348236798470073,0.06214016218817815,0.0030361579648144005
id04851,0.05297630254553541,0.00307488462039682,0.9439488128340678
id16478,0.401122522942786,0.5948953844878443,0.003982092569369771
id06806,0.01526989117129812,0.9830163558718599,0.0017137529568420644
id13659,0.024446772989776308,0.7503020214404393,0.2252512055697845
id09861,0.5397641959871237,0.45947008893840485,0.000765715074471486
id05986,6.280789758659508e-05,0.999586487521679,0.0003507045807343021
id15844,0.06863530770054485,0.9080704985779607,0.023294193721494445
id05900,0.9372823501055139,0.02804558432769059,0.03467206556679564
id20409,0.8417011467897356,0.15753016849065632,0.0007686847196079335
id08751,0.12913829625350576,0.8359818019289211,0.03487990181757319
id22617,0.24001539813193873,0.014519437636730293,0.745465164231331
id13064,0.07143668950552169,0.009110247875043598,0.9194530626194347
id14506,0.013414172850959777,0.06791690880980439,0.9186689183392358
id05783,0.058861486370146356,0.039732621259114885,0.9014058923707388
id23139,0.0003026756631609335,1.5401539179649388e-05,0.9996819227976594
id04770,0.9972490288628173,0.00023723353094073693,0.002513737606242048
id11775,0.9934302441295952,0.0009062613527985041,0.005663494517606244
id12936,0.0019660091029093415,0.024087390998147516,0.9739465998989432
id20522,0.1882541639506339,0.7763124885153451,0.03543334753402083
id22929,0.9851313741372218,0.009345951438139145,0.0055226744246390765
id11357,0.8052120795362047,0.0008676090937440145,0.1939203113700513
id10028,0.0004478080245346976,0.9989422101153598,0.0006099818601055108
id10617,0.21872920153889877,0.008636783340265465,0.7726340151208357
id23988,0.9998763356710951,0.00011621745960628896,7.446869298563797e-06
id20434,0.4788432669462626,0.038190136919671956,0.48296659613406556
id06611,9.685802597943707e-06,0.0009087552439041253,0.9990815589534979
id18405,0.707781166646188,0.190363782684019,0.10185505066979308
id27427,0.8223213059763148,0.09785572912675464,0.07982296489693053
id16168,0.4044417213368813,0.5939924463530569,0.0015658323100618747
id02139,0.9478690098574146,0.039658174395235585,0.012472815747349838
id18654,0.020930690949858898,0.955610080549549,0.023459228500592157
id24598,0.846903902716021,0.07543551096477272,0.07766058631920636
id23360,0.014088316901075098,0.9856435165618035,0.00026816653712130855
id06220,0.04424065721595365,0.9411872759013143,0.014572066882732042
id26411,0.7224743687213744,0.2696230995210146,0.007902531757611034
id27660,0.9723748611741619,0.006594427624900976,0.021030711200937233
id07192,0.03635362262760215,0.04707180523794221,0.9165745721344556
id18074,0.02613415115173373,0.0013780878068851408,0.9724877610413811
id11784,0.26007108811196805,0.7326099883489379,0.007318923539094034
id04810,0.0053580879512356945,0.0071581769937433095,0.987483735055021
id01716,0.9311015220789628,0.048664151243078546,0.0202343266779587
id27584,0.8959343033788102,0.059154639366174794,0.044911057255014895
id25409,0.06654055999914914,0.0038726185094549764,0.9295868214913959
id06430,0.8332468895288487,0.03738044370848222,0.12937266676266893
id11135,0.9506185761564978,0.04923561151423728,0.00014581232926485043
id27712,0.1708516943020851,0.0011283803869694144,0.8280199253109455
id27233,0.7056043289406426,0.2915117346331725,0.0028839364261849013
id13522,0.6710182008557772,0.2606339032448357,0.06834789589938722
id11625,1.6157095360640436e-05,2.541623417527078e-05,0.9999584266704642
id03246,0.3168501453364217,0.6676047919672313,0.015545062696346937
id05341,0.7952257462391664,0.20046737136520862,0.004306882395625084
id22061,0.0018375352994580263,0.0007653866399637611,0.9973970780605782
id03170,0.8485567828240606,0.14938937342931435,0.002053843746625077
id09768,0.012674667976506166,0.06561033244687978,0.9217149995766141
id20721,0.5498152203170104,0.11571236046847036,0.33447241921451937
id14854,0.9236668825595638,0.06822988070700592,0.008103236733430377
id01123,0.9845702292724019,0.006088135822427081,0.009341634905171082
id00842,0.9437432369849613,0.003981101776789173,0.05227566123824951
id11035,0.6318758705002001,0.016014482689735668,0.3521096468100643
id19301,0.001463976719163423,0.9968186944297345,0.0017173288511020408
id06409,0.01569550003354908,0.5884067883906631,0.3958977115757879
id09883,0.9766919698629015,0.019694678482240317,0.0036133516548582387
id04218,0.12746970088220508,0.41334037142583513,0.45918992769195993
id25171,0.01688566868841227,0.002578509641274056,0.9805358216703137
id13394,0.08424767012144609,0.02562366733280927,0.8901286625457446
id14322,0.9985661814726506,0.00038537786878441703,0.0010484406585648
id17623,4.156295651254872e-05,7.010674468739161e-05,0.9998883302988001
id16980,0.9065006949203002,0.09328654778152544,0.00021275729817428805
id22634,0.009133421553736197,0.01783814487217932,0.9730284335740845
id03773,0.8321781228468694,0.14472380459064196,0.023098072562488456
id20243,0.0009928260514840159,0.9023667452102697,0.09664042873824635
id12135,0.11042021537716026,0.8884231737160421,0.0011566109067977987
id11727,0.9294501902920507,0.067553358654562,0.0029964510533873525
id06460,0.9127087197454415,0.08059966267482768,0.006691617579730793
id23515,0.8520116864242785,0.09054802140007949,0.05744029217564205
id16908,0.005137136052319106,0.10861431439081122,0.8862485495568697
id10641,0.8968492876594978,0.013286189061733258,0.08986452327876901
id22637,0.01580517793413545,0.010448972476439639,0.973745849589425
id19724,0.9020080782058214,0.09753727828067281,0.00045464351350582035
id12295,0.1642088918093894,0.828145659270793,0.007645448919817683
id18977,0.06889618119487724,0.07499696527833255,0.8561068535267902
id27456,0.8630083606122831,0.1328831656664151,0.004108473721301903
id02223,0.9683921370424241,0.024511155907842655,0.0070967070497332165
id06374,0.05351751583753947,0.05418972800768548,0.8922927561547751
id13746,0.030064044780349117,0.04352895918579957,0.9264069960338513
id24107,0.004278628553847837,0.0007146460961546678,0.9950067253499975
id09075,0.025684151014793717,0.0012121073328356304,0.9731037416523707
id06741,0.7200592889311391,0.0017555426888778392,0.278185168379983
id25474,0.76894680569738,0.024587397489560143,0.2064657968130598
id02497,0.991797462343857,0.0003977545420136924,0.007804783114129225
id21878,0.9936987556286504,0.0005887487366206417,0.005712495634728986
id23199,0.09030425417451642,0.07301769004055413,0.8366780557849295
id12018,0.9956307974030559,0.0008817653317895245,0.003487437265154574
id20722,0.34934663719205,0.0004342498047707752,0.6502191130031794
id05372,0.01890618566193525,0.9802466527611572,0.0008471615769075977
id07964,0.7126435339458496,0.03516782228970639,0.252188643764444
id02393,0.06853454603484833,0.037952617884043756,0.8935128360811079
id10923,0.2198973747168221,0.017919941916138115,0.7621826833670396
id01260,0.8543196167061791,0.08349516718656823,0.06218521610725268
id09037,0.04662917208212273,0.002440434053042581,0.9509303938648347
id01477,0.6829248477859234,0.003347471174581261,0.3137276810394954
id11164,0.99721077862116,0.0012672761908883135,0.001521945187951667
id20313,0.9457655779762156,0.0016033029915571628,0.052631119032227176
id20067,2.5241236757621176e-05,0.0011096264680913789,0.9988651322951511
id17248,0.969229530607799,0.0003943806180983292,0.03037608877410262
id24557,0.006772645776058202,8.346011079710653e-05,0.9931438941131447
id26745,0.7954883963557032,0.002775138356875105,0.20173646528742148
id16759,0.13795783858464064,0.011937167628936264,0.8501049937864231
id22382,0.9656763981522895,0.006755008899729673,0.02756859294798078
id18404,0.44353675508096096,3.353400428114983e-05,0.5564297109147579
id23761,0.0015037249025113535,0.000673630937130826,0.9978226441603579
id00511,0.017484643787996045,0.981636560707087,0.0008787955049167832
id15560,0.8757027190297421,0.10992009192683398,0.01437718904342396
id04834,0.9506468716516819,7.612129145966669e-06,0.049345516219172006
id26796,0.7206857288315949,0.27049912054807157,0.00881515062033359
id14809,0.0003007345614674417,7.878614301865921e-05,0.9996204792955139
id15091,0.7473382310249967,0.009089986552879192,0.24357178242212407
id14861,0.09124205712437461,0.8020500645467136,0.10670787832891185
id21193,0.028115497076008897,0.7104234500709785,0.2614610528530126
id20331,0.03178997199260855,0.9663085726595488,0.0019014553478424764
id17847,1.3061812557545777e-05,0.9989420430073362,0.0010448951801061061
id00795,0.991739842913882,0.0040663338255955426,0.004193823260522572
id22651,0.993608519448986,0.001817462838445894,0.004574017712568203
id22803,0.9893817044389701,0.006691739439761352,0.0039265561212685485
id01714,0.9965531948628243,0.001655181884672853,0.0017916232525028157
id05350,0.007205669482901485,0.03736208466742142,0.9554322458496771
id08674,0.9661665568458196,0.033646255524139294,0.00018718763004099042
id04427,0.18837056598338314,0.7965068608761705,0.015122573140446413
id17815,0.00040894932347274986,0.999555076914341,3.5973762186265236e-05
id22270,0.8683197383334273,0.10864013104077662,0.023040130625796018
id11183,0.18867290203931544,0.010023879943812907,0.8013032180168717
id00326,0.7485814678086282,0.02486642970746852,0.2265521024839032
id00382,0.979633716746727,0.01990890695485083,0.0004573762984222742
id11557,0.02138077976286531,0.004705811757189411,0.9739134084799452
id20271,0.9624004657136023,0.01905164982951075,0.018547884456886956
id05133,0.9806305976967854,0.0006028765090136423,0.018766525794200958
id14597,0.0485150561773323,0.9490956498826504,0.002389293940017335
id21411,0.021510021714819378,0.9658704459708457,0.012619532314334861
id15375,0.4850642850508911,0.0034082638260479045,0.5115274511230611
id10172,0.00029692019071607216,0.0001535332038888403,0.9995495466053951
id13524,0.9363963993406066,0.006713689988961089,0.05688991067043242
id26331,0.938184722987067,0.018664988457773417,0.043150288555159594
id20167,0.12867533082030658,0.002203151599931158,0.8691215175797623
id03249,0.20345171302525344,0.7960832532486857,0.00046503372606090064
id15839,0.9877376293040635,0.001552575608276868,0.010709795087659704
id27200,0.012385659978235338,0.9664798852192606,0.021134454802504088
id15847,0.002898735238954497,0.0009249657296302277,0.9961762990314152
id07249,0.10128807438230772,0.8615751630520683,0.03713676256562407
id19494,0.9701588452517516,0.025208198224479873,0.0046329565237685465
id01388,0.013654543134297977,0.9375934503529303,0.04875200651277183
id22045,0.006153541582506159,0.005944079342553941,0.9879023790749399
id09111,0.9527657504747502,0.026313452592941603,0.020920796932308177
id04011,0.004028629097403795,0.6764764568405836,0.31949491406201275
id26410,3.577823033520411e-06,0.9940378222689582,0.005958599908008206
id19614,0.5279854055608141,0.20225919099344822,0.26975540344573773
id10183,0.006090694434639323,0.989358847489937,0.004550458075423711
id20388,0.0006745993036463159,0.0022817705124419355,0.9970436301839118
id16498,0.9920860413945695,0.007774035144572773,0.00013992346085786868
id18488,7.38107282600903e-05,0.011144931662694408,0.9887812576090454
id11018,0.07427880626078974,0.8686870860425988,0.05703410769661147
id16185,0.9342657717030797,0.060845158779313006,0.004889069517607218
id23501,0.11086274445424167,0.8670897651649723,0.02204749038078596
id02837,0.24162623142303363,3.428284086166859e-05,0.7583394857361047
id05544,0.9021552040255857,0.005732290956951432,0.09211250501746289
id22784,0.610829709836347,0.13754909197831502,0.25162119818533796
id15404,0.01479361221128897,0.0031329953307237,0.9820733924579874
id13010,0.6434709425558338,0.3235673158190547,0.03296174162511164
id22169,0.011112361579035704,0.9499393740915172,0.03894826432944704
id16438,0.0009090088180938804,0.07688074110603346,0.9222102500758727
id20464,0.6141995803120522,0.3605714157269851,0.025229003960962625
id26306,0.9872705458308437,0.00041935215637259587,0.012310102012783722
id15995,0.6654073618303153,0.25080322915076775,0.0837894090189169
id26068,0.890141870635127,0.008023245996440689,0.1018348833684324
id19348,0.08661757690930312,0.749595750477934,0.16378667261276292
id04196,0.02669046294956621,0.9729910739426896,0.00031846310774416006
id13002,0.3335608069875737,0.651363533351747,0.015075659660679345
id25650,0.5713820987323328,0.3494260044974719,0.0791918967701953
id17598,0.00739410876527094,0.9902824096968803,0.0023234815378488202
id10079,0.14162772191746023,0.8355955012220554,0.022776776860484495
id10094,0.006130520520584543,0.232382700726677,0.7614867787527385
id05918,0.8859485145361183,0.047445472290454725,0.06660601317342701
id18747,0.9642239456030756,0.031404607304442396,0.004371447092482104
id15571,0.024941370535197793,0.9599159508397848,0.015142678625017484
id16113,0.7798294333525886,0.0476590034142805,0.17251156323313083
id02316,0.6226306067334956,0.008641331520701727,0.3687280617458027
id09545,0.7883723551808128,0.09769297756250768,0.11393466725667949
id13878,0.6893142823678312,0.0013710003502449063,0.30931471728192383
id07476,0.8102767647118851,0.11752534330124818,0.07219789198686673
id20103,0.6179051099818671,0.033685957520222944,0.34840893249790994
id27367,0.5174213890732243,0.22500355848247222,0.25757505244430345
id25668,0.01658737028046277,0.001720555265462585,0.9816920744540747
id09680,0.9984514638878291,0.000224315009437919,0.0013242211027330222
id00500,0.10281761181838538,0.8663516457364369,0.030830742445177764
id06110,0.8157082273276701,0.004128366937144102,0.18016340573518577
id15804,0.04231970392607643,0.9574241046356687,0.0002561914382549161
id03223,0.06690017825701738,0.9274223131435386,0.00567750859944402
id02039,0.035101933290853836,0.9526083930217168,0.01228967368742927
id09795,0.0004205200674562158,0.00026882633736734533,0.9993106535951765
id10808,0.008232220767447597,0.012497188750616839,0.9792705904819357
id10134,0.001980547510266482,0.9164253483924939,0.08159410409723969
id14361,0.019015534696533713,0.15067744614948317,0.8303070191539832
id15881,0.11351804613341901,0.011530422310664007,0.874951531555917
id27120,0.029666951776048712,0.014186012745609126,0.9561470354783421
id09860,0.21005868085303314,0.0528094379440675,0.7371318812028993
id11959,0.0010113441311099302,0.8271074269039349,0.17188122896495522
id25770,0.00011829403145453515,0.9984559769812009,0.0014257289873445304
id24364,0.09420889485056945,0.9038563586872257,0.0019347464622048614
id22944,0.9998232141682155,4.853722914857899e-05,0.0001282486026360067
id04345,0.9893668822723222,0.00958505848495887,0.0010480592427190368
id05127,0.723628005931206,0.0010870539222019163,0.2752849401465921
id01779,0.009894390400501045,0.0007054264483575768,0.9894001831511414
id05559,0.9880310879018243,0.010146279829318188,0.0018226322688575625
id14474,0.9993138530224549,0.0005533020033279491,0.00013284497421712732
id13283,0.9416671348995129,0.04734568801038101,0.010987177090105925
id03301,0.16460940669409319,0.5514089095654396,0.2839816837404673
id16939,0.00034241386750600276,0.9984766353791013,0.0011809507533927068
id01166,0.019288677836753518,0.8139870325174628,0.16672428964578376
id16766,0.8742630434737338,4.675011303993303e-05,0.12569020641322626
id04338,0.9308284818444166,0.034519012190841,0.0346525059647424
id12731,0.998948891071301,6.411103673929282e-05,0.0009869978919596993
id08988,0.27263858784728096,0.7272522205939922,0.00010919155872677088
id08236,0.0026358282381366734,0.9920480159270162,0.005316155834847174
id03309,0.7349606686818794,0.2038365940072385,0.06120273731088207
id16458,0.8624933170410547,0.12953718331972353,0.007969499639221845
id02442,0.934001235901567,0.03446031988019952,0.031538444218233444
id25767,0.0031390475818334047,0.0055463521755116,0.9913146002426549
id17357,0.2809591720560882,0.6988700667659948,0.020170761177917048
id08627,0.15288887980717475,0.01938447138006655,0.8277266488127587
id19488,0.91106194487559,0.00039466922621252424,0.08854338589819734
id18345,0.04992921696050967,0.23432090095244895,0.7157498820870414
id10661,0.8476555355129252,0.009125849746745768,0.1432186147403291
id01713,0.0218399607798837,0.9756031229027764,0.002556916317339956
id26237,0.6937869012827121,0.30620330945435115,9.789262936737439e-06
id08062,0.7223673424187789,0.1366604272736425,0.14097223030757863
id01497,0.004044624013805751,0.98639238541359,0.009562990572604192
id07590,0.9988131996210193,0.0009533750428028589,0.00023342533617772836
id06299,0.1257508930421173,0.06332804984723142,0.8109210571106513
id02770,0.1250808017963442,0.01591796744725561,0.8590012307564002
id19197,0.013276519779798395,0.03863378783199996,0.9480896923882017
id16572,0.9413606559671273,0.003581521855269091,0.05505782217760374
id04518,0.026112174064998453,0.9697300099942359,0.004157815940765691
id09316,0.7666598751732898,0.2325218247814617,0.0008183000452484824
id17533,0.000903904878818756,0.05069679115121074,0.9483993039699704
id13494,0.02456405766834553,0.01335685870280665,0.9620790836288479
id10024,0.870661870719649,0.1288561126499706,0.00048201663038052495
id19896,0.8571244316473415,0.13653261324191673,0.0063429551107416935
id10956,0.9668253748113779,0.03264120906598402,0.0005334161226382123
id08458,0.08506978788403274,0.8544574168044748,0.06047279531149238
id09066,0.7537755571867403,0.002415275931463512,0.24380916688179627
id26608,0.1845182124689127,0.001036901470419799,0.8144448860606676
id20977,0.18639963587804578,0.10542011979745612,0.7081802443244981
id21587,0.04973578547326447,0.11319708249981364,0.8370671320269218
id19928,0.46213977104766946,0.008049485831596032,0.5298107431207345
id19077,0.0011551374847018608,0.9851064612939582,0.013738401221339952
id06865,0.04698744222987488,0.010023098800052501,0.9429894589700727
id15224,7.170439312370979e-05,0.0005385420194120742,0.9993897535874642
id09036,0.03196868032961775,0.9482156295130796,0.019815690157302703
id04885,0.9083668143185484,0.09148827038653098,0.00014491529492074285
id06619,0.011923072368194643,0.9848827670970943,0.00319416053471103
id20211,0.0009145917584506007,0.9935673170868653,0.005518091154684097
id23985,0.41104844348515396,0.01812456099589845,0.5708269955189476
id17048,0.9929952842103993,0.0020826494483449976,0.0049220663412557625
id11272,0.8045011739864946,0.0008308939479661155,0.19466793206553934
id16998,0.03585783279757229,0.06595097293332848,0.8981911942690993
id16506,0.20526434513400776,0.06964119325171983,0.7250944616142724
id11558,0.3204775341121315,0.0503423588829344,0.6291801070049341
id04913,0.12315033801434677,0.00010987678095307406,0.8767397852047002
id10308,0.014283701453397947,0.02221359079571369,0.9635027077508883
id15956,1.5682306293232663e-05,0.00011447957791695242,0.9998698381157899
id21350,0.03196410317511123,0.8757040096800623,0.09233188714482637
id09246,0.988598719259216,0.008428529143536107,0.002972751597247927
id00753,0.7899876501777114,0.12944857826298975,0.08056377155929884
id08101,0.4946396968591339,0.4751643729614735,0.03019593017939265
id26853,0.004699226968968996,0.991611503822275,0.0036892692087560595
id22044,0.0016180566001064334,0.998081662414266,0.00030028098562766026
id27234,0.7430821841436233,6.456653721649318e-05,0.2568532493191602
id18357,0.1288617552653842,0.8706053243268538,0.00053292040776198
id24187,0.957410049816229,0.0058645414030942256,0.03672540878067677
id23934,0.1323985547130605,0.04334358843344339,0.8242578568534962
id21378,0.00542638478399056,0.9924789966005599,0.002094618615449526
id12777,0.09139984616492786,0.8943985641426152,0.014201589692456988
id11493,0.0005137894061818415,9.286354673668469e-05,0.9993933470470815
id12824,0.24083786901743523,0.09947204307720804,0.6596900879053567
id22565,0.02727303582796289,0.9724770610775978,0.00024990309443929893
id02996,0.04078005057772594,0.07892296010970151,0.8802969893125725
id26154,0.09641555636432234,0.777919889106286,0.1256645545293918
id22710,0.044721541194446615,0.954564857017932,0.0007136017876213954
id19389,0.6056209511488082,0.3459876752186202,0.04839137363257168
id19539,0.14055977417353183,0.001328364372170709,0.8581118614542974
id17345,0.784686068090597,0.18447703769287244,0.030836894216530627
id16938,0.9622902402273628,0.006099766944727353,0.031609992827909876
id05670,0.9848603062907687,0.014192156797318447,0.0009475369119128103
id12991,0.5276220174086801,0.19375036078711014,0.2786276218042098
id26819,0.0009262801137643668,0.9912405178670272,0.007833202019208455
id02679,0.43472781732127735,0.04085277669525892,0.5244194059834637
id11334,0.7945295077408676,0.09634720024817497,0.10912329201095758
id18553,0.7928342498253752,0.16861942536400928,0.03854632481061546
id27899,0.8147897432674068,0.18077266383482152,0.004437592897771463
id20569,0.0018126034548065315,0.9812702523175612,0.016917144227632346
id00759,0.001320631343740298,0.9981689235873391,0.0005104450689206935
id13013,0.9907723149027564,0.002244013502806933,0.006983671594436669
id06798,0.9809910934585488,0.017477143767740417,0.001531762773710785
id04524,0.0245814639443946,0.8126163640068154,0.16280217204879002
id19026,0.7575953004805713,0.0329872953364447,0.20941740418298388
id17376,0.0036212270523693544,0.006848391742351803,0.9895303812052788
id21794,0.002051193605021736,0.03059089797615585,0.9673579084188224
id22720,0.06282441142142581,0.016805295490228588,0.9203702930883455
id26054,0.018569115179750743,0.00765596885624309,0.9737749159640062
id01050,0.017721803270531758,0.9051678731718751,0.07711032355759317
id11917,0.9778278469034588,0.0031080236931201773,0.019064129403421014
id12706,0.9540391502291601,0.031985518765747,0.013975331005092939
id18796,0.025941635713375953,0.10769860558015254,0.8663597587064715
id10096,6.924376097181634e-05,5.432893082893742e-05,0.9998764273081993
id27514,0.05595082843157505,0.7561994278040524,0.18784974376437258
id22130,0.8538810286088064,0.04530120490277291,0.10081776648842064
id23378,0.9871881527613237,0.0007881930845186334,0.0120236541541577
id27306,0.9812658326626579,0.017328160810499788,0.0014060065268423347
id25914,0.17449890582808283,0.12452357590850047,0.7009775182634167
id05461,0.9919713324985684,0.00650425227419747,0.0015244152272341775
id24782,0.981800276850236,0.012269248662239924,0.005930474487524112
id11890,0.00752247808640833,0.971622480108271,0.02085504180532063
id23405,0.00010300854018683344,0.001686272809644498,0.9982107186501686
id15919,0.0015579980599637513,0.8822379816871088,0.11620402025292755
id08430,0.9125846511965833,0.0025468207782395487,0.08486852802517725
id16328,0.027833363151483496,0.13513420334423726,0.8370324335042792
id16599,0.9857880352391495,0.009605142791703254,0.004606821969147247
id25407,0.016124243589917934,0.7672039244517168,0.21667183195836529
id10786,0.9231377836457796,0.0001779660956648312,0.07668425025855566
id08935,0.9720164943522973,0.019702996285240026,0.008280509362462664
id24742,0.9997941974918658,0.00018816208316316512,1.764042497097343e-05
id15921,0.9581328541862429,0.029622322136201366,0.01224482367755566
id21816,0.023036870034383417,0.0007361939251354593,0.9762269360404812
id06235,0.0872698771692939,0.8714524705607586,0.04127765226994756
id00527,0.32954232330604866,0.5716546136572854,0.0988030630366659
id17349,0.0006959644035081841,0.02629414316015247,0.9730098924363394
id05356,0.9834141487687363,0.0059972870194387375,0.010588564211824962
id13287,0.06327069736708564,0.6551687748195459,0.28156052781336843
id09044,0.9120741707931234,0.06510003725583113,0.022825791951045473
id09374,0.1841301033245952,0.7634372150141304,0.05243268166127449
id25625,0.9228565212326151,0.07557671279318265,0.0015667659742022934
id03201,0.022591450394831066,0.6615805874810177,0.3158279621241513
id02709,0.9876542469393024,0.011664887978229697,0.0006808650824678959
id08914,0.665787496259728,0.005290772602143074,0.328921731138129
id15753,0.7950637826678528,0.003882879247125372,0.20105333808502168
id20125,0.40576759698834164,0.4343254737746565,0.1599069292370019
id20784,0.9481305155170239,0.04860450004384819,0.003264984439127875
id26248,0.2692055207220145,0.000993376085843294,0.7298011031921423
id10016,0.16722242746840105,0.11940099147124573,0.7133765810603533
id18793,0.9422919762283947,0.001309687683469682,0.05639833608813559
id04562,0.4220273248038748,0.571515966109883,0.00645670908624209
id25106,0.00855825141059957,0.00011817387099164814,0.9913235747184087
id00536,0.9932771277444639,0.00666472362130427,5.814863423183314e-05
id01946,0.6091814654012994,0.0005305979151649372,0.3902879366835356
id18369,0.13012890349915382,0.8446370130306934,0.025234083470152737
id07345,0.010941388236543998,0.9849336083432946,0.004125003420161424
id27752,0.8941408561208721,0.0009639530455919496,0.10489519083353598
id21463,0.051282255685805106,0.9315695620302475,0.017148182283947426
id18922,0.21233294495414357,0.01913607502971917,0.7685309800161373
id17166,0.063924501724803,0.9356913220395849,0.00038417623561204996
id07458,0.05959634913789235,0.9389862448719463,0.0014174059901613733
id01801,0.02990218712078379,0.05683123211679674,0.9132665807624195
id10529,0.996029112994711,0.0033480248026429675,0.0006228622026460861
id08774,0.044681568958141106,0.9331918931613433,0.022126537880515582
id22292,0.048745970232747765,0.002661513253954179,0.948592516513298
id14044,0.9868452512476797,0.012675169429381804,0.00047957932293843136
id20234,0.21549720115400475,0.7843280036980749,0.0001747951479204651
id26960,0.9979957854582263,9.117311865630832e-05,0.0019130414231174086
id20809,0.010586144061721462,0.8829234410716766,0.1064904148666019
id20365,0.9518752338726358,0.04150042505045165,0.006624341076912557
id09182,0.9795631238189813,0.010516959865227448,0.00991991631579126
id27671,0.7683883662981473,0.04817789296007733,0.18343374074177526
id26438,0.5387321650246523,0.45151795033492903,0.009749884640418779
id22712,0.4389885794723351,0.5548986649425312,0.006112755585133714
id13988,0.09196115865334707,0.0006154641250718326,0.9074233772215812
id01727,0.9805908158538802,0.0001978540545543522,0.019211330091565483
id27147,0.8849409334319356,0.016410250263745946,0.0986488163043185
id23213,0.036337199401838875,0.9392372284564998,0.024425572141661328
id21969,0.002428870245244147,0.2792087016532978,0.7183624281014581
id12062,0.9919627646931217,0.00796518264089646,7.205266598193295e-05
id26579,0.2256158904535067,0.655870473808457,0.1185136357380364
id20568,0.1619525180215281,0.618967908836201,0.21907957314227097
id04399,0.5026989964537881,0.02267581539274751,0.47462518815346444
id26756,0.0027772673174493927,0.9948496710850689,0.0023730615974815856
id04580,0.0037317456190660383,0.17991291196398385,0.8163553424169502
id16349,0.6757442604976945,0.09218939455089548,0.23206634495140993
id23583,0.009889558443195263,0.974865884585488,0.01524455697131676
id14643,0.9723892958474366,0.006174882162342749,0.021435821990220608
id22604,0.38600782147592544,0.4331593301939156,0.18083284833015892
id25973,0.0005021769983138038,0.9992200361330916,0.0002777868685946106
id07553,0.28256299643890415,0.3496718069345351,0.3677651966265608
id05614,0.024782373111730656,0.4562955238275832,0.5189221030606861
id15320,0.13208762735921117,0.0012589019902085148,0.8666534706505804
id01016,0.3685952459446002,0.04541546543124465,0.5859892886241552
id11463,0.005692653331189322,0.9940444452666464,0.00026290140216437814
id18655,0.09813976774845047,0.90175786606512,0.00010236618642959883
id22527,3.4404520025379886e-05,0.0010569698119502046,0.9989086256680244
id05458,0.07005091327976665,0.9299199207368709,2.9165983362431122e-05
id08802,0.1766581060639822,0.012087124317585277,0.8112547696184326
id11573,0.19503454570322615,0.06863034030065723,0.7363351139961166
id16935,0.022193667165107702,0.06037468490620989,0.9174316479286825
id27417,0.005796990284833973,0.00167878861062074,0.9925242211045453
id27781,0.9879679815015591,0.003938545534385665,0.008093472964055309
id21873,0.9699522972651059,0.0004795028302098725,0.029568199904684078
id20624,0.00014676685395118545,0.008767203454019792,0.991086029692029
id19660,0.00010918529584070197,0.9722560922048763,0.027634722499282983
id03783,0.9802134152069725,0.0011633278489369453,0.018623256944090654
id22172,0.03383676772097194,0.7471543535133626,0.2190088787656655
id20709,0.984540993495287,0.010132420614084927,0.0053265858906280635
id12524,0.7193556419963654,0.2684560104332559,0.01218834757037882
id27650,0.0007099265595241196,0.995550124478887,0.003739948961589011
id09501,0.013694521209772235,0.9430082886311774,0.043297190159050425
id20840,0.12909447422848813,0.7982355282983872,0.07266999747312479
id09960,0.00018079529074440103,4.2367379669085954e-05,0.9997768373295866
id13916,0.010140308561994263,0.00029517040460982886,0.989564521033396
id00249,0.0010302066402290992,0.0059209045960625945,0.9930488887637083
id02540,0.995918118316762,0.0030480992042398176,0.001033782478998004
id23326,0.005243751736852147,0.00022838365050591554,0.994527864612642
id14632,0.8028929226095488,0.031145844741798368,0.16596123264865292
id25512,0.00013669374866331563,0.025238344003326856,0.9746249622480099
id10628,0.9917359786797846,0.008176316402329685,8.770491788580245e-05
id08490,0.000956663789888817,0.9898481727724434,0.00919516343766785
id09084,0.9919883775444578,0.0066397200992816055,0.0013719023562606364
id27553,0.0011288671483018875,0.9881533145722905,0.010717818279407612
id20930,0.0186052513998198,0.9795384028283685,0.0018563457718117375
id21337,0.7619420454070899,0.1333984304349007,0.1046595241580095
id25537,0.02323153201601975,0.0301172324778632,0.946651235506117
id27349,0.49252999002151293,0.03871638685278721,0.46875362312569985
id25655,0.05112660842890323,0.8947364262733439,0.05413696529775282
id26464,0.5804825022492857,0.41929105885792817,0.00022643889278617756
id00599,0.7453546875995022,1.5231731467751304e-07,0.25464516008318316
id06964,0.24818153232893111,0.7295133907064026,0.022305076964666343
id21875,0.8268844120283652,0.15941310462922112,0.013702483342413724
id27488,0.8289762348970345,0.14655261316865295,0.02447115193431247
id07980,0.0008955888090001939,0.04185652675520958,0.9572478844357902
id12995,0.06434516899836057,0.0016510846889952215,0.9340037463126443
id08094,0.020279219484458898,0.4084836491243318,0.5712371313912092
id02134,0.5523521951857728,0.16288665450527665,0.28476115030895055
id14311,0.635614907859582,0.22169274971974023,0.1426923424206779
id06514,0.9906229178863903,0.006091405223406532,0.0032856768902030653
id19775,0.0006463292484986655,0.0007147664219726381,0.9986389043295287
id18618,0.01921054502785522,0.9495226964105498,0.031266758561595026
id26593,0.9822614397305289,0.0051291887158392705,0.012609371553631891
id11975,0.1572882977635415,0.819122031589079,0.02358967064737946
id07853,6.608647620673838e-05,3.078433285074781e-05,0.9999031291909425
id16848,0.9759998540422091,0.015739944183615268,0.008260201774175609
id11595,0.00019010617597741325,0.996834116079062,0.002975777744960649
id24777,0.1512962856452827,0.32458881729050415,0.5241148970642131
id07824,0.9969347362754297,0.0030060515204184146,5.921220415183968e-05
id23007,0.015437431176207897,0.008038941279989035,0.9765236275438031
id04805,0.0008869767598553,0.18933700302116951,0.8097760202189752
id00504,0.8375502578510186,0.12129646086283605,0.04115328128614546
id24331,0.00016130076402052162,0.9151745998541024,0.08466409938187706
id03914,0.0001207431881722805,0.0005914390773343006,0.9992878177344934
id16299,0.9949233041949432,0.005022612906632899,5.408289842391343e-05
id05565,0.9565766052491063,0.008629932042008693,0.03479346270888505
id27934,0.11698571238204121,0.7433487357205832,0.13966555189737548
id17027,0.9964932759273966,0.0014440635198663112,0.0020626605527371304
id02785,0.8987776669242368,0.06935183072008232,0.03187050235568085
id16094,0.5568500371140361,0.43668603271744794,0.006463930168515949
id22435,0.00857820867562491,0.006119790893684217,0.9853020004306909
id10586,0.011314867174299918,0.0008299103003061519,0.9878552225253939
id06467,0.0049475846812720254,0.9947300919606712,0.00032232335805685485
id18227,0.9157165831178051,0.00035276482461661613,0.08393065205757821
id02286,0.0019599091617615127,0.9962298538694556,0.0018102369687829317
id07393,0.029538285391482216,0.9699973874608981,0.0004643271476196898
id11640,0.07865569515655102,0.907206301300958,0.01413800354249084
id15718,0.020725295332289118,0.0025632824782852734,0.9767114221894255
id23756,0.00017079964496960142,0.997081498318202,0.0027477020368284156
id14564,0.002565762641304079,0.027899940008822576,0.9695342973498734
id24963,0.9904441715583547,0.0010749221443373473,0.008480906297307845
id03069,0.8037352013339755,0.007986590576189124,0.1882782080898355
id24648,0.9462724740000145,0.047996552107460275,0.005730973892525359
id15920,0.7032412540753218,0.11575046712547915,0.18100827879919915
id11255,0.826203361540098,0.00692099818547322,0.1668756402744288
id00544,0.5006260454278139,0.021954036345362478,0.4774199182268237
id13211,0.9693534497319432,0.0021631763932388496,0.02848337387481804
id26285,0.9010258255934305,0.000876246670458868,0.09809792773611072
id19879,0.8615393761967434,0.04451172333900111,0.09394890046425564
id21440,0.9809439687117885,0.012129950666422576,0.006926080621788992
id09539,0.0025047790936905297,0.09737313890721909,0.9001220819990904
id10781,0.001417814056645633,0.978183759116762,0.020398426826592347
id06557,0.05005008876387816,0.0001475508607290169,0.9498023603753929
id16747,0.01851371458882012,3.582704890027103e-05,0.9814504583622796
id14358,0.03114052385799585,0.958798880496273,0.010060595645731196
id05250,0.9942164782599923,5.154568469084702e-05,0.005731976055316829
id02390,0.08784378398690801,0.0057478436851542275,0.9064083723279378
id14790,0.8369753352047576,0.13021538159065973,0.0328092832045827
id14355,0.7035417735844016,0.2754200090307378,0.02103821738486055
id23157,0.9499961690202562,0.0026660062942570647,0.047337824685486765
id20324,0.007687927971501048,0.00964589605051881,0.9826661759779802
id01870,0.0164635229627441,0.9774543986269388,0.00608207841031704
id01079,0.005805239253116008,0.9734806737360568,0.020714087010827137
id03392,0.853268570069011,0.01018040573188236,0.1365510241991066
id22758,0.9629302575271199,0.00017219964548575517,0.03689754282739443
id05599,0.0254104307441766,0.30553314594286207,0.6690564233129613
id07189,0.0018242792965989323,0.008712354966801759,0.9894633657365993
id13364,0.9896801401158564,0.0007020365635818249,0.009617823320561826
id00902,0.7386320262508986,0.23092764423012196,0.030440329518979462
id07164,0.9501958218584742,0.04970425617061955,9.99219709062987e-05
id27290,0.22627436752312385,0.18498237803239195,0.5887432544444842
id18931,0.39305779489870346,0.6062580244362722,0.0006841806650244842
id22165,0.038738498225738105,0.9488622523985889,0.012399249375672912
id14677,0.040076101386915454,0.9594117272016028,0.000512171411481781
id18987,0.6551043903815733,0.008400978348940465,0.3364946312694862
id13143,1.4519790677027494e-05,0.9990427447893937,0.0009427354199293058
id18589,0.6241718723137281,0.0733181116445337,0.3025100160417383
id01635,0.00012620830832820403,0.9672759650912669,0.03259782660040489
id02661,0.4602663708334529,0.5395315080928563,0.00020212107369079266
id12463,0.03837108817680034,0.9560259435802875,0.005602968242912222
id18461,0.4043355390718385,0.5912814804116787,0.0043829805164828425
id12709,0.818870642560785,0.0031480892405851904,0.1779812681986297
id11957,0.0006887269758073804,0.9950543794566811,0.00425689356751156
id13040,0.07312015459037499,0.0009284440126123256,0.9259514013970127
id03953,0.03927134033077088,0.03961204395156518,0.9211166157176639
id02623,0.7144413645774075,0.20975774250249035,0.07580089292010217
id21479,5.385394972491742e-05,0.000530017330213883,0.9994161287200612
id06976,0.031695527163829465,0.9465375486643279,0.021766924171842505
id18721,0.9387676761187408,0.05244968026547928,0.008782643615779856
id12043,0.00860051323208268,0.0025181508711948175,0.9888813358967226
id16526,0.0031305381153153497,0.996730156108041,0.0001393057766435791
id03184,0.08146000774329795,0.005923523735263258,0.9126164685214389
id23194,0.20223199511614537,0.1036047496663007,0.694163255217554
id17544,0.20400161602708747,0.7605010674210274,0.035497316551885136
id17314,0.24810216473370295,0.017246417069248045,0.734651418197049
id17306,0.8896953832830795,0.0033167108282964462,0.10698790588862411
id11044,0.9327273951893247,0.06632209439556642,0.0009505104151090103
id22762,0.9420671892477767,0.0019924223600416235,0.05594038839218182
id02797,0.05335054557637147,7.055709816835322e-05,0.9465788973254602
id13340,0.02006935084344871,0.00263134681738464,0.9772993023391667
id08131,0.8804152773608901,0.07765902766250543,0.041925694976604505
id24181,0.00021219019032603874,0.9995259547952731,0.000261855014400862
id20359,0.9389826650573289,0.008264971798549419,0.05275236314412159
id14736,0.012339912049684779,0.9167780309641205,0.07088205698619467
id09362,0.21648121455761407,0.7806114807988056,0.0029073046435801886
id07987,0.025724573311802126,0.0722147423918791,0.9020606842963188
id01664,0.010004834975862154,0.9795604246937152,0.010434740330422751
id00096,0.9680412147089502,0.000987279603114555,0.030971505687935223
id01475,0.003322431689248896,0.15318298819440807,0.843494580116343
id04020,0.023070825853500034,0.15744317794867735,0.8194859961978226
id09617,0.25997695125345366,0.000418718101619304,0.739604330644927
id13098,0.920025558175002,0.07945367729133093,0.0005207645336671427
id19010,0.02741284156507369,0.9662709945015707,0.006316163933355501
id12754,0.9945372228550808,0.005115329898000038,0.00034744724691921887
id25238,0.9819858696502942,0.0038718869500879924,0.014142243399617775
id14896,0.24419359905505658,0.00022153241936513987,0.7555848685255783
id16827,0.030800933744052943,0.011601887911588187,0.9575971783443588
id11685,0.3071532638255481,0.0908212313809086,0.6020255047935434
id10496,0.01151670019979735,0.7059057051954979,0.28257759460470483
id08073,0.34622002339289976,0.18612912202321313,0.46765085458388717
id08504,0.5135477926624787,0.020553782557004567,0.4658984247805168
id25872,0.00042849191192132386,2.128739450676893e-05,0.9995502206935719
id09498,0.19134593244908513,0.8051556105172615,0.003498457033653335
id23890,0.09489475948442158,0.8859434497671311,0.01916179074844731
id15065,0.03956736176237907,0.457925395093674,0.5025072431439469
id11197,0.0028843871785783175,0.8257009646954737,0.17141464812594792
id02832,0.02712634636846497,0.7131251291951965,0.2597485244363385
id26969,0.9715639348744743,0.013715333234120742,0.014720731891404845
id25442,0.271000383798689,0.6788845543967472,0.05011506180456393
id09727,0.05328644226297522,0.042612844078384754,0.9041007136586401
id18592,0.001822473039510691,3.977323796477311e-05,0.9981377537225246
id11442,0.9655856401566774,0.029944490916543713,0.004469868926778936
id22071,0.7743494009247928,0.21644594997362632,0.009204649101581025
id09700,0.5728009579842799,0.0026060262514421913,0.42459301576427794
id20265,0.9707334912085286,0.0007642810310225021,0.028502227760448973
id23687,0.9994536398959382,0.00012566319608445502,0.00042069690797736715
id01055,0.012742508951107184,0.953699299826185,0.03355819122270786
id08519,0.8448231270190486,0.046264859534565196,0.10891201344638621
id05922,0.6703561798558931,0.3260610475740017,0.0035827725701053146
id02918,0.031195905657588743,0.9687597760010126,4.431834139859428e-05
id14502,0.983341555883533,0.014600446670439412,0.0020579974460275905
id01642,0.058564028945265335,0.019781490572246395,0.9216544804824883
id21251,0.391789011198501,0.6078295335020435,0.00038145529945548054
id09673,0.0016579440335441036,0.2252188780513955,0.7731231779150604
id17837,0.1313402268796148,0.04687880824436833,0.8217809648760169
id24245,0.9686854501949012,0.004442171776479505,0.02687237802861934
id15837,0.12040128154804021,0.0008992018979534665,0.8786995165540064
id13077,0.038800994969428605,0.0010421776483675836,0.9601568273822039
id23079,0.60855676870766,0.33633083111964035,0.05511240017269983
id12938,0.0004918735650326549,0.001812026093299731,0.9976961003416677
id12144,1.463635420400978e-07,7.611042352782731e-05,0.9999237432129301
id06882,0.9874230531590585,0.0009166203920900791,0.011660326448851373
id06354,0.036532762816721555,0.0008772154018949339,0.9625900217813835
id23573,0.7496770960722694,0.006360497149565511,0.2439624067781651
id13800,0.028864623465633968,0.00021931970580733282,0.9709160568285587
id26115,0.004506910714311297,0.05004076712102634,0.9454523221646624
id21179,0.004292763002721648,3.287487782499897e-05,0.9956743621194534
id00125,0.992931223255674,0.006814697796529841,0.0002540789477961782
id22600,0.04012610712621265,0.2578141789750806,0.7020597138987067
id15726,0.22747706656039798,0.00031172242755635795,0.7722112110120457
id08078,0.6789105883768368,0.2592223206465972,0.061867090976565946
id20091,1.942262071148896e-05,0.9650620133682494,0.03491856401103914
id00026,0.8106111293373192,0.011890711847725685,0.17749815881495506
id03698,0.9565697563460235,0.00513305808996361,0.03829718556401296
id09198,0.6734094749658001,0.17825224213310276,0.14833828290109727
id12520,0.9294905507389406,0.05510563571166127,0.015403813549398035
id16277,0.00021494517019024715,0.001653909824062221,0.9981311450057475
id17964,3.334831838989301e-05,0.0017437289569084188,0.9982229227247017
id24040,0.038899469005240134,0.9595944763685862,0.0015060546261737788
id17613,0.9675893865727457,0.006400995927687838,0.026009617499566474
id00157,0.9391947893133067,0.01724312861336199,0.043562082073331315
id10012,0.12110995635840237,0.03233738466201787,0.8465526589795798
id02419,0.004004431276024854,9.806277005544659e-06,0.9959857624469696
id05562,0.5805901522563434,0.029957348090763437,0.38945249965289325
id09049,0.008657874705791727,0.9822865849750761,0.009055540319132131
id24915,0.0015971548986770132,0.8742403406069288,0.12416250449439421
id02808,0.39595859888614027,0.10836545522898017,0.4956759458848796
id00167,0.9705790652010113,0.026278467498843838,0.0031424673001447354
id13451,0.9386949114893414,0.015232554471943497,0.04607253403871504
id24775,0.9559886871789277,0.0421269077142346,0.0018844051068377188
id10240,0.01056527136371124,0.9760197035659594,0.013415025070329477
id24597,0.5875505897554413,0.14503105535976588,0.2674183548847929
id15364,0.1409161886405556,0.793909623024837,0.06517418833460727
id13191,0.005677218143150786,0.3480371793304042,0.646285602526445
id09592,0.00023247188075922046,0.001074126381752743,0.998693401737488
id12083,0.004267810293057543,0.016143124703768805,0.9795890650031737
id23492,0.3175853591794978,0.10601604649166194,0.5763985943288402
id06816,0.006499490501746959,0.012485186563536308,0.9810153229347167
id16971,0.07276226871801955,0.34258147392776317,0.5846562573542172
id05675,0.9928631880215366,0.0015202170692236508,0.005616594909239726
id23037,0.001941606200959751,0.00046436968307494623,0.9975940241159652
id00399,0.8973550703504889,0.00601884902600374,0.09662608062350742
id05925,0.12294577969276084,0.5954488771141302,0.2816053431931089
id01834,0.8057587858563947,0.19254192268965453,0.0016992914539508386
id20350,0.09147826871309718,8.424104554663954e-07,0.9085208888764473
id18961,0.3043079000933506,0.26969737029987995,0.4259947296067694
id02132,0.010116300900378725,0.975529964402052,0.014353734697569334
id26609,0.38977150271565464,0.610077387510561,0.0001511097737844937
id16532,0.0005072432026810448,0.8629667264526537,0.13652603034466526
id23289,0.9863131037451521,0.012736659979902486,0.0009502362749454303
id26621,0.9972604011633629,0.002223583279349296,0.0005160155572876517
id03254,0.0010690261071284852,0.9971358316974435,0.0017951421954280648
id04701,0.003274919416599432,0.004454494119081317,0.9922705864643193
id26600,0.25620294413182926,0.7433446354481045,0.0004524204200662766
id16006,0.06514407111506086,0.9206963478063461,0.014159581078593067
id25724,0.0007122431957197608,0.0005505920192016401,0.9987371647850786
id27223,0.9768916743951442,0.002308504877466087,0.020799820727389708
id14345,0.9688892697017387,0.029629364041774575,0.0014813662564868255
id27374,0.08080855849790447,0.6464881250955038,0.27270331640659173
id21131,0.0020697220546125644,0.001609895166955072,0.9963203827784324
id12410,0.9384598431593917,0.02194620623205301,0.039593950608555264
id15483,0.25539483064528967,0.3633316223962571,0.38127354695845317
id15429,0.9391425494951682,0.004961899487604466,0.05589555101722729
id25480,0.8759639715103846,0.06060455012188431,0.06343147836773114
id11453,0.052990222697519886,0.8705295972235959,0.0764801800788843
id20437,0.10119746325049413,0.6413380358858352,0.2574645008636706
id08468,0.004439363967803662,0.6253603105679777,0.37020032546421866
id22181,0.9413338760912551,0.05861002263720804,5.6101271536942295e-05
id18810,0.9567288649581964,0.042098127680702216,0.00117300736110138
id17482,0.7102083146435325,0.22870775677396282,0.061083928582504644
id22746,0.8287389855706394,0.13959819801139553,0.03166281641796519
id03107,0.9749358229752322,0.009974035318346192,0.015090141706421626
id02184,0.9231736501342447,0.0549206209391305,0.02190572892662473
id25068,0.9506674671520227,0.003991127856454847,0.045341404991522484
id19154,0.9891403868866695,0.009528349703258217,0.0013312634100723336
id10358,0.6192562720390448,0.10565946711021736,0.2750842608507379
id09126,0.005527275010011373,0.09976942683181823,0.8947032981581704
id05936,0.6195785586875676,0.2809103181055358,0.09951112320689674
id00020,0.014251492333334411,0.9732265867338468,0.01252192093281882
id20771,0.18051669097382753,0.12701484708652058,0.692468461939652
id00116,0.04762682599662132,0.9449519787270059,0.007421195276372809
id12424,0.40251496681586685,0.0035242570822505976,0.5939607761018826
id05755,1.8176132385546495e-05,6.156593590164938e-05,0.9999202579317128
id27476,0.00026024046696179455,0.9968005516098709,0.002939207923167299
id02686,0.9944547786455499,0.0039662716630157685,0.0015789496914343066
id10234,0.9281051129117107,0.00970699461737562,0.062187892470913504
id05969,0.9402078831525625,6.955929238133631e-05,0.05972255755505623
id14440,0.2845349931661595,0.71372656031428,0.001738446519560646
id09937,0.6330947192054143,0.36024392605134314,0.006661354743242583
id08238,0.0044920139537829445,2.7094782389682733e-05,0.9954808912638274
id11090,0.4111474911298293,0.5850048376620279,0.0038476712081428957
id13183,0.002587146129333381,0.0040277144412597075,0.993385139429407
id25712,0.047478413875501384,0.8600887031366938,0.09243288298780483
id22510,0.014604266579903033,0.010503685009339403,0.9748920484107576
id19204,0.9934108319238064,0.0043408240924025275,0.0022483439837909843
id05758,0.0012545607032440227,0.10964237713224805,0.889103062164508
id27063,0.69406033939113,0.15723990991630357,0.14869975069256652
id11773,0.1160557099834694,0.00013384332624491392,0.8838104466902856
id11562,0.7298242512358198,0.003345167576631276,0.2668305811875488
id16208,0.10606831713112352,0.0019201326307209034,0.8920115502381556
id04036,0.006278368743892358,0.19184062948117786,0.8018810017749298
id26159,0.8754799200420167,0.0029829721741653496,0.1215371077838179
id26777,0.7916331893409454,0.1202759285695186,0.08809088208953599
id08501,0.9621145382969529,0.015896998267227125,0.02198846343581988
id11216,2.239216160965667e-05,0.9994319143079881,0.0005456935304022816
id03410,0.8861653717081435,0.0733792338019586,0.040455394489898065
id04537,0.3030684741940748,0.00021421592418866017,0.6967173098817365
id26628,0.49181798095810786,0.4897411083873359,0.018440910654556258
id01586,0.01112366097524935,0.9877837026645316,0.001092636360219063
id13421,0.8264085210928789,0.013370198311741214,0.16022128059537988
id26084,0.06459501864407376,0.9227885559651848,0.012616425390741419
id05375,0.03378122892704234,6.73144783449021e-06,0.9662120396251231
id23212,0.8483946043353364,0.15110895485356543,0.0004964408110982794
id15980,0.972886721098025,0.017400571029234327,0.009712707872740802
id11719,0.01675526733205313,0.9803996581686609,0.002845074499286051
id13109,0.9323228811328571,0.02766527273244948,0.040011846134693344
id07156,0.9917543169662113,0.006621278687805965,0.0016244043459828182
id04893,0.8914089624931569,0.07595050604375046,0.03264053146309268
id11749,0.808288547768556,0.005082344803270951,0.18662910742817315
id10526,0.002576320269094682,0.024115795765113475,0.9733078839657918
id13477,0.9477378921053156,0.032546395934709,0.019715711959975558
id13761,0.09636359271881517,0.005953808543256548,0.8976825987379283
id04282,0.3569258376895806,0.6429917345676338,8.242774278560971e-05
