id,EAP,HPL,MWS
id02310,0.017663753221810404,0.007052118083798094,0.9752841286943915
id24541,0.9997911401582953,0.00011619066921219884,9.266917249259966e-05
id00134,0.0018066017286099709,0.9978067171735491,0.0003866810978408965
id27757,0.9109497313848225,0.08770688540892632,0.0013433832062511677
id04081,0.8579564518987557,0.06994802904024065,0.07209551906100366
id27337,0.9936374338425303,0.006300187435795966,6.237872167378663e-05
id24265,0.9172499066910468,0.0804568447643569,0.0022932485445963653
id25917,0.0008831054047448158,0.05799867922860305,0.9411182153666522
id04951,0.998918195585901,0.001080032515809769,1.7718982891580226e-06
id14549,0.94645178643222,0.018364265787269456,0.035183947780510566
id22505,0.060782885610371644,0.05722087564588275,0.8819962387437456
id24002,9.305528352935332e-08,0.9999998938899751,1.3054741344339414e-08
id18982,0.07241484831771071,0.8997587290170125,0.02782642266527674
id15181,0.008974093431505509,0.9908541166481003,0.00017178992039434653
id21888,0.9028933760097589,0.018503175380094033,0.078603448610147
id12035,0.00041127547301139834,7.200135018483313e-05,0.9995167231768037
id17991,0.3699057122292526,0.0062630210567822244,0.6238312667139652
id10707,0.9999990144930007,4.4466190303108577e-07,5.408450963425885e-07
id07101,0.5915197522428204,0.008963382556291205,0.39951686520088836
id00345,0.1452200686809597,0.851490068735091,0.0032898625839493426
id05912,0.9180657883027696,0.04640540232716102,0.03552880937006929
id13443,0.9917330155485463,0.003083243292701964,0.005183741158751714
id09248,0.3689425040906923,0.05617115455327847,0.5748863413560292
id17542,0.027459154015616653,0.9663477091010949,0.006193136883288513
id06995,0.002741469137837147,4.2765839029821695e-06,0.9972542542782599
id25159,0.6170958481115472,0.017127294829428145,0.3657768570590247
id25729,0.12899049919227765,0.8440939028483301,0.026915597959392332
id26949,0.9463140428672091,0.04677243067932345,0.006913526453467459
id27191,0.001710716413274066,0.00013110356003317495,0.9981581800266928
id07668,0.14293033469328623,2.814721819345854e-05,0.8570415180885202
id02230,0.008952686156318971,0.3602036289634941,0.6308436848801869
id15553,0.9998432185957526,4.548652966444693e-07,0.00015632653895078556
id25688,0.00042176709207772395,0.9995456662577056,3.256665021672068e-05
id17545,0.993633554284267,0.003708389543667693,0.002658056172065317
id13929,0.18055734778469731,0.230423010912014,0.5890196413032887
id12880,0.1262439738413442,0.8666651955917987,0.007090830566857135
id19282,0.6711504991328527,0.0856521537455578,0.24319734712158944
id14690,0.002043510255973705,0.00034357445644508385,0.9976129152875812
id17975,0.015374299737518827,0.9796644578297506,0.004961242432730581
id08037,0.9916672719779697,0.0008088498903744791,0.0075238781316559625
id15412,0.041056987288053994,0.00098389899984779,0.9579591137120983
id25032,0.5572043086130943,0.07699005053102176,0.36580564085588385
id27165,0.9999240512306949,5.1357733611912364e-05,2.459103569314942e-05
id03327,0.760047078354166,0.2089175049774449,0.031035416668389198
id18515,0.9194618756207069,0.004982179284808128,0.07555594509448497
id21003,0.055308197080285754,0.0026018775951342204,0.94208992532458
id23855,2.978888002882016e-05,0.9842265554219065,0.01574365569806463
id20724,0.7231909998109491,0.18658639264224555,0.0902226075468053
id13303,0.5745523756012162,0.017675057787740617,0.40777256661104316
id16521,0.0002695223321163071,0.8522763098956831,0.14745416777220055
id20775,0.9999923416973697,6.721361253053285e-06,9.369413772629245e-07
id13029,0.9980194208545011,0.0018088268300655893,0.0001717523154332825
id14660,0.6366134881851612,0.3575345264363397,0.005851985378499197
id11028,0.0005083275487283233,6.669539244538353e-05,0.9994249770588263
id14180,0.9847961478136804,0.013893318519278304,0.0013105336670412675
id25860,0.999977605371059,1.1896196809487612e-06,2.1205009260101442e-05
id11910,0.40555764948705886,0.0184753258972656,0.5759670246156756
id08065,0.06808750297463834,0.008218768302601792,0.9236937287227599
id22674,0.003893188856763477,0.000290396225679722,0.9958164149175568
id25018,0.4370173985806178,0.0008241755523325897,0.5621584258670496
id10892,0.00012384168385115476,0.999860047052936,1.61112632128975e-05
id10217,0.03419919391498279,0.9657563493508249,4.445673419224782e-05
id12996,0.3510964640556907,0.06104010807205591,0.5878634278722533
id18262,0.7948723561855326,0.11841476149522637,0.08671288231924103
id08606,7.570278478582835e-05,0.9999163210841208,7.976131093345375e-06
id17233,0.8604346294630999,0.021380394383552805,0.11818497615334743
id00101,0.577748100230694,0.3704677727957258,0.05178412697358027
id12225,0.8715381898862307,0.08911990737857838,0.039341902735190816
id01364,0.001424454472707935,0.9970776319049548,0.0014979136223373063
id24973,0.8290103993578732,0.0030274144291231857,0.16796218621300363
id25363,0.8816099895017793,1.4401498618566771e-08,0.11838999609672209
id10061,0.28450532596858624,0.008148626407585027,0.7073460476238288
id17673,0.03559788186662198,0.9554687406340957,0.00893337749928239
id13249,0.2139111809355401,0.0369541088601965,0.7491347102042634
id10107,0.003971505714590632,0.0013338878370763856,0.994694606448333
id04403,0.9959842605254644,0.00011654293078411203,0.003899196543751467
id25728,0.7829800722319116,0.0411139052636712,0.17590602250441728
id16184,0.12479610587406277,0.05790675091332977,0.8172971432126075
id03438,0.01898906301131661,3.175643568562968e-05,0.9809791805529978
id22923,0.00022754342612096778,0.9997678752953636,4.5812785155222345e-06
id08610,0.9975823844086182,0.0019558053358629357,0.0004618102555187916
id25355,0.01383974192040258,0.00475556503251446,0.981404693047083
id16916,0.441101566239753,0.5021642491846184,0.05673418457562864
id12793,0.0008312086978541702,0.9989497850042828,0.00021900629786312262
id11859,0.7517627884691754,0.0033329726494825056,0.244904238881342
id02434,0.999999819622032,9.997530504675085e-08,8.040266294294093e-08
id27703,0.00042260571589560565,0.00024233890637496183,0.9993350553777295
id25212,0.0006264209339493297,0.9992121229752222,0.00016145609082837182
id11308,0.04752926779503921,0.013795649320220553,0.9386750828847402
id26094,0.9974169970293909,0.0015812128988078433,0.0010017900718012392
id22080,0.844940843595486,0.15316562923143795,0.0018935271730760493
id03545,0.9996912890354819,0.0002800676215310939,2.8643342987043525e-05
id23725,0.0011860599972287834,0.00019787087362802756,0.9986160691291432
id12009,0.9164970206508154,0.04956132939948004,0.033941649949704666
id24241,0.1168685141075314,0.520172166104592,0.36295931978787654
id03596,0.0002508671781334901,0.999725462324267,2.367049759953228e-05
id10749,0.005713879708809506,0.9889516150493654,0.005334505241825083
id22794,0.014346330306083234,0.0008741944135164854,0.9847794752804003
id15482,0.03671288459908292,0.7557341860149865,0.2075529293859306
id04833,0.8696288966207354,0.11970993737626283,0.01066116600300178
id00397,4.122399118551876e-06,8.750465435396748e-09,0.999995868850416
id14691,0.011699786345346496,0.012451747807793762,0.9758484658468597
id05193,0.16486444967236194,0.002253253507879884,0.8328822968197581
id19541,0.9906772633197192,0.0008822179191074871,0.008440518761173337
id22166,0.0006120525062941736,3.2688874891638075e-05,0.9993552586188141
id20744,0.004981573571513253,3.831217918681894e-05,0.9949801142492999
id10392,1.2439123397707075e-06,0.00013511754363340162,0.9998636385440269
id00770,0.9938511534436087,0.0027207814987486546,0.003428065057642554
id06018,0.9173730080343947,0.07786345294423312,0.004763539021372115
id15678,0.5788496042945143,0.006973162376235631,0.4141772333292501
id08305,0.9412624790615765,0.05617655137847003,0.0025609695599535815
id08903,0.32406282330406744,0.022476181070217507,0.6534609956257151
id14752,0.07107037995886106,0.9271317008709985,0.0017979191701402851
id12468,0.008184500128798242,0.9917573604992551,5.813937194666074e-05
id05085,0.17544760704907827,0.8234482688180939,0.001104124132827883
id21993,0.19712278462738908,9.454630467689019e-05,0.802782669067934
id15503,0.8093632565402668,0.1498766776184726,0.04076006584126079
id03021,5.402663175355173e-09,0.9999999701133473,2.4483989522401038e-08
id16123,0.9997891093446569,0.00019860112067817174,1.2289534664989266e-05
id19383,0.9995777526676688,0.0003470185521823823,7.52287801489083e-05
id04186,0.9996233588043996,1.6686708235507603e-05,0.00035995448736496095
id17954,0.00010766146605041492,3.0525107180940026e-07,0.9998920332828778
id12030,0.2163626950409687,0.004184863007853159,0.7794524419511782
id13020,0.9104165106653623,0.07632226028818327,0.013261229046454433
id25327,0.00025859133798524533,0.9479005530937884,0.05184085556822645
id16344,0.3387801105224303,0.04856296958578141,0.6126569198917883
id12303,0.10452215650167203,0.8923242417045595,0.003153601793768467
id15017,0.9994840930310485,0.0005139009140471073,2.0060549045014766e-06
id22308,0.314752929858842,0.014845314008676471,0.6704017561324815
id06536,1.0071137739789922e-05,4.675958512010398e-06,0.9999852529037483
id19797,0.07921809734099425,0.9136206476993326,0.00716125495967316
id06332,0.6655581712254239,0.15859239268942443,0.17584943608515172
id22941,0.007128340327896071,0.06337380628746735,0.9294978533846365
id13547,0.0058700648715238534,0.027396617012591367,0.9667333181158848
id06928,0.005230289873213967,9.975203535868446e-05,0.9946699580914274
id12521,0.4668870810780599,0.5244433879844983,0.008669530937441739
id25716,0.9151505344472111,0.00038733032065626247,0.08446213523213272
id27116,3.593918852735549e-05,9.421585913754459e-09,0.9999640513898868
id19941,0.023840693436990266,0.9556485655704908,0.020510740992518935
id05711,3.628772571308906e-05,1.8292928375583315e-05,0.9999454193459114
id02097,0.0012038462111379903,0.0024088999671862225,0.9963872538216758
id03563,0.000370279170659303,0.9994986046369639,0.00013111619237672902
id02295,0.11081172859744579,0.8603813930484486,0.02880687835410555
id08179,0.999999999984839,9.200517130386747e-12,5.960469438669612e-12
id05332,0.031153625111868404,0.9617554913346479,0.0070908835534837945
id15697,0.7517553842833982,0.0012872736371579128,0.24695734207944398
id17026,0.13953820257249433,0.06249095249602615,0.7979708449314795
id04243,0.8367270564657714,0.16248380522925682,0.0007891383049718191
id13175,0.9999999910786732,8.232810287784588e-09,6.885164613727989e-10
id05387,0.9986069172278197,0.0005119611153399866,0.0008811216568403306
id19989,0.9623387722778299,0.012585910530849414,0.0250753171913206
id25173,0.11419935084355295,0.01723544576709147,0.8685652033893556
id08925,0.0016736811986446897,0.9981941356614781,0.00013218313987731076
id03034,0.0016271126777022136,0.9900341899446723,0.008338697377625444
id13272,5.217836384823095e-06,0.9999753102377582,1.9471925856936654e-05
id07956,0.9529685992340792,0.0035624473016458,0.04346895346427502
id02648,0.003862220987667379,0.0005683504279015545,0.9955694285844311
id01778,0.04869894120541534,0.002570705951386274,0.9487303528431984
id12846,2.975005800229149e-05,1.6765654771773282e-05,0.999953484287226
id19001,0.2516915897325455,0.01829819352786015,0.7300102167395943
id05763,0.8261816909676544,0.03143608131507058,0.14238222771727513
id15590,0.00016151892679851836,1.5251218000716343e-06,0.9998369559514014
id04912,0.7941265458473045,0.15071542736927532,0.055158026783420244
id21201,0.8755086573930279,0.07963015578013063,0.04486118682684144
id13215,0.9910895382011932,0.000703228158986818,0.008207233639820058
id15612,0.08658134895664828,0.9035284597773717,0.009890191265980005
id18501,0.05632435866909351,0.004481771821934866,0.9391938695089717
id07223,0.8451008076894472,0.11357941401991649,0.041319778290636454
id06707,0.5195647799271402,0.16572635399020444,0.3147088660826553
id05238,2.847944969909821e-07,0.9999991271720328,5.880334702632242e-07
id00935,0.0023433791449056617,0.08599204332038748,0.9116645775347069
id00110,0.9603627794341008,0.00022667051272519582,0.039410550053174065
id17476,0.9399688798318678,0.056350254703346106,0.003680865464786074
id15170,0.9999861167304251,1.268509537101068e-05,1.1981742038458153e-06
id13397,0.43119731842783765,0.08662409275950914,0.48217858881265324
id24283,0.9452072197009188,0.028021599910576518,0.0267711803885047
id15234,0.9567693854781807,0.041456568565632713,0.001774045956186606
id16884,0.7269020871824022,0.1611389078006723,0.11195900501692548
id07831,0.46095515454570535,0.4131211993267873,0.12592364612750723
id16038,0.9017249168201548,0.09486652365418811,0.003408559525657134
id03629,0.9591945555255659,0.029699251266585843,0.011106193207848296
id21019,0.9074849074637785,0.03970734237473202,0.05280775016148948
id21835,0.3848540644922131,0.05550075173685265,0.5596451837709343
id04480,0.000713533516046644,0.9992420235979138,4.4442886039641036e-05
id20838,0.4416236261082499,0.5434286819718428,0.0149476919199073
id24195,0.5535200449478476,0.06386469105938819,0.3826152639927642
id05448,0.9500392476773546,0.04568921988727741,0.00427153243536805
id15957,0.03037842335057073,0.9678588835501672,0.001762693099262055
id19956,0.0008114590455521959,1.8849044012509334e-05,0.9991696919104353
id15104,0.014362343003771783,0.04756372501809612,0.9380739319781322
id17559,0.6304610798815723,0.26581664794684,0.10372227217158769
id16839,0.06247827250353739,0.2240316417414119,0.7134900857550507
id14493,0.7135546692250887,0.010182675728700442,0.27626265504621084
id08833,0.8348112210695341,0.0011019721540517647,0.16408680677641413
id15723,0.18169565586335715,0.006892358390530045,0.8114119857461128
id02716,0.999051613920743,9.961694442186663e-05,0.0008487691348350846
id06689,0.0445694439816948,0.9414664989519724,0.013964057066332768
id18837,0.6773737292350627,0.0018206324628626568,0.3208056383020747
id04466,0.9914508338453468,0.006015031202804307,0.002534134951848887
id00686,0.8275630392082819,0.0039610507480017315,0.1684759100437164
id09010,0.07676315472406699,0.921843164832571,0.0013936804433619134
id23353,0.9854731055929588,0.002634105369514183,0.01189278903752713
id00066,0.8656088426619041,0.1321566151689466,0.0022345421691493355
id15724,0.018782158850287566,0.9744017934826694,0.0068160476670429985
id23486,0.06210941174235196,9.123764834899071e-05,0.9377993506092991
id22258,0.007522549703140155,0.0038360585406938628,0.9886413917561659
id02292,0.6244912477703585,0.3227945294946739,0.052714222734967606
id16356,0.11403957517705905,0.001665564928548373,0.8842948598943926
id00235,0.9875441035175279,0.0004990324879152599,0.011956863994556899
id25522,0.06475870447816019,0.0006457141119624036,0.9345955814098774
id04204,0.011704286551304323,0.9871904997075893,0.0011052137411063409
id22016,0.550655526869928,0.08122528858391691,0.368119184546155
id06480,0.004923053629249965,0.9947400223477851,0.0003369240229649417
id08718,0.07728847548333119,2.8749850791480553e-05,0.9226827746658773
id05251,8.494713422447243e-06,0.9999876112859911,3.894000586482432e-06
id03359,0.8238507445120262,0.007337802313614249,0.16881145317435955
id16117,0.006106337882964612,4.095852104671549e-05,0.9938527035959888
id17000,0.00023804859018083905,0.9997303066808717,3.164472894743997e-05
id01730,0.0001718341841568111,0.9997814446682745,4.672114756875765e-05
id00630,0.8591844303758513,0.1398893797086535,0.0009261899154951842
id18175,0.07125819180649906,0.0005645275405292724,0.9281772806529717
id00907,0.8974633375911449,0.03687380927273605,0.06566285313611904
id18251,0.0001330918826348056,0.9998534399436443,1.3468173720962344e-05
id25861,0.7659371876732957,0.0898927424435251,0.1441700698831793
id00398,0.9001345074423548,0.05475822361386283,0.0451072689437824
id27573,0.9999106207612606,2.4137481510989013e-07,8.913786392427523e-05
id10022,0.00020716997364682275,0.9904425136148534,0.009350316411499913
id15901,0.022416609577222985,7.550686000344924e-06,0.9775758397367766
id00451,0.030591169797253594,0.005859972442476857,0.9635488577602696
id23129,0.00148814200076362,0.9984825430120606,2.931498717577578e-05
id26498,0.061780464393372696,0.9224353490948685,0.015784186511758908
id14741,0.033657908332586306,0.9646491012990224,0.0016929903683913533
id18453,0.08619752682470497,0.021277656487576617,0.8925248166877184
id08309,0.7318714902455464,0.25235810407067316,0.015770405683780412
id00320,0.9999999997815427,7.916419752747198e-11,1.392930653406723e-10
id07688,0.2210558467541781,0.0847462883356344,0.6941978649101875
id01556,0.0021427754293421503,6.21452717706942e-05,0.9977950792988872
id00178,0.3014655567714318,0.007787996688221182,0.6907464465403471
id18902,0.008360240107216829,0.003241098186393369,0.9883986617063898
id27002,0.31406509996850157,0.6721982497654102,0.013736650266088266
id21418,0.9999620871097513,2.9679101671186835e-05,8.233788577524136e-06
id23018,0.04500104288243614,0.10616946771926859,0.8488294893982953
id07032,0.6432072347894008,0.009569832053383475,0.34722293315721575
id16195,0.7302847321477312,0.039712912224941416,0.23000235562732746
id11202,0.03069313196778464,0.9667763042843616,0.002530563747853788
id09578,0.8760555499691108,0.012277676704770119,0.11166677332611911
id26984,0.955230373090935,0.005560195343564278,0.03920943156550072
id19856,0.0026839690840001116,0.9968733545326189,0.0004426763833808895
id12086,0.5058421966635488,0.041425432829337264,0.4527323705071139
id12052,0.030195895763284394,0.017921817487239335,0.9518822867494763
id17728,0.00015737075899080317,0.0001260825895929958,0.9997165466514162
id24608,0.8006716903210005,0.009077666418517236,0.1902506432604823
id21097,0.07716711880570862,0.009021292435456215,0.9138115887588353
id20179,1.1908693843265322e-05,1.314039765902947e-05,0.9999749509084978
id15144,0.7178102331122058,0.2007885862725722,0.08140118061522199
id00206,0.9801596873040556,0.001134463272369373,0.018705849423575158
id22285,0.003335065299687028,0.0011141829553199733,0.995550751744993
id06417,0.12278696856068055,0.7555920375632721,0.1216209938760474
id00215,0.00615942544458509,0.9937600218770738,8.055267834106844e-05
id04201,0.3198260317903534,0.01298613291909528,0.6671878352905514
id21771,0.982195011123397,0.01586391805496135,0.0019410708216416857
id12451,0.0036202877156720913,0.214079291871249,0.7823004204130789
id14250,0.087788321379025,0.7214049244642075,0.19080675415676762
id03433,0.008821349392656283,0.9909943798454208,0.0001842707619228499
id03303,0.05160780664853332,0.0034516678085997365,0.944940525542867
id25901,0.1274307810950469,0.6073933322206362,0.26517588668431685
id06945,0.34539915205115634,0.009171894443861484,0.6454289535049822
id05664,0.856700268086749,0.07881001083448579,0.06448972107876516
id05741,0.9999997428456694,3.148963057348779e-08,2.256647000448198e-07
id10652,0.9197706088946136,0.024801873606472458,0.055427517498913996
id16300,0.9976108229375035,0.00024383836411930303,0.0021453386983772134
id12319,0.767385952570586,0.17912638905142486,0.053487658377989244
id07500,0.001418569814001972,0.9985670620657923,1.4368120205798893e-05
id12478,0.24563813780402266,0.1394468074263189,0.6149150547696585
id03076,0.04886991969660311,0.00023083045383230538,0.9508992498495646
id00969,0.613099601404479,0.32647772419562526,0.060422674399895765
id23636,0.00420947795872726,0.9816860302127842,0.01410449182848851
id09791,0.013174336118426694,0.09640632767084899,0.8904193362107243
id05680,0.00033979045098947225,0.9933771326118559,0.006283076937154713
id03672,0.0016526470959116943,0.996998485032564,0.0013488678715241704
id04286,0.0004453469427549744,0.9895784395963851,0.009976213460859907
id23883,0.000134290300275817,0.006319915262076165,0.993545794437648
id11914,0.17260532423741473,0.0024590157202415653,0.8249356600423438
id20974,0.00011029883998858091,0.999851042633003,3.865852700843658e-05
id26125,0.07515852061735641,0.0009551969434598527,0.9238862824391837
id15543,0.29273884832596286,0.0041213324420464265,0.7031398192319908
id19471,0.999991464198631,5.835437772586016e-06,2.700363596360136e-06
id11503,0.9053961609130136,0.05490502779283456,0.039698811294151884
id09321,0.0009270312473709617,0.9879408660535551,0.011132102699073897
id25560,4.789327623250039e-07,9.501043707243419e-06,0.9999900200235304
id06726,0.4138984541338949,0.28962139903837586,0.29648014682772916
id05709,0.9942782448470531,1.2865446048777552e-05,0.005708889706898167
id09788,0.0889820361050445,0.3763322697182734,0.5346856941766822
id05289,0.9999994334312667,5.560988137933421e-07,1.0469919505598795e-08
id11815,0.0025552753858554024,0.9956906259714995,0.001754098642645031
id22422,0.9015957562724569,0.06524811271193842,0.03315613101560471
id25954,0.9924406459486087,0.003621702395146232,0.003937651656245034
id13601,0.9337003739612386,0.03095717028406888,0.03534245575469256
id05677,0.944071175717507,7.115942810584591e-05,0.055857664854387146
id10498,0.008576975907448804,0.991316205307183,0.00010681878536829501
id02665,0.7657047602488064,0.21369277736865877,0.02060246238253462
id10114,0.040536209092461764,0.9077057266270647,0.05175806428047344
id26314,0.9631327787445838,0.03413487851329304,0.0027323427421232136
id21240,0.2882261136538549,0.11137092717042056,0.6004029591757245
id15569,0.9991721209944728,0.0007901957717329709,3.768323379421181e-05
id25928,0.06398433271322167,0.05272680454133101,0.8832888627454474
id22706,0.0018315947522197396,0.9981290433187129,3.936192906743744e-05
id20877,5.6735098392204105e-05,0.9969567369281372,0.0029865279734705256
id04318,0.9563644195458092,0.002302927839658802,0.04133265261453204
id18299,0.18965160169214731,0.6381854183839726,0.17216297992388002
id08126,0.006988284180511329,7.77470934839857e-05,0.9929339687260047
id14293,0.4652329597295357,0.004968334915777468,0.5297987053546869
id12759,0.9987946131418843,3.18865345005067e-05,0.0011735003236152464
id11983,0.4558654202021913,0.09160753533020449,0.4525270444676042
id05580,0.12990026644349095,0.7686852218814694,0.10141451167503972
id25846,0.360309598288859,0.5093301190932947,0.13036028261784635
id01939,0.7113713333164828,0.017668639986088273,0.27096002669742886
id26327,0.17201914409282162,0.38557831274796556,0.44240254315921285
id11068,0.0002512679978116258,9.07205929622342e-06,0.9997396599428922
id08404,0.9988068094516868,0.00016798763823806106,0.0010252029100751238
id27189,0.12145706925406351,0.8784357809916448,0.00010714975429167606
id15119,0.0007955883462499627,0.9958707921272485,0.00333361952650155
id26525,0.9941520504277838,0.0020207102246711274,0.0038272393475450913
id03618,0.7826877328938694,0.18760443710708127,0.029707829999049373
id27220,0.9999934160991195,2.0285317621931552e-06,4.555369118302925e-06
id18777,0.04545248713165606,0.0010580313762472416,0.9534894814920968
id20213,0.9738502466511498,0.0063333354192583804,0.01981641792959187
id20403,0.9907731932398199,0.004519784588972287,0.004707022171207776
id03777,0.01021716111832774,0.018547708315785644,0.9712351305658866
id10595,0.0069667007795194275,0.9912337352408019,0.0017995639796786582
id13816,0.49565896582682684,0.014026271385846207,0.490314762787327
id05667,0.007315410557654419,0.0007292007836686904,0.9919553886586769
id24629,0.9055193483971866,0.0060426533351757615,0.08843799826763764
id20398,0.6690832664019747,0.08773907037735156,0.2431776632206738
id14108,4.4020922000107354e-05,9.982801928850719e-06,0.9999459962760711
id06196,3.4437342047563195e-05,0.9999587990258263,6.7636321261578876e-06
id02800,0.9733756700649441,0.020538293428749167,0.006086036506306842
id18732,0.00010606182193348498,0.9994914231395555,0.00040251503851096
id11915,0.0034484911397464953,0.9916516839072316,0.0048998249530218824
id09739,0.9310697391221753,0.0202915559754364,0.04863870490238834
id24672,0.9993435158411919,0.0001207723779391395,0.0005357117808690281
id00414,4.9447615487614534e-08,8.842710142565321e-06,0.999991107842242
id16307,0.9998198735364262,7.890656106302927e-05,0.00010121990251078183
id14043,0.14057087774954732,0.0011300963445905314,0.8582990259058623
id00517,1.6261793109017207e-06,7.584726840824645e-08,0.9999982979734207
id09744,0.9815936653600364,0.0184059866178888,3.4802207472636286e-07
id19257,0.9990603014423663,0.0004746102749520607,0.0004650882826815909
id15437,0.5143519040967343,0.48197989319808,0.003668202705185838
id16352,0.03664385227425123,0.020565966358595644,0.9427901813671531
id18849,0.38374096766627397,0.007507961606705308,0.6087510707270208
id19434,6.088307938340467e-08,0.9999999357579331,3.358987546900361e-09
id17928,0.09704752275829161,0.02612808275966378,0.8768243944820446
id16896,0.023132591489826666,0.0033323458739187473,0.9735350626362546
id02135,0.07516192875132956,0.5470497089376445,0.3777883623110259
id15075,0.995959232805993,0.0035316309787917443,0.000509136215215319
id27486,2.2871919704110616e-07,0.9999997584305041,1.2850298876354796e-08
id19422,0.8631477593870939,0.1357363038634229,0.0011159367494832809
id09603,0.0634424031067612,0.8965877810965921,0.0399698157966467
id02133,0.0067998002224676415,0.9882747198617406,0.004925479915791747
id03441,0.8022654796462491,0.00023931813614222187,0.19749520221760875
id02398,4.60356359236987e-05,0.9999478267674585,6.137596617790245e-06
id05152,0.029731048276599052,0.0007912770521953869,0.9694776746712056
id17838,0.35516466936778107,0.014042417453635393,0.6307929131785835
id25060,0.9999981736963243,1.221051162293696e-06,6.05252513509961e-07
id09998,0.023109905354121572,0.00652333344322513,0.9703667612026533
id01828,0.0128519470182694,0.9565901051452552,0.030557947836475325
id25377,0.21139835055283693,0.014351153942593018,0.7742504955045701
id22175,0.017433182706155445,0.9822088923190276,0.00035792497481694475
id02974,0.0022199277346151777,0.0021540255103920537,0.9956260467549928
id26955,0.9993365690121991,0.0006530405455622898,1.0390442238603241e-05
id21091,0.996918863865923,0.00044686225170992815,0.0026342738823669945
id12802,0.9323675074871467,0.06574593647779248,0.0018865560350608695
id07432,3.833380229672482e-07,0.9999965645174155,3.0521445615737006e-06
id18749,0.0053833781371635525,0.9915049566951978,0.0031116651676386694
id15030,2.5858729695823176e-05,0.00023694757021319163,0.9997371937000911
id17155,1.3844561444821631e-06,0.9999985629179818,5.26258736636853e-08
id08128,0.0003237433728155284,0.9964519649891652,0.0032242916380193476
id25706,0.00038284398838658835,0.9983831810029998,0.0012339750086135144
id15645,0.9657693275189637,0.028492873565502484,0.005737798915533811
id04943,0.8584896999450464,0.09729387401055772,0.044216426044395865
id27566,8.820875186188393e-05,4.560466539436831e-06,0.9999072307815987
id11765,0.4276640968759415,0.09542883324426107,0.4769070698797973
id13783,0.39476137674602757,0.43355594911978673,0.17168267413418573
id00492,0.0015281138538059274,0.0010726328521033389,0.9973992532940907
id27636,0.06181672393908855,0.0003540234388091423,0.9378292526221024
id04273,0.9404711587764456,0.01730798891056261,0.042220852312991775
id02537,0.06290159582798002,0.07370172875880132,0.8633966754132187
id24349,0.9566180390313916,0.04306450691898048,0.0003174540496279365
id00023,9.420511232498185e-06,0.9998093978426307,0.00018118164613683784
id23025,0.009513690242822446,0.9902829633925305,0.00020334636464702276
id08722,0.9921145302835381,0.004153497564399373,0.0037319721520625085
id02420,0.9999740922333258,2.5642054637285178e-05,2.6571203689291385e-07
id10811,0.9985062456829524,0.00032079093670501954,0.0011729633803425573
id04019,7.969341375119698e-06,1.5336733027946553e-05,0.999976693925597
id18334,0.9249853194472891,0.06635954370943575,0.008655136843275112
id16781,0.637834165453261,0.3300937262788271,0.032072108267911945
id08773,0.6250469406595761,0.37327172628481353,0.0016813330556103951
id19214,0.8546692980282189,0.13438113113662073,0.010949570835160303
id09589,1.5464091144372996e-06,0.9999739134115199,2.454017936571018e-05
id24246,0.9983767923614861,0.001423880938713635,0.0001993266998003144
id23577,0.24843943922257322,0.7509673539233415,0.0005932068540852925
id09305,0.916758863622031,0.014892669695992589,0.06834846668197649
id16460,0.1324720961996405,0.014237616640144734,0.8532902871602148
id21115,0.7405665627866962,0.013607085035717333,0.24582635217758653
id25996,0.572217524662773,0.22224711582304052,0.20553535951418647
id02551,0.00020371805385751494,0.0015249348701933758,0.9982713470759491
id19352,0.0009091962900648796,1.5830870255809494e-07,0.9990906454012326
id03806,0.03159089536954424,0.006979377153187312,0.9614297274772684
id26544,0.9627133972498566,0.0017836405272420564,0.035502962222901384
id18761,0.9376888469952248,0.03689995365499056,0.0254111993497847
id24148,0.03021568369885957,0.9676810262672365,0.002103290033903979
id16095,0.02213218781649994,0.9692652466796722,0.008602565503827875
id18442,0.8736030253135058,0.04216078618177066,0.08423618850472367
id22596,5.204785161545978e-07,2.3767064258847101e-07,0.9999992418508413
id23002,0.04749005297241277,0.003364693900215482,0.9491452531273717
id04797,0.9996337425135156,0.00022391814841849145,0.00014233933806593352
id06610,0.12281991429660534,0.002258118727240217,0.8749219669761545
id16173,0.387208849770089,0.4160743081718242,0.19671684205808673
id18292,0.013568447862369054,0.018112760078707397,0.9683187920589236
id27328,0.983401891409903,0.002876866275970474,0.013721242314126613
id01695,5.023196962210017e-06,0.9999923826957248,2.5941073130616704e-06
id05761,0.30723868881444627,0.0006214930147610537,0.6921398181707926
id16354,0.984876354913871,0.0003460366307242195,0.014777608455404866
id12207,0.0009740155892620458,0.9436601310856387,0.05536585332509925
id05665,0.00878555028360595,0.0006004034633710998,0.990614046253023
id01911,0.8896997919361835,0.10744089295191217,0.002859315111904369
id19153,0.06172192129841801,9.296495641171705e-05,0.9381851137451703
id10295,0.8014793219739863,0.07282969985175076,0.12569097817426295
id23038,0.7593877975343121,0.1647458095195991,0.07586639294608875
id23783,0.10066380560432008,0.8989700753373575,0.00036611905832242196
id27879,0.9844941854716459,0.01470824471111513,0.0007975698172389639
id19190,0.0005725052793096276,0.9994184025215187,9.092199171688918e-06
id05065,0.971121303020244,0.014844731625800137,0.014033965353955844
id21296,0.060019137371261105,0.9361181434214572,0.0038627192072817587
id13262,0.21358568166270442,0.29612410987199245,0.49029020846530313
id10333,0.997373315041986,0.0007741321488113621,0.0018525528092026592
id16677,0.14128496356534145,0.8296218407127128,0.029093195721945762
id01392,0.1097883060472503,0.013089160530474297,0.8771225334222754
id27874,0.9317143151262046,0.06503174799510392,0.0032539368786914163
id02294,0.0014144431286311802,0.9890887390331914,0.009496817838177438
id18298,0.009012861638602135,0.11304191214711208,0.8779452262142857
id06997,0.9998394981955787,0.00012278747614182073,3.77143282794941e-05
id05243,0.569590277545455,0.2190976670064094,0.2113120554481357
id00860,0.0008389940983229544,0.9927686423177865,0.006392363583890498
id26681,0.9999778985114706,2.1941337850617622e-05,1.60150678854578e-07
id06020,0.0002192940166669612,2.6133944961340735e-08,0.9997806798493881
id27683,0.944824260473186,0.013966510064127594,0.041209229462686396
id17655,6.220203171330516e-05,0.9999367651150264,1.0328532604104272e-06
id08817,0.02967817063770669,0.008297847891345468,0.9620239814709479
id11512,0.00044097176626455123,0.009169635064369599,0.9903893931693658
id00478,0.2470878775358768,0.008451679194139486,0.7444604432699837
id02116,0.984436224889212,0.0032549514806961637,0.012308823630091762
id06746,0.992897737983838,0.006404703885705874,0.0006975581304561508
id03863,0.5007678957649038,0.442440391364366,0.05679171287073022
id01802,0.13045208228537047,0.8569269827289799,0.012620934985649646
id11682,0.7471098471769706,0.01999624589820008,0.23289390692482942
id04033,0.00018781510237768855,0.999575671303213,0.00023651359440932983
id09286,0.02930349994019764,0.8949072948969028,0.07578920516289954
id12904,0.9999977894559169,2.0502937755381332e-06,1.602503075695452e-07
id07420,0.00027178349575442937,0.0002134000420142261,0.9995148164622314
id22398,1.735774729636995e-06,0.9999882967098833,9.967515387044609e-06
id00424,0.018182416060889273,0.0024967901001735704,0.9793207938389371
id20960,0.9960199753415154,0.0037773905127434218,0.00020263414574122788
id10267,0.02018775712331216,0.9773739849941545,0.0024382578825333265
id19330,0.4611315152874776,0.0019142190419502944,0.5369542656705723
id00994,0.0009439381310650119,0.9986104272251882,0.0004456346437467632
id10785,0.8245171863292092,0.10650846834268349,0.06897434532810733
id00955,0.012187725204068032,0.9832524162464683,0.004559858549463611
id09757,0.0001259479409403717,0.9998420958686312,3.1956190428499674e-05
id10030,0.06350230236419523,0.09443096977147168,0.8420667278643331
id22952,0.016589247934642254,0.09133556538789223,0.8920751866774655
id21955,8.315541836758554e-05,0.0029003679305368737,0.9970164766510955
id07674,0.9304087111682802,0.0077133854330678235,0.06187790339865199
id13760,0.0016808808992027362,0.9982903664974255,2.8752603371751462e-05
id18166,0.9816657598143406,0.00030058162017161986,0.018033658565487828
id23498,0.975684665920314,0.021983858796260178,0.002331475283425915
id05296,0.999252052666011,0.00044163311436407217,0.0003063142196249178
id26709,0.995535729534002,0.0027020401564963412,0.0017622303095016084
id02853,0.9940000797491444,0.0009655763685550837,0.005034343882300558
id06800,0.6126096849165459,0.09568786798275385,0.2917024471007003
id14758,0.15770443716006308,0.8352120021402029,0.007083560699734
id12356,0.9996544609692268,0.00031730225868699825,2.8236772086158765e-05
id21492,0.9915747397756337,0.003532453389427477,0.004892806834938828
id27540,0.6302264506461936,4.265901497854778e-06,0.36976928345230853
id07376,0.06989339204943368,0.3846766622767404,0.5454299456738259
id15201,0.17525759121092235,0.8076697783157478,0.017072630473329912
id23388,0.0009056749996093274,0.9904241587432474,0.008670166257143189
id13923,0.0012125907665174833,0.9987624428084525,2.496642503003318e-05
id00794,9.814538856685463e-05,0.9912185897761464,0.008683264835286666
id23910,0.07901839445498478,0.005880713910080606,0.9151008916349347
id02556,0.022054107584168998,0.05201968789999129,0.9259262045158397
id22151,8.759596902061504e-05,0.999911759330459,6.447005204628736e-07
id11698,0.039909425703972205,0.855329014602944,0.10476155969308391
id11627,0.4494417823264124,0.06067868137678135,0.4898795362968063
id06340,0.9999978237177525,1.0333306929443688e-06,1.1429515547099366e-06
id05123,0.9432495893603204,0.003532554821705771,0.05321785581797383
id26620,0.002870317433436682,5.3956249422611115e-05,0.9970757263171407
id04002,0.0037872568724585816,0.01427438477754641,0.981938358349995
id26554,0.09882274166784977,0.581193619690557,0.3199836386415932
id18012,0.11176182653417281,0.001598337482868745,0.8866398359829585
id12964,0.2828932026153047,0.005022399170748624,0.7120843982139466
id18965,0.00206913155472745,0.5698172236452183,0.42811364480005426
id19082,0.010980733358869323,0.00018895725074168307,0.988830309390389
id26742,0.019973919481024862,4.321754930037644e-05,0.9799828629696749
id15442,0.01453043198024494,0.9851953102429801,0.0002742577767749548
id16647,0.6398852246050142,0.03739188734087419,0.32272288805411165
id11544,0.03458401771664525,0.0075894895891092645,0.9578264926942455
id20581,0.3769055396860542,0.11329109025903998,0.5098033700549058
id13192,0.2701148680999474,0.5380170609472125,0.1918680709528402
id15814,0.07539034020622366,0.0049254767816568155,0.9196841830121195
id26279,0.029369826003739344,0.9701325201302292,0.0004976538660314043
id00240,0.9759979342560957,0.010084867902806561,0.013917197841097713
id22836,0.9998051616249541,1.4853685043144682e-05,0.00017998469000278476
id15085,0.00036289486845219064,0.8668598467663957,0.13277725836515206
id17495,0.6732988270718601,0.02007350949058042,0.3066276634375596
id26762,0.9242932125627478,0.0030432115480828817,0.07266357588916936
id13685,0.9999702359725483,5.247051872796485e-09,2.975878039973686e-05
id16560,0.0011757840317539302,0.9987499096732266,7.430629501943486e-05
id17184,9.494472222747095e-05,0.9995911608601465,0.0003138944176260084
id21635,0.9999833454732352,1.1658967147608254e-06,1.548863005017292e-05
id26751,0.681497685206611,0.26783123739876874,0.05067107739462019
id12351,0.9972774662736246,0.00037101304100505645,0.0023515206853703292
id14872,0.39942395034737666,0.5547304753555345,0.045845574297088784
id18372,0.9890064901209846,0.0016585518314970477,0.009334958047518367
id26851,0.834999379618571,0.10186369809997349,0.06313692228145559
id22659,0.894910679220611,0.1050675328052666,2.1787974122497076e-05
id04102,0.0001029338650785362,2.969274494396649e-07,0.9998967692074721
id02353,0.0006534497464816907,0.9986953140178442,0.0006512362356741651
id26721,0.999924981749147,6.19032765090031e-05,1.3114974343978174e-05
id11171,0.8750069354356994,0.011436490306740788,0.11355657425755983
id13562,0.7970775006728101,0.18984559733464945,0.013076901992540397
id26425,0.7953916144312123,0.01873407843267197,0.1858743071361158
id26394,0.609106572195711,0.0025021042843434635,0.38839132351994565
id22187,0.7606664282412298,0.18929750551702917,0.050036066241741055
id00422,0.9999551411097839,4.2821619384778617e-05,2.0372708313299326e-06
id22667,5.835158962717908e-06,0.9999941459389062,1.8902131125630797e-08
id00911,0.9552749878385353,0.002073060662859526,0.042651951498605296
id17291,0.05376424255621432,0.0067720211526862166,0.9394637362910995
id01915,0.018235400624748207,0.07231477594981245,0.9094498234254393
id01434,0.1064161797018962,0.023468869420105353,0.8701149508779984
id01584,0.8170603294453944,0.007078374215837848,0.1758612963387677
id09266,0.9979115929649023,0.0009257240999630833,0.0011626829351346225
id17494,5.317675716761376e-05,0.9998673914643104,7.943177852201438e-05
id24919,0.53375689473657,0.21679772979780604,0.2494453754656241
id21043,0.006235095143214694,1.3890770487073766e-06,0.9937635157797367
id17796,0.00032756484866671993,0.9996662574348444,6.177716488916178e-06
id02166,0.9273067468945233,0.0001514156940973198,0.07254183741137946
id17503,0.9882007566084126,0.0024033180759286026,0.009395925315658846
id21203,0.8669612594037953,0.05501259743827681,0.07802614315792789
id25626,0.9999996424337898,2.0801371361077623e-07,1.495524966087287e-07
id09836,0.9991689852693161,0.00028770930627267663,0.0005433054244112628
id24202,0.0074573209066999034,0.024187567344606527,0.9683551117486936
id27260,0.5278322776705188,0.010248440468270144,0.4619192818612111
id23167,0.00041077126641485414,8.617947152084998e-05,0.9995030492620643
id10393,1.5151322818871221e-05,0.9999507310692404,3.4117607940825914e-05
id01171,0.9646652870645681,0.03529733673467673,3.737620075517391e-05
id06380,0.9864973511417604,0.0012837693967124102,0.012218879461527239
id22686,0.0356055856696073,0.00016598524123080554,0.9642284290891618
id26250,0.1461961145259257,0.007954412120828199,0.8458494733532461
id09315,0.0853791468243163,0.7763631397335518,0.13825771344213186
id00886,0.003665895049531342,0.9915350108139037,0.004799094136564987
id03101,0.9896833687992773,0.0023197467085175547,0.007996884492205161
id12367,0.725326938732119,0.000903025583969988,0.27377003568391095
id10770,0.9528663326873932,0.0224732289146503,0.024660438397956494
id14949,0.0006742763045989924,0.9991873866393113,0.00013833705608970885
id14141,0.3084270938317284,0.690811750448046,0.0007611557202256427
id25417,0.5021567798175516,0.35484684323557764,0.1429963769468707
id26873,0.9627393230152219,0.03476572474693128,0.002494952237846738
id10818,0.2074966913515134,0.015512659305482748,0.7769906493430038
id15146,0.8801179642349839,0.0013972120927369964,0.11848482367227915
id23328,0.9969781030457282,0.0023668839198662094,0.0006550130344056208
id16765,0.4869036492027208,0.4319217901136743,0.08117456068360498
id24383,0.998373588887186,1.28276052282282e-05,0.001613583507585813
id21304,0.9930103622585184,0.0012793202591905983,0.005710317482291018
id12551,0.001432878033419833,0.9983912071035692,0.00017591486301096287
id23274,0.0019483555324819862,0.013638340112405658,0.9844133043551123
id08117,0.9331461335765492,0.012368208483738805,0.054485657939711996
id23961,0.9993336595255898,4.756013361600656e-05,0.0006187803407941846
id13865,0.00025981467823754607,0.9997238872635444,1.6298058218042436e-05
id22807,0.2356292171683049,0.02718391118168033,0.7371868716500148
id08951,0.1519418675643251,0.007380158413491354,0.8406779740221836
id18684,0.9976310115740733,0.0011552004573222455,0.0012137879686044482
id25179,0.02230689325590063,0.9440175569159102,0.03367554982818922
id27033,0.9605623319619477,2.106017801144045e-06,0.03943556202025116
id13977,0.008872747303709124,0.9852559316414762,0.005871321054814662
id19337,2.5046992789304407e-05,0.9998418723288708,0.00013308067833992443
id25764,9.741161208124598e-06,0.9999840689653159,6.189873476008625e-06
id16106,0.17291223000655723,0.003212833893475509,0.8238749360999673
id05468,0.009368618295836349,0.0002416282796030565,0.9903897534245606
id05241,0.992244848106533,0.00024703548520146917,0.007508116408265539
id10215,0.6049066629453546,0.2025574456496815,0.192535891404964
id23457,0.00026855763779187937,0.0007638289471851096,0.998967613415023
id02200,0.9999999984125651,1.5178779165618318e-09,6.95569701046871e-11
id13714,0.06127722315919021,0.9335351502007467,0.005187626640063074
id20332,4.1411452387555063e-07,1.305045044423404e-07,0.9999994553809717
id18573,0.058015050255472024,0.02185830190847601,0.9201266478360519
id08569,0.9999963068799417,2.118243477310698e-09,3.691001814907687e-06
id22767,0.18710103738722245,0.3907557043317356,0.422143258281042
id25390,0.018896019338417894,0.9534719188527838,0.027632061808798354
id09288,0.9791173948305679,4.210681358632744e-05,0.02084049835584578
id12381,0.9996261049063432,0.00024653447917139274,0.00012736061448545766
id02895,0.028982713990962774,0.000933269623584296,0.9700840163854529
id25270,3.130561171738562e-05,1.4186126485510219e-08,0.9999686802021561
id14248,0.6325448820188244,0.045185515149816564,0.3222696028313591
id12831,0.9826845725932172,3.171553202281082e-05,0.017283711874760004
id18305,0.823239637774149,0.008152801722899032,0.16860756050295198
id07805,0.9998085733978895,0.00019006282264653836,1.3637794639306388e-06
id14027,0.013371441050870743,0.010165264414361847,0.9764632945347674
id02760,0.8224290793939485,0.11759863945825376,0.05997228114779771
id24362,0.9966709686654817,0.002149214763752628,0.0011798165707657547
id17065,0.00039827319923165536,0.9995985522275305,3.174573237810982e-06
id26583,0.0002507482577777053,0.9935001065967403,0.006249145145482007
id19664,0.9999998056887909,1.9383442892422823e-07,4.767801164175208e-10
id25145,0.8731163602686262,0.09648973218993867,0.030393907541435266
id17858,0.006168225523376566,0.9930325039923444,0.0007992704842789218
id05148,0.07052405386557822,0.30294458695153054,0.6265313591828913
id22928,0.7793659919071241,0.20023646347430252,0.020397544618573467
id21549,0.6769929010096211,2.898000240423365e-06,0.3230042009901386
id12649,0.017559726901304924,0.9819050562839319,0.0005352168147632089
id21597,0.9896809317574085,0.004436470162454721,0.00588259808013686
id27945,0.9959283038241108,0.0021267359328994624,0.001944960242989685
id00243,0.9998994749639337,2.8186701079722874e-06,9.770636595833756e-05
id02745,0.9933869524518569,5.572455529048031e-05,0.006557322992852661
id23550,0.014267619110336834,0.01219164484025034,0.9735407360494128
id13023,0.07715365312336063,1.5317327164483506e-05,0.9228310295494749
id24796,0.03303075394512515,0.00011026024213983674,0.966858985812735
id12284,0.002839145672406803,0.9969127373245397,0.0002481170030534608
id02664,4.477203010385195e-12,0.999999825052774,1.7494274879344553e-07
id23767,0.988486833601359,0.00800377040900175,0.0035093959896392033
id05859,0.009138434638479555,0.9701337921021378,0.020727773259382735
id14350,0.29108752876929783,0.3534588656303049,0.35545360560039724
id01191,0.1873140101152994,0.6391283618854517,0.17355762799924881
id17034,0.46359226044177854,0.009693554412092457,0.526714185146129
id25292,0.8429076213654325,0.15695890867819087,0.00013346995637660833
id22121,0.9948235073953986,0.001532114076892097,0.00364437852770926
id20872,0.9996989319092946,7.631130137871408e-05,0.00022475678932666891
id17720,0.015198434988568158,0.9831144639345589,0.0016871010768728907
id22658,0.11007495229552451,0.88608272328679,0.003842324417685421
id09567,0.972649066600834,0.015023261120762528,0.01232767227840355
id16445,0.9959455880315934,0.0019257664512546827,0.0021286455171520232
id08349,0.0333267436117591,0.2576036234658258,0.7090696329224152
id27437,0.010176135185005196,0.016325968964258152,0.9734978958507366
id03812,0.9999668628566384,2.9551968534078224e-05,3.585174827545207e-06
id22304,0.8825862487459526,0.0976852521215274,0.0197284991325201
id04449,0.32285038412386124,0.6194493782987389,0.057700237577399865
id15605,0.3796389146973714,0.038773616196534216,0.5815874691060944
id01768,0.9627396063755694,0.008396389671334659,0.028864003953095786
id20019,0.06637821400881923,0.8080162874774536,0.12560549851372715
id09593,0.001787348723133947,0.9975138521049046,0.0006987991719614588
id23179,0.7010034593250977,0.0015433983921561436,0.2974531422827462
id21279,0.9743963987067183,0.0016309523179010806,0.02397264897538056
id06711,0.0008170385152198546,0.0002727559662474801,0.9989102055185327
id14243,5.700903739968014e-07,0.9999852964779732,1.4133431652799205e-05
id04839,0.0005386916428743516,0.0005774775157194844,0.9988838308414062
id17220,0.0014521855720287724,0.9953354695790328,0.0032123448489384003
id24177,0.7756512308347354,0.05697618162334088,0.16737258754192352
id20512,0.020634191518366245,0.001118052335991832,0.978247756145642
id14036,2.0649462918230182e-05,0.999978159280074,1.191257007693168e-06
id25001,0.004896593671415428,0.00043936241887720733,0.9946640439097074
id06175,1.9839009717706916e-06,0.9999887656150548,9.250483973445162e-06
id24720,0.07674702094418841,0.9060701604875054,0.01718281856830619
id08070,0.9962109916121566,0.0037828166308221944,6.191757021170929e-06
id18934,0.9957586300098694,0.0007835508229102306,0.0034578191672202914
id01338,0.9982938970088328,2.4935916594522997e-05,0.001681167074572759
id19008,2.4827854172031673e-06,0.9999578290567802,3.9688157802591066e-05
id19632,0.0018798101244658662,0.9583868231088611,0.039733366766672926
id26224,4.652837763960176e-09,3.2802219815666886e-08,0.9999999625449424
id08219,0.9906881442130547,0.004215316601112257,0.0050965391858330605
id24008,1.6117277459214514e-05,5.2432569976857146e-08,0.9999838302899708
id12475,0.0373995426553022,0.930671781066687,0.031928676278010805
id05766,0.20878707102563782,0.049221794071660066,0.7419911349027022
id27386,0.00037754154466524553,0.9994424404053897,0.00018001804994510626
id12476,1.0886357450698319e-08,0.9999999888088209,3.0482163380343246e-10
id08311,0.9886087238903407,0.010891117783944936,0.0005001583257143384
id04996,0.06708258404166306,0.9326142839559958,0.00030313200234101113
id17350,0.014162716280390772,0.9858364822944855,8.01425123697403e-07
id05546,6.5147426162956e-05,0.9998159005323296,0.00011895204150747199
id16504,0.0017589706596495725,0.998188036777815,5.2992562535518686e-05
id05782,2.2606131510465686e-06,0.00010858081875216378,0.9998891585680968
id20560,0.8207654825968663,0.16111575450081486,0.018118762902318907
id14171,0.007949095962377634,0.030055789228018555,0.9619951148096038
id27461,0.2805113654202838,0.03194282098343037,0.6875458135962859
id03581,0.0308400536467743,0.005242703734733666,0.963917242618492
id21847,0.007094038540506299,0.00028942472588445735,0.9926165367336093
id11712,0.933945408750111,0.015119790582961165,0.05093480066692788
id26738,0.00637291810470936,0.005521525349273808,0.9881055565460168
id13668,0.9987618616289163,0.0012348605460234788,3.277825060177728e-06
id15114,0.9997797997803014,1.2731279589476646e-06,0.00021892709173975186
id20130,0.44305113322355477,0.020438100031848094,0.5365107667445972
id18331,0.985722846473437,4.509370889455034e-05,0.014232059817668407
id24465,0.9999882029877561,8.68150225258442e-06,3.1155099912640392e-06
id13539,0.9512320153592685,0.04851595389424078,0.0002520307464907299
id27564,0.0003225804664152531,0.9995253280285094,0.00015209150507546046
id26043,0.13181460942904805,3.637595444083059e-05,0.8681490146165112
id04965,1.5274961035015182e-06,2.2789534249553825e-05,0.9999756829696469
id08645,0.0003517214687731646,0.00019800779207553853,0.9994502707391514
id26610,0.7494598137677057,0.017310330290348744,0.23322985594194562
id21737,0.5040230053749726,0.43404162341707225,0.0619353712079552
id25784,4.514813598157038e-11,0.9999999501279816,4.982687032429457e-08
id23030,0.9946168749070303,0.004874999583167341,0.000508125509802324
id16450,0.0007595807481738864,0.9983657604911429,0.0008746587606832322
id02161,0.15321296393524533,0.0034147894856572376,0.8433722465790975
id25535,0.9975216139619473,0.00022581099583778147,0.002252575042214991
id16566,0.9653255104407258,0.001073712399575091,0.03360077715969917
id05714,0.9959251129102741,0.004053876179556835,2.101091016906408e-05
id16524,0.8650570047388242,0.13105211551016277,0.0038908797510130775
id23941,0.000512777188168549,0.9991161425516236,0.00037108026020784895
id00831,0.0007376621011186612,0.02818388762802634,0.971078450270855
id18145,0.5567355798810706,0.052941817965845024,0.3903226021530844
id17227,0.9999999960679148,8.147754678246946e-11,3.8506077591156676e-09
id09417,0.8139199142931381,0.039285655361077795,0.14679443034578415
id21307,0.8055976419132361,0.1294180299300643,0.06498432815669951
id05650,1.1297178344433277e-05,0.9999873148547292,1.3879669263633411e-06
id23901,0.8577309955770998,0.11792503134345139,0.02434397307944883
id05831,0.9999971774552331,6.23823368014153e-09,2.8163065332436002e-06
id16708,0.012920418169168833,0.9868211386368236,0.0002584431940075697
id02281,0.03878211682410435,0.09796666501453503,0.8632512181613606
id11599,0.17485665527347266,0.04248583541247747,0.7826575093140499
id18353,0.02230389411711906,0.8886226194579488,0.08907348642493208
id07413,0.723716577126584,0.27313284601037796,0.0031505768630380898
id15653,0.000425305623999559,0.9987285490083501,0.0008461453676503744
id09715,0.0003375059496401232,2.4754259280534275e-06,0.9996600186244319
id05108,0.04970286696865789,0.9499310665401293,0.00036606649121283686
id09537,0.8103456966474666,0.014487549164518275,0.17516675418801517
id27596,0.9276115556363763,0.0700351299384848,0.0023533144251388703
id24255,0.1001052315130205,0.00011005505193782478,0.8997847134350417
id05080,0.0001838859420233278,2.8981246088535904e-05,0.9997871328118881
id09484,0.9948770457605405,0.00035429387363810185,0.004768660365821516
id14864,0.017212226710090636,0.00018776438960457775,0.9826000089003047
id26836,0.8601476365533499,0.03582236063453275,0.10403000281211743
id07003,0.8681200914557577,0.12856140731604876,0.0033185012281935107
id13750,9.106330126292694e-11,0.9999999998863062,2.26305618072547e-11
id21799,0.05049696103131819,0.17139257749127904,0.7781104614774028
id11285,0.9999997844337277,1.6308349608745435e-08,1.992579227517315e-07
id04735,0.996160551439971,0.0016823355707038443,0.002157112989325213
id23049,3.4408788901093046e-07,7.324421699204438e-06,0.9999923314904118
id05826,0.04394599806143345,0.9424673199854403,0.013586681953126315
id17916,0.3679594342583366,0.6211197555335275,0.010920810208136001
id14081,0.036157031557296805,9.826484025280516e-06,0.9638331419586779
id10527,0.06895243529459183,3.999471600734106e-06,0.9310435652338075
id16059,0.002858203268308007,0.9877289380552159,0.009412858676476194
id25542,0.9999808382092724,1.904148064211652e-05,1.2031008543259859e-07
id05402,0.00022825370759798488,0.0013680205550696222,0.9984037257373325
id01927,0.998405860864165,0.0009437479413565099,0.000650391194478438
id27656,0.7714134372416863,0.013211951926776051,0.21537461083153775
id06708,0.0940574768020782,0.7644466484840201,0.14149587471390168
id03524,0.556366691023008,0.35596061519488037,0.08767269378211162
id12297,0.722059136958369,0.05057593251384984,0.22736493052778114
id03439,0.9990784011700655,0.00020638041915946323,0.0007152184107750966
id04587,2.749544707755113e-10,0.9999999989688626,7.56182967847934e-10
id25470,2.4384644430610523e-06,0.9999975547748831,6.7606739187463326e-09
id01212,0.215664154310776,0.7794246746278101,0.0049111710614139666
id13932,0.8748861684640301,0.08039118080938104,0.04472265072658884
id00124,0.027646178547706714,0.0003394522387968794,0.9720143692134964
id01592,0.983142837729021,0.0007891204791773141,0.016068041791801654
id13461,0.17207210329513098,0.7991762647795655,0.028751631925303486
id24681,0.04182692545163495,0.36178023789274044,0.5963928366556246
id23245,0.21877841581565272,0.0013955007612967806,0.7798260834230506
id14073,0.4524861055679717,0.018404808276755332,0.529109086155273
id05172,0.9879786464040543,0.0004671498647868625,0.011554203731158761
id21979,0.9779766454407545,0.005613911591643607,0.0164094429676019
id00328,0.9716050404839051,0.0005469736570250065,0.027847985859069863
id26102,0.9966196514494126,0.000942422338466916,0.002437926212120607
id14867,0.17586368530428642,0.0023776096799378527,0.8217587050157757
id27544,0.0013910098860347674,0.9986082644012234,7.25712741834901e-07
id16228,0.9926165902136462,0.0015517361315782983,0.005831673654775432
id16342,0.07260802141845601,0.9272602063780861,0.00013177220345787958
id24933,0.999341489295395,2.4077174667839566e-05,0.0006344335299371466
id04601,0.8710333121313496,0.005095298512005552,0.12387138935664485
id01599,0.0040486964166633055,0.9893358724276329,0.006615431155703863
id06238,0.964983926193449,0.03349993133304629,0.001516142473504778
id06826,0.17505176980063555,0.6686756085715054,0.15627262162785907
id23307,0.9877819429088177,0.012215938577192794,2.118513989415969e-06
id13575,0.9857669132465566,0.01320693448982671,0.0010261522636167064
id24174,0.5790950019610086,0.0003263718840448852,0.4205786261549465
id19534,0.0475419987149838,0.1632024712486473,0.789255530036369
id19602,0.0072735202678227,2.3587281564852362e-05,0.9927028924506125
id26962,0.00046344371483534366,0.9956875225287595,0.003849033756405227
id04448,0.013163410837635118,0.9867400066785662,9.658248379859462e-05
id09786,0.18338904047915533,0.6580726400654328,0.15853831945541197
id25240,0.4931182599988439,0.31626033300650364,0.19062140699465246
id14893,0.9764711996170279,0.023367197171442096,0.0001616032115300545
id24221,0.999994144161301,4.480023513094414e-06,1.3758151859551948e-06
id04696,0.7022919141054567,0.011444723994339975,0.28626336190020346
id15153,0.003911832521011605,0.9884193078946467,0.007668859584341756
id13882,2.0246349788090295e-12,0.9999999999453172,5.2658229879540565e-11
id17836,0.010713766285077515,0.9867267713729465,0.002559462341976039
id00574,0.0002763935170302297,0.9996331218375961,9.048464537365179e-05
id02078,0.0032240477983922103,0.6807141951759585,0.3160617570256493
id21206,0.009612819628969387,0.9829984759572049,0.00738870441382563
id20084,0.9841091782588538,4.2967352668745915e-05,0.015847854388477436
id26598,0.004757414551181765,9.460036118789435e-05,0.9951479850876304
id06838,0.099508594977093,0.00017064292298745143,0.9003207620999195
id08786,0.00856077700149093,0.0006717999253905021,0.9907674230731186
id09550,0.001843886926162781,0.00013018292374122485,0.998025930150096
id10206,0.9593872323976032,0.0023924264229355234,0.03822034117946134
id21113,0.9850111692549234,0.011936324493405827,0.003052506251670848
id21151,0.32615616093412253,0.668670190417942,0.005173648647935424
id02692,0.9999668627968026,2.1976099909282847e-05,1.1161103288169039e-05
id26446,0.9788553837322895,0.008203541312305947,0.012941074955404547
id07377,0.0020687226087357006,0.9979213517575304,9.925633734006094e-06
id15998,0.8677310597973333,0.05526944727817285,0.07699949292449379
id19637,0.9977231369082274,6.8757398618433e-05,0.0022081056931541206
id19735,0.007846741423450047,0.9735563290006988,0.01859692957585116
id13739,0.0650077305497957,0.008109808789487452,0.9268824606607169
id25175,0.7348536072898432,0.22600680114469596,0.03913959156546086
id00563,0.4591401000423424,0.38152174594565463,0.15933815401200302
id09982,0.9626142786905802,0.0004445592620417872,0.036941162047377935
id15459,1.6699114951141273e-11,0.9999999999832756,2.528703860203683e-14
id20785,0.0006263723524573061,3.883146774283831e-05,0.9993347961797999
id07145,0.0013741900837499347,0.008273204404207063,0.990352605512043
id22204,0.0076466710446282315,0.9832920224204482,0.009061306534923558
id09285,0.7196416968901812,0.0028434769380749152,0.2775148261717439
id18157,0.0009766883569250417,0.0007679472860696328,0.9982553643570053
id12134,0.021098265601990348,0.003984079506056244,0.9749176548919535
id23914,0.9982666053384887,8.768443721567193e-05,0.0016457102242956772
id10483,0.9919236284960866,0.007873765387821498,0.00020260611609192037
id07092,0.9681557439081602,0.0035157034292377025,0.028328552662602095
id14786,0.00485268311854897,0.05583907902624499,0.939308237855206
id25741,0.976838456328087,0.00022653382527792364,0.02293500984663509
id09050,0.0012571969298704464,0.9985893235755278,0.00015347949460180072
id04938,0.9828196277767413,0.0014813611520535991,0.01569901107120516
id05901,0.5271229077734398,0.03128713758807987,0.44158995463848033
id16975,7.811348857448038e-05,0.9998734582615602,4.84282498654364e-05
id08547,0.0002063409573535236,0.00011697777810968592,0.9996766812645368
id16355,0.8097235918516918,0.0006318633223917099,0.18964454482591642
id14568,0.9371563925047449,0.0012893152035323848,0.06155429229172277
id25599,0.03904573363485207,0.6127691661296784,0.34818510023546967
id01670,0.04027339717167236,0.9590914980470503,0.000635104781277418
id23945,0.00013217132392083077,0.9998645476003307,3.281075748500185e-06
id17394,0.004151922897600384,4.5451117316090025e-05,0.9958026259850835
id06501,0.30795285639987996,0.45052860855700533,0.2415185350431147
id26234,0.01682397858675633,0.9786451101275963,0.004530911285647426
id21280,0.00485757000650193,2.346673351463225e-06,0.9951400833201466
id20048,0.004872201093438135,0.040465921142281806,0.9546618777642801
id01216,0.07099661597400352,0.9044168086341893,0.024586575391807267
id25320,0.9658950420496261,0.015445031632702621,0.018659926317671327
id22833,0.037743078814677124,0.005357169985296742,0.9568997512000261
id22056,0.2454967745992021,0.7035270799647618,0.050976145436035965
id02275,0.000977606860109826,0.9968392170155989,0.002183176124291356
id26127,0.7406757080089954,0.001436235278050143,0.25788805671295445
id17011,0.0011665378885840885,0.9987947937437666,3.866836764932031e-05
id13847,0.9867456825436802,0.0008940426946298329,0.012360274761690033
id00013,0.0031584289362551633,0.9959539105540893,0.0008876605096554798
id16463,0.9926650303434946,0.0022161943784355575,0.005118775278069892
id04845,0.031856008110342275,0.9470440178131725,0.021099974076485256
id01787,0.007739862372793291,0.01780914224053606,0.9744509953866707
id08637,0.9760403939254007,0.023078863061972307,0.0008807430126270492
id11414,0.0005719545572349891,9.270569586504031e-06,0.9994187748731785
id13177,0.047880652288627756,0.5797884024838639,0.37233094522750837
id24517,0.9983842663771892,0.0011312626898373915,0.0004844709329733749
id26838,0.9278917449503465,0.01503307381382123,0.05707518123583219
id23081,0.00010463840542599559,0.9997481387623466,0.00014722283222751034
id16327,0.009773052845238116,0.9653264220784369,0.024900525076325005
id27282,1.3988902426212792e-07,0.9999998584478564,1.6631192702191203e-09
id07489,0.32270700603877867,0.021860436311749335,0.6554325576494721
id01718,0.0005875969499478972,6.370629273280889e-05,0.9993486967573193
id15441,0.957076288792417,0.022340120836975633,0.02058359037060734
id27736,0.0024420484985956,0.9239845600476118,0.07357339145379267
id16324,0.0015354797984585649,0.30628857999872644,0.6921759402028149
id12027,0.26799633014842,0.14346930265057478,0.5885343672010052
id24653,0.00021744451656999342,0.9997820725122372,4.829711928257179e-07
id17541,0.04624097981405457,0.00985876140095265,0.9439002587849928
id22406,0.053627184318620666,0.6991718631405128,0.24720095254086655
id18356,0.7365639223398481,0.2431645265157446,0.020271551144407315
id04505,0.7711270570010984,0.058557386095631124,0.17031555690327055
id04246,0.6845852005798636,0.16023004111019037,0.15518475830994602
id07368,0.6229424761709473,0.20923454699707428,0.16782297683197836
id26185,0.002205214692538303,8.97829955472304e-05,0.9977050023119145
id08878,0.10998948257295986,0.1664330243426142,0.723577493084426
id27691,1.3357513067560096e-05,4.093237709369477e-06,0.999982549249223
id18004,0.8833639607105667,0.020229316071336833,0.09640672321809657
id24426,0.8662368521886274,0.05655163153977177,0.07721151627160089
id14164,0.9925147568413292,0.005071372952709607,0.0024138702059611993
id12653,1.6966924710593303e-06,0.9998482387899646,0.0001500645175643507
id18060,0.45416610237456856,0.09101882929188211,0.4548150683335494
id18556,0.7835035399553985,0.07471358961633193,0.1417828704282697
id27371,0.00858349079378867,0.04002938766393842,0.9513871215422729
id11989,0.2034274218697743,0.48984624301977625,0.30672633511044944
id26095,0.9999046105108935,4.8271372776439206e-05,4.711811633007864e-05
id24978,0.08160242138128247,0.018389889184406615,0.900007689434311
id20322,0.5941293004663479,0.003546288607575789,0.40232441092607624
id01954,0.9930541339249797,0.006435215957203907,0.0005106501178165224
id07434,0.22209964521407974,0.29230815144132816,0.48559220334459213
id18144,2.7931776777869614e-05,1.1432291551307538e-05,0.9999606359316708
id16250,0.0232466288713199,0.9590671081982837,0.01768626293039642
id17793,5.441907050525743e-05,0.0007090825434600145,0.9992364983860347
id24067,0.3993365046759026,0.01918194416882136,0.5814815511552761
id13891,0.0023733650609946188,1.627650707910586e-05,0.9976103584319262
id07334,0.0009779811824521057,0.9986207970694627,0.0004012217480851831
id15633,0.00032062460813801373,0.9991868144565744,0.0004925609352875547
id23239,0.9865985752028072,0.0023640998335755646,0.011037324963617208
id10674,0.08539922266896899,0.01531008683339749,0.8992906904976335
id22093,0.5169253383943844,0.2913883263385763,0.1916863352670393
id08444,0.00908979957118119,0.966920294800206,0.02398990562861277
id03257,0.007021484554941547,0.0037435548455806485,0.9892349605994778
id10040,0.3892678069466713,0.6077571894776488,0.0029750035756800114
id04902,2.925815781172986e-05,6.373255706167483e-07,0.9999701045166176
id01219,0.9229961849972965,0.01712933094764211,0.059874484055061385
id01340,0.9939016858393349,0.0029810928787387505,0.0031172212819264244
id05117,0.008179430326983164,0.9845405967308409,0.007279972942175961
id04908,0.025152766809727667,8.132109360633567e-05,0.974765912096666
id03626,0.0007598939475094283,6.789650092240237e-07,0.9992394270874814
id01888,0.9999873889381194,9.8202972958521e-06,2.7907645846841484e-06
id17199,0.04700853658869241,0.0013306213172924344,0.9516608420940152
id11200,0.9677445900534279,0.030089022641624052,0.002166387304947996
id27561,0.21574506395418003,0.03565159648110056,0.7486033395647195
id20966,4.167339854206211e-05,0.999919074668507,3.9251932950897086e-05
id10257,0.007234391040556552,0.9850311290642202,0.007734479895223215
id21168,0.001828261215857593,0.9710907356064407,0.027081003177701752
id23363,0.00035493219258928314,1.3513894644101759e-05,0.9996315539127666
id05321,0.999309257323461,0.000553509764404732,0.00013723291213431387
id09928,0.015035887150028437,9.128236297734852e-05,0.9848728304869943
id18015,0.9999999997138627,2.858578845288209e-10,2.7947731886896977e-13
id02082,0.006919710020743538,0.9929192514928702,0.00016103848638628705
id19279,0.8581847851826794,0.13424982645231248,0.007565388365008143
id08541,0.0020135825224384145,0.997477887743235,0.0005085297343265275
id15249,0.007006251561136912,0.9881904263577337,0.0048033220811294535
id03609,0.014052366208860535,0.9508500659844586,0.03509756780668086
id22902,0.00038786111334137104,7.666437405267255e-05,0.999535474512606
id17733,0.9992316134302653,0.0007370238247608717,3.1362744973809647e-05
id07554,0.016079134055828084,0.009350710752228885,0.974570155191943
id14120,0.9189716168708281,0.03779775600656357,0.043230627122608424
id21802,0.0036662297090117014,0.9962960461493492,3.772414163915525e-05
id15614,0.0007895412795476914,0.9989623081065206,0.0002481506139317004
id19437,7.073843417659945e-07,1.3612793228513355e-08,0.999999279002865
id22698,0.9488798467320727,0.03791461638686722,0.013205536881060102
id21841,0.0008533047769334989,0.9984011119523527,0.0007455832707138656
id16177,0.9284805884940713,0.05858815610829878,0.012931255397629864
id15887,0.009891010843650417,0.016567830008071976,0.9735411591482777
id22629,0.6885701675752958,0.026970376395303586,0.2844594560294007
id10346,0.915058559383079,0.006027044292039812,0.07891439632488119
id05154,0.9612491708244869,0.019137257178417962,0.019613571997095194
id22913,0.5251661682948501,0.4679812913837578,0.006852540321392115
id10544,0.06601691130261683,0.6752831777613938,0.2586999109359894
id08703,0.0013650505087709091,0.9986307227829849,4.226708244259751e-06
id12817,0.1604248252401406,0.0012332229214798629,0.8383419518383796
id25433,0.9775340235382403,0.0056385000986943915,0.01682747636306537
id25112,0.00991629440175089,0.0005728150938767702,0.9895108905043724
id05054,0.00017218047007984093,0.9915194804345822,0.008308339095338062
id02311,0.011356512251616263,0.9859468840828097,0.0026966036655741124
id22160,0.007477649691070262,0.9922240305673942,0.00029831974153561206
id17422,0.9999998707134968,1.0598125761541477e-07,2.3305245556242716e-08
id18985,0.7719129083764483,0.020858143949121857,0.20722894767442981
id21905,0.016371015085154064,0.002406899221105214,0.9812220856937408
id17474,0.9217420506041365,0.07324947898068261,0.005008470415180935
id15236,8.407582339376522e-06,0.9997759113496124,0.00021568106804829132
id13964,0.9650630533100801,0.011560584833645415,0.023376361856274445
id15962,0.0002522490031267683,0.9996443584327005,0.00010339256417272141
id20866,0.03914184868791624,0.06143139321278664,0.8994267580992971
id06625,0.28107052710168035,0.050363636778788,0.6685658361195317
id09793,0.7978673583774166,0.0067600625661655605,0.19537257905641792
id17365,2.036073652241226e-05,0.9999764265067425,3.212756735084197e-06
id18463,0.03928711434758541,0.9162609307156946,0.04445195493672007
id20693,0.11283064654114955,0.5971907694278243,0.28997858403102617
id08785,0.0003184907816192298,0.9995615331693791,0.00011997604900161023
id06783,0.0066644392913456285,0.9896532313857862,0.0036823293228682675
id23178,0.031100874332611467,0.00031216370847792646,0.9685869619589107
id13513,0.0023144476742078795,0.9953062086242386,0.0023793437015535764
id25361,0.00038802281811688513,1.96861584660157e-05,0.9995922910234172
id22319,0.46380586222188297,0.09981397151478623,0.4363801662633308
id14024,0.3954964348033198,0.047884339404920005,0.5566192257917603
id24186,0.0006004486200230448,0.9990389661212138,0.00036058525876320256
id20965,0.9347407211502132,0.012142172828411657,0.05311710602137509
id06242,0.0585456166844758,0.04864080719305821,0.892813576122466
id25665,0.025016833324813983,0.3493311274467386,0.6256520392284474
id09706,0.506212801173645,0.1422961327113044,0.3514910661150507
id11026,4.5413196928621014e-09,0.9999999728335608,2.2625119623886138e-08
id04223,0.9924221997102212,0.0035009146605459863,0.004076885629232774
id19674,1.437297499311766e-05,0.9998443669253275,0.00014126009967943567
id23420,0.012164730542438612,0.7862458727631562,0.20158939669440523
id18059,0.06890324040417287,0.9173524519216317,0.013744307674195457
id22576,0.9608218689489374,0.029588235925164755,0.009589895125897887
id18495,1.6952982536536082e-05,0.9999085134117207,7.453360574275821e-05
id14139,0.9981417520711348,0.0011502361440901096,0.000708011784775178
id18313,0.024291704322536363,0.9735756498600077,0.0021326458174560463
id27356,0.9969043778734994,0.00272832785907949,0.0003672942674210696
id16035,0.011716664991364178,0.0003264644682593795,0.9879568705403765
id04182,0.734981038502,0.17629095250224872,0.08872800899575137
id15667,0.9999328719305359,3.93940947136426e-05,2.7733974750501554e-05
id08713,0.9981833699988812,0.0008294923483769951,0.0009871376527417492
id25563,3.6151152709163194e-06,0.9999604728014294,3.5912083299668634e-05
id17023,0.9981314948861202,0.001425604596121091,0.0004429005177587956
id03014,6.18334430365042e-12,0.9999999679347612,3.205905546443239e-08
id23812,0.004849154770549084,0.9950678871319263,8.295809752472719e-05
id20057,0.07286132890471603,0.2110066393285126,0.7161320317667714
id12385,0.9415715101941049,0.03148672158856446,0.026941768217330617
id24416,0.10309075658082975,0.8966279836022587,0.0002812598169115142
id15672,0.014873498463731255,0.8060504482064977,0.1790760533297711
id13868,0.9998675503861335,0.00013244873652335786,8.773431518027246e-10
id21095,0.05238918129021264,0.048659640168491454,0.8989511785412959
id05305,0.21021609869138372,0.6925592955058725,0.09722460580274378
id15384,0.004414552098422169,0.006735814154401089,0.9888496337471767
id14049,0.005052453232068316,5.698655603965264e-06,0.9949418481123278
id23441,0.9504557709402793,0.041436067862468416,0.008108161197252202
id12856,0.03824315430804645,6.979703421967018e-06,0.9617498659885316
id16055,1.5638928123962536e-06,6.606720848258144e-07,0.9999977754351028
id24771,0.03928399064406022,0.941543360052135,0.019172649303804763
id14053,0.8920625962965023,0.04539343900809563,0.06254396469540212
id19547,0.002394472697471811,0.09303928255950228,0.9045662447430259
id03639,0.1881344077314229,0.8010313565460637,0.01083423572251319
id14546,0.16504911549864676,0.812250497403194,0.0227003870981593
id13935,0.774287119419925,0.0004530304088902867,0.22525985017118472
id20335,0.20289817512801042,0.759388651575181,0.03771317329680869
id07301,0.018651144080999767,0.02262277786824348,0.9587260780507568
id10186,0.909079033354719,5.805912739022029e-05,0.09086290751789079
id00192,0.7816360273721067,0.026889942418486624,0.19147403020940668
id17851,0.9969797625132202,0.002981378546751761,3.885894002803729e-05
id08403,0.004516236554195532,0.9897248964626051,0.00575886698319936
id06183,0.6380428551590802,0.048434653864079746,0.3135224909768401
id24738,0.07535106977686627,0.666134022312295,0.25851490791083875
id15112,0.9475109266802009,0.01140940442110286,0.04107966889869624
id19819,0.0005740115298689001,0.00031029940733311314,0.999115689062798
id17722,0.0011671015976450277,0.006543395381338376,0.9922895030210167
id24273,0.005215267113038481,0.8143585447317379,0.1804261881552238
id18939,0.0007156575861347153,1.6613354243392824e-05,0.9992677290596219
id16076,0.08687905823779986,0.9115102815054362,0.0016106602567639396
id23158,0.0036458884363497614,0.0028714629406712067,0.9934826486229791
id12745,0.6802416719060957,0.0745872295113689,0.24517109858253544
id22538,0.13109501385105526,0.7440130223648976,0.1248919637840472
id14975,0.2202663758122052,0.7796410931850779,9.253100271687042e-05
id27537,0.9885611008575576,0.009633127176175219,0.001805771966267233
id06632,0.38262856644441645,0.00017996508925045403,0.6171914684663331
id08100,0.04075134868161259,0.9590802401513573,0.00016841116703019337
id00843,0.9999926643991693,1.5386956455655924e-07,7.181731266113704e-06
id22159,0.014302441625065295,2.271431452181494e-05,0.985674844060413
id18672,0.9205107687315449,0.0004203988567480756,0.07906883241170706
id06916,0.047417542551084386,0.9487074701796523,0.0038749872692634313
id22212,0.8891008461944878,0.01819526643674207,0.09270388736877017
id00273,0.07396095292609936,0.0011434664249952828,0.9248955806489053
id26325,0.2912343818547299,0.6642937336131728,0.04447188453209727
id23683,0.04365350036006566,0.9560915866475818,0.0002549129923526198
id14419,0.0014971902935906644,0.9968212252786229,0.0016815844277864823
id11931,1.40399670744199e-09,0.999999998558873,3.713033871779551e-11
id00568,0.15403137556049631,0.8346858223567388,0.011282802082764918
id12271,0.9792710761785989,0.020209679668784886,0.0005192441526162407
id12622,0.9967852176591543,0.00320576042206961,9.021918776160012e-06
id03156,0.1681576177933706,0.7113284681617498,0.12051391404487963
id25592,0.9374238848420189,0.05931734515394806,0.003258770004033037
id24367,0.9973630146171705,6.382419142961096e-05,0.002573161191399979
id16007,0.0058278272873845795,0.028803669422106826,0.9653685032905086
id04785,0.718969765291174,0.01129103445401713,0.2697392002548089
id07888,0.006264127241626783,0.0012852517449011003,0.9924506210134721
id13557,0.09118511928802084,0.8987489260260811,0.010065954685898016
id20726,0.9782700043356028,0.003943613631255274,0.017786382033141836
id09580,0.9938437363708044,0.004298464114177456,0.0018577995150181456
id05173,0.0012862904121925573,0.9986857057073762,2.800388043123789e-05
id10394,0.00048741128134387337,0.9994651247603974,4.7463958258730174e-05
id03926,0.00442516555314841,0.9923657329431694,0.00320910150368219
id07264,0.9994049360209994,7.080080133076314e-05,0.0005242631776697525
id01862,0.007480756876054939,0.9788469430587364,0.013672300065208611
id20808,0.016592570568288827,0.9829487145448985,0.000458714886812738
id26658,0.846507131232746,0.0377442205929562,0.11574864817429785
id04479,0.6946940915850837,0.07030242382209076,0.23500348459282555
id17445,0.00461138766047103,0.990820238441766,0.00456837389776303
id04430,0.0008172295108716865,0.9951647811800385,0.004017989309089858
id06052,0.4524329921585711,0.008487774198502154,0.5390792336429268
id11485,0.49130251644602146,0.050297289001727245,0.45840019455225145
id13060,0.2155955196762674,0.01737362536441426,0.7670308549593183
id20873,0.5006122014298094,0.048982437353407404,0.4504053612167832
id21927,0.018377395679036377,0.9806685617009063,0.0009540426200573232
id02736,0.3637115722296746,0.05391401394772365,0.5823744138226017
id11234,0.12144577770452272,0.024031590840418678,0.8545226314550587
id27894,0.9973120502304467,3.484058696132447e-05,0.0026531091825920477
id23208,0.08388197575707884,0.5784656949949691,0.33765232924795197
id18470,0.2844166675419853,0.26874506253106795,0.4468382699269468
id23172,0.03946924541232689,0.9436943441711254,0.016836410416547785
id08752,0.9168201361770733,0.0008122147368079439,0.08236764908611884
id14242,0.2826628261970517,0.009417196353706313,0.7079199774492421
id22908,0.9606953095865993,0.0003974786100632118,0.03890721180333749
id17454,0.014103656286303713,0.16083333231412653,0.8250630113995697
id23797,0.9473655815078219,0.0024228744815425187,0.05021154401063555
id03788,0.9580037828134127,0.01009714699065084,0.03189907019593654
id23682,0.36354092309386893,0.018932472317444556,0.6175266045886865
id07179,0.9645856786177748,0.03404730216063706,0.0013670192215882086
id09746,0.0007058495428093097,0.9992747446563655,1.9405800825294527e-05
id26613,0.053828146564355514,0.08290252183724517,0.8632693315983994
id05142,0.9999998489112333,8.886229004928677e-08,6.222647665729685e-08
id04825,8.204153185078068e-05,0.9995327184456804,0.00038524002246884706
id13691,0.46646845233637196,0.05538512219606574,0.4781464254675622
id14183,0.0007712939505150442,3.90950589405821e-07,0.9992283150988956
id19519,0.05022559260879262,8.338803070332023e-05,0.949691019360504
id26685,0.5929145432470414,0.00402179200626892,0.4030636647466897
id07937,0.07549189637569129,0.03299069868000488,0.8915174049443039
id10574,4.302612142144556e-05,0.9999560371062296,9.367723489306973e-07
id15310,6.6924456940524e-05,0.9993447166711137,0.0005883588719457578
id27311,5.837668038465133e-07,4.7521826835849685e-07,0.9999989410149278
id11590,0.955755600284318,0.009456805148752944,0.034787594566929037
id19798,0.00030882408571452583,0.9356171699892045,0.06407400592508106
id12201,0.9033425859621683,0.0783678668840657,0.018289547153765916
id12460,0.14017323239491813,0.012399613276738898,0.8474271543283429
id12019,0.9277378385530766,0.06505423269653099,0.007207928750392498
id08046,0.36912744509824913,0.0352154325364222,0.5956571223653288
id02989,0.028358234258652512,0.16781515324758817,0.8038266124937594
id26905,0.0008144318225695134,0.06710687911632349,0.932078689061107
id09779,0.9999999574433699,3.436881355795681e-08,8.187816491988683e-09
id04359,0.22521945475324792,0.5384056598624746,0.23637488538427742
id01526,0.9991958867932297,0.0007658817308607508,3.823147590950335e-05
id22325,0.025625058534116316,0.9449202861170952,0.02945465534878845
id27878,0.4381801972340285,0.2866136908357094,0.27520611193026207
id06413,0.00019459909378268927,0.9997464259344035,5.89749718137253e-05
id12616,0.0036249880458715435,0.9959574329874712,0.00041757896665732655
id05301,0.9950253398754532,0.0002050745882249956,0.004769585536321905
id13258,0.13413767205878177,0.012003813052647616,0.8538585148885706
id08789,1.2254459174864452e-05,0.9997469457348451,0.0002407998059800648
id11776,0.00016606272118794042,0.9998238269764802,1.0110302331888118e-05
id21899,0.903229632830868,0.09275487619115202,0.00401549097797984
id18108,0.09938273481770062,0.001977411106731741,0.8986398540755677
id23585,0.576509353636453,0.24561131050751672,0.17787933585603033
id22122,0.14367510063369648,5.542152393540009e-06,0.85631935721391
id22855,0.6051351229530373,0.2651744089480687,0.12969046809889404
id19551,0.9976235530819966,0.00018514704947277582,0.0021912998685306166
id18535,3.3114778318803507e-06,0.9998519629911433,0.0001447255310248219
id15115,0.23371072817768543,0.007423391622587614,0.7588658801997269
id00678,0.9999932827077083,5.536815671673188e-06,1.180476620085843e-06
id21876,0.027073366944702044,0.908613315431035,0.06431331762426298
id01553,0.8549297991857057,0.018417707873018007,0.12665249294127637
id09456,0.9853320533502486,0.013545207098724728,0.0011227395510266496
id01455,0.12015607737340162,0.6529799539157658,0.22686396871083253
id02454,4.509441002912844e-05,0.9999467983356708,8.107254300063763e-06
id07911,0.19782829868204171,0.00012171302859017403,0.8020499882893681
id13383,0.9471187612016853,0.045809688149574784,0.007071550648740007
id19953,0.39528932627805347,0.00015836143957620032,0.6045523122823703
id10316,0.9620652459731591,0.01775755975699643,0.02017719426984447
id01991,0.32590920211014934,0.05129844855374434,0.6227923493361063
id19176,0.9961179736588774,0.003592201388577887,0.0002898249525447196
id06744,0.059796284695189945,0.02633085481159534,0.9138728604932147
id09999,0.11765061112222955,0.00031372595291089054,0.8820356629248596
id11253,0.01606909735277934,0.011589310329937413,0.9723415923172832
id15089,0.010834007830881948,0.9834546515828985,0.0057113405862196315
id16821,0.15995969203862473,0.0012522168283408733,0.8387880911330344
id08256,0.9999933227760833,4.3661185086322774e-08,6.6335627316659745e-06
id14844,0.38675825218134974,0.1984550309517821,0.4147867168668683
id25950,0.0009802839702178782,0.9940310314813731,0.004988684548409039
id11961,1.5857405576084223e-05,0.9992117409932704,0.0007724016011535938
id00092,0.0002288941484998586,0.00026689606463634817,0.9995042097868638
id13083,0.0025104645369241666,0.04946467848602742,0.9480248569770484
id25825,0.9135540361958516,0.01392351158588418,0.07252245221826421
id03045,0.0015289403465002214,0.0017575118949540512,0.9967135477585457
id19037,0.40668495492529566,0.32170602299578666,0.27160902207891774
id24357,0.029482397748926567,0.004685907314831478,0.965831694936242
id24449,0.03650210414382625,0.9201696094643217,0.04332828639185209
id22847,0.00048330303660980924,0.9982581687512473,0.0012585282121428433
id27720,0.9999097212788229,6.547397315507908e-05,2.4804748021978345e-05
id11619,0.49553985143038226,0.4886236941567764,0.015836454412841348
id03129,0.9952964967689171,0.0024023671877364395,0.0023011360433464797
id04264,0.000182300007765255,0.9998146732583307,3.02673390409738e-06
id19748,0.05195717567485971,0.007018714681546427,0.9410241096435938
id20851,0.0008533502459481281,0.0007194445324858891,0.998427205221566
id13277,0.9907856045216219,0.008373460509489084,0.0008409349688890298
id06419,0.0010028186944649492,0.9989892902902172,7.891015317814337e-06
id00581,0.9818158664276124,0.00810674171600624,0.010077391856381353
id08765,0.8659140667530538,8.376575994300787e-07,0.1340850955893468
id13492,0.08655671881371549,0.8429640664552734,0.07047921473101104
id12049,0.03998109193932565,0.9588292807154459,0.001189627345228459
id12700,0.976595005406677,0.023158553320029886,0.00024644127329312947
id07697,0.999844325487561,6.472740260877755e-05,9.094710983031082e-05
id00262,1.4202134256464371e-08,0.9999999853288526,4.69013272509545e-10
id20969,0.0022686540390335903,0.9229360933792273,0.07479525258173916
id18465,0.0001296217200154994,9.127105037110215e-05,0.9997791072296134
id10027,3.519346882035912e-05,0.9996641139919388,0.00030069253924087003
id03007,0.027143025594956988,0.9626452632345215,0.010211711170521567
id23465,0.15444805448154558,0.37401885063061313,0.4715330948878413
id09086,0.8697080981719549,0.07977183407959253,0.05052006774845261
id08015,0.0004548057692996528,0.9904881667408164,0.009057027489883962
id04285,0.5516670587656044,0.0040556051212157435,0.44427733611317993
id04356,0.0008952409558595981,0.000760186219091346,0.9983445728250491
id03554,0.6232741296088217,0.3305961505607693,0.04612971983040902
id06922,0.8992175604528645,0.06473084855646206,0.036051590990673475
id15733,4.383887880870871e-05,0.9999511795800549,4.981541136516125e-06
id24934,0.004290037312340462,1.088104402301883e-05,0.9956990816436365
id05529,0.9919487062302033,0.0021635709656206395,0.005887722804176131
id00298,0.0020399452953219436,0.9633771554358176,0.03458289926886047
id08158,0.9295281144540805,0.05889429543252126,0.011577590113398366
id15135,0.3176527409846632,0.1903759509566598,0.49197130805867706
id06574,0.3302924275537243,0.36154684131121323,0.3081607311350625
id20017,0.00017931607932239672,0.999621617123221,0.0001990667974566144
id14386,0.00465352711123131,0.0004057519008089774,0.9949407209879597
id24226,0.7181601693931386,0.2744125745221908,0.007427256084670608
id24212,0.3536540009738959,0.4924226716579352,0.153923327368169
id14116,8.922003531989803e-07,1.0225637739393625e-09,0.999999106777083
id14500,0.003926352768126209,2.72503619150058e-07,0.9960733747282546
id22744,0.04003438490019509,0.18934988536434066,0.7706157297354643
id16163,0.9999999929908281,2.418671354507324e-09,4.590500501528251e-09
id17883,0.9974985453276826,0.0009062530446683349,0.0015952016276492083
id04631,0.004925076518840098,0.00048801298735546444,0.9945869104938044
id26517,0.606517146818009,0.11422895925989886,0.2792538939220922
id12655,0.01634597701265366,0.8076549380838327,0.17599908490351363
id01505,0.6793757711640563,0.2695427810922971,0.051081447743646466
id00104,0.024963092547723956,0.006072002669752306,0.9689649047825238
id20387,0.013318318937199543,0.9690881173525023,0.0175935637102981
id02843,0.03286800869698876,0.0020350972036811627,0.9650968940993301
id04361,0.06859115880085298,0.0010403260379032292,0.9303685151612437
id26813,0.9999850402715714,2.668036794486121e-07,1.4692924749081214e-05
id01466,0.000193935550332168,0.9558419421330178,0.043964122316650076
id17090,0.12442971444690962,0.8352106683202485,0.0403596172328419
id06691,0.034943597490745465,0.00351358212681028,0.9615428203824442
id09408,0.9216877712640253,0.05686996915621364,0.021442259579761005
id15285,0.9991865196287352,2.3084300759611536e-05,0.0007903960705052739
id16283,0.9999109338781896,3.166028786908296e-05,5.74058339413776e-05
id12607,0.9680147052235716,0.0066314271284510515,0.025353867647977313
id25965,0.757541465859851,0.004100002927594831,0.2383585312125542
id07268,1.1777429313062318e-05,0.9999861635014111,2.0590692758687385e-06
id13529,0.0004088822766954302,0.007013359321625807,0.9925777584016788
id11969,6.252614814009517e-05,0.99966627041598,0.00027120343587995753
id20299,2.613711539477488e-05,0.9991109531750405,0.0008629097095647881
id08770,0.02279289213767987,0.00359926353107753,0.9736078443312427
id20730,0.5024579159547973,0.008780864375340872,0.4887612196698618
id06333,8.95362104006332e-06,0.9999864856047571,4.560774202886911e-06
id27451,0.981819521015968,0.008717407781669297,0.009463071202362651
id12111,0.5627438354874565,0.0007614332991550495,0.4364947312133884
id06609,0.1063281578516771,0.0013485529936292948,0.8923232891546936
id12299,0.9701796043547158,0.0005015141833938842,0.029318881461890378
id23264,0.9990534931152182,2.483419687754372e-05,0.0009216726879042407
id04222,0.033515251580438804,0.964357152352168,0.002127596067393255
id17229,0.0003213631840687132,0.9994938052548402,0.00018483156109105393
id24365,0.0009880910419886363,0.0010393446069600473,0.9979725643510513
id18294,6.917276105022984e-06,0.9999919623689623,1.1203549328192684e-06
id04493,0.9935543274137096,0.005469804815439092,0.0009758677708512531
id27575,0.9996561259320348,0.00028594713382692946,5.792693413836028e-05
id03801,0.8196381457414936,0.005683515726497907,0.1746783385320084
id11611,0.002942016302678563,7.113701754171331e-06,0.9970508699955672
id01632,0.39062779333004716,0.001923250795057332,0.6074489558748956
id06510,0.7286698849701447,0.12251194289042419,0.1488181721394311
id20431,0.4102530792780602,0.004191311762518055,0.5855556089594217
id23529,0.7670310864054471,0.141688867258323,0.09128004633622983
id13951,3.476027507578344e-05,0.033446037355479456,0.9665192023694448
id00803,0.015008220894595775,0.9846751382450024,0.0003166408604018568
id06737,0.9996805966662721,7.036397089855955e-05,0.0002490393628293294
id24288,0.9993676880237533,0.0004084471072750092,0.00022386486897172525
id08385,0.00566759751358205,0.9895652342146631,0.004767168271754831
id22859,1.7640033034747074e-05,0.9999809691811457,1.390785819606052e-06
id22234,0.24888516582915302,0.20726597098735705,0.54384886318349
id10365,4.661818823086515e-08,0.9999999507745548,2.607257005116432e-09
id00865,0.0011487755379378567,0.00012238451635696452,0.9987288399457052
id19405,0.0001168732059758776,5.115644522021721e-07,0.9998826152295719
id11246,0.009638876923503745,5.132244482863426e-05,0.9903098006316676
id19587,1.8076889986637246e-06,0.0015221196206704301,0.998476072690331
id24614,0.017342765738956947,0.9804814364325577,0.002175797828485315
id23623,0.99051692804983,0.009068037747673332,0.00041503420249667833
id15271,0.36095085782397446,0.002856441308127693,0.6361927008678979
id20478,0.0034460103498923362,3.410631313120479e-05,0.9965198833369765
id25277,0.9931770709226755,0.00013739681324894908,0.006685532264075544
id22004,0.988219250754152,0.0012177314005177272,0.010563017845330315
id16728,1.4739946054744964e-05,0.9999813154476681,3.944606277257368e-06
id06907,0.4976985964488201,0.3588276438891731,0.1434737596620068
id11895,9.41611926750846e-06,0.9999875726242619,3.011256470567721e-06
id13802,0.13103565820724164,0.7667719027055789,0.10219243908717952
id18459,0.016393572366303857,0.982228833195187,0.0013775944385092504
id21371,0.9971358205913753,0.000878216097351994,0.001985963311272783
id11408,0.014357780707220762,0.9852415445614163,0.0004006747313629447
id05442,0.23081487308899082,0.7514486342995464,0.01773649261146272
id21499,0.4417145345904907,0.09741946564005638,0.4608659997694528
id18066,0.714285657231033,0.25145344357924887,0.03426089918971821
id23617,0.03892191615501046,0.001597719144390656,0.9594803647005989
id07725,0.0024557967587857743,0.008816874983690496,0.9887273282575237
id24627,0.6888983843731854,0.03810478402365213,0.27299683160316246
id19108,0.9982936761540074,0.0016764793556167648,2.9844490375752965e-05
id11800,0.0006280478440323484,4.0265450769660215e-06,0.9993679256108907
id14588,0.935078404163763,0.0015317330330135042,0.06338986280322359
id27474,0.7722693354307161,0.19913644387704232,0.028594220692241566
id07924,0.9832730858354385,0.001759361691801565,0.014967552472759972
id10772,0.9934674320592264,0.002468724713024544,0.004063843227749125
id19235,0.11783590634921744,0.20803808705832538,0.6741260065924572
id13647,0.3280942341834611,0.26418650881206623,0.40771925700447265
id08673,0.9287357360024743,0.001774543138589351,0.0694897208589364
id24850,0.0004165057828584345,0.9988354268010011,0.0007480674161403771
id11764,0.9629538484697029,0.0005235288237476743,0.03652262270654948
id05197,0.0065523738138092225,0.9927216926288785,0.0007259335573122498
id23600,0.35696875685928203,0.0039691027577288054,0.6390621403829893
id14699,0.0015989039678483033,0.9980756194450868,0.00032547658706485257
id26801,0.7475656203896812,0.02895763428878553,0.2234767453215333
id25664,0.8806369835174007,0.11906594221614963,0.0002970742664496786
id07809,0.9995454102751018,0.0003919210611762673,6.266866372195819e-05
id13081,9.295451734816595e-05,0.0001697365080440786,0.9997373089746078
id11381,0.01950765964370257,0.023521571193809813,0.9569707691624876
id14721,0.16505352107001173,0.4295777773166732,0.40536870161331506
id07800,0.9167695078882984,0.00036464517340452525,0.08286584693829724
id13883,0.628693199308544,0.19917100471592247,0.17213579597553358
id04488,0.44539765863468966,0.029388339069397314,0.525214002295913
id03530,0.33242812429588126,0.21508401348630643,0.4524878622178123
id15823,0.0012401945001322486,1.522566723033722e-07,0.9987596532431955
id11701,0.13702290701907427,0.004787143234546721,0.8581899497463791
id07806,2.4444803230890434e-06,0.9998444908544115,0.00015306466526548963
id19036,1.6803900151489113e-06,0.9999927082967593,5.6113132255490315e-06
id20765,0.95086418669089,0.0417138343371249,0.007421978971984997
id26691,0.11860014015497804,0.05659674995179344,0.8248031098932286
id02642,0.0022831802086444104,0.0006814326800531942,0.9970353871113024
id06475,0.9051485859525099,0.08693193724819712,0.007919476799292934
id19019,0.9402364470784216,0.021316878892119494,0.03844667402945897
id14616,0.0009078257101745923,0.00017072144427403787,0.9989214528455514
id08537,0.9980693090788437,0.001916612493620558,1.4078427535778315e-05
id19126,0.1992406708299123,0.024534107698037814,0.77622522147205
id01774,0.0007361436571429742,0.00028555078398201963,0.998978305558875
id08623,0.5981142522160133,0.21944992943746822,0.18243581834651845
id17150,1.694062642525364e-05,9.065902734118972e-06,0.9999739934708407
id06325,0.008503711711975632,0.01074970906311562,0.9807465792249088
id23161,0.0012606557544260003,0.009582492972441715,0.9891568512731324
id09876,0.06569489045924579,0.0026629527260551805,0.9316421568146991
id01551,0.9984723305981273,0.0011392002605492193,0.0003884691413233844
id12334,1.0526804944469226e-08,0.99999996267491,2.679828502865438e-08
id03577,0.1360242305583488,0.003669866946615195,0.860305902495036
id20706,0.9999771960231826,7.309618084676023e-06,1.549435873280468e-05
id23704,4.5357886990743874e-05,0.9998471253042133,0.00010751680879596024
id10029,4.604981123462306e-06,0.9998798448729243,0.00011555014595231576
id19600,2.4452785142931038e-06,0.9999888395877917,8.715133693926596e-06
id22367,0.05465291456649798,0.9440608650344184,0.0012862203990835646
id12262,0.9992352908164099,0.0001656828502522418,0.0005990263333378405
id09698,0.029275215761892348,0.9353760971811886,0.03534868705691889
id10919,0.9983687547512847,0.0012769957656955915,0.0003542494830196328
id12508,0.006959663894441791,0.9325560107505954,0.0604843253549628
id16206,0.7816254526056374,0.004171245667717006,0.2142033017266457
id25927,0.0008485908063559847,0.011098855737792545,0.9880525534558515
id23189,0.0007325676253329685,0.9992559458743356,1.1486500331412582e-05
id00406,0.003961319772872492,0.9940207687246617,0.002017911502465807
id01257,0.036447654346009946,0.8300267487731676,0.13352559688082247
id15147,0.9999999986148898,1.8921006451253434e-10,1.195900181247164e-09
id24692,0.9345464207404371,0.043641227048978964,0.021812352210583835
id02919,0.01566678472504328,0.9841961166478651,0.0001370986270917044
id00339,0.006685975272484016,0.9469872263421323,0.04632679838538371
id20981,0.003156791647484365,0.9967708889488957,7.231940361999128e-05
id00658,0.9310504545307823,4.93698648401286e-07,0.06894905177056931
id02255,0.06002772061949356,0.003619069817279911,0.9363532095632265
id13282,0.9305682944171131,0.000810391900445545,0.06862131368244143
id13189,0.38851089069819594,0.36323326034339215,0.24825584895841196
id07267,0.9999991802065148,2.1173941876368686e-07,6.080540665381651e-07
id05272,0.7192010829246256,0.006672013132246592,0.27412690394312783
id22653,0.9796583573280386,0.005250602378793183,0.015091040293168234
id06894,0.6125605486216741,0.0021296220031967535,0.3853098293751291
id21657,0.08496435307847511,0.8956037449725747,0.01943190194895024
id00430,0.03445787299361337,0.6064749911656923,0.35906713584069444
id21655,0.0022628840747519335,0.7757004794435908,0.2220366364816573
id04764,0.9511731907568034,0.0015178282397743815,0.047308981003422186
id08665,0.00045322961288476766,6.022590002972612e-05,0.9994865444870855
id20985,3.255764876406686e-06,8.907610714805578e-07,0.9999958534740521
id08095,0.2631150666272347,0.7121751345590653,0.02470979881369995
id12015,0.9583584644386122,0.04162083227871467,2.0703282673134437e-05
id13210,0.16671783015228242,0.6883941616799168,0.14488800816780076
id24937,0.024849529354454628,0.8265565105398345,0.14859396010571094
id03675,1.5892436976374401e-06,0.9999896788643671,8.731891935246567e-06
id26951,0.9731374978999296,0.004813031181914461,0.02204947091815599
id06104,0.008267564102982426,0.0003563561535634052,0.9913760797434542
id20105,0.0007879136529094164,0.9988398698110498,0.00037221653604084103
id20441,4.349803841277948e-05,1.7031383084821077e-06,0.9999547988232788
id05660,0.9999624461749265,3.685305610995804e-05,7.00768963536608e-07
id04078,0.0027305730530383654,0.027687429955652088,0.9695819969913095
id26101,0.006602165428538627,0.001214221347575539,0.9921836132238858
id10144,1.2559955138714635e-06,0.9999926000139692,6.143990516900652e-06
id15096,0.000259237469782282,0.0001598436032470398,0.9995809189269707
id11903,0.58069614843448,0.018208026649836173,0.4010958249156837
id24093,0.0023846886604922397,0.00013689004668304857,0.9974784212928247
id06388,0.4094668092741495,0.10375327964440287,0.48677991108144764
id01203,0.9801328799828242,0.013126242937314726,0.006740877079861185
id18448,0.9980110187139205,4.272134411561188e-05,0.0019462599419638633
id10382,0.1818745587948404,0.2511387967678174,0.5669866444373423
id25109,0.10287198874369595,0.3624494215181336,0.5346785897381704
id15526,0.024884715802855013,1.705142900110603e-05,0.9750982327681439
id09411,0.896191949381891,0.006208811193878841,0.09759923942423024
id03937,0.00984271126399033,0.0017013512514006727,0.988455937484609
id09740,0.0011716116466731338,4.561134067005682e-05,0.9987827770126568
id11584,0.026570204991476457,0.04619227799647372,0.9272375170120498
id06135,0.9910709527768717,0.007461879591109125,0.0014671676320191296
id22666,0.9167330727685119,0.0828185269229308,0.0004484003085573597
id03104,0.9999999940046287,1.1222774299368097e-09,4.873093953328174e-09
id21763,0.5875244707391928,0.19653541836956467,0.21594011089124263
id26344,0.024987183753558597,0.00023476533316347568,0.974778050913278
id11819,0.9759222227155311,0.02120338698060507,0.002874390303863934
id20309,0.0016795273163488233,0.9968668363423352,0.0014536363413160073
id12751,0.9917591844737287,0.002846676155788439,0.005394139370482911
id16205,0.05765283048262483,0.04522758965110898,0.8971195798662662
id07347,0.042742568622983236,0.0031587193783769157,0.9540987119986399
id20347,0.0014221556040809676,0.9984899210949187,8.792330100022986e-05
id05696,0.10730975250348447,0.002869534669080925,0.8898207128274347
id04648,0.19093342590603238,0.7566209547144165,0.05244561937955113
id19654,0.1483205968930499,0.8443230162058768,0.0073563869010733595
id03991,0.12480014746222766,0.028301721058475424,0.8468981314792969
id05523,0.12070358033271263,0.20528291985216174,0.6740134998151257
id27445,0.9997088010077398,0.00021788083095585398,7.33181613043234e-05
id27516,3.546105660904326e-06,0.9999961799050665,2.7398927262579423e-07
id13992,6.081737882444006e-06,1.7916039275258606e-09,0.9999939164705136
id02429,9.356826831382401e-05,3.304620289448267e-06,0.9999031271113967
id01682,3.9794902669439404e-05,0.9994848607602946,0.00047534433703589767
id20561,0.9981745180860011,0.000412031219712931,0.0014134506942859453
id26906,0.9976635489351272,0.0002818365967387945,0.0020546144681340035
id01724,0.6074087363827013,0.2667481530820194,0.1258431105352794
id25283,0.802254054590809,0.023383896836529847,0.17436204857266116
id06926,0.9796609667370095,0.018403618675211796,0.001935414587778685
id13887,0.9884252041054444,0.011405343718731056,0.00016945217582458403
id07530,0.9913463657517959,0.004867495545739581,0.0037861387024645185
id13460,0.9977406204756173,0.0021097646822489445,0.00014961484213372623
id14695,1.2303381846713619e-05,0.9999821883030684,5.508315084807588e-06
id08133,0.6519989362671885,0.004731916360033388,0.3432691473727781
id06364,0.016555106197351364,0.0029796357036623094,0.9804652580989863
id22368,0.00622420349794988,0.9930574829112291,0.0007183135908210316
id04855,0.0018732002984748531,0.9950870323448481,0.0030397673566770833
id14016,0.14324424960069312,0.48970111788051746,0.3670546325187894
id25801,9.090791745944238e-05,0.9998349700958211,7.412198671947364e-05
id16241,0.05889721253975443,0.0018020053337107695,0.9393007821265348
id01120,0.9209159596676582,0.06259987630574364,0.01648416402659819
id00058,0.7176037776474874,0.22056398729340648,0.061832235059106046
id24503,0.014668065684455188,0.007562690054172371,0.9777692442613725
id03213,0.009035300915734526,0.9815949520737752,0.009369747010490162
id06040,0.9967135309948968,0.00031792446122093766,0.0029685445438822344
id26219,0.05514412222391262,0.724008365939577,0.22084751183651044
id23723,0.0018735803599527101,0.9362438285341603,0.06188259110588699
id17565,0.49145949770987074,0.019363618634459095,0.48917688365567025
id02243,0.14094217713090573,0.3774898131844405,0.48156800968465374
id04802,0.9995449125403029,0.00015721271805415409,0.00029787474164304076
id07148,0.01725760688703205,8.048442289222483e-05,0.9826619086900757
id16071,0.9524381949550288,0.04269248126312938,0.0048693237818417685
id14810,0.8153066783139318,0.014233720944659098,0.17045960074140906
id15386,0.812680749873173,0.18422829057027948,0.003090959556547615
id14768,0.9612766133981983,0.012050674375027364,0.02667271222677436
id05056,0.9999999590505665,3.067272177085186e-11,4.091876087278508e-08
id27065,0.03596798792281283,0.08628238805115561,0.8777496240260316
id27245,0.4776244512148773,0.295654590927854,0.22672095785726867
id25911,0.9830846475304675,0.002829112082832182,0.014086240386700234
id10581,0.9475461190598546,0.04142441274132925,0.011029468198816145
id21852,0.38231439658130006,0.17103320011123002,0.44665240330746997
id13922,0.2688879990592298,0.6024463424538289,0.1286656584869413
id21904,0.07341753560511992,0.05539934117938134,0.8711831232154988
id25974,0.003955966487217055,2.6718292572732233e-06,0.9960413616835256
id03323,0.03071817058423262,0.7063150659749353,0.2629667634408321
id01385,0.47098153551476535,0.4709645369714558,0.05805392751377873
id20469,0.8486736221475046,0.10622897709230067,0.04509740076019479
id04281,0.004177024783611268,0.6405310630065785,0.35529191220981027
id17752,0.8291040456486325,0.16905179987528143,0.0018441544760860865
id27768,0.9995658076601278,8.027966619783997e-05,0.0003539126736743219
id15545,0.0009627771385888245,0.9892118493696861,0.009825373491725076
id27853,0.003413683590466504,0.00044098696884166557,0.9961453294406918
id10103,0.9889602356286519,4.484258853601452e-06,0.011035280112494569
id04374,3.856885796736587e-05,0.0001445064005223673,0.9998169247415103
id23102,0.01389477918632748,0.9765860006007223,0.009519220212950156
id15727,0.002232905002471428,0.00021305608750192133,0.9975540389100267
id22643,0.35449616435953035,0.06727867529894402,0.5782251603415256
id26174,0.001966500547688279,0.4763628844634095,0.5216706149889023
id16776,0.00011073899258582082,0.999803492890916,8.57681164982141e-05
id11156,0.9988431687335352,0.0004854720491000924,0.0006713592173647065
id18288,8.610283805127082e-05,0.0001017467022531809,0.9998121504596956
id21487,0.04795346394432879,0.36659571667561036,0.5854508193800608
id06888,0.3772335622886,0.08207984040904405,0.540686597302356
id24094,0.8016549123198271,0.005703074056017544,0.19264201362415542
id21383,0.046140928835841734,0.8500171469933228,0.10384192417083556
id10309,0.0006127759790362907,0.0034262333571278268,0.9959609906638359
id09189,0.9666513563560837,0.0014402350516508702,0.0319084085922654
id26844,0.020395432282085985,0.0002782032831537053,0.9793263644347603
id02103,7.634041437181433e-06,1.5241553124178011e-05,0.9999771244054386
id13699,0.006205968668498407,3.9715840357610906e-05,0.993754315491144
id05005,9.827208298595524e-05,9.632945180383883e-05,0.9998053984652102
id19814,0.944330825265521,0.03937764475973875,0.016291529974740256
id24703,0.9041046033219904,0.09444842376494962,0.0014469729130600626
id04594,0.0003419377524173755,6.945903119186243e-06,0.9996511163444635
id13789,0.740944525737628,0.25665010133841315,0.002405372923958917
id01938,0.11684845635536463,0.8607725991924039,0.022378944452231514
id24274,0.8382075150237984,0.006718159322191934,0.15507432565400972
id13727,0.9558595239604243,0.04021489302277766,0.003925583016797968
id19335,0.0052547343499672085,2.1085603642676425e-05,0.9947241800463902
id21064,0.0030990258084138186,0.004760766853680376,0.9921402073379058
id04044,0.0009883470592774912,0.998862138368974,0.00014951457174849198
id01696,0.7100880700292757,0.13867460907231136,0.15123732089841302
id05601,0.006725123714634273,0.0007808276608687642,0.992494048624497
id13591,0.8401349482555566,0.0006279518044807341,0.15923709993996274
id09164,0.011426372681703753,0.9880328059343121,0.0005408213839841658
id16563,0.0014739770061262464,0.001333055247528646,0.9971929677463451
id00380,0.9840603479457263,0.011354931545110643,0.00458472050916307
id04612,0.0025047431186231927,0.056039359272106085,0.9414558976092707
id17341,0.12166455757393867,0.003251985308700699,0.8750834571173607
id23426,0.0004088712520845316,0.9994832630622573,0.0001078656856581068
id02177,0.995232582993595,0.0013284454096077298,0.003438971596797266
id24279,0.0010058940220370874,2.5235335437790068e-05,0.9989688706425252
id07226,0.986992501398288,0.012603622393733502,0.0004038762079786374
id23305,0.03263520058153584,0.018893872148562387,0.9484709272699018
id00684,0.4782836376661515,0.009562536071758096,0.5121538262620904
id22025,0.00024373157968629757,1.6377865822254495e-05,0.9997398905544914
id26143,0.8862059572654379,0.11330631000478347,0.00048773272977853616
id12002,0.048130266449232365,0.2123401307400723,0.7395296028106954
id04610,0.9574088806560592,0.04237710672498366,0.000214012618957102
id27224,0.018834793903741546,6.800078205531168e-07,0.9811645260884378
id10716,0.5658152477044744,0.40050736143434507,0.03367739086118047
id14057,0.9901154451184924,0.004511635764371919,0.005372919117135748
id14982,0.9999999990547928,4.804422068916428e-10,4.647649994840057e-10
id00401,0.9823951119992407,0.0049229037811181755,0.012681984219641168
id12248,0.99492659032985,0.004860921345668074,0.0002124883244819972
id04641,0.8168984766941613,0.029628918142156842,0.15347260516368194
id01658,0.6223136172255243,0.0001583208217409274,0.3775280619527348
id03153,0.1587970656665892,0.41709566395685804,0.4241072703765527
id27961,0.7583176757121839,0.047655910002294924,0.19402641428552123
id15984,0.9893388752406275,0.0012345797095175007,0.009426545049855134
id01789,0.8790475114254361,0.11201073263860588,0.00894175593595783
id27264,0.0001214072750410477,0.0010038195044085511,0.9988747732205504
id05158,0.0002023772837036045,0.00244949207555338,0.9973481306407431
id14265,0.7064981273890857,0.078795712783917,0.21470615982699742
id20696,0.9031148378305268,0.04754084141612877,0.04934432075334436
id01133,0.27864379658405514,0.23314405152910855,0.48821215188683637
id24953,0.16097131336638515,0.8278019079892032,0.011226778644411775
id11298,0.08587937029237767,0.0006269585868708018,0.9134936711207516
id20917,0.19073306799709197,0.7002729907384594,0.10899394126444871
id25275,2.658574280457949e-06,0.9999967339641911,6.07461528387874e-07
id00850,0.8935111091943968,0.003357861262753004,0.10313102954285022
id23225,8.173992539679175e-06,0.999991772283087,5.372437333767206e-08
id15602,0.034864343667028695,0.02992295582980406,0.9352127005031672
id12160,0.053789310826285866,0.13862543000742464,0.8075852591662895
id25388,0.0006955102371459654,0.9992890791343961,1.541062845793792e-05
id13837,0.005024584530466172,0.9949650129580406,1.0402511493224416e-05
id06804,4.172378134849734e-05,0.00024210730169357142,0.999716168916958
id19978,0.9135199518531286,0.07877296092673086,0.007707087220140641
id27563,6.987515321269513e-05,6.271194158635893e-07,0.9999294977273715
id23762,0.25078652675639035,0.7485563658938069,0.0006571073498027272
id22734,0.0003234291244713853,0.9990837250827489,0.0005928457927797836
id09094,0.4452603999859238,0.054625234011279195,0.5001143660027971
id27270,0.004780171018939422,0.9944997095291198,0.000720119451940752
id05043,0.0023866722578139176,0.9775323151826459,0.020081012559540087
id15290,0.08851003463506975,0.9110344694101434,0.000455495954786865
id26333,0.9993501232837806,0.00028318654540740896,0.00036669017081201284
id26111,0.3389574555291765,0.6451109955123423,0.015931548958481277
id23029,0.011222779563527538,6.062917619411473e-05,0.9887165912602783
id11837,0.9667696783282567,0.01682046006766093,0.01640986160408238
id03497,0.8868773966684559,0.00010449825220029036,0.11301810507934383
id19290,0.6351066324013264,0.35065909347904856,0.014234274119625225
id08008,0.9583832784033326,0.017120685356787867,0.024496036239879615
id24949,0.005468816460916438,0.9826829168413093,0.01184826669777429
id25023,5.68620739867696e-05,0.0006109413016532122,0.99933219662436
id02205,0.0002541210900526594,0.9921216749629154,0.007624203947032026
id11041,0.9871342139153482,6.848111332737507e-05,0.012797304971324525
id14395,8.73345267988912e-06,0.9999770393618356,1.4227185484483409e-05
id01130,0.816904655076547,0.05521832805528804,0.12787701686816497
id21066,0.0691681776905979,0.03000683338466708,0.9008249889247351
id17774,0.99974649207335,0.00024643696983984065,7.070956810209894e-06
id24519,4.051510540502254e-07,1.746006095502905e-08,0.999999577388885
id08460,0.9106131555599665,0.005315711111233267,0.08407113332880028
id19897,6.397039416588505e-07,0.999999077127052,2.8316900627629167e-07
id19028,0.9988581001049196,0.00023291343499497896,0.0009089864600854091
id01850,0.9864806989302806,0.0022692551221414545,0.011250045947577987
id22472,7.75590163183627e-05,0.9999223974423535,4.3541328192861036e-08
id10709,0.002836480641993539,0.9511016054304178,0.046061913927588766
id17260,0.07075374544766073,0.6879485486585487,0.2412977058937905
id22262,0.9505561582904166,0.013431008952545275,0.03601283275703812
id00115,0.954551982360261,0.04303051986468395,0.002417497775055121
id17483,0.0028566921382201043,0.0005731782379594311,0.9965701296238204
id10763,0.39501277366278,0.4529837905450615,0.15200343579215844
id18014,0.00010070976583405335,0.9991017282563375,0.0007975619778284366
id20414,0.18648656577598519,0.005769401202103892,0.807744033021911
id14244,0.9175958723037106,0.07768271896311897,0.004721408733170442
id24952,0.9779419191435986,8.43140213791488e-06,0.022049649454263454
id08217,0.017029233163420875,0.008071147056679091,0.9748996197799
id01578,6.185429987892698e-06,6.789748457983624e-05,0.9999259170854323
id00641,0.9779243980124792,0.021665869100395842,0.0004097328871250149
id24982,0.9999987449963105,1.2470240697764684e-06,7.979619703970375e-09
id11192,0.9994970871837617,0.00012438465399025277,0.00037852816224800186
id13759,0.02449382147187528,0.02196239920828676,0.9535437793198379
id26752,0.9795884306389039,0.019281877948169945,0.0011296914129261823
id06820,0.990199649536673,0.0009574392291998219,0.008842911234127136
id27298,0.7037673164277727,0.2087886395918266,0.08744404398040062
id20735,0.000271605378824217,7.989075306513428e-06,0.9997204055458693
id08390,0.01899884514390963,0.9383643946319004,0.04263676022419009
id18571,0.01457118077105401,1.436406318367467e-05,0.9854144551657624
id05804,0.0003607718088892098,0.9994588208202089,0.00018040737090202377
id11867,0.0033638401587748746,0.0025980872788863773,0.9940380725623388
id10286,0.8454933975776064,0.00035076588314634886,0.1541558365392472
id22020,0.9405137197832871,0.00894536258880174,0.05054091762791114
id25835,0.004533907871717991,1.4650512006097337e-05,0.9954514416162759
id06583,0.9523548590013523,0.019152608694318098,0.02849253230432957
id21403,0.0017422797476756657,0.9982477528974572,9.967354867146264e-06
id26730,0.9999954214032658,4.2311012826678256e-06,3.474954515331724e-07
id06873,0.9933706552636451,0.0018484273827014416,0.004780917353653481
id03552,0.9999995342719482,4.3740555149408195e-07,2.8322500356927082e-08
id05607,0.0675120778788125,0.0384053665379178,0.8940825555832698
id26395,0.010632544949055724,0.0001924879663240206,0.9891749670846203
id02844,0.8311460145499326,0.05622992590231699,0.11262405954775045
id19710,0.07780110404865163,0.8672696811507485,0.05492921480059982
id17076,0.9067238338723206,0.04933370019993544,0.04394246592774405
id14070,0.9819521575478928,0.0017350406736517797,0.0163128017784554
id17106,0.8201663482011893,0.01701347581169765,0.16282017598711312
id24689,0.982548512331656,0.0027512727134530244,0.01470021495489109
id03718,0.1374462445593728,0.04580895159888787,0.8167448038417393
id03957,0.9929117763852051,0.006212333459826708,0.0008758901549681245
id18995,0.006169120719411017,0.9936500812620994,0.0001807980184896238
id11668,0.7796963762110057,0.050538786343468145,0.16976483744552612
id15721,0.9873568609316293,0.010929626274004654,0.0017135127943660668
id10379,0.0004609979734831692,0.9690873089076102,0.03045169311890665
id15009,0.4481700133720863,0.053110978673014196,0.4987190079548995
id11339,0.03688296665000873,0.9629511229879861,0.00016591036200519114
id18532,0.0028236825318667183,0.9952990468531269,0.0018772706150064673
id16469,0.7991403948467171,0.00393209657703184,0.1969275085762512
id22464,0.014294829883604632,0.985695930317972,9.239798423393251e-06
id06314,0.008040654144049952,6.541095931898e-05,0.9918939348966311
id27085,0.9608927419631943,0.001779063231527463,0.03732819480527834
id14452,0.9994992171980219,0.0001245937503265924,0.000376189051651533
id14939,0.7919724365538888,0.14542401896224522,0.06260354448386601
id20094,0.7085071822441954,0.11628930373811669,0.17520351401768794
id23077,0.9075389088678857,0.023479464991303607,0.06898162614081073
id17527,0.9586372844524922,0.035779092397391896,0.005583623150116001
id14895,0.6719777542439075,0.28642494679089836,0.0415972989651941
id22577,0.002631368143353648,3.520142631346655e-05,0.9973334304303328
id16111,0.046921377775711114,0.9510516792587225,0.002026942965566402
id21649,0.19557608041426428,0.16849890948885848,0.6359250100968773
id22954,0.9627635719446078,0.03537228019810051,0.0018641478572916984
id12624,0.0006228171935188845,0.004113875726198399,0.9952633070802828
id05737,0.9880428799514518,0.0019287682348711403,0.01002835181367712
id23937,0.07442416060588132,0.010179179504161584,0.9153966598899571
id06620,0.00024038471603282088,0.004000183753216108,0.9957594315307511
id18650,0.024785989083467377,0.04946728953243539,0.9257467213840972
id09656,0.9725668926853416,2.598280171326527e-05,0.027407124512945216
id10285,0.9639989954018648,0.026664467705920018,0.009336536892215226
id05729,0.0014809576989693052,0.0022493574583466276,0.9962696848426841
id00102,0.001991844799333474,0.10734189055334477,0.8906662646473218
id26276,0.0011187060611984952,0.3328115643678481,0.6660697295709535
id12620,0.9411686489712571,0.05864146275659456,0.00018988827214841655
id17949,0.9966507386067834,0.0026406199642956094,0.0007086414289209994
id15708,0.0011223183927640838,0.9988688521340942,8.829473141773465e-06
id18300,0.12949878147148736,0.00026298965683628733,0.8702382288716763
id04039,0.9281683144489031,0.04466262003186386,0.02716906551923303
id12158,0.9972458758056081,0.0020076372724105104,0.0007464869219814719
id23197,2.3815380833100662e-05,0.997638572770066,0.002337611849100966
id25384,0.8827986049498328,0.1049359954325692,0.01226539961759789
id09070,0.014544694007937384,0.01824806512745273,0.9672072408646099
id27734,0.9151463424781899,0.010373917208576394,0.07447974031323372
id27332,0.1417117238558975,0.6651909133193488,0.19309736282475384
id00973,0.994999253785712,0.0019057764213743845,0.003094969792913653
id26625,0.028794651893895715,0.9581982826200419,0.013007065486062404
id24578,0.03041685678179597,0.968493705981592,0.0010894372366120615
id05423,0.008377486258664408,0.9798261020152489,0.011796411726086722
id19124,6.108069244132936e-06,0.9999831013427883,1.079058796744733e-05
id00946,0.981970219633074,2.3283198776599927e-05,0.018006497168149352
id19229,0.8225892707258179,0.16707567408609442,0.01033505518808773
id05311,0.04191346722373718,0.9319012465478046,0.02618528622845831
id03289,0.8133937146021477,0.18257101511874516,0.004035270279107172
id17758,3.8437334158425205e-05,0.9991147469125985,0.0008468157532431136
id24336,1.7136206735511232e-09,0.9999999359201177,6.236626162734549e-08
id00603,0.02119820488010428,0.002402201605205647,0.9763995935146901
id26467,0.34041636640990136,0.2390563997688982,0.42052723382120044
id27835,0.013695771595645315,0.001436451556332326,0.9848677768480224
id06861,0.2318530626625082,0.025268310370929345,0.7428786269665624
id23847,0.000500278658860278,3.9674639391363594e-07,0.9994993245947458
id06174,0.12491154851103096,0.8750593136455985,2.913784337050749e-05
id10968,0.9804560101926888,0.008980276750419071,0.010563713056892047
id10881,0.9789641602180046,0.00350708284499768,0.01752875693699775
id03204,0.0016882279965372764,0.9974999333484244,0.0008118386550384762
id21921,0.48610703713757536,0.4870849288464774,0.02680803401594723
id06539,0.9624687637564578,0.022506687728041905,0.015024548515500325
id08880,0.01890772329067125,0.5197934260346618,0.4612988506746669
id14725,0.18845728103501072,0.00035354099810280685,0.8111891779668865
id26107,0.002562738050601322,2.735059244199135e-05,0.9974099113569567
id07874,0.005348896215235567,0.9946494627331574,1.6410516070884152e-06
id23638,0.9899109333668518,2.184856300944008e-05,0.010067218070138804
id13498,0.0017068695026817458,0.0004338707652622828,0.997859259732056
id18940,0.00013712133042133093,0.0004022022191455838,0.9994606764504331
id02120,0.8851728568060354,0.10024523188397949,0.014581911309985122
id26663,0.9212286715898477,0.006019994225210412,0.07275133418494205
id20127,7.63882119384584e-08,1.4597574133445475e-05,0.9999853260376547
id27922,0.6148705975127434,0.01557950599262171,0.36954989649463493
id15106,0.6650619973952554,0.2615199424551104,0.0734180601496342
id22158,9.986194191002703e-15,3.5895470316010874e-14,0.9999999999999541
id17029,0.0008217060052475705,0.9991552026614059,2.3091333346570778e-05
id02554,0.8848369198780822,0.06907596856827052,0.04608711155364732
id18454,0.006862111989104392,0.037089915865044044,0.9560479721458516
id09016,0.2989804946507789,0.011331601338212611,0.6896879040110085
id02307,0.9992270463301296,0.0003864566456236907,0.00038649702424677773
id01650,0.019895321528670806,2.8212890755331935e-05,0.9800764655805738
id01254,9.138199394169031e-08,0.9999999057555626,2.8624434472855073e-09
id12921,0.004274340822140388,0.0011916628069084322,0.9945339963709512
id05721,0.4695873171008733,7.806814421898247e-05,0.5303346147549077
id05798,0.04662523577340781,0.9266187920760481,0.02675597215054406
id04417,0.00045644740388957794,1.2747354558135699e-06,0.9995422778606546
id19620,0.9333409614440519,0.042504671640943174,0.024154366915004923
id22680,0.005886127100627923,0.9939563560923397,0.0001575168070324384
id21992,0.2815202848154949,0.0007636103005164474,0.7177161048839886
id22823,0.0019562386914221087,0.9980376477612081,6.113547369896849e-06
id12750,0.728556289553,0.0856051148065755,0.18583859564042454
id23220,7.870739981348762e-05,0.0020793263068343113,0.9978419662933522
id11851,0.9535213505787187,0.017767952612069298,0.028710696809212018
id27438,0.9020063327264739,0.04071136049977517,0.057282306773751006
id00797,0.6313114502390486,0.013862378153552738,0.35482617160739865
id08593,0.9808946456134685,0.000199750875490396,0.018905603511041053
id01042,0.008040609395133737,0.4360924055335365,0.5558669850713297
id19898,0.8705910152448032,0.1028465825173563,0.026562402237840423
id24615,0.033529045661570604,0.07209244675428964,0.8943785075841398
id18594,0.019163939930759825,0.0010465351647027598,0.9797895249045374
id08534,0.0067219401711678785,0.000834387884890351,0.9924436719439418
id03889,0.9529672224301459,0.047026886962246266,5.890607607952517e-06
id04873,0.9999865474962751,5.948362374957772e-06,7.504141349822608e-06
id08264,0.999907627433151,3.1618677669459944e-05,6.075388917954414e-05
id10187,0.43730230848033935,0.019084104987311164,0.5436135865323495
id14278,0.02049162387899487,0.04700045185353525,0.9325079242674699
id22528,1.0000000000000003e-15,0.9999999999999979,1.1489737672036397e-15
id07416,0.022461281742772666,0.9545839912938197,0.022954726963407696
id02857,0.5845210592540304,0.1346128102488778,0.28086613049709175
id03875,2.635688496129426e-06,0.9999924634919723,4.900819531480226e-06
id24437,9.918947513684397e-07,0.9999605796521134,3.842845313535641e-05
id24940,0.12248072055241903,0.8493481545315487,0.028171124916032336
id15070,0.16490535156838554,0.004734539818994953,0.8303601086126196
id14891,0.9486165225095801,0.05093484063562605,0.00044863685479390155
id02110,0.9997953936513894,9.378784080384686e-05,0.00011081850780684026
id24405,0.1515839380766576,0.04254194438013124,0.8058741175432113
id00373,9.994214720106908e-05,1.7457757749372827e-05,0.9998826000950496
id12728,0.9999999800326866,3.1472346592856395e-12,1.9964166140953435e-08
id18958,0.9962509740733055,0.0006862149566391361,0.0030628109700553225
id17443,7.426265378833385e-06,0.9999874213372201,5.1523974011055735e-06
id03959,0.9912250116744549,0.008086094242258418,0.000688894083286726
id13218,0.3147747663681713,0.0022153744251474468,0.6830098592066812
id01980,0.7809362665873693,0.19024390797430754,0.028819825438323315
id10697,0.9999972009885587,2.1841202087888567e-08,2.7771702392166e-06
id24816,0.8590254792239711,0.12041755770931874,0.020556963066710215
id00088,0.06363888740206597,0.0020721564631172324,0.9342889561348168
id13846,0.06763609007972021,0.930894518465915,0.0014693914543648667
id17597,0.9774637437845204,0.012070810878804822,0.010465445336674914
id09947,1.7119157910855984e-07,0.9999994442845945,3.845238264070565e-07
id12050,0.8925367006109949,0.10515593178135202,0.0023073676076530007
id24060,0.0001949536497028911,8.294261558789426e-05,0.9997221037347093
id19942,0.9906679486196385,6.224302064480891e-05,0.009269808359716736
id06541,0.3983849424961212,0.6013319651152131,0.00028309238866553984
id05746,0.9998179479860647,0.0001375240485758053,4.4527965359492454e-05
id13577,0.07164467193056945,0.33331561457549463,0.5950397134939359
id11877,0.00013945363930449023,0.9998604942555886,5.2105106893245155e-08
id19491,0.6795914496655313,0.16874194139331272,0.15166660894115605
id11352,0.02170627998122145,0.0009574611864015587,0.977336258832377
id12791,0.9964007445731393,0.00023660239439197007,0.0033626530324687666
id05282,0.06641286991070182,0.025997750046719035,0.9075893800425792
id26833,0.9911406515454664,0.007984453634321867,0.0008748948202117584
id00580,0.0701190843419094,0.0008787267168255011,0.9290021889412651
id01236,0.023342896514182115,0.0004172069809805248,0.9762398965048373
id05455,0.15508046756833896,0.8140939399240638,0.03082559250759726
id00069,0.0009158689843613639,0.9983169051475472,0.0007672258680913643
id01605,0.9972682636545522,0.00010838383414246008,0.0026233525113053104
id17737,0.9967982361039156,0.0003553118861780797,0.0028464520099063324
id11315,0.013141402996314246,0.02696880544049217,0.9598897915631937
id24044,0.13087031559568182,0.19828054247192545,0.6708491419323928
id18677,0.9985983814228251,1.6020868030086448e-05,0.0013855977091447593
id17678,0.9834189269325647,0.011944893209696732,0.00463617985773851
id21528,0.998110012510536,0.0014708053620020015,0.00041918212746210813
id21985,0.5681640269160989,0.33437390750164536,0.09746206558225584
id12860,0.4935892169495886,0.34973731800547075,0.15667346504494067
id08793,0.9982854809800209,0.0008551180898966032,0.0008594009300825628
id09245,0.9852218662502618,0.01398003092759814,0.0007981028221400642
id12523,0.029689450844045905,0.005214740678756887,0.9650958084771972
id07158,0.01674059206148797,0.9727119192728937,0.010547488665618427
id03473,0.001350434995638552,0.9977154364895409,0.0009341285148205689
id05999,0.9999798750588675,6.157072291151824e-06,1.396786884130979e-05
id02469,0.7750653492044087,0.07505226165930891,0.1498823891362825
id16675,0.005348150125051264,0.005567747986918867,0.98908410188803
id20508,0.00016273133890560098,1.9042977550528095e-06,0.9998353643633393
id12669,0.9998985573733903,3.0846294508965645e-05,7.059633210074788e-05
id22277,0.13112808137757032,0.043066087583728895,0.8258058310387008
id00355,0.0011485886924192132,0.015807145741417252,0.9830442655661635
id24427,0.003152758877183195,0.9962911793282803,0.0005560617945364395
id19241,0.36425911526587046,0.5991861445830566,0.036554740151072955
id26301,0.05227746962822929,0.18874517390103177,0.7589773564707389
id09404,0.061868821819987124,0.9316965244258499,0.006434653754162925
id14347,0.9626948672237851,0.006537459396570839,0.030767673379644183
id06898,0.9998932370587723,7.39949881661215e-05,3.276795306164822e-05
id08750,0.9503848828542859,0.004657773649522398,0.04495734349619169
id13572,0.9827438985838848,0.006848217066416728,0.010407884349698499
id08731,3.988719221103465e-06,0.9999591386852038,3.687259557506472e-05
id20124,0.9961477542711933,0.00032240751147564453,0.0035298382173311596
id14276,0.002358249262289893,0.013253893289462703,0.9843878574482474
id13035,0.9996148015865683,0.00030663721460308727,7.856119882852668e-05
id24056,0.0004998375337430198,3.8026494854098475e-06,0.9994963598167715
id21132,0.9999802243591348,1.9769109957495532e-05,6.530907708897092e-09
id21465,0.2975493246790266,0.004536034596633205,0.6979146407243402
id27148,0.00031179112913078843,0.999685730599851,2.4782710182247786e-06
id14482,0.7696815458793104,0.032194408712107464,0.19812404540858222
id17950,0.9586153316076128,0.03485149991156488,0.006533168480822296
id15233,1.5121991752689643e-09,0.999999957531871,4.095592991415894e-08
id11794,0.1156326774860478,0.010631934866079787,0.8737353876478724
id27227,0.0245853426705747,0.9580318694358293,0.017382787893596027
id13093,0.11245925659729633,0.8811435028957397,0.0063972405069639355
id12869,1.1443774424612322e-07,0.9999994691072988,4.164549569497484e-07
id01256,0.9612904343142227,0.02327703831477862,0.015432527370998747
id00934,0.27691443353471995,0.07705331073482231,0.6460322557304577
id00121,0.2181433209706746,0.6440656861155103,0.13779099291381516
id11054,0.00022189628541590694,0.9996396714133958,0.00013843230118829462
id02573,0.969445013300237,0.0019070545238395655,0.02864793217592341
id13626,0.6855092035658609,0.13107885254381352,0.1834119438903256
id25047,0.4212077324431514,0.535112014861178,0.04368025269567044
id04465,0.000358241694898398,0.999640679683706,1.0786213956839763e-06
id09344,0.004719929060332452,0.0028781743584397573,0.9924018965812278
id24254,2.860247970737204e-09,0.999999992411497,4.728255113499415e-09
id04266,0.006840216915604386,0.007365529686401632,0.985794253397994
id19734,0.07455800040330586,0.022572713949022327,0.9028692856476719
id13127,0.995323451631095,2.081839687696337e-05,0.004655729972028028
id27066,0.05782794482808222,0.0003266631419670555,0.9418453920299508
id13629,1.3102229686794308e-05,1.3470432590981822e-09,0.99998689642327
id26484,0.9871298728094128,0.004725915981341993,0.008144211209245189
id02074,0.6604179022340078,0.00051169327620076,0.3390704044897916
id24688,0.9710323097676954,0.025131180059980635,0.003836510172323969
id17455,0.0013813643380721828,0.9986027447728711,1.589088905669238e-05
id14980,0.9999451983804203,2.1695024231096647e-06,5.2632117156648024e-05
id15840,0.990986381948268,0.0008863809449098891,0.008127237106822052
id20440,9.243663610858501e-06,0.006732808204299817,0.9932579481320893
id25262,0.999999868105664,2.9142143835208235e-08,1.0275219217059868e-07
id20395,8.517435590406794e-05,0.999829064598265,8.576104583095461e-05
id14332,0.01079781254474442,0.9816030970994527,0.00759909035580286
id07118,0.45895073482378357,0.040620101961571585,0.5004291632146449
id26424,0.9999302039074985,4.8507852465860124e-05,2.1288240035563637e-05
id21308,0.7130380346336253,0.0240649004640903,0.2628970649022845
id21688,0.010354105820542235,0.00037236485139503523,0.9892735293280628
id09581,0.021941886870107716,0.9756255405487074,0.002432572581184939
id27297,0.9234783348513246,0.07525098958927226,0.0012706755594032073
id20086,0.07910254337249986,0.8480792094206545,0.07281824720684567
id03762,0.0016407503758386096,0.998358527774348,7.21849813370054e-07
id10789,0.8954975606394029,0.0036819237225061766,0.10082051563809087
id18058,0.06867134134970358,0.1506376932993486,0.7806909653509478
id01701,0.9986491472164004,0.0007004152537113673,0.0006504375298882445
id17232,0.02534657649097906,0.9741456397309753,0.0005077837780456328
id23541,0.3526034507046102,0.0018821859480454535,0.6455143633473445
id20699,7.754957943585092e-10,0.9999999992234369,1.0673338425663795e-12
id06657,0.0001334152733401567,0.24846716784071768,0.7513994168859423
id13807,0.10713450770733744,0.010675251790268271,0.8821902405023943
id18344,0.3191234970498784,0.6397075389669442,0.0411689639831773
id09363,0.5131549679791378,0.056129939432130876,0.43071509258873136
id12470,0.0015419702208444592,0.9981888599305183,0.0002691698486372741
id13430,0.9991597866541754,0.00010977841538092149,0.0007304349304437089
id13549,0.03625756998784892,0.0014753901326485998,0.9622670398795026
id24423,0.9344834046845095,0.06396504775510216,0.0015515475603884025
id15402,0.5432300064760546,0.020285536215164476,0.43648445730878094
id22070,7.849199560406456e-06,0.9999899049721253,2.245828314274219e-06
id05977,0.9988080914141615,0.0011685084014007405,2.34001844378289e-05
id18772,0.6509534092197903,0.0035532136441105014,0.3454933771360993
id11214,0.02664895089102147,0.9730346947901359,0.00031635431884257363
id01263,0.9611174387998941,0.010812011125238248,0.02807055007486774
id03187,0.6511861075696872,0.3401884185424829,0.008625473887829966
id07817,0.9989160065027962,0.0004879252343907094,0.0005960682628131837
id08796,0.040338579280192355,0.9290330977852097,0.030628322934597923
id02347,0.2158671920616294,0.0017576279033884965,0.7823751800349821
id08989,0.008097556752030444,0.00010576939786263141,0.991796673850107
id24462,0.4018039120034268,0.5531241631182823,0.04507192487829093
id05147,0.019144380359841087,0.0008468144594713505,0.9800088051806876
id26389,0.0006534631907993091,0.9591091623886333,0.04023737442056746
id12300,0.019790558338825866,0.006288538909205616,0.9739209027519685
id06273,0.9414662693521001,0.007255474133186669,0.05127825651471329
id27453,0.04707517903132565,0.8808835951689895,0.07204122579968486
id19255,0.9210008168389725,0.043241333330128945,0.035757849830898594
id22593,0.8134974793321698,0.0108111545445369,0.17569136612329336
id07089,0.9999905835728766,8.543160349579405e-07,8.562111088410427e-06
id22379,9.457237066458435e-06,0.9999866242845806,3.918478352852166e-06
id22024,0.9945365203260198,0.0024619367485828074,0.0030015429253973944
id25541,0.10502915292161501,0.750025391777439,0.14494545530094607
id10216,3.874576442409903e-07,0.99999960789755,4.644805809020321e-09
id07493,0.9997605959780183,0.00023884853030513176,5.554916766729133e-07
id25552,0.7939845959480457,0.060710877397489274,0.14530452665446505
id21244,0.9834314333444332,0.002288392795684163,0.01428017385988262
id17278,0.0031166950378176492,0.9889642776522336,0.007919027309948718
id14850,0.5971963671346416,0.3863261819978936,0.016477450867464827
id21434,0.0034309513770979768,0.021245780668043886,0.9753232679548581
id22924,0.9977474223778061,0.0005370646187595306,0.0017155130034342747
id17321,0.9065824275750901,0.05003896756124704,0.0433786048636629
id04319,0.9629818453678232,0.009933278108485034,0.027084876523691806
id09823,0.29099314769445345,0.69601037471464,0.01299647759090661
id03485,0.0003885838910321338,0.9980061958548053,0.0016052202541626272
id12138,0.9671943102957294,0.018345622801337582,0.014460066902932972
id00196,0.004308065221611221,0.008103044604913104,0.9875888901734757
id07822,0.1498465717098661,0.07254282211278583,0.777610606177348
id21775,0.015642686901184154,0.007066818829384808,0.977290494269431
id13407,0.40133612447506206,0.0006339322704187189,0.5980299432545193
id12430,0.0009726250867898053,0.9989940650881156,3.330982509462145e-05
id23691,0.9999559126270516,3.8248391145826974e-05,5.838981802474965e-06
id17641,0.0012503290810862585,0.99834538720925,0.0004042837096637248
id09125,0.00020806591498643667,0.9975243061755772,0.0022676279094363157
id18512,0.7510676733020506,0.017763818827114676,0.23116850787083473
id01639,0.21758638616165463,0.5636782127275828,0.2187354011107626
id06860,0.002850369158097615,0.0043177284322793,0.992831902409623
id25534,0.998920016739949,0.0010344231262771886,4.556013377379328e-05
id13546,0.9961572682850949,0.0032849318365349724,0.0005577998783700834
id10032,0.8478673862516257,0.013321561005538326,0.13881105274283598
id05228,0.06113637853903619,0.13133661453444395,0.8075270069265199
id24992,0.0012352832401433262,0.00024421170864017,0.9985205050512165
id14168,0.999987658139088,1.2734349011163848e-08,1.232912656312625e-05
id20747,0.9791744253323856,0.0066462647799975004,0.014179309887616863
id16986,0.9970985762888716,0.0027058307909891,0.00019559292013946556
id11226,0.6106571765762245,0.3467622302500446,0.04258059317373092
id13998,0.9957905402684811,0.0001233068634544178,0.004086152868064513
id15169,0.9988907506615414,0.0007702248511629834,0.0003390244872955888
id00737,0.9597306372806207,0.001841486640871618,0.03842787607850771
id24476,0.9564285379104781,0.0012032134152905078,0.042368248674231376
id03044,0.8063102547544954,0.01403260263134541,0.1796571426141592
id26746,0.9869100807771604,0.009157506094663556,0.003932413128176039
id10776,0.5222827860439068,0.012718550714526806,0.4649986632415664
id06266,0.0020206681045765174,0.00022005136563672543,0.9977592805297868
id13362,0.5603373450978472,0.4396552786249893,7.376277163508992e-06
id09335,0.9879864768005626,0.002367349654022065,0.009646173545415306
id15894,0.12716874287139557,0.8389281110404103,0.03390314608819413
id15866,0.02485574115569231,0.0012732902720526643,0.9738709685722551
id25763,0.4933701565783278,0.1828620769190021,0.32376776650267025
id01091,0.0002698697505384665,0.9997054196565541,2.4710592907396186e-05
id11647,0.9851641582826047,0.0140525341412909,0.0007833075761043346
id19671,0.0022656119927989124,0.14126975162529862,0.8564646363819025
id18007,0.0003333776125419212,0.007694086978476503,0.9919725354089816
id01473,0.6383117820022407,0.30657903223370314,0.05510918576405626
id07169,0.07059952011559112,0.018552649136734885,0.9108478307476741
id05484,2.0488614478394987e-07,6.142379490339163e-07,0.9999991808759062
id18452,0.8985150857946816,0.098824464907087,0.0026604492982314344
id27490,0.6092755715597431,0.3730315921241744,0.017692836316082438
id11050,0.5824671937817698,0.3160492196070873,0.10148358661114283
id07588,0.018489846906110774,2.078019716181944e-06,0.981508075074173
id21194,0.9999998548583662,1.327651034957147e-07,1.2376530371578431e-08
id07282,3.712973538863697e-05,1.229647018320737e-07,0.9999627472999095
id03652,0.9973987821112618,7.717057697718501e-07,0.0026004461829686166
id04009,0.00036784784208619367,0.9839863737805771,0.015645778377336744
id27188,0.9414168639470125,0.013440981803630613,0.0451421542493568
id19554,0.7206496878682497,0.00014272493177154786,0.2792075871999788
id04072,0.9972321466058094,0.0006779366857641592,0.0020899167084264276
id19023,0.5400040076674337,0.43064944025615626,0.029346552076410112
id08801,0.0018247937566439984,0.0016636842988259038,0.9965115219445302
id08893,0.6099935336006233,0.011396929601965063,0.3786095367974117
id03644,0.0009054711950582797,0.997618811024786,0.0014757177801557847
id00579,0.6257725202541167,0.007580903092021747,0.3666465766538615
id15631,0.9046154332218872,0.09465982948777947,0.0007247372903332477
id07828,0.6846397558824119,0.2548851540002396,0.06047509011734848
id00411,0.009117809613635345,0.9831855181165061,0.007696672269858504
id26553,0.8870842678748748,0.00691770370450599,0.10599802842061923
id05221,0.020291661169400472,0.0001243489024538564,0.9795839899281457
id20958,0.9674837456089146,0.023797379081221103,0.008718875309864295
id19691,0.9952364967203055,8.312728977650844e-07,0.00476267200679678
id10400,0.9999741769189442,1.4355189353163861e-05,1.146789170269356e-05
id16157,0.0036408520208940295,2.2564629127674032e-05,0.9963365833499783
id26110,0.010000920947192973,0.9888392111593367,0.0011598678934703508
id26270,0.5646776364009533,0.4226084112265756,0.01271395237247112
id04157,0.9977557627404195,0.002081155580876012,0.00016308167870447484
id24711,0.0949743839014116,0.004877440394363665,0.9001481757042248
id05534,0.35200509295626986,0.020504854814314282,0.6274900522294158
id21712,0.32321874065375206,0.4951445871612582,0.1816366721849898
id03280,0.011681792186092912,0.0010789278242440683,0.987239279989663
id14997,0.08588860079071449,5.869971967806698e-06,0.9141055292373178
id21964,6.353196958717061e-06,3.8097370089551826e-07,0.9999932658293403
id20963,6.787111074611263e-08,1.94414510050471e-09,0.9999999301847442
id08635,0.2829652808318292,0.6846561698879664,0.03237854928020442
id16390,0.06619786908841774,0.6081503802071222,0.3256517507044601
id16486,0.8142481651796479,0.013094861874434241,0.17265697294591786
id14367,0.001161215412494667,0.47653044648828885,0.5223083380992166
id10560,0.9999515472197243,2.8452904360531054e-05,1.9999875915123195e-05
id14106,0.8099513703644947,0.03097118771789729,0.15907744191760806
id09668,0.9946991801489805,0.0006500225392428722,0.004650797311776655
id18250,0.9997821162896476,2.9319389036985723e-05,0.00018856432131544398
id26648,0.9872773399501464,0.004443858959243551,0.008278801090609932
id27314,0.9558712619637143,0.0077508633204377095,0.036377874715847996
id04581,0.011853018447562098,0.04070564159534572,0.9474413399570922
id06405,0.8425578761651468,0.14831473702220047,0.009127386812652745
id17908,0.004318488622981604,0.00046983593271127073,0.9952116754443072
id07217,0.10675997760579728,0.2506796896014045,0.6425603327927982
id17285,0.019293462802005574,0.0002836035775387718,0.9804229336204557
id19589,0.9676706563336485,0.027666656070191902,0.004662687596159592
id15916,0.742481262511252,0.055161460222244295,0.20235727726650363
id26239,0.998935156390046,0.00013031605176660568,0.0009345275581873032
id20163,0.9993957669221163,1.922371260469062e-05,0.0005850093652791223
id22845,0.0051842914271319936,0.19588715278991134,0.7989285557829566
id11509,0.605626555562074,0.1459102867782776,0.24846315765964833
id26789,0.9440262680120061,0.05512993483298885,0.0008437971550050953
id24679,0.9574673782074828,0.014887283805385239,0.02764533798713187
id19832,0.9999818378565448,5.834199902967298e-06,1.2327943552265353e-05
id11724,0.925750830178013,0.017982453261172763,0.05626671656081433
id01539,0.9450517030514829,0.0005761662866241022,0.054372130661893094
id22039,0.3340205296163308,0.5340870299056311,0.13189244047803828
id07621,4.752299142055642e-05,4.938883730120949e-06,0.9999475381248494
id16398,9.287345480121563e-05,0.9999066597264447,4.6681875409069036e-07
id15932,0.6704860762623414,0.0737527327290378,0.2557611910086208
id17054,2.0014020004279232e-06,0.9999979808410996,1.7756899987506316e-08
id23487,0.7956725840815112,1.2156861407633852e-05,0.2043152590570811
id16099,0.0015765829916191973,0.9980848443250153,0.0003385726833655094
id25225,0.9970284517357246,8.124617709486553e-05,0.0028903020871805982
id18173,0.08813333314242672,0.735058905494682,0.1768077613628913
id24856,0.999902368912254,5.438319520178093e-05,4.324789254426569e-05
id14760,0.002262927762293548,0.23531019971819786,0.7624268725195087
id25291,0.5656706697041941,0.4336467474685941,0.0006825828272117648
id16267,0.9240285410678801,0.00039907994114604954,0.07557237899097377
id07922,0.012662127135108623,0.0001715299117490351,0.9871663429531423
id20870,0.8454101548454916,0.0047014188240688285,0.1498884263304396
id21780,0.4105826798807816,0.2830120243927568,0.30640529572646147
id21309,0.43461460975217703,0.3027778858466377,0.2626075044011852
id05849,0.8842599660286989,0.0893682636478008,0.026371770323500215
id16246,0.015044503538932854,0.003012042013818169,0.981943454447249
id25081,0.00019503670054955684,0.9997044339041368,0.00010052939531368451
id06468,0.198519962193905,0.7987297715111987,0.0027502662948962224
id13842,0.5205922828815759,0.38577594736533755,0.09363176975308665
id23976,0.011861495831943118,0.0032104905304350738,0.9849280136376218
id25649,0.999157759234982,2.4557500260591276e-06,0.0008397850149919257
id26815,8.451971919692186e-06,0.9999889692393434,2.578788736895008e-06
id09343,0.003134246348755799,0.0009880100975405185,0.9958777435537037
id03120,0.15349798668764286,0.05121332184391125,0.7952886914684459
id16638,0.9056895903718295,0.0002559314213340436,0.09405447820683654
id18625,0.00016883165822050228,9.051323066318651e-07,0.9998302632094729
id01679,0.4603628561888916,0.014585100421813022,0.5250520433892955
id17137,0.005993359053018012,0.9938511951585001,0.0001554457884819456
id14684,0.0004614692973605288,7.352970526568599e-05,0.9994650009973738
id01671,0.5038293428041072,0.2500524967012614,0.24611816049463153
id27271,0.6416934663988462,0.05308465836677018,0.3052218752343836
id16321,0.9999999992085477,5.04248391498039e-10,2.872039377583948e-10
id07468,7.849015067788274e-06,0.9999912439366887,9.070482435053973e-07
id20777,0.0014970368412343847,0.0015066922529068125,0.9969962709058589
id26036,0.8789505426338589,0.03335472514113187,0.08769473222500929
id23135,0.00629021502302535,0.002312279520390699,0.991397505456584
id07669,0.0002486953192073712,0.044152150632488986,0.9555991540483036
id00142,2.5158276639876746e-05,0.9999717244754582,3.1172479019193933e-06
id12357,0.9931943577557558,0.00017064303149897004,0.006634999212745233
id08890,0.015708817147239002,0.23172619280020593,0.7525649900525551
id21379,0.0007053725464459654,0.9992909972838756,3.6301696784457357e-06
id12099,0.8094652542885706,0.00048747146316002217,0.1900472742482694
id06503,0.4883550994354091,0.03389332928836739,0.4777515712762234
id14408,0.05165885694902981,0.9449272726005276,0.00341387045044266
id17370,0.8354484772660689,0.15102207524752942,0.013529447486401716
id25432,0.996616376419958,0.002305283166440278,0.0010783404136017584
id10132,0.2402227149343604,0.01098398105189168,0.7487933040137479
id27069,0.0011694309463203382,0.9729043083340841,0.0259262607195955
id11515,0.6798703445924923,0.20863968006208042,0.1114899753454272
id01323,0.9986712662425173,0.00040483588641941257,0.0009238978710632765
id22520,0.00012739320587372102,0.00047099456336994685,0.9994016122307564
id03293,0.002117046754734523,1.2896064891532692e-05,0.997870057180374
id19708,0.039924390208916374,0.0006887438282676509,0.9593868659628161
id22346,0.8959678401101213,0.0881676953164295,0.01586446457344912
id27744,0.9986292295517928,1.2514508384684945e-05,0.0013582559398225456
id04004,0.9061763751123992,0.05801384053835598,0.035809784349244804
id09476,0.9979451188089572,0.0009701893851889619,0.0010846918058537735
id01582,0.004236823628680519,0.0017387546789433036,0.9940244216923761
id23782,0.5238321955748453,0.12004063642618586,0.35612716799896876
id03403,3.4194605629067483e-05,0.0008389994211535019,0.9991268059732175
id11119,0.008291321725845206,0.9912247292053386,0.00048394906881625663
id16681,0.8297808304492791,0.16919536752979625,0.0010238020209246885
id16399,0.999995146146966,4.84808055511761e-07,4.369044978533856e-06
id22630,0.9497427256206808,0.0303417873872468,0.0199154869920724
id27950,0.7448497587058419,0.06207160758000457,0.19307863371415357
id00046,0.9929352330491599,0.001481620412325613,0.0055831465385146
id25556,0.08473315735916055,0.24103571032292787,0.6742311323179115
id16039,0.9992434650715629,0.0004070507284610718,0.00034948419997602473
id09110,0.9999966214676312,4.2508878634463864e-07,2.9534435823965743e-06
id19881,0.977563711220443,0.020102464146865274,0.00233382463269176
id21735,0.9960716165786627,0.0004936188407540774,0.003434764580583335
id02023,0.9999747709359748,3.37929611613472e-06,2.1849767909109256e-05
id01230,0.006911911292729519,0.9927515058084325,0.0003365828988380298
id14916,6.292552741070269e-05,0.001202509642648787,0.9987345648299406
id04944,0.7082604727680957,0.23000598188629953,0.061733545345604844
id04349,0.011578013602620413,0.0010273122404952522,0.9873946741568844
id22580,0.003003859879041662,0.9930563117976097,0.003939828323348725
id00343,0.3758538248475302,0.5982163651909984,0.025929809961471418
id14218,1.424945753621635e-05,0.9996299492939661,0.00035580124849763126
id10546,0.9948633543606196,0.0049094055886657745,0.00022724005071465657
id05627,0.0233037827317996,0.0003446232080562829,0.9763515940601442
id13735,0.005158552173394246,0.9923173294903936,0.002524118336212167
id01525,0.01205330244472466,0.0773794195689271,0.9105672779863483
id25242,0.5918492456682057,0.030325865485932677,0.3778248888458617
id17077,0.48188028371721897,0.030952135841305625,0.48716758044147546
id05672,0.522152535789436,0.46559414324002585,0.01225332097053824
id22404,0.04532498009686241,0.9539586046749262,0.0007164152282114196
id25704,0.003693802204408107,0.8507950518209553,0.14551114597463677
id00903,0.9999999868488314,1.3110360191752179e-08,4.080842710265072e-11
id15496,0.8998388466381636,0.08972077397053056,0.010440379391305904
id09903,0.03671679826524349,0.001059845742692274,0.9622233559920642
id03419,0.9928964685767794,4.316847188988515e-05,0.007060362951330738
id06647,0.7974469304142935,0.0033414050664241943,0.1992116645192823
id16700,0.0009618863554159853,0.9988981639485913,0.00013994969599272816
id08983,0.9414698550044808,0.022314527096807375,0.03621561789871189
id20782,0.879839446841387,0.06630360881714163,0.0538569443414714
id24494,0.9704920451230818,0.023781263814585413,0.005726691062332712
id10495,6.536477476523887e-06,0.9999931715273619,2.919951615768155e-07
id21262,0.3271658209790087,0.00039740832847975867,0.6724367706925115
id25689,0.005952351453529822,0.0012540248588217523,0.9927936236876485
id03705,0.027499702926918036,0.03268202415578117,0.9398182729173008
id01187,0.0054747983496619985,0.9941872547277056,0.00033794692263235115
id24649,0.8484744999144609,0.12453771151766865,0.026987788567870444
id12629,0.0033156517714222023,0.00019124150057176165,0.9964931067280061
id15211,0.0027721278328315647,0.9960920375907015,0.001135834576466976
id13170,0.0531306462961651,0.07853784190977152,0.8683315117940634
id14801,0.9303945917466577,0.01868991298802999,0.050915495265312305
id18525,0.9814239978533684,0.0032562745575982484,0.015319727589033329
id21963,0.9999529367314255,4.6898093298625286e-05,1.6517527594894786e-07
id23746,0.01580820582472497,0.003043353265675177,0.9811484409096
id18216,0.031096614558751633,0.0030572156065580844,0.9658461698346903
id16493,0.003685170329566212,2.348800586959439e-05,0.9962913416645642
id12987,0.0014927739962181448,0.9952194714578516,0.0032877545459302385
id04814,0.5818279861258193,0.2272053849486475,0.19096662892553318
id18602,0.9476823859774308,0.0033109698291053057,0.049006644193463955
id23173,0.0021362743438068546,0.9972368426975471,0.0006268829586461145
id21165,0.2446387443311647,0.015858591187428318,0.7395026644814071
id26123,0.9988709632422906,0.0010669744273269699,6.206233038239743e-05
id22608,0.012010201908620179,0.0001348018123876316,0.9878549962789922
id21139,0.9984385299075744,0.0001932408271282204,0.001368229265297306
id21853,0.013706946916071027,0.9855131137372071,0.0007799393467219363
id24128,0.9588646997565571,0.030607673338285967,0.010527626905157019
id15666,0.8684914475478538,0.10854813069186592,0.02296042176028037
id11552,0.018415523149424757,0.9806776886867326,0.000906788163842814
id17621,0.0716363380155043,0.02853962661311434,0.8998240353713813
id20001,0.8445802999235195,0.1336906586500122,0.021729041426468376
id14166,0.647797488337823,0.35107083791372956,0.0011316737484475049
id24108,0.12563356160926273,0.7865633641256511,0.08780307426508625
id19871,0.0016113113241487981,0.9894973584614427,0.008891330214408473
id22361,0.008575187214124504,0.005561095977259365,0.9858637168086162
id21065,0.0611257723386808,0.24694099387497118,0.691933233786348
id20749,0.9994468300874081,0.000415845787764193,0.00013732412482775973
id20898,3.7696309770737164e-05,0.9999611956535754,1.1080366538809214e-06
id10398,0.032770907009238195,0.011715772067108483,0.9555133209236534
id03578,0.45579152166223075,0.029637900778378426,0.5145705775593908
id25932,0.12435037041879458,0.005229215215778644,0.8704204143654268
id11133,0.014462883415249967,0.013946321144387637,0.9715907954403624
id15794,0.039257210925534185,0.9396766239961506,0.021066165078315234
id24479,0.9958724608393059,0.0035820792211417756,0.0005454599395524468
id09563,5.348841946499419e-05,0.9994706615915737,0.0004758499889613612
id11279,0.0005212451937831536,0.9758444368538822,0.023634317952334616
id26680,0.9962090329223491,0.0007118118992712065,0.0030791551783797776
id20529,0.13532753695225883,0.010073222936878764,0.8545992401108624
id11761,0.640216333875173,0.3193973651318042,0.040386300993022754
id02337,0.0003806503783722195,0.9995495949666058,6.975465502210517e-05
id04890,0.0037984012827754422,0.0015342486556973473,0.9946673500615273
id15707,6.134260625078728e-07,7.400567544820531e-06,0.9999919860063927
id26204,9.910681728964416e-05,0.09719453078930232,0.9027063623934081
id15611,0.9837729981765106,0.011230452697242679,0.004996549126246706
id17714,0.16846934322559018,0.08163114777758546,0.7498995089968243
id15392,0.9998541067818416,2.1176873034630085e-05,0.00012471634512377968
id14685,0.0004067384325418771,0.9990780105019977,0.0005152510654604128
id02508,0.1778084230487471,0.790300292203389,0.031891284747863874
id12406,0.9807485810550667,0.01191654757577589,0.0073348713691574734
id24096,0.0001220936862970293,0.9998529491014202,2.4957212282753555e-05
id19837,0.9983655827652526,0.00038062577858805134,0.0012537914561593032
id25565,0.008529352975997372,0.001162260016011055,0.9903083870079916
id27598,0.9999925820299037,7.370611920773014e-07,6.6809089042105825e-06
id26085,0.9678649569460291,0.012192879341403458,0.019942163712567476
id17400,0.003829239822086815,0.033294475905588566,0.9628762842723246
id04501,0.8876779127372462,0.032176752866892484,0.08014533439586138
id02468,0.00019026887650210947,5.467043387770876e-05,0.9997550606896202
id07394,0.9863325362166336,0.006922881335973585,0.0067445824473927616
id18917,0.007692737246451203,0.9499310296875871,0.04237623306596166
id14083,0.9524519863237505,0.032451568230340504,0.01509644544590905
id22675,0.019377034521420408,0.008579304804315993,0.9720436606742636
id27343,0.010921365220643022,0.013799900885341717,0.9752787338940153
id23206,0.11111891360631286,0.6629253551117794,0.22595573128190777
id11105,0.007656912873825823,0.9920035171806653,0.0003395699455088321
id21017,3.680517932924739e-06,9.798389209608273e-06,0.9999865210928575
id13716,0.4999402313611379,0.12474297572437962,0.37531679291448244
id00352,0.00032164255346704175,0.9928483328205274,0.006830024626005623
id12173,0.05140373424368632,2.1787977029260552e-05,0.9485744777792844
id15008,0.9748342912192802,0.011863935452844197,0.013301773327875636
id23347,0.23511017998709613,0.00601935842713977,0.7588704615857641
id23939,0.02475031124847462,0.15755248921188866,0.8176971995396368
id12090,0.5784004343690355,0.38438403547784594,0.03721553015311859
id08307,0.0024068120645482707,0.9971475627693145,0.00044562516613725527
id21316,0.006161681848131248,0.19302200457402494,0.8008163135778438
id16457,0.10335623352056783,0.0009275761411220983,0.8957161903383102
id23808,5.3417374003548655e-06,0.00015930060842963634,0.99983535765417
id12826,0.004120006039572456,0.9958235371356974,5.6456824730161025e-05
id16819,0.011409938428691244,0.007582737890831166,0.9810073236804776
id15128,0.0010970495956482151,0.9988961562824827,6.794121869016914e-06
id14953,0.00149383613046808,0.9956743836873829,0.0028317801821490267
id04083,0.9998686693718908,1.673889088972963e-05,0.00011459173721951599
id00773,0.0004699142158593413,0.9994023645445019,0.00012772123963884075
id24585,0.14272953998930704,0.05725604213286911,0.8000144178778238
id01362,0.09080421408821732,0.0011488828492560454,0.9080469030625267
id04514,0.890466353066431,0.1069760914689909,0.0025575554645781537
id19075,0.999999636672287,3.5664131711675265e-07,6.686395907534422e-09
id06283,0.9609106509292165,0.03193910482079079,0.007150244249992781
id19848,3.4729183595798413e-10,0.9999999996219524,3.075578116958691e-11
id02566,0.012096287144892916,0.9800199603990879,0.007883752456019114
id26973,0.1521116048552018,0.01239336368022509,0.835495031464573
id09333,3.6350479519603474e-11,3.6755012999625784e-13,0.999999999963282
id21745,0.008376957067189304,0.012083149861455441,0.9795398930713552
id27167,0.020621179793207434,0.9793605418300727,1.8278376719941812e-05
id08481,0.011562858873777645,0.9851048930798755,0.003332248046346964
id19456,0.9994714219783148,0.000527601976129837,9.760455553344883e-07
id01495,0.4868084620597862,0.4252379263665429,0.08795361157367103
id15069,0.5069835838795659,0.028090322842231386,0.4649260932782027
id18174,3.2531286819723615e-05,6.057227933615364e-08,0.999967408140901
id14450,0.00021899329967799106,0.04457817722543696,0.955202829474885
id04149,0.0009485474283645878,0.9988532680771169,0.00019818449451846235
id10972,0.005550257140186336,1.0669765998343967e-05,0.9944390730938153
id05547,0.0025717930825087275,0.7404795691514585,0.25694863776603266
id17670,0.028635849454229832,0.8052537371740555,0.16611041337171467
id04740,0.13206655225124708,0.030572410384176976,0.837361037364576
id24842,2.349579079230875e-06,2.966041730600253e-06,0.9999946843791901
id26895,0.3086581169645653,0.0026650899917806036,0.688676793043654
id15591,0.8315562991227291,0.007945625718750213,0.16049807515852066
id20895,0.04202249105340224,0.9572230291625738,0.0007544797840238767
id11532,1.700319853111436e-05,1.906715543339233e-05,0.9999639296460355
id16516,0.01956985373692814,0.0011300664594096693,0.9793000798036622
id14940,0.05821073183865751,0.8231460020603775,0.11864326610096508
id17152,0.9962381688951083,0.002645515446590423,0.0011163156583013504
id12870,0.00820731923213892,0.9901869573089304,0.0016057234589307104
id17405,0.6469181832610625,0.08435234824777303,0.26872946849116436
id22274,0.0026888483186511304,0.9729339141469632,0.024377237534385723
id08337,0.03398656139602178,0.0045362181767065165,0.9614772204272717
id19549,0.46420085286903867,0.004251096948511662,0.5315480501824497
id19195,0.9983977664579532,0.0015330213734347814,6.921216861201778e-05
id11564,0.9961258172562575,0.003769073041378879,0.00010510970236372447
id26771,5.338979210816867e-05,0.024684173345978958,0.9752624368619128
id24955,0.009938466521115531,0.9877258110432722,0.0023357224356123497
id22140,0.8968925730911014,0.003813953233996209,0.0992934736749024
id19920,0.07372770512408146,0.00732184450748391,0.9189504503684347
id09807,9.590240251971562e-08,0.9991490855187019,0.0008508185788956518
id27426,0.998412288076585,2.095053926071906e-06,0.001585616869488851
id22006,0.9999992921690093,2.92462502736542e-07,4.153684879820573e-07
id10604,0.6901753657026207,0.13190962311426108,0.17791501118311823
id11017,0.5536828304339076,0.4219492390915468,0.024367930474545548
id14335,0.0003741232363889771,5.745001999916571e-06,0.9996201317616111
id08707,0.8856064373729876,0.011972967112281761,0.10242059551473055
id15869,3.1193783546895282e-06,1.0443575600622295e-05,0.9999864370460447
id20593,0.9935956295926583,0.0020765338965188524,0.004327836510822836
id07428,0.3743183848486306,0.6160987049939722,0.009582910157397146
id11527,0.5045466571679672,0.026304231270410292,0.4691491115616225
id14901,0.9999972919325295,5.139204765375496e-07,2.194146994078037e-06
id19733,0.9997148259203258,4.1912703076080045e-06,0.0002809828093665763
id24677,0.00013970261657350618,0.9997633438420862,9.695354134029223e-05
id26656,0.0007391806251368376,7.065502829021024e-05,0.999190164346573
id11707,0.9998944855260498,9.724951534042709e-05,8.264958609883576e-06
id26218,0.00010372165696535521,0.999894169051893,2.109291141667465e-06
id19262,4.4945811992007755e-05,0.00019668044539542017,0.9997583737426127
id24905,0.23157253277263865,0.5982965329288813,0.17013093429848
id09170,0.9924821127736615,0.003243322889405918,0.004274564336932677
id05772,0.0004990220625205922,0.032499074453477626,0.9670019034840017
id25405,0.46473725077311606,0.09928571042937918,0.4359770387975049
id18491,0.002641154965267526,3.4038095514631416e-05,0.9973248069392179
id07780,0.6526194621190131,0.10632574358115081,0.24105479429983614
id01689,0.21447688500193068,0.006796080889648337,0.778727034108421
id17498,6.585437886864095e-07,2.149959104234807e-07,0.9999991264603009
id19964,0.8332794039848129,0.1509207545850241,0.015799841430163025
id14525,0.005918261524266123,0.004123220669528983,0.9899585178062049
id26363,0.06544609160870177,0.025228879482848483,0.9093250289084498
id07108,0.034799032909141256,0.0014859497274682845,0.9637150173633905
id11692,0.9972185888465257,0.0018741182708863244,0.0009072928825880382
id10891,0.026813889854236408,0.7675269471897608,0.20565916295600284
id16743,0.001619909917918987,0.9887214643597617,0.009658625722319404
id11556,0.9949253744831081,0.004547045160290394,0.0005275803566015263
id09116,0.5108676021576073,0.4835473316269819,0.005585066215410845
id24015,0.21225294842740466,0.126602626791045,0.6611444247815504
id00347,0.07180962292274079,0.03329555068823659,0.8948948263890226
id06284,0.0062445427733372775,0.007727489203160729,0.986027968023502
id18794,0.00010242764782320979,0.999500297060819,0.0003972752913578551
id10702,1.1124886448370083e-07,0.9999992407423449,6.480087905845058e-07
id19239,0.19449708761722279,8.7070949505562e-05,0.8054158414332717
id26016,0.9988404613207136,0.0007753536056763402,0.0003841850736099969
id26227,0.2864458523279654,0.17903940863803472,0.5345147390339999
id05367,0.10864248299454278,0.8871498288922377,0.004207688113219435
id09568,0.09682343450810563,0.004292472135371998,0.8988840933565224
id04660,0.9484104585388199,0.004671215446634967,0.04691832601454518
id04744,0.8361915762160406,0.005859136442245341,0.15794928734171415
id07251,0.0002507989791014105,0.9995165866194315,0.00023261440146707868
id25977,1.241406160749652e-05,0.9999700145956404,1.7571342752197482e-05
id06244,0.04872501618634768,0.03858693421661171,0.9126880495970406
id24560,0.0038072563991970046,0.996171159537766,2.158406303692981e-05
id05091,0.023374602996307288,0.21749312415432587,0.7591322728493668
id27248,0.21860431749133097,0.5942398508664344,0.18715583164223473
id12528,0.09996245040316763,0.5826627046968175,0.3173748449000149
id27322,0.9997837775967776,0.00020950139034120037,6.721012881274949e-06
id27213,0.11842821604830898,0.009395694569128652,0.8721760893825623
id18588,0.9908898142066536,0.0012932651933943136,0.0078169205999521
id14485,0.04302465086570711,0.03494380010167788,0.922031549032615
id27475,0.0911869217315135,0.30102070989255547,0.607792368375931
id02280,0.31710188023361946,0.5430746289531952,0.1398234908131853
id24083,0.15938388179090782,0.8389052837962646,0.0017108344128276133
id02321,0.0012850978730028417,0.0002925600995033297,0.9984223420274938
id10299,9.938292143428183e-05,1.8702341554600434e-07,0.9999004300551502
id27680,0.9903027486764059,0.002583481707323726,0.007113769616270444
id17607,0.0015972265766212414,0.0038115385390209,0.994591234884358
id06661,0.28017543124440125,0.6449019054136952,0.07492266334190362
id23860,0.9959684289372867,1.0446899050143556e-05,0.004021124163663189
id26850,5.884751330036129e-07,0.9999981580272681,1.2534975989902422e-06
id16484,0.5697104313249967,0.015471998393643105,0.4148175702813603
id15302,0.41257533493342485,0.0014266181943546547,0.5859980468722205
id21138,0.621888826892071,0.35704031612647763,0.021070856981451343
id02525,0.21877804475221094,0.48683008242410064,0.29439187282368845
id12608,8.048002609257e-06,0.999963067075548,2.8884921842696605e-05
id23863,0.012956149515531873,0.0009755397482238825,0.9860683107362443
id01755,0.9963173455206128,0.0005277680082078184,0.003154886471179353
id10567,0.9975674902498641,0.00010405896167531955,0.0023284507884606116
id08445,0.610430306166738,0.3360328848703912,0.053536808962870816
id18146,0.0034457333538141805,0.00037948112833552475,0.9961747855178503
id22263,0.24796920016941484,0.0041454532182585565,0.7478853466123266
id13537,0.00685131200106271,9.275912298852004e-05,0.9930559288759487
id19985,0.7165187907959385,0.014734311272165925,0.26874689793189555
id08053,0.016854325200584733,0.0018350150424117286,0.9813106597570035
id18959,1.6377134623001186e-09,0.9999999965808155,1.7814711343427008e-09
id06641,0.24848786954103594,0.7507557106682806,0.0007564197906834069
id27291,0.000817877994646118,0.9985839519385418,0.0005981700668121185
id16124,0.05075238713919691,0.005490963674292675,0.9437566491865104
id18221,0.0020214479754868957,0.0004347106155477105,0.9975438414089655
id25670,0.9998585074754992,0.0001329434104157693,8.549114085055238e-06
id18472,0.9962998731843173,0.0001679292942107809,0.0035321975214718127
id10302,0.4196327754793023,0.006716406114849817,0.573650818405848
id07721,0.0001640925925231043,0.9998337656510172,2.1417564596430023e-06
id22148,0.03788223691767725,0.003343500260954484,0.9587742628213684
id04724,9.639422967080346e-08,0.9999998888025206,1.4803249768312645e-08
id03980,0.9924250924876179,0.0074988239418238185,7.608357055834696e-05
id11982,0.9986256139907168,0.0005778862885048857,0.0007964997207783141
id05566,5.747580517691186e-05,0.9999414366533974,1.0875414257236342e-06
id13235,0.01835735333184795,0.9792357965430201,0.0024068501251320604
id24524,0.9421254903777968,0.004781988599319602,0.05309252102288369
id26783,0.04821765622782635,9.420697646021947e-05,0.9516881367957134
id02220,0.03324694202935449,0.9588213048935622,0.007931753077083305
id17163,0.9759536302558731,0.0028568490008600064,0.021189520743266868
id21903,0.9895575368132871,0.0025644815140651975,0.00787798167264779
id13350,8.347862966411043e-08,7.402199651769138e-08,0.9999998424993738
id07036,0.9999999933707453,2.5878154440553198e-11,6.603376553725337e-09
id09150,0.9834000039071915,0.010712626432813052,0.005887369659995502
id22042,1.1849518798228914e-09,7.037478811853482e-09,0.9999999917775694
id19562,0.439098836243879,0.03075998355677028,0.5301411801993506
id05125,0.927987914354098,0.033816520755789635,0.0381955648901123
id19462,0.9991672752102099,0.0007412787729732503,9.144601681691024e-05
id02265,0.9376658875763427,0.060419631625082945,0.0019144807985743526
id11769,0.1254114975220568,0.8637325958909072,0.010855906587035892
id19021,0.8219036103492632,0.020586936642926722,0.15750945300781
id06166,0.999592246288659,0.00027156101925604025,0.00013619269208504868
id26800,0.9717976279098275,0.00015553329225983235,0.028046838797912647
id21422,0.03014698701812658,0.002615358784811407,0.967237654197062
id13116,0.7334202117082654,0.26657300930522665,6.7789865078800445e-06
id05996,0.9999842914003261,1.2126710507409518e-05,3.581889166542788e-06
id23318,0.9999995975781422,4.0174974166203266e-07,6.721161686745821e-10
id20725,6.402365314955436e-05,0.0013170095209581209,0.9986189668258924
id09210,0.9670973318004253,0.0014336902548624175,0.03146897794471225
id25842,0.5520505641713339,0.09805483473748462,0.3498946010911815
id00767,0.6541224757008443,0.038598854556345076,0.30727866974281076
id05036,0.0009955604006004386,0.9986843332939485,0.0003201063054511443
id14853,0.03315479962103631,0.031201948541175504,0.9356432518377882
id16946,0.006693256602587396,0.0009922526599216417,0.992314490737491
id26804,0.22234198540343153,0.7454181646058423,0.03223984999072618
id24061,0.014934600569365271,0.029219532251693575,0.9558458671789412
id19861,0.9976704550464444,0.00038691935148670313,0.0019426256020689222
id18210,0.9083815637654549,0.0004058544484757465,0.09121258178606942
id24313,0.015328515298682508,6.773330310333115e-05,0.9846037513982142
id15960,0.13606146473278544,0.08402096094107626,0.7799175743261384
id14037,0.9998850469215137,8.625129483619265e-05,2.8701783650189128e-05
id17785,3.1339288412631606e-05,0.002496065571040372,0.997472595140547
id19362,0.06900517165328672,0.001057353799836953,0.9299374745468764
id10372,0.9984162995110447,0.0015555266836482433,2.8173805307093775e-05
id03061,0.0027504572091215877,0.9972286959176752,2.084687320327897e-05
id27583,3.3688271361265266e-05,1.0809127101791797e-05,0.999955502601537
id22055,0.9999847202351431,1.1395919519602628e-06,1.414017290497244e-05
id07920,0.001057923822288727,0.9989396132414946,2.462936216644027e-06
id16813,0.6795655333098154,0.029993794118546902,0.2904406725716377
id03088,0.02160427602553711,0.6919867813401773,0.28640894263428557
id03026,0.0006024061088518263,0.9937000353103437,0.005697558580804512
id09934,0.9999996452194645,1.7426707067521255e-07,1.805134648458839e-07
id21452,0.9966148960867662,0.0013821509983193018,0.0020029529149145535
id05576,0.0020334207493859563,0.013042017122033716,0.9849245621285804
id22391,0.0012191389407523734,0.001456876921948351,0.9973239841372993
id10554,0.9264324480094084,0.07306868372624635,0.0004988682643451001
id03291,0.01383362219038172,0.013920533915389374,0.972245843894229
id23280,0.972277131264214,0.00017993624532625964,0.027542932490459703
id17777,7.352710808734604e-05,2.217410689366232e-06,0.9999242554812233
id24574,0.9553189283526872,0.012544687580287048,0.032136384067025806
id05459,1.022310650226275e-05,0.9999897083170052,6.857649268616534e-08
id02724,0.013758036675692125,0.023975950085599322,0.9622660132387085
id27678,0.9079040816725759,0.038802922784966505,0.05329299554245761
id21722,1.316220784389362e-05,0.9996318745357877,0.00035496325636839913
id18139,0.9095329677911373,0.06711023652709652,0.023356795681766206
id16264,0.0002444713161017077,0.9996344344140987,0.00012109426979957431
id14537,0.9194434716229472,0.026108871770476733,0.05444765660657615
id18814,0.9996511428958496,0.00033436591784934534,1.4491186301140936e-05
id08331,0.0006186443395011295,0.9993629804229778,1.8375237521179333e-05
id03963,0.9995702234964761,1.6173685183054285e-05,0.00041360281834089505
id07558,0.9999482070073222,2.6756019738505543e-07,5.152543248041252e-05
id26275,0.7616508940075024,0.002900985270330538,0.23544812072216714
id26188,0.02171843323086798,0.9778634333982958,0.0004181333708362377
id06789,0.033066845141945016,0.8427596415046587,0.12417351335339637
id21788,9.193776708009756e-06,0.9999904229590164,3.8326427550359163e-07
id13972,0.8551191186526342,0.017613178985504963,0.12726770236186077
id08643,0.9999996729411297,1.7828923410048404e-07,1.4876963620979135e-07
id09642,0.00024137928397151024,0.999670390778842,8.82299371865051e-05
id14054,0.9952257039162328,0.00015758560163873017,0.004616710482128501
id12216,0.0042561306624078095,0.00011391225551375104,0.9956299570820785
id09211,0.0007830517191608959,0.9990817783401627,0.00013516994067640893
id16903,0.00010447870797311406,0.9998080818314227,8.743946060421724e-05
id18976,6.397145934009482e-06,0.00118050562727622,0.9988130972267898
id01861,0.987464475411974,0.007996104312690624,0.004539420275335447
id22745,0.0006660839163731643,0.9992840211251245,4.989495850234365e-05
id03560,0.9698205808766178,0.02517316928970774,0.005006249833674452
id17799,0.9999289638086084,1.596262784379932e-05,5.5073563547813015e-05
id12387,0.007057131201237099,0.1144214176498959,0.878521451148867
id09450,0.651359294782288,0.006945831507434022,0.3416948737102779
id18088,0.0475275940337263,0.0005857705492549505,0.9518866354170188
id21697,0.9990350436086991,0.00025996107634695297,0.000704995314953903
id26128,5.2577891804864535e-08,0.9999999457246681,1.697440061567725e-09
id27462,0.0006025669972117006,8.640228448890115e-06,0.9993887927743395
id19394,0.9999886403475391,1.122122241431424e-05,1.3843004661914218e-07
id19929,0.19385055256791264,0.8058515178480418,0.00029792958404568226
id16056,0.2344571200583981,0.19887993735702827,0.5666629425845737
id08756,0.019051360840591062,0.0007155714842935923,0.9802330676751154
id09203,0.0031581426548970373,0.9905164685173361,0.006325388827766885
id14098,0.9992537893526027,0.00043091200244489464,0.0003152986449523941
id24641,0.9247470061196155,0.06601459150542714,0.009238402374957447
id24507,5.500155424103508e-06,0.9994501322335974,0.0005443676109784942
id20161,0.5640468869482174,0.4317980821032171,0.004155030948565574
id11710,0.04179909400538676,0.00031192155983981285,0.9578889844347734
id15751,0.2794431873289871,0.4478184573233675,0.2727383553476454
id06617,0.34047727332853533,0.04056786773869016,0.6189548589327745
id19131,0.9971529594555352,0.00040393952528185417,0.002443101019183044
id02796,0.5051457502160397,0.46475532459246954,0.030098925191490752
id15575,0.04969998761220608,0.9383928874188769,0.011907124968916981
id21828,0.9635295664772335,0.00851253666897175,0.027957896853794673
id15093,0.0006084029882673965,0.9989901837646783,0.0004014132470543043
id27867,0.48816531074243824,0.02380931579073189,0.4880253734668299
id19315,0.019055661025070447,0.00034562469195735046,0.9805987142829722
id19398,0.9180921910874512,0.07557692661066485,0.006330882301883985
id01572,0.13547157773434954,0.7990870914084681,0.06544133085718234
id09781,0.9455190093837648,0.03973848897928558,0.014742501636949693
id19278,0.4411337988452249,0.39231777758390163,0.16654842357087332
id11852,0.02448936472879799,0.015203978972454358,0.9603066562987477
id07067,0.0002730093067425305,2.186083878759507e-05,0.9997051298544699
id08550,3.3991714835353447e-06,0.9999966000479278,7.805886589176967e-10
id02634,0.951196874168973,0.000644582066274719,0.048158543764752315
id02449,0.968573541118704,0.002543937039677534,0.028882521841618564
id10359,0.8849981179139547,0.03304019506103212,0.08196168702501327
id00217,0.96465421948902,0.013143529997771937,0.022202250513208115
id20848,0.00037186901404800276,0.9995534437223658,7.468726358632968e-05
id20229,0.8701546860092081,0.12983624526244666,9.068728345287157e-06
id02211,0.8787434406876785,0.07021107293584335,0.05104548637647814
id08435,0.19613524158056683,0.7838892786770272,0.019975479742405985
id23681,0.012652911394980303,0.005400254934578645,0.9819468336704411
id00571,0.3422639605066484,0.0003027632310225905,0.657433276262329
id16280,2.002286927628694e-09,9.705017532149378e-10,0.9999999970272113
id15022,0.34211058204214556,0.038237302658390954,0.6196521152994635
id08040,0.00015586423194124122,0.00039344961742195133,0.9994506861506368
id18087,0.9412744483043004,0.05808053060301867,0.0006450210926809489
id11280,0.9994314661128652,0.0005639245355394879,4.609351595401101e-06
id21543,0.7212424018984025,0.23456345805664977,0.04419414004494783
id00245,0.9985363092752492,3.028046588376517e-06,0.0014606626781624792
id13745,1.491134013820355e-06,6.742880132929862e-09,0.999998502123106
id15734,0.9349846376942267,0.06197824193607969,0.003037120369693601
id22572,0.014726035801974343,0.9850836991940864,0.00019026500393921737
id12741,0.043218705015604056,1.3568512258505221e-05,0.9567677264721375
id16477,0.34547086694859663,0.6477919399575491,0.006737193093854302
id26261,4.0153073168378406e-05,1.7713626501085474e-06,0.9999580755641815
id15867,0.7005724787687746,0.18636394974662576,0.11306357148459963
id10479,0.9931300762430784,0.0005555899008992605,0.006314333856022439
id17736,0.00013272065685813195,4.519060171111847e-06,0.9998627602829707
id17768,2.846825239393562e-05,2.0737030138481915e-05,0.9999507947174676
id14172,0.8628689963600654,0.019709089006009317,0.11742191463392528
id01972,0.0065349152023213945,0.0008440166750639106,0.9926210681226147
id10962,0.9873048618896423,0.0022203418626837034,0.010474796247673985
id16692,0.843144955856426,0.10795496999066582,0.04890007415290829
id25471,3.722098822590862e-08,0.9999993865933902,5.761856216113833e-07
id05603,0.0005874914799701784,0.9993906746922134,2.1833827816422117e-05
id15340,0.7824774741500355,0.01702545814416606,0.20049706770579848
id22971,0.630462148780617,0.028377228169092664,0.3411606230502904
id06765,0.0004134882172616589,0.9989430097786086,0.0006435020041297316
id19864,0.9906056766003604,0.00013247375158272932,0.009261849648056899
id15834,0.02731005547226883,0.9634024697571921,0.009287474770539077
id17395,0.009050538924986386,0.007503662326412845,0.9834457987486008
id02585,0.0019243377253016425,0.9926814649737472,0.005394197300951146
id13154,0.9999985105649221,8.154595798211029e-07,6.739754981734598e-07
id12972,0.23007623038881708,0.36582170959947224,0.40410206001171073
id11103,0.862400560986025,0.035564465718474166,0.10203497329550076
id26062,0.0654411462636084,0.04438929219357889,0.8901695615428127
id07339,0.9952788922348906,0.0019422710351264414,0.002778836729982988
id06096,0.9999961208363379,3.3479366132752305e-06,5.312270488783043e-07
id22945,0.005861504295341419,0.9939789450827483,0.00015955062191034858
id10058,0.9444728185367857,0.04304783348563449,0.01247934797757989
id06435,0.9999999898385239,3.5782535273589e-10,9.80365078588658e-09
id12636,0.017549446086398576,0.003204991736061813,0.9792455621775397
id25423,2.8877536774499176e-05,3.6788399984350495e-06,0.9999674436232271
id12990,0.10226266685761005,0.13570842577154488,0.7620289073708452
id24106,0.008222654723372684,0.9347696105849929,0.05700773469163444
id14481,1.5051057608814892e-05,0.9999344751126141,5.0473829777094674e-05
id03617,0.055686210354801965,0.0006990094642001144,0.9436147801809979
id26055,0.9998758982597971,4.586261573805997e-07,0.00012364311404557474
id23712,0.9967930381074908,0.00010275761842442216,0.003104204274084844
id19441,0.0012476390247437876,0.9985501271194652,0.0002022338557909423
id17042,0.9630321394277972,0.03682218811322514,0.00014567245897764472
id09018,3.1126938942023144e-05,0.9999687025995521,1.704615059491163e-07
id08879,1.0000000000000003e-15,0.999999999999998,1.0000000000000003e-15
id10841,7.197816423493679e-08,0.9999998909693287,3.7052507074731585e-08
id04776,0.031155719855649792,0.9685930393150562,0.00025124082929400485
id26526,4.054110125433522e-06,0.0007148503208675243,0.999281095569007
id14181,0.017960154950673737,0.9546529263007998,0.027386918748526556
id18396,0.992580381464504,0.0013744713038578056,0.006045147231638225
id05585,0.1320080107544197,0.8606496859042881,0.007342303341292106
id11546,0.07749058044283626,0.3689018898111984,0.5536075297459653
id08027,0.00019618026413063363,0.998355504886575,0.0014483148492944631
id00659,0.3811497667840924,0.00018163614759965818,0.6186685970683079
id10937,0.001674251977543583,0.9972935287378403,0.0010322192846161351
id01898,0.027409645045761242,0.9386415010073558,0.033948853946883
id23695,9.975903009639183e-05,1.0419874352597499e-05,0.999889821095551
id07856,0.08224379861859603,0.7767165036156123,0.1410396977657917
id25233,0.980398752768147,4.721245287971203e-06,0.01959652598656503
id24052,0.045292284476086596,0.23149097365266702,0.7232167418712464
id01698,0.00272999526339591,0.9972570425732038,1.2962163400270068e-05
id01356,7.83364360197341e-05,0.9999208351570381,8.284069421879115e-07
id10430,0.0005621337838877751,0.9993557971206389,8.20690954732117e-05
id04778,0.0010833769845267648,7.83289694532682e-05,0.99883829404602
id24707,0.000299811518018773,0.9971948160023625,0.002505372479618896
id04539,0.6302587353382568,0.0016516961098655162,0.3680895685518777
id20011,0.9501483374548001,0.008151462011233726,0.041700200533966184
id09950,7.5246950218663595e-06,0.9999924744316367,8.733413854036077e-10
id14397,0.976928556442537,0.014659905130561045,0.008411538426902043
id04457,6.5096145692563995e-06,0.9999896106206674,3.879764763299297e-06
id19469,0.1340604671289103,0.5987529056618903,0.2671866272091995
id24230,0.036541386388290194,0.04769408004571566,0.9157645335659942
id16719,0.9666407094101028,0.033294920291882836,6.437029801436451e-05
id20183,4.658511492291022e-06,0.9999952570404624,8.444804521229419e-08
id24531,0.00037708525304615867,2.0937059939101792e-06,0.99962082104096
id04934,0.9321532464537262,0.03650961435676849,0.03133713918950535
id17230,0.01493964954860677,0.0034069954833048023,0.9816533549680885
id07561,0.9565598056083552,0.010746008743019246,0.032694185648625626
id12282,0.0007815342985291022,0.9992179295080823,5.361933886057321e-07
id14992,0.3706745039375786,0.545690009734208,0.08363548632821337
id02934,0.47394642598777137,0.12405181525013258,0.40200175876209593
id00189,0.9999991491316068,7.777322699360024e-07,7.313612332566278e-08
id27941,6.0522286268096434e-05,0.999936878474909,2.599238823001185e-06
id14642,0.003240228072464182,0.9938705612355131,0.0028892106920227405
id23445,0.7554589083173078,0.05408603660450769,0.19045505507818444
id21603,0.0006956954564869684,0.0003767650226797769,0.9989275395208332
id21046,4.550999816457113e-06,0.9998042819586318,0.00019116704155171824
id02264,0.0023981531978002394,0.9920037464811569,0.0055981003210428685
id00409,0.8965186148273225,0.010236899918710612,0.0932444852539669
id00351,0.5780444034992103,0.04910316120748701,0.37285243529330264
id14362,1.3015060631425127e-09,0.9999998862583706,1.124401234445142e-07
id20757,0.8550230749268746,0.07807783022849665,0.06689909484462879
id22764,0.9505342307360254,0.04792481710581949,0.001540952158155035
id19264,0.019084666029914984,0.003761139060192147,0.9771541949098929
id04506,0.8366087095541971,0.052123208189880636,0.11126808225592229
id18505,0.8845381425111289,0.11543292264643827,2.8934842432610248e-05
id27354,0.0332785290524175,0.027641196319475734,0.9390802746281067
id22410,0.998530146729906,0.0001791766624882475,0.001290676607605737
id14241,5.566644052302603e-08,0.9999999405345361,3.799023346476952e-09
id18785,0.13357945088431308,0.8357515107575585,0.030669038358128415
id16649,0.8777845794699688,0.12177794347618075,0.0004374770538504776
id16386,1.0846583986990754e-06,0.9999988323600766,8.298152476063088e-08
id09051,0.010906227593770869,0.00036900816180622444,0.988724764244423
id22296,0.9947922991604353,0.0051504926438693125,5.7208195695332096e-05
id08584,0.8703457635320028,0.05303829027774866,0.0766159461902486
id22219,0.0007751954214077806,0.00047791328956787196,0.9987468912890244
id18790,1.8107236751335939e-09,0.9999999973455334,8.437430059409742e-10
id10922,0.03700390954674572,0.4637378452129589,0.4992582452402954
id15002,0.9232303914340307,0.008363039374436344,0.06840656919153283
id24862,1.3807754937636478e-05,0.9999833873712946,2.8048737677887463e-06
id25845,0.7058876225745464,0.2336058533379043,0.0605065240875493
id17586,0.016024727647327496,0.9828142595699164,0.001161012782756075
id09390,7.926797078826504e-08,1.0149953536400311e-10,0.9999999206305298
id20069,0.9973932357939715,0.0004943937760892184,0.0021123704299393174
id05953,0.013203827297444199,0.9845900977686518,0.002206074933904063
id15583,9.722227475386125e-05,0.9999023347849274,4.429403187813557e-07
id03482,0.0013004041186287264,5.935733126483172e-05,0.9986402385501064
id06243,0.4814151247473017,0.449298175181451,0.06928670007124728
id01116,0.0012592995325474586,0.011213606431635431,0.9875270940358171
id17530,0.0003386826768183157,0.9977684011759449,0.0018929161472367596
id07552,0.018285825286798365,0.00026521945431115025,0.9814489552588905
id03131,0.002274978876835813,0.9976950461103224,2.99750128418344e-05
id23142,0.0011727260200413768,0.0013159328836220786,0.9975113410963365
id05540,0.9930133526237461,0.006654674703962649,0.00033197267229118343
id06292,0.9745858662747411,0.008415391024424049,0.016998742700834873
id26506,0.6004167509413562,0.27156247149932944,0.1280207775593144
id19068,0.0068880429142640824,0.00047350193818265394,0.9926384551475533
id21782,0.0016176554786286393,0.001470763997596654,0.9969115805237747
id24563,0.007440230944538617,0.9900278521213111,0.0025319169341503
id21986,0.08477468953227764,0.8692429747950471,0.0459823356726753
id04967,0.111480179129646,0.03011984073238877,0.8583999801379653
id11760,0.06438584075058225,0.034033707630509814,0.901580451618908
id02483,0.9999277954998378,1.3103266320563853e-05,5.910123384163023e-05
id15791,7.735530795374025e-06,1.2029356655033564e-07,0.9999921441756381
id14256,0.04222469808001895,0.002430712621719117,0.9553445892982619
id18328,0.9661871753087292,0.0021885192718735648,0.03162430541939728
id06213,0.020819933443851364,0.9263248352677863,0.05285523128836239
id00772,0.8085571939512678,0.17479368961210262,0.016649116436629575
id01113,0.9147512879223639,0.010147323575041304,0.07510138850259483
id03972,0.9889848496880779,0.0109069247144137,0.00010822559750847511
id25386,0.16530376202245964,0.6269489257789564,0.20774731219858397
id09156,0.5401821529072545,0.41800847097295457,0.04180937611979101
id22624,0.9346827464842461,0.0392951615122756,0.026022092003478315
id17789,2.64678850785809e-06,0.9999157932732334,8.15599382587563e-05
id09039,0.002184297565569912,0.9976289935927429,0.00018670884168718515
id20538,0.22748262743428668,2.4930319509800584e-06,0.7725148795337624
id05501,0.0005793568556369465,2.2283511672802569e-07,0.9994204203092463
id27641,0.9118074999736685,0.08468641717769829,0.0035060828486332637
id05965,0.004714824331439063,0.0019717318124702825,0.9933134438560907
id23431,0.2528734137372263,0.6980352000234964,0.049091386239277175
id13075,0.005503063547865423,0.05473114206522282,0.9397657943869118
id26190,0.10669683893619943,1.403781314414413e-06,0.8933017572824862
id12196,0.92970752803516,0.0007221921821847515,0.06957027978265534
id21318,6.21473930444972e-05,0.9999342381003058,3.6145066497375774e-06
id11277,0.19079034718371177,0.6547937683650547,0.15441588445123366
id07193,0.9928328435552345,0.0043767326371343266,0.0027904238076311362
id17105,0.0028557215214187574,0.08032459516098428,0.916819683317597
id18263,0.9685736272158999,0.0005951581778091358,0.030831214606291013
id22875,0.03447170495160452,0.0012896730837087982,0.9642386219646868
id07157,4.179342863964657e-06,1.6394061760367114e-08,0.9999958042630743
id15051,0.6221202842955107,0.00032728956546196553,0.37755242613902734
id08871,0.16334653982575265,0.38996088873495216,0.44669257143929514
id17036,0.0005398723527387805,0.002131892494641627,0.9973282351526196
id02783,1.7149827340893943e-05,0.007693111957566987,0.9922897382150921
id26418,0.9982469684867145,4.5924548354720135e-07,0.001752572267802018
id15748,0.9195572707738654,0.003770188162063784,0.07667254106407084
id00820,0.5444780321492658,0.44318030340031456,0.01234166445041964
id27695,0.02305492475730929,0.9390318036931132,0.037913271549577486
id27286,0.9170335883024551,0.06654273079282517,0.016423680904719837
id11680,0.000713195490886713,0.0009035582965781715,0.9983832462125352
id01070,0.004633548769808998,0.0007412037970106463,0.9946252474331804
id18486,0.0014704042684204703,0.00020287682418364955,0.9983267189073959
id12389,0.00031689107404367085,0.9993843075950677,0.00029880133088870377
id12544,0.009989147925181427,0.9891813314918156,0.0008295205830028932
id04692,0.993485690598791,8.704458325021551e-05,0.006427264817958725
id17342,0.9808961870076364,0.001001233443031568,0.01810257954933204
id09640,0.011789956343177102,0.004848461174974002,0.9833615824818489
id24300,0.25959250897659736,0.003438576188263466,0.7369689148351392
id13725,0.8398290983704901,0.03696088423533717,0.12321001739417273
id22633,0.9999998408885611,1.5910890648097474e-07,2.5324400778306013e-12
id16653,0.9627510866068698,0.032824009372664054,0.004424904020466149
id00184,0.9981776407189292,7.445151634114352e-05,0.0017479077647296253
id23872,0.9994798409553058,0.0002278173155438082,0.0002923417291504624
id05095,0.7216121309418776,0.02196716270480881,0.25642070635331365
id05757,0.2377291072115223,0.017059095095347847,0.7452117976931298
id26883,0.9797518091297313,0.011517791780873365,0.008730399089395418
id01868,0.9621700560445046,0.0022581319690632424,0.035571811986432285
id13053,0.00011681380626630153,4.369652929282176e-06,0.9998788165408045
id24443,0.9670780479628012,0.023704989209427166,0.009216962827771721
id12795,7.58463110272602e-05,0.9999119976955614,1.2155993411403909e-05
id05298,0.006171943038832235,7.116326372239749e-05,0.9937568936974454
id07560,0.07788016336197359,0.005022327954597669,0.9170975086834288
id10281,0.9733376181120389,2.791792604026854e-05,0.026634463961920905
id07254,0.9630435057511212,9.032975475437855e-05,0.036866164494124436
id00837,0.008877582829477017,0.9694874638982369,0.021634953272285994
id04534,0.03402398633187306,0.29210956833962365,0.6738664453285033
id16716,0.9941217543030066,0.0017446831819763243,0.004133562515017018
id04057,0.701820758434839,0.09952676497744588,0.19865247658771518
id14988,0.5682571795005903,0.005371582684585594,0.42637123781482417
id05353,0.18457988931016914,0.19684675040965396,0.618573360280177
id21250,0.914680085107462,0.08379049566528765,0.0015294192272503186
id25963,0.0008273385155288571,0.99602634488803,0.0031463165964411978
id10370,0.0011222190148351295,0.14712535880723163,0.8517524221779332
id26934,0.9009564127237659,0.029196394692545143,0.06984719258368904
id07649,0.11174787696392838,0.06313075770635379,0.8251213653297178
id21169,0.9871450024586321,0.012478879519472973,0.00037611802189490076
id25824,0.9999525963043546,1.7499740998866196e-05,2.9903954646541778e-05
id01154,0.25154168735109955,0.7195783730012149,0.028879939647685617
id02523,0.34553531668974496,0.04153471790985595,0.612929965400399
id07677,0.9619328147876208,0.0059070688122658055,0.032160116400113396
id24447,0.003283791657634238,1.327741191015626e-06,0.9967148806011747
id23036,0.0065619591730408725,6.228648472185789e-06,0.993431812178487
id05424,0.886114250423721,0.09297095443819262,0.020914795138086386
id18807,0.0034290661713751672,0.0034952272635531178,0.9930757065650717
id05894,1.5092734322698282e-05,0.9928208138959639,0.007164093369713509
id08494,0.09314131360342161,0.5349456183123169,0.3719130680842615
id17181,0.6630567647969808,0.024832334685542586,0.31211090051747664
id24037,0.0011809381050399761,0.9979321303037172,0.0008869315912428807
id22495,0.7714561143524928,0.12847015812534407,0.10007372752216312
id21717,0.9212403424159091,0.03111170691290684,0.047647950671184096
id00477,0.22934280969402646,0.6991395450443925,0.07151764526158114
id03167,0.005845785320610343,0.007736920234411948,0.9864172944449777
id08783,0.07356764942020468,0.12997724952797324,0.796455101051822
id11954,0.9995269148451283,1.0584647022555314e-05,0.00046250050784913424
id03029,0.9981223298919152,0.0001487205185998958,0.0017289495894849485
id16359,0.6687483877164393,0.0972279317327207,0.23402368055083994
id02984,0.9999601128776405,1.4921022431060085e-05,2.4966099928363735e-05
id24559,0.9877955255710672,0.006017431264053246,0.00618704316487949
id26880,1.654305413280808e-07,4.481332516586296e-08,0.9999997897561335
id00656,0.17302514856065643,0.0003613770560066315,0.826613474383337
id07825,7.609669622815943e-06,0.9999826685219656,9.721808411645245e-06
id16525,0.0015924629867787564,0.997661685038824,0.0007458519743972059
id08849,0.5179407143881525,0.44821509738467424,0.03384418822717327
id09260,0.00011834101312628502,0.9998815464593978,1.1252747596024356e-07
id22233,0.9995036816797815,0.0004290200942276725,6.729822599081867e-05
id12191,9.149084625543095e-07,2.62212133294519e-05,0.999972863878208
id15505,0.00016931426338874088,0.9998297299780736,9.557585376861734e-07
id15882,0.8793858330657075,0.07517644464872358,0.045437722285568825
id10569,0.2131511317337461,0.0023906159038866366,0.7844582523623672
id26059,0.9433719895416527,0.05614735532558679,0.0004806551327604935
id13055,0.027987059229718805,0.02479420405646816,0.9472187367138131
id05388,0.997523635221912,0.001935834999314792,0.0005405297787732433
id25199,0.0009016372075549261,0.9987427887123193,0.0003555740801258274
id11813,0.014843973343856657,0.025522006330728136,0.9596340203254152
id14866,0.06954438621144522,0.00019844516428904718,0.9302571686242658
id22247,0.38172087863186976,0.010790590327076471,0.6074885310410538
id08196,0.6261027361691146,0.3470664862367011,0.02683077759418422
id27246,0.01795753412508639,0.960271258796209,0.021771207078704623
id21926,0.0002989607296285063,0.0008937974916520288,0.9988072417787195
id01930,0.2545802980060889,0.008186067238425106,0.737233634755486
id26406,0.3245115394813849,0.023912397487625126,0.65157606303099
id07760,0.008429952826998996,0.9887973730736799,0.00277267409932111
id24815,0.011138950112291733,0.0013949371309084197,0.9874661127567999
id22063,0.9973558489761183,0.0006771094993134218,0.001967041524568336
id21513,0.027638950236508367,0.8685592392094716,0.10380181055401991
id04006,0.9996166315260862,4.388152840689602e-05,0.0003394869455070311
id06177,0.7668905134180515,0.23203142773955593,0.0010780588423926797
id24010,0.7887591930718894,0.0026139227091886647,0.20862688421892195
id16402,1.7432306281455795e-07,3.363201934669676e-09,0.9999998223137353
id23894,0.9565258505976688,0.043444465678994154,2.9683723337013513e-05
id18867,0.8338985008151945,0.0026668786174685994,0.16343462056733696
id01691,0.0003316936146852062,0.9996545775990204,1.3728786294387185e-05
id11818,0.05818448977137036,0.8675914535067832,0.07422405672184643
id18481,0.09924220180782278,0.3055279581644087,0.5952298400277686
id20137,0.9947865359671783,0.003196961227011406,0.002016502805810347
id14630,0.022286454667980283,0.4023405450841689,0.5753730002478508
id03058,0.6554047183986142,0.08300692541752197,0.2615883561838638
id27857,0.1090968684996677,0.857393073746865,0.033510057753467326
id19345,0.04613601337951459,0.9398130237428837,0.014050962877601759
id12726,0.054095526043751625,0.018834533140258018,0.9270699408159904
id06015,0.00190533441191098,0.013705747759755657,0.9843889178283334
id26548,0.029480095403114463,0.014809506106272066,0.9557103984906136
id20284,0.0005244559387893083,0.0005571642772000638,0.9989183797840107
id17912,0.3175862927537054,0.03176314619209735,0.6506505610541973
id10287,0.5326471921558976,0.003798686855241708,0.46355412098886073
id03604,0.00133184448885671,0.9982460822582171,0.0004220732529262333
id07423,0.00934648263271922,0.00119308038555592,0.9894604369817249
id01484,0.009012379284342455,0.990610745453363,0.00037687526229447454
id16904,0.9999985029355015,6.566859839845319e-07,8.403785145071357e-07
id13187,8.619265856467323e-08,2.9647267809692013e-06,0.9999969490805605
id08507,1.9150914120547825e-14,0.9999999999999799,1.0000000000000003e-15
id09599,0.9989643732705475,0.0005481189464752544,0.00048750778297731615
id20460,0.0018565984986459304,0.9954657156658989,0.002677685835455158
id23743,1.1108018140423841e-05,0.9999709985053181,1.7893476541502497e-05
id13914,0.00015384934579873002,0.9996784813104683,0.0001676693437329659
id23108,0.9657813879273285,0.01796026396382369,0.01625834810884787
id20111,0.10980741087368832,0.8887079848474332,0.0014846042788785195
id00300,2.682657982596033e-06,0.9992765195253258,0.0007207978166915022
id25970,0.5278396741831907,0.09231120178308809,0.37984912403372123
id24588,3.8057647288642912e-06,4.081683507010976e-08,0.9999961534184362
id04799,0.37537766243071397,0.05596454986169809,0.568657787707588
id19685,0.0021013817499786576,0.0012943035943649899,0.9966043146556564
id00628,4.896886900545183e-05,1.19623564015891e-05,0.999939068774593
id10632,0.8399136037588422,0.034789806154256975,0.1252965900869009
id24894,0.0013131857617953552,0.9977254268276765,0.0009613874105281577
id06843,0.15985297195184936,0.8397095459190212,0.00043748212912945913
id16211,0.9924123792654606,0.007009213476412147,0.0005784072581272601
id10730,0.00041704930769300276,0.9995818653058312,1.0853864759133611e-06
id06399,0.012450928063903023,0.9873977339875191,0.000151337948577933
id25138,0.9998473184484393,0.0001353783358929513,1.730321566778274e-05
id04372,0.019433392945460294,0.1876735556546678,0.792893051399872
id01057,0.2332464950917083,0.003673486597496824,0.7630800183107949
id07505,0.6750301990726039,0.3121231679495042,0.012846632977892052
id17331,0.9999925031816022,5.424967423616874e-07,6.954321655492485e-06
id11306,0.051715039408877964,0.4750936203580216,0.47319134023310044
id07490,3.8709376959134015e-10,0.9999999989684196,6.444866609794419e-10
id00721,7.64422245403174e-05,0.9952448510725961,0.004678706702863621
id07538,0.6924125139555984,0.04621240148183952,0.2613750845625621
id11289,0.013895726748238881,0.00021881317035323073,0.9858854600814079
id25207,0.9999994607086443,3.0374392577986296e-07,2.3554742988287944e-07
id03831,0.9999954618681449,3.398088506965597e-06,1.140043348130739e-06
id05371,0.7940938884488844,0.1974286709726645,0.008477440578451203
id07405,0.0016388006856903113,0.9982429748562743,0.00011822445803541084
id25960,0.00022408684222170622,0.9996175159763244,0.00015839718145379286
id18497,0.11967667707938721,0.15794134176750446,0.7223819811531084
id24478,0.9954335601013614,0.004027948018016854,0.0005384918806217553
id12431,0.003596313248701544,0.996333656640698,7.003011060046609e-05
id24080,0.33060919504988917,0.0011501875813733277,0.6682406173687375
id11862,0.0018554097618789843,3.366288153142661e-05,0.9981109273565896
id04798,0.9935388496021311,0.0010039402909317965,0.005457210106937172
id22638,0.00017864200463551912,0.9997118085911965,0.00010954940416802678
id16105,0.0005738469683385946,0.9969083676570288,0.002517785374632493
id05863,0.11545753260964528,0.01591432564055166,0.8686281417498031
id11466,0.9999699323149963,3.249000214930169e-06,2.681868478871534e-05
id06091,0.9716771263179615,0.0034413911485384955,0.024881482533499998
id04214,3.749398584004832e-06,0.9998975896010006,9.86610004153182e-05
id21197,0.9543147732331849,0.03223334441664616,0.013451882350168932
id06479,0.09305109394594868,0.002513380976209854,0.9044355250778414
id21801,0.9938558826498083,0.00012370578321038063,0.006020411566981271
id00540,0.9916609774806477,0.00821872757800695,0.00012029494134537784
id07102,0.9354859103342605,0.05849860463426743,0.006015485031472067
id12012,0.000389392800390613,4.190535195440014e-05,0.999568701847655
id17850,0.13772824858764096,0.0002132341722518764,0.8620585172401072
id12708,0.7478012540095588,0.012464276369082001,0.23973446962135928
id09277,0.4173887985678898,0.07045720607860574,0.5121539953535045
id11482,0.0016651490118046724,0.9697858831842968,0.028548967803898515
id15327,0.9355339573635743,0.06432613713981741,0.00013990549660833815
id17561,2.5924808873102465e-05,0.9999696826841286,4.392506998312254e-06
id21966,0.4967987595478003,0.026932986842708596,0.47626825360949115
id05742,0.9999997104032898,9.585058410363921e-08,1.937461259982453e-07
id21441,0.9851422040853367,0.005377049687181076,0.009480746227482162
id10819,0.0011541808225801658,0.9976058364917981,0.00123998268562182
id00018,0.3309304653283099,0.5406627422829242,0.12840679238876584
id17038,0.9551195535900114,0.04444309440968785,0.0004373520003007306
id14680,0.0001470510120374544,0.9998201291975854,3.2819790377017326e-05
id17760,0.03719257884003964,0.053852557736477374,0.908954863423483
id14436,0.7665948273806338,0.1957532955649693,0.03765187705439703
id17180,0.0003217862387732446,3.994127091466913e-08,0.9996781738199558
id19132,0.029676954833703525,0.9610273786301707,0.0092956665361256
id17497,0.00012039912494127146,0.9998252521075187,5.434876754017415e-05
id26284,0.027922636585762745,0.0006163452541466472,0.9714610181600907
id04340,2.830266054897632e-06,0.9999916216677176,5.548066227509325e-06
id06427,0.00017067443358261453,0.9998230829413288,6.242625088575958e-06
id08340,0.9699774993833199,0.03000666093517933,1.583968150074799e-05
id07167,0.0003796932212256697,0.9993571390312754,0.0002631677474989384
id02218,0.8333883805628182,7.304072025879795e-07,0.1666108890299793
id18406,0.8347288011162667,0.15351201008727597,0.011759188796457426
id22134,0.9902392076480346,0.003919705250143883,0.005841087101821524
id04983,0.0022114460971009494,2.019910307241541e-05,0.9977683547998267
id17767,0.3719283321041616,0.6252222908546261,0.0028493770412123284
id15131,6.224228643439479e-05,0.999861661490686,7.609622287957493e-05
id11132,0.9758595304528985,0.003781963121239239,0.020358506425862278
id10054,0.3438985183962848,0.24350096181179887,0.4126005197919163
id03797,0.0005226854102662556,0.005545310875205106,0.9939320037145287
id17143,0.9879234552111696,0.0001658661904385125,0.011910678598391887
id19078,1.481806613286701e-06,4.887124586761559e-07,0.9999980294809281
id04919,0.9999948841215147,2.0393194450354977e-06,3.076559040269744e-06
id03272,0.2833896328976547,0.5977812753222257,0.11882909178011959
id15047,0.001171644466018143,0.007538390699189673,0.9912899648347923
id23727,0.30672637450325607,0.35008704184869777,0.3431865836480462
id07221,0.9549568576991635,0.03913337741496682,0.0059097648858696976
id13974,0.001346484789613347,0.996654984951277,0.0019985302591096718
id24050,0.9312988511122962,0.019427964323066985,0.04927318456463693
id18119,0.9807452352434666,0.0017322065011080993,0.017522558255425393
id05205,0.7873279047946438,0.1649046720998119,0.047767423105544285
id05233,0.10671712678552504,0.8920751431365195,0.0012077300779555545
id23556,0.8192372079526923,0.0021325034027706536,0.17863028864453714
id06323,0.95263259920575,0.005221575462646129,0.042145825331603805
id27903,0.000756909823185582,0.026330727835443962,0.9729123623413705
id15164,0.8925531006546468,0.06976232880637866,0.03768457053897461
id14714,0.0002015763823447999,0.9990772419424234,0.0007211816752318139
id11585,1.545426384733992e-06,0.9999976603663482,7.942072670855959e-07
id09119,0.7822298081171649,0.07910027731651001,0.13866991456632516
id03135,0.8811869605600609,0.06958972246677184,0.049223316973167286
id23385,0.9022887048685801,0.03136155909795796,0.06634973603346196
id18219,0.8825566152315307,0.008954306617661318,0.10848907815080798
id17596,0.003651763549498017,0.9963465539311707,1.6825193313443396e-06
id12235,0.0605620807096275,0.0065308428815698425,0.9329070764088027
id15394,0.9989645230328998,8.10645574377967e-05,0.0009544124096623592
id07727,0.9545758823640959,0.0021548798702765125,0.043269237765627716
id02748,0.997979326489567,0.001880780438713588,0.00013989307171945864
id14913,0.0039525056005287225,0.0003192009353769304,0.9957282934640943
id05257,0.13838962802963778,0.0011381410523475404,0.8604722309180147
id23759,0.003939629464357293,0.04297808929550088,0.9530822812401418
id08726,0.9665257286878247,0.033417331684917756,5.6939627257507964e-05
id24493,0.990854853961421,0.007877305771365327,0.0012678402672135576
id19945,0.018170921559699623,0.9814779003270874,0.00035117811321307336
id27893,0.9791266966657435,0.0002117564134705344,0.02066154692078609
id04975,0.019197762566394688,0.00044476004171791855,0.9803574773918874
id14722,0.8038885391836388,0.17544816880388417,0.020663292012476898
id10320,0.0007997471601712785,0.9773127706614974,0.021887482178331332
id09619,7.564993725897454e-06,0.9995152953657835,0.0004771396404905151
id07480,0.41044100925746,0.4957314539479437,0.09382753679459623
id00342,0.009464516318602777,0.9353084909845204,0.055226992696876906
id08611,0.9508969709038927,0.029879660289777794,0.019223368806329508
id24284,0.03460027481166363,5.434221567564706e-05,0.9653453829726608
id20491,0.022457343298478295,0.8892974201721229,0.08824523652939882
id18337,0.00017488651054164503,0.00023964792748694868,0.9995854655619715
id04781,0.9939147909009037,0.0006944576776037626,0.005390751421492522
id11067,0.9642205024279688,0.008685962095725518,0.02709353547630572
id19402,0.9900923432718827,0.005851415494275013,0.004056241233842392
id20009,0.0024415854271654215,0.0017948938840968325,0.9957635206887377
id08535,0.0018879639195272756,0.008074194809763003,0.9900378412707097
id07495,0.0864811338755466,0.00015278477478038492,0.913366081349673
id06262,0.010017718193595418,0.0004829216404961414,0.9894993601659084
id10898,0.6517267137427125,0.09570313365840889,0.25257015259887855
id17778,0.0003784701352971215,0.9996150941858103,6.435678892602726e-06
id07210,0.020059834828839114,0.9720989645300735,0.007841200641087346
id04367,0.01570606782746245,0.9544681536650137,0.029825778507523923
id27713,0.6194690431963786,0.008055651105994018,0.3724753056976274
id15428,0.08402943510151861,0.9020006895772449,0.013969875321236553
id25427,0.5811704279507743,0.09064193192560706,0.3281876401236185
id09789,0.7684297638151014,0.001456042276144449,0.23011419390875418
id07658,0.9999417074153991,5.358381453793798e-05,4.708770062936843e-06
id25453,0.024081149948442508,0.8356847583920287,0.14023409165952888
id24495,0.9986594426434742,0.0005146412537530018,0.0008259161027728524
id03270,0.002745708258873261,0.9888881813168564,0.008366110424270417
id11879,0.16685768867744036,0.8304332160272868,0.002709095295272824
id24356,0.08425108827761721,0.01103944673106881,0.904709464991314
id22256,0.017317935209378407,0.02613514335850602,0.9565469214321156
id06050,0.013876532047698608,0.9852756174773549,0.0008478504749465425
id09555,0.982728883736942,9.489070844343572e-05,0.017176225554614514
id23772,8.105990462454985e-07,0.9999990746840774,1.1471687635774554e-07
id21930,0.03020161914666869,0.019920459358868176,0.9498779214944632
id00823,0.0007407675188718756,0.9604807714224721,0.038778461058656004
id23666,0.0005491997234751134,0.999379726397301,7.107387922388718e-05
id08118,4.548677582910072e-06,0.00030572073880912124,0.999689730583608
id21388,0.00010246899583365562,0.9834703952361467,0.016427135768019727
id23312,0.9467650368723476,0.002331985785486561,0.050902977342165874
id08545,0.0035510291618025855,0.99137777160193,0.005071199236267483
id20351,0.39278397876564813,0.07315379574570811,0.5340622254886437
id13536,0.317523605017906,0.05317502379333764,0.6293013711887564
id27742,0.0015340531327268144,0.998431731555967,3.4215311306281375e-05
id13343,0.0007408424913231687,7.161769498289142e-05,0.999187539813694
id11987,0.010644698966907735,0.9535431585368688,0.035812142496223505
id08921,0.18550807921703236,0.010217040579943527,0.8042748802030241
id09972,0.004047350370128617,0.9959331337344429,1.951589542851176e-05
id26173,0.9993386639383165,4.3342332292145705e-06,0.0006570018284542443
id07917,0.19708534528899596,0.5043039070898305,0.2986107476211735
id01383,0.994115323755175,0.0024635715773901152,0.0034211046674349982
id26699,0.14124481936600258,0.8359598823421202,0.022795298291877153
id11058,0.007794837828162573,0.0001627351395202439,0.9920424270323172
id20425,1.2159572364742685e-05,0.9997804501625628,0.00020739026507247605
id20238,0.00017898408947818862,0.9983835786702319,0.0014374372402900023
id21348,0.5616651767913216,0.3183512608362511,0.11998356237242731
id09552,0.3010634362198765,0.02372197783534458,0.675214585944779
id25075,0.5243111078301111,0.4017038825291528,0.07398500964073612
id17749,0.02066167975747213,0.0009847908896355353,0.9783535293528923
id18910,0.161119143652995,0.0013583530733576822,0.8375225032736473
id13534,3.878508766083859e-06,0.9999945314404929,1.5900507411255423e-06
id22205,0.006723538145452241,0.9872482252944322,0.006028236560115512
id23896,0.9882073127757344,0.0008333196976230524,0.010959367526642593
id23616,0.21764598629075166,0.0034779425310308963,0.7788760711782176
id03537,0.6263069427946053,0.2744997293761412,0.0991933278292535
id18147,0.15664425401886578,0.8384821835112779,0.004873562469856327
id25408,0.9999956904566313,1.0518258676129678e-06,3.2577175010928463e-06
id09997,0.16845967134019307,0.0008688254730416649,0.8306715031867653
id23357,0.0008061398036553223,0.0003825804148613699,0.9988112797814833
id21880,0.8071718230133483,0.017155753973034142,0.17567242301361746
id21633,6.090026896712688e-06,0.9999900672201487,3.842752954592467e-06
id15976,0.0009085948519750698,0.020107442121278518,0.9789839630267464
id20266,0.00016699758647639593,0.0005244250868118099,0.9993085773267117
id26726,0.6442861819271993,0.3153383153950641,0.04037550267773656
id02958,0.8189782852728388,0.1422358827128882,0.03878583201427308
id25211,0.6100786495276659,0.019597891074391614,0.3703234593979426
id24314,0.9999915334938255,8.452994517241764e-06,1.3511657318413517e-08
id21475,5.49467654422213e-05,2.3826262423375113e-06,0.9999426706083154
id22733,0.009583540143438759,0.9880775794751085,0.0023388803814527654
id14297,7.148284069120476e-07,0.9999794619450488,1.9823226544261797e-05
id27627,0.004332701066726544,0.9956288813766294,3.841755664403171e-05
id03580,0.0005317742433322347,0.9994674112822137,8.144744540441726e-07
id08858,0.0007406410081288049,0.0029794155017695226,0.9962799434901017
id22512,2.0647933084245863e-06,0.9999974172650857,5.17941605785347e-07
id05634,0.018770509637691977,0.003303054226419136,0.9779264361358889
id00105,2.5535553651636312e-05,3.937869136123929e-05,0.9999350857549871
id26635,0.9798952361070605,0.013559445455481121,0.006545318437458275
id19324,0.009853569422962786,4.4125178577378066e-05,0.9901023053984599
id00210,0.7993156646549667,0.12053267152616574,0.0801516638188675
id06809,0.8814168516435972,0.007855658264291595,0.11072749009211125
id04074,2.2645416142235543e-05,0.9997628413343022,0.00021451324955563958
id27010,0.4557665464327986,0.22245793505267883,0.3217755185145226
id00699,0.0028476755540187996,0.0009692078832656016,0.9961831165627156
id18549,0.2710345422787707,0.20807335906803504,0.5208920986531943
id14089,0.8482489442435444,0.14525126797018154,0.0064997877862739235
id19792,1.8172330482196423e-05,0.9999795095035473,2.318165970537354e-06
id19935,0.0002048205782926335,0.00025450587668588234,0.9995406735450215
id22960,2.7207099199340493e-05,0.008575947078380391,0.9913968458224203
id02471,5.717808037815521e-07,2.646487047342091e-09,0.9999994255727092
id07896,0.0027409709878272927,0.0004929077787905836,0.9967661212333822
id20033,0.9901688723218992,0.004755017759684611,0.005076109918416209
id15018,0.9996580574141098,0.00010527346724060811,0.00023666911864949497
id19528,0.9870122885184156,0.003593575036904326,0.009394136444680162
id21621,0.30404443267697545,0.03753646727982037,0.6584191000432041
id14328,0.01623043735220091,0.9217925084704498,0.06197705417734935
id19524,0.9992164105880914,0.00023452343236693646,0.0005490659795416841
id00219,0.9999999797069038,1.1332570046449075e-08,8.960526223669478e-09
id23229,0.006322592929368105,3.197934031626661e-06,0.9936742091366003
id14357,0.9838306772012508,0.006539417994767152,0.009629904803981964
id21829,0.03817032669146806,0.014437971507191977,0.9473917018013399
id02137,0.7117986914553908,0.20939356756580332,0.07880774097880583
id23524,0.46563571899706563,0.008338528217085457,0.5260257527858488
id12022,0.9997879658439116,6.779097564348027e-05,0.00014424318044492791
id05255,0.9891458150121071,0.0050439257672045745,0.005810259220688311
id14605,0.97919074796151,0.0011339909068091856,0.019675261131680843
id15329,0.05420735052783066,0.015743601197931084,0.9300490482742383
id06046,0.4777631149543602,0.012314172892965325,0.5099227121526746
id16548,0.006559663334213294,0.001163440521775398,0.9922768961440113
id23369,0.0022002653526854237,0.0014156951551664056,0.9963840394921483
id17824,0.9753266066982617,0.0013577868836073617,0.023315606418130987
id17243,0.0004498097756802558,1.2335079418581669e-05,0.9995378551449012
id13185,2.2389353260030848e-07,0.9999997740862248,2.0202426457551437e-09
id27091,0.9000323145918063,0.07153358737941426,0.02843409802877935
id21817,0.032259901533467,0.0020284868038854677,0.9657116116626476
id21912,0.966395729679776,0.030943257315150043,0.002661013005073924
id24163,0.040159345826718144,0.11729317791911363,0.8425474762541683
id12484,8.18019302045173e-06,6.434067490741212e-06,0.9999853857394888
id15799,0.903289822344493,0.08086299942823995,0.0158471782272671
id22315,0.037798508422185496,0.9582869367942565,0.003914554783558078
id02608,0.0002310540952519961,0.9987199386703437,0.0010490072344043193
id10057,0.9999009190679855,8.87698235822103e-05,1.0311108432289228e-05
id01709,0.9973195461724262,7.637859620272096e-05,0.0026040752313710416
id11153,5.5682510933323746e-05,0.9999407872284224,3.530260644277493e-06
id25154,0.10370236115914302,0.8686167537476767,0.027680885093180375
id18207,0.003975719625867317,0.9946514972966687,0.0013727830774641315
id03370,0.0012369855248859306,0.9986383560173648,0.00012465845774924453
id26760,0.9299985563395116,0.013045349156626385,0.05695609450386204
id15099,0.935303758048185,0.009127459104116498,0.05556878284769846
id16341,0.0022045502737561384,0.0007021595888772924,0.9970932901373666
id15572,0.6255181409223647,0.07959302095457,0.2948888381230654
id24901,0.99999987226681,3.701040212781115e-08,9.072278793301457e-08
id04528,0.9937566325904968,0.0017742301860969153,0.004469137223406263
id26507,1.7782840798340206e-05,3.668279275879792e-07,0.9999818503312741
id26687,0.8076286161182464,0.03135552518772091,0.1610158586940327
id27819,0.05095898856351034,0.0025809584956346145,0.9464600529408551
id17610,0.00010156504826967489,0.9998896304783055,8.804473424901718e-06
id03373,0.519118394360462,0.47087898790214333,0.010002617737394612
id05881,0.08312881747884047,0.006967425356373044,0.9099037571647866
id15875,0.027487946023963403,0.034368080079502344,0.9381439738965344
id18400,0.9532107235015975,0.03547967022238529,0.01130960627601716
id23596,0.0016885408947519259,0.005174310033574135,0.9931371490716739
id07006,1.2022894683061924e-05,0.9999849058845368,3.0712207801679754e-06
id25134,3.697314561807638e-05,0.9999597198548388,3.3069995431443907e-06
id17393,0.9999804940692457,5.979321874126651e-06,1.3526608880260949e-05
id20155,0.0050182939328229075,0.9949302119718864,5.149409529076307e-05
id09536,0.000522115484921938,0.9981026814325309,0.0013752030825471794
id09155,0.005174829336693461,0.9944924053466497,0.0003327653166568346
id26482,0.9998824294588444,6.329282472562208e-05,5.4277716429927125e-05
id17001,0.016720597140081946,0.9643052686585735,0.018974134201344584
id08134,0.8188702731937196,0.0032484680866166136,0.17788125871966384
id10174,0.7667441613431035,0.20277908317431573,0.0304767554825806
id04760,0.3713111557851724,0.03172695250647492,0.5969618917083527
id04941,0.9957325825511756,0.004090841122744669,0.000176576326079696
id01339,0.8869385131976633,0.10166743310239534,0.011394053699941434
id24710,0.23809113922482167,0.0958002259557349,0.6661086348194435
id20408,0.7802317377709994,0.14325944970752438,0.07650881252147604
id04028,0.017770815477989643,0.5460953703670928,0.43613381415491764
id07153,0.21196955630398223,0.007949968981687122,0.7800804747143307
id20098,0.005429589446387221,0.9921739740057164,0.0023964365478962913
id24146,0.05748217846112698,0.012105283574252907,0.9304125379646201
id06276,0.9760583381888513,0.012436358056351569,0.011505303754797053
id18978,0.30813230829754373,0.6145259670512652,0.07734172465119107
id04247,0.9853661408815759,0.0012710650502523611,0.013362794068171792
id02020,0.0001928949434735584,0.9997493980224786,5.77070340478529e-05
id14299,0.0003709457765565286,1.2928364412037815e-05,0.9996161258590315
id27255,0.27949731661793037,0.6088971475488737,0.11160553583319593
id05751,0.001937051951395123,0.0013158050452304576,0.9967471430033745
id09428,0.9999954542903985,1.6621184643560605e-06,2.8835911372439033e-06
id06941,0.9554284087013077,0.04447235042878858,9.924086990372626e-05
id25678,8.61197504222259e-05,1.0823379480536143e-05,0.9999030568700973
id27425,0.9995253846032282,0.00025056569015017075,0.00022404970662172075
id12619,0.025056210658966977,0.9726817420874703,0.002262047253562758
id00530,0.00020970613068096007,1.4536201275143194e-05,0.9997757576680439
id14683,0.9991048855270243,0.0008871809544466313,7.933518529112555e-06
id14618,4.2034138030935644e-05,0.9996291262290832,0.0003288396328858552
id07599,0.9993169889662783,5.4165877049196276e-05,0.0006288451566724909
id02786,0.9997976876833929,1.814463816948514e-05,0.00018416767843761162
id21563,0.8546424049686594,0.02950811693558583,0.11584947809575481
id26412,0.006866288740704576,3.094642002270401e-05,0.9931027648392727
id18320,0.15004784258967246,0.8095918872414517,0.040360270168875896
id02043,0.7030347757928049,0.03786484311934447,0.25910038108785055
id03179,0.5359275836310148,0.34047356909682536,0.12359884727215989
id17256,0.1721649170073629,0.8259285893713681,0.0019064936212689842
id07435,0.0006804592315483508,0.016956800987946392,0.9823627397805054
id17659,0.8418288251924531,0.07663393900230792,0.08153723580523906
id06828,0.015855686994129762,0.9833884524032246,0.0007558606026456927
id18636,0.0030494027231767183,0.0009775896273852658,0.9959730076494381
id05216,0.99616494150432,2.1437394529653747e-07,0.00383484412173471
id23156,0.6522474851442595,0.10828771042383141,0.23946480443190915
id23861,0.9972939508373426,0.002197722013989655,0.0005083271486677734
id21416,0.38133144702480587,0.0001910173408934033,0.6184775356343007
id02763,0.8533300346491914,0.0360047874534178,0.11066517789739079
id12625,9.789930285307891e-06,4.6437238687247934e-05,0.9999437728310274
id08033,0.01681941228399399,0.0009868845475949032,0.9821937031684111
id24105,0.5445762186106393,0.33680060046567784,0.11862318092368292
id09295,0.9999821817929307,9.217543038941564e-07,1.6896452765426688e-05
id22062,0.3441622540992864,0.628942616193653,0.02689512970706057
id21044,0.9999864130977022,4.9685627794665135e-06,8.618339518407281e-06
id17419,0.7794513671162926,0.040318906073357585,0.18022972681034993
id10969,0.9934054002040892,0.0038727985119325382,0.0027218012839782414
id23066,0.031033128419005906,0.2068839393144464,0.7620829322665477
id25667,0.938174635082497,0.0012861542702811864,0.06053921064722181
id14534,0.9840234390635137,0.0037280046079494213,0.012248556328536858
id26645,0.0034243981623587457,0.9927875872307627,0.003788014606878628
id03965,0.001348664133181308,0.0002672513438324804,0.9983840845229862
id25956,0.9903768220803376,0.007864982229549023,0.001758195690113361
id23707,0.9980543535979755,0.0011415524206887743,0.0008040939813357096
id18026,0.8134177550511499,0.019319363275022525,0.16726288167382766
id10767,1.6343225508496734e-06,0.9999965027685689,1.8629088802409241e-06
id18802,0.6579593416172591,0.33875386604741936,0.0032867923353214964
id02940,0.013060378626433604,0.9745955219323533,0.012344099441213108
id13403,0.9986199936908072,0.0013268996147910521,5.310669440173549e-05
id10201,5.716034317926704e-07,0.9999993901082599,3.8288308331538057e-08
id15333,0.011235275472311264,0.0023135463330118326,0.986451178194677
id25619,0.0067002061806233654,0.0023738520114832745,0.9909259418078934
id18506,0.004947568580652636,0.9946801011895312,0.00037233022981622967
id09835,0.0036830876723732294,0.9957724523699394,0.0005444599576873894
id14828,0.9977534391949469,0.0021295249431983435,0.00011703586185482471
id26816,1.3005827889874218e-05,0.9997483674729601,0.00023862669914998856
id26134,0.22084497136121814,0.7788991501314085,0.00025587850737337765
id25064,0.8668754076398353,0.0019372217933436141,0.13118737056682103
id14254,0.6300811283291776,0.11721256128778,0.2527063103830423
id09352,0.05464537969954869,0.5111174249063836,0.43423719539406785
id21495,0.9966743997463783,0.001848457148702521,0.0014771431049191495
id15349,0.0004673973531505531,0.0006128931563586807,0.9989197094904908
id06759,0.0014380641739880201,0.996435222203102,0.002126713622909917
id20876,0.7495538116100889,0.0005801548424965826,0.2498660335474144
id14644,0.8479843673555785,0.09589014561874522,0.056125487025676345
id16927,0.00012688267287564088,0.002896876048255469,0.996976241278869
id00417,0.016336558470203245,0.9305846724413914,0.05307876908840535
id18892,0.2667096038498841,0.027589762876587005,0.7057006332735288
id17500,0.0001773995493684994,0.9998191113795963,3.489071035261758e-06
id17676,0.004664773838874355,0.9906374648218653,0.004697761339260425
id03378,0.9999999999981106,1.5530503664713252e-12,3.3633757244065964e-13
id26891,0.5186081575204138,0.0031532497378751086,0.47823859274171115
id15609,0.9878683972711966,0.012082190748828861,4.941197997449255e-05
id11270,0.8759165145145136,0.05410860361464908,0.06997488187083736
id01141,0.0030058872897269534,0.00010654688158900944,0.996887565828684
id18738,0.41407431640582976,0.0006116848763364704,0.5853139987178337
id23964,0.001362976506353967,0.021036782431428154,0.9776002410622179
id08032,0.683902677111201,0.0016494271200636474,0.3144478957687354
id10410,0.038585733107028154,0.09221674509415957,0.8691975217988123
id15738,0.904028629740647,0.09515448241008231,0.0008168878492707089
id22293,0.08362638379604942,4.376463924372841e-05,0.9163298515647069
id23174,0.8134865267799026,0.12154222704248996,0.06497124617760737
id13041,1.6065961924617996e-05,0.9998459830828925,0.0001379509551829021
id18377,0.08473890502506037,0.05687100729587769,0.8583900876790619
id24269,0.020774620146552798,0.970948998029972,0.008276381823475079
id19445,0.011123563100923788,0.9885978118353222,0.00027862506375393123
id16449,0.006196207451629384,0.9919504737195877,0.0018533188287829093
id11857,0.0008403345906286239,0.07052578832129401,0.9286338770880773
id14929,0.0592222265255215,0.8787836853209222,0.06199408815355632
id16029,0.13405850910444073,0.05093701498349134,0.8150044759120679
id09091,0.9998612469953226,1.4862008699243832e-05,0.00012389099597813317
id14431,0.03870729017543367,0.9469992834197956,0.014293426404770623
id15857,0.43360913172649357,0.24092546114402597,0.3254654071294805
id26177,0.013047132488449392,0.0034804235985597294,0.9834724439129909
id07001,0.0033331345017304967,0.11659985221431743,0.8800670132839521
id00626,0.36847962377544735,0.00023035760330032307,0.6312900186212523
id25160,0.6322107861400301,0.06955415021606731,0.2982350636439027
id21474,1.0422033451743782e-05,2.9110388688763874e-06,0.9999866669276795
id03155,0.9999999999982517,1.6075452975853752e-12,1.4081169328133968e-13
id11858,1.0643286778798138e-06,2.8223697795635223e-09,0.9999989328489524
id12413,5.396571809759716e-06,0.9999945835922918,1.9835898507073736e-08
id25656,9.587256290655804e-07,0.9999988284995449,2.1277482596225981e-07
id24322,0.793875974275914,0.07745395296043946,0.12867007276364653
id20603,0.898690572689939,0.09197409498914882,0.009335332320912253
id06878,0.9999993294017656,4.6092613797667383e-07,2.096720964878055e-07
id03535,0.9471465049125324,0.050997270360018616,0.0018562247274490867
id11831,0.9946922250528333,3.8050773555554636e-07,0.005307394439431242
id24685,0.974676261572271,0.024878971086762125,0.0004447673409666946
id10426,0.031141934104299177,0.05692823977848313,0.9119298261172177
id09024,0.0006372562842286015,0.9993621906495196,5.530662518862638e-07
id09728,0.3038337326025126,0.0006788886660806587,0.6954873787314068
id01065,4.470017865664484e-06,0.9999946759615767,8.540205577100189e-07
id14005,0.9984522355807162,0.0011434636387324757,0.00040430078055133945
id18534,0.0009101040134792829,0.013848024772753074,0.9852418712137676
id19862,0.15087757535828342,0.637355328261223,0.2117670963804936
id14707,0.9999948598691679,4.690061594815877e-06,4.50069237262112e-07
id02248,0.0026665873334786724,0.9926907643535676,0.004642648312953773
id20494,0.09065615771030466,0.013450864304782728,0.8958929779849126
id27072,0.9948490104730107,0.005146455989484739,4.533537504573708e-06
id20587,0.27309038937274477,0.5376235883157254,0.1892860223115298
id24134,0.005281010795165625,0.0011074328199165984,0.9936115563849178
id22696,0.21145895625996008,0.002895823870890842,0.7856452198691491
id23757,0.977484642284681,0.003281427098766692,0.019233930616552274
id18828,0.9999626553039607,3.611718344863028e-05,1.2275125906983838e-06
id14040,0.00944944055245048,0.0005060916615056804,0.9900444677860439
id09385,0.933637981881438,0.012002251316732812,0.054359766801829267
id16005,0.0005572087346583037,0.9991262251351654,0.00031656613017639576
id12467,0.33305056405485756,0.0487668799513347,0.6181825559938077
id16209,0.8758117817103978,0.05476339427820568,0.06942482401139663
id01621,9.145167622625726e-05,0.9999074890479512,1.0592758225089664e-06
id18081,0.24880627131511227,0.004445015336841129,0.7467487133480466
id06667,0.021585333390166078,0.0008715844047469034,0.977543082205087
id07436,4.142888709482162e-05,4.831256153057163e-07,0.9999580879872899
id19498,0.029583082359905234,0.9688020500189481,0.001614867621146634
id12123,0.9894213238439279,0.00909253682853375,0.0014861393275384918
id17082,0.9383281307404157,0.021619630338393748,0.04005223892119058
id00313,0.021896800898014542,0.9703747262265215,0.0077284728754639445
id14281,0.1273711163580956,0.025975014805951643,0.8466538688359528
id14755,0.894080648578611,0.00047723514407448315,0.1054421162773145
id17484,0.8991537626099667,0.08983195909470973,0.011014278295323608
id00111,3.063140778328005e-09,0.9999999903612065,6.575652799325975e-09
id16542,0.03788727742113854,0.07766232240850589,0.8844504001703556
id00458,0.9218708735258975,0.008927220153051979,0.06920190632105047
id07682,0.05449168848241045,0.9208668522604975,0.024641459257092067
id02041,0.011266760809133164,0.9822937509188356,0.006439488272031237
id26070,0.16586137374289048,0.005800049401003579,0.8283385768561059
id05271,0.9990139913102504,0.00048480772675764194,0.000501200962992048
id18107,0.9974562812724016,0.0018565982043554157,0.0006871205232429248
id01170,0.019105597653398806,0.02585557904475278,0.9550388233018485
id23464,0.07112368595192893,0.9022181556667753,0.026658158381295812
id03879,0.3189149985136048,0.1747564746918599,0.5063285267945353
id22473,0.0001242296440128024,0.9987295806605461,0.0011461896954412223
id20937,0.7979020295714028,0.1633560596331893,0.038741910795407994
id16239,0.1856853644673186,0.8071691611735758,0.007145474359105528
id02348,0.9994519712495867,7.988194344947908e-05,0.0004681468069638541
id19796,0.9999999969695148,4.0075973652374685e-10,2.6297254041296545e-09
id06531,0.0010533194921664925,6.789723857903956e-06,0.9989398907839756
id02641,0.013869736155146884,0.9840600300016135,0.002070233843239672
id01332,0.45286640435301606,0.0023801956737600945,0.5447533999732238
id24038,0.005545604739831236,0.9694891351251629,0.024965260135005926
id23699,0.9950753659065117,0.0036570968513142156,0.0012675372421740935
id07294,0.9806552496081882,0.019155284457269425,0.00018946593454236525
id00319,0.946715468505971,0.05251919845433924,0.0007653330396897481
id05699,0.9830429265987474,0.016773990531547225,0.00018308286970539325
id18863,0.9908805424753656,0.003936948903434636,0.00518250862119971
id07745,0.6933461659656538,0.006373060306358252,0.300280773727988
id02157,0.0002281709995120815,0.9987332026498925,0.0010386263505953418
id00525,0.27638971329601375,0.3109911541412323,0.41261913256275395
id14740,0.8659276917430379,0.004699391376120805,0.1293729168808413
id01420,1.0272692373872582e-06,0.9999989687978437,3.9329190103530134e-09
id17725,0.9999990545137664,9.409445428031263e-07,4.541690855582955e-09
id07807,0.045410997265973266,0.8553725510880038,0.09921645164602284
id11676,0.0006329856521726096,0.9985738483902588,0.0007931659575687156
id06720,0.011426789970210943,3.948166321097362e-05,0.9885337283665782
id08048,0.00017707463084629918,0.0013430501017392025,0.9984798752674146
id04185,0.23462487976769744,0.0014025599668694801,0.7639725602654331
id02077,0.963904716705633,0.003030567096685663,0.0330647161976812
id12968,2.409091142688859e-05,0.0007609774135199317,0.9992149316750533
id01945,0.9283663563564896,0.05931890161727406,0.012314742026236416
id06446,0.6294125901345705,0.3600552677355477,0.010532142129881891
id01072,0.9591403580587863,0.03773726726393185,0.003122374677281919
id15124,0.8705516877256336,0.03357625769529827,0.09587205457906821
id14173,0.00012010730145153388,0.999821933844098,5.795885445044167e-05
id27559,0.000480051528119943,4.504984156124688e-06,0.9995154434877239
id13722,0.8708286437104541,0.05264736856537846,0.07652398772416748
id09310,0.929302048345757,0.05731997964664548,0.013377972007597546
id23024,0.999966915621671,1.9051350694182882e-05,1.4033027634954855e-05
id24332,0.015899771390951133,0.9816070646873399,0.0024931639217089445
id07699,0.49041777342748905,0.2544121974029481,0.2551700291695629
id06837,0.5081696400781827,0.4833436654010786,0.008486694520738688
id07279,0.993878161631533,0.0011782854956502642,0.004943552872816752
id16451,0.10936882767374771,0.007187738458368297,0.883443433867884
id17588,0.0002299711643989611,0.9739267242333743,0.02584330460222678
id07018,0.9889604238790904,9.352301566689837e-06,0.011030223819342785
id12994,0.16613607919917073,0.8148812329060545,0.01898268789477472
id03703,0.9230579835872189,0.004041589174404185,0.07290042723837696
id01753,0.8891876867210399,0.005341754988376866,0.10547055829058331
id02866,0.0032166155816182075,0.00591866074883712,0.9908647236695447
id21884,1.059881666277748e-13,0.9999999999997407,1.5328165424004217e-13
id27543,0.13360695499314335,5.563772669018592e-05,0.8663374072801665
id22149,0.0028493727407531326,0.6804229056393278,0.3167277216199191
id14595,0.8455265772701799,0.14761538664759039,0.006858036082229689
id12383,0.3193667729251231,0.6791414300561506,0.0014917970187263165
id27714,0.9530888997767946,0.04644414603262193,0.0004669541905835471
id17634,0.8915962681096685,0.08404684159169164,0.024356890298639883
id15906,8.525570403381923e-06,1.4403458076245527e-08,0.9999914600261386
id09047,0.0026364079986880627,6.747142190127122e-05,0.9972961205794106
id02059,0.722049018339195,0.010664515643328465,0.2672864660174766
id19107,0.9997440901674639,8.044043445879748e-05,0.00017546939807728523
id02385,0.3681243184446723,0.0009959836776697224,0.630879697877658
id21312,0.9915248697720959,0.00805056790886571,0.0004245623190383748
id02215,0.01069608034579339,0.988571084178174,0.0007328354760326699
id08928,0.6419878823940284,0.16445119592726365,0.19356092167870798
id07099,0.9999448741087111,4.8320738294588054e-05,6.805152994317262e-06
id01935,0.7140420306331091,0.21711324127975437,0.06884472808713657
id24757,0.011474664857977485,0.9875541106004323,0.0009712245415902724
id01848,0.012742475261520402,0.004214564742622256,0.9830429599958573
id06224,0.9999960386509085,1.2661718606921007e-06,2.6951772308573365e-06
id15539,0.005555507689612582,0.8807171779159243,0.11372731439446317
id22907,0.0035497433331975756,0.9952591801639412,0.001191076502861197
id12713,0.9999272335560484,2.998476981595107e-05,4.2781674135672126e-05
id15521,0.05976855401230405,0.05239697520594608,0.8878344707817498
id25539,0.6374697358664458,0.01566386564246858,0.3468663984910856
id23370,0.0009463699186105858,0.0035230477352149237,0.9955305823461745
id15868,0.9514954470955047,0.018531260725171427,0.02997329217932387
id17808,0.00456014158403078,0.006961695819665651,0.9884781625963036
id08241,0.3620148523506049,0.5895524070163316,0.04843274063306357
id27284,0.9619309886658137,0.03599805595438918,0.0020709553797971006
id20707,0.9935545157832384,0.006273205825094552,0.00017227839166710315
id03823,0.00023545665958958997,0.9996262223788926,0.00013832096151773389
id00463,0.005884151818685107,0.9477874791674203,0.046328369013894595
id07241,0.9617773435940019,0.037404797469694544,0.0008178589363036203
id05702,3.920629872893583e-06,0.9999958653589259,2.1401120118035027e-07
id18973,0.9758143054115728,0.005441672285104109,0.018744022303323154
id18662,0.7416824379898307,0.06459702095922872,0.1937205410509407
id06448,0.0015927982998603285,0.024104548475169515,0.9743026532249701
id21002,7.533704869895277e-06,0.998642088930979,0.0013503773641510178
id08753,0.9998650776022624,0.00011661600689824801,1.8306390839362163e-05
id27832,0.01831856417951693,0.9689595876289477,0.012721848191535335
id11341,0.18487925177258466,0.8096076918752928,0.005513056352122587
id11426,0.019409853738940035,0.07556954587609481,0.9050206003849652
id15388,0.02663775035170787,0.00041089301417154535,0.9729513566341207
id12801,0.8385670384494353,0.14476494388168368,0.016668017668881086
id02380,0.28943907716024236,0.0028121332524437778,0.7077487895873139
id02777,0.5488477934182792,0.0007510845555608215,0.4504011220261601
id05412,0.024550057382114243,0.0005477367074396023,0.9749022059104462
id01303,0.999810092499314,0.00011978068795514613,7.012681273086855e-05
id21665,0.9984911121352968,0.0001748128829918936,0.0013340749817112737
id12973,0.008479173047966014,0.00043282511770159946,0.9910880018343324
id22046,0.9955178526950009,1.6136855686601502e-06,0.00448053361943048
id24035,0.009320520870617292,5.595910200846055e-06,0.9906738832191819
id15513,0.027814634890130734,0.971493312491654,0.0006920526182153259
id12302,0.17490605975476833,0.005273216853899063,0.8198207233913326
id01751,0.8770863597873768,0.053629937593218054,0.0692837026194052
id27003,0.9521483274097877,0.004260872527468761,0.04359080006274346
id14689,8.651166950351649e-06,0.9999818863866478,9.462446401968669e-06
id11885,0.9061046091020779,0.003345835606240157,0.09054955529168197
id16558,0.49502973723354715,0.3216530433968229,0.18331721936962997
id15785,0.3485223130112527,0.5501569377979219,0.10132074919082541
id25382,0.00012379812955658418,0.9998206199383082,5.558193213530921e-05
id19170,0.9730665409135714,0.022629022475372004,0.004304436611056652
id22689,0.9222421598646199,0.07400985472176272,0.003747985413617412
id03178,0.9445942231407457,0.04075081708848617,0.014654959770768108
id22393,0.9029816109777516,0.0062274634975805964,0.09079092552466772
id19215,0.27995049736901506,0.022765441758970016,0.697284060872015
id27829,0.43300132020657134,0.08253902101621517,0.48445965877721353
id11659,0.5405902398685634,0.002022771851427069,0.45738698828000957
id25831,4.771892410792858e-10,0.999999945070242,5.4452568726870755e-08
id08781,0.9442209869348402,0.0049320440410178445,0.05084696902414184
id11550,0.07702169561212831,0.9216835580110487,0.0012947463768230002
id25478,0.06468901075227902,0.0006016618237740996,0.9347093274239469
id09909,0.9999475951160206,4.207004014136919e-05,1.033484383808304e-05
id09009,0.3000453522545876,0.0006152179933258168,0.6993394297520865
id12660,0.3091866587500022,0.003245246109407164,0.6875680951405907
id23033,0.4127486963702767,0.2902164722241963,0.29703483140552706
id25937,0.8690974932715555,0.09478757592946987,0.036114930798974626
id10385,0.6756339436150817,0.32154106928632253,0.00282498709859581
id15288,0.00031650554535688456,0.0003274010438219612,0.9993560934108212
id06403,0.9962786938772464,0.003688529660975262,3.277646177837623e-05
id18342,0.0033268932278982008,0.9885283350744262,0.008144771697675525
id00497,0.2186094677620355,0.0006779859963292715,0.7807125462416352
id12156,0.9984166953023917,0.0015776308134935937,5.673884114604541e-06
id26825,0.9960906394004938,0.0012690915415836718,0.0026402690579225715
id20140,0.1528541482888885,0.0010723297555666805,0.8460735219555449
id06714,0.3864939679546738,0.015511804758418889,0.5979942272869074
id06017,0.003623679941905475,0.015476317707952868,0.9809000023501416
id14841,0.9922044993417889,0.007491858635740399,0.000303642022470738
id25646,0.017228761853622796,0.010247272143775785,0.9725239660026015
id09218,0.8435823048203063,0.1491670627113553,0.0072506324683384495
id21857,2.196236440727188e-08,0.9999999743696252,3.6680104406321508e-09
id05750,0.006188447762892834,0.0024853164643962823,0.991326235772711
id10507,0.026209759113332995,0.5452344224289618,0.4285558184577052
id09696,0.006463850184585563,0.013882348421036174,0.9796538013943783
id00835,0.16252504180480046,0.8029292330095125,0.03454572518568715
id26717,0.09212706407314157,0.012262337352705025,0.8956105985741535
id17573,4.58117575655413e-05,2.2029796156600355e-05,0.9999321584462778
id21144,0.12327739426312423,0.8027888152036714,0.07393379053320447
id02305,0.9959123238887518,0.004087276499687581,3.996115607024815e-07
id26035,0.33888077894826507,0.16999611134603274,0.4911231097057023
id00878,0.9992299296075471,6.965608246501145e-07,0.0007693738316282261
id08728,0.6152182802195281,0.28893230049001706,0.09584941929045498
id10579,0.20245844557219778,0.6849272403334757,0.11261431409432654
id10720,0.550569464800474,0.008003827295697404,0.44142670790382865
id09163,7.102181436976034e-05,0.00020122629642637464,0.9997277518892038
id16298,0.0406681584136017,0.9592854787697633,4.636281663489802e-05
id05342,0.7904265743314387,0.01570424515048615,0.19386918051807508
id24256,0.08831345574528549,0.01653322983735501,0.8951533144173596
id12217,0.01801557252806583,0.9320710924663687,0.049913335005565454
id06159,0.991463013415224,0.003747733150713695,0.00478925343406235
id24394,0.9823509144149994,0.005316237551574037,0.012332848033426564
id20232,0.0007218317185066077,0.0054947384467120075,0.9937834298347814
id26856,0.9996278469237996,0.00023782585528019247,0.00013432722092022038
id15108,0.0073241144795772525,0.9637636542033847,0.028912231317038007
id00751,0.8504693574671818,0.0006817771343922836,0.1488488653984259
id01784,0.9423950062554324,0.022532523428735275,0.035072470315832396
id26419,0.5112617121822456,0.18093057083853242,0.307807716979222
id23877,0.44582968032850107,0.5437684069966017,0.010401912674897325
id05019,0.7465121286067845,0.017205667711427213,0.23628220368178832
id23003,0.013820919906548471,1.6793762957004493e-05,0.9861622863304946
id22153,0.27989691794961646,0.1099886698377111,0.6101144122126725
id19726,0.0022975349901090433,0.9934513015403457,0.004251163469545311
id19033,0.9923411950835382,0.0019238275053037775,0.005734977411158019
id00534,0.00014556353738033433,4.990337514597685e-05,0.9998045330874737
id07030,0.8451804690278086,0.02850185887729366,0.1263176720948978
id08281,0.02885441203445367,0.7257126679050142,0.24543292006053205
id00366,0.8764254766388548,0.1059471783322479,0.017627345028897325
id25446,0.036156414884688626,0.9085422444653463,0.05530134064996522
id25008,0.9999999711890968,2.221541314786514e-08,6.595490059286909e-09
id24142,7.009760838375492e-07,0.9999988985736538,4.0045026239541887e-07
id25331,0.0003128493040358791,1.648778924473354e-05,0.9996706629067194
id16549,0.4160072763764019,0.009064838107405155,0.574927885516193
id12120,0.0010461194374274062,0.9988637668634658,9.011369910689815e-05
id07518,0.07580886667280078,0.9240241308773011,0.00016700244989819194
id24749,0.004794086714477055,0.0027396534253035145,0.9924662598602194
id23132,0.863865796713452,0.06341828905312431,0.0727159142334237
id05946,0.04821637165320812,0.0852774286351633,0.8665061997116286
id07427,0.9938921647721504,0.00030347605583411197,0.005804359172015498
id14601,3.335847435797117e-07,0.999999600791324,6.562393241975501e-08
id26504,3.0693669887893746e-09,4.969593595241264e-10,0.9999999964336737
id27199,0.7553873020338289,0.15360428194025189,0.09100841602591919
id09610,0.5233939160819255,0.38364742791552314,0.09295865600255115
id02071,0.9996379097941349,0.000334065216590653,2.8024989274467925e-05
id24431,0.8296446264862605,0.08869232253022984,0.08166305098350966
id20756,0.24550008737265547,0.18171593189821933,0.5727839807291252
id06525,0.11769408946373648,0.016959131034307715,0.8653467795019558
id11646,0.9904857674579394,0.0002880378576935019,0.009226194684367214
id26808,0.9925589440787916,0.007326889357093676,0.00011416656411467617
id15122,0.9066913113369083,0.010182531436349214,0.08312615722674253
id26052,1.655448985445218e-05,1.2189917962866617e-07,0.9999833236109659
id06693,0.9994790161461724,0.0001553957540767117,0.00036558809975091355
id13520,0.9999620070372041,2.2345413363280356e-05,1.564754943257663e-05
id04381,0.806781492512417,5.755719041852342e-06,0.19321275176854116
id23315,0.05996949508999308,0.04392589822210868,0.8961046066878983
id15685,0.9975556165588423,0.002045594515681301,0.0003987889254764234
id12974,0.00797493942575301,0.05381289271070025,0.9382121678635468
id22302,0.8260124491978398,0.12605459089322896,0.047932959908931365
id04848,0.9593070855254403,0.0166735562936458,0.024019358180914052
id05104,6.247102846490298e-12,1.0118485267496464e-07,0.9999998988089003
id17169,0.001142532010988509,0.9881450379932037,0.010712429995807819
id12736,0.004021847078226355,0.9957294220852952,0.000248730836478354
id24659,0.9676588281558145,0.012087163042073622,0.02025400880211191
id24829,0.606787818062356,0.3830057624008699,0.010206419536774064
id04164,0.00022014220046850716,0.999762352305866,1.7505493665532192e-05
id17795,0.25016601541636185,0.3187910482883519,0.4310429362952863
id09104,0.14569863160491933,0.8453108468636652,0.008990521531415423
id07833,0.004143199213819436,0.0007705450418252076,0.9950862557443554
id16733,0.9352260904378072,0.04227534321416906,0.022498566348023816
id18630,0.7465894561492123,5.6911536454322056e-05,0.25335363231433333
id16064,1.3750322022518092e-06,8.66515769980503e-06,0.999989959810098
id00561,0.00023394206540313826,0.9994279347719403,0.0003381231626566177
id16627,0.7133503491838091,0.24573338949566986,0.040916261320521084
id02162,0.989677999875442,0.010299737686100152,2.226243845782634e-05
id16092,0.0010995444169054625,0.9761265457960573,0.022773909787037187
id10710,0.00045006550769162765,0.9995284981803376,2.1436311970746402e-05
id18885,0.5900701290998924,0.011826391611524673,0.3981034792885829
id10689,2.903421986027134e-07,1.021219170274941e-06,0.9999986884386312
id00486,0.07240594776041966,0.2502833972713844,0.677310654968196
id02370,0.9995543736139542,0.0004390643969661688,6.561989079755578e-06
id22279,0.9969091352196913,0.00019672024404963426,0.0028941445362591868
id16068,0.476811747918768,0.003550276770199286,0.5196379753110326
id04053,0.00028270136309711797,2.5267027329791397e-09,0.9997172961102001
id09228,0.9994617477663889,1.5210697268638775e-06,0.0005367311638843723
id04227,0.013498383941964105,0.9863444193579821,0.00015719670005385805
id13578,0.9567211446085626,0.02781912691858593,0.015459728472851436
id18744,1.9090603179413055e-05,0.001759078409862516,0.998221830986958
id22966,7.6639695394343e-05,0.0001757379890502261,0.9997476223155555
id02979,0.8499681084420414,0.008648170079309538,0.14138372147864908
id26203,0.9155952131474954,0.06904761812070186,0.015357168731802776
id21184,0.9931764747563947,0.0026965625396603837,0.004126962703945004
id19201,0.9962570931300592,1.1015386114702176e-05,0.003731891483826086
id20340,2.0490513892263412e-07,0.9999995304686999,2.646261610459982e-07
id00692,0.004683448037500644,0.0036440395852458027,0.9916725123772535
id17757,0.01591979091390593,0.00019695188503736501,0.9838832572010567
id22771,0.006209058889116116,0.003036687400549779,0.9907542537103341
id10753,0.06725129426366479,0.9317712279930781,0.0009774777432571158
id11899,0.9897634639584848,0.006901844130205563,0.0033346919113096296
id20961,0.9549497380318096,0.043100214295805565,0.0019500476723848452
id06095,0.03876069516013454,0.9510701580528418,0.010169146787023664
id23625,0.9316436156952047,0.06613802977676331,0.0022183545280319654
id03942,0.9876452603764138,0.009451068145789785,0.002903671477796433
id19591,0.007608385832606122,0.9584896051261811,0.03390200904121276
id19732,0.9238610874212793,0.0016061921633064168,0.07453272041541431
id24912,0.0002637449948358051,0.9996224101283594,0.00011384487680476546
id15060,0.9864770913462886,0.006970031953855223,0.006552876699856197
id08018,0.023592297039021933,0.9653553526104383,0.01105235035053991
id02851,0.9924250808249983,0.0018046157496034202,0.005770303425398382
id02327,0.09500100596345207,0.09649373815886716,0.8085052558776807
id22631,0.8807831148173372,0.026045218347494452,0.09317166683516843
id22240,0.7838717361536779,0.19343739240820446,0.02269087143811767
id05114,0.4140064060169721,8.192771600154973e-05,0.5859116662670264
id14979,0.0006846037746081376,0.9992800185391391,3.537768625281799e-05
id25837,0.0005308619988758171,0.999402363584263,6.677441686115689e-05
id17457,0.8353827677199311,0.005095296337008455,0.1595219359430604
id23050,0.0007841900043569926,1.5803699100433419e-06,0.999214229625733
id06461,0.8116439592039625,0.0011828018012081216,0.18717323899482946
id03154,0.8409953684559224,0.00405749732207127,0.15494713422200643
id20285,0.9999923576839498,5.36698038357392e-08,7.588646246397884e-06
id23166,2.378189602509199e-07,0.9999997559835921,6.197447594644278e-09
id11496,0.8735539493528843,0.12014595195438443,0.006300098692731378
id09569,0.9827623296580149,0.011012022588505543,0.006225647753479653
id11193,0.2278369530882786,0.7646330555614561,0.007529991350265284
id26696,0.9962406059120552,0.003583762583660831,0.00017563150428405374
id15363,0.03935457422174458,0.9501241024628476,0.010521323315407796
id13046,0.5066252227765298,0.11010073172774135,0.383274045495729
id17653,0.00010551270240856099,0.9998938431541854,6.441434060905582e-07
id18812,0.0002217388239505901,9.5934494661022e-08,0.9997781652415548
id23232,2.4569421444208144e-07,0.9999995323175099,2.2198827563691775e-07
id05290,0.4193915670434395,0.5060700390154884,0.07453839394107213
id10667,0.892855584922278,0.005409245615149961,0.10173516946257208
id15546,9.014725004025122e-05,5.442543081822882e-06,0.9999044102068779
id05862,0.026506975096746987,0.03663637945046348,0.9368566454527896
id06225,0.00020351936557480975,0.0029499598034282144,0.996846520830997
id17617,0.6003823391108916,0.0027624788324937793,0.39685518205661474
id00814,0.004124076497173158,0.002292009972925766,0.993583913529901
id18898,0.014604283788397827,0.7716844611628065,0.2137112550487957
id19395,0.00020152874387698074,0.9940026521712912,0.005795819084831764
id19520,0.3386208978335665,0.6503554736356751,0.011023628530758398
id27501,0.4090827446619129,0.09178724100367736,0.4991300143344098
id06327,0.01626451176041938,0.03976824417098788,0.9439672440685928
id00330,0.0014045029310548684,0.9013988399703713,0.09719665709857378
id03792,0.13756994913247422,0.7481448755540205,0.11428517531350525
id09320,0.8644792509911835,0.13039956660816535,0.005121182400651211
id04678,0.00773965869860949,0.00801805815618842,0.9842422831452021
id11663,0.9526676382888536,0.00032301894740216145,0.04700934276374423
id24945,0.002479253343944017,0.0001990472679093049,0.9973216993881467
id03046,2.860082184915477e-08,0.9999999287298673,4.2669310830600994e-08
id20236,0.8819836424715752,0.001206119256082968,0.11681023827234187
id07869,0.446177914482828,0.14468255905495064,0.40913952646222124
id08152,3.964613930318618e-08,3.1452605078771953e-08,0.9999999289012557
id02910,0.0036250183656681323,0.9958640023031164,0.0005109793312154699
id26837,0.1009995072910919,0.5455293146051446,0.3534711781037635
id24188,0.04169637143460009,0.9294878545848233,0.02881577398057653
id08748,0.008746356417877675,0.27710972511373666,0.7141439184683857
id18608,0.7747640353894626,0.004237786233806788,0.22099817837673066
id18773,0.8448986048243259,0.01744712345583198,0.13765427171984218
id21822,0.9948703458463468,0.002240931221475329,0.002888722932177948
id09721,0.0757156621400366,0.01134667577139862,0.9129376620885647
id23152,0.9985176891971143,0.0004314224925871123,0.0010508883102986373
id02249,8.410694981144379e-07,0.999999101563641,5.7366860923202625e-08
id14065,0.9391565334606371,0.051955064367279334,0.008888402172083481
id01598,0.0008671988244337164,6.254440633037426e-05,0.9990702567692359
id06294,6.173826827656081e-06,1.4896982115492513e-07,0.9999936772033512
id19196,0.9957472923159517,0.004216874200052874,3.583348399543136e-05
id06846,0.8454061269338888,0.10387829581630398,0.050715577249807235
id02239,0.006167293833072218,5.726108162008791e-05,0.9937754450853078
id20363,0.00011675145970435108,1.2285933952806054e-08,0.9998832362543617
id14986,0.000665936036570311,0.9993158816394458,1.818232398394465e-05
id25864,0.0019215106664573235,0.001104282328697978,0.9969742070048447
id22272,0.8825292640312175,0.001485201347166982,0.1159855346216155
id06212,0.7519392256780812,0.04782846679492577,0.20023230752699298
id15497,0.019577296801490274,0.9628538067933737,0.01756889640513602
id12206,0.00011481143111935916,4.6458256080157345e-05,0.9998387303128006
id03109,0.00040044410825100047,0.9995760696829545,2.3486208794437125e-05
id00812,0.07559197037379034,0.0013565970255959646,0.9230514326006137
id04837,0.301203775801564,0.33846449767482306,0.3603317265236129
id14518,0.9987536226505326,0.0011015219674326124,0.00014485538203480588
id18095,0.20684395134504577,0.7794047536581373,0.013751294996816725
id15831,0.1115633592266357,0.8342920734240457,0.05414456734931864
id12558,0.2015572307357607,0.6549526040534971,0.14349016521074215
id27858,0.9916668706652723,0.008253999481251459,7.91298534762693e-05
id24074,0.9777634046106611,0.0197746383432558,0.002461957046083051
id23039,0.9995823227594952,0.00039147303283794437,2.620420766685148e-05
id23415,6.893635029552625e-09,0.9999999916776119,1.4287531441497606e-09
id00613,0.00010772625598209323,0.000313625633684459,0.9995786481103335
id11373,0.06167436328951564,0.002375066827923803,0.9359505698825606
id00493,1.7181030729839235e-06,0.9999028747225829,9.540717434411803e-05
id20781,0.18546445691935373,0.5890033187669432,0.22553222431370307
id16367,0.9955185673089431,0.004290680925728776,0.0001907517653281026
id09831,0.0032584744868095574,0.9916437929622185,0.00509773255097191
id08016,0.0007432530865023088,0.9990973439415631,0.00015940297193450567
id02860,0.005283757339291105,0.9916979769813643,0.003018265679344696
id02382,0.10419024236885166,0.08229326949090571,0.8135164881402426
id06900,0.8823852091798782,0.0034092581666524554,0.1142055326534694
id26499,0.9999460026319601,4.967495575221108e-06,4.902987246470502e-05
id21696,0.11162966498828186,0.14353940214333952,0.7448309328683786
id21364,0.030639171799747147,0.9616944164506835,0.007666411749569372
id02752,0.5024839643387152,0.03589410196022072,0.4616219337010641
id02765,0.8624483738826559,0.0001163242363437319,0.13743530188100025
id10307,0.9811977529104767,0.005767145016851912,0.01303510207267134
id26542,0.010010728326793304,0.0012651686082722252,0.9887241030649345
id05416,0.9225633181493035,0.032743551921369525,0.0446931299293269
id03671,4.78553151151549e-05,0.9999417740575033,1.0370627381577064e-05
id03740,0.002639287504619607,0.997310675020113,5.0037475267423414e-05
id25818,0.9504873423886429,0.0020060873711409736,0.0475065702402162
id23290,0.9982857928736535,0.00022748519124489786,0.0014867219351016412
id13438,0.0014223373947979795,0.012623811973784937,0.985953850631417
id15502,0.7736294178515682,0.03294410449004825,0.1934264776583835
id18946,0.8695192888107871,0.0067647195506315835,0.12371599163858124
id26357,0.011554872971403098,0.6085694655164446,0.37987566151215235
id13701,0.9977517285234994,0.00027151558879254896,0.001976755887708082
id20217,0.006057265461743276,0.9898812957676579,0.004061438770598885
id12716,0.4876142578598091,0.24392881743316563,0.26845692470702526
id03995,1.2879067076031347e-05,0.9999847068587743,2.414074149705284e-06
id16808,0.9995797594366248,0.00037416924493114155,4.607131844399531e-05
id11082,0.9683037890736461,0.00021271047083017984,0.03148350045552373
id06832,0.020325047241426898,0.00035184031941906695,0.979323112439154
id11655,0.18541719879548066,0.8095778616582009,0.00500493954631837
id12727,0.7837743815486964,0.1479849307019995,0.0682406877493042
id14495,0.011739918131304133,8.877230210278294e-05,0.9881713095665932
id15414,0.9990837659486002,8.575136468480814e-05,0.0008304826867150616
id03844,0.8726895777719909,0.009107943725576105,0.118202478502433
id22810,0.0057732431925385805,0.054631205170779316,0.9395955516366822
id05794,0.002039282396591086,0.9979575708114199,3.1467919889784842e-06
id01611,0.0009796671823321605,7.219353887575658e-07,0.9990196108822791
id11150,0.0870066672871387,0.9029160891197081,0.01007724359315321
id27616,0.6026085553535184,0.00019191572545580808,0.39719952892102584
id09738,0.4409279942883448,0.2038671149255807,0.35520489078607453
id23766,0.5823116619082369,0.4169311289810986,0.0007572091106644982
id06124,0.08178861460141294,0.09778047544255657,0.8204309099560305
id00926,0.9991465296624201,0.0008461779724346938,7.2923651451885495e-06
id11991,0.007327079428072121,0.00014722628077241533,0.9925256942911554
id22681,0.865119794367335,0.12880368921515223,0.006076516417512847
id00979,0.001793460067854506,0.9978663050341559,0.00034023489798965634
id26300,0.5179117588129712,0.0350631838295544,0.44702505735747433
id15518,0.17732280094544325,0.002527435332596326,0.8201497637219605
id26839,0.988848936223115,0.00618103033249131,0.004970033444393732
id16154,0.987264472405113,0.001723000361265417,0.011012527233621698
id12877,0.9997193290750175,0.00011362951017056651,0.00016704141481202554
id02816,0.00236539175741124,0.9976304955176218,4.112724966961728e-06
id13400,0.009314576328320553,1.382040966818018e-05,0.9906716032620113
id14369,0.019557049065888035,0.718848818571035,0.261594132363077
id04073,0.906563324853208,0.06716777032085898,0.026268904825933064
id04639,4.63850097726685e-08,0.9999956109111807,4.34270380952953e-06
id09970,0.10231755967002891,0.006435900857421686,0.8912465394725494
id23994,0.8479418381671858,0.08019828392439401,0.07185987790842024
id24728,3.5550348040819825e-06,0.999996012771749,4.3219344693493026e-07
id11539,0.992823588882169,0.0025257733405681234,0.004650637777262797
id18368,0.004881865150399587,0.0012885389759015005,0.9938295958736989
id07722,0.9713885331749047,0.002602566406452416,0.026008900418642865
id10355,0.0012948285374799159,0.998368849522872,0.0003363219396481813
id02842,0.9647920268251814,0.03371137111249693,0.001496602062321721
id02826,0.9999953554463887,3.86447024364643e-06,7.800833675414389e-07
id14517,0.09614275023356071,0.8919523717867903,0.011904877979649045
id14833,0.7374804131986511,0.037392859458298136,0.2251267273430507
id00491,0.997576284938621,0.0019311007448465042,0.0004926143165324869
id10784,0.001162156640175839,0.9878750154720046,0.010962827887819588
id27648,0.9864582306963117,0.012737432639767505,0.0008043366639208253
id00372,0.4076980207165468,0.4837450072220346,0.10855697206141861
id12796,0.00278505911669598,0.0010930450503599189,0.9961218958329442
id06215,0.24182317835508696,0.7507687898469584,0.007408031797954472
id24722,0.008000421164244655,0.00023555621136906154,0.9917640226243863
id02729,0.00202168189870387,0.011155565316146615,0.9868227527851495
id01783,0.010184211529102928,0.009769686146752764,0.9800461023241444
id03025,0.0037162444105202324,0.004793418522680086,0.9914903370667997
id03714,3.6733291160969604e-05,0.9998640335321677,9.923317667140335e-05
id00173,0.007381367506882322,0.9911943880389509,0.0014242444541667644
id09268,0.029184679740243625,0.000488777322414216,0.9703265429373422
id08738,0.4806887449258219,0.5166112410958043,0.002700013978373852
id18561,0.9918772633765328,0.007316973034856964,0.0008057635886102589
id04877,0.9170247617231515,0.0007184804102187351,0.08225675786662981
id15173,0.0645847801908524,0.9277949468851252,0.00762027292402256
id23020,0.012082359855294142,0.720990309233775,0.2669273309109308
id04105,0.0007931312705355389,0.9981616851288342,0.0010451836006303802
id27807,0.9084007870760915,0.019719826661864535,0.071879386262044
id08966,0.8739849151781407,0.1217353637820312,0.004279721039828122
id15469,0.0047488428644542405,0.0005818806148347844,0.994669276520711
id26904,0.8838872686389063,0.0009598321472484684,0.11515289921384525
id14258,0.9356023710052431,0.006485781394678991,0.057911847600077886
id04371,1.5072559606898747e-06,1.857681016090748e-07,0.9999983069759377
id13963,0.9623397733898805,0.0014119817688843278,0.036248244841235226
id19097,0.93974487453481,0.002675835045585219,0.057579290419604835
id00350,0.028931089431288165,0.0002079862641725145,0.9708609243045394
id03571,0.9864090849428226,0.008567794581709344,0.005023120475468075
id05647,0.9982638055998772,7.267217333942552e-05,0.0016635222267834045
id03720,0.00034071022426173574,0.9996524082007165,6.881575021735299e-06
id10208,0.9941086048549495,0.0009313312266234785,0.004960063918427073
id04526,0.009593972347038767,0.8406405520078571,0.1497654756451042
id23694,3.345892276669394e-05,0.9999588380050661,7.70307216714824e-06
id13795,0.999664675354315,2.601079003297688e-05,0.00030931385565203607
id04551,0.13403201144608692,0.8347198721415767,0.031248116412336338
id13292,0.9729709238379699,0.02690621332698802,0.00012286283504208664
id18196,0.13218297198703788,0.7234773026485278,0.14433972536443423
id12175,0.9999993471119976,2.2280159960851986e-07,4.3008640290626906e-07
id09482,0.9980093500364077,0.00040874438517863747,0.0015819055784136872
id17574,0.013719562574279353,0.003999442886349848,0.9822809945393708
id12316,0.00147617623348116,0.9983046796816527,0.00021914408486622521
id01875,0.011854683423870277,4.122361543020106e-08,0.9881452753525143
id12688,5.143504182837148e-07,0.9999971811441909,2.3045053909005857e-06
id12192,0.35211914192854216,0.2568927638168504,0.3909880942546075
id14713,0.001046171545691941,0.0001748928089590933,0.998778935645349
id05961,0.0012530410902307294,0.0010008280667671986,0.9977461308430021
id04556,0.9895885816672667,0.000611362628365459,0.009800055704367863
id20641,0.978499564060841,0.02148340393020343,1.703200895548473e-05
id24624,0.3242628532973012,0.027275702504593866,0.6484614441981049
id20096,1.8928587637665902e-06,8.801287529312944e-05,0.9999100942659431
id03013,0.13849637331255701,0.4132382236386924,0.4482654030487507
id06775,0.8622885727459849,0.0002856796254174915,0.13742574762859755
id17068,0.8168108360764955,0.09139841139538991,0.09179075252811461
id25344,0.0014581870637053612,0.9981641867484442,0.0003776261878504009
id04523,0.2003419171507007,0.6078398907576442,0.19181819209165507
id00132,0.749537636992849,0.24963655407467494,0.0008258089324759632
id11631,0.00012601358920298145,0.015513283161707097,0.98436070324909
id09022,0.0008402802895332413,0.0003561557927332564,0.9988035639177335
id10188,0.004659948257771765,0.006728127331109532,0.9886119244111187
id12752,0.8588956775937344,0.10719556681845102,0.03390875558781455
id02576,0.0031580883380267445,0.002239181150130536,0.9946027305118427
id22768,0.9529217357776611,0.03170776904900944,0.015370495173329501
id25350,0.5342726750500808,0.002565744488566953,0.4631615804613522
id06560,0.9999996282771529,1.7222222812432278e-08,3.545006243364917e-07
id20366,0.043865559728028844,0.22882324330745385,0.7273111969645173
id10840,0.9993897238465754,0.0005947565622788336,1.5519591145727907e-05
id18880,0.9874419915212075,0.010028712373538624,0.002529296105253851
id11683,0.8600792164229741,0.11275422867898602,0.027166554898039888
id14734,0.22889595097605528,0.0025008400987209306,0.7686032089252238
id15336,0.05325708148271996,0.9462329185798777,0.0005099999374024152
id15319,0.9959408603583557,0.0029425502272552467,0.0011165894143891182
id03829,0.0023459861932482143,0.992189429864347,0.005464583942404835
id18451,0.8447766368929873,0.011586441853426301,0.14363692125358646
id11816,0.9997914286550351,3.6307956609499275e-06,0.00020494054930402658
id21792,0.967002039074581,0.020378030547385545,0.012619930378033472
id26921,0.9782986464073362,1.1054011912425756e-08,0.021701342538651896
id08664,0.3284258831784773,0.09792349309625407,0.5736506237252685
id06944,0.021052685004645383,0.97563820252933,0.0033091124660245817
id20817,5.039686267521314e-05,7.157005104813049e-06,0.9999424461322199
id02759,0.9770041708364285,0.008459531463833131,0.014536297699738299
id01449,0.2226455573202702,0.7683023618429189,0.009052080836810895
id26909,0.9581351142422557,0.010270957869714473,0.031593927888029845
id03113,2.731951013995864e-07,1.7139919102970925e-07,0.9999995554057076
id18364,0.9197607207264482,0.0007314006446441446,0.07950787862890765
id21004,0.00012549045102979253,3.248561217517674e-07,0.9998741846928485
id00305,0.021941936502993434,0.009844705061353234,0.9682133584356534
id03374,3.3645206243403636e-05,0.9997368688886437,0.00022948590511290498
id18916,0.9955148896715896,0.003653310744880103,0.000831799583530322
id06535,1.247790381272882e-08,0.9999999875087193,1.3376818017984128e-11
id25067,0.9999997599920752,1.2435503672985746e-07,1.1565288805339246e-07
id27726,0.06223612080316987,0.9146301184808306,0.023133760715999523
id21767,0.9021427513940876,0.029574301944786188,0.06828294666112623
id17581,0.9936181802370746,0.0026167793529012382,0.0037650404100241374
id02354,0.8647425850146753,0.00927172354111426,0.1259856914442105
id16505,0.9557637405601831,0.005860331545952369,0.03837592789386459
id00573,0.9994382178802509,0.00016037674130834484,0.00040140537844088884
id23256,0.9990495815662164,1.87105337978537e-08,0.0009503997232498558
id25798,3.9420408481580306e-05,0.9999288094407326,3.177015078576232e-05
id10439,0.11793286644391174,0.5047157663569691,0.3773513671991191
id00652,0.018511085263239926,0.9502384353559635,0.03125047938079653
id17696,0.999999999920468,7.477311556728341e-11,4.758972386632974e-12
id22911,0.003034673986354584,0.0027051814916911323,0.9942601445219543
id19382,0.06256884195222197,0.0011554336502636897,0.9362757243975144
id12258,0.6731628456811938,0.04388095567708329,0.28295619864172294
id19349,7.912894180929548e-06,0.9999912001520066,8.869538124561163e-07
id05653,0.9995439348544969,0.00015918791869660558,0.00029687722680645163
id24532,0.020655779852483073,0.03564976360164499,0.9436944565458719
id04344,0.9963191204064381,0.0017936700285329113,0.0018872095650289756
id26369,0.014965201111623931,0.4288863278387739,0.5561484710496022
id07974,0.2176850515433806,0.06446847243976181,0.7178464760168576
id11844,0.017024020349071283,1.6670949997365596e-06,0.9829743125559289
id15836,0.9947576341769521,0.00209513467220313,0.0031472311508448435
id03278,0.056935085822237455,0.00023650775564519453,0.9428284064221174
id25245,0.9240050055647142,0.07202175943301331,0.00397323500227232
id10690,0.05664305180248243,0.0007628951061293882,0.9425940530913882
id13618,0.9168234048010757,0.057776778333628924,0.025399816865295376
id05898,0.6643351265936146,0.012114295648182389,0.3235505777582031
id08866,0.23608106555750766,0.600659375749307,0.16325955869318537
id21212,0.01065563780883893,0.00032288352764189496,0.9890214786635192
id14035,0.9764711476946725,0.0001287046543763708,0.023400147650951063
id27517,4.86695281596653e-05,1.4040265048899485e-06,0.9999499264453355
id22280,0.6256204094649414,0.11448656506798635,0.2598930254670722
id05488,0.9276091476565567,0.07073374062528637,0.001657111718156942
id07921,2.1370444701776085e-07,0.9999997115237441,7.477180890104588e-08
id26774,0.9945498419948925,9.11997795956443e-06,0.005441038027148001
id05200,0.0014466890733174245,0.9985487750924636,4.5358342188426225e-06
id07514,0.004582802874526892,0.9954022416798859,1.495544558729137e-05
id26147,8.279685975020385e-07,5.4029571014284366e-05,0.9999451424603882
id16015,0.00014397814683394275,0.000735044738442293,0.9991209771147238
id05730,0.9987619652745253,0.0005970661225101416,0.000640968602964636
id10680,0.039737109751593926,0.12282490314051796,0.8374379871078881
id17677,0.3905770476480008,0.37786715653703945,0.23155579581495975
id11519,0.0017060227871066986,0.0008528546168420391,0.9974411225960513
id03255,0.958233477911145,0.0409383867640002,0.0008281353248548002
id04658,0.0927792143593136,0.002780145257801092,0.9044406403828853
id15449,0.002196151940067321,0.0018071743626091573,0.9959966736973236
id08702,0.009772178929609257,0.9843578013811143,0.005870019689276492
id20255,0.050839967200197,0.7062190431305874,0.24294098966921562
id03108,1.6304796525075663e-06,0.9999291045187221,6.926500162542276e-05
id09118,3.671701778769064e-06,1.8841236026458996e-06,0.9999944441746186
id16335,0.7827816416870705,0.02181715154793859,0.1954012067649908
id05595,0.9447073003322777,0.04873808708092709,0.006554612586795345
id06774,0.9949170017216828,0.002877318233026653,0.002205680045290539
id23750,9.212742628260931e-06,1.6249099743134945e-07,0.9999906247663743
id23246,0.8939890735689734,0.01660664878888116,0.08940427764214544
id06156,0.07454804955184312,0.8899071789785898,0.03554477146956702
id01049,0.009523195126657894,0.9762779393750853,0.014198865498256748
id22801,0.0004525838006798542,0.9995448263937126,2.589805607591947e-06
id14034,0.9923317726736085,0.0006418917349256388,0.007026335591465863
id01156,0.024449439067724944,0.9691430201038976,0.0064075408283775104
id13489,0.8901213290900858,0.10831715553807633,0.0015615153718379535
id18217,0.03726402414665753,0.8830368489814795,0.07969912687186302
id02048,0.003963861212336071,0.9956969707678807,0.00033916801978323694
id03684,0.9933997995064385,0.0047925897193381835,0.0018076107742233277
id11208,7.439800605826716e-05,2.9457083261656124e-05,0.9998961449106801
id14453,0.49463532344961064,8.525550383812934e-07,0.505363823995351
id03798,0.4782769826151231,0.011538198232872533,0.5101848191520043
id19911,0.0192728617006694,0.5305695538179177,0.4501575844814128
id04907,0.0016010553556691331,0.003560312227806639,0.9948386324165243
id11148,0.9999977598020474,1.7664165286162075e-06,4.7378142396605026e-07
id23996,1.3261134078216922e-08,0.9999649996271704,3.498711169551686e-05
id19833,0.9895885294886706,0.009990743197246778,0.0004207273140826017
id01932,0.999437413385372,0.0005606476705455847,1.938944082546245e-06
id12137,0.7066716361227292,0.27186812433178303,0.021460239545487727
id20511,0.6655835275487886,0.005618340056499119,0.3287981323947123
id09367,7.59522776061092e-05,0.9998960205217711,2.8027200622750358e-05
id20856,0.0004651244416218791,4.779193880604281e-07,0.9995343976389901
id20704,0.5865844662599379,0.0004708923569590009,0.4129446413831031
id14526,0.5178138217593496,0.1769439974930667,0.30524218074758375
id08881,0.0007615078182417577,0.9991740650706814,6.442711107681726e-05
id04366,0.8562622822482451,0.14348476861312565,0.0002529491386293184
id05521,0.9963137110072698,0.0010739341280332254,0.0026123548646969264
id10588,0.004679323865124753,0.7994245462342173,0.195896129900658
id20689,0.8069653081638418,0.09587884215304183,0.09715584968311634
id16667,0.3104081357643864,0.6865833587697467,0.0030085054658669547
id25279,0.928938282956813,0.009455790810153832,0.06160592623303314
id24194,0.00206654067361352,0.9967961825345081,0.0011372767918783125
id27341,0.9979034467678815,0.002094064540846883,2.4886912716469665e-06
id25695,0.9325108185612527,0.010069976455900978,0.05741920498284636
id01758,0.299816953885027,0.055513816522476674,0.6446692295924963
id02431,0.002284927935007798,0.9251280916474901,0.07258698041750208
id19940,6.01496105262524e-06,1.0511268116205499e-08,0.9999939745276792
id23926,0.9155026747436203,0.08386110022622549,0.0006362250301542292
id14343,0.6327732773693646,5.2711570316730396e-05,0.3671740110603187
id06043,5.661864808768176e-05,4.594147404841466e-06,0.9999387872045075
id05551,0.9196133014431946,0.04709640164641299,0.03329029691039239
id16698,0.00015220366149344252,0.9998244610483968,2.3335290109690248e-05
id26006,0.9950256119076223,0.004051565131914959,0.0009228229604627949
id16244,0.00034031401998174644,0.9995507200729833,0.00010896590703505657
id21129,0.9999866076487971,1.5662046549166896e-07,1.3235730737374374e-05
id14317,0.00017069729258291954,0.00042117052915378146,0.9994081321782633
id16443,0.18317358159846084,0.0003853976426183102,0.8164410207589209
id00044,0.007066558726773811,0.00020174569760117257,0.992731695575625
id01365,0.0018303897087351476,0.9961059433795033,0.0020636669117614797
id12797,0.8182309518897696,0.003520721776291677,0.17824832633393872
id21275,0.9632259964570425,0.000509223445193816,0.03626478009776369
id13801,0.0799890772247027,0.07229064991940011,0.8477202728558972
id20770,0.0009876351735743157,0.9957638689990771,0.003248495827348571
id03078,0.9359818976812818,0.06400219139271869,1.59109259995415e-05
id21589,0.9699111584489517,0.0013571129275672341,0.028731728623481164
id25572,0.016926587005798698,0.0004553049995650064,0.9826181079946363
id10712,0.9987184608787888,9.787965927206984e-05,0.0011836594619390943
id25061,0.015556126772209612,0.09349635758320105,0.8909475156445894
id03163,0.03457790866547737,2.8668072858257947e-05,0.9653934232616643
id12341,0.8690507545236286,0.00763025840144954,0.12331898707492174
id25107,2.178532575937501e-11,0.9999999996540687,3.241459695955735e-10
id21945,0.996633654323106,0.002312285592176848,0.0010540600847171037
id14078,0.003483344282983807,0.029302739600533794,0.9672139161164824
id06876,8.268972430377242e-06,2.5640525019956047e-05,0.9999660905025497
id05232,0.003571017260727168,0.9954777667147494,0.0009512160245234477
id07071,0.5139410629321127,0.00023043635879335618,0.485828500709094
id10646,0.009635313228638484,0.9680026405150459,0.02236204625631553
id25540,0.7274948088095425,0.2718139386286794,0.0006912525617780162
id25607,3.1249908128426494e-05,0.9999371100629859,3.16400288856767e-05
id16479,0.9989404816743715,3.220389833472532e-05,0.0010273144272937135
id05998,0.015418055682687315,0.98243089176713,0.0021510525501826747
id20554,0.29183168413869026,0.0031687287492017696,0.704999587112108
id27217,0.9484300649930331,0.014644053218594907,0.03692588178837189
id20110,0.0052701035332051015,0.9772300851805569,0.017499811286237968
id01990,0.00010429273306149486,0.9998020028176857,9.370444925287071e-05
id17080,0.2790020840932131,0.3431796820453885,0.37781823386139846
id19120,0.702354777190742,0.2685603642938114,0.02908485851544664
id08476,0.007624200195971788,0.018897995308465865,0.9734778044955623
id03715,0.0037416207837962763,0.9954314638488211,0.0008269153673826293
id27208,0.9486001301066612,0.0005224815641639577,0.05087738832917486
id04508,0.9994888368022677,0.0004834561458993456,2.770705183281856e-05
id11233,0.2265130276505934,0.004631046697079687,0.768855925652327
id14237,0.9067689069029411,0.0485162877572375,0.04471480533982144
id12006,0.6252703704730658,0.36025244767709685,0.01447718184983742
id22925,0.00022791807724012637,3.9736107498110694e-05,0.9997323458152617
id07141,0.9865024507989664,1.7651448026510736e-08,0.0134975315495856
id08449,0.42731044652561767,0.006487657475476046,0.5662018959989064
id16468,0.9421011422514087,0.0013412389488007257,0.056557618799790696
id21415,0.001176860935538384,0.0015065310999540415,0.9973166079645076
id09388,0.9999974415382934,1.8304878365446564e-06,7.279738701090353e-07
id24767,3.175981567563804e-08,0.9999999322854317,3.595475264401333e-08
id19247,0.9988087744166195,0.0007894774232502297,0.000401748160130297
id07068,0.8227871944308814,0.16640589449535098,0.010806911073767444
id27597,0.9543424773428654,0.04535307648975915,0.00030444616737552614
id21380,0.9378372220381241,0.06088282123960517,0.0012799567222706735
id01178,0.004119504479883492,1.1705213283761797e-06,0.9958793249987882
id15323,0.9995649002277779,0.0002253179134671156,0.00020978185875494002
id14784,0.999611406539169,6.999376337854298e-06,0.00038159408449309955
id07174,0.7029883309371351,0.03724029250937121,0.2597713765534937
id06577,0.9998606445590107,5.780148399161293e-05,8.155395699774874e-05
id06582,0.9194652910858194,0.048094062932075916,0.032440645982104645
id21088,0.025346869679655982,2.9017987242303806e-06,0.9746502285216198
id16436,0.007513377757186411,0.9878756471908586,0.004610975051955005
id25443,0.8301163131996221,0.021311319488005145,0.14857236731237283
id16617,0.18278427027102503,0.0008251976893980473,0.8163905320395769
id21757,0.24070689637807427,0.16301344235918072,0.596279661262745
id25902,0.3142894553334681,0.13826127760847567,0.5474492670580563
id11238,0.8136546693079418,0.1682260922153832,0.018119238476674963
id13861,1.0296099968097015e-05,0.9995945236205016,0.00039518027953042026
id04171,0.002746355781899966,0.006745353904279124,0.9905082903138209
id21483,0.052532720778086184,2.5729143826319493e-05,0.9474415500780875
id12635,0.08958237614149418,0.24893247573461705,0.6614851481238888
id11666,0.009966524807669306,0.9843247970557253,0.005708678136605392
id21552,0.8875138951864325,0.11067629269539865,0.0018098121181688053
id13582,0.004309568279236861,0.9953530603747937,0.00033737134596941674
id06447,0.9332560664508989,0.01145041887955408,0.055293514669547
id22998,8.562940708496211e-05,1.195428614166466e-07,0.9999142510500537
id15616,9.728648429631619e-05,4.597030875675166e-05,0.999856743206947
id09613,0.00020451877625020005,0.9997892674324327,6.213791317170912e-06
id09318,0.057541339250599,0.9411726320106687,0.0012860287387323859
id07653,0.9996052302798485,0.00018448766682141964,0.00021028205333009252
id21311,0.730769237070691,0.2442801504535101,0.024950612475798998
id21030,0.29274712438448386,0.7017753745365547,0.005477501078961362
id10363,3.851124432325347e-05,0.9869896843020285,0.012971804453648247
id02624,0.8131520539622085,0.017601685334625087,0.1692462607031665
id21462,0.26580973321880597,0.004456754712550639,0.7297335120686435
id24961,0.0009045882233776005,0.9727022070836135,0.02639320469300882
id08598,0.031261787538419655,0.004400901034546543,0.9643373114270338
id22701,0.9398094866432658,0.056337679936310336,0.00385283342042387
id24954,0.31802352916583093,0.0023128840313001494,0.6796635868028689
id24432,0.9777753150250685,0.019544162948999442,0.002680522025932108
id08123,0.0006508468525788842,0.0025829488748163173,0.9967662042726048
id08456,0.03193300438437488,0.001030689603049053,0.9670363060125761
id02792,0.7664484426035004,0.05358519231823524,0.17996636507826433
id01034,6.0390738149976604e-05,0.99992586252757,1.3746734279983715e-05
id05336,0.11689742745519213,0.8409885490191186,0.042114023525689284
id16773,0.0233644264459808,0.9500084213231785,0.026627152230840664
id20275,0.046686314818177914,0.9527203337749144,0.0005933514069077302
id22357,0.019569480117539634,0.9690473389056558,0.011383180976804673
id08426,0.9975856024653571,0.0023218568190121617,9.254071563068154e-05
id26118,0.7168031724937896,0.08877011162011768,0.19442671588609278
id27377,0.0044823092285265435,0.003498279463672228,0.9920194113078012
id19738,0.1533915439796952,0.8241997562929829,0.022408699727321898
id27211,0.9959141837419141,0.0026283019401979876,0.0014575143178879044
id20362,0.7710750669565578,0.0004743114948975489,0.22845062154854467
id10769,0.43861403716003045,0.41964753354952766,0.14173842929044195
id02037,0.07100665014064683,0.8854434891439265,0.04354986071542676
id24338,0.9934595858092201,0.002722412665825552,0.0038180015249544208
id21154,0.00011843251813198661,0.9831632676902904,0.01671829979157761
id15815,0.0005146027315122033,0.007222443661390182,0.9922629536070976
id03643,0.001990123142567778,0.014443373553613456,0.9835665033038188
id24266,1.7240625918370974e-05,0.9997961495836701,0.00018660979041155268
id09707,0.7736853327325995,0.07583088332659015,0.15048378394081027
id22786,0.9999778877876162,9.792980747595246e-08,2.201428257633671e-05
id27783,0.918313743302086,0.01109710360454958,0.07058915309336444
id13684,0.0004769290235098681,2.3644376915828256e-05,0.9994994265995744
id03721,0.6624449882320469,0.15986205902345046,0.17769295274450264
id00139,0.8956992800663973,0.08288846608681305,0.021412253846789638
id07113,0.6205744482524065,0.003419215360931601,0.376006336386662
id25748,0.9982170752116738,0.0016939512693688135,8.897351895747239e-05
id01901,0.5238669415010371,0.016625003413583837,0.45950805508537906
id15688,0.947513798587015,0.010830625779080023,0.041655575633905005
id20660,0.5776581590584035,0.17337321054590918,0.24896863039568737
id03335,0.9862291181253299,0.0012831410485069348,0.012487740826163198
id05947,0.9954859627097421,0.002779128619468356,0.0017349086707894672
id14528,0.9997229029364761,0.00019391779424628424,8.317926927762372e-05
id04437,0.9328304072355255,0.06312900427309656,0.0040405884913780376
id10804,0.00023182702154086375,0.9997665573979962,1.61558046285709e-06
id17859,0.0001314007764460899,0.9998678099992372,7.892243167740501e-07
id01631,0.042665278847713706,0.9490358179828027,0.008298903169483592
id10949,0.3169076854513535,0.4398679650917949,0.24322434945685154
id02613,0.5564033064665489,0.014963185400341384,0.4286335081331098
id21773,0.23486318285822536,0.7045832441731654,0.06055357296860916
id08523,0.08070702257028382,5.1793102701752034e-05,0.9192411843270144
id08014,0.027928492793132427,0.9720543628066796,1.7144400188050887e-05
id08659,0.0034904405434696573,0.992524655918656,0.003984903537874237
id17792,0.6885476105713524,0.3053320660480491,0.006120323380598638
id25612,0.046572345269983745,0.04613538443794414,0.9072922702920722
id27792,0.0468554772035781,0.945830965257054,0.007313557539367919
id08889,0.9999767980681876,1.1151242375989042e-05,1.2050689436421593e-05
id17156,0.9961786724222856,0.0029238163559591845,0.0008975112217552401
id04124,0.24507475382111102,0.0007897324581662179,0.7541355137207227
id05048,0.6776088938524932,0.07812226378438387,0.2442688423631228
id18882,0.5199897589065359,0.019268977835327095,0.4607412632581371
id03999,0.00019529344388496576,0.9973265950507707,0.002478111505344423
id04390,0.002124817924421458,0.9978509080371485,2.427403843010705e-05
id06734,0.9289885300994117,0.004478100563695904,0.06653336933689237
id12623,0.25013539948603014,0.5415276776570614,0.20833692285690839
id10904,0.00017888109811186676,0.9998113980336241,9.720868264167246e-06
id23535,0.999331832290656,0.0005135856900166368,0.0001545820193273839
id08442,0.9833781767893549,0.00025546597060718454,0.016366357240037925
id25272,0.9853438608405776,0.013520633813833682,0.0011355053455886833
id15926,0.11692051304852685,0.5965445896527886,0.28653489729868453
id07186,0.055728828184230195,0.02399485502751483,0.920276316788255
id20674,0.8059619989114036,0.011779609980438342,0.182258391108158
id13297,0.9371324936031852,0.06123055676050634,0.001636949636308497
id08076,0.9699181214926738,0.00204753956129143,0.028034338946034826
id10493,0.07764234227418058,9.529407965104693e-06,0.9223481283178543
id19450,0.9999958039660487,2.2722532710681034e-06,1.923780680235769e-06
id21746,0.9906870837322399,0.009037544833024437,0.0002753714347356817
id22034,0.0020354219055132533,7.687426042082812e-06,0.9979568906684446
id05074,0.981907669746581,0.010532520400707908,0.007559809852711102
id07348,0.11964614246836149,0.0014649139013657583,0.8788889436302727
id01308,0.4910399346711468,0.508294790165316,0.0006652751635372173
id06705,0.05252029367962201,0.0011940262286127407,0.9462856800917653
id21444,0.9750981627740152,6.534731875772335e-05,0.02483648990722707
id12010,1.1756898692291702e-05,0.9999863437883312,1.8993129765751646e-06
id19949,0.0017679719377497207,0.9968270353160776,0.0014049927461727183
id01125,0.6870939326688832,3.226659825009061e-05,0.3128738007328668
id20380,0.789354396713355,0.0001976780869757811,0.21044792519966918
id04880,0.5800607360136898,0.4199391641038954,9.988241468119594e-08
id10095,0.0006173650101560448,0.9991093449773849,0.0002732900124589867
id01379,0.09100017801521804,0.9087456689478896,0.00025415303689243883
id11651,0.9978330125938742,0.0021191613964594534,4.78260096663722e-05
id24870,1.2204093605756979e-05,0.9999863669472469,1.4289591474115353e-06
id11307,0.045613107229455475,0.04804214264429446,0.90634475012625
id00731,2.6129312837180378e-08,0.9999999738546289,1.605825632641728e-11
id18806,0.9899673614778637,0.0017806591231516533,0.008251979398984683
id16899,0.025193846766360547,0.958272378101406,0.016533775132233593
id12522,0.016831037548186538,0.9601773521671467,0.02299161028466673
id20119,0.9998017402670453,0.00013238925581794634,6.587047713678423e-05
id26937,0.0029384857131069825,0.9969070926882997,0.00015442159859333074
id27439,0.001436853636036404,0.9979080624332195,0.0006550839307441435
id27579,0.308818021635896,0.0015026859863388723,0.6896792923777652
id13459,0.9995026655632703,0.00038482758916503546,0.00011250684756464203
id11534,0.622815436523286,0.01716115895322913,0.36002340452348486
id19984,1.6587031594375574e-08,0.9999999817396618,1.6733065623449144e-09
id06404,0.9041564109071606,0.08434717517781842,0.011496413915021013
id23309,0.028926009339341488,0.6693200744346975,0.301753916225961
id19314,0.008150780857801814,0.9757633419319544,0.016085877210243796
id13300,0.04389442087591163,0.9026642621276734,0.05344131699641499
id09562,0.10470578389774708,0.10787136947942746,0.7874228466228255
id08036,0.1358303581358045,0.8610787161594691,0.0030909257047264456
id03683,0.3542895449642625,0.02627081367136764,0.6194396413643699
id04784,0.985746493398111,0.010893748520588399,0.003359758081300471
id08715,0.00013384650309167657,2.604562091811907e-05,0.9998401078759902
id08479,0.9984306466696159,0.001371077149948682,0.00019827618043546724
id18360,0.9747174133243721,0.00048011452991307633,0.024802472145714814
id26170,0.006154126289455215,0.9869359743078755,0.006909899402669337
id20424,0.9147898868293131,0.0005982699626464096,0.08461184320804052
id10361,0.9474124059435198,0.028439070242945653,0.024148523813534467
id02335,0.02140703007597602,0.28622760312552015,0.6923653667985038
id18664,0.018261902944387166,0.002830786687917592,0.9789073103676953
id11480,0.1922200613134724,0.027387492723830613,0.7803924459626971
id13229,0.0004885150577995969,0.003952434220664541,0.9955590507215358
id19658,0.02727289134993546,0.3549443459135232,0.6177827627365413
id01421,0.9624464168253177,8.583501814634603e-05,0.03746774815653602
id26050,0.06432261630319576,0.8114263674415128,0.12425101625529154
id27136,0.8407369568159417,0.11880451293891357,0.04045853024514462
id14688,0.532629269150819,0.41215352216724294,0.055217208681938044
id24936,0.9878831507589775,0.00013214766650829687,0.011984701574514232
id09776,0.019196680015083272,0.9747311074658094,0.006072212519107399
id14765,0.16006780607034318,0.004085525851848574,0.8358466680778083
id06704,0.1241443961448578,0.017964696038348906,0.8578909078167933
id06961,0.0017410016779886232,0.12545885826214037,0.872800140059871
id12725,0.38339843385653893,0.3990224508916477,0.2175791152518134
id27875,0.016035156229523617,0.00718475408878548,0.9767800896816909
id20750,0.0030367232113329753,0.0007331321737290975,0.996230144614938
id19081,0.22545076685919874,0.03685201548925402,0.7376972176515473
id05773,0.007475839444667986,0.0036728516458196586,0.9888513089095123
id04241,0.5424852594536013,0.07685655806069017,0.3806581824857086
id24438,3.3116476539535572e-06,0.9999920049448718,4.683407474172447e-06
id09353,0.9991535245425263,0.0007044629737181841,0.00014201248375555735
id19446,0.00022523793024179688,0.9995951643111863,0.00017959775857193515
id20203,0.0013003763818375202,0.0018100590551397844,0.9968895645630227
id07711,0.4626780417746098,0.32908303355514623,0.20823892467024396
id15758,0.709806120667636,0.052354793290534454,0.23783908604182943
id17665,0.022445879362181398,0.49438491614172597,0.48316920449609263
id14167,0.2708138374150707,0.0008475214137990442,0.7283386411711302
id00687,0.13095958788829204,0.08899552203631503,0.780044890075393
id00735,0.01003294433327567,0.0033396151647322523,0.9866274405019921
id26443,0.015221291695646401,0.0014894027398711937,0.9832893055644825
id15242,0.830771304002311,0.1567949718263979,0.012433724171291087
id13474,1.1230308651215616e-05,0.9999778611947646,1.0908496584094237e-05
id04409,0.9125206431741032,0.06350928702435064,0.023970069801546173
id19438,0.0707397005747802,0.1038991709412175,0.8253611284840022
id04101,0.0023675694741391797,0.4244208856387572,0.5732115448871037
id26992,0.5753571439625107,0.381579332309773,0.043063523727716366
id14645,0.011130427045069499,0.9888652512190157,4.3217359148940595e-06
id26429,0.2670023606165055,0.39133429364136674,0.3416633457421277
id05710,0.9655733389310421,0.0035371842990032367,0.030889476769954637
id07474,6.148070327971197e-06,5.5634387583715186e-05,0.9999382175420883
id21067,0.2228494530564335,0.002984231293293993,0.7741663156502726
id20264,0.17721892750535675,0.7030225708172189,0.11975850167742447
id04991,0.07329084797206503,0.0003426379673316989,0.9263665140606033
id07054,0.05496717327808817,0.0004550958006719072,0.94457773092124
id14413,0.03638682858414645,0.008345141571290435,0.9552680298445632
id21861,2.4754367065941655e-05,1.7132332610027917e-05,0.9999581133003241
id12933,0.0004709792679853133,0.9992877185802529,0.0002413021517617801
id08074,0.00695890150232905,3.294629270731589e-05,0.9930081522049636
id03176,0.7243841509143485,0.05270029785589917,0.22291555122975232
id15239,0.06230166924876369,0.00010493606896792394,0.9375933946822684
id05322,0.033619724345071114,0.9656629462082943,0.0007173294466345932
id25957,1.4079754360320693e-05,6.32525493241745e-06,0.9999795949907073
id22789,8.742703150938305e-05,4.776536320320539e-08,0.9999125252031275
id03435,0.009349128000973627,2.9395651422919146e-05,0.9906214763476034
id06122,1.8617224951707616e-05,0.9999629769581689,1.8405816879444148e-05
id00869,0.5514411671596864,0.02019213885958023,0.42836669398073346
id23400,3.102895943736103e-05,0.999773197713051,0.0001957733275116381
id08127,0.999690858753628,0.0002430013249220169,6.613992145005544e-05
id08856,0.0002936444917624364,2.6240520286599827e-05,0.999680114987951
id01919,0.015755595939655163,0.04260890057502669,0.9416355034853181
id22051,0.9891486023129415,0.008559993001959748,0.0022914046850987368
id19791,0.9999821405402867,6.7521815953811e-06,1.1107278118004355e-05
id06679,0.14763966803189957,0.14199823024475514,0.7103621017233452
id25385,0.007389322325771016,0.9925318753853272,7.880228890180077e-05
id04313,0.00010776268186565024,4.3991716451231356e-05,0.9998482456016832
id01389,0.00018787883488544593,0.9989567807126073,0.0008553404525072776
id17264,0.11899327872729568,0.852841169453345,0.028165551819359376
id23062,0.9966991110217515,0.0022351887111849125,0.0010657002670636112
id17008,0.0008736744114368894,0.9987865660810579,0.0003397595075052882
id04746,0.00010450977078289125,0.9998754605422466,2.0029686970461312e-05
id11487,1.9751977061012966e-05,0.9999783935828156,1.8544401234192817e-06
id02111,0.9637269558178886,0.0186795224632257,0.01759352171888577
id08911,0.9905130226965243,0.009007190523255113,0.0004797867802206241
id00845,0.5556226310883703,0.03649156029687127,0.40788580861475837
id02409,0.7385225399749576,0.005424277353930982,0.2560531826711113
id20141,0.0004205446144040934,0.9995127435940553,6.671179154059103e-05
id06353,0.9648836712250586,0.002279342408843143,0.03283698636609814
id14766,0.03637264704346591,0.9631999704499993,0.00042738250653482496
id05294,0.009294571503457897,0.7181675620691366,0.27253786642740563
id12568,0.9221340468722731,0.07319472265914974,0.004671230468577271
id27571,9.580583688912353e-06,0.9948584117926329,0.005132007623678266
id20377,0.9999864541254398,3.6908687901757345e-06,9.855005770008152e-06
id24340,0.9656287943780003,0.014672284264729185,0.0196989213572705
id05355,0.528460952346587,0.04061759281619514,0.43092145483721794
id01246,0.0033581184581764905,0.9963574367672794,0.0002844447745442081
id17173,0.9848183833862311,0.010757813911239084,0.00442380270252989
id16338,0.17133542635805143,0.013962938449785096,0.8147016351921635
id14712,0.013430133755364178,0.986132552066003,0.00043731417863285195
id10590,0.2505610346883614,0.0206976202283945,0.7287413450832442
id13157,0.008289083718131812,0.02125722345411061,0.9704536928277576
id23915,0.9642706988129633,0.01694517231159396,0.018784128875442677
id05903,0.8615454582199901,0.12692230345340816,0.011532238326601826
id03661,0.2876483414161245,0.0851019865558663,0.6272496720280093
id21177,0.9935474100620971,0.005618709861016075,0.0008338800768867555
id12025,0.16281432450693042,0.8187065876920712,0.018479087800998408
id14031,0.3640552643827632,0.6226127193700559,0.013332016247180866
id21299,4.5683218466062495e-07,9.219365684403622e-10,0.9999995422458788
id00758,0.009287504430618456,0.009009151641183245,0.9817033439281984
id25034,0.9704671456171531,0.0014428116814327817,0.028090042701414096
id01407,0.9848899776767357,3.7808873154026686e-07,0.015109644234532807
id24205,0.0010465396465374234,0.9989274668859607,2.5993467501925196e-05
id22350,0.997166555256867,0.0018790897883786638,0.0009543549547543069
id05983,0.025531038844205472,0.0031854657181230265,0.9712834954376715
id23821,0.7381752865700331,0.06692824568597795,0.19489646774398905
id21960,0.0012545876505969387,0.13546012573630162,0.8632852866131014
id08108,0.9963958382312581,0.0009175069913626269,0.0026866547773793177
id03232,0.02731685749586862,0.025699149858051065,0.9469839926460804
id12956,0.49650315198720835,0.002142025993486024,0.5013548220193056
id03217,0.0009589837734485663,0.9973807093487012,0.0016603068778502685
id08955,0.00012243659451080868,0.9819116574044451,0.017965906001044106
id22567,0.8695798905750844,0.004607583865487783,0.12581252555942785
id20367,0.9663806153884501,0.026306892844365774,0.00731249176718417
id06319,0.6348859248989426,0.3247840490157901,0.04033002608526735
id14239,0.8862852688764915,0.0002595194478275981,0.1134552116756808
id05013,0.9663633368010773,0.0018880368953198107,0.03174862630360283
id26491,4.650046483713162e-05,0.9999344978638544,1.9001671308537184e-05
id23540,0.7897095904108145,0.058812125289627024,0.15147828429955865
id25631,0.8062485710791942,0.0016703345444157205,0.1920810943763901
id01591,0.9299067557930355,0.025934821871361584,0.044158422335602944
id01193,0.9990106128874624,0.0008627318165991324,0.00012665529593844786
id24819,0.006499746763561719,0.9134498368132928,0.08005041642314543
id08308,0.9927413913439794,0.003059250020426542,0.004199358635594031
id27567,0.0025077034433473957,0.0005714047817110891,0.9969208917749415
id12998,0.390023914059518,0.008232773097319226,0.6017433128431628
id08315,0.06823801451532938,0.9249558825681437,0.006806102916526942
id16118,0.8334550345959958,0.046366581799500685,0.12017838360450353
id27505,0.026866605262173177,0.9729437868269509,0.00018960791087585722
id08529,0.0012588797913119694,0.9943400630143294,0.00440105719435865
id20249,0.5100216369572236,0.07644750428858846,0.41353085875418794
id24343,0.31679281455051667,0.08289366776293604,0.6003135176865473
id03631,0.08354953647072304,0.8690558004331568,0.047394663096120115
id00349,0.1845765601083004,0.8128362542128575,0.0025871856788421176
id04969,0.003914201152578152,0.9920718228035201,0.0040139760439018
id11856,0.8551237416717319,0.02395820674159651,0.1209180515866716
id26020,0.9996127304315193,0.00037942695933606744,7.842609144679792e-06
id07957,0.9994790833570971,0.00045358576802467294,6.733087487823009e-05
id03899,0.9610279706707445,0.03741998079135271,0.0015520485379028703
id14650,0.9985150100743564,0.001008803863015726,0.0004761860626279239
id21807,0.5113631991712382,0.034843432986826045,0.4537933678419358
id21685,0.9999606336734211,3.822059750152987e-05,1.1457290773769024e-06
id06655,0.38378562244273595,0.6156759391907316,0.0005384383665323935
id27764,0.9654862973623527,0.0058492310472890155,0.028664471590358353
id02847,0.005154429608717421,0.9931538404056219,0.0016917299856606413
id07271,0.9789129825299627,0.0010310379369984895,0.020055979533038892
id15978,0.9990634630948513,0.00011472299851340849,0.0008218139066353235
id12075,0.2481043300824565,0.0040739830774879195,0.7478216868400556
id23611,0.9998578964811821,2.091600790506138e-05,0.00012118751091286031
id05191,0.28178621758659744,0.711814957819992,0.006398824593410551
id04303,0.08122714223259238,0.0017888254445017832,0.9169840323229059
id12277,0.003638674213898164,0.0011230983369936952,0.9952382274491082
id15582,0.806317682827947,0.19001327343584126,0.0036690437362116865
id02917,0.9612130110039226,0.015060113832210474,0.023726875163866845
id25622,0.14913664323139644,0.20956934387429843,0.6412940128943052
id16495,0.02553304475494212,0.974426150463893,4.0804781164957174e-05
id17839,3.979624887763048e-05,1.1266829417159747e-05,0.9999489369217053
id20373,0.018044311072320386,0.952978946760935,0.028976742166744583
id25342,0.9781748800514067,0.0006266196742530232,0.021198500274340178
id13518,0.978721806739546,0.019594769482737858,0.0016834237777160917
id19958,0.9911280225256195,7.740490644696056e-05,0.0087945725679336
id00228,0.8308660962195716,0.13771688210049404,0.031417021679934334
id00367,0.045210753451765666,0.09583315544802072,0.8589560911002136
id16274,0.0021311462572667166,0.9959886407658142,0.0018802129769190962
id27969,0.003385488847833734,0.9958680255342375,0.0007464856179288458
id18474,0.9174387576380725,0.07745532608595246,0.005105916275975066
id02892,1.1145819760172929e-09,0.9999999967860047,2.0994132982359092e-09
id03838,0.002475430216233984,0.9975139711872171,1.0598596548998744e-05
id08960,0.00679603097394542,0.9931944664235416,9.502602513030433e-06
id17320,0.00028203184176068646,0.435935628662653,0.5637823394955863
id20922,0.002257797732162887,0.0004110643178092712,0.9973311379500279
id17364,0.08883615881668283,0.007941398448232566,0.9032224427350846
id06523,0.9996307450100788,0.0003024084264335336,6.68465634876994e-05
id16232,0.014897510928527596,0.9833180458710702,0.0017844432004021995
id01886,8.823829352668913e-06,0.9999911755501832,6.204641258898764e-10
id18234,1.3291886847932078e-06,0.9999986590344311,1.1776884169302986e-08
id26057,0.9965866070046598,0.0005287782804879463,0.0028846147148522527
id09436,0.05180783561345884,0.9478899800745997,0.0003021843119414837
id09543,0.0024123642386574486,0.9638811423207523,0.033706493440590304
id15732,0.6496053727725231,0.2505463386174871,0.09984828860998979
id22927,0.719719838279047,0.11964324990564568,0.16063691181530743
id26551,0.0057404104019167955,0.0002291470646583513,0.9940304425334249
id11126,0.4534578707294355,0.034556212269250944,0.5119859170013136
id02903,0.977309975713368,0.020255197673941516,0.0024348266126905547
id24549,3.581248131835761e-05,0.9999060418674834,5.814565119826374e-05
id01618,0.0002394722901049149,0.998411117583411,0.001349410126484146
id22005,0.004250855677757311,3.006471554520523e-05,0.9957190796066975
id02603,3.1706939769633066e-06,0.999894638576,0.00010219073002308588
id22118,0.9764511601035569,0.023154073961801046,0.00039476593464204463
id24985,0.9130542910959312,0.03582248376823652,0.051123225135832395
id19044,0.9992857918350297,0.0006809249106295984,3.3283254340747695e-05
id03296,0.026905922731213245,0.9704729873461229,0.0026210899226638685
id17299,0.9950846705301953,0.0015735613141834356,0.0033417681556213116
id08251,0.9430272003273602,0.029068933249458584,0.027903866423181163
id05491,0.9387751330727632,0.01255668442086807,0.04866818250636871
id17009,0.9903888645032838,0.007455545706047243,0.0021555897906689533
id07381,0.0001648200475433584,0.9964207938350731,0.003414386117383594
id07643,0.9633344376749278,0.031738476310654455,0.004927086014417653
id24227,0.997800862136351,0.0004907075006863932,0.0017084303629626883
id04099,0.695993744016165,0.10467599280223612,0.1993302631815989
id11393,8.990341602555864e-06,0.9999583069340856,3.270272431183169e-05
id19396,0.004551658830668207,0.995440376381552,7.964787779855301e-06
id15362,0.9999410202900145,2.0416488913857613e-05,3.856322107169234e-05
id00195,0.9773205280352056,0.0019421552250838703,0.020737316739710455
id02296,0.0077753006106498065,0.0008542624647387381,0.9913704369246115
id27754,0.9359220319872541,0.0603495015710237,0.0037284664417221473
id16471,2.7370057532660497e-05,0.9999376847884166,3.494515405081125e-05
id15237,0.004680978283613652,0.9949540370049225,0.00036498471146388233
id10099,0.00033226223382057125,0.9996634791450619,4.2586211175803646e-06
id21647,0.9502363685477221,0.013797000565428144,0.035966630886849864
id13571,0.0006164283275530306,0.9989874668644336,0.00039610480801331255
id15137,1.7761763895389523e-06,0.9999825469510567,1.5676872553797645e-05
id10965,0.009896036247672041,0.21218944557109376,0.7779145181812342
id24918,1.3218963749703495e-12,0.9999999999042716,9.440649892319155e-11
id01700,0.6617016859734673,0.009286090211265825,0.3290122238152668
id03901,0.0013042995412958886,0.998694450942956,1.2495157481762947e-06
id24411,0.017347336156923653,0.9768649477515577,0.005787716091518571
id02597,0.04565958398787621,0.9535876502190258,0.0007527657930979715
id07981,0.021086943226519016,0.0003505638498105098,0.9785624929236705
id07429,0.04819685711101128,0.014850194557105819,0.9369529483318829
id13354,0.6812850022374931,0.3159519951599983,0.0027630026025086277
id25693,0.8362947435730398,0.05979682873087678,0.10390842769608345
id11305,0.08628928329962228,0.1256508241028493,0.7880598925975284
id26634,0.999999482627813,2.8100438552469574e-07,2.363678014650417e-07
id09180,0.9330323662680977,0.017254474606615524,0.049713159125286684
id19991,0.9968787025188156,5.964960148535209e-06,0.003115332521035875
id05497,0.2797542083477488,0.014147268081635557,0.7060985235706156
id08058,0.0038949328849260936,0.9047284003274173,0.09137666678765671
id06612,0.04997123398317648,0.13275193264728682,0.8172768333695367
id22846,1.5307467776206307e-05,0.9999397604179044,4.49321143193335e-05
id09588,0.9832629545647595,0.012115636922058432,0.004621408513182051
id10337,0.010142044257029524,9.984206711983519e-05,0.9897581136758506
id05744,0.9999764782422653,8.278499636037251e-06,1.5243258098676647e-05
id19624,0.6422215339136366,0.3412396939026192,0.016538772183744294
id00939,0.00010069389245554923,0.9997306449106739,0.0001686611968705739
id24424,0.10632732807128009,0.28383013600090606,0.6098425359278139
id14406,0.10648689263222125,0.0016809603214071036,0.8918321470463717
id08961,0.09884819185954097,0.024891555532385794,0.8762602526080733
id27004,0.15070132152601265,7.577686223940783e-05,0.849222901611748
id24072,0.4334860996450695,0.40011364176824527,0.16640025858668528
id23738,2.4464156945993065e-05,0.9999539141368737,2.162170618026525e-05
id13676,0.0010987774001487154,0.0010604150677401337,0.9978408075321112
id19636,0.059568888209489794,0.007107664592083658,0.9333234471984265
id09466,0.9991831661903664,0.00066761072723179,0.00014922308240184376
id04434,0.0010198237042144036,0.9985546521130116,0.0004255241827739215
id24016,0.04705827323220998,0.9407605570937803,0.01218116967400978
id09168,0.8505042029019941,2.923665231094029e-05,0.1494665604456949
id24262,0.9959291100594906,5.000095337106114e-05,0.004020888987138394
id01441,0.8977353946663221,0.0014860863791240797,0.10077851895455377
id20170,0.018004678590503278,0.049071369829796395,0.9329239515797003
id02342,0.9260656850488796,0.0004926259282375982,0.07344168902288267
id23334,0.002831719794988589,0.9914176670990404,0.005750613105970965
id09262,0.9999940351537892,1.8356255033362728e-06,4.1292207074264955e-06
id17822,0.8974172691910192,0.092543620724657,0.010039110084323682
id14466,0.011881498173168345,0.9869476232611876,0.0011708785656440752
id14319,0.876251075367952,0.04606119383665918,0.07768773079538885
id02387,0.9642571303230262,0.003348999368584589,0.032393870308389264
id13617,0.7884760151413163,0.21057336378313746,0.0009506210755464133
id08025,0.9080873606247888,0.08863968205819484,0.0032729573170164335
id23364,0.10826568474107723,0.7995602133503407,0.09217410190858216
id01438,0.947756248904014,0.00017943754873939204,0.05206431354724661
id05288,0.020001165231626625,0.9799264395783638,7.239519000956756e-05
id24441,0.5724924949998341,0.3207486754706992,0.10675882952946673
id18048,0.13928897277931043,0.0029911339589326993,0.8577198932617569
id27822,3.1431726542978476e-06,0.9999712024339608,2.565439338500899e-05
id23906,0.5642789917040192,0.06812208615139498,0.36759892214458584
id07059,0.03438533163246063,0.23177490110489107,0.7338397672626483
id08357,0.30584859600462616,0.4797929682511927,0.21435843574418112
id13619,0.0005890563373926928,0.0016592236848476341,0.9977517199777597
id27086,0.00015691282175095135,0.9998413177957972,1.7693824518913323e-06
id03789,0.9789135126981419,0.007906826162620456,0.013179661139237662
id00177,0.009699356247003806,0.0008953361248458789,0.9894053076281504
id01552,0.969604869083156,0.002705649830875367,0.02768948108596858
id03027,0.6822325609117582,0.09181225370983855,0.22595518537840328
id15841,4.34612699906443e-08,0.9999998923723493,6.416638070457195e-08
id27214,0.01595502168946405,0.5996751346661996,0.38436984364433635
id14095,0.979547298742793,0.007808226745562202,0.012644474511644719
id08434,1.2974852702016049e-05,0.9998555462684637,0.00013147887883426437
id05532,0.10169770770528026,0.00021974786346820198,0.8980825444312516
id06247,0.001352527736419721,0.9981715339678268,0.00047593829575351404
id09916,0.459343257613293,0.43392079372127745,0.10673594866542964
id18651,0.9919837813802658,0.0018910369350619044,0.00612518168467234
id26324,0.1133223444178763,0.39169378832303164,0.494983867259092
id27363,0.052947868923764095,0.0001000245815981636,0.9469521064946378
id02302,0.005081587596335255,3.145764241413958e-05,0.9948869547612507
id12845,0.028983078645302238,0.9629265923305885,0.008090329024109267
id20294,0.00022109432789288124,0.0010287478301910988,0.998750157841916
id04233,0.24814487376027788,0.015265333192871914,0.7365897930468501
id20000,3.2490821727776714e-05,0.9999658275668057,1.681611466479408e-06
id02527,0.0014946389537260065,1.7790335532066294e-05,0.9984875707107419
id26763,4.139343247688252e-11,0.9999999996812234,2.7738314203698955e-10
id15763,3.000389860426019e-07,0.9999994870778776,2.1288313647927997e-07
id10374,0.987412793571596,0.009264620295522944,0.003322586132881107
id00901,0.0005881379416533657,0.9991102954447174,0.0003015666136292749
id22161,0.6000882291454186,0.15949852094326297,0.24041324991131852
id15200,0.9999564231525288,1.0619226395061999e-05,3.295762107613908e-05
id15430,0.049303281428812774,0.02801812686910909,0.9226785917020781
id27468,0.7906519253663837,0.024506014450661483,0.18484206018295485
id02378,0.019491148693734937,0.0002491168214552987,0.9802597344848097
id23250,0.9999274624785968,2.8968894602107496e-05,4.35686268010831e-05
id18374,6.95141910620461e-05,2.5694375139312114e-07,0.9999302288651866
id01146,0.07104745300578924,0.9169444800449928,0.012008066949217964
id24617,0.9554821368972798,0.013404805288262217,0.031113057814457973
id01754,1.3573295854552817e-05,0.9998956109634073,9.08157407381235e-05
id11383,0.234568155998281,0.3960940659770653,0.3693377780246536
id24713,0.3130423876814912,0.623885547516667,0.06307206480184178
id26161,0.2901140126484341,0.671512792027092,0.03837319532447388
id12466,0.6792893706524208,0.0039471984503353305,0.31676343089724396
id17409,0.9915709986683313,0.00750513562543725,0.0009238657062315273
id04066,0.7550786991806238,0.23332449913229028,0.011596801687085972
id16890,1.862240602150347e-05,0.999794207584877,0.00018717000910147818
id03358,0.918669865794479,0.0536115795713727,0.027718554634148407
id19133,0.99180269312671,0.001798473643224667,0.006398833230065275
id07358,0.00850712445601996,0.9740505293740819,0.017442346169898176
id27773,0.01593084150452048,0.9839509236613218,0.0001182348341577585
id10699,0.00013479773824675713,0.9971831473288241,0.0026820549329292227
id08693,0.9999359088748385,1.2709901431169131e-05,5.13812237302771e-05
id11944,0.0011085156781857055,0.9987786463345812,0.0001128379872330077
id02240,0.3794729019580475,0.573777919065853,0.046749178976099495
id23124,0.8090503486397321,0.04158985653512189,0.14935979482514594
id05465,0.1631052500675351,0.05560577575228777,0.7812889741801772
id15540,0.0038820477875265076,0.9955148750290842,0.0006030771833892676
id16715,0.0001409005965964788,0.00022383882727119658,0.9996352605761323
id12563,0.0003797000101411654,0.0003196758929691719,0.9993006240968897
id00583,0.0034995568108825764,0.12635163644413827,0.8701488067449792
id27730,0.06531731380589,0.010126742290819168,0.9245559439032909
id00896,0.00018202131157583364,0.009015843769382645,0.9908021349190416
id15031,0.599056756468873,0.3438501734109972,0.05709307012012975
id23271,0.000637932152135811,0.9894090258813795,0.009953041966484683
id17004,0.10705983487610098,0.02498899538351701,0.867951169740382
id10247,0.040402434559133685,0.03148409776599819,0.9281134676748681
id12055,0.9749460137461105,0.0028728288596994995,0.022181157394190028
id22719,0.8656428426404643,9.216165103554604e-05,0.13426499570850017
id06891,2.408802187538078e-07,0.9999997502309732,8.888807969474454e-09
id27281,0.9946153911025515,0.002570704325386376,0.002813904572062196
id23104,0.9928378824965204,0.0021629346501307726,0.004999182853348919
id14491,0.007336159671159428,0.9916657301310008,0.000998110197839773
id24292,0.5403172937630336,0.40153623293782387,0.058146473299142576
id15777,0.04453907307284232,0.03132066407819841,0.9241402628489593
id22522,0.0006934535057576194,3.2605433494083346e-05,0.9992739410607483
id25136,2.7041950608747075e-05,0.9999126159734376,6.034207595362184e-05
id17735,0.036507640739229366,0.9613604894247105,0.002131869836060127
id18869,0.5066498860557883,0.045327503799774016,0.4480226101444376
id20815,0.0010924551282363287,0.998456983460472,0.00045056141129175606
id15238,0.7290859164243277,0.033464671088679544,0.23744941248699272
id24454,3.7117371762278546e-06,2.338926317035754e-06,0.9999939493365068
id14402,0.0006495300050386749,0.00016676172371608042,0.9991837082712453
id10985,0.9992905745479592,1.2218326499688743e-05,0.0006972071255411483
id12747,0.9975694515303354,1.1112458077162193e-05,0.002419436011587437
id11581,0.30405538431943174,0.10896445184161699,0.5869801638389512
id07594,0.9966130653094678,0.0008125430219866398,0.002574391668545567
id08240,0.22996096110264588,0.7665784316778234,0.0034606072195305657
id12773,0.003213529489515569,0.9916546418970444,0.005131828613439994
id12838,0.5755653955158737,0.009722334886459724,0.41471226959766655
id23322,0.006798241118239925,0.9920524414646041,0.001149317417155926
id22344,0.9207963433494052,0.0328375751661492,0.04636608148444569
id12881,0.7222346689791435,0.20516774689895154,0.07259758412190499
id20147,0.0004171878217755572,2.3481547010896622e-05,0.9995593306312135
id13261,0.28134962138660413,0.7129980049461249,0.005652373667271044
id01842,0.00218140792721404,2.0535697329882618e-05,0.997798056375456
id25884,0.9997710663206866,7.41761601203227e-05,0.00015475751919308712
id01643,0.7304317072335661,0.185670700613775,0.0838975921526589
id26737,0.010923957680843428,0.9890393033806975,3.673893845914246e-05
id10558,0.04536271861883942,0.9324736746794773,0.022163606701683294
id20458,7.829433206078824e-06,2.3148741632142267e-05,0.9999690218251618
id23965,0.12743844425434225,0.7076939610963765,0.16486759464928136
id26758,0.9885936897460355,0.004775142128394905,0.006631168125569679
id27519,0.9933603655672552,0.00040232703747161675,0.00623730739527325
id20676,0.36127351065910507,0.6201658040436211,0.01856068529727389
id10536,0.9496822414493142,0.018864882056847367,0.031452876493838516
id12652,0.9959262898817008,5.0901107122814674e-05,0.004022809011176381
id00041,0.000322441579811859,2.7304050568574896e-05,0.9996502543696195
id16051,0.04492411112150346,0.1183397607404314,0.8367361281380652
id02396,0.004284347785539382,2.234440615054304e-05,0.9956933078083101
id00294,0.0025652892865303542,0.0003179430028830884,0.9971167677105865
id07695,0.9066931996227762,0.024269283568679578,0.06903751680854438
id12440,0.08147327514108153,0.9178916291646635,0.0006350956942549826
id18373,0.4571113055358354,0.5347940519091007,0.008094642555063933
id16812,5.053972878029238e-07,0.9999993493150711,1.4528764118137283e-07
id20901,5.3735368055281686e-05,0.9999395482839911,6.716347953593621e-06
id12076,0.0008252354315454067,8.302952596094764e-05,0.9990917350424936
id19184,0.9998232403727758,9.301976908316951e-07,0.00017582942953331518
id08937,0.018016818160988254,0.9291421835586293,0.05284099828038241
id08181,0.03801418460606782,0.660017955092629,0.30196786030130324
id10111,0.996018493852754,0.002040545145928059,0.0019409610013179153
id24104,0.03241823613145078,0.9561023667183541,0.011479397150195091
id24837,0.12539262602467405,0.8259741033279591,0.048633270647366944
id15659,0.12564731138112661,0.017067967115583088,0.8572847215032903
id14673,0.5296341558495762,0.058041078723828306,0.4123247654265955
id22539,0.01110905043585455,0.011010418261927505,0.977880531302218
id22413,0.6797696727782097,0.31935817343410455,0.0008721537876858968
id19433,0.08812298324804614,0.6690879189880087,0.24278909776394525
id11633,9.253757384935098e-05,4.970919333206398e-05,0.9998577532328186
id04727,0.0036239593735926416,0.08427062126366286,0.9121054193627445
id26735,0.5010486220828763,0.3933781471704336,0.10557323074669019
id17167,0.0013026448040109552,0.9979534018524188,0.0007439533435702752
id04188,0.00021582504618822076,0.9997732311624703,1.0943791341507032e-05
id07861,0.5503247552668985,0.4469655073739537,0.002709737359147916
id05163,0.721194999994703,0.00040688133148440107,0.2783981186738126
id14142,0.10980000657196741,0.6003685329150991,0.28983146051293346
id16011,0.9639757385583131,1.5230045713369706e-05,0.03600903139597352
id24117,0.029779180806734588,0.9701837489162524,3.7070277013027225e-05
id06439,0.11395111008439464,0.006768228676618625,0.8792806612389867
id06481,0.023645249177222643,0.0019135103774322484,0.9744412404453451
id10069,0.9860221432748786,0.0011237188673438997,0.012854137857777578
id11204,0.12675048130647848,0.029405536926382782,0.8438439817671387
id15541,0.00039365052165426346,0.00013995477142986603,0.9994663947069159
id11872,0.0023359989388038243,0.992602162293169,0.005061838768027223
id21639,0.0008903154871357501,0.998835144422516,0.0002745400903483704
id19801,0.0009438465092363079,1.6770895171844623e-05,0.9990393825955919
id15798,0.5751203308331901,0.3646178432766032,0.06026182589020671
id18282,7.035360050950139e-06,7.432325535912337e-08,0.9999928903166937
id27107,0.26283985894548284,0.002293161436814256,0.734866979617703
id23052,0.999928718264514,7.72688756878351e-06,6.355484791720338e-05
id19129,0.0011129900973615126,0.9965074364302869,0.0023795734723514655
id08088,0.09997710141781561,0.8947241499885262,0.005298748593658247
id26398,0.9970759700227211,0.00019359188612715422,0.002730438091151792
id06010,0.6106148900189473,0.10942110692276417,0.27996400305828856
id24813,0.9998979921034142,6.943943599396127e-05,3.256846059189257e-05
id27399,0.2032192889840596,0.12992424451590948,0.6668564665000309
id15776,0.9954018988792602,0.002305110518251667,0.0022929906024881613
id25955,9.558690590877383e-07,1.9015356220180814e-07,0.9999988539773788
id19866,0.06145003421071135,0.9352665022170151,0.0032834635722734993
id00804,3.329343307743498e-05,1.265643768438671e-05,0.9999540501292382
id03140,0.9739128776208067,0.009657312757536849,0.016429809621656355
id21261,0.314176644201261,0.022200872114821555,0.6636224836839174
id11754,0.999441596799711,0.00036345457495250486,0.00019494862533654927
id07880,0.9788391628729389,0.0011030042610894574,0.020057832865971605
id25080,0.09008456336504883,0.7037997791369582,0.206115657497993
id09317,0.7331472176739892,0.22935127202805108,0.0375015102979598
id15488,0.45735689008083374,0.5397561335292765,0.0028869763898897467
id19606,0.958589339679795,0.021394419121350015,0.020016241198855055
id14247,0.019992529337306664,0.0001576460468557834,0.9798498246158376
id21692,0.5676096872408024,0.09281675492859295,0.3395735578306046
id24843,0.7884848481544541,0.10139387050057537,0.11012128134497057
id11433,0.8805020560245274,0.019086487924235358,0.10041145605123723
id04705,3.4327713846103575e-10,0.9999998393448657,1.6031185714783708e-07
id04583,0.004470369349099424,0.9947334425606484,0.0007961880902521548
id21401,0.4665803069686595,9.250877489739606e-05,0.5333271842564431
id20649,0.5600198477212042,0.3544151397457967,0.08556501253299921
id02631,0.2355393174441557,0.7531559612630129,0.011304721292831455
id19128,0.11521081583422717,0.85959557843931,0.02519360572646282
id27401,0.015850153527175878,0.9840815999902552,6.824648256888216e-05
id10015,0.88002487576956,0.07586605196459233,0.0441090722658477
id09875,0.681130611575595,0.3132513006607249,0.005618087763680116
id07941,0.9997264601458664,0.0001688081339583142,0.00010473172017521745
id00882,0.792517561086241,0.024003340193151687,0.1834790987206073
id14143,0.9512364041383363,0.004100579725247036,0.04466301613641666
id02713,0.0007067926080777612,0.0008727088923941645,0.9984204984995281
id16462,0.0015696181953683446,0.5482639409358699,0.4501664408687617
id08522,0.9372179473820937,0.02156927130866223,0.04121278130924405
id07181,1.8713079202689195e-05,0.9999741193729578,7.167547839629143e-06
id20918,0.00014677944574576307,2.2318523101535723e-06,0.9998509887019441
id06178,0.0001233170898936025,0.0005160422346635454,0.9993606406754428
id08857,0.5561981246063676,0.4376929300851491,0.006108945308483344
id23193,0.994373978615054,0.00038956262025719904,0.0052364587646887735
id19651,0.9999998374181275,1.4665926044819148e-07,1.5922612083347342e-08
id09135,0.0015387059198462127,3.9001780923732535e-05,0.9984222922992301
id16416,0.002175894063699587,0.9766662833965964,0.02115782253970399
id03990,0.9894499971645127,0.002432774808003414,0.008117228027483936
id09922,0.005402627422261941,0.008793659450274856,0.9858037131274632
id17688,0.5416200676858804,0.045819527586331156,0.4125604047277885
id05846,0.6674111844270505,0.11579486821618956,0.21679394735675997
id22599,3.760442521522647e-07,0.9999996014237974,2.25319504599254e-08
id15087,0.4709653164519861,0.5217111776204862,0.007323505927527699
id14711,0.008527828070900073,0.06592155328952033,0.9255506186395795
id09969,0.0004124837824957613,0.9995873356426103,1.8057489397580027e-07
id21377,0.000149130612778194,1.3188278142123306e-05,0.9998376811090797
id25247,0.1326549120112566,0.653015112523099,0.21432997546564453
id23590,0.09579274405258936,0.9040381082710158,0.00016914767639490593
id21390,0.04539306901872542,0.06142687943265479,0.8931800515486199
id21176,0.18825601369254152,0.5492855023473334,0.2624584839601251
id27310,0.9128672342339763,0.021607929325665312,0.06552483644035828
id03802,0.04013089717589458,0.00032265704532729754,0.9595464457787781
id19012,0.9995700136548344,0.00012093664179278723,0.000309049703372759
id02414,0.006579401234005718,0.002026093395359772,0.9913945053706346
id21814,0.3137810825804402,0.017151184493107503,0.6690677329264523
id00247,0.9891680958039911,0.007790163156995459,0.003041741039013479
id24584,0.9999790204622074,1.9888336456748506e-05,1.0912013358840471e-06
id01109,0.2778239315690647,0.011292188790037728,0.7108838796408975
id07953,0.9924159089166225,3.6253847305103326e-06,0.007580465698647027
id02030,0.6686581211118227,0.13550689507435112,0.1958349838138261
id23912,0.5069791507600638,0.05906209905908923,0.43395875018084695
id13856,0.5950861204176757,0.027226833737530397,0.37768704584479385
id18661,0.0025375549004147176,0.9974066650908391,5.5780008746262494e-05
id16595,0.007376451667693764,0.006065359617019457,0.9865581887152868
id11387,0.000987169539745488,0.028597471886562982,0.9704153585736915
id12489,0.003078113851766456,0.0032341313040337946,0.9936877548441998
id26079,0.997989868853747,0.0018975490243254161,0.00011258212192761505
id05553,0.40556702485153207,0.5760825200931586,0.0183504550553092
id09596,0.9839928341082932,0.014741415897952326,0.0012657499937545004
id23663,0.00015892477301941195,0.999815223168979,2.5852058001658105e-05
id25726,0.7398443878945922,0.004053498020144813,0.25610211408526307
id18105,0.017211871380687336,0.003957800609073082,0.9788303280102396
id23249,0.005132293992259283,0.9891051530827742,0.005762552924966556
id19756,0.0030031670556798914,5.566038969303298e-06,0.9969912669053508
id23981,0.0016470521120856706,0.9908711544331237,0.0074817934547906275
id11521,0.010007904328894203,4.187048945071387e-05,0.9899502251816551
id17449,0.0010306821390050033,4.7498359468163926e-05,0.9989218195015268
id15479,0.974397940679685,0.008454326046521094,0.01714773327379391
id13555,2.8349152830265776e-06,2.458369353333244e-06,0.9999947067153637
id01520,0.7330067323104582,0.00031078322561781867,0.2666824844639239
id03093,0.9046726609175816,0.012025313224858987,0.08330202585755946
id09992,0.7780963201585995,0.13386038510498627,0.08804329473641433
id06668,0.5363488242071716,0.4577748407910403,0.005876335001788198
id19568,0.5100576466169142,0.16924533078009224,0.3206970226029935
id17963,0.4878851213870876,0.11333517217041025,0.3987797064425022
id04142,0.6981730410330189,0.26389271993860414,0.03793423902837696
id24508,0.00434012201670024,0.0005150454880484781,0.9951448324952513
id10791,0.6191495566898797,0.03251454584740599,0.3483358974627144
id01228,0.06902042628150983,0.01899852292881792,0.9119810507896723
id24879,0.946477597950141,0.011080526438080076,0.04244187561177887
id19795,0.34306198310445085,0.41970782955881186,0.2372301873367373
id02488,0.038900563329515865,0.02528895492043055,0.9358104817500537
id10204,0.5223781620524889,0.07548958869252491,0.4021322492549862
id20878,0.954646972688431,0.00995309672827218,0.03539993058329679
id10163,0.013851980985067415,0.00010310274769738341,0.9860449162672352
id26439,0.6668791668320737,0.015195092617382104,0.3179257405505443
id06268,0.9125907354184545,0.08739304276993366,1.6221811611825906e-05
id05530,3.4286611965291813e-10,4.839861730494654e-10,0.9999999991731477
id15914,0.0006602801650395569,0.9989882653809535,0.0003514544540069542
id21656,0.4544852370991268,0.42158623531118966,0.12392852758968362
id16473,0.01515478259723087,0.9832123935889392,0.001632823813829983
id11262,1.3434248089612016e-11,1.7654443648833478e-11,0.9999999999689113
id15332,0.0019503426485018923,9.165287518557813e-05,0.9979580044763126
id01765,7.407520650174614e-06,6.206137397902105e-07,0.9999919718656101
id12527,0.9803398118271329,0.005981069715505546,0.013679118457361604
id16877,0.00018020710591483297,2.6141698607391516e-07,0.9998195314770991
id19105,0.4260871203701343,0.5008479435387332,0.07306493609113253
id19533,0.9987090772430667,0.00014813426783387613,0.0011427884890994181
id27557,0.0027054004987202454,0.9967728331383465,0.000521766362933226
id19487,0.0023684987434154066,0.012875046614962391,0.9847564546416223
id25958,0.007921494695684164,0.032646210572999844,0.959432294731316
id22331,0.9455473266714682,0.00023476794757547965,0.05421790538095627
id13674,0.8485544506532109,0.14520785864739205,0.006237690699397039
id04688,0.9999978168038877,8.573037293280909e-07,1.3258923830421482e-06
id25663,1.6551598077346163e-05,5.827358627149206e-06,0.9999776210432956
id00344,0.0012265648547691624,0.9985201537914691,0.0002532813537618316
id11323,0.9892125424010614,0.010155781588810205,0.0006316760101283657
id18670,0.5831756044112364,0.4152154240147416,0.0016089715740219646
id23811,0.9699007684064217,0.0005769054111541762,0.02952232618242421
id27702,0.969225826080765,0.028879005292985097,0.0018951686262497955
id09979,0.9930240106497887,0.0006104009500312971,0.006365588400179941
id25040,1.7621890454686043e-05,0.9999758834845702,6.494624975074358e-06
id00083,0.977773916362294,0.022211180221442448,1.4903416263537812e-05
id19751,0.9982928194056065,0.0010960247095210807,0.0006111558848723825
id19385,0.013066749642205373,0.014481828804661315,0.9724514215531334
id22498,0.9597235826578783,0.03487978765857638,0.005396629683545321
id20381,0.9611105599287103,0.012362009488787061,0.02652743058250258
id00428,0.0003207256130734863,4.3093976117504124e-06,0.9996749649893147
id26942,0.0005213276050288915,0.9177942339877356,0.08168443840723551
id10242,0.6085531634032313,0.09167370979236794,0.2997731268044009
id08136,0.0011197906413787748,0.0009727878907525915,0.9979074214678686
id00055,4.045833489749783e-08,3.5579373718523205e-06,0.9999964016042933
id15243,0.03216455124280296,0.09093787673125202,0.8768975720259451
id13954,0.9799238956102901,0.006984751502194918,0.013091352887514975
id26797,0.9954700582868492,3.139416578918058e-07,0.004529627771492957
id11384,0.0008385961216522702,0.9684640109997698,0.03069739287857807
id07965,0.42608711011391337,0.08295457589745524,0.4909583139886314
id19311,0.7257192754710327,0.047082808005474416,0.22719791652349297
id08841,0.970309143898567,0.028397471188937286,0.0012933849124956106
id14884,0.8960870586147033,0.04780473364658276,0.05610820773871391
id10859,0.8868704131515949,0.0006836163230266752,0.11244597052537839
id10460,0.48898197250839953,0.5001781591939085,0.010839868297691985
id25236,0.4910772890923608,0.051422189948387494,0.4575005209592516
id19325,7.27199341772201e-05,0.9999112959135965,1.5984152226265415e-05
id03265,0.015360721720403392,0.9200191711865854,0.06462010709301119
id08636,0.00013899787261096328,0.99835212555251,0.0015088765748791776
id11848,0.0055214483465067955,0.9835896664293555,0.010888885224137711
id20945,0.9002774092177255,0.008395906326844085,0.09132668445543049
id04971,0.9550948638356099,0.030353820185674747,0.014551315978715396
id08496,0.9173481311617874,0.0759190108967958,0.00673285794141692
id23091,0.031193525299256845,0.010151704248088457,0.9586547704526548
id06654,0.0474999124148472,0.8490144033237816,0.10348568426137113
id10002,0.9227607232726965,0.0770000888807933,0.0002391878465100396
id16426,0.8344590981387109,0.06226907567696146,0.1032718261843277
id12285,1.431336906959624e-06,0.9999980797097809,4.88953312134534e-07
id18466,0.9997844808049838,0.00018239909436765207,3.312010064856055e-05
id27110,0.9998928430421442,2.5613923829686726e-06,0.00010459556547277307
id07502,0.7616672362253079,0.0835732897571616,0.1547594740175305
id02890,0.4482467022699959,0.4996969015889799,0.05205639614102424
id19800,0.022452140964378964,0.9764629856429144,0.0010848733927066243
id19162,0.8434759356038867,0.12827594858533234,0.028248115810780978
id23696,0.9245658195285428,0.061785363320642286,0.013648817150814917
id25580,0.9916426187785718,0.007059459736627764,0.001297921484800317
id09671,0.11860834051178064,0.8732899065199085,0.008101752968310975
id21501,2.835212456590117e-05,0.9999557955838123,1.585229162186259e-05
id23983,0.00025020807452847435,0.02220307218678638,0.9775467197386852
id15163,0.0014274648383985605,0.8622313420783752,0.13634119308322631
id03351,7.781492827259263e-05,0.9979191237322003,0.0020030613395271572
id07575,0.002618723535814755,0.9963705711429575,0.0010107053212278744
id12149,0.2391309259965248,0.22470806486666076,0.5361610091368144
id10262,0.0038257062834429153,0.9877965896738294,0.008377704042727675
id20055,0.0014110338656864961,0.9983154811814379,0.0002734849528756057
id16660,0.9984780859542665,0.00017005615784382557,0.0013518578878897246
id03200,0.08228654790903442,0.8533991198008626,0.06431433229010305
id19508,0.18572704815982807,0.014300616315899302,0.7999723355242726
id03793,9.888464879198419e-06,0.9999858548875602,4.256647560753425e-06
id19882,0.014657863673521378,0.6955276944034972,0.28981444192298156
id16261,0.9016753216703887,0.09821451987347331,0.00011015845613801005
id22519,0.000235435776251889,0.004615489316763118,0.995149074906985
id24023,0.0036913080888617443,0.9921484916912306,0.0041602002199075784
id04432,0.6847391189318904,0.18365845392704622,0.13160242714106338
id06228,0.9910782805289,0.00024968914543833123,0.008672030325661613
id20655,0.7445729918007903,0.000570603104986949,0.25485640509422286
id10603,0.06425286690554546,0.9333726289064882,0.0023745041879664227
id05162,0.9917768246361472,0.007631810854350715,0.0005913645095020265
id18462,0.029355825451498237,0.019785971233749443,0.9508582033147523
id10034,0.0030400149727916053,0.9968231807839021,0.0001368042433063413
id20090,5.825502082752755e-05,4.530174809553338e-05,0.999896443231077
id10966,0.0358100615241156,0.0007121226584373228,0.9634778158174471
id10696,1.2254848507415255e-06,0.9999920686840711,6.705831078248379e-06
id01326,0.47399134143946037,0.047598323294840386,0.47841033526569926
id03613,0.028701211225734845,0.9710104841553069,0.0002883046189582169
id01794,0.9032242903626297,0.03963370321631352,0.05714200642105674
id26181,0.0004970084065699237,7.95424770511529e-06,0.999495037345725
id27587,0.7434994429071567,0.25639768222920195,0.00010287486364138199
id08364,0.9941850896920723,0.005022440793081408,0.0007924695148462565
id24179,0.9899266691093679,0.004159145646656051,0.0059141852439760076
id02284,0.9771873271347683,0.014920091972796893,0.007892580892434808
id10671,0.9984822595914893,0.0005129223556557972,0.001004818052854957
id08252,0.44648669184678735,0.22228813183556465,0.33122517631764803
id15951,0.6080987852515615,0.06806649461533909,0.3238347201330995
id21864,0.005356267326257516,0.0018796304945861268,0.9927641021791563
id04453,3.727734015580529e-07,0.9999979910486079,1.636177990541042e-06
id12771,0.02163226073936521,0.08209487574040322,0.8962728635202316
id09751,0.4733288001916542,0.02454220554319876,0.502128994265147
id10572,0.8512976958781149,0.14057480847820747,0.008127495643677676
id13036,4.912042461214891e-05,0.0006003673140737788,0.9993505122613141
id00112,0.09359728628583969,0.08302531199720688,0.8233774017169535
id13299,0.007292688434883558,0.18484377649738204,0.8078635350677343
id00858,0.04529474240851808,0.0009200155375206619,0.9537852420539613
id08297,0.0010486717113439774,0.9989391426408454,1.2185647810661265e-05
id11005,0.004094790827994116,0.03681040874933201,0.9590948004226739
id25101,0.0005468754233631201,0.9984147904664854,0.0010383341101514853
id26150,0.9989451813994205,0.0009402199707294105,0.00011459862985008904
id13836,0.9998330882832251,0.00012029966535426415,4.661205142049372e-05
id07352,0.057457346348110665,0.8465904585934051,0.09595219505848424
id08883,0.7047682436885454,0.006751788621300505,0.28847996769015405
id09328,0.026351249741928057,0.9231213260983316,0.05052742415974028
id03934,0.0016166495284808246,0.13829771362344587,0.8600856368480734
id14064,3.97623728091147e-07,0.9999492226223357,5.037975393627788e-05
id06643,0.7974368956441987,0.0010519723961234418,0.20151113195967787
id21558,0.9920001284592798,0.006696195401630872,0.0013036761390892962
id17053,0.22084734163083306,0.00645096993360581,0.7727016884355611
id06434,0.07463274288444872,0.045406057622919084,0.8799611994926322
id16616,0.005450431626771244,0.0003265009576434229,0.9942230674155854
id03306,0.4088164795867101,0.010300083267321507,0.5808834371459685
id07375,1.751425285277984e-05,0.9911642664595882,0.008818219287559019
id07934,0.002169022618430495,1.468087243810456e-05,0.9978162965091314
id02202,0.7789851003745252,0.00011329529225482241,0.2209016043332201
id03667,0.7742108894629004,0.0010686051126435367,0.2247205054244561
id27531,0.8563563788857229,0.13345238117680752,0.010191239937469454
id00608,8.172800843861272e-06,0.9999607016609301,3.112553822604617e-05
id18141,0.03407407645973765,0.00403441779666852,0.9618915057435938
id00008,0.9999510997086408,3.296369522008819e-05,1.593659613902185e-05
id08845,0.5388880794019908,0.038348809314529636,0.42276311128347965
id16610,0.999970837295887,1.6168467476115572e-05,1.299423663694114e-05
id07464,0.007496384573734731,0.00037464263231610975,0.9921289727939492
id02189,0.9965174092088306,0.0003763650528297596,0.003106225738339597
id17456,0.004121617252936826,0.037273624571263396,0.9586047581757998
id09421,0.04279872306452793,0.011271054470360121,0.945930222465112
id12813,0.04965355807128809,0.03625161431317908,0.9140948276155328
id23428,0.00777689130167585,0.004366907490235023,0.9878562012080891
id01358,0.9462819905838594,0.053583344003553496,0.00013466541258716142
id02737,4.0985781721882065e-05,0.9988320230649224,0.001126991153355855
id27430,0.004588088671283999,0.005068143089787418,0.9903437682389286
id12857,0.0009856408194876423,0.9962179902821783,0.0027963688983340673
id01905,4.359477880879317e-05,5.317590670557141e-05,0.9999032293144856
id18314,0.9999434316964305,2.3828191575463422e-05,3.274011199414445e-05
id02216,0.9848229885830226,0.0005343650189948147,0.014642646397982543
id04034,4.369692726319937e-06,0.9999899289875495,5.7013197242968655e-06
id11461,0.0001382367740247705,0.9998617035547055,5.967126973679683e-08
id09397,0.006248960129425721,0.004559526024224396,0.9891915138463498
id25870,0.04410508371564904,0.9183593285633539,0.03753558772099709
id11653,0.5852869200301567,0.019721544842638244,0.3949915351272051
id10046,0.9939245991651908,0.0005051684026871123,0.005570232432122122
id27294,0.9995472043641497,0.00045245426069021326,3.4137516011989875e-07
id09975,0.9997404329166782,1.462262682592128e-05,0.00024494445649584083
id09133,0.005875179283300165,0.00040407841366979253,0.9937207423030301
id08410,0.6920213924027033,0.01248601307281994,0.2954925945244767
id19062,0.08631564591897029,0.9072429847118076,0.006441369369222082
id26530,0.00011125375309736285,5.936348421420271e-05,0.9998293827626884
id09772,0.9350801504910409,0.004425183587963113,0.060494665920996046
id10360,0.9893980843586796,0.003205207576528934,0.007396708064791521
id12530,0.0012966330998977439,0.9985122010922608,0.0001911658078415438
id06013,0.008590598943866818,0.0021790904007436573,0.9892303106553896
id10525,0.9402021220446545,0.010592385291309108,0.04920549266403645
id25934,0.01885255730660916,0.9804880713575606,0.0006593713358302628
id10624,0.9756184776270768,0.02312778204587734,0.0012537403270457658
id16000,0.0015242848891823502,0.00016314486687758772,0.99831257024394
id01995,0.9385719059634564,0.00016026136578879335,0.06126783267075478
id26809,3.943262941122824e-05,3.9810990832861406e-08,0.999960527559598
id06631,0.0012056243236138132,0.9985670878579943,0.0002272878183919008
id23869,0.000378677681714416,0.007205691452346614,0.992415630865939
id06357,0.009015797926082536,0.9867334539078924,0.00425074816602517
id02926,0.051042806148257694,0.0001220037349618098,0.9488351901167805
id14130,0.9982971178222867,8.056799818368174e-05,0.0016223141795296467
id12672,0.04125310945392077,0.9563308387199083,0.0024160518261708854
id21593,0.9923245297392013,0.00655093709206057,0.001124533168738211
id06089,7.30405893356571e-07,0.9999988943893374,3.752047692856391e-07
id09878,0.07168311610887067,0.009463347235472229,0.918853536655657
id06940,0.0006636200548456612,0.9973279434462485,0.0020084364989058226
id11312,0.0027725188752373486,0.9972168054326052,1.067569215756524e-05
id25039,0.17660726089399,0.001241065649976341,0.8221516734560337
id25401,0.2566829310823835,0.6460672545949278,0.0972498143226888
id21772,0.26229693287589245,0.5273101330616465,0.21039293406246096
id22915,0.011564218149165757,0.5236189631015405,0.46481681874929376
id01096,0.7552293814643236,0.1046347208429652,0.1401358976927112
id15071,1.8039922587350913e-06,0.9999954320218184,2.763985922869539e-06
id01062,0.0004559846037531173,1.1246444755449643e-06,0.9995428907517714
id09059,8.694893819563347e-05,0.9991987308302228,0.0007143202315815405
id16954,0.7989190431270495,0.014985014486704343,0.18609594238624616
id11730,0.9636983965146394,0.017394857155607436,0.018906746329753234
id26294,0.014837716714781452,0.0042345698245277695,0.9809277134606909
id00940,0.31910579284887036,0.5379421653302169,0.1429520418209127
id08422,0.49943180309212837,0.32400587575574596,0.1765623211521256
id14612,0.000830726706684491,0.0001833202024808573,0.9989859530908346
id11545,0.7729453106739258,0.18742758771210852,0.03962710161396574
id24921,0.0021509935500876307,0.0006102158337329463,0.9972387906161795
id18942,0.7982249121839755,3.50013299418165e-05,0.2017400864860827
id23652,0.017502139296562146,0.8237816222739985,0.1587162384294393
id07261,0.458351795736394,0.007396993777421551,0.5342512104861844
id11791,0.9612964756980764,0.009126593704593152,0.029576930597330495
id07207,0.008677360453597264,0.09408752880788633,0.8972351107385164
id19774,0.9998522064745601,0.00012238450241463083,2.5409023025256408e-05
id06049,0.9001800781195192,0.07389841872076156,0.02592150315971929
id13983,0.34025070405291585,0.004606622648047347,0.6551426732990369
id27463,0.31738729473348787,0.004382862737448993,0.6782298425290632
id09046,9.075257571458278e-05,0.6251902188340825,0.37471902859020295
id25994,0.03950425918690765,0.9589451267759717,0.0015506140371206777
id02689,0.05438378455876931,0.8882236208384761,0.05739259460275461
id14829,0.0022945023983893553,0.9977040529596846,1.4446419260832548e-06
id20759,0.0027537853804189025,1.0267857770332306e-06,0.9972451878338041
id27848,0.9777770921974441,0.0002734344049609371,0.021949473397594916
id08225,0.00021223075979396266,4.303637246951069e-05,0.9997447328677366
id17637,0.01846707116721347,8.084442664336274e-05,0.9814520844061432
id15355,0.9910458673969371,0.003029049871752532,0.005925082731310345
id13448,0.07745769988277597,0.09817093107051875,0.8243713690467053
id01981,0.03849298367741728,0.8569458664956912,0.10456114982689158
id09107,0.3285243227982952,0.056167539179413126,0.6153081380222917
id20630,0.9521805893714328,0.04729039830508998,0.0005290123234773272
id10726,0.9144271166323359,0.08196684424293652,0.0036060391247276684
id03636,0.0014952708926003991,0.011781082122178052,0.9867236469852215
id01736,0.3330431502247735,0.4964963589375133,0.17046049083771322
id23828,0.37488286789168823,0.5938971418796637,0.031219990228648214
id27861,0.2845603331112182,0.02291434726036361,0.6925253196284182
id14983,0.962670011804067,0.02009408606235226,0.017235902133580793
id04726,0.07821829425200609,0.15907638855927256,0.7627053171887214
id03313,0.0442907897037404,0.0008752220698960362,0.9548339882263637
id21981,0.0075276752641814555,0.9847453921610317,0.007726932574786853
id20082,0.8268036945288183,0.17144443050405844,0.0017518749671232778
id03502,0.9879006229839791,0.0021074877516417613,0.009991889264379198
id04804,0.8964941915219213,0.013422969418894062,0.09008283905918463
id20635,0.05928467209580667,0.001611772273298762,0.9391035556308945
id09564,0.9273920733931843,0.030025378870013466,0.04258254773680224
id01354,0.050861210166386145,0.941440018071689,0.007698771761924905
id09441,0.006731643583261667,1.4529122072023543e-05,0.9932538272946663
id07175,0.9643731354846279,0.006892247924163763,0.028734616591208368
id15544,0.1934539552997036,0.10445285971967977,0.7020931849806167
id25935,0.4252110642633983,0.35791418640503825,0.21687474933156356
id19230,0.2080901491688044,0.7911977084056769,0.0007121424255187256
id00718,0.08895975892939131,0.01806948573314448,0.8929707553374642
id00274,0.9994151067506681,0.0005840238440123894,8.694053195554161e-07
id16546,0.6574994430824002,0.3277084635646736,0.014792093352926292
id02136,3.9919415206320185e-11,0.9999999998213795,1.3870106106745323e-10
id19618,0.028420295786624673,0.9324503842833953,0.03912931992998003
id00503,0.00658318621351968,0.0004163561473905902,0.9930004576390897
id11300,0.028708127909376137,0.9709381301201413,0.00035374197048259395
id21526,0.00020041127174812018,0.9997816086386089,1.7980089643029857e-05
id07300,0.0008006206326260069,0.9991367260297892,6.265333758476808e-05
id18782,0.019806247113408466,0.9773652135845458,0.002828539302045726
id01883,0.04262840776858164,0.9469475546166383,0.010424037614780026
id25235,0.9364153857631019,0.044119347344448355,0.01946526689244983
id03747,0.0014423304170909446,0.002596867173459481,0.9959608024094496
id07155,0.9153589789002574,0.06916260651260964,0.015478414587133001
id00565,0.9999999980773651,1.9217604692325534e-09,8.745360967720863e-13
id11232,0.9997621967698009,7.083195421039188e-05,0.00016697127598863909
id00722,0.024451208930710604,0.9525513422906824,0.02299744877860699
id19963,0.04866650983083099,0.1515041345775213,0.7998293555916477
id16866,0.9991142898610308,0.0003103792025222808,0.0005753309364469855
id17280,0.0006896063301559186,0.9992814537300134,2.8939939830743762e-05
id04309,0.6460048871234096,0.2234897298751431,0.1305053830014473
id23317,0.001639282520045472,0.9946913601215093,0.0036693573584452013
id25757,0.002598773820292611,0.9893150805402887,0.008086145639418648
id17088,0.020755622159188927,0.009643828559743094,0.9696005492810681
id19779,0.01859615938110035,0.00012888803022050868,0.9812749525886791
id26845,0.007031087700406124,0.9677075515011144,0.025261360798479442
id01923,0.760318964788497,0.03267030775529326,0.20701072745620977
id09394,0.013184667976401568,0.588447915166856,0.3983674168567424
id25978,0.09005547435411318,0.033284604496060244,0.8766599211498266
id03898,0.10295098080009688,0.8969245059324503,0.00012451326745281467
id11967,0.197489254663282,0.00219916896784808,0.80031157636887
id14964,0.989206487000807,0.00025431966980921555,0.010539193329383773
id06337,0.004996471926829381,1.459302224847303e-05,0.9949889350509221
id26501,0.0004889601199874093,0.0018346335870412182,0.9976764062929714
id20513,0.9935917681085206,0.005969445552904637,0.0004387863385747191
id05044,0.9939510300863126,0.003976092800689764,0.002072877112997747
id07951,0.0660609990722107,0.0005267024449353953,0.9334122984828539
id14796,0.33895649144060125,0.21483847610930237,0.4462050324500964
id09780,0.02514450026025621,0.0021619095574406714,0.9726935901823032
id13597,0.9999665025723483,1.8260185415899725e-07,3.3314825797521225e-05
id26413,0.9995125807728101,0.00039078187023298006,9.663735695690879e-05
id14007,1.5841569098747564e-06,0.9999981100955796,3.0574751061518845e-07
id01799,0.24098290073429698,0.16605799460866497,0.592959104657038
id24712,0.0025792688910806806,0.34955513456164206,0.6478655965472773
id13156,0.010006753209380331,0.1724582800108142,0.8175349667798055
id25468,4.9573631560369046e-05,1.2750897045279579e-07,0.9999502988594693
id25877,0.5954875871077856,0.010011495322374303,0.3945009175698402
id22485,1.451409869237689e-05,0.9999854468183195,3.9082988228594866e-08
id09229,0.0014339817448338575,0.0001657787279540945,0.9984002395272121
id25687,0.7411954992911161,0.028043767061364078,0.23076073364751987
id12266,0.4052361076767149,0.4398613968887354,0.15490249543454973
id19723,0.9984539351350772,0.000415919570112837,0.001130145294809914
id03536,0.9999999860929878,5.419829394735796e-09,8.487182928118646e-09
id24370,0.0002149619502290667,0.9955142458867425,0.004270792163028403
id10745,3.0159953104489756e-07,0.9999996542858712,4.411459777432085e-08
id17620,0.9568941397626318,0.029623076995230473,0.013482783242137683
id16290,0.000599719834708155,0.9989923043244529,0.000407975840839052
id04325,0.42862130236434637,0.16923977292994888,0.4021389247057047
id23332,0.014278591753776097,0.00022204410900922178,0.9854993641372147
id15082,3.7259439544725416e-06,0.9999962401218769,3.3934168545905414e-08
id21581,0.0010720902543832334,0.007792398989977742,0.991135510755639
id17460,0.983358501015474,0.004396890570251335,0.012244608414274716
id17003,0.9755337781336252,0.008101992834169408,0.016364229032205423
id15193,1.655600422900926e-06,0.9999150466354987,8.32977640785395e-05
id08389,0.011454249068494134,0.0020950526502764148,0.9864506982812294
id19831,6.281024220682011e-06,1.0325513120393987e-06,0.9999926864244673
id25627,0.004016677357998693,0.00459325835466952,0.9913900642873319
id14051,0.5238694978441927,0.003427682423802194,0.4727028197320051
id00942,0.996476631756604,0.00029987132730408504,0.003223496916091951
id09184,0.0046200825812352615,0.9741069365104225,0.021272980908342252
id21762,0.843083630488047,0.15439405330020695,0.002522316211746067
id07390,0.9228407367403471,0.046556664078206585,0.03060259918144633
id25785,0.09380057676314477,0.7804177824345427,0.12578164080231252
id17567,0.003322976939263662,0.9962920412295727,0.00038498183116370525
id13118,1.6428474141606574e-05,0.9999790394406396,4.532085218805604e-06
id17508,0.0008264192992806559,2.700432398451406e-06,0.9991708802683209
id21192,0.971002609873872,5.92233616091863e-05,0.02893816676451876
id27884,0.49288733530787066,0.06317361924347056,0.4439390454486589
id08686,0.0008347836977068722,0.971938281394643,0.02722693490765014
id01360,0.9546132955024664,0.045166551089196205,0.00022015340833737208
id13689,0.4971015331780153,0.09568038004065958,0.4072180867813251
id01772,0.21950306685612803,0.029288093866782702,0.7512088392770894
id17507,0.0003680163975567194,0.9983673867598344,0.0012645968426089602
id17644,0.8158078054426037,0.15972735333808277,0.02446484121931359
id00494,0.975972760121712,0.021213023809748453,0.0028142160685396466
id09881,0.0038839119035219615,0.995548352062737,0.0005677360337410142
id02306,0.9892290932828983,0.0008332042442407349,0.009937702472860922
id06761,0.9910197070859401,0.007722104156037064,0.0012581887580229531
id15045,0.06897007399100787,0.028466241903541082,0.9025636841054511
id05992,0.003316227416643518,1.0913438892322737e-08,0.9966837616699176
id18245,0.8850220087527293,0.04712243986654821,0.06785555138072247
id01047,0.9384818754570852,0.010225098041411765,0.05129302650150304
id23601,0.0009365829638815763,5.864920444297539e-05,0.9990047678316755
id13140,0.9870243974916454,0.002175556061370706,0.010800046446983944
id05280,0.0009480732006727081,0.9873013817381521,0.011750545061175203
id03728,0.07179059328512884,0.01881135249008712,0.909398054224784
id15626,0.8780392279407909,0.062015580288539034,0.0599451917706701
id03086,3.6514529445959015e-05,4.782199738703945e-06,0.9999587032708154
id27898,0.10438896975180749,0.611470616453582,0.2841404137946105
id05891,0.999951590327899,1.1130289230901559e-08,4.8398541811718104e-05
id02214,0.006345787907746343,0.02445776398303385,0.9691964481092199
id17274,0.9986359444658091,0.0007534208117170669,0.0006106347224739103
id09359,0.9656430826896731,0.002223319271404906,0.032133598038922004
id03320,0.9942341580745507,0.00011868360849927582,0.005647158316949999
id26061,0.9762631370829888,0.006060940165967931,0.017675922751043294
id02869,0.9977941863468014,0.0022001037885497087,5.70986464884317e-06
id21891,2.159588843054997e-12,0.9999999999932175,4.622908748482458e-12
id06182,0.011288589844625203,0.9314217802881952,0.05728962986717953
id13429,4.658853302669946e-06,0.9999942293397182,1.1118069792468408e-06
id15943,8.829846795666954e-05,0.0006478052957082622,0.999263896236335
id13008,0.06708995675603711,0.9254903534374859,0.007419689806477025
id08587,0.8917061854147529,0.0022922230195747077,0.10600159156567242
id03346,0.9739136362236263,0.025544051754720458,0.0005423120216533149
id02052,0.11397179182415319,0.18405422442247923,0.7019739837533675
id00916,0.024993832320317207,0.9703882885523264,0.004617879127356247
id11093,0.2685728808796,0.055775759329555016,0.6756513597908449
id15190,0.9986420422860132,0.0001578393324941096,0.0012001183814927927
id23076,0.5711434593912131,0.057366574411913306,0.3714899661968735
id25738,8.091314969398345e-07,0.9999987192983424,4.71570160765024e-07
id21546,2.6386177027582235e-07,1.7858633606295875e-07,0.9999995575518937
id17764,0.9985920542379689,0.0013189100571370143,8.903570489408141e-05
id11990,0.8676986461058948,0.13183324102170504,0.0004681128724001893
id21050,0.8819271826621037,0.05892424777878602,0.05914856955911026
id18324,0.2520778059813072,0.24156604764991213,0.5063561463687808
id20690,0.707383379660484,0.03755971706855439,0.2550569032709616
id19799,0.005683300706854581,0.008969299199687465,0.985347400093458
id12658,0.9668426915154013,0.029855102057521593,0.003302206427077135
id03781,0.15228858575946172,0.006431513429217477,0.8412799008113208
id04870,0.00029828326498821723,0.9932315542567123,0.006470162478299485
id20596,0.0014405605840367341,0.9983295085026824,0.00022993091328087472
id26849,0.9987891777233879,1.982271048363663e-05,0.001190999566128453
id00600,0.019317293163455557,0.9781429373398203,0.002539769496724171
id11902,0.9891726784100496,0.008862591537601702,0.0019647300523487417
id19219,0.9424402398474453,0.003987783637475473,0.053571976515079334
id14788,0.00031513519972418063,0.9996841923909704,6.724093054826061e-07
id22482,1.982799226373247e-05,0.9996810541003037,0.00029911790743263414
id15378,2.0305803148873786e-08,0.9999999795848079,1.0938899209607188e-10
id14696,1.0745036883850028e-06,0.9999989166500848,8.846226811683454e-09
id17359,0.29126622418140985,0.05254527738681183,0.6561884984317784
id16190,0.9188781725489291,0.06758219288369086,0.013539634567380103
id21285,0.9009132862561564,0.0064970837377052336,0.09258963000613846
id06812,0.951182701490575,0.03424775078908992,0.014569547720335061
id15579,1.2276933692998922e-07,0.004832071324147528,0.9951678059065155
id26672,0.9999972504001359,2.6393623485373305e-06,1.1023751552055233e-07
id09842,0.013972166083754888,0.9379255161052987,0.048102317810946454
id06045,0.9726922643728845,0.027035520952809845,0.000272214674305699
id21233,0.9995661009404386,8.0653579150003e-05,0.0003532454804114575
id16227,0.9930952814200237,0.0022373986309536273,0.004667319949022663
id17437,0.007052425080265671,0.2649817778231614,0.7279657970965729
id02309,0.9969865091990279,0.0029709770122789787,4.2513788693087704e-05
id18232,2.386806858551064e-05,7.177031290003693e-05,0.9999043616185145
id23419,4.693615841743185e-13,2.0153260312748233e-14,0.9999999999995105
id11924,0.9998602687728328,3.5492524884229867e-06,0.00013618197467870502
id12263,0.9998872573162567,5.9111060094098755e-05,5.363162364913644e-05
id16734,0.9534755249853882,0.001210319384762643,0.04531415562984905
id07989,0.9957240803742072,0.0008128233724190635,0.0034630962533737865
id24633,0.017552026009844866,0.08056794945403203,0.9018800245361231
id19770,0.9540642779875255,0.002294273681668692,0.04364144833080587
id05094,0.19921845186333476,0.01107761665802831,0.7897039314786369
id07252,0.9143513140117878,0.03280054914126818,0.05284813684694397
id12536,0.9959736525047594,0.00206344033639239,0.001962907158848217
id24324,0.9603771662907502,0.02604177272603655,0.013581060983213235
id25546,0.10418881796194919,0.03413160897769612,0.8616795730603547
id24732,0.9937471874911814,0.0012336397500899627,0.005019172758728675
id07280,0.04871696267490798,0.25847932180399424,0.6928037155210978
id23268,0.955671641220183,0.017028529732400852,0.02729982904741622
id18050,0.00929297968747283,8.621082957207774e-05,0.9906208094829552
id19360,0.9950810242737013,0.004872560939334855,4.6414786963909796e-05
id00456,0.013955849972086824,0.9855524186340846,0.0004917313938286764
id14069,0.010253418137987252,0.9895850822405877,0.00016149962142507677
id24965,0.00019820938627905993,0.9996850207158993,0.00011676989782167056
id13245,0.02198772181065482,0.005005877731898024,0.9730064004574471
id22515,2.4015752403575848e-05,0.9999462479776666,2.9736269929760887e-05
id11332,0.9819983690836234,3.5989593036490126e-07,0.018001271020446193
id19876,0.00206079926808833,0.0002531516571741447,0.9976860490747376
id18315,0.9441466706168478,0.0037190027782614777,0.05213432660489086
id05260,0.029073122228936932,0.9657484355900705,0.0051784421809926645
id14594,0.0051058663058255165,0.9946124391468737,0.0002816945473007143
id12867,0.9520731285101858,0.04469059213710044,0.003236279352713711
id05902,0.0007074896546769108,0.9991151864221631,0.00017732392316000963
id06390,0.008304351093317397,0.00010843167749541135,0.9915872172291872
id06005,0.12797369242111156,0.8216597168066234,0.050366590772265046
id24075,0.07139690441052102,0.1398211918148289,0.7887819037746501
id12630,0.2546453872036024,0.7307345129707039,0.014620099825693733
id26378,6.70235482793954e-05,0.00014441299846307558,0.9997885634532576
id05535,0.05356708814482206,0.757465970652259,0.18896694120291896
id26702,1.1253063100959062e-06,1.2957341659142282e-05,0.9999859173520308
id25209,0.2683618663307139,0.01839064658568519,0.713247487083601
id19835,0.0008809902899778636,0.001984071122203911,0.9971349385878182
id09511,0.008152869517510215,0.9917028138565334,0.00014431662595642685
id27364,0.705530197506712,0.29138010996798763,0.0030896925253004397
id09695,0.9784884607810346,0.00839757008399255,0.013113969134972911
id16165,0.9871404863345462,0.0038358299136364783,0.009023683751817299
id19503,0.0003860122142674848,0.00016998404981648344,0.999444003735916
id13511,0.002034303486219512,0.0019773158258280365,0.9959883806879525
id18752,0.006020096536039229,0.0002643602004721893,0.9937155432634887
id18278,0.9593103950852383,0.03723986658682482,0.0034497383279367168
id27219,0.8692280808572904,0.049272047199266505,0.0814998719434431
id05454,7.533154080791104e-05,0.9998741386865547,5.052977263736726e-05
id12347,0.6314154520559341,0.05377706103631508,0.3148074869077509
id10397,0.8319347603845866,0.04719967384122284,0.12086556577419057
id18543,0.7957596030364609,0.031268732193259714,0.1729716647702794
id05210,0.9397312699998451,0.060267882417596175,8.475825586976599e-07
id23141,0.00016739279636059963,0.9998298976062129,2.709597426538398e-06
id17139,0.9922755288221239,0.007615642122572737,0.00010882905530338385
id21399,0.9972019724603107,0.00018863718011857282,0.0026093903595707495
id18728,0.9714642515599655,0.0067583351633148485,0.021777413276719684
id12170,0.007689076378679977,0.9920849761828535,0.00022594743846648144
id02225,0.00891907900974642,0.9786271335890216,0.012453787401231957
id27210,0.03096689902643105,0.9665878450809924,0.002445255892576648
id01242,0.1035524099930755,0.01374713816574572,0.8827004518411787
id16587,0.23028447190986195,0.08522870235081838,0.6844868257393197
id11144,0.02859335124415552,0.02222757075242329,0.9491790780034212
id13709,0.9798988743750656,0.0025270286219268062,0.01757409700300766
id00841,0.00046346494541290445,0.9993430131228516,0.00019352193173546324
id09692,6.23750348102611e-07,1.441670645398313e-07,0.9999992320825875
id07635,0.9986461032348265,0.0013441719078463755,9.724857327105928e-06
id11375,0.9915416695261727,0.003585166113180688,0.004873164360646595
id05703,0.8806145329313284,0.06866562580977326,0.05071984125889835
id02757,0.9990915827548331,0.0008505278930732844,5.788935209370558e-05
id08216,0.01690069069843995,0.978487144318925,0.004612164982635064
id09311,0.010600333474439694,0.15137184997241437,0.838027816553146
id11169,0.841532142273552,0.09713347602401633,0.06133438170243169
id23806,0.997722671818011,1.2768264404289589e-05,0.0022645599175846578
id01253,0.30626964207576474,5.24645703247011e-05,0.6936778933539106
id27558,0.016202768114295205,0.9559106716039448,0.027886560281759985
id06695,0.9999999443068267,5.359396413261833e-08,2.0992091530209847e-09
id22654,0.00010560349264437417,0.9981540261837255,0.0017403703236302068
id16201,0.9756212176993018,4.545215953881089e-05,0.02433333014115943
id00873,0.678297739380431,0.30524592265575223,0.016456337963816764
id07131,0.7841501305939628,0.15300595093451225,0.06284391847152504
id11454,0.03357148262739153,0.9521179481293501,0.014310569243258358
id19481,0.9995345699945973,0.00036892268452403743,9.650732087863237e-05
id16409,0.34596837630887994,0.003327333035052494,0.6507042906560675
id01686,0.997841567374579,0.0016955793887624088,0.00046285323665860964
id24068,0.9124975009467406,0.03377856816937604,0.05372393088388331
id14825,0.9902835665254284,0.0017418915775865066,0.007974541896985135
id13611,0.9791734588470064,0.01903753139768256,0.0017890097553110507
id05586,0.9999999997910511,7.86392126785539e-11,1.3030966316274438e-10
id04497,0.9999831414769124,1.685523000136304e-05,3.2930862186324524e-09
id13912,0.404141088241982,0.5440825685577333,0.05177634320028459
id09675,0.10438797516252725,0.047206301901507784,0.848405722935965
id23620,0.00013097901658280008,0.99920412908126,0.0006648919021572129
id05596,0.008541083883088732,0.0910033142721521,0.9004556018447591
id09067,8.190605353243624e-05,0.00046719279383274483,0.9994509011526349
id05445,4.4881266372082035e-06,0.999995382540416,1.2933294680550567e-07
id16825,0.00030692844984250595,3.108464203329108e-05,0.9996619869081242
id21127,0.9999996034196793,2.7665260606390393e-07,1.199277146510027e-07
id01740,1.4238857675271978e-05,0.00016336403801736876,0.9998223971043074
id12719,0.9540194495951889,0.012185610182409306,0.033794940222401766
id14137,0.11603420519944986,0.05484861929548929,0.8291171755050609
id08909,4.101335048832634e-06,2.3293891478333668e-07,0.9999956657260364
id24041,0.5150328182273636,0.03700176294513602,0.44796541882750046
id14489,0.9580082766834311,0.03250438321304263,0.009487340103526256
id14961,0.012776898041926454,0.00034152847932227226,0.9868815734787514
id19923,0.6903736794691302,0.2990224425739884,0.010603877956881502
id03339,0.0001608962702038349,0.999829451067251,9.652662545235719e-06
id08864,4.4980887751945014e-05,4.723142022325616e-06,0.9999502959702258
id19803,0.9547719405973292,1.645873326975375e-05,0.0452116006694011
id09810,0.9491908590331957,0.0009038622978708052,0.04990527866893357
id23324,0.999999824253517,2.859915853084235e-10,1.7546049146872756e-07
id22050,0.00012250447242813186,0.9998149416777946,6.255384977724378e-05
id11386,0.057011833057309586,0.9412960902241116,0.0016920767185787371
id14739,0.9999999568675967,4.636736252999288e-09,3.849566712207064e-08
id02882,0.9985787568032662,0.0012865379902855156,0.00013470520644826982
id11988,0.024944060460289203,0.590637125513192,0.38441881402651873
id18839,0.002902350553217009,0.9954945385580037,0.0016031108887793303
id08474,0.0003135545040987179,0.999635608717405,5.0836778496293335e-05
id01060,0.10114102618065152,0.8905663755653057,0.008292598254042787
id06551,0.9957513247786434,0.00029463258563167956,0.003954042635725004
id06210,0.07888664056361887,2.9341312857403916e-05,0.9210840181235237
id12349,0.00018920158023436238,0.00040957625121682613,0.9994012221685489
id21813,0.29802044142868495,0.008751686730243464,0.6932278718410716
id13028,0.05835541173231907,0.8873748412044242,0.05426974706325675
id10021,0.10226481049913441,0.023284148541902618,0.874451040958963
id07425,0.0005763204445550523,3.7562633714028766e-05,0.999386116921731
id24409,7.2890519702604265e-06,0.9999679114080684,2.4799539961384613e-05
id21183,0.9968359185919864,0.00012531176511821108,0.003038769642895405
id26178,0.5191575976895565,0.47783776128831984,0.0030046410221236343
id24033,0.01313573545802788,0.012268239859261232,0.9745960246827109
id14793,4.435335249598212e-06,1.1898279895177688e-06,0.9999943748367609
id03053,0.9969054710848325,0.00044831567235825655,0.002646213242809219
id24285,0.9924957382975084,0.0009829288485399812,0.006521332853951638
id09137,0.9999999641545454,3.138562533784117e-08,4.4598292755637414e-09
id03185,0.9982380319091891,7.535251532941975e-05,0.0016866155754814362
id21242,0.0023275939582403896,0.9939050994956962,0.0037673065460635266
id17446,0.48793714748108774,0.021654452021470105,0.49040840049744217
id00087,0.014363840850535265,0.9826912311440419,0.0029449280054229423
id11019,0.9300717914672522,0.06847114029015121,0.0014570682425966612
id18832,4.2908737311766264e-05,0.9999498248552865,7.266407401804206e-06
id19224,0.2354181279805463,0.12613070782512067,0.638451164194333
id17436,0.07802589639032978,0.005671119186898475,0.9163029844227718
id09895,1.785749269957581e-05,8.60647562157734e-06,0.9999735360316788
id20296,0.015034029171931354,0.00021652688618162104,0.9847494439418871
id03074,0.09443453852728245,0.8250485169333126,0.08051694453940496
id09152,4.173808770869261e-05,0.9999348233885156,2.343852377574287e-05
id15277,2.2785653613198463e-05,1.3983630943466025e-06,0.9999758159832925
id07520,0.5071042497400859,0.4924350362096123,0.0004607140503017235
id12928,1.864184576117698e-05,0.999981266064743,9.208949575312213e-08
id06197,0.0089457443709688,4.646146490880474e-05,0.9910077941641224
id24099,0.9939653876425314,0.0007588943554758443,0.005275718001992855
id17392,0.6587307411967082,0.14017303581121338,0.20109622299207858
id17303,0.8104170493986712,0.002328708155522749,0.1872542424458061
id05682,0.998880915627761,0.00022354772981646818,0.0008955366424225614
id14339,0.9978853040103299,1.5119262320742394e-05,0.002099576727349309
id07873,0.11543379765253192,0.058460671118806096,0.8261055312286619
id06939,0.40330985574015277,0.5578446183214302,0.038845525938417
id14827,0.5830147699163781,0.3129082266545272,0.10407700342909461
id19768,0.33191031471710947,0.6621919193967551,0.005897765886135467
id18080,0.9927886762271398,2.7999662655965223e-05,0.007183324110204163
id17384,0.6531726992859703,0.3433398289374656,0.0034874717765640533
id12059,0.8078505068435974,0.13389525229787066,0.058254240858531925
id27382,5.717354609919287e-06,1.2283484426336304e-05,0.9999819991609638
id23252,0.9392070243690633,0.007299923311253154,0.053493052319683515
id14797,0.020751995353128157,0.0013843579133517568,0.9778636467335201
id25826,0.000784005666308526,0.0001856503001478349,0.9990303440335436
id27569,0.992074284983912,0.0001778689864903859,0.007747846029597658
id05079,0.9943537276877201,0.005592634296254519,5.363801602529537e-05
id23749,0.9770938906540961,0.005903048320961998,0.01700306102494192
id04852,8.892777822112499e-05,1.3854984336713483e-07,0.9999109336719355
id08920,0.9967584858021896,0.0006695243291249483,0.0025719898686853994
id15229,0.1909051526830676,0.035493323238127115,0.7736015240788053
id11992,0.006415966126944362,0.9349680251116096,0.05861600876144603
id21087,0.2536091074358634,0.06453831737732,0.6818525751868166
id22173,0.9858478768197416,0.009999340841505286,0.004152782338753123
id26488,0.5462763973965302,0.22202862519062044,0.23169497741284942
id09378,0.8890961624954226,0.0024875440083578213,0.10841629349621962
id19280,0.09874952757614576,0.8999241068436423,0.0013263655802118876
id00701,1.1978180807580343e-05,0.00011162290801068697,0.9998763989111817
id18252,0.9948501801720081,0.005048356693765037,0.00010146313422689247
id19850,0.007405136381400868,0.021364002450935532,0.9712308611676637
id00967,0.006109506967855719,0.9854859330878357,0.008404559944308651
id00670,0.9212696420232489,0.008224507344398025,0.07050585063235308
id10795,0.00270190095112551,1.117202709358037e-05,0.9972869270217809
id27312,0.020420266329711476,0.10742384631688762,0.872155887353401
id10703,0.017637374634040352,0.006057777739073739,0.976304847626886
id25596,0.3522604891886827,0.618706250870847,0.029033259940470343
id00443,0.04040327832356262,0.0005755373639289426,0.9590211843125085
id21638,0.012791534410095628,0.9859688072675198,0.0012396583223846117
id15800,4.0677494523679856e-05,0.9991872421650969,0.0007720803403794069
id23367,0.952584931623639,0.03492793409218992,0.012487134284171095
id03600,0.8822459977793548,0.051402729746575816,0.0663512724740695
id07147,0.4307153081634325,0.21371570555472774,0.3555689862818397
id02654,0.00011258379190978656,0.9997486916880086,0.00013872452008154397
id17965,2.2306374729417696e-08,0.9999999624848862,1.520873906900013e-08
id24304,0.004689790433696148,0.9948802961544521,0.0004299134118518864
id11626,0.7162880623591558,0.23948235688231656,0.04422958075852765
id17604,0.001726561024907495,0.003363739952157873,0.9949096990229346
id24725,0.9930825662470149,0.0020001375938137464,0.004917296159171401
id08894,0.9999850860813848,1.4622327910155468e-05,2.915907050088107e-07
id01352,0.15883044122273265,0.006499571789368097,0.8346699869878993
id07907,0.9999997387082221,1.6000994770055219e-07,1.0128183015342987e-07
id02681,0.00035256751710977,9.894754751382247e-05,0.9995484849353764
id23951,1.2870924923381141e-05,0.9999522110116598,3.491806341687979e-05
id11154,0.5910325343302278,0.005040915637314813,0.4039265500324574
id13182,0.6259497932062471,0.35696804521113473,0.01708216158261815
id04576,1.1254110611643501e-05,0.9999887392389044,6.650483896274353e-09
id16318,0.9940252592456027,0.0009281692761613273,0.0050465714782359375
id05472,0.09008959248875327,0.0033519431735351117,0.9065584643377117
id20567,0.9833105764356685,0.014227984569552274,0.002461438994779231
id21385,0.03734726302012405,0.12090723214937153,0.8417455048305045
id09834,0.7141608246614556,0.015093780233146217,0.27074539510539825
id02954,0.9520613853147973,0.003995965211453648,0.04394264947374907
id15456,0.08952378487796832,0.9059805162228095,0.0044956988992222065
id06958,0.9999341476623885,3.4968691942908967e-06,6.235546841723223e-05
id18053,0.4105129751949972,0.001046136189179202,0.5884408886158236
id05180,0.0026209499075959793,0.9963925896889317,0.0009864604034722456
id21648,0.9962036188965648,0.0007401471225311286,0.0030562339809040544
id27095,0.07732829894722275,0.9001386656357007,0.022533035417076627
id16645,1.0728870226292615e-06,0.9999982082284865,7.188844908930864e-07
id22508,0.9996323262956666,0.000319913003411989,4.7760700921550927e-05
id01151,0.05422656589753917,0.03343314227290442,0.9123402918295564
id03451,0.21132507292591557,0.7675254734286524,0.021149453645432074
id20279,0.3418077109255027,0.02112872688800737,0.6370635621864899
id17480,0.028772821030137695,0.952675568687086,0.01855161028277626
id08280,0.07367027410543818,0.9145031851106091,0.01182654078395272
id19245,0.7550002050043065,0.00925002793502662,0.2357497670606669
id20463,0.9767976848818316,0.012866846915473601,0.010335468202694844
id01510,0.00013364063462872324,0.9966102685477334,0.003256090817637956
id22724,0.0021868056223938257,0.0018459324689080055,0.9959672619086982
id03386,1.460681025074914e-05,4.08591758229964e-07,0.999984984597991
id26858,0.9759493265044226,0.000453450379162881,0.0235972231164146
id27612,0.996753289750465,0.0020876462422284334,0.0011590640073065837
id14606,0.9999689421496986,1.6376704193675296e-05,1.4681146107760407e-05
id09273,1.6131659976439166e-05,0.004015790326030796,0.9959680780139928
id07736,1.6224920242171015e-05,0.0009697419672956288,0.9990140331124622
id22879,0.9707644731243823,0.02549509036506832,0.00374043651054935
id01075,0.00047138265885829887,0.9994638245968719,6.479274426988715e-05
id14038,0.008158530772784691,0.9914388852663935,0.00040258396082182226
id10294,0.8477347034701278,0.14201971076136274,0.01024558576850946
id06738,0.07040274091081611,0.7476204516783072,0.18197680741087682
id06932,0.0014689902499484093,0.9967214172247214,0.0018095925253301588
id20905,0.014554692497157014,0.9518096167542287,0.03363569074861432
id03466,0.9226123883619319,0.00654028309482742,0.07084732854324066
id17100,0.005459319912524033,9.131337419264356e-05,0.9944493667132834
id00585,0.00012298912685820807,0.00039744696398176754,0.99947956390916
id05385,0.9999918740925173,6.869618437958274e-07,7.438945638871331e-06
id21658,0.9987981097243304,0.001125682792730657,7.620748293906971e-05
id25140,0.023529409417589485,0.9755488994535599,0.0009216911288505101
id14623,0.00025034852549447477,0.9996843727179602,6.527875654545398e-05
id06925,0.18287721923033307,0.7597552923237707,0.05736748844589618
id03102,0.43788874206749195,0.031163785345634184,0.5309474725868739
id15215,0.006039009969641732,0.9939451656688293,1.5824361529074042e-05
id16162,1.0511112520853098e-05,0.9999890333818687,4.5550561047993103e-07
id12412,0.00026409873581717644,0.9974270282429021,0.0023088730212807015
id27708,0.987646751134719,0.0007332841850633336,0.011619964680217669
id18508,0.9120598638664948,0.01113264653755933,0.07680748959594587
id19857,0.9995376374911358,2.699420817343435e-05,0.0004353683006908095
id27904,0.9766730344043296,0.0066686450003210634,0.016658320595349316
id27345,0.10732806217400752,0.11146506241626422,0.7812068754097282
id09516,9.695482490065175e-05,0.999898317249672,4.727925427293228e-06
id24277,0.03812288045864096,0.780904931857363,0.1809721876839961
id26935,0.00010051214573808739,0.9998527717594972,4.6716094764751145e-05
id08544,0.14749643008846125,0.16155964356733524,0.6909439263442035
id13779,0.9800835473026012,0.0020087423251132657,0.01790771037228552
id17103,0.8163206959201431,0.03479211650006559,0.14888718757979127
id01771,0.832627885731946,0.047050663713246926,0.12032145055480706
id08211,0.0006979038051403895,0.0014876373140063814,0.9978144588808532
id06392,0.999999999999625,2.2727546828367287e-13,1.4779788056566347e-13
id25629,0.9141566917805812,0.07879246316332449,0.007050845056094364
id15194,0.021490474323813125,0.2731716209661197,0.7053379047100672
id23962,0.028474374279910463,0.9696583668894405,0.0018672588306490497
id14252,0.012910103134558452,0.005471686775356142,0.9816182100900854
id15381,0.9996435932514115,6.574438767559176e-07,0.00035574930471176215
id17385,0.09291857228326582,0.03306876513684832,0.8740126625798859
id22826,0.9168038751889562,0.06347027188165091,0.019725852929392863
id16485,0.07025928642124128,0.9239718659111683,0.005768847667590393
id25744,0.997669825743784,0.00213048645677914,0.00019968779943676094
id09192,0.9998666159131979,0.00013285320033756297,5.308864645594568e-07
id08619,0.0009980616005470708,0.9989367660619928,6.517233746024745e-05
id27889,0.8347732190486442,0.10185638895824112,0.06337039199311474
id10964,0.0015823472700283278,0.014012988280463991,0.9844046644495077
id00821,0.9999980874822634,1.2108962927077561e-07,1.7914281073725104e-06
id07120,0.99405423687435,0.004970380118784414,0.0009753830068656504
id05347,0.9940193890125046,0.005615146391174473,0.0003654645963209285
id14047,0.5505738368378527,0.16759801782187503,0.2818281453402723
id24871,0.8640544377292234,0.09969248762651038,0.03625307464426624
id21417,0.737722539075295,0.00529844671961799,0.2569790142050871
id03784,0.9990218083453971,0.0006048296186218006,0.00037336203598099885
id07389,0.3128599912685088,0.6663181370987151,0.020821871632776188
id16215,0.9864629920655479,0.011474994707874756,0.002062013226577378
id10976,0.001722975170394555,0.009484663311665921,0.9887923615179395
id00348,0.9997967083423505,0.0002028999216209733,3.9173602858145993e-07
id04027,0.8615871572427655,0.0006047123915275305,0.1378081303657071
id21625,0.9619322955086882,0.009530295599725194,0.02853740889158661
id15117,0.001634662152154466,0.004375069216267788,0.9939902686315778
id06776,6.2067935669770535e-06,0.9999925409186344,1.2522877986370586e-06
id10947,0.9999980189934305,1.2687208234837767e-07,1.8541344870160094e-06
id11746,0.22075965619193663,0.003153473099655639,0.7760868707084078
id27779,0.0007804898561941429,6.158201432088838e-05,0.999157928129485
id20789,0.07040550466564048,0.724456950642329,0.2051375446920306
id16187,0.1791425107570332,0.024708298935465382,0.7961491903075015
id23834,0.020488285990958782,0.9794138700665771,9.784394246414983e-05
id25848,1.0000000000000003e-15,0.999999999999998,1.0000000000000003e-15
id08777,0.9995208582113355,0.0002714489286419484,0.00020769286002254273
id17045,6.223329702767585e-05,7.023808326405609e-05,0.9998675286197083
id01474,0.013701588115473182,0.002032540427611934,0.9842658714569149
id09396,0.15264641256072906,0.8406008191874313,0.0067527682518396265
id22208,0.9986798415444786,0.001277033882998178,4.312457252322356e-05
id13813,0.0008075958577910021,0.0009869611037573141,0.9982054430384517
id23386,0.9779413441982241,0.0013570423255136032,0.02070161347626236
id02610,2.800114189661969e-05,0.999960919165901,1.1079692202359005e-05
id07647,0.03100985118817081,0.8802776867335693,0.08871246207825995
id24025,0.9997548557476604,0.0002132880185564796,3.1856233783124086e-05
id25573,0.9996648427953002,7.551182145703955e-07,0.0003344020864852064
id23575,0.9814182030176248,0.004758557324450326,0.013823239657924877
id08968,0.2935547982773907,0.6365688144074043,0.06987638731520493
id09958,0.14632661051660992,0.8509180698211082,0.002755319662281714
id13648,0.5719966487753134,0.212643549580032,0.21535980164465462
id00335,0.9989763891923429,0.00012586559888330692,0.0008977452087738831
id18099,0.32344031173862653,0.6495550939341422,0.027004594327231332
id24297,0.0014145066058429171,0.001153165779851453,0.9974323276143057
id17751,0.02113180828610084,0.1324264049485635,0.8464417867653357
id02158,0.0074454514972225406,0.9921615389354798,0.0003930095672976947
id03039,0.9923731324836661,0.001815912735624155,0.005810954780709744
id09467,0.27480461737064626,2.694599493304707e-07,0.7251951131694043
id14903,0.9493867072680992,0.05033668675262302,0.00027660597927785577
id03331,0.04681932680305386,0.8961134075820976,0.057067265614848504
id27366,0.008799519861667144,0.003025407824392983,0.9881750723139399
id09199,0.9961280328728961,3.667278838533078e-05,0.0038352943387185458
id07681,0.3168761739899428,0.014370595661341778,0.6687532303487155
id11502,2.2105910727611516e-08,0.99999996264345,1.5250639202974455e-08
id00140,0.9912261410986665,0.002915891059135818,0.005857967842197773
id20159,0.7849698018984245,0.00042592712271544543,0.2146042709788601
id02007,3.710120521794486e-05,0.0002243591316567933,0.9997385396631253
id08188,0.9975099889676012,0.0022221638792425677,0.0002678471531561831
id04504,8.225479522249462e-06,7.830142764842713e-06,0.999983944377713
id22031,0.930341761481106,0.06649951498939213,0.0031587235295019033
id17947,0.00030103946067039914,0.0018844587527338625,0.9978145017865958
id06267,0.939658796342898,0.04157112223405424,0.01877008142304777
id14577,0.8837441393264137,0.006838596017906903,0.10941726465567937
id27313,0.994812190665993,0.0014645565532400164,0.003723252780766958
id16231,0.011904465230446602,0.9880565389432007,3.89958263527326e-05
id02587,0.1940728842166304,0.018313601292371067,0.7876135144909986
id04379,0.0275304765225864,0.9663992407958716,0.006070282681541929
id13503,0.0006021498844450238,0.999397344817537,5.05298017982441e-07
id03887,0.9999261428613011,2.119621917599136e-05,5.266091952298135e-05
id22338,0.9657916570746462,0.014338254784301443,0.01987008814105243
id20080,0.8403217770734052,0.1553653427485458,0.004312880178049053
id22392,0.9992493479606035,0.0006095566262472662,0.00014109541314923028
id03895,0.9347959733030128,5.0542647746815846e-05,0.06515348404924043
id17179,0.0012050029268959248,0.9986726122577964,0.00012238481530769656
id23466,0.0009586129617044288,2.3637265236864214e-07,0.9990411506656433
id12592,0.0006179502021516534,0.9978902038920661,0.001491845905782314
id16947,0.9984719194282036,0.0003256630559088669,0.0012024175158875242
id13870,0.25904412850590686,0.01585277492667419,0.725103096567419
id10717,0.0012318212809086103,6.688400057647739e-05,0.998701294718515
id09418,0.9682120392118988,0.01798639843892881,0.013801562349172514
id20753,0.9819420172437274,0.009366608667954374,0.00869137408831822
id00114,0.004646007014234194,0.009209093920668137,0.9861448990650977
id00627,0.9999996962736332,2.903181869056828e-07,1.3408179860644107e-08
id07738,2.3540873828091966e-06,0.9999973730885703,2.728240469722192e-07
id14516,0.9170953639873021,0.05915697720326216,0.023747658809435766
id02107,6.288899964673278e-07,0.9999993280750817,4.303492181829539e-08
id18378,0.0007826560418845831,0.9954821473549782,0.0037351966031372525
id02751,0.04937976526924798,0.0008530726775730443,0.949767162053179
id26105,0.03288314073886566,0.3659788624750165,0.6011379967861178
id07659,0.02292487069434355,0.2892793468677179,0.6877957824379385
id07421,0.9995183916338791,0.00018123700945177348,0.0003003713566691022
id00325,0.9135711367027145,0.07015934299434014,0.016269520302945418
id12253,0.9984209001438679,0.0015701711754211175,8.928680711018103e-06
id23427,0.9722955296977965,0.027578237585098635,0.00012623271710469628
id06202,0.9909540820863982,3.530179803277897e-05,0.009010616115568958
id21320,0.001957487185276323,0.002004846099712502,0.9960376667150111
id21994,0.5475336316818769,0.43099141771339083,0.02147495060473218
id13903,0.481050806613314,0.1500616035816569,0.3688875898050291
id13767,0.9987540875124353,0.0010997182786509996,0.00014619420891370113
id03750,9.079412722259444e-05,1.2678125485056961e-05,0.9998965277472924
id08666,0.00048424133469050865,0.00017292837915981572,0.9993428302861497
id12171,0.035004393774614784,0.08701485624471388,0.8779807499806714
id26202,0.15929294344421183,0.001860060080422429,0.8388469964753658
id16310,0.001236102373995997,9.472306049225498e-07,0.9987629503953991
id02650,0.6498801487720193,0.1910674805651094,0.1590523706628713
id26558,0.9762388638968527,0.015160074348670623,0.008601061754476728
id24794,0.9996787617680577,0.00012747364996767229,0.0001937645819746558
id01299,0.9812400973864294,6.314503516182329e-07,0.01875927116321905
id19281,0.9999950263986683,4.263456047767051e-07,4.547255726926934e-06
id20504,0.7477597592595605,0.05042479564959619,0.20181544509084334
id15716,0.02735597914310674,0.018109062361592636,0.9545349584953007
id08222,0.012903667541840297,0.06729994071092131,0.9197963917472384
id12393,0.0005578115204197846,0.12178096267543109,0.8776612258041491
id26841,0.05017168240361049,0.9492158989294597,0.0006124186669298746
id22947,0.017592223909899535,0.9815042181817902,0.0009035579083102306
id10817,0.999999503070395,4.957181267490382e-07,1.2114782470840296e-09
id01486,0.24702256481603516,0.7230770583694278,0.02990037681453706
id00296,0.015614323030342913,0.9780417967508572,0.006343880218799783
id24189,0.5163034428647978,0.18428494457109376,0.2994116125641084
id20909,0.2729455130246354,0.10106405576591364,0.625990431209451
id21079,0.9989728494253326,0.00101082250677247,1.6328067894980613e-05
id02478,0.009025395350394797,0.22288485238775851,0.7680897522618467
id03727,0.9153165784739592,0.002564368727411198,0.08211905279862958
id09794,0.949950893080815,0.0027905175030638225,0.047258589416121176
id08527,0.14520167628526828,0.8530657202508454,0.0017326034638863415
id18716,0.9990142716716042,0.00026288863698747706,0.0007228396914084347
id21733,9.774860810815935e-05,3.2878831981488626e-07,0.999901922603572
id08898,0.9758932533616421,0.022121375966905783,0.0019853706714521124
id16571,0.12296716525658133,0.007397332940537323,0.8696355018028813
id17780,0.9778355628855346,4.128157479176037e-05,0.022123155539673593
id11537,0.9864337175063327,0.007978769765966417,0.005587512727700819
id23242,0.8637988185882952,0.1262242800455403,0.00997690136616444
id16749,0.014558414227864889,0.0009885331419094072,0.9844530526302258
id02226,0.9988765461292543,2.298969915391905e-05,0.0011004641715918477
id08369,2.36145818660867e-05,0.00038462463711603107,0.9995917607810179
id18013,0.09163115754588988,0.904624357585484,0.0037444848686261417
id23454,0.9965155897390463,0.0019239945879961098,0.0015604156729575836
id03878,5.034117178220891e-09,0.999999906266768,8.869911486201452e-08
id15129,3.876866965206776e-07,3.416689455219253e-05,0.9999654454187513
id21874,0.6786489724319884,0.001353229496863533,0.3199977980711481
id24455,0.2789328837215649,0.003554939472159044,0.7175121768062761
id03860,7.316567579777791e-07,0.9999978297184896,1.438624752383123e-06
id07622,0.0009866815815268405,0.9989962980993234,1.7020319149713967e-05
id18449,0.5383395897146537,0.02874050945878379,0.43291990082656256
id16952,0.9958771962222361,0.0015084166987308887,0.0026143870790329747
id08212,0.9964563812194926,0.0011385758251136588,0.002405042955393694
id05513,0.37851395849856595,0.0066908714265121495,0.6147951700749219
id24536,0.9999999889607901,1.0974155056930374e-08,6.505489454575807e-11
id18070,0.9943470201723936,0.0013529654066495656,0.004300014420956807
id03094,1.1127223894595463e-08,0.9999999887263712,1.4640484336457752e-10
id13815,0.007252270254408054,0.00027078655748476334,0.9924769431881072
id14023,1.8515866109583783e-06,0.9999976267612452,5.216521439585076e-07
id14480,0.5028151653727145,0.3188444815948427,0.1783403530324429
id00059,0.9430024722549691,0.01603121284951946,0.04096631489551141
id16873,0.9941265802792943,0.001679796630873641,0.004193623089832132
id23144,0.8846237666048631,0.0017390546960785703,0.11363717869905832
id02845,0.99957060456184,0.00034824494916677073,8.115048899328007e-05
id25492,0.24989258335738818,0.0021927932571364273,0.7479146233854754
id04097,0.43931183529793555,0.5400623423911963,0.020625822310868184
id25883,0.9999047788767091,8.741518473349013e-06,8.647960481758794e-05
id23391,0.0029042115354466318,0.9882977167691566,0.008798071695396821
id27018,0.997092947442049,0.002616520033856574,0.0002905325240944805
id23614,0.22845591906601437,0.7698796156314819,0.001664465302503758
id14309,0.0008577449849017719,0.9986216948698102,0.0005205601452880352
id27746,9.440540549795732e-07,0.9999990545931255,1.3528194803426085e-09
id05057,0.3362132361299494,0.5855051574796414,0.07828160639040917
id06246,0.7814253276825804,0.07705947446007276,0.14151519785734676
id00509,0.0008868917819669623,0.017330520465786255,0.9817825877522468
id19473,0.9999995363912668,4.6330780498930067e-07,3.009281583353755e-10
id07044,0.04889074417017937,0.013519834327466139,0.9375894215023545
id09871,0.13248521642314046,6.080404740194083e-05,0.8674539795294577
id26870,0.7747487947590259,0.05755609575722849,0.16769510948374566
id06125,0.11196494650842058,0.8809971017830975,0.007037951708481867
id02829,0.9926882307719642,0.0001520175466583807,0.007159751681377418
id24935,0.30573738543714857,0.011161451334694943,0.6831011632281565
id04557,0.00017822657397683497,1.082550102845104e-05,0.9998109479249948
id01208,0.9430060534044152,0.024261961853714212,0.032731984741870564
id16235,7.199166756844754e-10,0.9999999989916212,2.884621874629587e-10
id05135,0.004360363102689458,0.995091520571741,0.0005481163255694983
id05892,0.034080537472137275,0.00028278234384800603,0.9656366801840147
id21207,0.999453555794522,4.355217287024921e-06,0.0005420889881910778
id10722,0.5447728553297231,0.32838533104963097,0.12684181362064603
id17396,6.665875775471177e-05,0.04696782836255231,0.952965512879693
id17755,0.8949282958586756,0.026077110631379463,0.0789945935099448
id18529,0.016022717930055566,0.0011715901514064314,0.9828056919185381
id18235,0.8645750388833914,0.1321010917520966,0.003323869364512003
id20188,0.17637388454314284,0.00413193440008403,0.8194941810567732
id13483,0.004020270510962538,0.027588485749465038,0.9683912437395725
id16860,0.8563677494368533,0.07798549919987657,0.06564675136327013
id11203,0.9999992611361717,6.672100182580315e-08,6.721428265500482e-07
id01104,0.9971772321690602,0.001315681736117412,0.0015070860948224267
id26195,0.001297586017614924,0.9935958204995986,0.0051065934827865195
id19647,0.004267723320139633,2.2042441606248436e-05,0.9957102342382541
id24377,0.09414929177456983,0.0024175379649066992,0.9034331702605235
id07103,0.9999554881296375,3.337151093818222e-05,1.114035942435533e-05
id27061,0.9918120888271562,0.00816467356634035,2.3237606503506415e-05
id06255,0.21813632572078553,0.7725647730361406,0.00929890124307389
id19483,0.3817936255394416,0.09196055227277594,0.5262458221877825
id27936,0.3040893389204333,0.6956022121089385,0.000308448970628193
id21761,0.9403606875641789,0.05368704426153347,0.005952268174287713
id06543,5.824054882040236e-10,0.9999999843526071,1.5064987453921153e-08
id04779,0.1924061060739773,0.7454402491582488,0.062153644767774005
id05819,0.8493279167207687,0.002252067261792401,0.14842001601743893
id04670,0.05809263646892838,0.9416200591250989,0.00028730440597269074
id22206,0.9479795453948707,0.002931743444750798,0.04908871116037857
id18557,0.9901521409524385,0.006867093763774677,0.0029807652837868146
id24017,0.08187265323310346,0.8282529404938245,0.08987440627307211
id10305,0.9934900722994251,0.00554129124633197,0.0009686364542429022
id25879,0.9893788364169824,4.9873887685905456e-05,0.01057128969533167
id08243,0.002379841297865765,0.9945605231185275,0.0030596355836067413
id11999,0.02726160826991,0.9532993820591393,0.019439009670950694
id13392,0.02772091793931844,0.9715161519773188,0.0007629300833628565
id00681,0.046013004480390696,0.9519717655295405,0.002015229990068711
id03225,0.6338048360861934,0.3293742102412216,0.036820953672584956
id19684,0.010202805108294717,0.06319203530732961,0.9266051595843757
id01944,0.9822494923593358,0.00022004508735060303,0.01753046255331368
id04903,0.005032881322456545,0.0005331500455216155,0.9944339686320218
id22131,0.9881777171191999,0.008483861483663107,0.0033384213971370666
id17465,0.4073513123604456,0.0017695899436859723,0.5908790976958684
id02341,0.0851310918491874,0.0006883942867893462,0.9141805138640232
id23306,0.44668232755884635,0.30406232432280406,0.24925534811834962
id13543,0.0018418239029854334,8.939892651600404e-05,0.9980687771704986
id05527,0.7721545337957889,0.06704209485063832,0.16080337135357284
id13622,0.0006408510797581664,0.9991941932132777,0.00016495570696415917
id04807,0.4575895950280038,0.5321693286207909,0.01024107635120524
id03763,0.3331494102210022,0.004271975824346631,0.6625786139546512
id04860,0.0014262474755865025,3.901123566682751e-05,0.9985347412887466
id18552,0.9999787910538424,1.2548401168674219e-05,8.660544988917303e-06
id05624,0.6938327970599499,0.25431304819946987,0.05185415474058025
id10691,0.0025407154176503638,0.1130930429222096,0.88436624166014
id12723,0.7777480331778579,0.1988406691254514,0.023411297696690748
id14533,0.9763219506216383,0.022459819669600915,0.0012182297087608334
id07197,0.9007094605433343,0.00023184706751612038,0.0990586923891496
id08284,0.9994344739481488,0.0004555418642958409,0.00010998418755531683
id13373,0.4170560609921862,0.31072682943962066,0.2722171095681932
id25880,0.15448727217605682,0.019595077338282262,0.8259176504856609
id00879,0.7741902664474964,0.18126499804915136,0.044544735503352036
id27931,0.0005936233295606259,0.9820265292304267,0.01737984744001282
id20774,0.0007275127262143804,0.000771946100702667,0.998500541173083
id18642,0.07594204577357885,0.8547303076931637,0.0693276465332575
id26855,0.045819525625460655,0.6757952113903565,0.27838526298418287
id08684,0.3956989438477261,0.04413766476006146,0.5601633913922125
id01743,0.018820941083187753,0.5913505898288284,0.3898284690879839
id09704,0.0004247962248295858,0.9992810007232275,0.00029420305194294803
id00696,0.3249207302975694,0.01416138826627113,0.6609178814361595
id08351,0.02109215643487276,0.9784515131475988,0.0004563304175284688
id08495,0.9890369704332468,0.0025022292647186454,0.00846080030203454
id05141,0.0009745108821378732,6.911553604824076e-06,0.9990185775642574
id08515,0.013298557313912785,0.0006784934142125803,0.9860229492718746
id23509,0.0069506871564308055,0.005954715908195065,0.9870945969353742
id20577,0.00040240134877459827,0.00013435371012745476,0.999463244941098
id04217,0.04066623865611359,0.0002372788521386133,0.9590964824917478
id24430,0.0781184572175928,0.21953193017309988,0.7023496126093074
id11995,3.8270998466315455e-07,8.13818633018577e-07,0.9999988034713824
id10871,0.0010807245738911821,0.02533122203802026,0.9735880533880885
id21988,0.00034346080294256657,0.0002562442689753958,0.999400294928082
id07248,0.9982134451854506,0.000913642435656441,0.0008729123788929637
id22805,0.8948808866130228,0.03906735848889791,0.06605175489807935
id18064,0.006859896828477238,2.156265537692851e-05,0.9931185405161459
id02256,0.3697059546997219,0.17752779671457183,0.4527662485857063
id18835,0.8578370051811619,0.000215682755203964,0.1419473120636341
id06068,0.02815924588489965,0.25482024034323375,0.7170205137718666
id13355,0.0002515682891545599,0.9994797973667797,0.00026863434406578147
id15890,0.0008027224431354994,0.9990552435011034,0.0001420340557611457
id11828,0.9999424128079358,5.6537142146529937e-05,1.0500499176676064e-06
id14235,0.007269570960057909,0.00017657074955788416,0.9925538582903842
id07891,0.015986697079346412,0.26920262964714664,0.714810673273507
id00426,0.02100437905597543,0.9580409356032278,0.020954685340796777
id00194,1.273952403328184e-05,2.9005006651046933e-08,0.99998723147096
id10086,0.14612865844982603,0.00016385277771254297,0.8537074887724615
id24683,0.003520705180213638,0.003380733440750271,0.9930985613790362
id01217,0.03221101821446856,0.9639569085593467,0.0038320732261847607
id09906,0.03636082639880781,0.8758710841040884,0.08776808949710375
id04780,0.008481991976453367,1.4312284135426188e-06,0.9915165767951332
id15682,0.9995085426958078,0.00046776908254019905,2.3688221651981272e-05
id27193,0.9024756433026724,0.01278322290047236,0.08474113379685523
id01574,0.0015157911861641076,3.1154264191294946e-05,0.9984530545496446
id26894,0.031213754074207317,0.006051367501651342,0.9627348784241414
id08143,0.31976249521215694,0.522927753068927,0.15730975171891598
id05756,0.01706440585378985,0.9061265308960312,0.07680906325017892
id14803,7.339670083775588e-05,3.066800007716222e-07,0.9999262966191614
id01103,0.0005817629936420868,0.997654382675134,0.001763854331223941
id17451,0.7441454938289107,0.22081903353519966,0.03503547263588965
id10497,0.12750014351193129,0.6832155751271587,0.18928428136091005
id23770,0.9783286005687303,0.009024786365736517,0.012646613065533153
id01731,0.620000913169294,0.006548874313279788,0.3734502125174262
id24021,0.017510226896013056,0.8372981334798087,0.14519163962417825
id24904,0.9999993642227566,1.4234775274885588e-09,6.343537658583537e-07
id16795,0.007129540848599195,0.17254041250570087,0.8203300466456999
id27308,0.5812773171412734,0.016887404464530964,0.40183527839419564
id16671,0.998566741691292,0.0011184417912582178,0.0003148165174498317
id10035,0.787539504637676,0.03624300683534407,0.1762174885269799
id12143,0.7344800292757079,0.0912579832021677,0.17426198752212446
id14087,0.9992654819125463,0.00024990684906278627,0.0004846112383909106
id02962,6.580001439542976e-06,0.9990248174183601,0.0009686025802003905
id17035,0.03006342920565758,0.010440667327199738,0.9594959034671428
id07600,0.19014731372280216,0.02723698637159537,0.7826156999056025
id08201,0.011589365500619262,0.003256394005509945,0.9851542404938708
id04623,0.9995457581518103,0.00018306088669690028,0.0002711809614926517
id07245,0.7276603349502371,0.1722487518302285,0.10009091321953437
id01334,0.9361225373757525,0.028896080693068933,0.034981381931178564
id23105,0.9989850296184526,8.001149444371403e-05,0.0009349588871036931
id19744,0.19724999858346318,0.14411774228824345,0.6586322591282934
id22884,0.9988676938333426,0.0002230946232052815,0.0009092115434521723
id01936,0.33110075140581974,0.6245725092017702,0.04432673939241004
id21910,1.564590109115368e-05,0.9999757568052323,8.59729367651702e-06
id10801,0.050033400542465196,0.8934115209024237,0.05655507855511117
id02629,2.106009785122796e-06,0.00027053684802796896,0.9997273571421869
id11940,4.116431615675937e-05,0.9999300802754536,2.8755408389690834e-05
id12664,0.20293793180002462,0.03289748625224995,0.7641645819477254
id06308,0.0001749021950233659,2.0219427886107203e-05,0.9998048783770905
id21510,0.99673292526466,2.2618556469894662e-07,0.0032668485497752853
id20043,0.002457675150343112,0.00010748957431935984,0.9974348352753375
id01014,0.8620319126585717,0.09617101807988193,0.041797069261546325
id04968,0.11731870036402135,0.26072165942258074,0.6219596402133979
id17552,0.1163683122379609,0.8434242033556683,0.0402074844063709
id25395,0.1622055557584157,0.002857745289565745,0.8349366989520185
id25931,0.9999943523764268,4.7067345731764965e-07,5.176950115964442e-06
id21548,0.008514579583399627,0.0002132311024170373,0.9912721893141834
id07443,0.00046877968268954493,0.00013889624217274833,0.9993923240751378
id01215,1.0633816706440162e-05,0.9998382098973477,0.0001511562859458431
id20060,1.2092973114240686e-05,0.9999869597520463,9.47274839508628e-07
id17279,0.5652397867481171,0.1252805370371255,0.3094796762147574
id20214,0.0006223554667376305,0.998618296923477,0.0007593476097853564
id08809,1.64417092176236e-05,1.0464097535367546e-05,0.9999730941932471
id17098,0.8235233816228311,0.02212514072882533,0.15435147764834362
id10146,0.9932531907548862,0.0022974457979296537,0.00444936344718415
id24986,0.9348165043493667,0.05489656754973869,0.010286928100894663
id19690,0.1167799030878772,0.06991114553554359,0.8133089513765792
id14487,0.809286045799047,0.04916181374500412,0.14155214045594883
id26146,0.9798085570288487,0.008840387764705998,0.011351055206445361
id01942,1.1692682526223517e-06,4.872363828235806e-07,0.9999983434953645
id03843,0.40994294603945813,0.5443347086417455,0.045722345318796404
id02026,0.34376734970387607,0.3991633540792166,0.2570692962169074
id10903,0.8906363667046089,0.0868831884590368,0.022480444836354176
id07340,0.23199430485133613,0.11311876190668169,0.6548869332419822
id25682,0.25775699037880495,0.7421966682230459,4.634139814918485e-05
id13830,0.9797931918727716,0.016645313045453407,0.0035614950817750264
id08319,0.13839492316766389,0.0005755724092755199,0.8610295044230606
id25558,0.056395841821677554,0.0009701402487006159,0.9426340179296219
id07084,0.007096451643315549,0.009503345663806654,0.9834002026928779
id00203,0.43181445184384337,0.4746732036435611,0.0935123445125955
id23804,0.20496540903928553,0.0013515807054672985,0.7936830102552472
id06863,0.017043014440290945,0.0019053935564306897,0.9810515920032784
id11191,0.7206555281664101,0.18097038642801883,0.09837408540557113
id00846,0.00810926110368772,0.9551892301370698,0.03670150875924247
id17290,0.03545741728383412,0.9495265700292912,0.015016012686874693
id00047,0.0028703141633434244,0.9875805362878372,0.009549149548819476
id27631,0.9537509658661967,0.04617484177786732,7.419235593597882e-05
id15793,0.005821890993682776,0.0003686166226717451,0.9938094923836456
id03142,0.012781048268108384,0.0030647786280627917,0.9841541731038289
id24825,0.9999990130459292,7.982362448010641e-07,1.8871782598380493e-07
id12069,0.0390902140779628,0.0160120480466,0.9448977378754372
id23009,0.9990149883129547,0.0009750815919449005,9.930095100447994e-06
id06793,8.177607940359951e-05,0.9997235989078875,0.00019462501270881658
id18638,0.9976751619450617,0.002267124441603855,5.771361333455471e-05
id02966,0.9991894809366336,0.00033580979980008186,0.00047470926356638613
id20346,0.0021763751685072146,0.00011029812203190707,0.9977133267094609
id16855,0.8933359512492385,0.014371407624089604,0.09229264112667193
id16350,1.9839266118977208e-05,0.9999761251822656,4.0355516154732274e-06
id25092,0.0021473427698107846,0.9968734687083647,0.00097918852182452
id16132,0.836568499196126,0.11846858217642232,0.044962918627451776
id15977,0.0003342326414076809,6.740621363086926e-05,0.9995983611449615
id26922,0.6769177335796571,0.0072083983435681865,0.3158738680767746
id20054,0.9312342428882665,0.0548650249544661,0.013900732157267432
id14375,0.05078859048931206,0.005405185458761952,0.943806224051926
id23372,0.23949015103980031,0.058085320854571756,0.7024245281056279
id20360,0.00022799884924697055,0.9994870706062363,0.00028493054451678856
id25380,1.88559111651179e-13,0.9999999999997002,1.1123677306568772e-13
id07295,0.048714600555435264,0.00037863183457399085,0.9509067676099907
id20349,0.4618643722845198,0.5357284201108911,0.0024072076045892014
id17177,0.0012992044312168298,0.0009856957017828317,0.9977150998670004
id07041,0.6638183842004751,0.007977808378088036,0.32820380742143684
id27459,0.02552295240834228,0.9738381547664047,0.0006388928252530879
id24144,0.7612858427107918,0.23445176037234217,0.004262396916866081
id13748,0.0033961454488382514,0.00017601652033397283,0.9964278380308278
id08295,0.9616776531698747,0.013947859147866296,0.024374487682258996
id00744,0.011358667763049727,0.013877110361161658,0.9747642218757886
id19662,0.02436710741392866,0.9515710390251736,0.024061853560897718
id13027,0.023980452957946027,1.8915390106591025e-06,0.9760176555030433
id21785,0.2102618576958077,0.05114955368517414,0.7385885886190182
id13431,0.9962576192455945,0.0031666934858210795,0.0005756872685844026
id21455,2.70215720778273e-05,0.9999157046132152,5.727381470694246e-05
id25429,0.0011208591372636164,0.9967929860194804,0.002086154843256026
id16944,0.6992831528520055,0.00025548841046120913,0.30046135873753327
id01458,0.0007931239702341391,0.9864121252535467,0.012794750776219176
id15684,3.7492380021823676e-08,0.9999999610938517,1.41376839243641e-09
id00970,0.9807308751444933,0.0006683185058214957,0.01860080634968514
id12185,0.029271250576929836,0.0472174326028166,0.9235113168202536
id15050,0.1540450954409322,0.6714197651097733,0.17453513944929458
id05062,0.0005822357497133392,0.001097457696620379,0.9983203065536663
id13150,0.006194954564825712,0.9863915631019635,0.0074134823332108555
id02821,2.0126875991829107e-06,0.999997897625216,8.96871848601818e-08
id05545,0.9900138126590895,0.002202896332521864,0.0077832910083885445
id03523,0.9998501921802976,6.371883850786622e-05,8.60889811945545e-05
id02098,0.0007272073940746684,0.004289601423629661,0.9949831911822957
id26788,0.8925900468766472,0.03907420969476684,0.06833574342858595
id22116,0.016443342809736857,0.968552752152003,0.015003905038260223
id16175,0.9999999999968359,9.161084921110563e-13,2.247962481178488e-12
id24957,8.17339692823492e-05,0.9537306475070932,0.046187618523624505
id10844,0.0012499848628457033,0.9987485539396649,1.461197489496336e-06
id11758,0.9839291171306065,0.015723841078423197,0.0003470417909703731
id05134,0.059663017997059004,0.8243515019981835,0.1159854800047575
id15865,0.0028973738852880303,0.9929629947040001,0.004139631410711989
id08591,0.0621892375221067,0.9341380794950379,0.003672682982855459
id26318,0.028032155828154628,0.00478331769722479,0.9671845264746206
id05612,0.9974081398165104,0.0005768789356635531,0.002014981247825919
id14561,0.03376089012499772,0.3205736332774019,0.6456654765976003
id07666,1.5380148203532044e-06,2.8627402534527326e-09,0.9999984591224393
id01297,0.97747343566072,0.005935240127385188,0.016591324211894767
id10688,0.010872201416734282,0.31214599356815664,0.6769818050151091
id15377,0.10058748376822074,0.8984500444524013,0.0009624717793779593
id23377,0.28080322230748533,0.42593788521263837,0.2932588924798762
id05797,0.02121906072766745,0.9452188501435705,0.03356208912876207
id06241,0.5078630905676769,0.04526952261714511,0.44686738681517807
id10766,0.9565432532623407,0.019061467167728576,0.024395279569930664
id03928,0.9999873616928242,1.0554913960241643e-05,2.083393215512494e-06
id04429,0.008674449082595142,0.3260967165935505,0.6652288343238545
id24846,0.05815370386046103,0.047524365878692534,0.8943219302608464
id19784,0.0007307746450763857,2.609892814859518e-06,0.9992666154621088
id02452,0.9186502069393476,0.0013505720506244874,0.07999922101002782
id02600,0.9574043724077064,0.04113337260959458,0.0014622549826990405
id27487,0.010066811158213965,0.001592723736209196,0.9883404651055768
id12323,0.9992123497247604,0.0007647881501308217,2.286212510877727e-05
id00487,0.004309615768494183,0.03481171881781404,0.9608786654136918
id06032,0.9781231686976475,0.01582224428492967,0.006054587017422901
id05211,0.7119300834114459,0.016877148114539345,0.2711927684740148
id16523,0.7981166187508268,0.19742082942349656,0.004462551825676513
id08800,0.1397874465488792,0.8107994859274242,0.04941306752369659
id08791,2.2450514397319564e-05,8.380578749698082e-05,0.9998937436981058
id10429,0.020382402758418967,0.10549289880351846,0.8741246984380626
id20801,0.9799776945234164,0.01985236528066157,0.00016994019592200729
id14055,0.0003061407220143217,4.418344421669392e-06,0.999689440933564
id09462,0.00017041146341150343,0.9997853362930261,4.4252243562450986e-05
id06725,0.0847443630457896,0.9146261494633534,0.0006294874908570152
id01749,0.9623627122657572,0.03598524717817375,0.0016520405560690387
id22054,0.00014343441599973494,0.9996815462079495,0.00017501937605089162
id07244,0.0018469916662513916,0.000102768079131895,0.9980502402546167
id12562,0.9978937594105816,0.000122285145262585,0.0019839554441559394
id13838,0.6006867916440228,0.3938183702629386,0.00549483809303862
id22535,7.218436593339992e-07,0.9999982737049539,1.0044513868580274e-06
id01099,0.2663914970740678,0.7254471719606866,0.00816133096524567
id02190,0.029719365073265152,0.96991168760671,0.0003689473200249271
id25921,0.21000958302417946,0.34330637888854887,0.4466840380872716
id16075,0.005511422289864647,0.03675415229595234,0.9577344254141831
id20465,0.7765259245867817,0.20968035788372258,0.013793717529495809
id06556,0.04342183560826532,0.07175289816611,0.8848252662256246
id09360,1.0841720575378727e-05,5.128351152127428e-07,0.9999886454443094
id09042,0.00018926117049794034,0.9997724595986973,3.8279230804817726e-05
id08846,1.2891298388145655e-07,0.9999998528857402,1.820127587638808e-08
id21274,0.0043650303673345185,0.20682973171604227,0.7888052379166233
id05841,0.8988583078295064,0.08093056928442073,0.02021112288607284
id20361,0.9617075230042464,0.001173038627072994,0.037119438368680674
id07499,0.9984684315695671,9.641331622493741e-07,0.0015306042972706702
id19466,0.2829913305825589,0.40719529469954213,0.30981337471789905
id16550,0.0039218458216778345,0.9960462110525802,3.1943125741909414e-05
id24512,0.303694526338122,0.5148007944790527,0.18150467918282526
id14444,0.9608020725886103,0.0021180265916025042,0.03707990081978728
id11395,0.9090827512006222,0.005148716895661163,0.0857685319037166
id14907,0.00038606448612438617,0.0006283007954295675,0.998985634718446
id19393,0.0014788355127035677,0.0004577068580984574,0.998063457629198
id26780,0.9701250056079727,0.0146634350304802,0.015211559361547205
id03132,0.009998390512380599,0.009472730540900764,0.9805288789467186
id17709,0.9941293131862217,0.00020924076529081452,0.005661446048487502
id19739,0.8268339836186468,0.013467243812224928,0.15969877256912826
id08470,0.9981431008865248,0.0018464523518623506,1.0446761612901326e-05
id22312,0.0006004868071837089,0.9981723310447781,0.0012271821480382417
id20391,0.7029363945466351,0.08124867151497607,0.21581493393838885
id05295,2.5279640796185536e-05,7.363053896108958e-06,0.9999673573053077
id08129,0.11499250733449784,0.005662399120902649,0.8793450935445996
id10615,0.2109868268255852,0.0018504817049368434,0.7871626914694779
id09506,0.1529602005221883,0.12445049386590681,0.7225893056119048
id22557,0.19829032050290263,0.7791829455768361,0.02252673392026123
id04181,0.00010923872329667798,0.9998295483709934,6.121290570995514e-05
id22457,0.00095725744479111,0.9990408172803356,1.9252748733083783e-06
id00340,0.21095902356154644,0.005182009468234169,0.7838589669702194
id18205,0.0002263012543758338,1.332459531740225e-05,0.9997603741503067
id03861,8.52503209932794e-05,0.9996067834570277,0.0003079662219790566
id20546,0.9928568524774246,0.0070667670536378084,7.638046893759711e-05
id17226,0.004828926375227368,0.0012145322047282098,0.9939565414200444
id10376,0.5589847922617349,0.2602234086617466,0.1807917990765186
id17734,0.13575782527991423,0.6071401802623692,0.2571019944577167
id09703,4.576316664729882e-06,0.9999659783153508,2.9445367984426327e-05
id16311,2.7939391364494125e-06,0.9999661642317128,3.104182915075039e-05
id06524,5.922475716071827e-05,0.9998334180490087,0.00010735719383060491
id01082,7.127403421122914e-07,0.9999849502180237,1.4337041634280838e-05
id01940,0.3975508540751257,0.01621196226940679,0.5862371836554675
id04146,0.0004328751688747404,0.01041826947919048,0.9891488553519348
id03891,0.9937042783850812,0.00041013095044065747,0.005885590664478155
id14421,0.9857560512608702,0.0003523803886616279,0.013891568350468182
id19027,0.9999999654739326,3.428868030374012e-08,2.373871407761535e-10
id19813,4.337378690420469e-05,0.9999303293926566,2.6296820439180454e-05
id05827,0.2767479791725897,0.0004685547261954411,0.7227834661012148
id03326,0.18704766642386553,0.0034637555199982834,0.8094885780561362
id10089,4.427960988077666e-07,0.9999995136835886,4.3520312582850374e-08
id06827,0.9765981474696777,0.018101031168900612,0.005300821361421726
id01209,0.9594690008573505,2.3727505475357187e-05,0.0405072716371742
id08812,0.928931366249592,0.006233212823113948,0.06483542092729405
id25906,0.9899370090897852,0.0072691973501017755,0.0027937935601130776
id25553,0.8998147504138435,0.002224973234526029,0.09796027635163049
id10193,0.027899187970923577,0.00013565185218005624,0.9719651601768964
id15438,0.9957254873359305,0.00011010397806048925,0.004164408686009161
id04821,4.100994489326038e-05,0.9971817014629051,0.002777288592201627
id26592,0.027941937420006762,0.006898096838190329,0.965159965741803
id20195,0.116667665995044,0.13307188874098122,0.7502604452639747
id00378,0.12689040746877683,0.1792655817505362,0.693844010780687
id15052,0.8988936778768732,0.0515589713597073,0.04954735076341948
id09519,0.9960226067485997,0.003823472641360043,0.0001539206100403389
id04579,0.9780270625975012,4.9150769863673064e-05,0.021923786632635202
id08274,0.9987597260194808,7.87847994590395e-05,0.0011614891810602342
id26223,0.08109898526457326,0.9188160934387637,8.492129666308087e-05
id01914,0.9963005403961053,0.0031929354487019884,0.0005065241551927344
id05244,0.9999556670717719,3.2814773443527236e-05,1.1518154784667827e-05
id14467,0.9968218407247007,0.002354509453910205,0.0008236498213890657
id23284,0.08448875637593396,0.00021326937391020803,0.9152979742501559
id20634,0.0022548080442259806,3.2469628759577986e-08,0.9977451594861453
id14659,0.9999547611915676,2.7211454816710594e-05,1.8027353615808824e-05
id23659,0.0030140487351563317,0.9968275499039233,0.00015840136092047413
id16902,0.999998609514125,9.598982725830217e-07,4.305876024579477e-07
id20509,0.9884076446406233,0.005956088471897333,0.005636266887479403
id08019,0.09185115653182638,0.018825695141746028,0.8893231483264276
id26180,0.00017484589895225375,5.66119113151381e-08,0.9998250974891364
id01487,0.017896325399908913,0.8318363045113094,0.1502673700887817
id22898,0.000569028107795722,0.9991201095192224,0.00031086237298200007
id24005,0.9899626711502094,0.008163742713488159,0.0018735861363024281
id00118,0.043832254338125466,0.9336986736915543,0.02246907197032017
id17435,0.36727583517634416,0.0018042031793125016,0.6309199616443434
id22574,0.9916705548048786,0.0027636880994415533,0.005565757095679709
id23882,0.003516560706340279,0.00012952694116438902,0.9963539123524954
id02618,0.9974946362837754,0.0020375431695566783,0.0004678205466678741
id06847,0.5124639927476605,0.41817975226687426,0.06935625498546516
id15448,0.0022645943170921477,5.92304825243131e-06,0.9977294826346554
id20383,1.4330664193738009e-06,0.9999191962283396,7.937070524095944e-05
id18722,9.00537231513649e-05,0.9999073173498081,2.628927040526088e-06
id24353,0.6659109665533953,0.000644203815835433,0.33344482963076927
id22196,0.8226109310020042,0.08772402580629643,0.08966504319169942
id13239,0.003738794866862963,4.208629748658043e-05,0.9962191188356505
id14507,0.01529270582397835,0.9822019599544389,0.00250533422158269
id04619,0.0022739273141362273,1.7847264301564868e-06,0.9977242879594336
id00176,0.9999775274620137,2.2383797312031263e-05,8.874067423863397e-08
id14700,0.9999996590127125,1.368999503793719e-07,2.0408733709490165e-07
id10930,0.9994956109252489,0.00045545553464966765,4.893354010153111e-05
id03830,0.0016615924420061519,0.00012252468619136742,0.9982158828718025
id01840,0.0005474723076315553,0.010108112389226487,0.989344415303142
id18025,0.00021190341735410456,0.9997758299381702,1.2266644475767235e-05
id21361,0.9999985292927847,4.719679833144222e-08,1.4235104169920644e-06
id21999,0.0001401523163632111,0.999512901391097,0.0003469462925396787
id20472,0.14464129259406186,0.0011653075970085066,0.8541933998089297
id01282,0.9955631121280129,1.657358603353534e-05,0.0044203142859536035
id05687,0.007492669520840544,0.061703381784735965,0.9308039486944235
id19713,0.9995602622679297,2.8311979156649083e-05,0.00041142575291371487
id18634,0.9606394679306649,0.0371234164958185,0.0022371155735166166
id18322,0.3109619132162271,0.06298674117770893,0.626051345606064
id25178,0.7147699700873995,0.01254883639832406,0.2726811935142765
id13911,0.007339900081937732,0.9857692021644555,0.006890897753606737
id02688,0.9231884948479513,0.03553134082865498,0.04128016432339372
id24097,0.9380951497737116,0.05341869173644852,0.008486158489839926
id05621,2.273620169257715e-07,0.9999929885980052,6.784039977902083e-06
id09435,0.02129942849261154,0.000881877610954602,0.9778186938964338
id22564,0.9982458657929969,0.0017484548309772158,5.679376025981966e-06
id26044,0.9819617355295388,0.002688299529079627,0.01534996494138152
id24724,0.08079462354176668,0.35383423016215587,0.5653711462960774
id13568,0.001654658764996764,0.00484191728457435,0.9935034239504289
id11196,0.9247828924916704,0.03182263870653072,0.04339446880179885
id04842,0.07561975583868663,0.002430180583121111,0.9219500635781922
id03445,0.9999793565807078,1.4054910206266758e-06,1.9237928271498953e-05
id08194,0.20758167730033344,0.0705169755163402,0.7219013471833263
id19747,0.683837447046172,0.00031131272531509456,0.31585124022851296
id06540,0.068640221744078,0.8252777751439774,0.10608200311194456
id13171,0.62840627665314,0.3714454229037701,0.00014830044308994584
id23807,1.7163777603376114e-05,1.0997711380284288e-08,0.9999828252246853
id12408,0.00017506739054986322,0.9996123061998377,0.00021262640961251615
id18388,0.00012405185472362184,7.050939629746948e-05,0.9998054387489789
id16219,4.6445250429960894e-05,1.29017799523832e-06,0.9999522645715748
id11022,0.9174163301523839,0.07780764466883638,0.0047760251787797746
id12514,0.5350275448020557,0.02947951562606152,0.43549293957188273
id07322,0.9999819010657213,1.714969675076242e-05,9.492375279274849e-07
id04600,0.006679241947826448,0.4799542367346492,0.5133665213175244
id15608,0.0005310220506940647,0.004117002072024708,0.9953519758772812
id19223,0.29864887104700477,0.006423448158918343,0.694927680794077
id18680,0.999882767073371,3.984728259619254e-08,0.0001171930793464626
id23359,0.7732652429898165,0.02436841682217015,0.20236634018801333
id07332,0.03302657677293424,0.9581714208367726,0.00880200239029313
id11424,0.049181132276141744,0.02241227141866732,0.928406596305191
id01916,0.18361350584287978,0.35077500169670767,0.4656114924604125
id23814,0.6467019862777871,0.15457463579194594,0.19872337793026704
id05821,0.008265688253821155,1.542789146889201e-05,0.99171888385471
id15471,0.9817166158114398,0.00018174328531723785,0.018101640903242965
id06742,5.443604293536256e-06,4.423603498243419e-06,0.9999901327922083
id16393,0.148227331186675,0.8384413948655354,0.01333127394778965
id14430,0.31378956429683674,0.0014723347967386727,0.6847381009064245
id15086,0.9986341326702746,0.0006735772657558426,0.0006922900639695438
id13673,0.8150274562534143,0.17151277546430058,0.01345976828228521
id11456,0.911130737601614,0.052975806211885836,0.035893456186500236
id08475,0.9227023885866568,0.0033102402419852494,0.07398737117135802
id02793,0.9402113195638808,0.002858241592821358,0.056930438843297904
id03576,0.9903310752516383,0.005913741432333633,0.003755183316028095
id10747,0.9984764286468912,0.0007390277753974104,0.0007845435777114224
id17875,5.539506973603904e-06,0.9999936517051822,8.087878442977867e-07
id20045,9.744054179016215e-10,0.9999999948994402,4.126154385673257e-09
id25448,0.6845469046554584,0.28011377673350774,0.035339318611033815
id11715,0.9995256420916192,1.4572452797413062e-08,0.0004743433359280474
id22739,0.013651680554532324,0.16050861800495686,0.8258397014405109
id07457,0.9994653419328363,0.0003859680386797094,0.00014869002848391137
id27357,0.9919450283523201,0.000182462797584779,0.007872508850094998
id01139,0.5580064339160443,0.43105325021896496,0.010940315864990774
id00407,0.032402449279971525,0.0009232819640619082,0.9666742687559666
id20956,0.9990588999684127,0.00010609156883745638,0.0008350084627498726
id13702,0.8923459207829963,0.008618737792516715,0.0990353414244869
id00327,0.9635629844060676,0.0008108056595779859,0.03562620993435444
id24372,0.003662809206433815,0.9961143025754332,0.00022288821813304298
id03983,0.10488348950205019,0.8940328106359117,0.0010836998620381687
id15264,0.0064462966698235575,0.9917831396377511,0.0017705636924253223
id09679,0.895944819993133,0.014818998536692891,0.08923618147017413
id20899,0.7320547818273061,0.03787835514991264,0.23006686302278123
id21494,0.000643684868374504,0.999028351268982,0.0003279638626435361
id02513,0.02231715145425941,0.9757994797695831,0.0018833687761575088
id21834,8.449848032931918e-05,8.548811651339258e-06,0.9999069527080193
id23463,0.005449619976910711,0.991896624012512,0.002653756010577257
id26529,0.8837890685630175,0.018405426518093133,0.09780550491888934
id22078,0.5654323982457011,0.13843208671076335,0.2961355150435356
id08063,0.0031970726472400975,0.9047749148435278,0.0920280125092321
id18690,0.00021986660958849333,0.9995475493465126,0.00023258404389890093
id03908,0.9997860232809059,6.339296960868661e-06,0.00020763742213314101
id00876,0.6677984838264622,0.10945004106621552,0.22275147510732232
id19633,0.9995841232316117,0.00012009877651406326,0.00029577799187423183
id23096,0.000158166012140761,9.720288398861627e-05,0.9997446311038707
id07547,0.0002723067063562089,0.9971412070675572,0.0025864862260866063
id10136,0.00016130981308357494,3.970288482737341e-06,0.9998347198984336
id22645,0.9999165343485336,6.693802103879766e-05,1.6527630427700907e-05
id27376,0.12216436902602522,0.005721760447238819,0.872113870526736
id26458,0.005410966802796067,0.991302688405577,0.0032863447916269147
id07617,2.2750548795048543e-05,0.9999752727459105,1.9767052944789882e-06
id11254,0.9920197072504,0.0005165171632909199,0.007463775586309077
id25871,5.653941528633478e-06,0.9999786250237743,1.572103469701372e-05
id26074,0.1496030691515501,0.847543786561161,0.002853144287288697
id24558,0.0036585566878997535,0.014638628681348763,0.9817028146307515
id26515,0.00011732698957124291,0.9998794439709959,3.2290394327849097e-06
id10532,0.10003812763083071,0.3522780400416381,0.5476838323275312
id24063,0.00014453006574606446,0.9996778385604888,0.00017763137376509785
id12872,0.012686628395399717,0.9743483243569577,0.012965047247642608
id23564,6.604825295380539e-06,0.9999923916760516,1.0034986531221367e-06
id20074,0.5554268816224939,0.12818605865499977,0.31638705972250647
id00703,0.9999937225425012,6.127109872275326e-06,1.5034762657210033e-07
id07178,0.9327660535561213,0.05333383290609244,0.013900113537786307
id00468,0.6154421642544408,0.35755798572589725,0.026999850019661913
id08647,0.7167438557053124,0.2795473527817233,0.0037087915129642166
id27338,0.84239808941728,0.0018912138517305488,0.15571069673098956
id14958,3.463593718257215e-05,9.043066373637475e-06,0.9999563209964438
id20954,0.8767881949816468,0.014435828052336511,0.10877597696601664
id04495,8.874464384009268e-05,0.9998432708897741,6.798446638580712e-05
id09676,0.06707276527815448,0.9320264737126558,0.0009007610091898418
id16643,0.9836565317116074,0.013729558634954639,0.0026139096534380205
id22018,0.26911577665878406,0.05453682909136275,0.6763473942498532
id09754,0.6771577119590202,0.31467144628008886,0.008170841760891022
id15184,0.8217022314217073,0.032866890251249586,0.1454308783270432
id06930,0.012569973927912472,0.0010372222633619626,0.9863928038087255
id19391,0.992540372864063,0.006710424038273786,0.0007492030976630968
id21111,0.0001335820196709,0.16063112353650055,0.8392352944438285
id19884,0.03690109704505727,0.01667041188279591,0.9464284910721468
id00356,0.007007583847749777,0.0034619244435839204,0.9895304917086662
id03227,0.9964512614343364,4.766862122989934e-06,0.003543971703540705
id24959,0.9527416709063179,0.03708820727932317,0.010170121814359001
id23792,0.923751202383552,1.9761777809491215e-05,0.07622903583863844
id15765,0.01807475689225517,0.003915091698542108,0.9780101514092028
id22342,0.3963208405219232,0.6027141144859304,0.000965044992146485
id21764,9.879556552278344e-06,0.9999899847972686,1.3564617902003178e-07
id08929,0.0028863182061957668,0.007667921032103426,0.9894457607617009
id10860,2.1115235899383003e-06,0.9995299833389918,0.0004679051374181995
id14842,0.0011150244493006488,2.5052902398105178e-05,0.9988599226483013
id14149,0.0001417940940743731,0.9994559712063565,0.00040223469956911115
id04850,0.9999793397315627,3.2337637963740818e-06,1.742650464097388e-05
id03697,0.0014487726803341437,0.9911005884343743,0.007450638885291482
id20031,8.383398418388751e-05,0.0008262121641339289,0.9990899538516822
id10148,0.9696205284056133,0.0301618186423122,0.00021765295207452041
id06233,0.0006354975444786306,0.00015463765633412288,0.9992098647991873
id17614,0.2031671467078304,0.14415028924377815,0.6526825640483915
id24548,0.9251038831411885,0.04705306479190308,0.027843052066908434
id04717,0.07902923749446183,0.8355576930474139,0.08541306945812435
id12557,0.0018034809517625612,0.9953641840987849,0.002832334949452584
id15563,0.9999212796685061,3.3116716011026524e-05,4.56036154828421e-05
id19414,1.2872046840192095e-07,0.9999998159626585,5.531687312387339e-08
id24538,0.4480232373170035,0.1776502311758689,0.3743265315071277
id20701,0.0010746193120906946,0.43734846675850947,0.5615769139293998
id16710,0.012801313292989688,0.9783586722179599,0.008840014489050425
id00190,0.6461233147560336,0.3519244617590759,0.0019522234848906091
id12066,0.9999324661542061,5.294105574631815e-05,1.4592790047652594e-05
id21743,0.014600086577974755,0.984801168294897,0.000598745127128324
id10746,0.11414367523722271,0.0041046387820839235,0.8817516859806933
id23032,5.994247325766668e-07,0.9999932582951404,6.1422801269188145e-06
id02466,0.8018105328996552,0.0978669033291029,0.10032256377124203
id27963,0.00011368683113911976,0.0003001173032722723,0.9995861958655886
id05550,0.7058994656563917,0.24300309074991033,0.05109744359369795
id07328,0.0034968247738594044,0.0005828792246367496,0.9959202960015039
id06158,0.9877030860591209,0.0006548815074484674,0.011642032433430656
id15690,0.00014482503395853657,6.948296303056343e-05,0.9997856920030109
id17960,0.06524085924070816,0.0007931598897241457,0.9339659808695677
id22487,0.9999053098443824,9.441018266496186e-05,2.7997295269370167e-07
id25435,0.0009590021010775495,8.159686252464274e-05,0.9989594010363978
id06988,0.0025533990318593494,0.0025690385401633924,0.9948775624279773
id19092,1.2812076998107287e-06,0.999998183650979,5.351413211993327e-07
id20677,0.9701999125008819,0.026768032480395453,0.0030320550187226576
id27009,0.6744148298608418,0.030673330992920772,0.29491183914623753
id14869,0.394912226810497,0.4684032851763209,0.13668448801318214
id06306,0.9877434120959431,0.011571558666637408,0.0006850292374196174
id13101,0.9981370899293623,6.911081758506955e-06,0.0018559989888792033
id25263,0.9745068065759193,0.00015070502673516535,0.025342488397345566
id01355,0.00010008325448976815,0.997134363642589,0.002765553102921268
id04460,0.02965777067860559,5.497038996665642e-05,0.9702872589314278
id08358,0.9943577323356768,0.005641946958927311,3.207053959630034e-07
id22714,0.005220623801436613,0.019932276030909673,0.9748471001676537
id19504,0.9792053249369803,0.006558549891197416,0.014236125171822331
id25736,0.08315745583682167,0.8238764599013186,0.09296608426185975
id24201,1.1805823566675888e-05,0.9999758172216356,1.2376954797709801e-05
id12920,0.9993633530026677,0.0006021961920145697,3.4450805317819744e-05
id12770,4.600038237243769e-05,0.9995619802731084,0.00039201934451916945
id20615,0.9997211417984517,0.0001078145453039458,0.0001710436562443581
id19427,9.397967210690525e-06,2.3279318627114072e-06,0.9999882741009266
id03006,0.9971145045645211,0.0006880034259447221,0.0021974920095341574
id00868,0.04618953278955992,0.004249318892192606,0.9495611483182474
id19695,0.1283230997909334,0.03393581348701221,0.8377410867220544
id06474,0.9994365835806807,6.249229420988701e-05,0.0005009241251094599
id11108,1.1608220508317774e-07,0.9999546565916662,4.522732612879366e-05
id01017,0.0038381619017430514,0.18356336356472194,0.8125984745335351
id10104,0.8448311924679477,0.003552704724587922,0.15161610280746446
id15930,0.999875767225427,2.3450731655299312e-05,0.00010078204291765154
id05883,0.0009762699204679078,0.0005541437858824016,0.9984695862936497
id10209,0.0020987064733071726,0.0001277171051664938,0.9977735764215264
id14868,0.510909050281528,0.012201498692637914,0.47688945102583413
id27617,0.9738340195203223,0.01696711643694968,0.009198864042728008
id14264,0.36216882391396404,0.0043290115905668305,0.6335021644954691
id07597,0.0038853660409678722,0.014255591920351097,0.981859042038681
id17732,0.9958177177565548,0.0010875471990072756,0.003094735044437935
id13859,0.9693570619363278,0.015526636365075949,0.015116301698596365
id14976,0.0009442193450212229,0.9988994849846341,0.00015629567034474538
id25226,0.05298245835793163,0.0024924157095348246,0.9445251259325336
id17268,0.16834368429275562,0.009312447216731875,0.8223438684905126
id14936,1.4148253181311433e-06,0.9999978979764035,6.871982784806016e-07
id18615,0.07915638816070063,0.9199995437978038,0.0008440680414956263
id26184,0.999905867366225,3.0917789079125644e-09,9.412954199604701e-05
id11495,0.11691575834550004,0.059269192510636975,0.8238150491438629
id05663,5.467958033340438e-05,0.00010213052197774476,0.9998431898976888
id10335,0.30307216184877095,0.23008868165098253,0.4668391565002465
id08480,0.8075413043980382,0.15041010831265103,0.042048587289310886
id21511,0.8246266771131349,0.13362436509429926,0.04174895779256591
id20988,0.9520814687226568,0.04415738359918148,0.003761147678161847
id19273,0.00016141674002272637,0.9996947319883319,0.00014385127164540006
id15420,0.569461464238067,0.014384120256231668,0.41615441550570137
id16016,4.1394629119786896e-05,0.999674884161098,0.0002837212097822434
id16084,0.003820601491391369,0.0019030742732517414,0.994276324235357
id27093,0.011764147698791133,0.00010832396432543947,0.9881275283368834
id24695,0.0011163146382290427,0.002786435554414837,0.9960972498073561
id03245,2.9962703412251798e-05,0.9992537163612922,0.0007163209352955086
id26358,0.003491264583762754,0.0015293800243072844,0.99497935539193
id17966,0.9933897880867101,0.004818583684458898,0.0017916282288310673
id26651,0.9925867519720355,0.005134848754274033,0.0022783992736903984
id17275,0.9999340109733025,3.5448459312801596e-05,3.0540567384728985e-05
id21720,0.6425817912388652,0.09101962493206946,0.2663985838290654
id22926,0.0018202308769956768,0.02454901250830453,0.9736307566146998
id12231,0.0008441902849545416,0.9989719928051295,0.00018381690991596498
id21026,0.0772521963340034,0.007223005395005645,0.915524798270991
id11675,0.02937285632553687,0.03315553236592804,0.9374716113085351
id21890,0.35308586119356455,0.0035709939175547103,0.6433431448888808
id04050,0.00021435138193056768,0.003353827369412087,0.9964318212486574
id24996,0.001575470082884439,0.019783289939185336,0.9786412399779302
id00025,0.0385520922561335,0.9614352460779848,1.2661665881657374e-05
id23916,9.918004786882019e-06,0.9999766308630578,1.3451132155304082e-05
id21254,0.6124082844784556,0.29779929612736056,0.08979241939418385
id13322,0.9893713708175136,0.009234828018302322,0.0013938011641841416
id23928,0.6235612756013127,0.003356055404935178,0.37308266899375214
id14748,0.0008233898148541351,0.0004160463269485758,0.9987605638581973
id26538,0.7813012083112254,0.010468203447849725,0.2082305882409249
id27759,0.0002947763088422912,6.926168793582881e-05,0.9996359620032219
id19661,0.9985086260188903,4.24505667630205e-09,0.001491369736053022
id17018,0.002584737341479646,0.0038861921037057325,0.9935290705548147
id05505,0.6705625878633324,0.3104706278246467,0.01896678431202086
id16155,0.6869565937875654,0.026585098895398,0.28645830731703664
id06274,0.004056656542651222,0.0006956290581378416,0.9952477143992109
id13832,0.7417498624256632,0.22152793622771777,0.03672220134661905
id14666,0.9511526035868023,0.044466129417584245,0.004381266995613487
id04489,0.24392173570250852,0.0003682472211589333,0.7557100170763326
id19140,0.9087635179254346,0.007825590607857941,0.08341089146670748
id14570,0.9415260356370757,0.002055787139202671,0.05641817722372168
id16079,0.9984874820497311,7.690364635561567e-05,0.0014356143039132377
id06866,0.11225575987317338,0.0028434766023759726,0.8849007635244507
id12730,0.1119357984531655,0.8880455895663546,1.8611980479960014e-05
id09257,0.00019232547321167896,1.3859302385179878e-05,0.9997938152244031
id02782,0.2080567278356197,0.016035111876212784,0.7759081602881674
id10412,0.9999999999437295,1.7827897700342997e-13,5.609233106560663e-11
id04988,1.0927333026950908e-05,0.9835734711858845,0.01641560148108861
id07728,0.9575824269352738,0.04078644544004997,0.0016311276246762174
id21947,0.9993248150239057,0.0006212749951297846,5.3909980964589325e-05
id27700,0.9759856101448424,0.0223433047903846,0.0016710850647729445
id18178,4.882419886590955e-05,0.9993263450270373,0.0006248307740967595
id25949,0.00618971795856347,0.9284776871601269,0.06533259488130955
id23008,0.002851417702879152,5.511109203239655e-05,0.9970934712050884
id09238,0.8376693761407806,0.005977394372824951,0.15635322948639443
id12943,0.0016675445291303532,0.9961170745582597,0.0022153809126100143
id02659,5.169195387753424e-07,0.9999367625760538,6.272050440745939e-05
id03648,0.9850506218682468,0.013483562931500624,0.0014658152002525716
id03954,0.989949146676036,0.0011964179031174317,0.008854435420846603
id07026,0.00024222446680649066,0.9980280202090325,0.001729755324161116
id14228,0.0001117100098383599,0.9988228971660141,0.001065392824147577
id22647,0.001049908256475097,0.01164278686037794,0.987307304883147
id23435,0.9688996759473038,0.030971880500896734,0.00012844355179954784
id08200,0.012453331838349508,0.9747320691558022,0.012814599005848326
id23257,0.004223995816383361,8.973360045409448e-05,0.9956862705831626
id02684,0.8809813382653411,0.026047865259997617,0.0929707964746613
id05186,0.9923127563166356,0.007367170857661219,0.00032007282570314694
id25261,0.7169432911147728,0.016764905683730007,0.26629180320149715
id24081,0.7515480718351727,0.1145668883645082,0.13388503980031918
id27087,0.9999970433421536,2.9437887379693375e-06,1.2869108471673404e-08
id03533,0.9819547354324195,0.004894625648165121,0.013150638919415373
id07998,0.8510912835613891,0.019955793514401306,0.12895292292420954
id01240,0.14686092958024655,0.8373834150384274,0.01575565538132608
id24927,0.004724719133368369,0.9951436596516295,0.00013162121500211212
id15752,0.43319468303789316,0.5038745234955091,0.06293079346659763
id26594,0.0001077350564013211,0.9998766549618271,1.560998177164477e-05
id20012,0.005346870486614312,0.0014759542877877678,0.9931771752255979
id15476,0.02441689783351511,0.7953997223099956,0.18018337985648938
id15624,0.9812799286022885,0.007973624761737075,0.0107464466359743
id02404,0.006599520130269337,0.9929594614796817,0.0004410183900489901
id21944,0.7635442527734194,0.0036824187200812774,0.23277332850649934
id24442,0.582492293582402,0.2917105726512428,0.12579713376635523
id26490,0.12469903073526518,0.0048208077617938674,0.8704801615029409
id21897,0.9972617150411529,0.00039014687856855234,0.002348138080278569
id05575,0.48380140305059943,0.05758885122583676,0.4586097457235639
id01874,0.0005920149497855831,0.9989423104293417,0.0004656746208727187
id26617,0.9551400152517309,0.02888637358530927,0.015973611162959908
id13079,0.08339940906329976,0.006691435172177848,0.9099091557645224
id02068,0.575120097072999,0.16667440977873615,0.2582054931482648
id27872,0.9997126073589361,0.00022208296877097852,6.530967229292609e-05
id08814,0.507481591127742,0.037141687714283174,0.45537672115797484
id12841,0.21100253935237204,0.6488140547751642,0.14018340587246383
id06716,0.8906973404731288,0.06531425006189778,0.04398840946497347
id10115,0.4025273574016172,0.0004433230012280442,0.5970293195971548
id16121,0.2429584607032841,0.7541515674131035,0.0028899718836123823
id00985,0.8560629368714562,0.013753882626726784,0.13018318050181701
id06063,0.010082392478694519,0.9885878584424851,0.0013297490788204598
id22076,0.019545932311111163,0.0010207126586363829,0.9794333550302524
id27589,0.011352641926979733,0.969926405816422,0.018720952256598308
id18996,0.0015945869359611374,0.9982522733840108,0.0001531396800280239
id05801,0.0005041583985017801,6.423894399993997e-06,0.9994894177070982
id06880,0.018321541396206446,0.04302890332522442,0.9386495552785692
id25746,0.9989547971194335,1.8802722493171827e-05,0.0010264001580733372
id02569,0.9643541454464105,0.006675059598728353,0.02897079495486112
id23368,0.0004287145894310987,2.6451953915053953e-05,0.9995448334566538
id23186,0.44987408290951836,0.026594448689634752,0.523531468400847
id07484,0.029015564886440703,0.4696067296867985,0.5013777054267607
id06951,0.0004121201645438777,0.9995854454871579,2.4343482983285952e-06
id23972,0.24765965794734193,0.002325283849988484,0.7500150582026696
id25997,0.997008371548805,0.0029717032758534226,1.9925175341648332e-05
id10863,0.8412235195628253,0.08206359097466742,0.07671288946250729
id25454,0.9924663984926866,0.007525543988661794,8.05751865167363e-06
id09071,0.00013449538968943994,0.9998520557492726,1.3448861037936679e-05
id15125,0.0004547500618345702,0.9989503918026946,0.0005948581354708231
id22672,0.09195560774689056,0.004621314478534325,0.9034230777745752
id27813,0.006250909320950545,0.00011548480103200427,0.9936336058780175
id03960,0.3548409956802481,0.03409176970703574,0.6110672346127162
id11526,0.0032360021070139376,0.9964578883878568,0.00030610950512929407
id07872,0.572967702962052,0.049908329911735196,0.3771239671262128
id09497,0.9619234584655507,0.008591242040891851,0.02948529949355741
id24222,5.24746198713518e-05,0.9926085708686302,0.007338954511498422
id04272,0.7780629034436082,0.0020101987650459163,0.2199268977913459
id02938,0.021746897702983815,0.8657455722419529,0.1125075300550633
id00269,0.04192644244023143,0.28690423699395445,0.6711693205658141
id14925,0.01942137080188617,0.0008159521899129282,0.9797626770082009
id17843,0.04640330887364326,0.009640501983859899,0.9439561891424969
id20327,0.9562014146367246,0.039546916416691474,0.0042516689465838895
id13986,0.5499251337181211,0.0025393891213073127,0.44753547716057157
id21777,0.42723229412875763,0.2692642482581515,0.30350345761309083
id16285,0.06769979969432725,0.9281965963906119,0.004103603915060805
id12045,0.997323174273707,0.002493726862120645,0.0001830988641723315
id06237,0.8622025128067964,0.02231569519663553,0.11548179199656808
id20483,1.3720681277974814e-07,3.621643634094281e-08,0.9999998265767509
id21708,0.9875151533697833,0.009343931691736146,0.003140914938480465
id05422,0.63561415022021,0.020276966477669304,0.3441088833021208
id14544,0.9901547304450197,0.007661793114223383,0.0021834764407569042
id07488,0.05258414151399611,0.9428843452417505,0.004531513244253417
id19353,3.377878823466195e-05,0.9999657187104787,5.025012867352677e-07
id16174,5.879860760165413e-06,0.00011075105020945814,0.9998833690890304
id21765,0.03043883531053318,0.00011635296156817349,0.9694448117278988
id21583,0.0026520570753418714,0.995916960662843,0.0014309822618151719
id11740,0.7369809564809205,0.009106634907918854,0.25391240861116054
id23396,0.8820658449400871,0.016429039172665177,0.10150511588724773
id16511,0.7802211233497972,0.18957405757807222,0.03020481907213063
id11598,0.9838792730412415,0.007118289080760585,0.009002437877997961
id02804,0.48994064698789647,0.05682261956213868,0.4532367334499649
id07123,0.5230080946534824,0.28448363696421547,0.1925082683823022
id13092,0.20560525149094883,0.741499028673278,0.052895719835773194
id13271,0.005123827760869783,0.994375479135307,0.0005006931038231301
id06272,2.369538281547134e-05,1.422661468944874e-06,0.9999748819557156
id06694,0.453103647155978,0.09414849378340281,0.4527478590606192
id04330,0.9239180503047977,0.040818594656526166,0.035263355038676225
id20492,8.95840642892895e-09,0.9999742393676662,2.5751673927380936e-05
id14774,0.10807021590615469,0.8902304261583491,0.0016993579354961485
id02457,0.01675816200340344,0.9827267257448917,0.0005151122517048423
id09725,0.13836480453432912,0.8578505648341246,0.003784630631546398
id17116,0.053498501306638274,0.9392788800219627,0.007222618671399107
id04106,0.43635564346207234,0.45579888085503095,0.10784547568289667
id00557,0.9348925139751552,0.033358005579532925,0.03174948044531189
id04683,0.00020372017872928575,3.7070199964754654e-06,0.9997925728012742
id12081,0.7291045344297428,0.05489399143479643,0.2160014741354608
id22575,0.0005442972180522185,0.9994506652534668,5.037528480969406e-06
id05602,0.9418011565408616,0.00023457463439081555,0.05796426882474762
id21532,0.985276369409523,0.01428461034749719,0.000439020242979826
id14584,0.8552795983014653,0.13016010802209943,0.014560293676435326
id20301,0.8604853329345129,0.0019176820462882673,0.13759698501919887
id15251,0.9025776356174429,0.09698786976390868,0.00043449461864853133
id20270,0.0012712536247579532,0.9986955687277791,3.3177647462926004e-05
id04738,0.8066131490624618,0.0021998569960138712,0.19118699394152427
id17962,0.030349273713507558,2.927599926655331e-06,0.9696477986865658
id05003,0.00118848099797878,0.0002143669773399009,0.9985971520246814
id23576,0.9995573660976099,4.795749292733441e-05,0.0003946764094627565
id25745,0.006431253364355396,0.9597543242637019,0.0338144223719428
id17062,0.9857462629287083,0.0019894048836121073,0.012264332187679671
id27507,0.026307728213096897,0.035171665767983216,0.9385206060189198
id23898,0.99924822672911,6.313714196058256e-05,0.0006886361289294653
id15929,4.491640235936589e-05,0.9999007700201344,5.431357750619178e-05
id21330,0.7042436209663341,0.007540494922520928,0.28821588411114496
id24990,0.9959560826161336,1.6340144991715624e-05,0.004027577238874728
id24185,0.029775083414288053,0.0023524087489227774,0.9678725078367892
id20455,0.9807396743319956,0.002629996735119753,0.016630328932884644
id27952,0.5701970570055472,0.04541184364447597,0.3843910993499769
id20592,0.7561454024442498,2.5171327932676263e-05,0.24382942622781753
id20616,0.5366715550896167,0.16887332509443936,0.2944551198159439
id20591,0.020801299511466014,6.970485561252748e-05,0.9791289956329214
id14177,0.22889079933988568,0.31696618949194744,0.4541430111681669
id02169,0.9988098183232595,0.0005335503884499747,0.0006566312882905408
id09818,0.01478810995936117,2.2317708355947385e-05,0.9851895723322829
id26864,0.03093880227983781,0.9645724195122896,0.004488778207872664
id12388,0.02247547278020198,0.9619875875889307,0.015536939630867344
id11038,0.977081894661768,0.0031657156521114568,0.01975238968612063
id12061,0.9997273239316405,0.0002704567529802425,2.2193153792161726e-06
id04018,0.2667651691835277,0.00592992573945982,0.7273049050770125
id12405,0.49525376136384347,0.3052025188791302,0.19954371975702645
id01878,0.4518656021761866,0.011896630525601444,0.536237767298212
id18897,0.005536814588527064,0.9943595807681297,0.00010360464334320592
id22682,0.11823276021962051,0.8812757761951182,0.0004914635852612747
id27115,1.3481331969743848e-07,0.9999998631063179,2.0803623410540904e-09
id05234,0.8433211930957231,0.04477430362212743,0.11190450328214951
id23726,0.9999987237763852,6.332362719494065e-07,6.429873428114273e-07
id22075,6.180952284431029e-05,0.999921828933562,1.6361543593778617e-05
id27216,0.999901824325555,1.1166388258439048e-05,8.700928618665004e-05
id07109,0.008133595708116842,0.9918118974057367,5.4506886146356593e-05
id21292,0.587576331590369,0.2460148880992007,0.1664087803104303
id04158,3.4267445046170044e-05,0.0028659244972341663,0.9970998080577197
id10534,0.9881666108741596,0.002919758716047154,0.008913630409793363
id10989,0.8867161369093806,0.10076006078466865,0.012523802305950857
id17817,0.0007424330395922516,6.91111848636925e-05,0.999188455775544
id14617,1.5286359018996965e-05,0.9991964819556304,0.000788231685350608
id01978,0.9899978033076626,0.0008837754959396862,0.009118421196397681
id14202,0.007455048194583639,0.00014980919077242841,0.9923951426146439
id12332,0.03897162519887036,0.00020426613792633811,0.9608241086632033
id03649,2.631282108433454e-07,0.9999946904566135,5.046415175668394e-06
id21830,0.9033350129199097,0.033781444419567694,0.06288354266052268
id11278,0.536432602933083,0.4608462636783678,0.002721133388549153
id22343,0.9999995922408736,6.377642026943326e-08,3.4398270610848995e-07
id08160,0.9993336323809175,1.249841783554104e-05,0.0006538692012469342
id10506,0.3144627256859402,0.5887996642138237,0.09673761010023607
id01006,0.6760099889341474,0.08897737214231581,0.23501263892353674
id07000,0.002416017206539242,0.9967073822158036,0.0008766005776572408
id15958,0.027691527719059708,0.0004923343532338229,0.9718161379277065
id27256,0.9059251257026625,0.08875903491087016,0.0053158393864673964
id00072,0.7758864382748613,1.313556300111928e-06,0.22411224816883865
id08562,0.2942976894304909,0.03248735680332489,0.6732149537661842
id24309,0.006837841099572362,0.004224006671030392,0.9889381522293973
id07355,0.16242690944188493,0.8369313677169044,0.0006417228412107996
id18604,6.753569749384784e-06,3.034061601171058e-07,0.9999929430240906
id04076,0.865904703372629,0.12867890688040565,0.005416389746965358
id26925,5.948763844871631e-05,0.9960226228724861,0.003917889489065141
id14852,0.9964799931155397,0.003246477282063261,0.00027352960239701097
id05584,0.48192315322407325,0.009660784298046005,0.5084160624778807
id22864,0.013935623084120368,0.9844546561149624,0.0016097208009172455
id05507,0.9999999531937098,1.9986135006058096e-09,4.480767668716978e-08
id11434,0.0013483609723986174,0.9962535488297949,0.002398090197806486
id08324,0.011978383244260008,0.9583453177127724,0.029676299042967563
id23117,0.005944239623095858,0.9934974523001292,0.0005583080767749551
id16296,0.9960585471310067,1.892588581086091e-05,0.003922526983182375
id18924,0.1272907491119002,0.8446531980557545,0.028056052832345375
id15909,0.9721291444443951,0.008462939172130974,0.01940791638347402
id25338,0.9173970812905465,2.681285371417768e-05,0.08257610585573931
id25981,0.9910120579609415,0.0030448481791975415,0.005943093859860964
id14670,0.9903198373367735,0.0031557460437138755,0.006524416619512651
id12396,0.00037556529647776867,0.999338546390233,0.00028588831328924186
id19277,0.0004231365467735581,0.00010331089018456727,0.9994735525630418
id24809,0.20036356116110682,0.5910904221116084,0.20854601672728473
id20846,0.025636887037173314,0.0002466025221795817,0.9741165104406471
id11040,0.9849982606296201,0.0038198229484615784,0.011181916421918233
id06094,0.9898743089782356,0.008426588086574519,0.0016991029351898922
id22795,0.006306158533028536,0.9921278810621157,0.0015659604048558135
id04747,0.015488367776124095,0.010938885120770013,0.9735727471031059
id05432,0.0007041688776616345,4.5051235878866365e-05,0.9992507798864595
id25198,0.9998632848464815,9.879324313925512e-05,3.79219103792707e-05
id00592,0.9997309663110158,7.143561885672647e-05,0.00019759807012756272
id13221,7.709072610749879e-12,0.9999999999922149,7.606292032132653e-14
id23301,0.4768914540676794,0.0690347044218786,0.4540738415104419
id21781,0.013997691952718981,0.00027143288698134135,0.9857308751602998
id00642,3.325766450835555e-09,0.9999995139261068,4.827481268339911e-07
id12760,0.1474345530255395,0.029791494953154623,0.8227739520213059
id13666,0.06304564400300307,0.0009516554564972172,0.9360027005404997
id04997,0.7498831671929945,0.11191147730372299,0.13820535550328258
id21906,0.09365539084422238,0.426896622934104,0.47944798622167356
id26072,0.00383845604788287,0.9959071310124966,0.00025441293962044013
id19004,0.005846793520483179,6.661119245154007e-05,0.9940865952870653
id11638,0.0008078400679871036,0.003499808744916314,0.9956923511870966
id01941,0.8561570559784777,0.11306870600446399,0.03077423801705837
id18590,0.9657804337289677,0.021175083176998122,0.013044483094034155
id01856,0.00910513785434466,0.989900188888141,0.000994673257514395
id04469,0.915188683408638,0.0023828217780383905,0.08242849481332361
id11732,0.07743646321501352,0.006669645888350561,0.915893890896636
id06824,0.0002305121007850751,0.048575915548747926,0.9511935723504671
id11941,2.110206954597708e-05,0.9999704131368408,8.484793613248997e-06
id06786,0.973107432277831,0.0032105193394674166,0.023682048382701625
id22028,0.0057060913102820465,1.1566275979254454e-08,0.9942938971234421
id14323,0.016226192688133984,0.006901647792635299,0.9768721595192308
id11134,0.0006239542508365103,0.9988222660436732,0.0005537797054902762
id09894,0.999800866944381,4.014252855431252e-05,0.00015899052706479268
id19046,0.4556508043217237,0.0005050001992176233,0.5438441954790587
id26307,1.1636977564882883e-06,0.9999985718112665,2.6449097695927604e-07
id22554,0.00014637321016727797,5.701691958467104e-06,0.9998479250978742
id16042,0.00843524205677254,0.918682890437371,0.07288186750585658
id19948,0.9998141529177607,4.518909831727413e-06,0.0001813281724076128
id02019,1.591830991887957e-05,0.999910109600269,7.397208981210915e-05
id02727,0.967234728391315,0.01431790783458895,0.018447363774096087
id08679,0.012326179560956262,0.008476760934562818,0.9791970595044809
id27436,0.20648496938184696,0.011159595264116322,0.7823554353540367
id07161,0.966078726644819,0.02643735302506215,0.007483920330118925
id11869,9.155509961571096e-05,0.9997889493899743,0.00011949551040997554
id00076,0.08433554654733064,0.007772487707461115,0.9078919657452084
id00586,0.08329526112537272,0.8086428125344117,0.1080619263402156
id14423,0.08594014650100719,0.18120971351438492,0.7328501399846079
id25611,0.0031460255626198307,0.99481823584286,0.002035738594520242
id13872,0.6200173750633291,0.0631361948848967,0.3168464300517741
id08102,0.004441299130876977,0.9955154087592297,4.329210989327711e-05
id03475,0.704279004310675,0.2749816469035719,0.02073934878575303
id07569,0.07656708216711611,0.0029492147821724153,0.9204837030507116
id04616,0.9994859324051842,0.0002513573652967573,0.0002627102295189126
id07266,0.9999330736446514,5.9311175111821956e-05,7.6151802367889776e-06
id16104,0.7490534908240025,0.08611423805937857,0.16483227111661886
id05031,0.332189483097785,0.2264245084899622,0.4413860084122528
id12290,0.996517145868753,0.001840510146874563,0.0016423439843724146
id26428,0.2551781721021328,0.7072752111859786,0.03754661671188865
id07837,0.00013128097732887712,2.039786986572228e-07,0.9998685150439725
id19918,0.01434424706209367,0.984606929928672,0.0010488230092342754
id13067,0.3459698444583821,0.21998642357295128,0.4340437319686667
id11540,0.0034655164511085174,0.9929828426825279,0.003551640866363691
id17215,0.6894965053313757,0.019286389742853405,0.29121710492577085
id01745,0.0006229737161782899,9.378330661044617e-06,0.9993676479531607
id00617,0.9009011885459669,5.820541562608666e-06,0.09909299091247054
id02879,0.0035776546752342097,0.005236921067211605,0.9911854242575543
id22811,0.9717647408462265,0.0012557617304681907,0.026979497423305247
id17744,1.3803275651312527e-07,0.9999992681718415,5.937954019254108e-07
id04341,0.0471470448864609,0.9528351451054083,1.7810008130685714e-05
id08690,0.9978416570504417,3.5505739311204417e-06,0.002154792375627216
id11565,0.9989647561587335,7.950063341681333e-06,0.0010272937779248687
id09634,0.0064051903439602785,0.00023620655672969913,0.9933586030993101
id15427,0.9922228415177564,0.007384778545680208,0.00039237993656335074
id11484,0.035763714155960455,0.0003680243702641319,0.9638682614737755
id26859,0.999898465188948,9.22652902793793e-05,9.269520772669443e-06
id02880,0.7331778912978427,0.15179114773388322,0.11503096096827416
id21584,0.04295684456438397,0.003928232474654523,0.9531149229609616
id14918,0.9968279755594001,0.0005107993790289608,0.002661225061570984
id20117,0.014716965330595957,0.9839612330371497,0.001321801632254364
id17002,0.011411147819442803,0.005274682103581309,0.983314170076976
id13158,0.010199511274419959,0.02920920210783103,0.9605912866177491
id11457,0.2905852601709283,0.053758074584983,0.6556566652440887
id22103,0.9993452036216983,0.000631113740534596,2.3682637767156823e-05
id27529,0.0001276390932855186,0.00027014266813753056,0.999602218238577
id25918,0.044142418772730806,0.9455743789871299,0.01028320224013923
id24611,0.04274699196990399,0.956306457392612,0.000946550637484032
id13996,0.003457125947771085,0.9769604515159315,0.019582422536297533
id05259,0.6050863225706861,0.005252570798079801,0.38966110663123404
id13593,0.0019756168821547663,6.134828336856267e-05,0.9979630348344767
id18017,0.491631718388374,0.021532223966141274,0.4868360576454847
id04960,0.1388109001453953,0.7098170241807792,0.15137207567382555
id13758,0.0042099271088939004,0.016094839769404314,0.9796952331217018
id04492,0.9537719563416069,0.00010160433595836291,0.04612643932243469
id05023,7.270969210319967e-07,1.7463701260645085e-08,0.9999992554393777
id05950,0.8830121719452374,0.0001980487780258323,0.1167897792767368
id11006,0.9933159851148684,0.0002233268427581619,0.006460688042373394
id09643,0.10406572108177115,0.08961038497718932,0.8063238939410395
id06055,0.0003849939487083905,1.6067582951319348e-05,0.9995989384683404
id17368,0.00028876785390317375,0.5739480189939974,0.4257632131520995
id14176,0.005834581612185891,0.03292235120934509,0.961243067178469
id27198,0.016319072199351983,0.022362557190673104,0.9613183706099749
id05649,0.9957211039767224,0.0033594392571082996,0.0009194567661692126
id25189,0.9999674696267318,2.73487082126218e-05,5.181665055581288e-06
id05589,0.7514854685962585,0.24241681950621205,0.006097711897529486
id08042,0.9985713441033917,0.0012929925474517328,0.00013566334915656846
id13680,0.012714339874991083,0.12241083630053735,0.8648748238244716
id07827,0.0033009430482408824,1.5361666025525544e-05,0.9966836952857336
id18530,0.9996401322055196,0.00031366417671546156,4.62036177650261e-05
id08813,0.046551623648212026,0.638916814086101,0.314531562265687
id05914,0.1271805504349677,0.004229331693173565,0.8685901178718588
id00488,0.6819975766408121,0.26394135593460805,0.05406106742457981
id03668,0.9375907353706269,0.005410337666760689,0.0569989269626124
id24088,9.553633594571121e-06,0.9999806562268445,9.790139560882608e-06
id02988,0.41328167314017306,0.5691500466196544,0.017568280240172512
id20364,0.9958580081232993,0.004094976012323523,4.701586437719064e-05
id16851,0.043625900582523004,0.018638027365794084,0.937736072051683
id20843,0.9977842786845258,2.4896362516791253e-06,0.0022132316792226048
id27424,0.9128123933999206,0.0026811796068939575,0.08450642699318549
id06862,0.9958848791310355,0.0031930912116244175,0.0009220296573400896
id19411,9.1561325164382e-09,0.9999999879239516,2.919915892065014e-09
id23789,0.970267518091746,4.7790864829895385e-11,0.02973248186046316
id23545,1.4963365976478274e-06,0.9999984519632542,5.170014815613464e-08
id05639,0.03662740892390339,0.0017797837663506397,0.961592807309746
id07046,0.0325015491023904,0.9453237019981555,0.022174748899454148
id23634,0.9956306433430352,1.5066961360106677e-05,0.004354289695604748
id05799,0.015005731383468281,0.02163353075608656,0.9633607378604452
id19418,0.02690245179281955,0.0008398232762116282,0.9722577249309688
id21189,0.00026315919766128025,0.9987773329088674,0.0009595078934713539
id22281,0.9996235633793732,0.0001266667920025058,0.0002497698286243409
id16127,0.29487868647737864,0.4475903574959124,0.25753095602670906
id05867,0.8618094118351963,0.020288342650196984,0.11790224551460671
id01211,0.00047939936181814764,0.9995204816863158,1.1895186604970614e-07
id10078,5.037926060992767e-05,0.0008738525408339857,0.999075768198556
id17157,0.9999999446997934,5.4233280132524316e-08,1.0669265638206314e-09
id23293,0.6039570976196861,0.15631600308404334,0.23972689929627064
id03589,0.9723407500958844,3.461517792507308e-05,0.02762463472619055
id03387,0.00577618795826381,0.012369319155682155,0.9818544928860541
id21470,0.9921955698943826,0.005211000503774201,0.0025934296018431864
id22763,0.053113332339719245,0.023338785704171954,0.9235478819561088
id02601,0.04486955675966189,0.9376499603422267,0.017480482898111483
id09923,0.5048566523322161,0.3979894668420805,0.09715388082570343
id05935,1.407348697443531e-07,0.9999970566328124,2.8026323179421495e-06
id14296,0.0010896406275925268,0.0005351671395741499,0.9983751922328333
id04605,0.9947574777462296,0.005065675919914058,0.00017684633385636823
id08167,2.790122024061646e-05,1.994201943159289e-06,0.9999701045778162
id12659,0.9486115329727665,0.024043361920952903,0.02734510510628069
id21553,0.9130885445758911,0.08368808491654263,0.0032233705075662786
id13510,0.0003332375237888505,0.995599959839273,0.004066802636938164
id04734,0.0004862531646412412,0.013219029764311354,0.9862947170710474
id17689,0.0005067134667158929,1.685509220371595e-06,0.9994916010240638
id08148,0.46990459816083685,0.4962027296053773,0.03389267223378569
id14908,0.0014365502514336848,0.9984847239495303,7.872579903608635e-05
id17238,0.011208979644039347,0.9820104884067006,0.006780531949260075
id27146,0.0019069581909760692,3.2814769323242967e-06,0.9980897603320916
id16670,0.9916639915599299,0.004037028613870206,0.004298979826199859
id12023,0.6179038915091992,0.3390289133358343,0.04306719515496652
id18129,0.5331279349096789,0.00259352383022195,0.4642785412600991
id07365,0.0020762359954351844,0.9963971695908458,0.0015265944137190096
id03073,0.07226705387520191,0.22485125263079353,0.7028816934940046
id14824,0.00012317673003389647,0.9998038311390092,7.29921309569355e-05
id26339,0.725409569708678,0.272778134564898,0.001812295726424053
id16562,0.005030020850996324,0.9942557610671168,0.0007142180818869074
id22182,5.6851935955882576e-05,0.999867707362626,7.544070141816603e-05
id27892,0.7910143007676375,0.01654151641639265,0.19244418281596984
id23713,0.9083644632952833,0.07082967015598392,0.020805866548732822
id00214,0.9806507462950534,0.00033528650602070067,0.019013967198925924
id21698,0.00018482128313837006,0.0018802992444115361,0.9979348794724502
id17685,0.035188344457820965,0.024417535018027372,0.9403941205241517
id24848,0.9674106775072794,0.001363807210373543,0.031225515282347027
id01544,0.9448298970318049,0.04283214903630114,0.012337953931893953
id12344,0.004291025154366918,0.8615838773883542,0.1341250974572789
id00513,0.9530130282500715,3.930046874449478e-09,0.04698696781988166
id19448,0.9913346226143572,0.005346065441706954,0.003319311943935815
id11942,0.7498544912538087,0.10104026548223484,0.14910524326395644
id16370,0.11390301102554835,0.8858671329136744,0.0002298560607773096
id06508,0.006541620520881086,0.0006966597539042723,0.9927617197252147
id20829,0.01385597136467442,0.9415867651468101,0.044557263488515506
id27450,0.9999912186157902,4.163203603007396e-06,4.618180606788194e-06
id07362,0.15495674740217508,0.30910674096747054,0.5359365116303545
id15120,0.5870183309972883,0.18134530246473599,0.23163636653797565
id10568,0.9986414857222902,0.0007445913528777574,0.0006139229248320933
id09623,0.9532066588497569,0.03361262035689648,0.013180720793346621
id06139,0.3821717944900915,0.6174368053093281,0.00039140020058049056
id24022,0.6848770061553248,0.0050382682415206475,0.31008472560315464
id02108,0.9999952406431928,2.5463454899737485e-06,2.213011317205115e-06
id14950,0.004884329011240195,0.0008659956313260255,0.9942496753574338
id01142,0.005694707611638975,0.000638137632977117,0.9936671547553839
id15655,0.9550126992834153,0.001646769033117393,0.04334053168346735
id13975,0.0041401960717857116,0.9958569179856164,2.8859425979770144e-06
id00160,0.005990458482669731,0.9920792450040492,0.0019302965132811114
id08273,0.046272710854677594,0.0010469012927433973,0.952680387852579
id13642,0.034276795856873814,0.0001372630330785023,0.9655859411100477
id25452,0.5255740491764428,0.37917116418695074,0.09525478663660648
id24806,0.8874555946242674,0.033396611253558674,0.07914779412217399
id20664,0.0008749412029066552,0.018045389328678635,0.9810796694684147
id13359,0.08230216131419966,0.9128603859973082,0.004837452688492114
id24579,0.9577135546309783,0.03764820598945189,0.004638239379569918
id23389,0.9967825936040848,0.0010551064035593401,0.0021622999923558424
id06502,0.161638047888472,0.0073099745649002085,0.8310519775466279
id03083,0.9975223868919705,0.0008656572560998737,0.0016119558519296863
id01694,0.39235644891946325,0.005657125008266806,0.6019864260722699
id21872,0.07500204474712957,0.7226026703348021,0.20239528491806838
id01860,4.578476054164727e-05,2.759120555895799e-06,0.9999514561189025
id18127,0.8624676495704452,0.07644613401737363,0.06108621641218119
id01490,6.3867090803891e-06,1.7830230719776615e-08,0.999993595460689
id00183,0.9692295467981296,0.024646381874165832,0.006124071327704759
id15458,0.38256221171925314,0.09095311086997551,0.5264846774107713
id04289,0.9560582451082,0.036621893420050185,0.007319861471749789
id02129,0.11657401997223492,0.006182855276714944,0.8772431247510502
id10271,0.9859994524967421,0.0014546637675527318,0.012545883735705098
id02982,0.04353794197239479,0.930587402540602,0.025874655487003195
id15036,0.0015295639291291873,0.9984589683500209,1.1467720849909248e-05
id15854,0.9997268293445531,0.0001984353350987607,7.473532034802456e-05
id10252,0.0013145587785737905,0.007853151496127204,0.990832289725299
id24359,0.0002459590748711467,0.007082304874890968,0.992671736050238
id18620,0.00011011197646261826,0.9998897302469666,1.5777657090676444e-07
id25768,2.1690470758989866e-05,2.835691157760319e-06,0.9999754738380833
id16604,0.9374517573844589,0.05693251203678285,0.005615730578758357
id24942,0.7660454148632203,0.0005136111723132865,0.23344097396446645
id12989,1.774009229404517e-05,0.9999624416807432,1.9818226962724106e-05
id13841,0.9955920157791328,0.0005059632834396455,0.003902020937427503
id15481,0.036433171601290004,0.0015630152090442375,0.9620038131896658
id10600,0.004800460997788637,0.0004018199486450891,0.9947977190535663
id18528,0.5722933112648323,0.07678975500692845,0.35091693372823923
id16465,0.005564993202243395,0.994037593959673,0.00039741283808368506
id14204,0.001067168170013876,0.9977339279190421,0.0011989039109439696
id05924,0.8938870494139587,0.08188637897658148,0.024226571609459874
id16756,3.8209600034635605e-05,0.0004705765581139471,0.9994912138418515
id01167,0.7223313257179601,0.0014210988181164053,0.2762475754639235
id27624,0.0027913731811597493,0.9968759168388315,0.00033270998000876635
id13724,0.33912425181221334,0.0028337075279332284,0.6580420406598535
id03677,0.9976585442661856,8.121652355835339e-05,0.0022602392102561305
id26463,0.2927729650924016,0.3042820122689702,0.40294502263862814
id15623,0.47896867717237857,0.003623572189507107,0.5174077506381143
id26379,0.006717098492111902,0.00014170244900224492,0.9931411990588859
id25294,0.0009232197817534064,0.00010219246780368836,0.998974587750443
id04100,0.01993522525729546,0.03090175137970051,0.9491630233630041
id23831,0.9255478668965761,0.018354684558609162,0.056097448544814806
id17334,0.9990813749050076,0.0009014084220081315,1.7216672984345574e-05
id19506,0.00019509578157090964,0.0001321135993713385,0.9996727906190578
id18629,0.9277911444627363,0.0638109585994328,0.00839789693783101
id09105,0.0030451496749003886,0.0009232197411552142,0.9960316305839444
id27735,0.8616202705576206,0.13018550158417797,0.008194227858201428
id22840,0.9559491266476895,0.0012219350764765898,0.042828938275833846
id01465,0.2604503613094093,0.04210411148629186,0.6974455272042989
id27750,0.842003839932867,0.01618418482846429,0.14181197523866873
id20421,8.249672454327957e-07,5.3041036172392e-10,0.9999991745023442
id23826,0.9893336990467423,0.007860569598030767,0.002805731355226957
id23219,0.5563622765277185,0.1638691035862371,0.2797686198860444
id06442,0.0003253832312034931,2.4072123156869647e-05,0.9996505446456396
id07847,0.9993733519291687,0.0002868275137008528,0.00033982055713040063
id16995,0.5593687302894963,0.394439010370201,0.046192259340302695
id07626,0.016035590372822397,0.8008180347918924,0.18314637483528518
id21920,0.00238591391117245,0.9975870491927424,2.7036896085036498e-05
id22340,0.8339259073807701,0.16383734056351312,0.002236752055716669
id22108,0.9911184311456547,3.371413931909066e-05,0.008847854715026235
id25661,0.9462599608317468,0.04397713420471481,0.00976290496353842
id16284,0.4332205709653781,0.013359380990283422,0.5534200480443385
id19900,0.97387055488071,0.015695597390163425,0.010433847729126568
id20864,0.9992521549432918,2.464252437555388e-06,0.0007453808042707093
id26099,0.7680580008649851,0.22926390831155,0.0026780908234649062
id00333,0.4749511252649681,0.04017553123362836,0.48487334350140354
id27278,0.012114317217769774,0.9812461430696511,0.006639539712579149
id16758,0.0026414236978427688,0.997190347147972,0.00016822915418521277
id25660,0.8441412161725367,0.0855267334068417,0.0703320504206216
id05146,0.382416703816653,0.013727322838644609,0.6038559733447024
id24812,0.027218230402039845,0.0038482689863144405,0.9689335006116457
id12003,0.9564044870182382,0.00935826378111797,0.03423724920064389
id04569,0.037599484052494685,0.8940089938912472,0.06839152205625819
id08269,0.6758292676790069,0.1912893905155542,0.13288134180543898
id06080,0.9957943634448587,0.0010453547769776741,0.00316028177816359
id09782,0.024698904275123123,0.9752284022870018,7.269343787516659e-05
id19722,0.00044136463328333563,0.9995583565000304,2.788666862565837e-07
id02781,0.0009888344084248797,0.004878184655026319,0.9941329809365488
id13385,0.984953525157755,0.0001004240141440626,0.01494605082810095
id24676,0.3405000951526807,0.08549819831804695,0.5740017065292723
id07628,0.8502562091170363,0.10715160979147617,0.04259218109148757
id19363,0.015010249682419938,0.010773983894326744,0.9742157664232534
id27392,0.9990081630744706,3.8288192342917354e-05,0.0009535487331864627
id26486,0.8433371700631555,0.019739825627778967,0.1369230043090656
id02440,0.8042235514003034,0.17164712678541644,0.024129321814280257
id26878,0.7275559389526056,0.22509130637341707,0.04735275467397737
id23044,0.9999803900530498,3.993704283817626e-06,1.5616242666411214e-05
id24170,0.006393608361958265,0.9930781501802195,0.0005282414578223128
id22332,0.8286276997178919,0.006433428308903764,0.1649388719732044
id27933,0.886712236331555,0.010747507726142592,0.10254025594230239
id17535,0.0020543600715201673,0.0002737122012387845,0.997671927727241
id19700,1.5351478028203822e-06,0.9999627782051337,3.568664706354909e-05
id19809,0.1107181063458154,0.2963803448636944,0.5929015487904902
id04484,0.060296907084666375,0.009307905585788048,0.9303951873295456
id00481,0.19480063357361938,0.7789476613201195,0.02625170510626115
id27510,0.9504623177322454,0.04414583107826052,0.005391851189494133
id04635,0.1243640502198106,0.0005020355166613992,0.875133914263528
id26027,0.9681514924546748,0.029098989794112053,0.0027495177512131107
id09300,0.0002599868251381454,0.9997339275901791,6.0855846827013915e-06
id06381,0.004426608737828098,1.4471821881503488e-05,0.9955589194402904
id18038,0.0014680076809361448,4.4799196060147336e-06,0.9985275123994579
id22011,0.48152341296046397,0.0590690460669416,0.45940754097259434
id10608,0.004022149145886085,0.9909566120206277,0.005021238833486246
id23054,0.5174904686539703,0.007031843052595455,0.47547768829343423
id13904,0.5101202440022198,0.45706824864011897,0.032811507357661286
id13855,0.2574707244821333,0.020647534005496418,0.7218817415123703
id17630,0.013642467164743243,0.9750602090248736,0.011297323810383198
id08595,0.013858841249637736,0.0007590055642886455,0.9853821531860736
id09532,0.751668173528547,0.003402244219495853,0.24492958225195718
id13176,0.002262015632235755,0.0025678793212271225,0.9951701050465371
id27237,0.0023221903442940672,1.1412835162463827e-05,0.9976663968205435
id16704,0.015843963523609655,0.0021829079310159705,0.9819731285453743
id20994,1.2105942568471499e-05,2.3332989880493315e-05,0.999964561067551
id17501,0.00016408154890590316,0.999734822648934,0.0001010958021601082
id16509,0.000817986864420442,0.008885512742445867,0.9902965003931338
id15081,0.000299552828640912,0.0013000452153516195,0.9984004019560074
id24414,0.24053062349755044,0.07609942218506839,0.6833699543173811
id09220,0.011218994330881974,0.011810730574257897,0.9769702750948601
id26514,0.000901193704005228,1.4696901582373894e-05,0.9990841093944124
id14703,0.994781727004355,0.0008746318956775616,0.00434364109996741
id19838,0.00013623386965424365,0.006204194739068493,0.9936595713912773
id23297,0.5340645911402822,0.007825198398452613,0.45811021046126527
id17113,0.8551972627432556,0.14227108406505504,0.0025316531916894608
id11693,0.6344803178774588,0.006992340507340687,0.3585273416152006
id00847,0.0838582397560248,0.723872972075829,0.1922687881681463
id00233,0.6588292399225357,0.01265914945869242,0.32851161061877193
id02776,0.9999337997713321,6.319575867955942e-05,3.004469988397766e-06
id10396,0.9403936943848126,0.004652777941731196,0.05495352767345616
id18222,0.953922680964074,0.009920145283519982,0.0361571737524061
id13476,0.034418833907488865,0.011991826123509323,0.9535893399690019
id08007,0.5918167353985725,0.01018972784829622,0.39799353675313137
id12984,0.24431705196119835,7.573825520942652e-05,0.7556072097835922
id04174,0.33855965021445705,0.6562157144315521,0.0052246353539909095
id23874,0.0007305157350584808,6.666585099937902e-05,0.9992028184139422
id00595,0.0038170251092656277,0.9961301013183709,5.287357236346304e-05
id18041,0.9972257340251225,0.0011966035359805489,0.001577662438897038
id17403,0.9989639602628664,0.0006277629049000796,0.0004082768322335043
id11741,0.9969910253299147,0.0006209803483618508,0.0023879943217235363
id16928,0.2524352600058494,0.0004629581803938839,0.7471017818137567
id21913,0.003305647250784221,0.004038373851015891,0.9926559788981999
id05939,5.290904506411523e-05,3.407130920369001e-06,0.9999436838240156
id12429,0.000109251557077554,0.998709276444868,0.0011814719980544736
id04447,0.13360176466666118,0.3098367538560112,0.5565614814773275
id15928,0.8656567072395491,0.011921088442534759,0.12242220431791623
id13126,0.017278341072971482,0.0012627303411847804,0.9814589285858438
id03989,0.8705353090537336,0.007899915509614445,0.12156477543665196
id08950,0.002192966220963623,0.997425035078173,0.00038199870086325663
id26494,0.011205927140017407,0.0016604519902503523,0.9871336208697322
id09289,0.0074482356526209634,0.006084610314330687,0.9864671540330483
id16295,0.00028267829078926373,0.9991763198004816,0.0005410019087291312
id01616,1.4882548231230992e-06,0.9999970514877401,1.4602574367816653e-06
id25251,0.02384559460291693,2.0962934120969155e-05,0.9761334424629621
id10354,0.9592721537755879,0.009727061540717357,0.031000784683694778
id08559,0.0020395698157695814,0.9932743458525979,0.004686084331632497
id20385,0.9881041289792062,0.0018135849419778447,0.01008228607881608
id01760,0.9901665273185541,0.0009556773676359424,0.008877795313809955
id04242,0.3350396535150036,0.015070166196217778,0.6498901802887787
id05652,0.003505702341839744,0.9964942610998768,3.655828342226396e-08
id05269,0.0004561250251064481,0.9977494095488372,0.0017944654260563526
id11218,0.038126816768418746,0.014988555581203454,0.9468846276503778
id19158,7.207085670798787e-05,0.999925124037757,2.805105535010305e-06
id00927,0.022581376159080197,0.00131084147531114,0.9761077823656087
id25636,0.20665170424763404,0.046161952519502406,0.7471863432328636
id20727,0.11886604565243351,0.01879014547081154,0.862343808876755
id01645,0.919383837566854,0.06819643205018323,0.012419730382962756
id19931,0.01950356829697842,0.9549725689280909,0.025523862774930746
id12473,0.0043580103584424466,0.9948538854830028,0.0007881041585547887
id00618,0.9882699802692894,0.00016315080690352613,0.01156686892380718
id27329,1.33769227944972e-05,1.870014718100119e-05,0.9999679229300246
id11553,0.9961810584014001,4.725180773788459e-05,0.003771689790861976
id10357,1.1451834322927119e-05,2.5384527613827653e-06,0.9999860097129157
id11392,0.0923577571993823,0.00016426093846633847,0.9074779818621513
id03634,0.042675101828010265,0.6969867394249173,0.26033815874707245
id15781,0.9741358103887585,0.025761781093290397,0.00010240851795107262
id11706,0.0061651972788668635,0.0014635224268208025,0.9923712802943124
id04248,0.9946817200539434,0.0026050025085663014,0.0027132774374903357
id26011,0.2337300795519539,0.2400904891707714,0.5261794312772747
id17478,0.026065933898021802,0.00019913129736585987,0.9737349348046124
id16179,0.8064494053283823,0.10942436691199874,0.08412622775961903
id11340,0.977348622255487,0.001280165881019458,0.02137121186349354
id05629,1.7583229541548553e-09,0.9999999982415604,1.167170195559907e-13
id00266,0.01747994979202567,0.0004836862086170766,0.9820363639993573
id18514,0.15210167360940516,0.029276773063935654,0.8186215533266592
id05167,0.07949726335828317,0.04946360934281439,0.8710391272989025
id08943,0.9090420948513719,0.01662851937429878,0.07432938577432936
id14580,4.424277192780518e-05,0.9993646984947536,0.0005910587333184984
id24496,0.9999764095641733,1.610062607524299e-05,7.489809751457073e-06
id04884,0.00017630149770669475,0.21483950609810204,0.7849841924041914
id08011,0.01669481421861725,0.029136834565389385,0.9541683512159934
id17807,0.0591068235260445,1.2110377955555525e-06,0.9408919654361599
id05694,0.9241136831274455,0.03367060775277569,0.0422157091197787
id02907,2.871050851911094e-05,0.9993006350769618,0.0006706544145190721
id23235,0.059673731799832125,0.006780572859005549,0.9335456953411624
id26764,0.8972192226095678,0.10116535790941013,0.0016154194810222124
id12226,0.004691778337198591,0.0011199120364069567,0.9941883096263945
id15157,0.917589140059125,0.010439176884272943,0.07197168305660215
id27127,0.019704568039823334,0.00011801102365818291,0.9801774209365185
id27723,0.00213244394429864,0.00014671548335474342,0.9977208405723467
id10742,6.688118196785669e-05,0.9995117451567537,0.00042137366127849855
id22951,0.31428287547328315,0.2063796252790858,0.47933749924763097
id09429,0.29103060126386776,0.00047842408245917466,0.7084909746536732
id26058,0.002036471127616328,0.7985476848582549,0.19941584401412882
id27415,1.9383717179284442e-05,0.998733495801408,0.001247120481412751
id06938,0.9861716940870096,4.8325724163640365e-05,0.013779980188826807
id18702,0.8866742336157585,0.03274845662760214,0.0805773097566393
id05229,0.9543426138293365,0.04467147373051609,0.0009859124401473975
id05219,0.002802749833055769,0.00018365453806034178,0.9970135956288839
id26375,0.06881534212197907,0.9260625021239243,0.005122155754096698
id19622,0.9898307814858017,0.002883248501954741,0.007285970012243538
id13333,0.45812068537453315,0.0025486830747782794,0.5393306315506886
id25849,0.0033736808174710513,0.9964668987618015,0.00015942042072750198
id06780,0.942128508480614,0.02338993057662084,0.03448156094276509
id01128,0.16032603514755306,0.003680305275155338,0.8359936595772917
id22697,0.024024444662274373,0.0008050349346219191,0.9751705204031037
id03725,0.47561430634594426,0.18991857203907156,0.3344671216149841
id06570,0.8224152553232625,0.07153749698936289,0.10604724768737459
id07834,0.0017926581402732881,2.306253568039334e-05,0.9981842793240463
id08930,0.9999859993081482,4.6743233211261063e-07,1.3533259519733007e-05
id03276,8.537948312829328e-06,1.5631137227025367e-07,0.9999913057403149
id07367,8.731534440727291e-05,0.9998659168278,4.6767827792691186e-05
id12250,0.9623846983602526,0.01981927179405459,0.017796029845692816
id00461,0.3158420714958491,0.0019810980523073504,0.6821768304518435
id17583,0.9993832681674915,3.170396454162708e-05,0.0005850278679668813
id07331,0.5013338945259301,0.29281816621989626,0.20584793925417355
id09844,0.011868781772639076,7.767596131392932e-05,0.988053542266047
id12595,0.0007144852200880493,0.9491178325306132,0.05016768224929877
id12911,6.731261053132374e-06,0.9999920465730437,1.2221659031288212e-06
id13334,0.005866936504760864,0.0070895203936652725,0.9870435431015738
id03231,0.2075704020190345,0.22569601775212766,0.5667335802288378
id16441,0.1931139213219466,0.0065448580575254095,0.800341220620528
id11427,0.005224359764328948,0.0019410008632349683,0.9928346393724361
id16919,0.9951688846431693,0.0047789025468926855,5.2212809937965465e-05
id04388,6.1307348215231415e-06,0.010982338999642793,0.9890115302655358
id09608,0.26733310563877,0.46617688270687974,0.2664900116543504
id14912,0.25393621880723777,0.0001083127235389662,0.7459554684692233
id24621,0.0006013842161953291,0.9884617493676627,0.010936866416141973
id14904,0.01612358873427113,0.03960557369674459,0.9442708375689842
id09209,0.000329801919542794,0.0004625471212080668,0.9992076509592491
id10425,0.9998103519587656,0.00018961276040978375,3.528082473663881e-08
id04915,0.72791323548626,0.004663506995650749,0.2674232575180892
id01417,7.115254367915802e-07,0.9999992401860733,4.8288489907045684e-08
id12318,0.917710365310377,0.017979249689361952,0.06431038500026115
id01184,0.15880796453833507,0.09742907513490011,0.7437629603267648
id05349,0.00029772716895174096,7.820227541001312e-05,0.9996240705556383
id14718,0.0009854753321219593,5.610540279035178e-05,0.9989584192650877
id20392,0.661140744696928,0.025765437400640044,0.31309381790243207
id10071,0.04296844653373993,0.09820390497572987,0.8588276484905302
id24369,0.9999998055176981,1.8493594705315603e-07,9.546354902371496e-09
id22137,0.9999989526952098,3.4051009893340416e-07,7.067946913239567e-07
id14478,2.239186892532977e-05,0.00036307322810388696,0.9996145349029708
id10018,0.0849404741681744,0.004709541447383654,0.9103499843844419
id13357,0.00015752569998089236,0.9994675667127202,0.00037490758729897183
id06093,0.00015348944270858508,0.007614060643419738,0.9922324499138717
id26039,0.001661027245127582,8.496633496033033e-05,0.9982540064199121
id05974,0.002240518203277298,0.9877530979825173,0.010006383814205362
id09745,0.0015453678603861622,0.9980104325083743,0.0004441996312395506
id01255,0.7581297608792418,0.1304100315809829,0.11146020753977537
id25995,5.238253141642046e-09,0.9999944593246909,5.535437055964314e-06
id01205,0.8594586979971862,0.00809888226977325,0.1324424197330406
id09735,0.17441990339855584,0.8255524412390938,2.7655362350442632e-05
id19431,0.9322870368388584,0.06606376913939235,0.0016491940217493103
id10226,0.9966989402365452,0.0006184466860056671,0.002682613077449262
id22446,0.9909700063585866,0.0020327833623039323,0.0069972102791095985
id10207,0.19296369286605167,0.694368767536558,0.11266753959739037
id02564,0.8971419619828005,0.02934976277357659,0.07350827524362294
id15113,0.9723724124246671,0.0032345404440837166,0.024393047131249276
id20230,0.8902820175403878,0.005926750707723543,0.10379123175188865
id18155,0.9990972608696684,0.0002611160059480605,0.0006416231243835912
id23722,0.030672783261487653,0.0007896825503247058,0.9685375341881877
id20241,0.9995978082910983,0.00022653563100810364,0.00017565607789364843
id10580,0.0018361928440566657,0.0003172753714500079,0.9978465317844933
id09405,0.2195050223101049,0.007493451993223013,0.773001525696672
id16297,0.00020418578814002168,0.9997618289534096,3.3985258450345896e-05
id27247,0.6633320160146554,0.004231387230210492,0.3324365967551342
id26321,0.9999275599456698,5.000593414104579e-05,2.243412018916196e-05
id18503,0.0048924390235299525,0.00040612896181896807,0.9947014320146511
id04178,0.0221537968889368,0.9363731777125988,0.04147302539846445
id22695,0.0007381803987257013,0.006673741923142641,0.9925880776781317
id04368,0.999956407154888,8.330268694453834e-06,3.526257641757664e-05
id20585,0.9921052002066878,0.007894425036415879,3.747568964017085e-07
id21615,0.42273875099854574,0.05258099153223802,0.5246802574692163
id10830,1.4306388234737218e-13,0.9999999999997229,1.3404108356977784e-13
id22143,0.9992139627557145,0.0005627140290619622,0.000223323215223536
id21600,0.998598545827293,0.00033761954569358585,0.0010638346270133855
id23773,0.9991976919135643,0.0006924208050314828,0.0001098872814042175
id08505,0.9999906106486576,3.4892269260245685e-09,9.385862115472863e-06
id27152,0.9779445689300447,9.665695643688351e-05,0.02195877411351838
id09817,0.004634192082765097,0.9255752181040596,0.06979058981317533
id02355,0.9195091608303579,0.04333828272296618,0.03715255644667596
id23629,0.997820206052576,0.00012875277282569682,0.002051041174598333
id22194,0.9827249725141117,0.0007916344790586403,0.016483393006829647
id05592,0.12678072846327212,0.0016818659594289144,0.8715374055772991
id02916,0.15766099753539867,0.38959013256042485,0.45274886990417657
id22284,0.8279154566527175,5.780658942558558e-05,0.17202673675785707
id14574,0.17161520346911713,0.025042531419458048,0.8033422651114248
id16820,0.05344956250911571,0.0003405985902345137,0.9462098389006498
id04513,0.9984250960872498,9.434534885954326e-05,0.0014805585638905773
id05853,0.18283856709631696,0.012402846639010534,0.8047585862646724
id23528,0.0039583918395793526,0.9947150719891344,0.0013265361712862874
id06684,0.9872315236351108,0.00965014809373224,0.0031183282711570058
id19793,0.9935721636013377,0.006398257552954444,2.957884570794779e-05
id05567,0.9026635217692649,0.0006366749822026035,0.0966998032485324
id01637,5.886288348515083e-05,0.9993726410338707,0.0005684960826442422
id24264,0.05024382168142211,0.04905937306358068,0.9006968052549972
id08558,0.004820200784933275,0.9615860874766408,0.03359371173842599
id01977,0.001889867378707047,0.9451018047524408,0.05300832786885221
id14665,0.0004687452498257774,0.9980703379608452,0.0014609167893290345
id24485,0.006262183930432063,0.9931281133427119,0.0006097027268559603
id00331,0.7264380358513579,0.007574401764652734,0.2659875623839893
id06004,0.7616474835358835,0.016844921345082045,0.22150759511903442
id08168,0.00014500829126286888,0.9941866038573084,0.005668387851428732
id02054,0.997696892950662,0.0015169747721568356,0.0007861322771812011
id27733,0.09718094581278701,0.008144435000653634,0.8946746191865593
id26596,0.0008716084459186661,0.9984574667427492,0.0006709248113321106
id05275,0.5364501277375171,0.4498185354257987,0.013731336836684276
id23093,0.8324707041266353,0.04143724586657889,0.12609205000678578
id13304,0.0009303540871183144,0.00034512480550010584,0.9987245211073815
id09513,0.9981950766464975,0.00042954478118507856,0.0013753785723174513
id14943,0.9989394332540128,5.8250196599340885e-05,0.0010023165493879202
id10936,0.8380162416444376,0.08897101795893464,0.07301274039662795
id18771,0.4059078113332869,0.30516889455499796,0.28892329411171513
id09708,0.7898306621471034,0.06685527763164312,0.1433140602212535
id17204,0.9774529430572017,0.0038455778874691665,0.01870147905532916
id27515,1.5848667138691743e-06,0.9999962182106269,2.196922659194351e-06
id04438,0.3134764728437025,1.3493495104129809e-09,0.686523525806948
id14306,0.03785797146970797,0.9618875933518489,0.0002544351784431726
id10235,0.051970712914613,0.006560545011461058,0.941468742073926
id19034,0.5104538272934834,0.42577214129462965,0.06377403141188695
id27850,0.5729178576517009,0.006144069021729452,0.4209380733265697
id23316,0.7892042142326563,0.1894582701659927,0.021337515601350825
id21265,0.9439774587854949,0.00016551535565231928,0.055857025858852855
id13944,0.042698950546071104,0.0009561724743804441,0.9563448769795485
id00416,0.000733299436101097,0.9957487333952292,0.0035179671686697105
id04702,0.9849985601962036,0.004367695457206712,0.010633744346589728
id07679,0.6341293574014201,0.27875205413402554,0.08711858846455442
id17063,0.000279251134371535,0.9996234707907945,9.727807483395666e-05
id25840,0.0006717181508741668,0.9981001649755938,0.0012281168735320139
id16767,0.012204519453534785,0.9876739160367322,0.00012156450973316256
id10275,0.001081007295442206,0.0003419792932739075,0.9985770134112839
id19913,0.8225469596375053,0.023444824322479893,0.15400821604001483
id16158,0.0026406363630824504,0.9916153625712808,0.005744001065636775
id19914,0.31140701592738945,1.4502281956200396e-05,0.6885784817906544
id09409,0.4242796916506063,0.023711906030555903,0.5520084023188377
id14026,0.8032569343793216,0.07774305965578832,0.11900000596489016
id27022,0.0029006703319509617,0.9957992913137149,0.0013000383543341288
id06324,0.0001332825291558613,0.9995891886783785,0.0002775287924656079
id22614,0.1056999537804554,0.01145836811241146,0.8828416781071331
id02338,0.9300762226929903,0.018081696326807506,0.051842080980202265
id02862,0.0058447336723551685,0.9911415710638611,0.0030136952637837113
id14818,0.16710254309374256,0.34114596720261586,0.4917514897036415
id00648,0.9281766033472393,0.021521159805281395,0.05030223684747939
id21812,0.03422519385368568,0.0007565311482085464,0.9650182749981059
id04567,0.013302124303550678,0.9865986450261647,9.923067028464983e-05
id20462,4.646439070293682e-15,8.556155286129793e-15,0.9999999999999869
id21110,0.10553363987606706,0.017664972054424438,0.8768013880695085
id27524,0.07344524289387593,0.9255460446891385,0.0010087124169856471
id10739,0.0058186368353971,0.02032045426607237,0.9738609088985305
id25519,0.5465748702042137,0.03802770827397485,0.41539742152181147
id09509,0.10869454721397459,0.018204770240161806,0.8731006825458637
id24062,0.017483942159478717,0.9800595436891858,0.0024565141513355187
id17909,0.050334977339511484,5.122066472926739e-05,0.9496138019957593
id09896,0.14299527416873123,0.014894708914709695,0.8421100169165591
id11587,0.0011296925342836343,0.9988225586635927,4.774880212364473e-05
id09957,0.5460799620945935,0.4195990385467862,0.03432099935862025
id02070,1.7587995541953437e-06,6.381363918919183e-05,0.9999344275612566
id25658,0.8906777703523071,0.040532763417325424,0.06878946623036733
id19870,0.10678189575376638,0.8542865679717834,0.038931536274450264
id11774,0.01638053746477046,2.1395277110401412e-05,0.9835980672581192
id21315,0.6340119170717122,0.36164307664220335,0.0043450062860844125
id15873,0.9906036519296968,0.008437515570421293,0.0009588324998819751
id19302,7.295894200089741e-07,0.9999985625641042,7.07846475808153e-07
id07239,0.0017437955003037533,0.9982422560411858,1.3948458510504984e-05
id10178,0.9995842672456691,2.4549765784799974e-05,0.00039118298854609287
id00074,0.9949065852842076,0.0001058222767945307,0.004987592438997804
id21736,0.04690041549455734,0.9422893996084014,0.010810184897041206
id25383,0.06820340673663376,0.9241164722819221,0.007680120981443993
id01649,0.6443184621640391,0.045724626678393894,0.309956911157567
id15990,8.816989686698988e-05,0.00010696507817647292,0.9998048650249566
id04940,0.9989287578897194,5.925256994667775e-05,0.0010119895403340026
id09041,0.03806969052858506,0.9567408252048125,0.0051894842666023585
id12499,0.8599534067439873,0.03146322135236821,0.10858337190364446
id27324,0.030996126686557737,0.9689713998617827,3.2473451659614696e-05
id20396,0.0002091979656420815,0.9997882770273162,2.525007041673009e-06
id20065,0.9996207450311514,1.9032837309205996e-05,0.00036022213153943033
id09659,0.09505157162634685,0.006958248153573059,0.8979901802200801
id04632,0.0015717649383034146,1.0432842773854355e-05,0.9984178022189227
id17313,0.9996148156175619,5.7270792253021114e-05,0.00032791359018506867
id04995,0.9994293374988075,0.0004970592753822166,7.36032258103012e-05
id26559,0.9692644004224917,0.014760074581717016,0.015975524995791246
id06974,0.08237416405766307,0.2539129753758706,0.6637128605664664
id22141,0.9991994583676485,0.0002130706919342912,0.0005874709404172901
id11508,0.017563259538937538,8.358382441522585e-05,0.9823531566366472
id09766,0.08654493183680752,0.9128047876415666,0.0006502805216259305
id24382,0.3533222764374214,0.3894973427859108,0.2571803807766678
id12016,0.7666372019349175,0.09686049940874282,0.13650229865633984
id07298,0.9571440397414581,0.0014112484828243813,0.04144471177571757
id17985,0.000932780172858465,0.9989057720249293,0.0001614478022122707
id09057,0.007569860174854498,3.1331338236270294e-06,0.9924270066913219
id23310,7.752089809305088e-07,3.976879782862076e-07,0.9999988271030408
id13265,0.9991883907504265,0.0003222415027442449,0.0004893677468292303
id25920,0.9874654942759531,0.00044884043432200674,0.012085665289724861
id15012,0.5384856054488715,1.3845924852145723e-05,0.4615005486262764
id12939,8.083520046391332e-06,0.9999885997226492,3.316757304405982e-06
id13329,0.9949224672021071,0.0015681194452233022,0.0035094133526695982
id11410,0.004297085117809292,0.9956867847981521,1.6130084038663655e-05
id08203,0.71788540646378,0.18764180916337742,0.09447278437284255
id09399,0.005457241123592306,0.9823928314831534,0.012149927393254337
id24807,0.0008997797854541613,0.0006520836918417701,0.9984481365227041
id24976,0.9336237169702765,0.04988061810181536,0.016495664927908216
id19630,0.004087710649309885,0.017940083496402318,0.9779722058542878
id00231,6.246821309007181e-06,0.9999844980210888,9.25515760219822e-06
id06157,0.0047126529370541785,0.9562574320024425,0.03902991506050337
id26817,0.18047825460089892,0.06719126874581764,0.7523304766532835
id21083,0.00667286554314293,0.00022018229875208332,0.9931069521581051
id27634,0.9947009341678789,0.003031961847233341,0.002267103984887874
id12397,0.0020147537471596807,0.02434788596884869,0.9736373602839916
id02643,0.004861154371575659,0.00039207643028561697,0.9947467691981388
id13731,0.00020932978391054806,0.9997582882400632,3.2381976026294434e-05
id17953,0.1138901738702804,0.001578834775965172,0.8845309913537545
id10342,0.4700245060411761,0.1819805710332712,0.3479949229255528
id19652,0.13032374284665377,0.7324460243934932,0.1372302327598531
id03505,0.0013302507077094807,0.9982629485251431,0.00040680076714746103
id27602,0.03616717146169049,0.5832116616244473,0.3806211669138622
id13311,0.0009811446944688598,4.6412793170388394e-05,0.9989724425123607
id20008,0.8250899942540291,0.12485860126878728,0.05005140447718365
id14404,0.006313582531685471,0.03147153563015206,0.9622148818381625
id09413,0.007265658786465877,0.0003198871354321946,0.9924144540781019
id01897,0.02422671526150056,0.24430437490994797,0.7314689098285515
id14873,0.9808850646750314,0.006358726749206526,0.012756208575762044
id25588,0.9997515938140737,0.00020309351408709072,4.5312671839181085e-05
id15549,0.009490795283846961,0.9774896237762277,0.013019580939925285
id20796,0.2583275212265012,0.0008756937114550704,0.7407967850620437
id11138,0.007926332034794275,0.0041166825737585944,0.9879569853914472
id18398,0.0006927572009856578,2.2856035903285407e-06,0.999304957195424
id01871,0.9999971335897146,1.3671493755368318e-06,1.4992609099176932e-06
id15968,0.9989451619924713,3.4251266321394586e-05,0.001020586741207318
id18197,5.217385642173219e-05,1.0418442872952432e-06,0.999946784299291
id20939,0.38272337689963387,0.0016471060418780483,0.6156295170584881
id20570,0.007303029297166951,0.027887834336344397,0.9648091363664887
id00432,0.9999228036472427,5.2377188312327994e-08,7.71439755689037e-05
id19537,1.0612889235165008e-05,0.9998981427907859,9.124431997890878e-05
id12930,0.9909525947574529,0.009045835584256076,1.5696582910173347e-06
id26222,0.0019260117503648296,0.995468261421431,0.00260572682820423
id10623,0.9990523905362051,0.0001790743141293018,0.0007685351496655662
id15460,0.0001881862953527674,0.9997127189993594,9.909470528777954e-05
id22824,0.9996872070698843,0.0002681882733702266,4.460465674539955e-05
id02968,0.12884071014147064,0.0007586117713024045,0.870400678087227
id19017,0.2964204545650073,0.664902545883849,0.03867699955114364
id26743,0.0006428933340971296,0.9964376390154326,0.002919467650470209
id04161,0.9980775188771995,0.000490428258458287,0.001432052864342288
id08976,4.056278520938156e-09,0.9999999855923238,1.0351397596618567e-08
id13339,0.00011316161215641773,0.9994394893220082,0.00044734906583532107
id25051,0.9676848689701809,0.0016857059273395858,0.030629425102479506
id22649,0.7435571880381845,0.2550167033655243,0.001426108596291373
id00040,0.0009392813746613315,0.9989407778786857,0.00011994074665288896
id08855,0.9019077278223386,0.010404115346532464,0.08768815683112895
id24622,0.8681210251753404,8.659747530251718e-05,0.1317923773493571
id02301,0.9867849249079936,0.01296366910974497,0.00025140598226138075
id07047,0.8077887534455722,0.015482243484434567,0.17672900306999323
id04423,0.9999926343282246,7.360089598729796e-06,5.582176615685043e-09
id02790,0.48273582339960297,0.14061304872426456,0.3766511278761326
id08754,0.0025894766876559806,0.9974093323971477,1.1909151963748582e-06
id20297,0.05338774580334037,0.0027075969892724244,0.9439046572073873
id04307,0.0037094492079504135,0.9865671643318464,0.009723386460203166
id18927,0.07020552626725854,0.028908761157448393,0.900885712575293
id27393,0.02408591603369271,0.011847186127196803,0.9640668978391105
id15260,0.251766601695416,0.7368390033593911,0.0113943949451929
id03679,0.5610831881402532,0.05362467224923931,0.3852921396105076
id17381,0.99990145172974,9.097135104258943e-05,7.576919217425091e-06
id13196,0.9452068680671671,0.04230766634302486,0.012485465589808025
id21493,0.02588948495754019,0.03011402655666746,0.9439964884857924
id11088,0.035336311341496646,0.024249023185242635,0.9404146654732608
id15801,0.7103057352347286,0.000132348217753214,0.2895619165475182
id04647,0.17490381820123724,0.008873401762750144,0.8162227800360127
id16900,4.991412694185645e-06,0.9999949976060958,1.0981210076223747e-08
id17174,0.9588924450156031,0.03822755619409794,0.0028799987902990713
id23801,0.16024898214632313,0.7847582378754477,0.054992779978229246
id11952,0.6189630447281347,0.111587687929305,0.26944926734256036
id02738,0.8742831884886216,0.009705812258461828,0.11601099925291658
id05365,0.989016983628073,1.4304535369645218e-05,0.010968711836557404
id19666,0.1336758583414018,0.8538934657393173,0.012430675919280966
id26638,0.025943640144172997,0.0012323088606748047,0.9728240509951522
id03032,0.5221674650085599,0.2799410700495228,0.1978914649419173
id23471,0.9993931913435725,0.000446598023429775,0.00016021063299770906
id26135,3.1519554908599873e-09,0.9999999966446926,2.033518947159901e-10
id18224,4.026407508197757e-10,0.9999999993079323,2.8942704012086267e-10
id10782,0.9847767584215155,0.005850092294265392,0.009373149284219198
id08932,0.02413418578128729,0.0031584254269839303,0.9727073887917288
id23126,0.007101493297997909,0.001431555106028339,0.9914669515959738
id22273,0.3738106435095748,0.3208408779573546,0.3053484785330705
id17427,0.9422974825247508,0.020208104418557155,0.03749441305669215
id21258,0.8811608546361961,0.11777312667728225,0.0010660186865216964
id06604,0.9539683183898198,0.039681964034999434,0.006349717575180774
id02180,0.5298992173905129,0.4690085839521434,0.001092198657343681
id20505,0.12928337930666087,0.6663143222188143,0.20440229847452496
id27466,0.9122310938669385,0.011421921451992154,0.07634698468106946
id14249,0.07858150487517736,0.08085207656309597,0.8405664185617266
id15891,0.22413989328077802,0.14094315606480226,0.6349169506544197
id25366,0.013268005527488053,0.004803583356461619,0.9819284111160503
id13554,5.0652101880805945e-05,0.0001634880926156219,0.9997858598055036
id09470,0.00027239585413352854,0.0002763265342981436,0.9994512776115684
id15993,0.24778574337508588,0.29697562730979493,0.45523862931511927
id07273,0.19694777259235863,0.6390721220882303,0.16398010531941115
id10805,0.9465181867197132,0.0022483963960765515,0.051233416884210306
id07990,0.11077460948296339,0.010064216127447064,0.8791611743895896
id08107,0.19097274268195313,0.007225821330255972,0.8018014359877909
id07612,0.8421940656852657,0.11548402973136047,0.04232190458337386
id10593,0.5267570929811286,0.019161945207989563,0.4540809618108819
id00906,0.017618702368731847,0.9817798094822003,0.0006014881490677991
id22316,0.008974793347095463,0.12683229202355925,0.8641929146293452
id04826,0.7541061229692111,0.24589190108138917,1.9759493997851904e-06
id13173,0.001112837895534633,2.3110138847558082e-05,0.9988640519656179
id20075,0.9323666537381112,0.03906915301234901,0.028564193249539797
id16427,0.5128979370388501,0.12408875683768437,0.3630133061234655
id21948,6.53057909009769e-05,0.00013558174802920028,0.9997991124610698
id05957,0.9829567734600535,0.012411959116739408,0.004631267423207108
id22982,7.986655363158427e-08,0.9999993809034146,5.392300318416476e-07
id01672,0.06569615345945909,0.9341142679401973,0.00018957860034367162
id19463,0.036302211894806445,0.006081494114293252,0.9576162939909003
id17555,0.15146260228213343,0.8377087296862734,0.010828668031593228
id21387,3.4102397334829846e-05,0.9998973422382607,6.855536440450524e-05
id00011,0.006245241869335196,0.9937407691937563,1.398893690846695e-05
id18538,0.98635608766022,0.012047749969537952,0.0015961623702420216
id14915,4.7413295690620455e-05,0.9999180623673676,3.452433694180625e-05
id13773,0.0001178501559049978,0.004136709504625506,0.9957454403394695
id26440,0.7012920307563275,0.0031689611626292175,0.2955390080810432
id18862,0.23621192436240118,0.031065408131670046,0.7327226675059287
id02510,0.0073710608213678665,2.4931677720287132e-05,0.9926040075009118
id26288,0.00012243897982098433,4.598075229441292e-05,0.9998315802678847
id01877,0.04672780565006457,0.2857930281857025,0.667479166164233
id17532,0.03600856122492025,0.011482129642734084,0.9525093091323458
id22973,0.9978405929563835,0.001973985772943012,0.0001854212706735321
id10254,0.5959773705014331,0.0014358176175972388,0.4025868118809698
id20420,0.00035523488920652244,0.999518169442685,0.0001265956681084968
id16052,0.9356804718391182,0.01783358441200984,0.046485943748872015
id19578,0.9990944297211217,0.0006672906302248922,0.0002382796486534427
id06318,0.4926128929969537,0.06295063946705194,0.44443646753599425
id18751,0.9999996847687386,3.3280461251515117e-09,3.119032152280146e-07
id06756,0.09111154768725273,9.559559809551657e-06,0.9088788927529378
id00364,0.4895101132956532,0.5104764620838848,1.3424620462102778e-05
id10714,0.2785562492922828,0.6801422313327566,0.04130151937496066
id27432,0.9851095483018927,2.6632548905465293e-08,0.014890425065558379
id02395,0.018258411525194487,0.9813051262347399,0.00043646224006572526
id00502,0.48171198856854414,0.16048825010812243,0.3577997613233335
id22856,0.020890708937245702,0.042979589272516106,0.9361297017902382
id16391,3.442606535143123e-09,0.9999999963161273,2.4126610270276176e-10
id18170,0.005338729858191973,0.9859727354305304,0.008688534711277665
id19642,0.9942258668013442,0.002492709212429724,0.0032814239862262126
id15742,0.9996062322379348,1.2864792981484768e-05,0.0003809029690837726
id18984,0.00010450370497164784,0.00021640521451244245,0.9996790910805159
id22155,4.258977397488113e-05,9.803053442518139e-05,0.9998593796916
id13113,0.018781614877710434,0.00016483319464387944,0.9810535519276458
id03817,0.5174615890474679,0.015254169037790703,0.4672842419147414
id13090,0.6969844613222553,0.02243510026098165,0.2805804384167631
id23521,0.00016432479989931156,0.9901493858548595,0.009686289345241145
id21376,0.1435247899113313,0.017161659213166404,0.8393135508755023
id21795,0.004192820496757567,0.9862860974932887,0.009521082009953682
id03548,0.0001259621830107571,1.6522319792207239e-07,0.9998738725937913
id05018,0.9998449717659478,2.8013257373778344e-05,0.00012701497667843884
id00085,0.0005684678299546738,0.9994310895944767,4.42575568614604e-07
id12163,0.045298555316200806,0.9393768971785093,0.015324547505289785
id15341,0.7582666351033884,0.017475196621918286,0.2242581682746933
id12896,0.11740550762003371,0.8603805300818514,0.022213962298114894
id24019,0.8649149775688,0.027470555633920476,0.10761446679727965
id24981,0.9966156762287304,0.0033550312441962284,2.9292527073437338e-05
id12456,0.24490501788101834,0.08319162440471102,0.6719033577142707
id24590,0.055088050027768495,0.00116666409308567,0.9437452858791459
id01276,2.6059153251920457e-05,0.9999656179784108,8.322868337346703e-06
id04235,0.0010828582141362768,0.00037172628255433167,0.9985454155033094
id21844,0.0021464172131039944,0.014863910899345184,0.9829896718875509
id16876,5.510358046530048e-10,0.9999999991628263,2.8613791846420265e-10
id10137,0.004851532207903979,0.00018908158981406894,0.994959386202282
id26435,7.4260967088289245e-06,4.439173109623754e-08,0.99999252951156
id15912,0.12458731696267493,0.004686539422515615,0.8707261436148095
id09361,1.0193009198633697e-05,4.281339669928912e-06,0.9999855256511315
id00071,0.831505086142145,0.00018789332737846823,0.16830702053047658
id21006,0.9999999809366783,4.043484353598179e-09,1.5019837367509695e-08
id20942,0.04684564195683324,0.00026059003991219974,0.9528937680032545
id00137,0.9352482509201694,0.04013687450656046,0.024614874573270256
id10494,0.0473270594974053,0.8751613821082627,0.07751155839433202
id02933,0.8509052590774674,0.0038657105550640217,0.14522903036746862
id22661,0.00016778926158878696,0.999815530358353,1.66803800582224e-05
id01024,0.23591066099182054,0.01564004944085715,0.7484492895673224
id02183,0.028623344008068947,0.9302526009244504,0.04112405506748061
id22883,0.06537646158725059,0.9327054556007632,0.001918082811986151
id14780,0.05922703875475692,0.9402932243434657,0.0004797369017774063
id00543,0.003608300267582482,0.0010529009562329774,0.9953387987761846
id21237,0.7218881110516971,0.004346233162693449,0.27376565578560935
id09864,0.002548486227555966,0.9849323392462701,0.012519174526173916
id26171,9.918004411869113e-05,0.002589676999761094,0.9973111429561202
id08115,0.9316844651293105,0.011231991383068808,0.05708354348762069
id18417,0.00015988033766652654,0.9987157233096122,0.0011243963527212278
id27910,0.006390880672577496,0.005606317923728137,0.9880028014036943
id16918,0.09927050156948695,0.018672115163088532,0.8820573832674246
id10236,5.491951016180964e-06,6.952568062719066e-09,0.9999945010964159
id22481,0.2743586989026669,0.25787509187366,0.467766209223673
id25843,0.1841070664365296,0.8141154436181964,0.0017774899452739626
id24660,0.9994907121252397,4.292473601909494e-05,0.0004663631387413011
id09637,0.0056827673856494195,0.9942597127822178,5.751983213281768e-05
id19022,0.2717038765623865,0.03760311811544018,0.6906930053221734
id16809,0.0012669315489779937,0.00014447002475837954,0.9985885984262637
id13162,0.017126633357793488,0.00014384083753398827,0.9827295258046725
id05384,0.0009428935264400182,0.9990096604737686,4.744599979134278e-05
id15361,0.0001834044410859989,1.9152268794593424e-05,0.9997974432901194
id03967,0.00010419170292976091,0.999875447334198,2.036096287224915e-05
id03839,2.156796000316393e-05,0.999952275576399,2.6156463597927478e-05
id19644,0.885566400613391,0.02880924393053747,0.0856243554560716
id14817,6.222920814436413e-05,0.0003133071332439075,0.9996244636586118
id04190,0.23638414950469303,0.6574417142548898,0.10617413624041708
id19018,1.6860349046691196e-05,0.9993260898765304,0.0006570497744230371
id23557,0.43967267555008166,0.5599628751460116,0.00036444930390678497
id25241,0.010936991595858134,0.00015605574316003635,0.9889069526609819
id01223,0.16023177395784355,0.0016318857871953191,0.8381363402549611
id07529,0.08320120306862312,0.6936766930045773,0.2231221039267996
id13517,0.022053179456888748,0.013244810791227347,0.9647020097518839
id11759,0.6004823458364148,0.005572381581110579,0.3939452725824746
id13741,0.008357377567061964,0.012186593087816949,0.9794560293451211
id03305,0.04852942765858315,0.004429947967474515,0.9470406243739424
id16474,1e-15,0.9999999999999973,1.6859663929473422e-15
id04156,0.8578039744416641,0.00039049620318682245,0.14180552935514906
id23223,0.0021409132851106286,0.9975417126707724,0.00031737404411686407
id25193,0.6646949535679842,0.009724637738299007,0.3255804086937168
id02100,0.9996585800068869,8.288382893419613e-07,0.0003405911548237557
id20032,0.011818612499709912,0.41407551303605816,0.574105874464232
id22179,0.0014030381194663655,0.0014797112757525433,0.9971172506047811
id15359,0.9963062679766131,0.00044878351359148576,0.00324494850979547
id02571,4.4708953276840607e-07,0.9999995339543644,1.8956102882694044e-08
id21450,0.9997843381294761,0.00011424331156786703,0.0001014185589560503
id17293,0.9752561213785931,0.024471414707527468,0.0002724639138795015
id13056,0.9062599756880114,0.06092549793612543,0.032814526375863164
id16833,0.4897493215043101,0.000361763409124186,0.5098889150865658
id25681,0.007533170685581233,0.9921476428030876,0.0003191865113310625
id21263,0.00022530018177982923,6.775206194470785e-05,0.9997069477562754
id02323,0.0006841763543994273,0.9990565901975675,0.00025923344803307244
id16481,0.9256297880340135,0.0009689832102923842,0.07340122875569415
id05781,0.8712871568396974,0.00030215819725520557,0.12841068496304744
id14416,0.7551128543984558,0.20597715818552556,0.038909987416018664
id20650,0.006181015803707446,0.9643305763085368,0.029488407887755756
id04357,0.9539837087784455,0.0069631161994483225,0.03905317502210618
id16663,0.00043789659199269435,0.0007635666878810655,0.9987985367201262
id18312,0.07071762106278294,0.00022825187136254156,0.9290541270658546
id24780,1.111806662955629e-06,2.483480792859284e-07,0.9999986398452578
id17348,0.027719357196560806,0.0011617505423626273,0.9711188922610766
id22993,0.884753581008058,5.601260932231294e-05,0.1151904063826197
id04847,0.003352926444849087,0.03384174066254748,0.9628053328926035
id27880,2.8540594131975918e-05,0.9999514713258953,1.9988079972732605e-05
id21160,0.010127647646365083,0.1849575295439834,0.8049148228096515
id03354,0.6351284641140138,0.3423945696332713,0.022476966252714788
id11002,0.00706659617318142,2.1285404088685934e-05,0.99291211842273
id02425,0.011339321882476695,6.646345964186612e-06,0.9886540317715591
id14067,0.7419064322752548,0.10831991899560965,0.1497736487291356
id05886,0.031197820565808315,0.0006294731735363054,0.9681727062606553
id09256,0.9921415031370565,0.0053235756631025005,0.0025349211998410806
id11511,0.028560410862908808,0.0007664051868420373,0.9706731839502492
id09029,0.0017200218355669429,0.9749004728778509,0.023379505286582194
id22563,0.23122377830482607,0.3390873896256099,0.42968883206956404
id27838,0.29172234990218,0.02878055539697023,0.6794970947008498
id23184,0.9584102939683959,0.02465635579111767,0.016933350240486457
id15335,0.9506875007205302,0.03460966047943233,0.014702838800037461
id08607,0.946426183059056,0.02835197945141942,0.025221837489524536
id26516,0.9823969714918208,0.009918787042354394,0.007684241465824754
id12417,0.40438109622848406,0.10474118155411753,0.4908777222173984
id21758,0.9973534623639676,0.0025160606250554923,0.0001304770109769195
id00729,0.04150628019404942,0.9582011492350208,0.0002925705709298503
id25504,0.01676045620782401,0.9798432202907078,0.0033963235014682633
id00360,0.00030590006901143866,0.00730334932056014,0.9923907506104285
id05913,0.1319715034693833,0.8669996233452122,0.0010288731854045264
id00089,0.9681572392428022,0.027778333743179395,0.004064427014018544
id03511,0.9997085399871278,4.5377981820449185e-06,0.00028692221469025787
id00449,0.004106705485274197,0.021653735086934432,0.9742395594277914
id14504,0.3085199316451562,0.6655980098531096,0.025882058501734362
id19106,0.9999956170895036,2.724743674671477e-06,1.6581668217380656e-06
id19236,0.0009981258848242647,0.9989697192332233,3.2154881952438704e-05
id12743,0.9991200583582284,6.115573996410925e-06,0.0008738260677752404
id04662,0.08057216869246327,0.0036477313921635577,0.9157800999153731
id15139,0.04957148547336275,0.0004573328267755367,0.9499711816998617
id07233,0.20414299430453134,0.18140928266549738,0.6144477230299713
id19160,0.9294078121577374,0.07007368581423314,0.0005185020280294913
id06867,2.5797113981283163e-05,0.9999717135533939,2.4893326247608e-06
id04236,0.00017007747407125028,0.9963441231196627,0.003485799406266062
id07591,0.010197069396188559,0.0022522858148090706,0.9875506447890023
id25815,0.07908565900136519,0.000994329943888836,0.919920011054746
id10925,0.9031738185208715,0.006806029822754187,0.0900201516563743
id27774,0.9201895828826533,0.0754121779681475,0.004398239149199329
id16090,0.026280604342899007,0.9661804274944491,0.007538968162651871
id24875,0.0026731897560293883,3.407570781182865e-05,0.9972927345361587
id03456,0.7830332670445515,0.002696910380617174,0.21426982257483143
id07559,0.0361640083897551,0.9610097426632972,0.002826248946947685
id10513,0.0004401837713640762,0.9994915168557338,6.829937290213704e-05
id07094,0.9051388454871999,0.03946588662876544,0.055395267884034705
id04111,0.007827436716217226,0.00013974037765500407,0.9920328229061278
id23356,0.9830481384375496,0.007454872976028034,0.00949698858642243
id04435,0.10388666631294714,0.006952857434654985,0.8891604762523979
id23706,3.737616502533082e-05,8.97568185153212e-07,0.9999617262667896
id04655,0.2761381777919147,2.1726878593838004e-05,0.7238400953294915
id07661,0.34624417321529244,0.01645610004889706,0.6372997267358105
id27176,0.21792625233275104,0.02501604000189049,0.7570577076653585
id13560,0.10870008962617453,0.13084357020554124,0.7604563401682842
id18020,0.053595843875911056,0.0026778699639343037,0.9437262861601546
id16701,0.47387518370743953,0.5091223048926595,0.01700251139990098
id19252,0.9965007279163934,0.00013100271672883111,0.0033682693668777193
id00910,0.12622028200807117,0.8561316640342814,0.01764805395764737
id12102,0.9653858904553435,0.0012827995570167047,0.03333130998763977
id15820,0.9188144065645903,0.014559203506013507,0.06662638992939628
id10698,0.9229902240028308,0.015789031551198627,0.06122074444597056
id15530,0.03352577986789096,0.8866151433378899,0.07985907679421908
id10740,0.9999874917780759,1.1502092540963959e-05,1.0061293832136179e-06
id24917,0.017097639105813692,0.0009669945060665359,0.9819353663881197
id07985,0.03186690441776419,0.025261149813427326,0.9428719457688085
id15897,0.7749903162950269,0.10424193412331673,0.12076774958165643
id07960,0.008254292622984513,0.12820611174068536,0.8635395956363301
id15529,0.5709700349372627,0.07487642374711488,0.3541535413156223
id17855,0.11160928972565905,0.8770387791142645,0.011351931160076432
id24727,0.9994563536302469,0.0004970763949015987,4.6569974851563454e-05
id14835,0.8766525610435738,0.00023655893220392827,0.12311088002422224
id25557,0.03843025389433425,0.05210571566483079,0.909464030440835
id18605,0.009819565185240641,0.0003667823117147149,0.9898136525030446
id27760,0.9993809230545011,0.0004442313908070524,0.0001748455546918726
id10042,0.0007231267479713035,0.003798389316465872,0.9954784839355628
id12074,0.0006064954589866919,0.9960648046295429,0.0033286999114703723
id19511,0.5561927933371557,0.02164042182194107,0.42216678484090325
id21924,0.16804312358922477,0.8319086155733875,4.826083738781938e-05
id13095,0.03261657202179996,0.08060078992342003,0.88678263805478
id11873,7.868455703977659e-06,1.76912347079211e-10,0.9999921313673837
id23651,0.03736607707159238,0.9500453014420956,0.012588621486311981
id09931,0.019035457168718063,5.1716067007524125e-06,0.9809593712245812
id05155,0.02118875374058089,0.013276675934068389,0.9655345703253507
id17668,0.9970519537471816,0.002561718973239373,0.0003863272795790375
id03470,0.999980536663631,1.9238692934754963e-05,2.2464343430192672e-07
id02208,0.9999681365499815,3.185792302780646e-05,5.526990679068981e-09
id07650,3.3224631001279706e-07,0.9999995999561286,6.77975613278427e-08
id24472,0.9970475686143689,0.002037125059522784,0.0009153063261082998
id21211,4.371216742493381e-05,0.9986113297712378,0.0013449580613372676
id11030,0.9605442824048669,0.021572521708875306,0.017883195886257742
id00943,0.0012062629127646042,0.998744866130495,4.887095674050159e-05
id19156,0.003481158926948276,0.02146356173915003,0.9750552793339018
id22886,0.002269263614489646,0.008822352207722053,0.9889083841777884
id00992,6.01956268614973e-06,0.9999778461314432,1.6134305870503626e-05
id27547,0.9930601987733633,0.005119434273955292,0.001820366952681477
id24073,0.9650394983434716,0.03469864276001822,0.0002618588965101649
id05452,0.9707852332542599,0.022052025459982912,0.007162741285757298
id22492,5.473246334716505e-05,0.9986115336525324,0.0013337338841204341
id11981,0.5630820140802615,0.43271607543984275,0.004201910479895827
id15552,5.3468680099934606e-08,0.9999995277859464,4.1874537343170534e-07
id04471,0.00015401590826326814,0.00034951488361014375,0.9994964692081266
id09231,0.05960991621636194,0.7906574312169952,0.14973265256664303
id12493,0.9513797883858247,0.021476720774872126,0.02714349083930314
id24967,0.8705897722466995,0.03168068592869837,0.09772954182460214
id05865,0.15554873220038545,0.037365738237764755,0.8070855295618498
id04811,0.9807890196329901,0.010696989412698543,0.008513990954311287
id19877,0.2406863786805749,0.06390720926954645,0.6954064120498786
id04024,0.0005026883850309467,0.9994959688911923,1.3427237767785236e-06
id00395,0.10046664535975648,0.006428154552917473,0.8931052000873261
id22728,0.09311849048951158,0.8636559742289445,0.04322553528154395
id01268,0.7556265803863036,0.24262809579950595,0.0017453238141904896
id08896,0.9061736566091395,0.009143618784211988,0.08468272460664858
id09971,0.5317256965307221,0.08575880660689036,0.3825154968623875
id26606,0.010505691261464948,0.0026827809571218974,0.9868115277814132
id27970,0.7561185979869176,0.025333829091252164,0.21854757292183033
id25259,0.9999998420379631,1.0568011779192445e-07,5.2281919178577715e-08
id13834,0.11234913927097209,0.007468478705431529,0.8801823820235963
id19513,0.18882219972560005,0.07606164865924905,0.7351161516151509
id16082,0.005497847817052478,0.9944200708282134,8.208135473419275e-05
id22180,0.014316695797567057,0.001981598113313105,0.9837017060891199
id20498,0.9700870265850281,0.022542993680449718,0.007369979734522186
id27595,0.0006783493391363839,4.494816691763388e-06,0.9993171558441718
id08267,0.11699327862361279,0.0034955957124938597,0.8795111256638933
id12823,0.993633396699561,0.0054990011148817325,0.0008676021855572113
id18842,0.0002925973194012964,0.9992932309803046,0.0004141717002940875
id17534,0.7495789496705585,0.24378976623203316,0.006631284097408269
id05777,0.9908269231439715,0.0023040493244312087,0.006869027531597398
id21689,0.7379247682365528,0.2616083141259546,0.00046691763749252737
id18114,0.0015117996837732584,0.9980039662702336,0.0004842340459931721
id17707,0.006429731281998564,0.0002624654805385455,0.9933078032374629
id22956,4.473522785459025e-05,0.9999545316698768,7.331022686320494e-07
id27834,0.005155356585552031,0.0018319796544852484,0.9930126637599628
id11377,0.05638571183966396,0.905879328337482,0.037734959822854096
id08333,0.9225325387944174,0.073040126485816,0.0044273347197666
id07445,0.6339393946839503,0.25089850316557494,0.11516210215047484
id22703,0.42839442216730944,0.5614196494881,0.010185928344590596
id09468,0.08596930510887713,0.16487044858750927,0.7491602463036136
id19397,0.13092899977434877,0.01199771071246699,0.8570732895131843
id07977,0.9280083352490947,0.009762520643422225,0.062229144107483175
id14555,0.0008383816159439419,0.00012709229994257795,0.9990345260841135
id02489,0.002753252077411627,0.07130693572403561,0.9259398121985528
id10445,0.8246167560393424,0.07981620564974366,0.09556703831091394
id02058,0.0014354016912191566,0.01029955545273159,0.9882650428560493
id23101,0.7773796940596961,0.07106799619593918,0.15155230974436476
id18072,0.15601234798325317,0.5948950069682725,0.24909264504847442
id21085,0.7269444191997992,1.6312339258380617e-06,0.27305394956627493
id16584,2.6747445711296007e-06,1.7380664477975566e-09,0.9999973235173625
id23136,0.0002795295592429165,2.4800315865280515e-05,0.9996956701248918
id17745,0.0024389372550535637,0.34652121876512043,0.6510398439798261
id27391,0.6293701561051657,0.18329416707413465,0.1873356768206998
id17240,0.06561371353641009,0.934321491147727,6.479531586297939e-05
id11708,0.6259860099407001,0.03738864757816642,0.3366253424811335
id08712,0.0036760264848896096,0.9424830237586536,0.053840949756456834
id23809,0.4397247676382597,0.1078749969681986,0.4524002353935418
id07274,0.9815618758777439,0.012552936700138765,0.005885187422117385
id15625,0.015376115950374481,0.0684310067972263,0.9161928772523993
id22815,0.6607009012128328,0.3373880432146508,0.0019110555725164312
id23200,0.9686422421664566,0.0255268391650796,0.005830918668463828
id04369,0.00032600461761140453,0.998435720280475,0.0012382751019136243
id04659,0.766230492852522,0.179671010878892,0.054098496268586045
id05051,0.0006804811047374592,0.002323056619984651,0.9969964622752779
id07815,0.0051814740298896,0.9610799228035876,0.03373860316652293
id27535,0.9969560017974455,0.0030431471192585843,8.510832959967836e-07
id11916,9.469583576950144e-05,0.000806479320885609,0.9990988248433449
id07097,0.1572804239300177,0.8340155073189924,0.008704068750989903
id24599,0.9914053938533013,0.0024155813897122264,0.006179024756986503
id03434,0.31303606931978756,0.011059784742329572,0.6759041459378828
id01685,0.2285480509752128,0.5699933966134874,0.2014585524112999
id23165,0.7648683748924827,0.08366563008955538,0.15146599501796193
id08601,0.006218256430218861,0.9937802113188042,1.5322509768222318e-06
id19593,0.9850496039442973,0.012206740162264496,0.002743655893438171
id04582,0.33369932823684684,0.00031067425301545807,0.6659899975101377
id25659,0.2370249161645114,0.3348396469164544,0.4281354369190342
id08590,0.002553763454779441,0.0001967674125669951,0.9972494691326537
id21959,0.10171013588473338,0.8812220273743403,0.0170678367409264
id21373,0.9982934996128836,0.0012239042475560272,0.0004825961395604115
id12581,0.0699794420784843,0.004300442327107157,0.9257201155944085
id05240,0.7334896125160613,0.2454171439515639,0.021093243532374885
id25188,1.3523626839483092e-08,9.334383644559455e-09,0.9999999771419895
id15719,0.0003312089851809753,0.9954454473803753,0.004223343634443678
id17546,0.7411282659343239,0.07979337863489483,0.1790783554307813
id18546,0.3203942659334697,0.6556707591686575,0.023934974897872822
id16043,0.0014950541214796137,0.7697460339936696,0.2287589118848508
id05236,0.9965109385182613,0.0034529288490830097,3.6132632655708534e-05
id01665,0.9993628223213297,0.0005537040001195386,8.347367855081161e-05
id12811,0.7736329824211038,0.04064366487465037,0.18572335270424595
id11468,0.011362443140389592,0.00024387314311297284,0.9883936837164975
id20311,0.9719222548277179,0.0007574569765507575,0.027320288195731422
id04045,0.001711745939789552,2.190497318358749e-05,0.9982663490870268
id02671,0.0656012644400347,0.4667494877689454,0.46764924779101985
id19889,0.0004173258547007992,0.9994507553797296,0.00013191876556970476
id10371,0.05059812878105569,0.5434314192055849,0.4059704520133594
id13583,0.4623545129412213,0.03268167482908167,0.504963812229697
id11070,0.9035659853522409,0.09475821513937965,0.0016757995083795585
id13087,0.005078446035951672,0.9947045101398413,0.00021704382420708498
id21670,0.014649254005339776,0.014313686701023932,0.9710370592936363
id16432,0.019817442115701436,0.9744276933356691,0.005754864548629374
id13899,0.9903707319343907,0.005271400205491286,0.0043578678601179826
id02925,0.032089577700849505,0.9654966617687026,0.002413760530447913
id27528,0.01407844899828867,0.9846224858038192,0.0012990651978921533
id15950,0.7691991482790229,0.1293063595809214,0.10149449214005574
id07604,0.9994042456781478,3.2659205113250187e-09,0.0005957510559317844
id12682,0.9997337697960839,0.0001721132409544524,9.41169629617575e-05
id16688,0.01716957026379338,0.9815737753134545,0.0012566544227520808
id24150,5.691177120029988e-06,0.9999928210157444,1.4878071356577854e-06
id04599,0.22658034101011124,0.0022084012373423984,0.7712112577525464
id05609,0.001624869902664608,0.9868172988205993,0.011557831276736067
id27242,0.01496290724394313,1.637600900323581e-05,0.9850207167470536
id03464,0.2574400926224342,0.31834499202807254,0.42421491534949324
id20129,2.385571235843233e-05,1.0950589400034478e-08,0.9999761333370523
id07890,1.5670585297415818e-06,0.9999982317028895,2.0123858088355847e-07
id24082,0.8707934514926854,0.004250241002349543,0.12495630750496516
id18550,9.996296109671056e-09,1.4468988465458731e-10,0.9999999898590141
id13345,0.004996502499027114,0.0049417579181111155,0.9900617395828618
id21162,0.9493670090160022,0.036875391327206145,0.013757599656791547
id05896,0.0037367564155702192,0.005045629498494142,0.9912176140859357
id00549,0.0067151223806039455,0.010127052272379757,0.9831578253470163
id19986,0.23063339747156064,0.012195746999169641,0.7571708555292697
id12287,0.151173883156633,0.00010275632675662908,0.8487233605166103
id21149,0.1159615357257541,0.00029589109356792636,0.883742573180678
id15937,0.008382039078100334,0.8512397608450184,0.14037820007688134
id18043,0.3917688521580172,0.04293244332829585,0.5652987045136869
id19288,0.9207130145631517,0.07552101363712023,0.0037659717997280636
id16304,0.012690731126377081,0.003041564942037427,0.9842677039315855
id03605,0.9821909231606538,0.011895090987711871,0.005913985851634312
id00126,0.004986402790095465,0.7959440664749415,0.19906953073496306
id11734,0.8375760757762508,0.1002415831349508,0.0621823410887985
id20670,0.00038393579392448504,0.9929521497331532,0.00666391447292232
id02266,0.039549392284905206,0.005991175457648067,0.9544594322574468
id06651,0.0003182888414497064,0.9830578230203287,0.016623888138221604
id12969,0.9656786733179888,0.03339725915649281,0.0009240675255184207
id15664,0.09324830273615864,0.882981065375604,0.023770631888237373
id09699,0.03377802926846538,0.4299094894578879,0.5363124812736467
id07426,0.09258033147955985,0.002126697846023164,0.9052929706744169
id12040,6.841700127832933e-06,0.9999931471571231,1.1142749085229718e-08
id22961,0.5201359572218383,0.014087230294302379,0.4657768124838593
id23971,0.00016096727491190496,0.9997950767553557,4.395596973238263e-05
id21433,0.7449965184005757,0.1055406005340506,0.14946288106537373
id12028,0.0034940312156431694,0.9924954147591878,0.004010554025169083
id15673,0.3790022885945789,0.4997518681026097,0.12124584330281146
id18681,0.08569361053438497,0.0002580783090654846,0.9140483111565495
id21339,0.6024848364878208,0.23919247479675462,0.15832268871542451
id23755,0.39285482220417295,0.12768298501626257,0.47946219277956453
id10369,4.6441485569250754e-05,0.0004901239687200868,0.9994634345457107
id03917,0.6878275874982194,0.023256512035783966,0.2889159004659967
id17078,0.0021661752633285072,0.84224312729177,0.15559069744490162
id10873,0.8441333686717881,0.003976746852964368,0.1518898844752476
id21158,0.9990054977306293,6.299348991322523e-05,0.0009315087794574807
id16491,0.9552824315855907,0.015222223030751734,0.029495345383657636
id23930,1.9373178302645234e-08,0.9999999188012383,6.182558347057898e-08
id16048,0.0010414209140194126,0.9982592616532185,0.000699317432762093
id10070,0.9972694418721789,0.0013633349952190768,0.0013672231326019074
id24962,0.6669257577591683,0.02495914062506563,0.308115101615766
id27787,0.9963350604958334,0.0005345279378504213,0.003130411566316067
id16840,0.00446644444261911,0.995098888887825,0.00043466666955580024
id01994,0.998587654478451,0.0010174499005205795,0.000394895621028412
id10756,7.961618090376383e-05,1.2440671353615608e-05,0.9999079431477427
id16697,0.057754363672149256,0.6315450531177101,0.31070058321014055
id19603,0.03553049194268564,0.9636693169870897,0.0008001910702246872
id03903,0.9974876440353844,0.002111456481592407,0.00040089948302324686
id20992,0.6799284113003853,0.0018078583785557816,0.31826373032105904
id15687,0.0074103755822305176,0.9919658140238996,0.000623810393869851
id19769,0.002928243385951781,0.9445132976990118,0.05255845891503636
id06048,0.36542263472930975,0.5143293798180729,0.12024798545261732
id25098,0.00532448565955452,0.99384249589284,0.0008330184476054688
id16091,0.4596777402089824,0.5036511153983594,0.036671144392658186
id27192,0.4354672893788384,0.028436326083033127,0.5360963845381285
id05897,0.1025812384124591,0.02052259561622062,0.8768961659713204
id00828,0.8396367739048323,0.14706417288486565,0.013299053210302099
id20605,0.9658069641453898,0.00012508052520183256,0.03406795532940828
id05872,0.2642625094819047,0.2023507351854003,0.5333867553326951
id00761,0.9998001613864541,1.116435474587762e-05,0.00018867425879997565
id19573,0.5170071765885468,0.11095985669205516,0.37203296671939806
id03081,0.0007317512154992469,0.00169949585400181,0.997568752930499
id04887,0.08514014446855656,0.0002598971274726247,0.9145999584039709
id17700,0.00010192775454646588,0.00010718215748377761,0.9997908900879697
id03250,0.9379357591094473,0.046822654313231314,0.015241586577321468
id21027,5.082808541801027e-07,0.9999993543094974,1.3740964841149915e-07
id19567,0.9912225548747255,0.008632121774622767,0.00014532335065167755
id05661,0.31402252418282867,0.010035262603663306,0.675942213213508
id27405,0.9996146463829635,0.00035784107983989155,2.751253719656568e-05
id01546,0.003113279929477259,0.99210070085044,0.004786019220082772
id02288,4.119523038892214e-05,0.9999114940585464,4.73107110646999e-05
id11057,5.382400207525943e-05,5.439271696394838e-06,0.9999407367262283
id09191,0.0022473178006113363,0.9852144937789912,0.01253818842039744
id19074,0.00013772203795187508,8.097764826544293e-05,0.9997813003137827
id25012,0.8219931175105802,0.09937840246165937,0.07862848002776034
id24857,0.013059792646369648,0.9864980369618339,0.00044217039179647447
id07557,0.02377515488917665,0.794910313981274,0.18131453112954948
id23072,0.9999437247865067,4.843014155411896e-05,7.84507193923779e-06
id20317,0.8983385920171556,0.07275096029283518,0.028910447690009337
id16642,0.9558853697957014,0.008651332122651607,0.03546329808164712
id04211,0.00023465462937122467,0.05067989647203876,0.94908544889859
id22871,0.0001603642327759395,0.9998165012645938,2.3134502630273285e-05
id16178,1.2688667977936223e-05,4.561253544170423e-08,0.9999872657194867
id25172,0.06600235902626829,0.09004615041050958,0.8439514905632222
id15654,0.8296972845344066,0.00963723291396054,0.16066548255163282
id26067,0.9975331744229176,0.00014893435580295736,0.002317891221279504
id11955,0.152274944744543,0.07001667864119743,0.7777083766142596
id24939,0.0006388886213273692,0.0011664489276422398,0.9981946624510305
id07378,0.6150852410103977,0.21607099357581597,0.16884376541378632
id22455,0.003393760773748874,0.9744879286597501,0.022118310566501025
id12850,0.038506617628073815,0.005766087914657985,0.9557272944572682
id12403,0.9677762208921338,0.00030815236896023434,0.03191562673890607
id11593,0.0026951119430460055,0.9972667063373816,3.818171957245869e-05
id27776,0.9464257869822822,0.0020587001706730435,0.05151551284704482
id14497,2.3890085169528155e-05,1.217329860888512e-05,0.9999639366162216
id24628,0.06639382081693626,0.004816268552806527,0.9287899106302572
id11283,0.21009383109684027,0.0077220073822112925,0.7821841615209484
id00459,0.9994414676641815,0.0005428011043686689,1.573123144985333e-05
id11310,0.005183722448407702,0.9898308813669745,0.004985396184617779
id05177,8.34723657779958e-06,0.9999915959658902,5.679753201533926e-08
id22598,0.00038723352758791765,0.9982721996390151,0.0013405668333969225
id05214,0.40333123316691216,0.06775573035285654,0.5289130364802312
id22797,0.8790107069668954,0.07484795554497872,0.04614133748812592
id15832,0.00043063079849921465,0.004359727333578143,0.9952096418679227
id00479,0.18675055510639416,0.8128797451507106,0.00036969974289531614
id05840,0.0030911756419163827,0.12552395012112533,0.8713848742369583
id27489,8.095263153836253e-06,5.626555898981667e-08,0.9999918484712872
id03281,0.001402706111660823,0.9978873423286497,0.0007099515596894403
id27046,0.9526550163367055,0.00039461256191109987,0.04695037110138346
id09213,6.807686956056628e-05,5.4709511478092235e-05,0.9998772136189613
id18775,0.9395272583370661,0.021803627560001232,0.0386691141029327
id09731,0.07157016125765002,0.8522422760738291,0.07618756266852088
id25031,0.8608502162875592,0.11113952831236344,0.02801025540007737
id11945,0.8249032284230656,0.03272955983042017,0.14236721174651432
id20286,0.8934075582749649,0.10379497048029711,0.0027974712447381006
id27960,0.006966182010203473,0.001434712057584246,0.9915991059322123
id13206,0.00011814757475334369,0.00026957684397000407,0.9996122755812767
id09964,0.3373120911800284,0.13536839699036554,0.527319511829606
id16811,0.0012395735440069954,0.9977530990665164,0.0010073273894766175
id08948,0.012306772213825284,0.9874441652706535,0.00024906251552121484
id17636,1.0995424280876518e-06,9.580774033424746e-08,0.9999988046498316
id14046,0.8157520103275268,0.004747838726377577,0.17950015094609562
id22873,0.9877447747954758,0.0007373651681446636,0.0115178600363795
id09962,4.059477403060364e-05,0.0009894724470175858,0.9989699327789519
id26474,0.9969890006972519,4.468222180438636e-05,0.0029663170809436446
id11898,0.34703222460725003,0.6412183964636763,0.011749378929073696
id25477,0.9997016235889735,3.75579752233082e-05,0.0002608184358031754
id25457,0.9694526657702704,0.00015059219572096402,0.03039674203400852
id26675,0.07097323819578175,0.000853594317421459,0.9281731674867968
id04422,0.004240877510364166,0.004638526705141363,0.9911205957844945
id04237,0.7424307359768069,0.1479353102054638,0.10963395381772939
id07049,0.022489005767568498,0.9408101846336092,0.03670080959882233
id18211,0.7995747614758327,0.14867612480345854,0.05174911372070862
id16033,0.016867271203428,0.9830587743813692,7.395441520272727e-05
id16680,0.7796222482929127,0.0005599150503138987,0.21981783665677343
id08977,0.042165118279611835,0.9539224579197311,0.003912423800656929
id18494,1.9647932183436797e-08,0.9999998555104029,1.2484166490073396e-07
id07714,0.006579883555994144,0.0013099138603763446,0.9921102025836296
id01243,0.9917363663737615,3.49142581031477e-05,0.00822871936813532
id18562,0.0001635946089592818,0.9995139911952001,0.00032241419584058944
id03147,0.00301759900912081,0.0005281756516822718,0.9964542253391969
id24138,0.5091794035042819,0.006261468950695952,0.48455912754502223
id21062,0.959193793899831,0.00712130559760997,0.03368490050255918
id25053,0.0017814535849134203,0.0005766485975907425,0.9976418978174958
id14390,0.02338777720220217,0.00011374555908779782,0.9764984772387101
id10122,0.15680480581218667,0.013280273444968817,0.8299149207428446
id13160,0.015937593824251695,0.9801076896276026,0.0039547165481457385
id00780,1.750539651737561e-05,0.9999799296133273,2.5649901554698305e-06
id20996,0.4769400330491267,0.019438980538488793,0.5036209864123845
id16008,0.5974132334288578,0.1519800028673123,0.25060676370382995
id10522,0.009010417216240919,0.9828750859192331,0.008114496864525957
id18498,0.8327049205145133,0.010198329937350523,0.1570967495481363
id09341,0.014980205394894565,0.9694114752517203,0.015608319353385174
id22456,0.52909812158345,0.0023833856087696666,0.46851849280778035
id07592,0.0009874788452270808,0.9981397026310287,0.0008728185237442526
id25634,0.9998865640841599,2.92757710251602e-05,8.41601448149255e-05
id15011,0.44612186653829156,0.55094832603371,0.002929807427998358
id14245,0.9028396433100772,0.0029605189452014654,0.0941998377447214
id21107,0.1404197501573684,0.0006026949897935496,0.8589775548528381
id01881,0.04030643976146868,0.9378841328647919,0.02180942737373952
id12772,0.08530852915805295,0.054035813763481114,0.8606556570784659
id17589,0.9989742661471572,0.0010209517168274054,4.78213601544074e-06
id24421,0.00017121868410194073,5.10262370817607e-06,0.9998236786921899
id22088,0.01358811374041613,0.20895571774974078,0.7774561685098431
id21687,0.19971244522571743,0.00731159964919932,0.7929759551250832
id17810,0.003800552573385305,1.8092958665301818e-05,0.9961813544679494
id25153,5.163633977488787e-06,0.9995975077631484,0.00039732860287416803
id18083,0.7704366902597731,0.14725944064432292,0.082303869095904
id00655,0.5733381915594998,0.00026141488274272935,0.42640039355775744
id13195,0.605642226806602,0.005176553186365081,0.389181220007033
id23708,0.00016695990014315592,0.9698095907842275,0.030023449315629402
id17977,0.6637184340120789,0.005675083597744761,0.3306064823901764
id10501,4.905604529879427e-05,0.9999415421065985,9.401848102757675e-06
id08697,0.6220095754247518,0.3539504658882067,0.024039958687041528
id09269,1.0574599469987857e-06,0.9999985680453122,3.7449474075047776e-07
id21153,0.9997564105023311,0.00014288268969706215,0.00010070680797180026
id06257,0.7893341510621372,0.08751268706178479,0.12315316187607803
id08366,0.45863558230510865,0.015737465461429224,0.5256269522334621
id00263,0.9154389638925793,0.04882644124895687,0.035734594858463864
id14445,0.8891761069074461,0.0003747333261540038,0.11044915976639999
id18864,0.019225086966018885,0.005512704787639129,0.975262208246342
id18427,0.7572719301433534,0.023113358834774025,0.21961471102187266
id24348,0.01058046713372494,0.022355356090298505,0.9670641767759766
id17329,0.9992974109059478,0.0004297898620158764,0.0002727992320362153
id07519,0.026501862757748264,0.9670843082159619,0.006413829026289821
id17995,0.0011288110059160016,0.0037596438739247815,0.9951115451201593
id25329,0.9727818387450713,0.023095142695813302,0.004123018559115526
id14513,0.9642061023098261,0.034879834240673674,0.0009140634495003005
id10203,0.7596512843138441,0.123916053209792,0.11643266247636397
id25887,0.7804708177192979,0.004616122353830051,0.21491305992687204
id08186,0.6232233149297105,0.00486315304236203,0.3719135320279274
id20535,0.0028781572681277267,0.9963082393324446,0.0008136033994277071
id06411,0.00019597937055639453,0.000537437879434979,0.9992665827500087
id11984,0.9682292978477244,0.009106414822508721,0.0226642873297669
id16389,0.0034878286282085252,0.9676872907956616,0.028824880576129818
id23333,0.9979069097636545,0.0020154743935583254,7.761584278725347e-05
id19447,0.03827567982748107,0.08626953659990924,0.8754547835726096
id01461,0.9761621306485151,0.00912705417889558,0.014710815172589334
id25601,0.017814031240842205,0.9819487351473624,0.00023723361179542752
id04803,0.9153707678717454,0.02017592571600512,0.06445330641224946
id19029,0.000254368927159681,0.9997382348861854,7.396186654960601e-06
id11507,0.9945785205510327,0.005157501785330752,0.00026397766363662914
id13246,0.055314851794466664,0.00036667984764705266,0.9443184683578864
id26927,0.13771414321109926,0.0005907057968475169,0.8616951509920533
id12423,0.9966077880858881,0.00337601364728515,1.619826682677833e-05
id09601,6.423268827988922e-06,0.995715054823606,0.004278521907566055
id23100,0.08264872446156683,0.11603587855915837,0.8013153969792748
id21939,0.9998033004693325,1.027845732833801e-05,0.00018642107333913122
id16139,0.00015767223847326626,2.558346206907587e-06,0.9998397694153198
id27334,0.9926655881772202,0.006862537848142395,0.00047187397463745954
id22326,3.579237447852487e-06,2.227867548772155e-09,0.9999964185346847
id18527,2.8548061610585115e-05,0.004869531943989757,0.9951019199943997
id05072,0.0002736468178435883,6.465559986134732e-07,0.9997257066261578
id21820,1.0905198346025971e-07,0.9999998894498883,1.4981283225132769e-09
id13960,0.9215460991776612,0.06534710279622773,0.013106798026111144
id03958,0.9871388099939774,0.00600761738001136,0.006853572626011275
id10849,0.7727492894953901,0.2232314596755545,0.004019250829055383
id06252,0.9996542474520209,0.0001847979067921004,0.00016095464118696034
id26045,0.9909280620154254,3.0101150128031257e-10,0.00907193768356318
id04849,0.00022389202854014876,0.999020283285264,0.0007558246861958289
id05215,0.01067139176604425,0.985236766461091,0.004091841772864732
id22830,0.3353611056876827,0.21397124379391824,0.4506676505183992
id21325,0.025460441432706985,0.9620523360491151,0.012487222518177925
id09287,0.0014099468059018327,3.469789804484066e-06,0.9985865834042937
id24354,0.2572667676897853,0.6724125474310774,0.07032068487913724
id06784,0.010707665015693323,0.8793272107248987,0.10996512425940798
id03848,0.3923406458402496,0.023248401941869307,0.5844109522178811
id01410,0.07880144997604939,0.06274728305105426,0.8584512669728964
id00874,0.21877280191870782,0.0015207322123398355,0.7797064658689524
id00784,0.00904087171931894,0.0002635374798167429,0.9906955908008643
id19909,0.022461747249816123,0.9741688817537543,0.0033693709964296415
id18906,0.0010170020767356319,0.9958626154315384,0.003120382491726035
id18748,0.00025797035272880856,0.0011538774704162632,0.9985881521768549
id04654,0.6907680459127848,0.29635892496576255,0.012873029121452618
id07608,0.8031820691284834,0.06234426483981896,0.1344736660316976
id10845,0.0006035806701136133,0.9951962354096314,0.004200183920255026
id10718,6.339186799070155e-05,8.205963126263746e-07,0.9999357875356967
id19100,0.002161088322967284,0.9977418299928368,9.708168419598157e-05
id10416,0.987281041550826,0.0029677410496063606,0.009751217399567613
id02535,5.19044984810949e-06,0.9999713117637923,2.349778635954476e-05
id23920,0.008244177816920448,1.6446314381517748e-06,0.9917541775516414
id16226,0.7569096057762498,0.1804444269150028,0.06264596730874733
id09196,1e-15,0.999999999999998,1e-15
id03368,0.024005619038763783,0.5751806383520205,0.4008137426092157
id27373,0.5181394030247403,0.05010124202818616,0.4317593549470737
id11497,0.356349782753267,0.39951918659550656,0.24413103065122638
id07640,0.49411261063365275,0.5046798448574056,0.0012075445089416133
id22416,4.280722634320612e-08,0.9999999326943425,2.449843112890477e-08
id20303,4.30681075293677e-05,0.999956426071018,5.058214526645434e-07
id13811,0.015343713462854373,0.000473795029002396,0.9841824915081433
id04365,0.002655518272053424,0.9820942444233738,0.015250237304572752
id00199,0.000757084389768229,0.01834033584049355,0.9809025797697383
id24884,0.9999948179236102,1.995951964684329e-08,5.162116870137657e-06
id06763,1.7342061916935315e-05,0.9998902380952213,9.241984286176154e-05
id18275,0.5788285966141458,0.23246595652280613,0.1887054468630481
id20971,0.5533586291564815,0.35553791477597996,0.09110345606753863
id01581,7.697128068401517e-07,3.016527239565315e-07,0.9999989286344692
id24805,0.02247740691260449,0.000498586587320237,0.9770240065000754
id07950,0.0004467646066629612,0.9980584146276132,0.0014948207657238595
id26346,0.0030050305279466054,0.013529250601606745,0.9834657188704466
id24046,0.9088472705064827,0.0020770054331781386,0.08907572406033915
id05548,6.836338015993128e-07,0.999999289995419,2.637077954424457e-08
id17433,0.9888280859104656,0.0019205522737098205,0.009251361815824751
id18712,0.9009870950570663,0.003510131794766147,0.09550277314816763
id21128,0.010422790162394462,0.004793941223331916,0.9847832686142736
id02906,0.05540325468379496,0.11997975461601174,0.8246169907001933
id22201,5.671646416876503e-08,0.9999999432820086,1.5272706896225277e-12
id08614,0.004820333542316662,0.9914759988668621,0.003703667590821205
id22484,0.020967837538574164,0.9779975505581657,0.001034611903260154
id16291,0.07971212294208799,0.9021661183487949,0.01812175870911717
id26869,0.07359512798754839,0.9106288494978335,0.015776022514618168
id18062,0.0002952222074737294,0.9996503474618629,5.443033066339073e-05
id27078,0.9706625578840203,0.029216592451671686,0.00012084966430793759
id02756,0.009786321817528273,0.05434506528568509,0.9358686128967866
id03454,0.0001207914956807121,0.0016059740927751426,0.9982732344115441
id02195,0.016933799652879573,0.002721736505017801,0.9803444638421027
id27418,0.0016169392420017706,0.9983276519352445,5.540882275372025e-05
id02733,0.9747845271164097,0.02110372144461268,0.004111751438977576
id15677,0.7893192505233997,0.00787719953336306,0.20280354994323724
id08204,0.8932788408400473,0.008134859344780058,0.09858629981517268
id11529,0.9955077713438456,0.0014360319847525514,0.0030561966714019837
id14000,0.006573024310806071,9.539666853165113e-06,0.9934174360223408
id11866,0.8785231791970449,0.005141719387197524,0.11633510141575756
id14084,6.391213248592671e-07,0.9999990569584526,3.039202225417092e-07
id17826,0.30825020374452355,0.0788404163635821,0.6129093798918944
id07289,0.0018312466570064502,0.0013961644101994873,0.9967725889327941
id05102,0.97614349802205,0.00838634604230872,0.01547015593564125
id14779,0.9756578335642649,0.00011943654239517891,0.02422272989333979
id19144,0.0011612618403965718,0.9980759898335513,0.000762748326052139
id12372,6.533319956929637e-05,0.9998032488623024,0.00013141793812827381
id05673,7.001677216554428e-06,0.9999918585762769,1.1397465064583977e-06
id07343,0.0007623785125278563,3.0049125578292443e-06,0.9992346165749144
id10390,0.010767698609692957,0.9678320421218969,0.02140025926841012
id27323,0.028953518390614993,0.0001223639025405076,0.9709241177068445
id26483,0.9999690888878382,2.543995874563775e-05,5.471153416218624e-06
id07690,0.6993832378747652,0.14456664670123104,0.15605011542400382
id22766,0.8388980289540918,0.009466294590325884,0.1516356764555823
id10289,0.994883534905873,0.0006883459481043303,0.004428119146022689
id22243,0.01406253019615061,0.9749854393444681,0.010952030459381262
id24509,0.0185398051620956,0.980711575368383,0.0007486194695213946
id02407,0.0006663145740762789,0.9955002708646514,0.00383341456127228
id08746,0.003516705061315035,0.0002515377544293857,0.9962317571842556
id12854,0.8011846451715149,0.15501662139323236,0.04379873343525274
id25598,4.0946673667000734e-05,0.001178278630775566,0.9987807746955575
id16973,0.004816105353771822,0.0014670052831808795,0.9937168893630474
id20066,0.016728530945145505,0.0031036765733403315,0.9801677924815142
id25966,1.9542560712376075e-07,0.9999995730210232,2.3155336967480145e-07
id21599,5.8577031579102104e-05,0.0008620940537046868,0.9990793289147163
id17112,0.9619451389803797,0.0025450058524142216,0.03550985516720612
id01775,5.958865548265373e-06,0.9999834627489044,1.0578385547395988e-05
id08484,0.0005205959888612471,0.000188254824693856,0.9992911491864449
id12094,0.0015214019881105948,0.9954513360652082,0.0030272619466812714
id25422,0.24051108359208212,0.008392424787729254,0.7510964916201887
id25063,0.05375535424045542,0.9363502910844297,0.009894354675114923
id25508,0.007634759777293121,0.00021184486367919377,0.9921533953590277
id01575,0.16325655946493667,1.7744913080858462e-05,0.8367256956219825
id24368,0.00041235403920776017,0.00017292360044116493,0.9994147223603511
id16823,0.006594501202345317,0.984454796327121,0.008950702470533718
id22747,0.00944268970831931,0.9900763116546293,0.000480998637051408
id19321,0.008633266023854336,0.004179153883918482,0.9871875800922272
id08220,2.488803062585622e-06,0.99998153232726,1.597886967742779e-05
id12296,0.524361128677427,0.0008583648142036839,0.4747805065083693
id11186,0.999928454089004,6.368898464393426e-05,7.856926352104936e-06
id10551,9.149713471432071e-07,0.9999988780207446,2.0700790835211811e-07
id20839,0.2876070222935754,0.16361286987845006,0.5487801078279746
id06118,0.7753324567077284,0.09226032394602861,0.13240721934624303
id06330,0.03727556786314336,0.7494393360206227,0.21328509611623395
id02669,0.30211729581818136,0.570595754604352,0.1272869495774667
id14811,0.999976998789504,1.8275981970993418e-05,4.725228524986754e-06
id04728,0.9980312033910156,0.0006549089985347991,0.0013138876104496476
id16646,0.007708752507380464,2.9803755944689386e-05,0.9922614437366748
id13018,0.001129525687335043,0.9883814929498361,0.010488981362828909
id15248,0.9873796493998392,0.011264389337229735,0.001355961262931094
id23476,0.18323330780840058,0.5422879283878979,0.27447876380370156
id09208,0.0012123050637452308,0.9987793203207166,8.374615538104494e-06
id19351,0.9101993340218643,0.08444968626368508,0.005350979714450596
id02009,0.8696527020238533,0.02287647307476047,0.1074708249013863
id00785,0.9582674621884129,0.0003808282502758193,0.04135170956131131
id07975,0.26652107502570743,0.16889204391596016,0.5645868810583324
id17892,0.014254814125241473,0.9145332469688257,0.07121193890593293
id03299,0.3023259467897165,0.08513900103384703,0.6125350521764364
id15351,0.038706774499840974,0.9569918528518714,0.004301372648287622
id11066,0.27846123271887996,0.717320524289488,0.00421824299163193
id20485,0.00020013521348526098,0.9997985832226285,1.2815638862875688e-06
id13866,0.9994695480781521,6.634183615536521e-05,0.0004641100856924805
id17335,9.702683098957432e-07,0.9999989428467853,8.688490488357421e-08
id15220,0.9233247130655379,0.04914838395055725,0.02752690298390494
id24047,0.9596595865230054,0.03724707312171044,0.0030933403552841523
id15180,0.0006248044385624951,0.9993285362898414,4.665927159604003e-05
id16921,0.04721622870533563,0.0015015044468104856,0.9512822668478539
id17207,0.0024993418359099636,6.188170706603964e-05,0.997438776457024
id15068,0.08349586549488967,0.018910937253366393,0.897593197251744
id22013,0.9523114129373722,0.01803779544930987,0.02965079161331801
id11929,0.5679484741648021,0.002979652378464029,0.4290718734567339
id12540,0.013119458238967046,0.9868107420365851,6.979972444776241e-05
id12582,0.7998923765629782,0.07221998578660374,0.1278876376504181
id05261,0.37499600812765255,0.53036717865459,0.09463681321775749
id08471,0.9790714193872567,0.00700410573026701,0.013924474882476279
id15209,0.08210767554718017,0.9157043117256629,0.0021880127271569952
id01148,0.9670767230772367,0.020876705510173683,0.012046571412589538
id26519,8.942482983425835e-05,1.6514202507285244e-05,0.9998940609676584
id16510,0.9824435795054856,0.012347230964069478,0.0052091895304450355
id03888,0.0001971897175053694,0.9994079693025182,0.00039484097997649555
id27926,0.9856364417715927,0.00767321870796414,0.006690339520443287
id05359,0.015118061841354013,0.0029098924880958336,0.9819720456705502
id04274,0.9664052771606626,0.019553468978301597,0.014041253861035928
id21013,0.0333343186095249,0.30061572920211477,0.6660499521883603
id11443,0.010558090003492759,0.03342263773198551,0.9560192722645218
id09956,0.7672889420178175,0.20773897238255265,0.024972085599629927
id03138,0.31574269569391433,0.6714322610797036,0.012825043226382034
id08516,0.9960450593809448,0.0005475150932766551,0.003407425525778642
id08608,0.0010725473286202437,0.0002599337556859883,0.9986675189156938
id04629,0.00305159785570812,0.011133149037421623,0.9858152531068702
id19808,0.9916488088592978,0.007497296211091991,0.0008538949296102324
id16578,0.2994048609343113,0.06271372724626037,0.6378814118194284
id04607,0.3242945068037384,0.6106134694465651,0.06509202374969655
id22816,0.001617326673822839,0.9967927763678395,0.0015898969583377546
id27913,0.7409830130298068,0.18735791391837034,0.07165907305182292
id00346,2.3061606209204666e-05,0.0008296413849731564,0.9991472970088177
id02198,0.00033833255607321135,0.9994536862790492,0.00020798116487766335
id27303,0.9998878030545011,8.986815080289436e-05,2.2328794696022137e-05
id07033,0.011130450907399897,0.030083338436337596,0.9587862106562625
id03546,0.004499746305786087,0.08110931022240067,0.9143909434718133
id14709,0.9999691474096879,6.763449425618893e-07,3.0176245369530674e-05
id25348,0.9993572480800403,0.00016553925775903154,0.0004772126622005878
id19596,0.055862197350926956,0.03235068559949983,0.9117871170495733
id12265,0.04102651048813602,0.0009376118239657088,0.9580358776878982
id01054,0.5108109270897305,0.002364817856547874,0.4868242550537216
id03002,0.0010829459433418195,0.00022210850189593835,0.9986949455547622
id25624,0.9999915050487255,8.391602477346803e-06,1.0334879724677613e-07
id16202,0.6328654203261868,0.13770245651102514,0.22943212316278816
id08187,0.4720117510797714,0.517832764199432,0.010155484720796587
id24373,0.16403353426548473,0.11613766803959444,0.7198287976949208
id06415,0.008377559162686324,0.4361798505108962,0.5554425903264175
id09078,0.00034966263898074607,0.9996392821033921,1.105525762707243e-05
id25989,0.9274755240178829,0.0005749284800356796,0.0719495475020814
id05431,0.9116871000319547,0.008945493069340334,0.07936740689870492
id16557,0.0018202086555089586,0.9975105640395621,0.000669227304929008
id22749,0.9898136331967202,0.004475720448478954,0.005710646354800808
id00697,0.0522614738823541,0.02159856271045002,0.926139963407196
id22969,0.9938861935250785,0.002701062556799813,0.0034127439181217637
id07440,0.03419312078402581,0.042843764586763686,0.9229631146292105
id19872,0.251991433110209,0.016158428354915294,0.7318501385348758
id06054,0.994420789104376,0.005316983589110404,0.0002622273065135725
id27862,0.972256870905061,0.0018183380920830448,0.02592479100285593
id27186,0.48546549400446687,0.44959347214728396,0.06494103384824913
id01617,0.00435572259864136,0.0002382766030486867,0.99540600079831
id11922,0.005862412608871945,0.9936387920302028,0.0004987953609251866
id15003,0.016230299168820513,0.5073229717276304,0.47644672910354907
id09458,0.012270251727138913,0.0018316542963700006,0.9858980939764911
id03568,0.9325271829170941,0.029005220670267985,0.03846759641263792
id27132,0.9781943772961811,0.02173430577146177,7.131693235716698e-05
id24204,0.0310389909439755,0.9553944822590694,0.013566526796955004
id24736,0.8807320818943568,0.03452483219262557,0.08474308591301763
id06990,1.6335688908194177e-06,0.9999745709802794,2.379545082970242e-05
id24155,0.004283215111889708,0.9813428120275086,0.014373972860601747
id22129,1.8388772494188237e-05,3.991882308281712e-07,0.999981212039275
id00191,0.01499708430903925,0.0001406161608955512,0.9848622995300652
id05185,0.2474887836776002,0.0015567907465366985,0.7509544255758631
id13399,0.3448856349707847,0.5015248810499394,0.15358948397927596
id20862,0.815573135055022,0.048924563924294166,0.13550230102068384
id06180,0.9819917146715834,0.0013780417597593201,0.016630243568657256
id27225,0.6796451971189265,0.11171981311281658,0.208634989768257
id09447,0.00697678116896869,0.3936159141408277,0.5994073046902036
id18125,0.999999975387231,4.424814086718449e-09,2.0187954955645077e-08
id04010,3.697419784228106e-05,9.307623341540852e-05,0.9998699495687423
id17932,0.9736536128813195,0.0038746561230766753,0.0224717309956038
id17948,0.9928660580166231,6.530353722620133e-07,0.00713328894800474
id18545,0.04149249592191167,0.04774616055751789,0.9107613435205705
id03389,0.9995803911034191,0.00018053642853980558,0.0002390724680412108
id02487,0.27771094798274076,0.0031486868878385223,0.7191403651294207
id04924,0.9951577821960212,0.0006211225472816421,0.004221095256697079
id23553,0.02964982911377444,0.006254463073675289,0.9640957078125503
id16831,0.999748474289148,1.6064481884360374e-05,0.00023546122896756476
id01296,0.9999999953962309,4.530455951888132e-09,7.331323513653091e-11
id12033,0.00018476386725254642,0.012788250164394102,0.9870269859683534
id06913,4.2945726309486124e-10,0.9999999908356694,8.734873337194531e-09
id15715,0.006327583100827013,0.9902209055303928,0.00345151136878014
id23432,0.13642342823121753,0.003423598811621005,0.8601529729571615
id01152,0.5611058237588307,0.17514982519765518,0.2637443510435142
id16384,0.25171165735651435,0.5892695511103747,0.15901879153311094
id04060,0.6791595898364505,0.0005634055416895874,0.32027700462186
id21604,0.9999878371784227,1.2032053439054769e-05,1.3076813835421223e-07
id11212,9.937691534411701e-08,8.289092657022133e-08,0.9999998177321581
id26589,0.048954987897967546,0.1731361774441033,0.7779088346579293
id15858,0.8817556497221932,0.11280059922015355,0.0054437510576533735
id02814,0.02708735478626009,0.9275491749920232,0.04536347022171675
id18347,0.3922503056735242,0.014562311690960705,0.5931873826355151
id02517,0.21288662072756814,0.022774703793185316,0.7643386754792466
id20800,0.9764155544645896,0.018737608448218965,0.004846837087191471
id16428,0.9926513523404512,0.0036721441299917834,0.003676503529556922
id23844,0.9999964692072397,2.6041026015214934e-06,9.266901587974989e-07
id11149,0.000673808240646881,0.9961322786751058,0.0031939130842473054
id12505,0.00011808165461714448,0.9996446092898434,0.00023730905553952388
id10850,0.34003329207613336,0.6543820352400682,0.005584672683798406
id05706,0.8662963841914262,0.0017047536143290352,0.13199886219424484
id23216,0.10645172088843756,0.8707580730226205,0.022790206088942
id16618,0.0005491961896530438,1.6031126701432176e-05,0.9994347726836456
id04283,0.0019704769431914703,0.9366367517340235,0.06139277132278502
id20374,0.0008614197592668925,0.0262056392362899,0.9729329410044433
id07227,2.160696499360647e-05,0.9984306092191567,0.0015477838158496967
id06396,0.9961758406510143,0.001377942319136692,0.0024462170298490122
id08884,0.9995852331502151,5.437208563312272e-05,0.00036039476415184905
id10983,0.9999651401401489,2.2395094689685548e-05,1.2464765161329338e-05
id07296,0.00018869856499431964,0.9997909483380941,2.0353096911525157e-05
id17683,0.0032477792570124063,0.029013286485930444,0.9677389342570571
id26473,0.0015558188542415595,9.078704751330237e-05,0.9983533940982452
id06454,1.0032814326338057e-05,1.0972033825020571e-07,0.9999898574653354
id19166,0.9998131052335893,1.6511085139058678e-08,0.00018687825532551344
id08406,0.27311300884871886,0.5883480113634225,0.13853897978785865
id25126,0.012437329732665911,0.014567725890857737,0.9729949443764764
id27593,0.9604029202621021,0.02614941110023764,0.013447668637660356
id24613,0.00713091093971838,0.002086892853955823,0.9907821962063259
id26586,0.9904020553409031,0.005548440872022821,0.004049503787074134
id25719,0.007996268194436785,0.000756598179095581,0.9912471336264677
id05015,0.6384096725887328,0.22093150560552474,0.1406588218057424
id01594,0.4093950980000265,0.2097898588898443,0.3808150431101292
id01522,0.000670883640157029,0.02171149990356574,0.9776176164562772
id06935,0.9999577933848586,3.309554478718176e-06,3.889706066269712e-05
id01975,0.00013074228925893326,0.0012343932301383787,0.9986348644806027
id20847,0.0008643318388674455,6.988014348905832e-05,0.9990657880176435
id24960,0.0006120942050350654,0.0003489825716557532,0.9990389232233092
id27808,1.4927483376524532e-05,0.999984126692821,9.458238025356903e-07
id25463,0.9965342206095172,0.002500257470612676,0.0009655219198701472
id11367,0.5260751046360249,0.10758704616968134,0.36633784919429374
id02273,0.003814447966511195,0.0017080202999466734,0.9944775317335421
id02167,0.9964975123773129,0.00013468346377742317,0.0033678041589098
id08352,0.0003725144982595645,0.9995415233436381,8.596215810231453e-05
id26928,0.03672482752661958,0.9463004876557665,0.01697468481761408
id04224,0.995106941062458,0.004893033090108456,2.584743351770875e-08
id00462,0.2385278859676303,0.7427538434417981,0.018718270590571653
id16591,0.003677039542906008,0.9924628589798502,0.0038601014772438056
id06982,2.897859047035344e-09,0.9999995677158569,4.293862841381961e-07
id24880,0.004726987393782205,0.782347947494149,0.21292506511206885
id27479,0.029857316927308163,0.013053966003875116,0.9570887170688167
id16556,0.9774632795732326,0.021865066499465444,0.0006716539273019934
id15231,0.0132643145095158,0.002858375611213594,0.9838773098792706
id14694,0.9139121269989844,0.02401857049449619,0.06206930250651944
id01114,0.9524102761032894,0.016492485136808555,0.031097238759902016
id18694,0.5775669086007369,0.23609911198046893,0.18633397941879415
id25551,0.6085776872189893,0.0034433268474831787,0.3879789859335275
id23478,0.0653593797765529,0.04277702082618278,0.8918635993972643
id22780,0.9578322579275002,0.037569364599029306,0.004598377473470587
id06602,8.220342918018066e-05,0.9983970434513084,0.0015207531195113803
id05176,5.280220023807068e-07,0.9999992177037993,2.5427419833208694e-07
id15450,0.014453450887652163,0.01268022009934082,0.9728663290130071
id16956,0.00141630933422337,0.004492447664757088,0.9940912430010196
id23532,0.007993015595289912,0.9876821008192087,0.004324883585501526
id22688,0.001226444787731484,3.953997897101189e-07,0.9987731598124788
id12898,0.12229640102344748,0.8667185375612289,0.010985061415323641
id21525,0.9999300604363213,2.3161462777251386e-05,4.677810090151123e-05
id13576,0.9818524600048201,0.00504461371743687,0.013102926277743116
id07080,0.2795943429600777,0.5748162798220119,0.14558937721791035
id25397,0.9999762632220935,2.2786450938607484e-05,9.503269678631896e-07
id08383,0.8702964859797078,0.08625491789751924,0.04344859612277302
id08285,0.9031669945657892,0.004327700619983143,0.09250530481422768
id10323,0.2283111747537942,0.014433462241313451,0.7572553630048924
id10441,0.00011929996420063886,0.9998564297894339,2.4270246365444172e-05
id26298,0.795518743038789,0.00013858321766730392,0.20434267374354373
id13531,0.9401087284414947,0.05891962474423178,0.0009716468142735578
id03191,0.92837646447941,0.060100544475723265,0.011522991044866805
id19771,0.0003738753615619481,0.999234454714453,0.00039166992398494924
id03275,0.9946415937326053,0.0015174095689594466,0.0038409966984353414
id11616,0.004260750819778313,0.011716666152210018,0.9840225830280117
id03117,0.00034172228534660326,0.9995650233823764,9.325433227710213e-05
id08054,0.021192351833518586,0.0004675429294405028,0.978340105237041
id15303,0.019406142760947036,0.9653072975885859,0.015286559650467114
id02470,0.009686258465078165,0.002141178971534152,0.9881725625633877
id01452,0.04644103320634308,0.1012471629042589,0.852311803889398
id11934,0.0008576740105306004,0.9974868784822903,0.001655447507179033
id00258,0.10151798070623048,0.5479552331596138,0.3505267861341558
id27905,0.3189836485926297,0.38015072311308384,0.3008656282942865
id23897,0.00022560020012643033,0.9997679169107834,6.482889090311848e-06
id02334,8.379563801882575e-05,0.9999003838539187,1.582050806252502e-05
id07638,0.9989295456688665,0.0002611161123314927,0.0008093382188020724
id13181,0.47265140653280807,0.16745860732909607,0.359889986138096
id01284,0.9999817436268051,2.789334772828592e-07,1.7977439717488245e-05
id27402,0.9995788378788205,7.3837807571910295e-06,0.0004137783404222889
id14742,0.0008948016100924634,3.0215920046034524e-05,0.9990749824698615
id12370,0.46027125764570936,0.0012450253918033758,0.5384837169624873
id19048,0.993792887514919,0.001658718122316888,0.004548394362764124
id08388,0.0013037800483763162,0.0018839640751929015,0.9968122558764309
id19205,0.9858523582695378,0.014004429157776117,0.00014321257268610138
id04851,0.012760668010948875,3.014059938137393e-06,0.987236317929113
id16478,0.1539014508069793,0.8448692479097065,0.0012293012833142075
id06806,8.810555415415774e-05,0.9998495039572196,6.239048862631349e-05
id13659,0.0729605736175793,0.5520275502692059,0.3750118761132147
id09861,0.02503514714223014,0.9742245317246616,0.0007403211331082566
id05986,6.065246049869273e-13,0.9999999999992678,1.257026990497868e-13
id15844,0.009073033455434296,0.9829476238652085,0.007979342679357201
id05900,0.9488135144362755,0.0032951247668560335,0.04789136079686851
id20409,0.7778305194146448,0.21567088417101937,0.00649859641433593
id08751,0.05730142205207914,0.9272239411638582,0.015474636784062782
id22617,0.2864318486586398,0.007242744932356402,0.7063254064090038
id13064,0.1139833176266186,0.0018347586950258283,0.8841819236783556
id14506,0.006602077198734089,0.008852091189687881,0.984545831611578
id05783,0.0015143845494318406,0.00265346246640631,0.995832152984162
id23139,0.0005590182499383216,0.00010504226297844981,0.9993359394870832
id04770,0.9999781791433289,5.036227633053146e-07,2.1317233907833108e-05
id11775,0.9957608957544967,0.00040855939262927503,0.0038305448528740513
id12936,0.0030615081547926107,0.005950225115897275,0.9909882667293101
id20522,0.009403309590109708,0.9878486884303879,0.0027480019795024535
id22929,0.9996411733361995,0.00019912583436988162,0.00015970082943056848
id11357,0.7553625300260639,0.005785364625370657,0.23885210534856552
id10028,9.901839399845682e-05,0.9998540718867103,4.690971929121007e-05
id10617,0.15091429971472492,0.010119606427918443,0.8389660938573567
id23988,0.9999999995914364,3.9901712384193406e-10,9.546542028411411e-12
id20434,0.18117965026782135,0.06040021014848121,0.7584201395836975
id06611,6.768809810350036e-05,0.002156456725263012,0.9977758551766335
id18405,0.5913849000184804,0.27936299309450624,0.1292521068870134
id27427,0.7335271292779505,0.17097712432966733,0.09549574639238226
id16168,0.00820657502510828,0.991539328245228,0.00025409672966391554
id02139,0.8783128887109445,0.12116566642916621,0.0005214448598893245
id18654,0.005133486434022575,0.991239772310597,0.003626741255380475
id24598,0.8333987898378769,0.03837051666705714,0.12823069349506594
id23360,7.726868139092183e-05,0.9999127935895848,9.937729024274374e-06
id06220,0.005993434367011331,0.9787871156663189,0.0152194499666698
id26411,0.9966000168208667,0.002569462769713596,0.0008305204094196474
id27660,0.9930930862536256,0.0018623070751468882,0.0050446066712275675
id07192,0.006129685390560369,0.009216609793544023,0.9846537048158956
id18074,0.0001638720735277342,1.6432226008147619e-06,0.9998344847038715
id11784,0.046884698507859764,0.9515523804061427,0.0015629210859975952
id04810,0.013568079826472181,0.006212814885422932,0.9802191052881049
id01716,0.9895573351834773,0.009201640255286253,0.0012410245612364435
id27584,0.765478774739965,0.11386464838607475,0.1206565768739603
id25409,0.0025520566002785994,0.00018134019718559258,0.9972666032025359
id06430,0.8230464896525721,0.055397802224765716,0.12155570812266214
id11135,0.9975486170413008,0.0024426008676245157,8.782091074726094e-06
id27712,0.09074505788712554,0.002403273752822976,0.9068516683600515
id27233,0.8373313014301973,0.14835479563170792,0.014313902938094864
id13522,0.8176593971244821,0.06251629387197255,0.11982430900354543
id11625,8.567904416571326e-08,3.4130088051452297e-09,0.999999910907947
id03246,0.07622035090871018,0.9225829507661746,0.0011966983251153111
id05341,0.7610429184833853,0.23382232097608752,0.005134760540527261
id22061,0.00023738445776318374,1.8607082166433823e-06,0.9997607548340202
id03170,0.7181847974335006,0.27434268628369696,0.0074725162828024015
id09768,0.0031653077455143478,0.0033497077124976767,0.993484984541988
id20721,0.8653035889473606,0.05486545709052645,0.07983095396211304
id14854,0.9675408784098042,0.028153799756057838,0.0043053218341380485
id01123,0.9975160970750828,0.00018142050369166437,0.0023024824212255694
id00842,0.9983348210123009,0.00038229637457172435,0.0012828826131273305
id11035,0.4725808284227595,0.0009652283533709605,0.5264539432238695
id19301,2.862682901499825e-07,0.9999995428001863,1.7093152354305546e-07
id06409,0.17130567889506657,0.41717751923147933,0.41151680187345413
id09883,0.996481178375737,0.003383525918583044,0.00013529570567990894
id04218,0.6986314561495415,0.11377998332406151,0.18758856052639714
id25171,0.000740536651546804,2.853966359550263e-05,0.9992309236848577
id13394,0.06842255452733112,0.0935868392111512,0.8379906062615177
id14322,0.9999998647088387,1.067732985299296e-08,1.24613831577449e-07
id17623,0.0007004539212073612,0.00024216723041004803,0.9990573788483826
id16980,0.9998115201466047,0.00016635327728077635,2.2126576114603494e-05
id22634,0.017369195154901013,0.0003420960177690018,0.98228870882733
id03773,0.9995814851792922,0.0002681316151017884,0.00015038320560599162
id20243,0.00020103455103187944,0.9794175704991644,0.02038139494980364
id12135,0.07345702924357495,0.9260191100266694,0.0005238607297555396
id11727,0.6285288193668512,0.310720532963238,0.060750647669910736
id06460,0.253868952843151,0.7363496213890602,0.009781425767788869
id23515,0.8035035776741618,0.04418960828287755,0.15230681404296068
id16908,0.011157946867573267,0.029190286112501643,0.9596517670199252
id10641,0.9091656840902725,0.08805624079024416,0.00277807511948317
id22637,0.015536451348305736,0.000830445833259891,0.9836331028184344
id19724,0.9783548136358394,0.01882716728554814,0.0028180190786124574
id12295,0.021396531901114395,0.9780761281759501,0.0005273399229354714
id18977,0.0550730201233359,0.03546799242478046,0.9094589874518836
id27456,0.885091938007698,0.11208431149181801,0.002823750500484061
id02223,0.9805500339934609,0.01094249636683027,0.00850746963970888
id06374,0.020081504144694617,0.0036417397529729277,0.9762767561023324
id13746,0.008330780417898923,0.004870953882598818,0.9867982656995022
id24107,0.03443447482467768,0.0008548362039326115,0.9647106889713897
id09075,0.0020979453489211376,9.250434885436037e-06,0.9978928042161934
id06741,0.40829248813767344,0.0008883140103938469,0.5908191978519327
id25474,0.7980819540725899,0.00938674515344219,0.19253130077396804
id02497,0.9997219693163859,1.4843585882807323e-05,0.0002631870977313386
id21878,0.9986506627476416,4.36147196059776e-06,0.0013449757803978904
id23199,0.03668858455727059,0.0037790750668819486,0.9595323403758476
id12018,0.9994910251159546,0.00015232296712716368,0.0003566519169182963
id20722,0.1759173118565885,0.0004406811991287757,0.8236420069442828
id05372,0.020641697241623038,0.9783394215768265,0.001018881181550573
id07964,0.5521569824748267,0.010556467822655497,0.43728654970251774
id02393,0.05926434852400456,0.014256898533113642,0.9264787529428817
id10923,0.11914415383373088,0.01213201034186606,0.8687238358244032
id01260,0.842218212882865,0.09873857088680206,0.059043216230332915
id09037,0.012340228039830745,4.2709498646063704e-05,0.9876170624615231
id01477,0.21265429982388598,0.004684220804721361,0.7826614793713926
id11164,0.998803519768702,0.0009056643738806717,0.00029081585741744237
id20313,0.9611720038606592,0.0019812223150903895,0.03684677382425051
id20067,0.0002558645228351812,0.00047810967006261976,0.9992660258071022
id17248,0.9732405344795285,0.0009896223779583453,0.025769843142513158
id24557,7.339979063842277e-05,2.9352303346858036e-07,0.9999263066863281
id26745,0.8298876101462536,0.002355466822441211,0.16775692303130516
id16759,0.02409945890148376,0.011560455953577665,0.9643400851449385
id22382,0.9951933802567813,0.00040891791813821386,0.0043977018250804766
id18404,0.2600532474466445,2.9225983840781808e-05,0.7399175265695147
id23761,7.0102224019161556e-06,8.279130280147493e-07,0.9999921618645701
id00511,0.0011274039677384845,0.9988634939152701,9.102116991470523e-06
id15560,0.9545526717246149,0.042259601704730816,0.0031877265706543503
id04834,0.9865736281186874,1.7748124732974224e-05,0.013408623756579653
id26796,0.9953766082601585,0.0045111059822385575,0.00011228575760293506
id14809,0.00010359656380295128,5.044743521014771e-06,0.9998913586926761
id15091,0.7622710986248284,0.021905828275944058,0.21582307309922732
id14861,0.21288814865393257,0.7139682402768972,0.07314361106917022
id21193,0.028047314370924087,0.6153957052261589,0.356556980402917
id20331,1.1001235827502085e-05,0.9999887803045227,2.1845964982439296e-07
id17847,5.206880953131851e-05,0.9996310572500146,0.0003168739404540444
id00795,0.9999934308671777,6.398817606828239e-06,1.7031521559058211e-07
id22651,0.9999570682525514,1.9610101104250186e-05,2.3321646344310775e-05
id22803,0.9991739405647264,0.0004286872761880485,0.00039737215908553294
id01714,0.9999936799725321,6.514295644504487e-07,5.6685979034962105e-06
id05350,0.01954583013648396,0.02437887281057517,0.9560752970529409
id08674,0.9999999692336433,2.435321226621931e-08,6.413144530277874e-09
id04427,0.0012703518183942804,0.9985190053214467,0.0002106428601590011
id17815,2.3515091676401e-10,0.9999999997133565,5.1492577455533083e-11
id22270,0.7994735035036764,0.15466842765087221,0.045858068845451364
id11183,0.011527540986233667,0.0008029136782736948,0.9876695453354927
id00326,0.9185814920013287,0.021189574821370984,0.06022893317730036
id00382,0.9999994290583674,5.435667310744876e-07,2.7374901536199404e-08
id11557,0.0001413387069203347,0.00043217538838876405,0.9994264859046909
id20271,0.997365285322168,0.001489843480850643,0.0011448711969814101
id05133,0.9999744593191646,1.5763513483817428e-05,9.777167351567928e-06
id14597,0.03556484503481828,0.9643757656224176,5.9389342764231024e-05
id21411,0.0005134859931188845,0.9987580479264572,0.0007284660804240397
id15375,0.17733631007962122,0.0011201944356148913,0.8215434954847639
id10172,1.185178910992818e-06,9.023865567915189e-06,0.9999897909555211
id13524,0.9080542098776093,0.005092891459709561,0.08685289866268103
id26331,0.8578982578733098,0.012667714119333736,0.12943402800735654
id20167,0.017527203732534226,0.0004219394964161087,0.9820508567710498
id03249,0.031602690563273084,0.9683409329227985,5.637651392845016e-05
id15839,0.9982826361277318,6.030320730881154e-05,0.0016570606649594162
id27200,0.0003587555617494447,0.9994689662280397,0.0001722782102108188
id15847,0.0013809824092207996,0.0006489594364368386,0.9979700581543424
id07249,0.07623308802746069,0.9182585518247446,0.005508360147794815
id19494,0.9423414197703717,0.050963460445732855,0.0066951197838955355
id01388,0.0010271050331720137,0.979988364383953,0.018984530582875057
id22045,0.005027484086600353,0.00024689419924402406,0.9947256217141557
id09111,0.874948041681842,0.06155454843416419,0.06349740988399376
id04011,0.0009076426950795731,0.6942078194484825,0.30488453785643793
id26410,3.5580196594095963e-10,0.9999994006711026,5.989730954429133e-07
id19614,0.5890985500133585,0.3303124845806997,0.08058896540594183
id10183,0.00011356691858550572,0.9998513396186123,3.509346280218108e-05
id20388,2.1322136479915424e-06,1.0230970429294326e-06,0.999996844689309
id16498,0.9994623555857755,0.0005359327652146126,1.711649010027312e-06
id18488,8.748185413544138e-05,0.002224576403592438,0.9976879417422722
id11018,0.02207316922874738,0.8464705665225082,0.13145626424874443
id16185,0.9505799770839823,0.0488370906117798,0.0005829323042379084
id23501,0.23571399595013165,0.7243215750224096,0.03996442902745888
id02837,0.2528973774248795,4.9070147087468774e-05,0.747053552428033
id05544,0.8668008190915558,0.012695560557093486,0.12050362035135072
id22784,0.26798121944757286,0.360192544651464,0.3718262359009632
id15404,0.0006597488286026398,4.321225753259709e-05,0.9992970389138648
id13010,0.7125246408876502,0.28545717467164905,0.0020181844407007946
id22169,0.0001147339903334239,0.9997175498720776,0.00016771613758892524
id16438,8.885513045710119e-05,0.00018983968149607154,0.9997213051880469
id20464,0.9496153405910939,0.04830804623938642,0.0020766131695197764
id26306,0.9867258050584797,0.0013610987983216404,0.011913096143198527
id15995,0.6041532075361898,0.30557565234301604,0.09027114012079412
id26068,0.906501304101791,0.007329537672640651,0.0861691582255684
id19348,0.04982805894130694,0.7725588310183865,0.1776131100403065
id04196,0.0015073265259144472,0.9983119899323968,0.00018068354168885255
id13002,0.09031668670780733,0.8657051744968586,0.0439781387953341
id25650,0.7094736832486414,0.17902781376096882,0.11149850299038976
id17598,0.0001437132765420788,0.9998509696141881,5.317109269929802e-06
id10079,0.22458144764589985,0.7309917319164585,0.04442682043764158
id10094,0.03535774440179872,0.7600535451552612,0.20458871044294002
id05918,0.8433913385762283,0.05032638187095361,0.10628227955281815
id18747,0.9987569008290416,0.0012337499199298455,9.349251028573933e-06
id15571,0.00543567935350247,0.9915617543214903,0.0030025663250072988
id16113,0.7113101225598147,0.012069366723123488,0.2766205107170617
id02316,0.5185411608960342,0.030452575262983245,0.4510062638409825
id09545,0.73996152359477,0.07426518275921984,0.18577329364601022
id13878,0.550923022581227,0.0009850148129408537,0.4480919626058321
id07476,0.6375172118870451,0.2519777449625844,0.11050504315037055
id20103,0.8562441158657214,0.0021958639480538222,0.1415600201862248
id27367,0.36450977287771835,0.09844209680126903,0.5370481303210126
id25668,0.07077839140120744,0.00022603170729429975,0.9289955768914983
id09680,0.999999999998524,2.5566666417912156e-13,1.220385959348223e-12
id00500,0.2990993282262807,0.4804348342416174,0.22046583753210183
id06110,0.7788095167487418,0.0014680872430991962,0.21972239600815904
id15804,0.0009788361600258286,0.9990018973494312,1.9266490543009185e-05
id03223,0.0051860193765192126,0.9903256239560584,0.004488356667422411
id02039,0.00011076105833845321,0.9992748545299904,0.0006143844116711629
id09795,3.251436368493611e-05,3.7323014232091494e-06,0.999963753334892
id10808,0.016528470820244334,0.054627536278931,0.9288439929008248
id10134,0.006768218062750464,0.9570315832063334,0.03620019873091624
id14361,0.05466396883565574,0.2543334442172476,0.6910025869470967
id15881,0.01327132102530075,0.00016856118019802473,0.9865601177945013
id27120,0.0021914256847815772,0.00012213562356452802,0.997686438691654
id09860,0.5304918656984272,0.007325526160867829,0.462182608140705
id11959,0.00026766776209160296,0.9929479326457037,0.006784399592204637
id25770,2.9270965756346855e-06,0.9999891887122596,7.884191164668126e-06
id24364,0.04696589095829821,0.951185471109534,0.0018486379321678847
id22944,0.9999999980801401,1.8797593651468764e-10,1.7318840106644077e-09
id04345,0.9983552896786259,0.0015186492805572705,0.00012606104081696213
id05127,0.5300762170118689,0.0005911191078937867,0.46933266388023737
id01779,0.0016076064256683818,0.000574654584879651,0.997817738989452
id05559,0.9984643418975293,0.0006861019206362228,0.0008495561818344762
id14474,0.9999999959555776,6.113413719957036e-10,3.4330808968563437e-09
id13283,0.980743628165034,0.016499670696776207,0.002756701138189928
id03301,0.592668078917796,0.28146637654121887,0.12586554454098509
id16939,0.0004157800422885223,0.999338704165569,0.00024551579214249333
id01166,0.0014176841766337035,0.9956738175210231,0.0029084983023432366
id16766,0.9852069433887387,4.297710750680684e-07,0.014792626840186186
id04338,0.9945949797556377,0.0041428938936335195,0.0012621263507288003
id12731,0.9999814991458668,1.7819651106820153e-08,1.848303448219511e-05
id08988,0.009633045715513966,0.990351600193577,1.5354090909102033e-05
id08236,1.4213536986292589e-08,0.9999999834383073,2.3481556763212173e-09
id03309,0.9165252655672285,0.052826152139539916,0.03064858229323163
id16458,0.7008244574347361,0.2586924437531058,0.040483098812158114
id02442,0.9903116175813594,0.004307202911762399,0.005381179506878202
id25767,0.01447564400389577,0.00033602649307975006,0.9851883295030245
id17357,0.263119949941743,0.6692616301995835,0.0676184198586735
id08627,0.07611111773717416,0.008110605541760595,0.9157782767210653
id19488,0.9355277589269874,4.5004446436537916e-05,0.06442723662657608
id18345,0.028274709815050304,0.3316095541463739,0.6401157360385759
id10661,0.7439039962646045,0.04030452775511999,0.21579147598027562
id01713,1.95235789998831e-05,0.9999585416540892,2.193476691093744e-05
id26237,0.7200853127452547,0.27980753373183725,0.00010715352290797515
id08062,0.36758499805863887,0.162094578789805,0.4703204231515561
id01497,9.984545006175766e-07,0.9998968248644071,0.00010217668109231084
id07590,0.998833507642981,0.0006998885487248898,0.0004666038082941377
id06299,0.04466525814300339,0.009988325330604335,0.9453464165263923
id02770,0.015738717310368366,0.0012066177144793933,0.9830546649751523
id19197,0.0004513892646984204,0.00042623625868537014,0.9991223744766162
id16572,0.9966813475103218,0.00044238452981797686,0.002876267959860301
id04518,0.005006146347670729,0.9945609746865912,0.0004328789657381256
id09316,0.5865961294735426,0.4010958925361077,0.012307977990349734
id17533,0.000979245004726071,0.02108092555077723,0.9779398294444966
id13494,0.10842992008495149,0.023047104206535045,0.8685229757085134
id10024,0.9839350241262165,0.01596323919960709,0.00010173667417641519
id19896,0.9960143146225209,0.002808980240062941,0.0011767051374162014
id10956,0.99914305199047,0.000765144153635439,9.180385589456692e-05
id08458,0.018575673974594847,0.9720512083546634,0.009373117670741744
id09066,0.8278625002878139,0.0031724192699420397,0.168965080442244
id26608,0.13692530958590776,0.002398194669400381,0.860676495744692
id20977,0.10128328037908489,0.020023772460221557,0.8786929471606936
id21587,0.012047005955038399,0.7213468326826469,0.26660616136231474
id19928,0.06263028898715113,0.00018002828824993213,0.9371896827245989
id19077,2.074773820766807e-05,0.999951223115237,2.8029146555371356e-05
id06865,0.00232265854351713,0.0013330387308430553,0.9963443027256398
id15224,2.8526260070238863e-06,3.7867579165362073e-07,0.9999967686982013
id09036,0.023324241647341346,0.97274845681659,0.00392730153606874
id04885,0.9887159416772764,0.011191531757482859,9.25265652407107e-05
id06619,0.0005508485437713181,0.9993969882309155,5.216322531323992e-05
id20211,0.0001882474266716279,0.9991446890612964,0.0006670635120319326
id23985,0.4255208073195126,0.011945481804884778,0.5625337108756027
id17048,0.9950393011402365,0.0023414811457112775,0.002619217714052175
id11272,0.8222890093392268,0.001171094326688671,0.17653989633408462
id16998,0.02171286456242755,0.016524345351693313,0.9617627900858792
id16506,0.11479591556575901,0.04597468315604951,0.8392294012781916
id11558,0.16679498362271963,0.044912046548205145,0.7882929698290753
id04913,0.04172732644260919,7.754949936418049e-06,0.9582649186074544
id10308,0.0029642162387151605,0.0008063424828117498,0.9962294412784731
id15956,0.0027602746573438313,0.005730627365083233,0.991509097977573
id21350,0.006075351499971631,0.9900567652053107,0.0038678832947176924
id09246,0.9840798811350518,0.009876205447229695,0.006043913417718509
id00753,0.6382456114387263,0.2583845685198448,0.10336982004142903
id08101,0.07687350909505765,0.903630510093766,0.019495980811176362
id26853,0.004948388671955757,0.9928934489020057,0.002158162426038508
id22044,4.3970265489484734e-05,0.9999538870759291,2.142658581381052e-06
id27234,0.7623781730064647,1.3389306122674166e-05,0.2376084376874126
id18357,0.16209535088580337,0.8361732798770347,0.001731369237161959
id24187,0.9802393355693771,0.0019893225944784625,0.017771341836144382
id23934,0.3145228669705762,0.012662028767791059,0.6728151042616327
id21378,0.0026862036391221136,0.9946244351085894,0.0026893612522884535
id12777,0.0378137439233582,0.9604574049226099,0.001728851154031889
id11493,5.490352031504498e-07,4.254486339055048e-08,0.9999994084199335
id12824,0.546853540183411,0.07548301155443264,0.3776634482621563
id22565,0.00012445000076812375,0.9998633064400293,1.2243559202551602e-05
id02996,0.06220606164241589,0.034580165205506996,0.9032137731520772
id26154,0.3652250072627247,0.574423911522097,0.06035108121517824
id22710,0.012854681021252376,0.9869373893584524,0.0002079296202951444
id19389,0.2729468370645652,0.6941214445107592,0.032931718424675696
id19539,0.009880671060106073,3.183520944698983e-06,0.9901161454189492
id17345,0.8954310297353967,0.10405918705570577,0.0005097832088975943
id16938,0.997442849580008,0.00012492648413037446,0.002432223935861629
id05670,0.9976862809659087,0.0022937294029322895,1.9989631159029576e-05
id12991,0.4334653448617363,0.02980435386206386,0.5367303012761998
id26819,3.3083957864011295e-05,0.999889297435279,7.761860685704952e-05
id02679,0.7379119704849263,0.021293201393868758,0.24079482812120484
id11334,0.8565085459791981,0.10853584309271105,0.034955610928090866
id18553,0.6140870636378872,0.3346541438235422,0.051258792538570574
id27899,0.8515574547741226,0.14719874586440368,0.00124379936147375
id20569,2.6919941346218474e-07,0.999999254437954,4.7636263262901654e-07
id00759,7.034849741568233e-05,0.9998473856170664,8.226588551786697e-05
id13013,0.9455525679842558,0.016976773864782885,0.037470658150961296
id06798,0.9975710105622332,0.0022530340230674573,0.00017595541469935655
id04524,0.00018763460975518837,0.99968818769442,0.0001241776958247415
id19026,0.45145322097403257,0.004703152960943337,0.5438436260650241
id17376,0.006696934446579379,0.0035222681996712863,0.9897807973537494
id21794,1.436339852982266e-05,7.468091541875544e-05,0.9999109556860514
id22720,0.2197745255770691,0.0107442285138024,0.7694812459091285
id26054,0.03834814777876897,0.01683809203486526,0.9448137601863659
id01050,0.0030681270087461097,0.9938688995650279,0.0030629734262260086
id11917,0.9769569756998889,0.004481887557335952,0.018561136742775163
id12706,0.9184582303078733,0.03400939927417963,0.047532370417946994
id18796,0.03390639801409632,0.06401065622348476,0.9020829457624189
id10096,3.087868036665371e-08,1.0252341997593619e-08,0.9999999588689776
id27514,0.024495787237674486,0.9320193449452063,0.043484867817119126
id22130,0.9529829679659316,0.007002009957823428,0.04001502207624495
id23378,0.9940505012667201,0.0006422038572679463,0.005307294876011933
id27306,0.9987386115829685,0.0012586193919241872,2.769025107373904e-06
id25914,0.22965112849745803,0.04920569157398206,0.72114317992856
id05461,0.9979170339721639,0.0014300904609981545,0.0006528755668379087
id24782,0.9948827996199535,0.0048792077406325796,0.00023799263941390525
id11890,1.0561312302644463e-05,0.999954221315574,3.521737212339122e-05
id23405,0.0013612148401188733,0.00035947777594056855,0.9982793073839406
id15919,0.011898658102846248,0.8220709232402599,0.16603041865689383
id08430,0.48022874659903014,0.004395815454608866,0.515375437946361
id16328,0.12533149727618137,0.09807040354055041,0.7765980991832683
id16599,0.9935899097452193,0.0016940791274168818,0.004716011127363802
id25407,0.009183754060067092,0.7926483294363614,0.19816791650357152
id10786,0.9407542227440834,0.0016535790171560145,0.0575921982387607
id08935,0.9967827978620744,0.001513094296556997,0.0017041078413686632
id24742,0.999749497519304,0.00016441742387512107,8.608505682091356e-05
id15921,0.9826390010316671,0.00282273857464737,0.014538260393685548
id21816,0.0334415717375073,0.005612345838203094,0.9609460824242897
id06235,0.00124449996751945,0.9984142575005531,0.00034124253192750997
id00527,0.9588218243482798,0.0288144304526881,0.012363745199032206
id17349,0.00014513920692198936,0.0007766029729373,0.9990782578201408
id05356,0.9984593879691657,0.0008681482953281838,0.0006724637355061387
id13287,0.0033467177560470864,0.9941850825234565,0.002468199720496428
id09044,0.9861194707618709,0.00984138479700468,0.004039144441124452
id09374,0.22088877790567377,0.7521534613784562,0.026957760715870048
id25625,0.9486453669076287,0.05125487552793241,9.975756443896539e-05
id03201,0.034882047979533835,0.7037001809770866,0.26141777104337943
id02709,0.9999993153983984,6.834730658327799e-07,1.12853584388246e-09
id08914,0.45856854726885726,0.004205877087607107,0.5372255756435356
id15753,0.8548594226366826,0.005227073476569232,0.13991350388674817
id20125,0.0071987278261935,0.9582446844345354,0.03455658773927117
id20784,0.9976583081212285,0.0008812135446017633,0.0014604783341697605
id26248,0.029787303880258655,0.0018555404488555757,0.9683571556708858
id10016,0.1528092231493119,0.016837601161341698,0.8303531756893464
id18793,0.9672079548098442,0.0037131053096773193,0.02907893988047854
id04562,0.012582520455745233,0.9848056073342877,0.002611872209967035
id25106,0.0023235916113547223,4.6927270321398824e-07,0.9976759391159421
id00536,0.9998486238949512,0.00014012016223482562,1.1255942813944193e-05
id01946,0.139309357133177,0.0013796050017117994,0.8593110378651112
id18369,0.010007023754848611,0.9771020408641687,0.012890935380982687
id07345,8.78660457209735e-05,0.9998856318042777,2.6502150001279394e-05
id27752,0.986238374305831,0.00019994032744192808,0.013561685366727154
id21463,0.001129224776447898,0.9984286251665558,0.0004421500569962164
id18922,0.26606210620019155,0.007425708696385447,0.7265121851034231
id17166,0.0008430500075481601,0.9991565215164541,4.284759978322633e-07
id07458,0.011858559727400311,0.9875164427649996,0.0006249975076000283
id01801,0.0017771526142060321,0.0028567074325148555,0.9953661399532792
id10529,0.9999387752724145,4.4099358985595095e-05,1.712536859988827e-05
id08774,0.0756784216685771,0.8880313472380134,0.036290231093409606
id22292,0.08847215053790453,0.0062796320471323495,0.9052482174149632
id14044,0.9819995355671916,0.014346602878530042,0.003653861554278461
id20234,0.0007745485674318862,0.9990326880315435,0.00019276340102460234
id26960,0.9999950700665715,2.8065854498367132e-08,4.901867573984189e-06
id20809,0.026942517095036072,0.9065113330375508,0.06654614986741311
id20365,0.9347974786155764,0.05261275844675686,0.012589762937666742
id09182,0.9885569617426297,0.007914825279914434,0.003528212977455837
id27671,0.8883301208660229,0.011813427044877749,0.09985645208909928
id26438,0.7927216057148019,0.20387975770307906,0.0033986365821190353
id22712,0.019532438677187635,0.9802916820643331,0.00017587925847912492
id13988,0.13583490966364212,0.0011115458693440696,0.8630535444670138
id01727,0.9959739250343044,0.0006690135225774894,0.0033570614431181127
id27147,0.7143555226506421,0.0545371062942662,0.23110737105509171
id23213,0.030144478575061383,0.9386774566603912,0.03117806476454743
id21969,0.003898900004055686,0.23560324063016083,0.7604978593657835
id12062,0.9995825333664715,0.0003903532472305097,2.71133862980521e-05
id26579,0.011227339223162458,0.9818691844659619,0.006903476310875648
id20568,0.2997633279474356,0.494073245187892,0.20616342686467243
id04399,0.22294965759430904,0.057694404571325034,0.7193559378343659
id26756,6.4525710673476164e-06,0.9999883330507116,5.214378221156534e-06
id04580,0.00015537799913488832,0.010265085155741479,0.9895795368451237
id16349,0.2820802729028243,0.3223357669803918,0.395583960116784
id23583,0.00045356500005900587,0.9994492786273285,9.715637261255578e-05
id14643,0.9737865635049072,0.006470372304984895,0.01974306419010781
id22604,0.37295100635194495,0.3905814126728417,0.23646758097521337
id25973,0.0005105513883025603,0.9994675624350738,2.1886176623593003e-05
id07553,0.016770626438581022,0.7954145150006713,0.18781485856074773
id05614,0.08460881355388232,0.7381239285899844,0.17726725785613331
id15320,0.035496458772887395,8.18819290116042e-05,0.9644216592981011
id01016,0.4648418429900523,0.011050330224725445,0.5241078267852222
id11463,0.00021061237999748578,0.9997831579433077,6.229676694693454e-06
id18655,0.0011094222506038197,0.9988893828020831,1.1949473131468342e-06
id22527,1.1284423466693602e-05,0.00024315791911424126,0.9997455576574191
id05458,3.0938686364571895e-05,0.9999690581987231,3.114912373896264e-09
id08802,0.3115524039593051,0.0037344042950433944,0.6847131917456515
id11573,0.11670347391457174,0.016502094885559634,0.8667944311998687
id16935,0.034481869029870785,0.059040632601602167,0.9064774983685271
id27417,0.0017984181108320716,8.350064364309154e-05,0.9981180812455249
id27781,0.9995850430221453,0.00022770576888005853,0.0001872512089745626
id21873,0.9999949161456003,2.709335633127025e-08,5.056761043306591e-06
id20624,2.852103744539209e-07,2.703743878581856e-05,0.9999726773508398
id19660,4.3415623057732347e-07,0.9991886319149236,0.000810933928845874
id03783,0.995641043287059,0.0016762271331691161,0.0026827295797719045
id22172,0.015124223174062335,0.9368615190355333,0.04801425779040437
id20709,0.9996015622058017,0.00020252033453101197,0.0001959174596672484
id12524,0.8075328559008874,0.14265897589686455,0.04980816820224796
id27650,6.964912615458472e-06,0.9999856037956654,7.43129171924636e-06
id09501,0.0030861405925513207,0.9856832449257263,0.011230614481722313
id20840,0.04554122866909998,0.9437669584743602,0.010691812856539818
id09960,0.0004742553253182731,0.0001048802231801925,0.9994208644515016
id13916,0.0028028884418425295,7.250816172888983e-06,0.9971898607419847
id00249,7.410351698514197e-05,1.3959650039239922e-07,0.9999257568865145
id02540,0.9999330205737346,1.2356627080952121e-05,5.462279918449161e-05
id23326,2.7941786193982553e-07,1.041837611158158e-09,0.9999997195403004
id14632,0.9956395806600253,0.00033376937478311224,0.0040266499651915285
id25512,0.002609741108263448,0.05854284395509212,0.9388474149366445
id10628,0.9998072348115666,0.00018989613117420504,2.8690572592211877e-06
id08490,1.9658093191473404e-06,0.9999878722075731,1.0161983107843548e-05
id09084,0.9986910962920195,0.0001256663087000251,0.0011832373992804975
id27553,6.708718355887431e-05,0.9994176935563452,0.0005152192600958979
id20930,0.003420279478833702,0.9952420937852853,0.0013376267358809581
id21337,0.9624782432713529,0.016646143348054584,0.02087561338059249
id25537,0.004501995473119844,0.010262643905609695,0.9852353606212705
id27349,0.4851301276534703,0.05626260244345811,0.4586072699030716
id25655,0.08705687706890607,0.8394404979891044,0.07350262494198954
id26464,0.626397309313508,0.37139444889636253,0.0022082417901294273
id00599,0.8773101808069681,2.5994486092710028e-06,0.12268721974442268
id06964,0.09918424670289437,0.8772115595198564,0.023604193777249257
id21875,0.9150114441263234,0.018323644218840984,0.06666491165483561
id27488,0.5399000990109601,0.37537432320368325,0.08472557778535665
id07980,0.000727340094787799,0.006241838713354407,0.9930308211918578
id12995,0.054733002397962804,0.004177107447504973,0.9410898901545323
id08094,0.002856284393984624,0.2611905714230933,0.7359531441829221
id02134,0.6325168682520615,0.08758534530148267,0.2798977864464559
id14311,0.3306636462980699,0.48260881409959394,0.18672753960233618
id06514,0.9998710595267121,0.00012360154018343283,5.338933104464944e-06
id19775,0.002652756951828749,0.004669529964795248,0.992677713083376
id18618,0.00013442067664985884,0.9988874269523238,0.0009781523710264066
id26593,0.999280514704671,0.0005265589056932639,0.00019292638963561316
id11975,0.06656441085185466,0.9030548348566452,0.03038075429150029
id07853,0.000457156736060154,0.00026553353905622,0.9992773097248837
id16848,0.9996762846557834,0.00013432204774326543,0.0001893932964733746
id11595,1.6164351762799296e-09,0.9999999935543238,4.829240977864186e-09
id24777,0.12941782163942736,0.22904716182709273,0.6415350165334799
id07824,0.9998923799934155,6.805274901943726e-05,3.95672575649972e-05
id23007,0.0015861723334498565,0.0002994815322986317,0.9981143461342515
id04805,0.00014275828223275278,0.004540869974865336,0.995316371742902
id00504,0.3644456595132468,0.5070125319558839,0.12854180853086933
id24331,6.150686591079763e-07,0.999782494631549,0.0002168902997918542
id03914,0.0002477925589677993,0.000619375758108784,0.9991328316829234
id16299,0.9999977690186911,2.196744220969553e-06,3.423708792763108e-08
id05565,0.9991950953059394,0.0003709559455798384,0.0004339487484807458
id27934,0.0507752569840937,0.9366138037917633,0.012610939224143025
id17027,0.972797376406555,0.00855521220599189,0.0186474113874532
id02785,0.8555584670185582,0.14290456766517223,0.0015369653162696224
id16094,0.5424990800247163,0.394344456415786,0.06315646355949774
id22435,0.0638692575495975,0.004420448239551489,0.931710294210851
id10586,0.0030505366198042,0.00041809801472797166,0.9965313653654679
id06467,0.004399671807981756,0.9949275747942453,0.0006727533977729915
id18227,0.9625037239657404,0.00020453927807934078,0.03729173675618039
id02286,6.943055526397947e-05,0.9999167385043298,1.3830940406233574e-05
id07393,0.22036802215176576,0.7760345863395297,0.00359739150870452
id11640,0.49307220366075005,0.4740040882491147,0.032923708090135305
id15718,0.06657901329874685,0.0006388077176805813,0.9327821789835725
id23756,7.029746565406068e-06,0.9999684628047163,2.450744871833562e-05
id14564,0.0007647556477020838,0.0027210257577618066,0.9965142185945361
id24963,0.9505192888143703,0.002751234329555496,0.04672947685607419
id03069,0.6454273055415889,0.003847944031828013,0.3507247504265831
id24648,0.9521976733241239,0.03588355090663605,0.011918775769240017
id15920,0.6058210070801524,0.22157854417699632,0.17260044874285133
id11255,0.9129406273877333,0.0030986074116210304,0.08396076520064572
id00544,0.22974772347789296,0.23827479233878787,0.5319774841833191
id13211,0.9842768703439487,0.0030623288839104787,0.012660800772140832
id26285,0.9527404814999753,5.425724610209019e-05,0.047205261253922645
id19879,0.8673431797095138,0.04232295591242179,0.09033386437806443
id21440,0.994936204155912,0.0024194030215576867,0.002644392822530472
id09539,0.00011398200679393233,0.0009902512646079533,0.9988957667285981
id10781,1.2786061786614564e-05,0.9999112241718363,7.598976637711439e-05
id06557,0.010264342661927498,2.6116678853941816e-05,0.9897095406592186
id16747,0.01048635945128176,5.862356232214754e-05,0.989455016986396
id14358,8.651555303622943e-06,0.9999858394753942,5.508969302201068e-06
id05250,0.9996847905027935,5.804024598703603e-08,0.0003151514569605505
id02390,0.00877460335161012,0.0008833767432108569,0.990342019905179
id14790,0.7133099080198746,0.2370950325039015,0.049595059476223925
id14355,0.6007117627484491,0.35322937138011606,0.04605886587143498
id23157,0.9921381190901364,0.0025411998571342152,0.00532068105272947
id20324,0.011055826391866776,0.007236606497604937,0.9817075671105283
id01870,6.689667692474512e-05,0.999924650096716,8.453226359240527e-06
id01079,0.0005061458027898918,0.9977595011587188,0.0017343530384914463
id03392,0.7145911180274677,0.05201196407568233,0.23339691789685
id22758,0.9993610898914759,4.508568012623203e-05,0.0005938244283979329
id05599,0.0390062132436591,0.09157470366796812,0.8694190830883728
id07189,0.0004384098898996243,0.0009688510531544479,0.9985927390569459
id13364,0.9939060535398506,0.0010649691918911959,0.00502897726825826
id00902,0.1635661478786619,0.8166987146854393,0.019735137435898865
id07164,0.9992137878260018,0.000773518593030452,1.2693580967864381e-05
id27290,0.3778804347946986,0.00853276755918822,0.6135867976461132
id18931,0.9998159762588618,0.00018390694143158358,1.1679970673206148e-07
id22165,0.029410517421125423,0.9643361594145767,0.006253323164297867
id14677,0.0007903770274520261,0.9992032549183251,6.368054222919495e-06
id18987,0.41895839076241115,0.0014773723314608145,0.5795642369061281
id13143,2.5180218278094077e-15,0.9999999999999559,4.1558626893735655e-14
id18589,0.5971735185036652,0.026997442939390215,0.37582903855694455
id01635,1.330253284318713e-06,0.9997031722091365,0.00029549753757915944
id02661,0.31039788294850734,0.6890696879119412,0.0005324291395514875
id12463,0.00016320950740250477,0.9997649989765309,7.179151606663759e-05
id18461,0.7321753368740473,0.25752017813587164,0.010304484990080975
id12709,0.7713956351724319,0.02460874601832846,0.20399561880923975
id11957,2.948742339744583e-08,0.9999999660145616,4.498014906808582e-09
id13040,0.05077653003552394,0.0007662219918079326,0.9484572479726682
id03953,0.0022957391631736506,0.0010068843707172566,0.9966973764661091
id02623,0.5761365125238559,0.39932975470701626,0.024533732769127865
id21479,0.0005454358742695565,0.0005399410853635324,0.9989146230403669
id06976,0.027138628284348088,0.9635525032023682,0.009308868513283684
id18721,0.9476363081829706,0.04872355300226285,0.0036401388147666307
id12043,0.005423821523815376,0.005306751689739841,0.9892694267864448
id16526,1.642323472555694e-05,0.999976690028838,6.8867364364749755e-06
id03184,0.08330923888898004,0.0004032600263683789,0.9162875010846516
id23194,0.09698361884633142,0.1040804054682702,0.7989359756853984
id17544,0.18320963292503764,0.8131556309834754,0.003634736091486981
id17314,0.16775191226777605,0.0018645799119826115,0.8303835078202414
id17306,0.7596418138449309,0.008131785550662518,0.23222640060440664
id11044,0.720419050273829,0.27459856859115916,0.004982381135011826
id22762,0.9828146857093056,0.000558469205560445,0.016626845085133866
id02797,0.09190476719516043,0.0007944072513972565,0.9073008255534423
id13340,0.009257340859058731,3.0851413831569812e-06,0.9907395739995581
id08131,0.9386597340115878,0.020492567636406316,0.040847698352006044
id24181,1.5941582530819246e-06,0.9999982375040066,1.6833774039265858e-07
id20359,0.9986690422381599,0.0007831448380569782,0.000547812923783173
id14736,0.0009579969117302183,0.9969312537571408,0.0021107493311290676
id09362,0.5380041070955861,0.4619718154288475,2.4077475566453547e-05
id07987,5.3303745127806056e-05,0.0005661462236252115,0.9993805500312469
id01664,3.2323553990073225e-05,0.9999332516030935,3.4424842916416165e-05
id00096,0.9964925074256429,0.00015330651959117163,0.0033541860547658914
id01475,0.001059567684774287,0.03855299851801108,0.9603874337972147
id04020,0.005126100169301842,0.004138884631611537,0.9907350151990867
id09617,0.12689993412016445,0.0007298601125723623,0.8723702057672632
id13098,0.8687982197414436,0.1311018414703195,9.993878823680316e-05
id19010,0.0008857491934246768,0.9987973862015733,0.00031686460500206785
id12754,0.9999647867133653,2.428767583263026e-05,1.0925610802044205e-05
id25238,0.9760014650870021,0.0008964662403058548,0.023102068672692003
id14896,0.11559012403108435,9.9561750421562e-06,0.8843999197938734
id16827,0.013245213524988005,0.0006252819406031875,0.9861295045344088
id11685,0.3008609052971279,0.030449546847371015,0.668689547855501
id10496,0.010750954065845607,0.34731199028771503,0.6419370556464393
id08073,0.6110184086576207,0.14525203345927362,0.24372955788310563
id08504,0.10667074543733261,0.0021683906244088858,0.8911608639382586
id25872,2.7585461438122515e-05,3.308992420701401e-06,0.9999691055461412
id09498,0.1709746531221195,0.827141395931177,0.001883950946703403
id23890,0.02351461331517328,0.9715637095578793,0.004921677126947465
id15065,0.009967931061203575,0.007875661594068658,0.9821564073447279
id11197,0.009360756563682161,0.7767304739045837,0.21390876953173404
id02832,0.004358970443938287,0.8304745283400509,0.16516650121601087
id26969,0.9939691351623748,0.0005623645779640993,0.005468500259661093
id25442,0.3342984471684128,0.6111259106944869,0.05457564213710033
id09727,0.16486247259063025,0.057400428233155165,0.7777370991762147
id18592,0.00012138171318920146,3.489248532893033e-07,0.9998782693619576
id11442,0.9907392853661946,0.006387399946684382,0.002873314687121084
id22071,0.8160071372407065,0.1083560758911547,0.07563678686813881
id09700,0.06675474107045329,0.0015386784304389919,0.9317065804991077
id20265,0.9999165161483217,6.303911216103389e-07,8.285346055675555e-05
id23687,0.9991158851325036,2.0203684356209603e-05,0.0008639111831402822
id01055,0.017369519306836452,0.9809364080040136,0.001694072689149995
id08519,0.898754972192701,0.054715501283331296,0.046529526523967635
id05922,0.9295055437211568,0.06231691261204564,0.008177543666797623
id02918,0.005973840275869171,0.9940219420662457,4.217657885022391e-06
id14502,0.9995039336180714,0.0004802515890504118,1.5814792878112417e-05
id01642,0.1806697161586903,0.014944420855652165,0.8043858629856575
id21251,0.3890558636210427,0.6107987659019091,0.0001453704770482972
id09673,0.03193298233061419,0.2624307421140582,0.7056362755553276
id17837,0.028047695084823004,0.012632452533155668,0.9593198523820214
id24245,0.9956301335321174,0.0007153479448202513,0.0036545185230624374
id15837,0.07984047439044462,0.0037099641545637104,0.9164495614549917
id13077,0.01511806401739787,0.0005067212380981328,0.984375214744504
id23079,0.6185728950116666,0.3158126164914877,0.0656144884968457
id12938,0.0009742043315021069,0.0026318841793152464,0.9963939114891827
id12144,3.206287373247902e-08,6.222010427445849e-07,0.9999993457360836
id06882,0.9788300301028755,0.0004963744155137351,0.02067359548161071
id06354,0.04654837083562588,0.0003471365547614169,0.9531044926096127
id23573,0.5460235571172369,0.02208017962768656,0.4318962632550765
id13800,0.0018266045749874915,7.152593537415774e-08,0.9981733238990771
id26115,0.015212582566601508,0.13754372715411414,0.8472436902792844
id21179,0.00011906319496226836,3.284441208587634e-07,0.999880608360917
id00125,0.9849475616984507,0.015035822759240394,1.6615542308908947e-05
id22600,0.019386988835962418,0.036300692565004525,0.9443123185990331
id15726,0.03282192256814152,0.00024157580403476054,0.9669365016278237
id08078,0.7990001698778441,0.09959288563450706,0.10140694448764885
id20091,2.6262453835322435e-05,0.9959086543387549,0.004065083207409797
id00026,0.7965757985141402,0.006845968997856065,0.19657823248800377
id03698,0.9858694411097148,0.003602954382001492,0.010527604508283684
id09198,0.627532114387582,0.10921534455866534,0.2632525410537527
id12520,0.6975764855038181,0.09215634270401221,0.21026717179216964
id16277,8.494644954654992e-05,1.6049981295671252e-06,0.9999134485523239
id17964,9.373617246645345e-06,6.20512203682115e-05,0.9999285751623852
id24040,0.02850060406781701,0.9692984248097123,0.002200971122470709
id17613,0.9502647339906413,0.0028087523611879306,0.0469265136481708
id00157,0.9114077943955506,0.004324528347234139,0.08426767725721512
id10012,0.09891846022039312,0.012281959106936987,0.88879958067267
id02419,4.727111069206215e-05,3.252117992302362e-07,0.9999524036775087
id05562,0.44677558064452744,0.0005544241395659221,0.5526699952159067
id09049,0.0011044195066359486,0.9983286725490286,0.0005669079443354757
id24915,0.00030457582661935247,0.9939513958397573,0.005744028333623352
id02808,0.1694235553014379,0.011986973623967825,0.8185894710745942
id00167,0.9804652667184035,0.01950817550030161,2.6557781294921226e-05
id13451,0.9999931819006158,6.577704553527241e-08,6.752322338556169e-06
id24775,0.9224358007323376,0.076394014757375,0.0011701845102873852
id10240,2.7749054461993525e-06,0.9999900559962142,7.169098339597673e-06
id24597,0.48665177370612256,0.09039215991143028,0.42295606638244726
id15364,0.027367449444265175,0.9681843235244519,0.004448227031282909
id13191,0.0020930518807563397,0.6403724267443828,0.3575345213748609
id09592,0.0005960063713545367,0.0007402094330500849,0.9986637841955954
id12083,0.0063527277387805635,0.006388740160143966,0.9872585321010755
id23492,0.4512375166413769,0.1230625487874325,0.4256999345711907
id06816,0.015714308325413047,0.014836676279496162,0.9694490153950909
id16971,0.135467492480576,0.2449918013097489,0.619540706209675
id05675,0.9722418670444152,0.0010196926907957793,0.0267384402647891
id23037,5.1868326281290166e-05,1.1442168279442341e-06,0.9999469874568908
id00399,0.7270466557100785,0.01274993966104019,0.2602034046288813
id05925,0.039814398039670115,0.48283121029696,0.47735439166336996
id01834,0.9845345822407261,0.012007225340332448,0.0034581924189413956
id20350,0.0021439910333284477,2.6495726222265647e-08,0.9978559824709453
id18961,0.3173865630506547,0.39164645216988186,0.29096698477946337
id02132,0.0008793548253128398,0.9985691283055581,0.0005515168691290758
id26609,0.05120377207397941,0.9487479086849323,4.831924108827319e-05
id16532,0.0003720685237241731,0.9978664772965475,0.001761454179728367
id23289,0.9997509970634665,0.00020038752839617323,4.861540813741319e-05
id26621,0.9999483535414659,3.359744020942932e-05,1.8049018324583322e-05
id03254,1.6820511868876056e-05,0.9999540349267911,2.914456133998175e-05
id04701,0.008272741828076143,0.00819114784360546,0.9835361103283184
id26600,0.0011797152860009146,0.9988178168222641,2.4678917349623925e-06
id16006,0.0009347805160626453,0.9963415817307582,0.0027236377531792188
id25724,0.0007665876343126349,0.0003426684148305736,0.9988907439508568
id27223,0.9710413394032861,0.0005950275556220745,0.0283636330410918
id14345,0.9473888075756298,0.04237189498580032,0.010239297438569855
id27374,0.018545477248707913,0.881447435468506,0.10000708728278614
id21131,0.007415892173081811,0.0036685456565606284,0.9889155621703576
id12410,0.9686119528262743,0.016188868517755944,0.015199178655969803
id15483,0.20442912616624426,0.17341440908445727,0.6221564647492984
id15429,0.8760353784359503,0.005322655567320203,0.1186419659967295
id25480,0.8235558280219163,0.06549279608712603,0.11095137589095772
id11453,0.022958226366911343,0.9708235983790401,0.006218175254048658
id20437,0.1442936615959223,0.5988677453288503,0.2568385930752274
id08468,0.02531630844512977,0.3569879110527355,0.6176957805021348
id22181,0.7459417450176904,0.25267174268947346,0.0013865122928361203
id18810,0.9545496754691419,0.043745710657994506,0.001704613872863658
id17482,0.5630237975292456,0.21747461595886391,0.21950158651189056
id22746,0.37174526775403716,0.5770318850262658,0.05122284721969709
id03107,0.9784941052656128,0.0007171465215648359,0.020788748212822415
id02184,0.9600781289885189,0.033835962388708736,0.006085908622772371
id25068,0.9222800007558154,0.014859173349489845,0.06286082589469472
id19154,0.9391879970608819,0.01588507275636589,0.04492693018275232
id10358,0.9369299865398457,0.03740428567970138,0.025665727780453004
id09126,0.0033670017230341765,0.028764706818869498,0.9678682914580964
id05936,0.7651508924039685,0.22121210552494386,0.013637002071087685
id00020,4.3194620502880475e-05,0.9999266392606182,3.016611887897184e-05
id20771,0.11290376029462874,0.043501453811970334,0.843594785893401
id00116,0.047524429686161336,0.9502620487305732,0.002213521583265526
id12424,0.031169288319612302,0.0007248498022067664,0.9681058618781809
id05755,0.00013775109240031982,1.5456343129400075e-05,0.9998467925644703
id27476,3.005113988095825e-10,0.9999999988636895,8.357991336073295e-10
id02686,0.9724224636867644,0.006309324057747739,0.021268212255487893
id10234,0.957439797625551,0.0052872354721812745,0.037272966902267786
id05969,0.9656482034779074,7.486458968920454e-05,0.03427693193240351
id14440,0.022130162794850184,0.977556335003289,0.0003135022018608586
id09937,0.42735153610341636,0.57240190549371,0.0002465584028737769
id08238,7.866900454821244e-05,1.4799843406227766e-07,0.9999211829970177
id11090,0.16454549975743374,0.8296908583817726,0.005763641860793511
id13183,0.0016452993315819997,0.00021600293684813547,0.9981386977315698
id25712,0.020029001872825393,0.972279323387515,0.0076916747396596034
id22510,0.01841143653868246,0.0030254442130173394,0.9785631192483003
id19204,0.9925268010531394,0.0012841822667334234,0.006189016680127124
id05758,0.004048641899363113,0.01543593479198172,0.9805154233086553
id27063,0.5630437061121247,0.1729499845295298,0.26400630935834557
id11773,0.02269588386819853,2.9510797470868835e-05,0.9772746053343306
id11562,0.9216263001981482,0.0006221265595775999,0.07775157324227425
id16208,0.030535027522228555,0.0004007637537534881,0.969064208724018
id04036,0.01033936846730721,0.01799516974202052,0.9716654617906723
id26159,0.9754287274356221,0.0035574969573718964,0.02101377560700605
id26777,0.44826414119415986,0.23296065298475668,0.3187752058210835
id08501,0.8609007165907337,0.0403297468232176,0.09876953658604876
id11216,6.407682201138183e-14,0.9999999999997763,1.596955824277028e-13
id03410,0.7130804648943629,0.19960528683866505,0.0873142482669721
id04537,0.16499253916670084,0.0001979578320946913,0.8348095030012045
id26628,0.9571003841410778,0.0343837173124046,0.00851589854651758
id01586,0.0028821085697377418,0.9971130527425297,4.838687732557322e-06
id13421,0.4922063249577073,0.008132299237938187,0.4996613758043545
id26084,0.10014866068861518,0.8891182743299785,0.010733064981406443
id05375,0.004036632117503904,7.807275279725385e-07,0.9959625871549682
id23212,0.9912936560359864,0.00830696804834875,0.0003993759156649286
id15980,0.9725145157307334,0.01134956239453294,0.01613592187473369
id11719,6.932997329162258e-05,0.9999297090005321,9.61026176197458e-07
id13109,0.9932418523252066,0.0024947516093503787,0.004263396065443056
id07156,0.999975456240277,2.563315221173334e-06,2.1980444501811792e-05
id04893,0.7078731795892811,0.28188709928395494,0.010239721126764058
id11749,0.6720223553928011,0.013908617167013733,0.3140690274401853
id10526,0.01641199623838572,0.02435063450088167,0.9592373692607326
id13477,0.9910807939180052,0.006786358418506736,0.0021328476634881904
id13761,0.022316487000075998,0.0001715216687246277,0.9775119913311994
id04282,0.014393230073229778,0.9856003531965972,6.416730172999775e-06
