id,EAP,HPL,MWS
id02310,0.005633499619063713,0.006943415232999414,0.9874230851479369
id24541,0.9986532218838073,0.0005573221369667078,0.0007894559792259743
id00134,0.008074360347280611,0.9893562328330769,0.0025694068196425134
id27757,0.9129213325749436,0.08372989903633882,0.0033487683887176646
id04081,0.785790277240296,0.10209673618790996,0.11211298657179407
id27337,0.9894997952146158,0.010327174264726782,0.00017303052065740414
id24265,0.9276198641780526,0.07065616201873576,0.0017239738032116519
id25917,0.0016247007977153516,0.09816589450152018,0.9002094047007645
id04951,0.9995313915471791,0.00046792704296264416,6.814098583123311e-07
id14549,0.9602070785420832,0.007447133412507507,0.03234578804540934
id22505,0.043985445789213776,0.16392493005006836,0.7920896241607179
id24002,2.781497945239916e-07,0.999999686001873,3.584833262325507e-08
id18982,0.14081200544164094,0.8247534856499179,0.03443450890844123
id15181,0.004649201859743853,0.9952226693176265,0.00012812882262972443
id21888,0.816850925865167,0.02242777604556345,0.16072129808926944
id12035,0.0001787495599914289,3.962773095276724e-05,0.9997816227090559
id17991,0.2927430709982958,0.006002143230207822,0.7012547857714964
id10707,0.9999865568208951,1.0403716564102232e-05,3.039462540734003e-06
id07101,0.5327421094905238,0.006456444404122485,0.46080144610535373
id00345,0.15255653067337904,0.8446892326716862,0.0027542366549347767
id05912,0.9155387444642008,0.04379755277479476,0.040663702761004346
id13443,0.986894216039364,0.005267497158373807,0.00783828680226226
id09248,0.41945518863280723,0.03708035766451426,0.5434644537026786
id17542,0.03609426078169239,0.9580920721032294,0.005813667115078132
id06995,0.004954537775557334,1.0024210787895775e-05,0.9950354380136548
id25159,0.5742677159234758,0.009825374583227969,0.41590690949329634
id25729,0.3363697159002778,0.634787117121773,0.028843166977949156
id26949,0.957598093635281,0.03561289789591035,0.0067890084688086655
id27191,0.007725199130319754,0.0005340800309272768,0.991740720838753
id07668,0.1882711089678188,0.0001200593870088603,0.8116088316451724
id02230,0.0052181432277003306,0.5318136143668301,0.4629682424054697
id15553,0.9993049933928478,1.6188602122060714e-06,0.0006933877469399748
id25688,0.0019725752747051495,0.9979992244952456,2.8200230049196128e-05
id17545,0.9933287341087608,0.0029893007938005065,0.003681965097438659
id13929,0.22865689192969663,0.12110942193616811,0.6502336861341352
id12880,0.22599820841005677,0.7700854856275703,0.003916305962372983
id19282,0.5930665452791287,0.11474617561892075,0.2921872791019505
id14690,0.002397104583896044,0.00014509359987804343,0.997457801816226
id17975,0.027014536794083176,0.9716419204662133,0.0013435427397035613
id08037,0.9882792913550058,0.004151584852997539,0.0075691237919966875
id15412,0.14145837959774146,0.004129013337464899,0.8544126070647937
id25032,0.5835391863503444,0.039068848941974314,0.37739196470768116
id27165,0.999639598840342,0.00026493654886090915,9.546461079699029e-05
id03327,0.7966744681156652,0.18695975553180205,0.016365776352532675
id18515,0.8914819777203378,0.011644248431408735,0.09687377384825353
id21003,0.10784606461304118,0.003637471649884084,0.8885164637370748
id23855,3.1411292074283245e-05,0.9806379194870932,0.019330669220832538
id20724,0.789046417885971,0.13886592970310407,0.07208765241092505
id13303,0.5901481577287241,0.017927750142122313,0.3919240921291536
id16521,0.0003818423041248746,0.6900798190015304,0.3095383386943447
id20775,0.9998958744682125,9.610074544791163e-05,8.024786339681138e-06
id13029,0.996890192215812,0.00265342368776777,0.000456384096420253
id14660,0.6057198647378303,0.39042908582867125,0.003851049433498489
id11028,0.0002134873432974416,2.4698138577249295e-05,0.9997618145181253
id14180,0.9909863708277191,0.008194745194848764,0.0008188839774321663
id25860,0.9999043482659257,5.342861256408481e-06,9.030887281788527e-05
id11910,0.3813186242175615,0.022845277844283716,0.5958360979381548
id08065,0.049121181852137166,0.005074055211735643,0.9458047629361273
id22674,0.010524945209804026,0.0009888822457383782,0.9884861725444577
id25018,0.4703940417353534,0.0007922263094155286,0.5288137319552311
id10892,0.0011296896741768553,0.9987672698868543,0.00010304043896888283
id10217,0.014892107705555447,0.9851010540553928,6.8382390517059405e-06
id12996,0.4568978525262406,0.04892098606713529,0.4941811614066241
id18262,0.7578574830337099,0.11988914549642206,0.12225337146986809
id08606,0.0012385718917854278,0.9987314579876608,2.997012055377448e-05
id17233,0.8578971410618244,0.022471118291661596,0.11963174064651409
id00101,0.5440833838030721,0.41320009449159245,0.04271652170533545
id12225,0.9107277316512317,0.05686613434112033,0.03240613400764811
id01364,0.0029005951266131724,0.9933299403542286,0.0037694645191581225
id24973,0.7419888899526214,0.0038296158668690576,0.25418149418050956
id25363,0.8829030091157779,2.3221634741200575e-08,0.1170969676625874
id10061,0.19828370357208003,0.008032686384095232,0.7936836100438248
id17673,0.08959821075376509,0.9010178978041957,0.009383891442039188
id13249,0.16145843734250426,0.02653630595219742,0.8120052567052983
id10107,0.004040440743271522,0.0025282911857293713,0.9934312680709991
id04403,0.987860651213986,0.00039169904058144556,0.011747649745432532
id25728,0.6943936563872326,0.06897102413247162,0.2366353194802958
id16184,0.12559904917621093,0.0755011648183599,0.7988997860054292
id03438,0.02611373489497781,2.1572236530598892e-05,0.9738646928684916
id22923,0.00015675358632136872,0.9998384784136065,4.768000072125641e-06
id08610,0.9956792287147419,0.002939598152596427,0.001381173132661683
id25355,0.04701684621759731,0.011835119171459938,0.9411480346109428
id16916,0.33577138741273005,0.5918692488336487,0.07235936375362124
id12793,0.0014009579393192849,0.9982336860470066,0.00036535601367425645
id11859,0.7381245794902943,0.001401321812922824,0.26047409869678284
id02434,0.9999968045854276,1.8719580426705294e-06,1.3234565296700885e-06
id27703,0.001197140603753864,0.0008635297931342137,0.9979393296031119
id25212,0.0011451847604695218,0.9985115677443538,0.00034324749517673954
id11308,0.024925543159343488,0.004777140737123876,0.9702973161035326
id26094,0.9963459422517399,0.0018138398076006004,0.001840217940659452
id22080,0.8910528817833278,0.10693868398778453,0.002008434228887836
id03545,0.9995375959714622,0.00035770246804514436,0.0001047015604927946
id23725,0.003111116374403439,0.000412588226022958,0.9964762953995736
id12009,0.9233692195013339,0.03508064716309776,0.04155013333556839
id24241,0.07689997884186692,0.5560771869200328,0.36702283423810034
id03596,0.001514618875269481,0.9984353277556728,5.00533690578173e-05
id10749,0.0015886579755897646,0.9956685564605048,0.002742785563905499
id22794,0.0660007151037945,0.0034340509495415063,0.930565233946664
id15482,0.03606308963677539,0.648900059116046,0.3150368512471787
id04833,0.8409140806587875,0.14866493182005736,0.010420987521155233
id00397,6.573704770485627e-05,3.827822022243495e-07,0.9999338801700929
id14691,0.010240579835160527,0.017628043711397312,0.9721313764534422
id05193,0.16371805206598464,0.0019637641582405424,0.8343181837757749
id19541,0.9715933455714632,0.0015756997579503683,0.02683095467058652
id22166,0.0008369722496921369,3.389406396445278e-05,0.9991291336863434
id20744,0.0028084844638069416,6.580459481270661e-05,0.9971257109413804
id10392,3.466466469637787e-05,0.0011249790248371915,0.9988403563104664
id00770,0.9905755011942426,0.002150312901801732,0.007274185903955622
id06018,0.9387090649829951,0.05475853334208082,0.006532401674924135
id15678,0.8336881055952934,0.009179137465051303,0.15713275693965528
id08305,0.9404604306957813,0.05879004761991872,0.0007495216843000317
id08903,0.2691547281800533,0.013918099357027088,0.7169271724629197
id14752,0.13477397760090412,0.8539941722293803,0.011231850169715549
id12468,0.006120942747170222,0.9938530235027219,2.6033750107935645e-05
id05085,0.15860813282916153,0.8406952815763864,0.0006965855944521129
id21993,0.3697108912862187,5.414280807363714e-05,0.6302349659057076
id15503,0.853589215152685,0.11248284574707951,0.03392793910023538
id03021,9.241020630473403e-09,0.9999998801150793,1.1064390008197253e-07
id16123,0.9998572728182362,0.0001203929155375406,2.2334266226314038e-05
id19383,0.9944093734054943,0.005133751153862591,0.00045687544064314744
id04186,0.999284291942367,7.957181889105787e-05,0.0006361362387419822
id17954,0.00039958187184914424,1.9178437756498273e-06,0.9995985002843752
id12030,0.1681672542423896,0.001168276032182908,0.8306644697254275
id13020,0.922757710044842,0.059481628294322006,0.017760661660836032
id25327,0.0008616166202527345,0.8386767681265314,0.1604616152532159
id16344,0.3929136832083129,0.04755413219553171,0.5595321845961554
id12303,0.19401177858006316,0.8032949401980461,0.0026932812218907263
id15017,0.9982252983331816,0.0017660547585161713,8.646908302191256e-06
id22308,0.41596884729233397,0.014530956365530852,0.5695001963421351
id06536,2.961181181334325e-05,9.481603039285784e-06,0.9999609065851475
id19797,0.04609302569945858,0.9486150008911499,0.005291973409391521
id06332,0.33274932390339823,0.43274647804594446,0.2345041980506573
id22941,0.008173169891316516,0.15322769523618496,0.8385991348724985
id13547,0.006985849009415445,0.06299914699153036,0.9300150039990542
id06928,0.00719319492162566,0.00010262924553231531,0.9927041758328421
id12521,0.5522187297229894,0.4386100615881297,0.009171208688880952
id25716,0.8289202923135863,0.00026931048082124657,0.17081039720559246
id27116,1.6387179113739215e-05,5.583202940224036e-09,0.9999836072376833
id19941,0.026345469373000106,0.9510335125700065,0.0226210180569935
id05711,2.9336337746887415e-05,9.380428202360178e-05,0.9998768593802295
id02097,0.0016422885144293882,0.0029299005642791304,0.9954278109212915
id03563,0.0005153174218889737,0.9993370947760322,0.0001475878020789223
id02295,0.1508346932723973,0.822234013355325,0.02693129337227775
id08179,0.9999999962552837,2.7826528845905138e-09,9.62063432965285e-10
id05332,0.04072988366452813,0.9537296091426828,0.005540507192789068
id15697,0.6141515632203116,0.0028305109915755192,0.38301792578811283
id17026,0.16354372339619697,0.09878630110473137,0.7376699754990717
id04243,0.8381168650404529,0.16116015571062278,0.0007229792489243588
id13175,0.9999994350629673,4.4314086634282505e-07,1.2179616640630136e-07
id05387,0.998371840624935,0.00012651746988475394,0.001501641905180213
id19989,0.9391382705370551,0.029731125579176874,0.031130603883768017
id25173,0.11520206616406882,0.02309810179866948,0.8616998320372616
id08925,0.006559902367192873,0.9932019304122167,0.00023816722059046767
id03034,0.0012175109838219883,0.9872118984027485,0.011570590613429603
id13272,6.403286594147619e-06,0.9999593869490333,3.420976437249497e-05
id07956,0.9488823167249684,0.0031569422384862098,0.04796074103654543
id02648,0.0004876341819983279,8.556867934304746e-05,0.9994267971386587
id01778,0.06922125822984873,0.0013844393366172609,0.929394302433534
id12846,0.00016192213973400193,0.00016441922463837928,0.9996736586356276
id19001,0.3101066827378298,0.01160377083473315,0.678289546427437
id05763,0.8260455898160228,0.02660733407648447,0.1473470761074928
id15590,0.00031243688047267006,5.205262500975948e-06,0.9996823578570264
id04912,0.6501317488719881,0.28438391646254474,0.06548433466546716
id21201,0.8322883752971295,0.11075423093437874,0.05695739376849175
id13215,0.9915366842548455,0.0014597491991569429,0.00700356654599751
id15612,0.09636030690828574,0.8951909374252579,0.008448755666456427
id18501,0.09825532555257556,0.006939929724283876,0.8948047447231406
id07223,0.8746932936910576,0.09489035866252675,0.030416347646415723
id06707,0.6157542184300215,0.10318085445685451,0.281064927113124
id05238,3.9010120687561935e-06,0.9999859596297682,1.0139358163127876e-05
id00935,0.003117726168434402,0.12092641356798568,0.87595586026358
id00110,0.9385665750805919,0.005156711555763681,0.056276713363644405
id17476,0.879606686387667,0.11668132261141059,0.0037119910009223984
id15170,0.9999185298884501,7.250872547642232e-05,8.961386073588691e-06
id13397,0.5054551831098064,0.05575514087650745,0.4387896760136862
id24283,0.8844900484548913,0.084197577434745,0.03131237411036374
id15234,0.9782197762575252,0.020946334389096263,0.0008338893533785835
id16884,0.8157544305863172,0.07081645752694611,0.11342911188673664
id07831,0.5372380211881453,0.3538112157092937,0.10895076310256101
id16038,0.8987597199632834,0.09940794123737702,0.001832338799339571
id03629,0.9600941540827667,0.026506861138728747,0.013398984778504494
id21019,0.9252624687157348,0.018734915884418557,0.05600261539984667
id21835,0.19768535838377452,0.015049015358099513,0.7872656262581259
id04480,0.0003532324839349212,0.9996103611472077,3.640636885738318e-05
id20838,0.2852027946589216,0.705277952184781,0.009519253156297453
id24195,0.4920679194982364,0.08576530063091725,0.4221667798708462
id05448,0.933328618662431,0.0611632425921994,0.005508138745369586
id15957,0.029140917496828487,0.9673508626673757,0.003508219835795952
id19956,0.001516063945394603,1.834279234312736e-05,0.9984655932622623
id15104,0.023048348372484456,0.0434456479033655,0.93350600372415
id17559,0.7282770554863626,0.21870356304493907,0.05301938146869838
id16839,0.04598257439237865,0.23881216017995463,0.7152052654276667
id14493,0.7552009319709929,0.008716845387435338,0.23608222264157175
id08833,0.8625617189423399,0.0011939667693075802,0.1362443142883525
id15723,0.11093027485691853,0.014100467416321424,0.87496925772676
id02716,0.9976278523299928,0.0002789354164097912,0.002093212253597418
id06689,0.03105610747216316,0.9424893057662505,0.026454586761586386
id18837,0.6680044718089487,0.001423218863207312,0.330572309327844
id04466,0.9840156474533566,0.012084226931450812,0.0039001256151926394
id00686,0.8273372927777511,0.008148840125632781,0.16451386709661614
id09010,0.10270065788445974,0.8964636283114807,0.0008357138040595102
id23353,0.9806031056030481,0.0035523730986134587,0.01584452129833855
id00066,0.8077226661718017,0.187346161725633,0.0049311721025653964
id15724,0.018984282692334636,0.9771150222082393,0.003900695099426073
id23486,0.09349884525669223,0.00010678013548809992,0.9063943746078197
id22258,0.007869723312517049,0.003961337538579815,0.9881689391489031
id02292,0.6851581316488164,0.26305170246727966,0.05179016588390385
id16356,0.2713941474021056,0.003961330822804525,0.7246445217750899
id00235,0.9831811302662559,0.0004163823965627618,0.016402487337181478
id25522,0.05249716363629717,0.0017252346466041203,0.9457776017170987
id04204,0.01413144186137427,0.9851353439303763,0.0007332142082494604
id22016,0.4892735552163901,0.06055064459373182,0.4501758001898781
id06480,0.028446153624090063,0.9709293242916649,0.0006245220842449646
id08718,0.06258510108568759,2.3111532625888797e-05,0.9373917873816866
id05251,5.113656597328079e-05,0.9999077439912694,4.111944275732126e-05
id03359,0.7002845756567376,0.018580907349791734,0.2811345169934706
id16117,0.025297084693492608,0.00017216334206391357,0.9745307519644435
id17000,0.0006656194839302315,0.9992799522774611,5.44282386087788e-05
id01730,0.0018169735311558777,0.9970552923530961,0.0011277341157480613
id00630,0.872511778670007,0.1268343175721645,0.0006539037578286127
id18175,0.07355652430741208,0.0007443321750858705,0.925699143517502
id00907,0.8613568354153227,0.0725180342622731,0.06612513032240419
id18251,0.00028978343249781344,0.9996782139464148,3.200262108733619e-05
id25861,0.6956382763953655,0.10040793742268285,0.2039537861819517
id00398,0.9242786545336412,0.05354456752991727,0.022176777936441627
id27573,0.9996348838485978,5.509669091744065e-07,0.00036456518449303453
id10022,0.00020596842976503742,0.9969900114553625,0.0028040201148724964
id15901,0.06113273213794129,2.8483072382508554e-05,0.9388387847896762
id00451,0.032291263453315004,0.01483462057054911,0.9528741159761359
id23129,0.008724764502712697,0.9911110917353204,0.00016414376196696384
id26498,0.15435557285900847,0.8012399444585288,0.0444044826824628
id14741,0.044800063583891825,0.9515819734083295,0.0036179630077786333
id18453,0.20458754234728227,0.12312212896212309,0.6722903286905946
id08309,0.6700645841051129,0.3154206515416766,0.014514764353210374
id00320,0.999999708127374,8.640273250929084e-08,2.054698934746589e-07
id07688,0.19581844170295082,0.06760475837005449,0.7365767999269947
id01556,0.00434633720439147,4.832880449068845e-05,0.9956053339911178
id00178,0.5274522161613906,0.013948682666438696,0.4585991011721708
id18902,0.0038994151102253664,0.004352131175386502,0.9917484537143881
id27002,0.2718838877576471,0.721875833634738,0.006240278607615011
id21418,0.9996329259519054,0.0002371595728412625,0.00012991447525322386
id23018,0.11397755860081138,0.1258574365490208,0.7601650048501679
id07032,0.47972804712278927,0.012592292307673175,0.5076796605695375
id16195,0.6085793301568834,0.0929969112731891,0.29842375856992764
id11202,0.05471215338049255,0.9411737260043175,0.004114120615190042
id09578,0.9006124883795443,0.009130359115428447,0.09025715250502729
id26984,0.9162866680697378,0.0057005731931729945,0.07801275873708921
id19856,0.0019452939509459332,0.997563691561275,0.0004910144877790769
id12086,0.5201382715673876,0.040369261386437344,0.43949246704617506
id12052,0.03694488025469614,0.0075715031580314415,0.9554836165872724
id17728,3.486966971585913e-05,8.039243030371096e-05,0.9998847378999804
id24608,0.6963516044635564,0.02262910291197604,0.2810192926244676
id21097,0.12451109069699176,0.014267285484982985,0.8612216238180253
id20179,1.5034787830567084e-05,4.397837563503319e-05,0.9999409868365344
id15144,0.7307383661082862,0.19872351718787984,0.07053811670383389
id00206,0.9788860609127152,0.0025084702014873997,0.01860546888579745
id22285,0.0009492054956614479,0.0007207187331505741,0.998330075771188
id06417,0.09071789163895992,0.8177135608317033,0.09156854752933685
id00215,0.0017038812445553005,0.9982247547364307,7.136401901400324e-05
id04201,0.3874118862504412,0.015798398974689237,0.5967897147748696
id21771,0.9672080502111712,0.03059325803138002,0.00219869175744876
id12451,0.003622274169203778,0.19439146451051206,0.8019862613202842
id14250,0.12690356987888785,0.6905719186631589,0.1825245114579532
id03433,0.0060478478621132465,0.993886673403544,6.547873434282526e-05
id03303,0.060694913962854945,0.0033695611314798557,0.9359355249056652
id25901,0.08573356674485438,0.5882801979707274,0.3259862352844183
id06945,0.45981192644485464,0.007390623807978253,0.5327974497471671
id05664,0.8072973670511826,0.11527222559633149,0.07743040735248581
id05741,0.9999950200590421,3.6144110524279155e-06,1.3655299055302994e-06
id10652,0.9079819463162914,0.027681102213733485,0.06433695146997515
id16300,0.9927238363816353,0.00029576794441257647,0.006980395673952211
id12319,0.7210328217732397,0.19635122860588064,0.08261594962087966
id07500,0.012399064930552251,0.9874652018079573,0.00013573326149052728
id12478,0.2607844501609444,0.09924868252194248,0.639966867317113
id03076,0.06406876552658249,0.0003280498072348113,0.9356031846661828
id00969,0.6271262356613635,0.27637037747322996,0.09650338686540662
id23636,0.0074099600396564744,0.9675041274599534,0.0250859125003902
id09791,0.022467132519718127,0.14045983182017543,0.8370730356601065
id05680,0.0006109222722144218,0.9810171722696774,0.018371905458108274
id03672,0.0013986916904294474,0.9982911485975359,0.0003101597120346802
id04286,0.001556626513159396,0.9711645830364248,0.027278790450415806
id23883,0.0008209119659069055,0.010653412202289592,0.9885256758318035
id11914,0.18831091558049062,0.006074955221079913,0.8056141291984295
id20974,0.0002844902488373139,0.9995615437140568,0.00015396603710580973
id26125,0.03259868307247584,0.0006781573796343491,0.9667231595478898
id15543,0.2468561300558765,0.00252435262786173,0.7506195173162618
id19471,0.9997127422454184,0.00024556033372088694,4.169742086072848e-05
id11503,0.8804666054967354,0.09562876952008689,0.02390462498317777
id09321,0.0011414379100426223,0.9667690816284503,0.03208948046150709
id25560,3.3222252105125785e-06,1.4409741165315013e-05,0.9999822680336242
id06726,0.4356984691153109,0.24848838644869614,0.31581314443599295
id05709,0.9791818903075132,1.6665769860342367e-05,0.02080144392262641
id09788,0.030985405951144355,0.2809027476240136,0.688111846424842
id05289,0.9999898123358767,1.0027075966983091e-05,1.6058815640731328e-07
id11815,0.0018685539724013608,0.9974743363073614,0.0006571097202372248
id22422,0.902116851726038,0.06111311543507551,0.03677003283888663
id25954,0.9910429133828921,0.00504017018721026,0.003916916429897676
id13601,0.8825695406029701,0.05523371382612126,0.062196745570908686
id05677,0.9312386167422229,4.718629106746826e-05,0.06871419696670968
id10498,0.006751940821418848,0.9932005012212486,4.755795733266648e-05
id02665,0.6369196826556885,0.3516364125942834,0.011443904750028133
id10114,0.01711921691392112,0.9446893338737695,0.038191449212309346
id26314,0.9803263856343235,0.018535318081367106,0.0011382962843094362
id21240,0.46907948937702226,0.06045753253734545,0.47046297808563237
id15569,0.9985642673225008,0.001403534560354129,3.2198117145091166e-05
id25928,0.06686653377231203,0.036346748851544854,0.8967867173761431
id22706,0.005901766029515689,0.9939922776760685,0.00010595629441589763
id20877,0.0005054647064224991,0.991861046891214,0.007633488402363463
id04318,0.9686902610980447,0.004162911596830536,0.02714682730512481
id18299,0.19154565509122826,0.6788340314462228,0.12962031346254904
id08126,0.0223496479394049,0.00013861522552469647,0.9775117368350704
id14293,0.42139099142142816,0.003151015104651086,0.5754579934739207
id12759,0.9949024130181318,0.0002467362506410262,0.004850850731227226
id11983,0.551630073602708,0.1106660352063205,0.3377038911909715
id05580,0.0783841990328266,0.8362913099299404,0.08532449103723307
id25846,0.43960641759787167,0.4234040653534165,0.1369895170487119
id01939,0.5892165789548306,0.023227561749456463,0.3875558592957129
id26327,0.21592233227732183,0.21071292401504405,0.5733647437076341
id11068,0.0008951240508477976,3.36783310527761e-05,0.9990711976180995
id08404,0.9986144832143476,0.0001986337203768776,0.0011868830652754687
id27189,0.17219432133971477,0.8276227386246022,0.000182940035683028
id15119,0.0023949901106080835,0.9850783551186632,0.012526654770728823
id26525,0.9948752769354583,0.002703058841245064,0.0024216642232966954
id03618,0.7529765890878406,0.22300411068225948,0.02401930022989998
id27220,0.9996682511450037,4.68250249472055e-05,0.00028492383004906526
id18777,0.03760615216904118,0.00041876249296846714,0.9619750853379904
id20213,0.9671250002374111,0.00443241502207944,0.028442584740509452
id20403,0.9824945682827587,0.004327902240792157,0.013177529476449169
id03777,0.007769359003595482,0.0293060614631695,0.9629245795332351
id10595,0.006668075327861705,0.9906917212001556,0.0026402034719827166
id13816,0.5782383928737178,0.009132904802850245,0.4126287023234321
id05667,0.00640137924071001,0.000904226548910965,0.9926943942103791
id24629,0.9236371510437614,0.00522457672670699,0.07113827222953162
id20398,0.7019073459453088,0.10937495118711278,0.1887177028675785
id14108,0.00011855951013507526,2.0027420330426945e-05,0.9998614130695346
id06196,0.0001644089507758784,0.9997867352834756,4.885576574850291e-05
id02800,0.9497432108733301,0.03751795380576963,0.012738835320900305
id18732,0.00034459080653099334,0.9983588964617565,0.001296512731712494
id11915,0.0025592162033768683,0.9946817039122977,0.002759079884325452
id09739,0.9340766366523157,0.02096545551252209,0.04495790783516226
id24672,0.9988375109026468,0.00022531947195145348,0.0009371696254017195
id00414,5.442076269494783e-07,3.12740031412409e-05,0.9999681817892319
id16307,0.9997419778339222,0.00019566975974560536,6.235240633223102e-05
id14043,0.12272221953385128,0.0002411735066843818,0.8770366069594643
id00517,5.505613791015229e-05,1.641890708470054e-06,0.9999433019713814
id09744,0.9195454809200956,0.08044216212018393,1.2356959720515071e-05
id19257,0.9988534947322987,0.00043442198776834985,0.0007120832799329722
id15437,0.6126156015026373,0.38287446941614767,0.0045099290812150965
id16352,0.013316648632012894,0.015183913176229353,0.9714994381917578
id18849,0.26431504191155913,0.004104072084154773,0.7315808860042861
id19434,2.6793182098350984e-07,0.9999996356575062,9.64106728968353e-08
id17928,0.09362071701310945,0.02057865654518939,0.8858006264417012
id16896,0.0245471154171435,0.003938198080368508,0.9715146865024881
id02135,0.08817881431759639,0.40327628108838387,0.5085449045940198
id15075,0.9926791242708066,0.006713183074859343,0.0006076926543340442
id27486,1.5497195735000723e-06,0.9999982155712769,2.3470914966882621e-07
id19422,0.6791828854674488,0.3194365698913356,0.0013805446412157216
id09603,0.06003130376914941,0.8755434476747127,0.06442524855613795
id02133,0.01389271684477534,0.980338820746456,0.005768462408768808
id03441,0.7761394229011237,0.0001953568281980104,0.22366522027067837
id02398,0.00011438416508382226,0.9998712631798845,1.4352655031698674e-05
id05152,0.043270423600436606,0.001938371553062908,0.9547912048465005
id17838,0.30953051076645915,0.013291284896882095,0.6771782043366588
id25060,0.99973261154035,0.00023436498751282223,3.3023472137165713e-05
id09998,0.017552857934910928,0.007599840379415637,0.9748473016856735
id01828,0.0213900025294247,0.9106579167432145,0.0679520807273609
id25377,0.36678244731482174,0.017579969408834103,0.6156375832763442
id22175,0.04476670304285846,0.954014732876419,0.0012185640807225384
id02974,0.0026910739860912854,0.0033391977947222966,0.9939697282191864
id26955,0.9959214160344056,0.0040526643924229215,2.591957317148536e-05
id21091,0.9878292777360541,0.002469603654294614,0.009701118609651331
id12802,0.9316140677296678,0.06263697644877919,0.00574895582155297
id07432,5.029567421498465e-07,0.9999932799914092,6.217051848687604e-06
id18749,0.008879081738322376,0.984949837335881,0.006171080925796516
id15030,1.4902861512688639e-05,0.00014812382850967938,0.9998369733099777
id17155,6.313304438057415e-06,0.9999933887465369,2.979490251668802e-07
id08128,0.00019493933279286711,0.9916881522042893,0.008116908462917814
id25706,0.0008369226369581587,0.9962782028733298,0.0028848744897120547
id15645,0.9527655510048552,0.038887283437833424,0.008347165557311492
id04943,0.7666011607069398,0.2041756957169111,0.029223143576148858
id27566,0.0002515765524788205,4.509551537435053e-05,0.9997033279321468
id11765,0.4085374351478768,0.13889092529730085,0.4525716395548222
id13783,0.4713024341115347,0.28136141774198836,0.24733614814647692
id00492,0.0038493541469307034,0.0022175507955177844,0.9939330950575516
id27636,0.055758533916302394,0.0003843784647583747,0.9438570876189393
id04273,0.8339817981202505,0.02081781432839218,0.14520038755135745
id02537,0.05474259478851073,0.0758644572065337,0.8693929480049556
id24349,0.9424124721773561,0.057359522344152,0.00022800547849183682
id00023,1.0536991872215026e-05,0.9997696555363054,0.00021980747182240545
id23025,0.041833064324391836,0.9578313293273635,0.00033560634824467915
id08722,0.9859736373487492,0.0053335129878352636,0.008692849663415539
id02420,0.9997315768166193,0.000264250326940033,4.172856440682883e-06
id10811,0.9912163316752433,0.002799901634731153,0.005983766690025579
id04019,3.4671323866155466e-05,0.00010869051965929383,0.9998566381564745
id18334,0.8749636642864103,0.11402249863431124,0.01101383707927853
id16781,0.7681145151644101,0.20874364549249314,0.023141839343096868
id08773,0.8283748431588323,0.16981237633497726,0.0018127805061904706
id19214,0.8317936838153464,0.15628115660671857,0.011925159577935157
id09589,6.468820084026484e-07,0.9999760565234841,2.32965945075931e-05
id24246,0.9980318236398201,0.0015123774270971594,0.00045579893308272566
id23577,0.19548042782933775,0.8041857310073859,0.00033384116327638577
id09305,0.9069347536321851,0.010444477755276302,0.08262076861253857
id16460,0.1726474589395478,0.0321678806462463,0.7951846604142059
id21115,0.8763842284200494,0.011665390958464198,0.11195038062148638
id25996,0.6068536180731315,0.16348737737241,0.22965900455445837
id02551,0.00017091343926982797,0.0010764724140137792,0.9987526141467165
id19352,0.0023645331664997357,7.670483440998764e-07,0.9976346997851562
id03806,0.013079216478017646,0.007283497694150933,0.9796372858278315
id26544,0.9716232104944669,0.0023024202625053208,0.02607436924302785
id18761,0.9394196733350549,0.03607630752709498,0.024504019137850018
id24148,0.020334959438390664,0.9727488703793342,0.006916170182275181
id16095,0.028798688677456826,0.9528038159553702,0.018397495367172906
id18442,0.7156001885290727,0.0671789071188199,0.2172209043521075
id22596,3.031051784627448e-08,1.5556109294023335e-07,0.9999998141283892
id23002,0.027986199876676603,0.0016891291009615025,0.970324671022362
id04797,0.9993034203028428,0.0002863462071123578,0.00041023349004489586
id06610,0.14713700198446422,0.004340657333195494,0.8485223406823403
id16173,0.43515749994936714,0.3460508058444165,0.21879169420621639
id18292,0.014787867598657327,0.03313216611650413,0.9520799662848386
id27328,0.9712831926482468,0.00996609200809952,0.018750715343653687
id01695,2.5977033592827466e-05,0.9999556535418531,1.836942455407536e-05
id05761,0.4297675511156457,0.0011243887276950037,0.5691080601566593
id16354,0.9800141751339893,0.0005368751069953616,0.019448949759015403
id12207,0.0017960904472638353,0.9260754671502619,0.07212844240247425
id05665,0.013549145605468358,0.0005533372152899345,0.9858975171792417
id01911,0.8892311817054863,0.108531317250781,0.0022375010437327655
id19153,0.10589323237196482,0.0003405112185988994,0.8937662564094363
id10295,0.7673799439252927,0.05890680927634301,0.1737132467983642
id23038,0.8012774021549088,0.1581129405717774,0.04060965727331379
id23783,0.12517596844760379,0.8744454631993941,0.00037856835300210614
id27879,0.9405245601093584,0.055994907326063666,0.003480532564577912
id19190,0.0014645479636086632,0.9985217197505931,1.3732285798299564e-05
id05065,0.9636773147275246,0.015854152537586014,0.020468532734889387
id21296,0.08225432811039098,0.9130577313300621,0.004687940559546934
id13262,0.22760317881466793,0.21844684972767897,0.5539499714576531
id10333,0.9741775500418524,0.005935147305901249,0.019887302652246336
id16677,0.17469653619951162,0.8160799405401727,0.009223523260315631
id01392,0.11469589915709277,0.013077324086757677,0.8722267767561496
id27874,0.927762669313343,0.0715318298965782,0.000705500790078798
id02294,0.0005147873732459959,0.9833337504748616,0.016151462151892487
id18298,0.009009325366178194,0.11846815817371323,0.8725225164601086
id06997,0.9994733528882225,0.0003805570081172696,0.00014609010366030398
id05243,0.6578041893833686,0.15706706959685932,0.18512874101977203
id00860,0.0011628312196982208,0.9938911827126788,0.004945986067622928
id26681,0.999989564372972,1.024628767840397e-05,1.8933934958749392e-07
id06020,0.0007564697030857644,5.161460930138563e-07,0.9992430141508212
id27683,0.9414975226470266,0.01966519159707583,0.03883728575589768
id17655,0.00016696783929204736,0.9998306287897791,2.4033709288269813e-06
id08817,0.04198525335863128,0.03479093770055243,0.9232238089408163
id11512,0.0005197363735807585,0.014660676740136701,0.9848195868862826
id00478,0.25599982266662474,0.00416508491489865,0.7398350924184767
id02116,0.9722839245947905,0.0032663347106100965,0.024449740694599414
id06746,0.9889590498669719,0.009719505389448465,0.00132144474357969
id03863,0.4919482595389976,0.46483816210511764,0.04321357835588463
id01802,0.13993074476848175,0.8515333774293078,0.0085358778022105
id11682,0.7101472781737346,0.022491017682430454,0.267361704143835
id04033,0.002047956853805096,0.9967251413718554,0.0012269017743394518
id09286,0.10950196242046953,0.6883905420104675,0.20210749556906302
id12904,0.9998149496220153,0.00017552598267679893,9.524395307928284e-06
id07420,0.0004457723256198729,9.889871802891398e-05,0.9994553289563513
id22398,1.2439019893840761e-05,0.9999137868074256,7.377417268053712e-05
id00424,0.027492911641444576,0.003170733712825401,0.9693363546457301
id20960,0.9874231943063062,0.011888637268406624,0.00068816842528721
id10267,0.014165594458085016,0.9845120041854368,0.0013224013564782137
id19330,0.4642584359190642,0.0023316317259680286,0.5334099323549678
id00994,0.0008334233449585151,0.9987778026005962,0.0003887740544452346
id10785,0.8406694032566199,0.0885028092887953,0.07082778745458486
id00955,0.03411661093931163,0.9526300114503676,0.013253377610320785
id09757,0.00010192745232247745,0.9998564257056075,4.164684206998931e-05
id10030,0.05314823305607829,0.06476142393198471,0.882090343011937
id22952,0.017004073459048672,0.0555476828045085,0.9274482437364429
id21955,1.941521393797329e-05,0.0015635420701871643,0.9984170427158748
id07674,0.8747208377348297,0.013138705455557474,0.11214045680961279
id13760,0.0022523657552827384,0.9977169137071701,3.0720537547224585e-05
id18166,0.9432880720020599,0.002774399131589237,0.0539375288663508
id23498,0.9778935761987597,0.01687891501594737,0.005227508785292927
id05296,0.9984056035884212,0.0013181975174335963,0.00027619889414518667
id26709,0.9940365215412604,0.004257610048387314,0.0017058684103522174
id02853,0.9875025889866895,0.004477679618752368,0.008019731394558206
id06800,0.6673008349919992,0.08330331422772834,0.24939585078027254
id14758,0.1917428734420189,0.7964251962061114,0.01183193035186973
id12356,0.9998104622084676,0.00018155363648776938,7.984155044689517e-06
id21492,0.9831646047200471,0.00736810061830964,0.009467294661643328
id27540,0.8350230016264317,6.6857801733578955e-06,0.16497031259339492
id07376,0.11536578883104436,0.493756310843058,0.3908779003258976
id15201,0.4512386773211955,0.522038379397411,0.02672294328139351
id23388,0.001919520261888647,0.98655351891266,0.0115269608254513
id13923,0.0015019910477146992,0.9984354208923545,6.25880599308466e-05
id00794,9.270758721680192e-05,0.977502750168962,0.022404542243821168
id23910,0.13381234031322403,0.007567287522796203,0.8586203721639798
id02556,0.023326204131422657,0.06259261322063028,0.914081182647947
id22151,0.0003168314017826725,0.9996821248210273,1.043777190147991e-06
id11698,0.03555384053938587,0.8647976980633845,0.09964846139722974
id11627,0.4439829841484048,0.06546754137096131,0.4905494744806339
id06340,0.9999772378354982,9.111262872691364e-06,1.3650901629137616e-05
id05123,0.9456540542716974,0.0021234003886907767,0.052222545339611896
id26620,0.0037195253931594226,4.350908583494817e-05,0.9962369655210056
id04002,0.0026008311584516347,0.005842502723137421,0.991556666118411
id26554,0.07656226297750594,0.6673313195442061,0.256106417478288
id18012,0.14940986427731714,0.003852743322504158,0.8467373924001788
id12964,0.32336732935260426,0.005505650068380518,0.6711270205790153
id18965,0.0014865048550095036,0.46361489476059575,0.5348986003843947
id19082,0.021725836687995524,0.0013970628750218513,0.9768771004369826
id26742,0.015962401174661984,0.00010841191806690852,0.9839291869072712
id15442,0.033201286157218624,0.9665737761651901,0.0002249376775912786
id16647,0.6738662074009191,0.022030044748258395,0.3041037478508226
id11544,0.035460937587120905,0.012284024518046052,0.952255037894833
id20581,0.46172421568944017,0.0848289314084971,0.4534468529020628
id13192,0.5031445335774208,0.32307651335396737,0.17377895306861185
id15814,0.13885847694602457,0.0022686162757614608,0.858872906778214
id26279,0.01780346636113243,0.9816211383711849,0.0005753952676827386
id00240,0.9674579057790363,0.008980447564360564,0.023561646656603062
id22836,0.99944045915623,8.91319998981411e-05,0.00047040884387183256
id15085,0.0006062273880571744,0.8420598124995482,0.15733396011239464
id17495,0.7487409938893291,0.02194505104994743,0.22931395506072347
id26762,0.9391586427540008,0.005854946071324744,0.05498641117467449
id13685,0.9995278938331176,2.2583651356221044e-07,0.00047188033036882116
id16560,0.00390869684048195,0.9959127943498729,0.00017850880964521024
id17184,0.00018236457916674862,0.9993333459897633,0.0004842894310699912
id21635,0.9994134717003755,3.563975709417733e-05,0.000550888542530318
id26751,0.719211396038237,0.250181843202812,0.030606760758951072
id12351,0.9932096462504235,0.0004891204814258409,0.006301233268150686
id14872,0.5378301304813907,0.412205888598678,0.04996398091993137
id18372,0.9661243472564013,0.010103326601512027,0.023772326142086717
id26851,0.8151344456662677,0.12527988075980007,0.059585673573932255
id22659,0.8632761205746713,0.136675634779403,4.8244645925629804e-05
id04102,0.0002582186491917609,1.4357876233630876e-06,0.9997403455631849
id02353,0.0006253054790883343,0.9986493058479003,0.0007253886730113294
id26721,0.9995369684412985,0.0002627016572267407,0.00020032990147480977
id11171,0.8749519148706498,0.0183332862839314,0.10671479884541875
id13562,0.677380815737136,0.310502355627588,0.012116828635275956
id26425,0.9289829555490611,0.017146587555587157,0.053870456895351804
id26394,0.44407159461342216,0.007139371772854014,0.5487890336137239
id22187,0.7061806107348854,0.2519736691080469,0.041845720157067674
id00422,0.9999078916090306,8.150811974005136e-05,1.0600271229333637e-05
id22667,9.186344734181112e-06,0.9999906953190216,1.1833624420243854e-07
id00911,0.9306401064592129,0.002574972436296638,0.06678492110449043
id17291,0.04449542289989965,0.021056776462783103,0.9344478006373174
id01915,0.03599981351843791,0.18697266060548542,0.7770275258760766
id01434,0.08901831787697143,0.019972831464408272,0.8910088506586203
id01584,0.8283311537012044,0.005119249387740054,0.16654959691105545
id09266,0.9992922582302727,0.0002594165051330911,0.0004483252645942108
id17494,0.0001985409322068656,0.9993061938468698,0.0004952652209233881
id24919,0.6265328814035426,0.1452333894316026,0.2282337291648548
id21043,0.016895220344033717,1.0297027232906664e-05,0.9830944826287334
id17796,0.0010327991993221044,0.9989557634585401,1.1437342137836299e-05
id02166,0.9302446830216455,0.00017301752796481737,0.06958229945038973
id17503,0.9924442521072581,0.0026151565306652704,0.004940591362076748
id21203,0.8937566186071865,0.04470040827482685,0.06154297311798666
id25626,0.9999920609770441,7.0891467376859155e-06,8.498762182769606e-07
id09836,0.99929175402584,0.00035154153633113784,0.00035670443782885255
id24202,0.007615819252782645,0.023313079671844227,0.9690711010753731
id27260,0.34418023973414086,0.009131047245527114,0.646688713020332
id23167,0.0009871799448462905,0.000501004624264527,0.9985118154308892
id10393,6.7992095949952585e-06,0.999973367440743,1.9833349661948062e-05
id01171,0.9103196470367627,0.08938524980174914,0.0002951031614881544
id06380,0.9711295117281376,0.013430621937640322,0.015439866334222063
id22686,0.030014459185799838,0.0001385344450303776,0.9698470063691699
id26250,0.162678356771379,0.004380741438010997,0.8329409017906101
id09315,0.11419037145376248,0.763098563284661,0.12271106526157666
id00886,0.0041367345997747615,0.9932028886425076,0.002660376757717603
id03101,0.9933717129353804,0.0019545798198781117,0.004673707244741584
id12367,0.7198400877894933,0.0012530168961216264,0.27890689531438506
id10770,0.9525610359388671,0.025824991265901383,0.02161397279523146
id14949,0.0008457240220883992,0.9985933304394418,0.0005609455384698392
id14141,0.33351623543580733,0.6651948728734409,0.0012888916907517999
id25417,0.5618002779189954,0.3160208614059254,0.12217886067507913
id26873,0.9560243817064996,0.04236695543588353,0.0016086628576168162
id10818,0.16067748937543835,0.013776895653720778,0.8255456149708409
id15146,0.8718910424985487,0.0025692410649994593,0.12553971643645195
id23328,0.9871543145933646,0.011853981320681746,0.0009917040859536942
id16765,0.6619549618181383,0.27787876016464697,0.06016627801721471
id24383,0.9959798458414083,8.825327428512868e-05,0.00393190088430659
id21304,0.9823843147045306,0.0017589164980826202,0.015856768797386837
id12551,0.004324792469912803,0.99469191526161,0.0009832922684771133
id23274,0.0023920459648179497,0.00487628673818574,0.9927316672969964
id08117,0.9539462937592788,0.011515675281236174,0.03453803095948508
id23961,0.9991561255262604,3.660183545348843e-05,0.0008072726382861502
id13865,0.0004935730562178298,0.9994885638011746,1.7863142607698052e-05
id22807,0.22666076186870354,0.04768166358360849,0.725657574547688
id08951,0.1590079560698153,0.005501265950331007,0.8354907779798537
id18684,0.9963725853723594,0.002134851639843265,0.001492562987797319
id25179,0.008895668721056236,0.9710311836131629,0.020073147665780965
id27033,0.809534370586227,9.999299673865922e-05,0.19036563641703436
id13977,0.008397107896903094,0.985030430796663,0.006572461306433983
id19337,2.10173929339701e-05,0.999911140702849,6.78419042170683e-05
id25764,6.062124569228899e-06,0.9999816804849423,1.2257390488511553e-05
id16106,0.17534222169382882,0.001091455274802819,0.8235663230313683
id05468,0.021465984846405207,0.0009005524509963648,0.9776334627025984
id05241,0.9859764290613946,0.00037326133370909194,0.013650309604896278
id10215,0.6894376046517616,0.13677425669905288,0.17378813864918555
id23457,0.0003260058271690425,0.0015457872216369784,0.9981282069511941
id02200,0.9999999702225988,2.1950232902979115e-08,7.827168379363718e-09
id13714,0.10244587923411497,0.8883804895500145,0.00917363121587064
id20332,5.644480354974059e-06,3.3478330209697717e-06,0.9999910076866241
id18573,0.0717622730086024,0.02278456611207869,0.9054531608793189
id08569,0.999973168805574,5.036144298490105e-07,2.6327579996309956e-05
id22767,0.18271370622226715,0.5815786980705964,0.23570759570713656
id25390,0.00601135580058108,0.9853056916140996,0.008682952585319238
id09288,0.9673234968707096,0.00013962922986190864,0.03253687389942855
id12381,0.9994677478291035,0.0002266243440921658,0.000305627826804278
id02895,0.025685807670438682,0.0005678504460009384,0.9737463418835604
id25270,0.00011173380656334493,1.5516866574500678e-07,0.9998881110247709
id14248,0.6107607008721038,0.038686719364637856,0.35055257976325843
id12831,0.928424786497458,6.804082328562528e-05,0.07150717267925645
id18305,0.7376348122042538,0.010395610444008505,0.2519695773517378
id07805,0.9989830106867625,0.0010061089066073657,1.08804066301113e-05
id14027,0.014808604248232523,0.00792730463238611,0.9772640911193814
id02760,0.8816001152940516,0.09641353880156583,0.02198634590438262
id24362,0.9923605446875001,0.005803600004060206,0.001835855308439704
id17065,0.001366888158157427,0.9986282358671996,4.87597464297159e-06
id26583,0.00042511076135031203,0.9865754497892528,0.012999439449396856
id19664,0.9999830155414072,1.6962552815771022e-05,2.190577701845967e-08
id25145,0.8416111298873741,0.10217007769208131,0.0562187924205447
id17858,0.012491702012237479,0.9862489020859467,0.001259395901815764
id05148,0.10616403366510795,0.3198071250627332,0.5740288412721589
id22928,0.6993392632099454,0.28413934025647103,0.016521396533583522
id21549,0.5669798639567256,2.272011012308333e-05,0.4329974159331514
id12649,0.03127829124704187,0.9679269104855083,0.0007947982674498837
id21597,0.9841766951325434,0.008526172390898935,0.007297132476557725
id27945,0.9835880022196165,0.007795203294137448,0.008616794486246051
id00243,0.9999011367862188,2.1100958832545875e-06,9.675311789795923e-05
id02745,0.9849064601331339,0.00016543926968913254,0.01492810059717697
id23550,0.011586496979223702,0.019943206961882908,0.9684702960588933
id13023,0.0505392937655995,8.274585582964811e-05,0.9493779603785708
id24796,0.0537161425314334,0.0001904850087544565,0.9460933724598122
id12284,0.020896587818062792,0.9761273072932014,0.00297610488873582
id02664,4.898485186331902e-10,0.9999890275514319,1.0971958719623613e-05
id23767,0.9877593128787272,0.00591750066769583,0.00632318645357703
id05859,0.007989345928626141,0.9697164763827409,0.022294177688632958
id14350,0.24153923448042874,0.2801811878941405,0.4782795776254307
id01191,0.07652693469958934,0.7573016107374547,0.16617145456295584
id17034,0.4699615507959485,0.010423181278728166,0.5196152679253233
id25292,0.8787958506170493,0.12117019837066774,3.3951012282871633e-05
id22121,0.9907913765048906,0.002054253534555992,0.007154369960553495
id20872,0.999861753309306,4.019721391007742e-05,9.80494767838227e-05
id17720,0.033822082841919045,0.9645062010710589,0.001671716087022073
id22658,0.14865486706159373,0.8481848651392795,0.003160267799126864
id09567,0.9763345544762355,0.006735931041844619,0.016929514481919802
id16445,0.9942236611716159,0.002245750950058424,0.0035305878783257164
id08349,0.02056146266235876,0.10094803690555187,0.8784905004320893
id27437,0.012622995763489698,0.02183033709652698,0.9655466671399834
id03812,0.9999229105281964,7.31051699446326e-05,3.984301858960598e-06
id22304,0.7954540922827702,0.19389611748176766,0.01064979023546219
id04449,0.5721064283814521,0.35345224233663974,0.07444132928190823
id15605,0.36398298020899894,0.01932832831603806,0.6166886914749631
id01768,0.9301520587326446,0.0300956920127767,0.0397522492545787
id20019,0.021360625873898247,0.8851011358478587,0.09353823827824316
id09593,0.0018085647587178695,0.9977540175255384,0.00043741771574378217
id23179,0.7712288569094694,0.002487098980203956,0.22628404411032665
id21279,0.9644854447788392,0.003222099845316435,0.032292455375844374
id06711,0.0007259425677681525,0.0005258052365569279,0.998748252195675
id14243,4.4674500708670665e-06,0.9999334295899279,6.210296000122593e-05
id04839,0.0002869383240318356,0.0013143758827648064,0.9983986857932033
id17220,0.0034960116308888696,0.9917047715820597,0.004799216787051446
id24177,0.7625518690641386,0.021026599104009707,0.21642153183185175
id20512,0.07859505487114449,0.006660861628215957,0.9147440835006396
id14036,5.3301893056094e-05,0.9999453980996548,1.3000072891143976e-06
id25001,0.018496559358337925,0.0008615570838422154,0.9806418835578199
id06175,8.253601731207698e-06,0.9998939265280606,9.781987020820173e-05
id24720,0.0742709614787032,0.9097150757232155,0.016013962798081323
id08070,0.9834259275675052,0.0165650295987081,9.042833786677216e-06
id18934,0.9908673750458089,0.0027765540093290545,0.006356070944862016
id01338,0.9972224521833777,4.8677881517928784e-05,0.0027288699351044033
id19008,1.4684210051155792e-05,0.9997205939092063,0.00026472188074259896
id19632,0.003887280344758157,0.9575756146734878,0.038537104981753986
id26224,4.76189209361341e-08,2.8727060776097105e-07,0.9999996651104713
id08219,0.9899892107436078,0.0049856058687188,0.005025183387673457
id24008,3.796452704965934e-05,8.369975905533468e-08,0.9999619517731912
id12475,0.07440735211279596,0.8575885134495312,0.06800413443767266
id05766,0.1578888201402169,0.01256670427015965,0.8295444755896234
id27386,0.0002544537100951616,0.9995382050030847,0.00020734128682024677
id12476,2.554271777385691e-07,0.9999997115870987,3.298572363847812e-08
id08311,0.9946141486887576,0.005182643553029453,0.0002032077582128995
id04996,0.27038899677999184,0.728247759091024,0.0013632441289840368
id17350,0.016646313498754922,0.9833349297650781,1.8756736167040757e-05
id05546,0.00012798759496904515,0.9993044843004647,0.0005675281045663276
id16504,0.0024430782736246204,0.9975159128089338,4.100891744160383e-05
id05782,2.4253229693176925e-06,0.00010023686859947252,0.9998973378084313
id20560,0.8375579780233687,0.13383501249544838,0.02860700948118293
id14171,0.005049144501322833,0.03487805638636944,0.9600727991123078
id27461,0.22059832148011246,0.01660150121689571,0.7628001773029919
id03581,0.03697550060655384,0.001949246205030325,0.9610752531884158
id21847,0.012770508813998781,0.00045141942619069845,0.9867780717598105
id11712,0.9479278710188197,0.014707615551360367,0.0373645134298199
id26738,0.010695689164626999,0.013923364198311475,0.9753809466370615
id13668,0.9955351195847157,0.004388620386289769,7.626002899456083e-05
id15114,0.9997102448752802,1.8763874644177827e-05,0.00027099125007562817
id20130,0.37751637339909894,0.024195497735080763,0.5982881288658203
id18331,0.9971501466917685,1.5384489222868038e-05,0.002834468819008687
id24465,0.9999749561791779,1.5053254983226934e-05,9.99056583902022e-06
id13539,0.951891389974063,0.04751126362282583,0.0005973464031111898
id27564,0.0007821921625329023,0.9987588403270616,0.00045896751040544335
id26043,0.04657521479946027,1.540478537849612e-05,0.9534093804151613
id04965,2.3810250343990158e-08,1.5995647645811724e-06,0.999998376624985
id08645,0.001384478244037217,0.0006991467219092994,0.9979163750340535
id26610,0.7747206207608642,0.019371900531650704,0.2059074787074851
id21737,0.5649158610619309,0.38647184042155247,0.04861229851651661
id25784,3.9784842088811535e-09,0.9999944412348445,5.554786671284975e-06
id23030,0.9951884722367159,0.004332683459852902,0.00047884430343121665
id16450,0.00203575331745544,0.9961552478979162,0.0018089987846284358
id02161,0.20789563923262475,0.003039605565280618,0.7890647552020946
id25535,0.998235343569241,0.0003033724842204014,0.001461283946538561
id16566,0.9853557826512144,0.00031236885694528973,0.014331848491840304
id05714,0.9879950237003239,0.011977809492584954,2.716680709114126e-05
id16524,0.6830005960980516,0.31165439318008353,0.005345010721864844
id23941,0.0007220977709939659,0.99873741318016,0.0005404890488461753
id00831,0.0031803524009896347,0.1568077133906506,0.8400119342083597
id18145,0.5505151733249082,0.07197524270625408,0.37750958396883766
id17227,0.9999972958574339,6.145251021086082e-08,2.6426900559195374e-06
id09417,0.7701855816345515,0.058539317624275014,0.1712751007411735
id21307,0.8644748174182838,0.08449132728201031,0.05103385529970574
id05650,2.6222752903839155e-05,0.9999722030786432,1.5741684529010421e-06
id23901,0.8932192973304077,0.08816635191008541,0.018614350759506886
id05831,0.9998528616209461,1.1592191534032474e-06,0.00014597915990048304
id16708,0.03388187937686671,0.9658900367108134,0.00022808391231991993
id02281,0.03596470325556779,0.13465871203112662,0.8293765847133057
id11599,0.18980938193619395,0.061445554628958135,0.7487450634348479
id18353,0.013944637390980183,0.908145875490724,0.07790948711829586
id07413,0.7055598981409329,0.29337899663257333,0.001061105226493795
id15653,0.00021776480581583283,0.9984121525462096,0.001370082647974566
id09715,0.0006648251066352348,6.373092852040624e-06,0.9993288018005128
id05108,0.038097472173260906,0.96170058785415,0.00020193997258911582
id09537,0.7843099282621551,0.03040608549737919,0.18528398624046566
id27596,0.9023754454803203,0.09452632716944585,0.003098227350233804
id24255,0.07106050330412406,0.00011907418614802155,0.928820422509728
id05080,0.00018009043375284724,1.642806556547786e-05,0.9998034815006818
id09484,0.993707764259282,0.00017499118412407484,0.006117244556593932
id14864,0.013476881822494288,0.00011888106779023911,0.9864042371097155
id26836,0.8877651687177692,0.02828241102075196,0.0839524202614787
id07003,0.8268442722809528,0.1701777269181164,0.0029780008009308253
id13750,1.1202509381323997e-09,0.9999999970414133,1.8383358686766672e-09
id21799,0.0545986144606569,0.12166499970485858,0.8237363858344845
id11285,0.9999976747651234,1.4003606139185082e-07,2.1851988152651517e-06
id04735,0.9853538812296377,0.0021576551594144327,0.012488463610947749
id23049,4.514726535628739e-06,0.00011687378336078934,0.9998786114901036
id05826,0.056556054145812225,0.9284590970534984,0.01498484880068943
id17916,0.2886130006469238,0.7066661992333888,0.004720800119687458
id14081,0.06895699957579121,2.5136757540449706e-05,0.9310178636666683
id10527,0.1045667973570361,1.1291907679741408e-05,0.8954219107352842
id16059,0.003227078966588726,0.984436848414188,0.01233607261922336
id25542,0.9998338752304061,0.00016254280694015717,3.5819626536880183e-06
id05402,4.660881698419237e-05,0.0008858707482308628,0.999067520434785
id01927,0.9984302494290097,0.0007716029080611921,0.0007981476629290996
id27656,0.7576857331972345,0.03582674553418149,0.20648752126858394
id06708,0.07291539370336503,0.8041434544511815,0.12294115184545353
id03524,0.5436023617016236,0.34112966493573704,0.11526797336263946
id12297,0.8485208242855047,0.04668751735583592,0.10479165835865943
id03439,0.9836423112327358,0.004540186631970445,0.011817502135293777
id04587,1.559019740235815e-08,0.9999999788761795,5.533623090372827e-09
id25470,5.7146976686849606e-05,0.9999423355475969,5.174757162715859e-07
id01212,0.25126407530461276,0.7420236165124573,0.00671230818292992
id13932,0.8991488020695279,0.06741695778870346,0.03343424014176871
id00124,0.046126997044130355,0.00028880619602017737,0.9535841967598495
id01592,0.9452426200370405,0.0034964817221482614,0.051260898240811356
id13461,0.18981750372949943,0.7935784687955965,0.01660402747490409
id24681,0.032805577751797765,0.4496839962433939,0.5175104260048083
id23245,0.15282583828542126,0.0008934609979247697,0.846280700716654
id14073,0.5490760583228964,0.047208646381666164,0.4037152952954375
id05172,0.9716420898562774,0.0018587235429081202,0.02649918660081447
id21979,0.9590589346604975,0.008488119147648352,0.032452946191854126
id00328,0.9544011019020986,0.0006251465392109833,0.044973751558690475
id26102,0.9941044416814842,0.0019964916338353865,0.0038990666846804548
id14867,0.2697237693484539,0.0022943294665737695,0.7279819011849724
id27544,0.011542808679637988,0.9884482160251298,8.975295232344009e-06
id16228,0.9895483603915215,0.003996909782830543,0.00645472982564802
id16342,0.21102148171677027,0.788729785509288,0.0002487327739418499
id24933,0.9967021005120082,8.439952556512547e-05,0.0032134999624265563
id04601,0.8821598540211554,0.004255753373766958,0.11358439260507773
id01599,0.00439040405088169,0.9905619506993216,0.005047645249796776
id06238,0.9504185094446648,0.048922492080814436,0.0006589984745207709
id06826,0.06518195760407045,0.8022981794934717,0.1325198629024579
id23307,0.9624007919956336,0.037571446484719564,2.776151964690432e-05
id13575,0.9784712444649157,0.0200686731367448,0.0014600823983395234
id24174,0.35700243121855885,0.0011449412240012063,0.64185262755744
id19534,0.034482979775450756,0.08438146110200856,0.8811355591225407
id19602,0.005363511787796314,3.158732063176088e-05,0.9946049008915719
id26962,0.0008429682817690153,0.9934400975383125,0.005716934179918501
id04448,0.009422850415085691,0.990508755233283,6.83943516313202e-05
id09786,0.16392241734748172,0.7075386094668801,0.12853897318563826
id25240,0.5510577765454646,0.24297710149956733,0.20596512195496794
id14893,0.9517465511161208,0.04800389629016714,0.00024955259371201624
id24221,0.9999842076983689,6.564002043095646e-06,9.228299587954917e-06
id04696,0.7396819686355984,0.007944751176527683,0.25237328018787386
id15153,0.003415835930645366,0.990149066941917,0.006435097127437766
id13882,1.4124529209259434e-10,0.9999999938569584,6.001796404717319e-09
id17836,0.02323077832509726,0.9662602454399865,0.01050897623491636
id00574,0.001401096412961914,0.9981778683052823,0.00042103528175579393
id02078,0.002113696796822076,0.8596849530841971,0.13820135011898088
id21206,0.024595523007954884,0.9464913622461737,0.028913114745871455
id20084,0.9912570933351345,4.0678064843301815e-05,0.008702228600022288
id26598,0.006122732900237131,8.253206301511304e-05,0.9937947350367478
id06838,0.13956813052318584,9.03703913537614e-05,0.8603414990854604
id08786,0.011682093272249705,0.0016201610557335217,0.9866977456720167
id09550,0.0015051077766992664,0.00016775223938291208,0.9983271399839179
id10206,0.9187355699842498,0.0025024082190894677,0.07876202179666077
id21113,0.983398940815546,0.015328760528600825,0.001272298655853246
id21151,0.25325368473733967,0.7438054643018241,0.0029408509608360805
id02692,0.9999120448914356,4.603197686673231e-05,4.192313169767037e-05
id26446,0.9751516900753857,0.01182317576992595,0.013025134154688344
id07377,0.008804112864357295,0.9911772679471894,1.861918845329284e-05
id15998,0.8488453843396337,0.057774452177974125,0.09338016348239213
id19637,0.9877069253032646,9.826598034471123e-05,0.012194808716390643
id19735,0.014836922303140314,0.9425874036370674,0.04257567405979234
id13739,0.09441075260422561,0.02127751633952764,0.8843117310562468
id25175,0.7351956233491347,0.2273283840788888,0.03747599257197644
id00563,0.5466154596242536,0.33402585562765263,0.11935868474809379
id09982,0.9103844781603007,0.0006735279462527206,0.08894199389344662
id15459,8.250831973650643e-08,0.9999999174654182,2.626205009511042e-11
id20785,0.0004871558823358842,0.00011954310912496292,0.9993933010085392
id07145,0.0048318898289717435,0.010866805966432445,0.9843013042045958
id22204,0.006067431389337222,0.9839586261751889,0.009973942435473924
id09285,0.781847710616688,0.004688012658360076,0.21346427672495202
id18157,0.0002008962468043803,0.000786432141510049,0.9990126716116856
id12134,0.03243634061727311,0.004214146726980426,0.9633495126557465
id23914,0.9897905081396927,0.000508097129571323,0.009701394730735911
id10483,0.994756696536848,0.0052046549859262,3.8648477225921724e-05
id07092,0.9901173898682704,0.0020784727196440952,0.00780413741208557
id14786,0.004403705043081252,0.08758945795695977,0.908006836999959
id25741,0.9131949398336581,0.0005000632009397254,0.08630499696540227
id09050,0.005639894382124942,0.99395485597623,0.0004052496416450374
id04938,0.9761109757978514,0.0039733243066242705,0.019915699895524344
id05901,0.6511152404132426,0.026678573431862414,0.3222061861548949
id16975,0.0006313508136440768,0.9992388665077412,0.00012978267861476404
id08547,0.0008060729643343519,0.0004102584479364097,0.9987836685877293
id16355,0.7866928962268667,0.0014825134148944753,0.21182459035823886
id14568,0.9565259402565581,0.0012590262945015734,0.042215033448940266
id25599,0.017629304295157473,0.4140364423374081,0.5683342533674344
id01670,0.08272725153460907,0.9164561888516198,0.0008165596137709536
id23945,0.00044838890614609623,0.9995220973512118,2.9513742642211344e-05
id17394,0.00962809650461765,7.249509272055984e-05,0.9902994084026618
id06501,0.303443250134104,0.4808206146370996,0.21573613522879645
id26234,0.007717027007485612,0.9908794275159696,0.0014035454765446997
id21280,0.005223404065831617,8.83855108053988e-06,0.9947677573830879
id20048,0.00598752734172719,0.056594114204409594,0.9374183584538632
id01216,0.10813035570991598,0.8130514343331434,0.0788182099569406
id25320,0.948296446012802,0.01790353702478829,0.03380001696240967
id22833,0.027217309006534518,0.0038614495863385457,0.968921241407127
id22056,0.24831645655672832,0.6971082963975878,0.05457524704568392
id02275,0.001635379282433942,0.9958704145767157,0.0024942061408503853
id26127,0.7742407665410421,0.0015955561827721747,0.22416367727618566
id17011,0.005414767903765732,0.9944860028083857,9.922928784853644e-05
id13847,0.9797638806721078,0.0020723100429435267,0.01816380928494868
id00013,0.006386850016888534,0.9928633516433139,0.0007497983397976528
id16463,0.9891161829570262,0.006747461242226213,0.004136355800747595
id04845,0.1142800518594119,0.8252896752902428,0.06043027285034526
id01787,0.005272571477829828,0.014803761326337088,0.9799236671958331
id08637,0.9580877917671091,0.03945857126376497,0.0024536369691259513
id11414,0.0012583749584268048,1.3549741263180235e-05,0.99872807530031
id13177,0.03580361391999211,0.5990310781640881,0.36516530791591983
id24517,0.9965078886494053,0.0030152204843411925,0.0004768908662534893
id26838,0.9195646990227667,0.014708839014948924,0.06572646196228443
id23081,0.00021901571852679332,0.9994052439509135,0.00037574033055972435
id16327,0.01262625535816366,0.9648171052105428,0.022556639431293667
id27282,7.229246744375379e-07,0.9999992537629416,2.3312384001284377e-08
id07489,0.28192568787833894,0.06616175747922755,0.6519125546424335
id01718,0.00020778540551891314,2.085770591375151e-05,0.9997713568885674
id15441,0.9210477456561155,0.045746249961075916,0.033206004382808595
id27736,0.0016561624258109016,0.8906077180305243,0.10773611954366479
id16324,0.001240405873883497,0.20253798716673554,0.796221606959381
id12027,0.24906664528565892,0.2250391852958782,0.5258941694184629
id24653,0.0004111673604541638,0.9995874779812949,1.3546582509195981e-06
id17541,0.06873038129101433,0.018071304964898026,0.9131983137440877
id22406,0.06402132479934478,0.5938297822991779,0.3421488929014773
id18356,0.7836191485481,0.19835679272930015,0.018024058722599882
id04505,0.8087513077918195,0.0654996865987153,0.12574900560946528
id04246,0.7118243133013523,0.13768581634028668,0.150489870358361
id07368,0.7077592821084834,0.13032513201827844,0.16191558587323818
id26185,0.005508055176409355,0.0001927126012753573,0.9942992322223153
id08878,0.13687492135118456,0.17313503897657623,0.6899900396722393
id27691,0.00010454308218713461,1.4584119211773233e-05,0.9998808727986012
id18004,0.8624904322709807,0.008580121872386928,0.12892944585663252
id24426,0.7388629377056053,0.046873587275911704,0.214263475018483
id14164,0.9871395516840956,0.009050556728128299,0.0038098915877760927
id12653,1.3324505949909593e-05,0.9997704080373319,0.00021626745671822153
id18060,0.5277346615155795,0.07805914612057521,0.39420619236384535
id18556,0.7746206451123706,0.07873567263770127,0.14664368224992802
id27371,0.0045987108315252686,0.03114133140968878,0.964259957758786
id11989,0.18554542863280266,0.5032669684493114,0.31118760291788594
id26095,0.9989330679522028,0.0005418185602844385,0.0005251134875126959
id24978,0.16208448094961952,0.04748583389236639,0.7904296851580142
id20322,0.6953004003287325,0.0020457748929586955,0.30265382477830893
id01954,0.9883618714495659,0.00954525956831912,0.0020928689821149817
id07434,0.30228619603858026,0.23117931320807858,0.46653449075334125
id18144,0.00010031733909106157,4.242732183763022e-05,0.9998572553390713
id16250,0.04095657103844327,0.9330780896473798,0.025965339314176918
id17793,7.345962446955987e-05,0.0005952275285877099,0.9993313128469428
id24067,0.1998592160962118,0.011262659584791168,0.7888781243189971
id13891,0.013851924323749059,3.9981369533673954e-05,0.9861080943067173
id07334,0.0007020634797063761,0.9989975178149273,0.00030041870536630654
id15633,0.0013176275568090392,0.9977325423076686,0.0009498301355223569
id23239,0.9548351755967551,0.0024263978025933198,0.04273842660065148
id10674,0.08513076375564022,0.021871935748406693,0.8929973004959532
id22093,0.5122849557357398,0.32504239196571055,0.16267265229854963
id08444,0.019315334860230023,0.9494255701059288,0.03125909503384126
id03257,0.012242876051102101,0.009990648868648403,0.9777664750802495
id10040,0.4738229915497656,0.5205201917435329,0.005656816706701525
id04902,8.517546066600717e-05,2.4704136626268064e-06,0.9999123541256714
id01219,0.9262115504308683,0.01100908268869232,0.06277936688043943
id01340,0.9934762240261369,0.0031884590417366283,0.0033353169321265557
id05117,0.010573975453205682,0.9810655502894979,0.008360474257296382
id04908,0.024312008726849632,8.506262140199275e-05,0.9756029286517485
id03626,0.0034035814483702443,9.047268365205961e-06,0.9965873712832646
id01888,0.999971594574571,1.2508334655907254e-05,1.5897090773151833e-05
id17199,0.057652696144308416,0.0007485001614645093,0.9415988036942271
id11200,0.965171003182397,0.03312262691619356,0.0017063699014094212
id27561,0.16896607667596458,0.03805603879980925,0.7929778845242262
id20966,0.00021298019525570352,0.9996996860854933,8.733371925095331e-05
id10257,0.005588592753276351,0.9869606532321076,0.007450754014616064
id21168,0.0008111769941947677,0.9804410361499926,0.01874778685581276
id23363,0.003169419787880114,4.787982389388152e-05,0.996782700388226
id05321,0.998595078735335,0.0012636270145086326,0.00014129425015629656
id09928,0.005770522707580017,0.00013392438918800493,0.9940955529032319
id18015,0.9999999826257422,1.7358927748068073e-08,1.5330109090798687e-11
id02082,0.004234821438197431,0.9955215450214607,0.00024363354034185767
id19279,0.8410979370138275,0.1534777549531436,0.0054243080330288055
id08541,0.0011084359894384529,0.9984089941549676,0.00048256985559395004
id15249,0.014534928635948978,0.9745684330568327,0.010896638307218322
id03609,0.022852882280488963,0.953064764449087,0.02408235327042394
id22902,0.002351644646195259,0.0006076263401710264,0.9970407290136337
id17733,0.9994269658038782,0.0005373884228505828,3.5645773271216524e-05
id07554,0.013856179119101027,0.013620902189489572,0.9725229186914095
id14120,0.947313434612598,0.034176389532294224,0.01851017585510791
id21802,0.010866953006782861,0.9889975305092032,0.0001355164840138818
id15614,0.0020354928429970882,0.9972339819118691,0.0007305252451338856
id19437,4.143957055144363e-06,1.220452286818943e-06,0.999994635590658
id22698,0.918410865177935,0.06660818332393206,0.014980951498132935
id21841,0.0025297355691282605,0.9932505546214535,0.004219709809418187
id16177,0.9189211108441849,0.06587489370515613,0.015203995450659046
id15887,0.005586650031972843,0.020443102294113995,0.9739702476739132
id22629,0.7607329102977184,0.029886979610115928,0.20938011009216576
id10346,0.9306079341386365,0.005019042947628517,0.064373022913735
id05154,0.9666178838837779,0.021480695981057823,0.011901420135164213
id22913,0.4035481398678782,0.5936981976705459,0.002753662461575975
id10544,0.042365244994745574,0.786612958042776,0.17102179696247846
id08703,0.0024448393312269086,0.9975413583998205,1.3802268952631073e-05
id12817,0.22027708570559046,0.0027398244556387586,0.7769830898387708
id25433,0.9595491557504993,0.015149060684268634,0.025301783565232116
id25112,0.014479073143271294,0.0004949885861097267,0.985025938270619
id05054,0.00035258871531919524,0.9863594290143701,0.013287982270310665
id02311,0.019201172464592072,0.9761814336701145,0.004617393865293444
id22160,0.006881374818854956,0.9926713356405074,0.0004472895406376681
id17422,0.9999971492217863,2.7429534232146745e-06,1.0782479051865207e-07
id18985,0.624026673946521,0.04272737448920545,0.33324595156427356
id21905,0.01876018810132838,0.0033665050849576855,0.977873306813714
id17474,0.9486204487869125,0.04454950215529571,0.00683004905779176
id15236,7.720966341939723e-06,0.9992768878963697,0.0007153911372883965
id13964,0.9208138010882068,0.04177309415572242,0.03741310475607091
id15962,0.00030657835532730865,0.9995626373547138,0.00013078428995889137
id20866,0.06488405208325587,0.049489727782419494,0.8856262201343247
id06625,0.14610730380529507,0.08579094338328404,0.7681017528114209
id09793,0.8777201850321613,0.008879731119670846,0.11340008384816787
id17365,0.00015144111856938122,0.9998350583346761,1.3500546754568732e-05
id18463,0.044107702836345124,0.8838079042017429,0.07208439296191188
id20693,0.0900762009562979,0.43589990341156404,0.47402389563213815
id08785,0.00045416759051057246,0.9994972553324365,4.857707705291915e-05
id06783,0.014010089356249712,0.982280846789465,0.003709063854285367
id23178,0.028692036631232244,0.0017505543665228911,0.9695574090022449
id13513,0.007324105447405962,0.9873394445910123,0.0053364499615817865
id25361,0.0011299935007843117,0.00010714372641319578,0.9987628627728026
id22319,0.4895654748268922,0.0880195414198818,0.42241498375322606
id14024,0.2809755001422762,0.040471388677983375,0.6785531111797405
id24186,0.0008600186801044537,0.9990218027497465,0.0001181785701490653
id20965,0.9474401138246609,0.004846889094405284,0.04771299708093385
id06242,0.021087110563725385,0.04074949509799084,0.9381633943382839
id25665,0.019053972076528602,0.4140584686003292,0.5668875593231422
id09706,0.44082217640809224,0.16199178332549036,0.3971860402664173
id11026,3.920078662235062e-08,0.9999992107473682,7.500518451989082e-07
id04223,0.9935885347641091,0.003631040019204548,0.0027804252166863056
id19674,6.16930903905191e-05,0.9993877620081606,0.0005505449014489785
id23420,0.011223286043157338,0.8297849502877434,0.15899176366909923
id18059,0.08547034411212687,0.9076696354171634,0.00686002047070982
id22576,0.9669913377480671,0.02254370342942954,0.010464958822503331
id18495,3.6294956362060124e-05,0.9998162376689728,0.0001474673746652161
id14139,0.9969715036789994,0.0018562580841380916,0.0011722382368624302
id18313,0.019060714930907954,0.9791828379725583,0.0017564470965336673
id27356,0.9841724228775133,0.015167905308603893,0.0006596718138829142
id16035,0.019992051319389883,0.0006454561645056492,0.9793624925161045
id04182,0.769784288826128,0.20944185960342387,0.020773851570448122
id15667,0.999926636124223,1.0087292100873263e-05,6.32765836762988e-05
id08713,0.9957948939631218,0.002894237785501432,0.0013108682513766794
id25563,3.0127868011284162e-05,0.9998509337503924,0.0001189383815963715
id17023,0.9951105148465759,0.004064690193572931,0.0008247949598512643
id03014,1.393364779907213e-10,0.9999998298479106,1.7001275297870748e-07
id23812,0.0073446616807474035,0.9925994717484272,5.5866570825355656e-05
id20057,0.04861522342766376,0.16410739554095968,0.7872773810313766
id12385,0.8700130937290484,0.03841844108493412,0.09156846518601751
id24416,0.06750530103782987,0.9324523781122851,4.232084988504911e-05
id15672,0.029513347329764485,0.7398806815517772,0.23060597111845824
id13868,0.9992472985893035,0.000752647230586569,5.418010997492285e-08
id21095,0.03235878990702643,0.03134123135993562,0.936299978733038
id05305,0.23082231630795802,0.6801596376046144,0.08901804608742755
id15384,0.008678864497574065,0.004771590223571248,0.9865495452788547
id14049,0.006613543856700314,1.6928891223535788e-05,0.9933695272520762
id23441,0.9255655443504553,0.05682592751452515,0.017608528135019508
id12856,0.16806331167284821,4.583988129357871e-05,0.8318908484458583
id16055,2.2935683519574582e-05,6.2462344540367556e-06,0.9999708180820264
id24771,0.06571071162720782,0.909365967227776,0.024923321145016285
id14053,0.9680464672165779,0.016508296441628215,0.01544523634179385
id19547,0.0013842042688027069,0.08258492729940851,0.9160308684317888
id03639,0.07538051164012574,0.9174358221436061,0.007183666216268228
id14546,0.16413423854827605,0.7774817658873655,0.05838399556435853
id13935,0.9183124533854401,0.0007965825982238148,0.08089096401633616
id20335,0.19251060271842088,0.7609668245676198,0.04652257271395945
id07301,0.02669353883089928,0.03457451298197732,0.9387319481871235
id10186,0.8973054641063958,0.00029580136009941605,0.10239873453350487
id00192,0.633389923250313,0.03325388613090659,0.33335619061878047
id17851,0.9895635027699701,0.01036748736749243,6.90098625375015e-05
id08403,0.005506230777973762,0.9781387119367385,0.016355057285287748
id06183,0.5532186600654782,0.055525116210382044,0.3912562237241399
id24738,0.1435698157405229,0.5367868401524487,0.3196433441070284
id15112,0.9466033559749863,0.01314667206902766,0.040249971955986
id19819,0.00027829416100966345,0.0005199970287224852,0.9992017088102679
id17722,0.0004068306312763622,0.002374248173323231,0.9972189211954005
id24273,0.0024165018657943157,0.8431787618944233,0.1544047362397824
id18939,0.004059217635224694,0.00011962409588862167,0.9958211582688867
id16076,0.13699679456424188,0.8582760930045089,0.004727112431249021
id23158,0.004923871821920127,0.010153764596898223,0.9849223635811817
id12745,0.7411837799525349,0.05565259339645539,0.20316362665100962
id22538,0.19051619155948665,0.7617179074626845,0.04776590097782887
id14975,0.4239520254016472,0.5759992640318865,4.871056646627206e-05
id27537,0.9786816871861522,0.01909065915869606,0.0022276536551517254
id06632,0.3018084664608611,0.00016152907070981844,0.6980300044684291
id08100,0.11915455268425479,0.8805806513113205,0.0002647960044247257
id00843,0.9998911943044947,6.308561744570267e-06,0.0001024971337607524
id22159,0.043649364127172526,2.3274079214416684e-05,0.9563273617936131
id18672,0.8806043683950054,0.0005374421451537512,0.11885818945984084
id06916,0.0873186736300036,0.9095241005008063,0.0031572258691901127
id22212,0.8230331187723992,0.016958712038859722,0.16000816918874128
id00273,0.06972210252907059,0.003288349618872068,0.9269895478520573
id26325,0.34083055683617536,0.6322134151857732,0.026956027978051453
id23683,0.02482313848631381,0.9747229712059275,0.00045389030775872506
id14419,0.0034152020313255715,0.9871636808849042,0.009421117083770107
id11931,2.860719609271597e-09,0.99999999668912,4.501603339748113e-10
id00568,0.06914835704776164,0.9222323798151054,0.008619263137132986
id12271,0.958968753319281,0.03931883022186868,0.0017124164588503568
id12622,0.9992606729033238,0.0006977444190244442,4.158267765177397e-05
id03156,0.23936745411458402,0.6271770634074145,0.13345548247800154
id25592,0.9177352941465481,0.0791752945930117,0.003089411260440238
id24367,0.9922657202720091,0.00028338421558142876,0.007450895512409491
id16007,0.004781271712242868,0.01855258657790527,0.9766661417098519
id04785,0.6581817166544044,0.010456451411096234,0.3313618319344995
id07888,0.005656397291422161,0.0032070641474053322,0.9911365385611726
id13557,0.1656340369706271,0.8186682019564074,0.015697761072965295
id20726,0.9849958357917048,0.0017207050948702504,0.01328345911342501
id09580,0.9959310245606124,0.0033172344189012688,0.0007517410204862905
id05173,0.0008703546556861441,0.9990614580494035,6.818729491035536e-05
id10394,0.001446739187975661,0.9984527477322469,0.00010051307977741695
id03926,0.005329598393795576,0.9927347506253532,0.0019356509808512955
id07264,0.9996554320723668,4.0198335667710224e-05,0.0003043695919654891
id01862,0.022328351035906784,0.9529750058728728,0.024696643091220483
id20808,0.02227479538788211,0.9774996412544799,0.00022556335763801135
id26658,0.8618260886946275,0.018533974427984042,0.1196399368773886
id04479,0.6782225336037763,0.07111902004345398,0.2506584463527698
id17445,0.006147686083466052,0.98282498746357,0.011027326452963884
id04430,7.77788056918534e-05,0.9983432889096804,0.0015789322846277956
id06052,0.38419337570016504,0.005349884902149321,0.6104567393976856
id11485,0.4861372847570733,0.0378665941931559,0.47599612104977085
id13060,0.2684847907931276,0.024547215795669368,0.7069679934112031
id20873,0.5315835380071221,0.04342290661946228,0.4249935553734157
id21927,0.029816717145701055,0.968597705491172,0.0015855773631270245
id02736,0.35263446553582445,0.08392596636801522,0.5634395680961604
id11234,0.15220281649087886,0.05155975219265294,0.7962374313164682
id27894,0.99747014455728,2.9544704591162427e-05,0.0025003107381287894
id23208,0.08628885524848735,0.5937080691365159,0.32000307561499675
id18470,0.24230732422168547,0.2038314170611608,0.5538612587171537
id23172,0.02251348031737408,0.966483300236502,0.011003219446123954
id08752,0.880515767485887,0.0005879911833684115,0.11889624133074461
id14242,0.20578822146193146,0.014951185022024572,0.779260593516044
id22908,0.9125762307971433,0.0024504711038063317,0.08497329809905027
id17454,0.028720396027896493,0.289342913504974,0.6819366904671296
id23797,0.9712084814555683,0.0009699020378293372,0.027821616506602427
id03788,0.9619745854652576,0.008086727331006642,0.029938687203735746
id23682,0.32321997576734823,0.015643465093218376,0.6611365591394335
id07179,0.9769963366592563,0.022393112917112275,0.0006105504236313616
id09746,0.0016687377562944312,0.998268637711511,6.262453219462305e-05
id26613,0.054759777736057905,0.07257409672374536,0.8726661255401967
id05142,0.9999968920313891,1.2826096024468248e-06,1.82535900853407e-06
id04825,0.00022244361739513842,0.9975645070163249,0.002213049366279987
id13691,0.4096213409852022,0.03914473187405195,0.5512339271407459
id14183,0.0014204058198431842,1.7917271033571973e-06,0.9985778024530535
id19519,0.033602458215340116,0.00026261867153594,0.966134923113124
id26685,0.5921332437277921,0.0029407956239978082,0.40492596064821007
id07937,0.05106153484167573,0.06745321772114798,0.8814852474371763
id10574,5.660741372501436e-05,0.999942793035361,5.995509139655615e-07
id15310,0.00020637071627737727,0.9974573261086124,0.0023363031751103087
id27311,4.77366246773661e-07,7.193156170581158e-07,0.9999988033181362
id11590,0.969519974283923,0.012342315568192899,0.018137710147884088
id19798,0.0006852919307417273,0.8843090199638703,0.11500568810538796
id12201,0.9015107361877528,0.08531736135393925,0.013171902458307993
id12460,0.10487813022794217,0.019373176095727647,0.8757486936763301
id12019,0.8531476945380971,0.1295887462375253,0.017263559224377528
id08046,0.24527023240601928,0.04353328390981182,0.7111964836841689
id02989,0.026766006570687877,0.1108326350794312,0.862401358349881
id26905,0.0023994809705311197,0.08850648592127949,0.9090940331081894
id09779,0.9999903147548267,8.725140508201023e-06,9.601046652142697e-07
id04359,0.20166811355875858,0.5391495001510276,0.2591823862902138
id01526,0.99837002826417,0.0014659517612818972,0.00016401997454809492
id22325,0.025975799785150078,0.9334814087044749,0.04054279151037506
id27878,0.40989035221907416,0.25828814780579074,0.33182149997513516
id06413,0.000251697229397028,0.9996911607346181,5.714203598493626e-05
id12616,0.02363041099487543,0.975331023466876,0.001038565538248743
id05301,0.9943269731853142,0.0004365101600473967,0.005236516654638376
id13258,0.15810813894585243,0.007244857954030584,0.834647003100117
id08789,8.858046752987709e-05,0.9970551124760785,0.002856307056391712
id11776,0.00040889009658725146,0.9995705866053614,2.052329805135745e-05
id21899,0.9133411142222784,0.0849521189623457,0.0017067668153760121
id18108,0.1842051340157117,0.002087409335702858,0.8137074566485855
id23585,0.6074818024934907,0.2672464851847467,0.12527171232176262
id22122,0.12615580378353888,4.937353769766157e-06,0.8738392588626913
id22855,0.7015695297696684,0.19934296184182757,0.099087508388504
id19551,0.9954906405176165,0.00042581076090913723,0.004083548721474409
id18535,2.134376888836197e-05,0.9995120934110674,0.00046656282004422725
id15115,0.17357353370323564,0.010636885986284131,0.8157895803104802
id00678,0.999746426267483,0.0002478660034921053,5.707729024876544e-06
id21876,0.02720275061249894,0.8688239710558545,0.10397327833164652
id01553,0.8276421789599226,0.02360102496692319,0.14875679607315417
id09456,0.9393856561045679,0.05571882738295985,0.004895516512472273
id01455,0.18000081181247177,0.6865506654211323,0.13344852276639588
id02454,3.754100233311502e-05,0.9999402591301015,2.2199867565391342e-05
id07911,0.13873294012064863,7.906654353587674e-05,0.8611879933358155
id13383,0.8936489661651712,0.0961426569006126,0.010208376934216265
id19953,0.46640389418306205,0.00018562221299317822,0.5334104836039448
id10316,0.9431545357318564,0.02643113019692484,0.03041433407121871
id01991,0.28721779148684434,0.035556502285052416,0.6772257062281032
id19176,0.9822328528363301,0.016895227218768284,0.0008719199449016348
id06744,0.11748863969494808,0.07817683745838146,0.8043345228466705
id09999,0.17674666156164526,0.0004800190575380465,0.8227733193808167
id11253,0.020225942671937152,0.01774091382648652,0.9620331435015763
id15089,0.0359266726618708,0.9557840657464225,0.008289261591706721
id16821,0.31937831188525384,0.0011846850619143545,0.6794370030528318
id08256,0.9999391459270544,3.7668227708399524e-07,6.047739066858307e-05
id14844,0.5153270528315487,0.18475885422052782,0.29991409294792354
id25950,0.0019210585204145357,0.98929526388723,0.008783677592355462
id11961,3.7125706335132366e-05,0.9993869484117268,0.0005759258819379478
id00092,0.000361746168387284,0.0004300471155767236,0.9992082067160359
id13083,0.0038350469911907848,0.0194237762216206,0.9767411767871886
id25825,0.9432314344668216,0.01104745051034287,0.0457211150228356
id03045,0.0021427136478933454,0.006058037879026206,0.9917992484730805
id19037,0.4025890357419144,0.29638417671390116,0.3010267875441844
id24357,0.03926224505794582,0.004521874609880679,0.9562158803321735
id24449,0.06159741594819721,0.8116019192899606,0.1268006647618421
id22847,0.00011600109235306496,0.9992535202565233,0.0006304786511236594
id27720,0.9997590254335182,0.00014038782528382927,0.00010058674119791434
id11619,0.597665737488225,0.3856776655466025,0.016656596965172406
id03129,0.994165863079317,0.0027423969876626095,0.003091739933020373
id04264,0.0010136318335814505,0.9989761755133233,1.0192653095192717e-05
id19748,0.04088942253351943,0.023646033905695207,0.9354645435607853
id20851,0.0005104732381748218,0.004593827695255067,0.9948956990665702
id13277,0.9830070706580091,0.013942542859400704,0.00305038648259027
id06419,0.0011369202451489402,0.9988535619649141,9.517789936913008e-06
id00581,0.9709951856005498,0.010454026615136492,0.018550787784313794
id08765,0.7144159241397117,1.567650711260224e-06,0.28558250820957715
id13492,0.06361187685228852,0.8170407493324932,0.1193473738152183
id12049,0.07103676966959108,0.9265395447033011,0.0024236856271077976
id12700,0.9763478040010575,0.023463775536747618,0.0001884204621949106
id07697,0.999504995408413,0.00013454820310700315,0.00036045638848009357
id00262,3.3909232692563986e-06,0.9999965726814308,3.639529995810107e-08
id20969,0.001516257017097918,0.9389413967752563,0.05954234620764574
id18465,0.00019061669577329006,7.286679491929726e-05,0.9997365165093074
id10027,5.257984325347556e-05,0.9996056259142749,0.0003417942424716792
id03007,0.03339852179101675,0.955585324526625,0.011016153682358167
id23465,0.104848142518976,0.29281443313169636,0.6023374243493276
id09086,0.9376270827048621,0.042804180395148224,0.01956873689998971
id08015,0.0008537586909089676,0.9793381276069604,0.019808113702130658
id04285,0.5977720853197271,0.002464305555485292,0.39976360912478764
id04356,0.0007273077274309051,0.0012769846554982558,0.9979957076170708
id03554,0.6137664538155699,0.3325828825246823,0.053650663659747785
id06922,0.8773465384123145,0.08382721991811377,0.03882624166957178
id15733,2.0846287108212354e-05,0.9999764964753923,2.657237499469309e-06
id24934,0.012644378132946167,2.956178403158857e-05,0.9873260600830223
id05529,0.9784682598576682,0.010214333873454187,0.011317406268877636
id00298,0.0019603520426872568,0.961322786255864,0.036716861701448764
id08158,0.9205977079042472,0.06745130784013699,0.011950984255615802
id15135,0.319892138398301,0.2424169298514876,0.43769093175021134
id06574,0.3183525577442561,0.3531116383504706,0.32853580390527326
id20017,0.0003563757332143244,0.9992275182539889,0.0004161060127967403
id14386,0.006243247329575988,0.0008874594228817004,0.9928692932475424
id24226,0.857535800633553,0.1293063872112604,0.013157812155186603
id24212,0.3637271081080645,0.552378767555312,0.08389412433662341
id14116,3.9009726593750234e-06,1.9719959118822064e-08,0.9999960793073815
id14500,0.0019154190364269604,1.0223695651738581e-06,0.9980835585940079
id22744,0.009765690756795141,0.11767080034257625,0.8725635089006286
id16163,0.9999984518136856,5.432361311497188e-07,1.0049501832209487e-06
id17883,0.9962212470102361,0.0013440186679333237,0.0024347343218306056
id04631,0.0030672446420235604,0.0002042132815104699,0.996728542076466
id26517,0.6951816357667419,0.18148174162171007,0.12333662261154811
id12655,0.012027622804405157,0.8360397056856023,0.15193267150999262
id01505,0.6013156670783675,0.35799529297718863,0.04068903994444394
id00104,0.0344439373292086,0.006218060916462426,0.9593380017543289
id20387,0.016760393510598767,0.9434074452838522,0.039832161205548985
id02843,0.016603840677053616,0.0008708785928256855,0.9825252807301207
id04361,0.09538898028843407,0.0011434811784834138,0.9034675385330825
id26813,0.9996110216604662,5.789688582690692e-06,0.00038318865095117314
id01466,0.0002707305916016619,0.942699784721458,0.05702948468694033
id17090,0.11635745238545957,0.8518459208966233,0.03179662671791721
id06691,0.05537254592416387,0.0034388449645281335,0.9411886091113081
id09408,0.8757238028123484,0.07947262908327082,0.04480356810438086
id15285,0.9869068229315167,0.00017194729727788602,0.01292122977120551
id16283,0.9997706918912431,5.006073648762735e-05,0.00017924737226930493
id12607,0.929251389556651,0.007578659104093488,0.06316995133925546
id25965,0.7775502958189666,0.008829648515873352,0.21362005566516007
id07268,1.9002759518810406e-05,0.999971156507897,9.840732584163616e-06
id13529,0.0003276700219955587,0.006884299256323702,0.9927880307216808
id11969,2.6518625052462645e-05,0.9998691923865679,0.0001042889883797288
id20299,1.658494431375406e-05,0.99859593630506,0.0013874787506262009
id08770,0.021319083144355145,0.003632825647424049,0.9750480912082209
id20730,0.5013946593147094,0.005998449704359503,0.4926068909809311
id06333,6.733984982471345e-05,0.9998946051261693,3.805502400585453e-05
id27451,0.9786648313226642,0.013630391933638655,0.007704776743697064
id12111,0.39039433020550124,0.0013106520625431742,0.6082950177319556
id06609,0.15980132626316831,0.0070747479828645035,0.8331239257539672
id12299,0.9655880704376085,0.0002532854630869322,0.03415864409930454
id23264,0.9983022707755996,2.558946319306836e-05,0.001672139761207272
id04222,0.032429733187388635,0.9651839139547984,0.002386352857813001
id17229,8.969489584728853e-05,0.9998112289457086,9.907615844407857e-05
id24365,0.001275288813005094,0.0011278407539314407,0.9975968704330636
id18294,0.0002070961543738903,0.9997565455598849,3.6358285741261605e-05
id04493,0.9543397101246243,0.04127174825849616,0.004388541616879695
id27575,0.9960801774422344,0.0030205184195292822,0.000899304138236286
id03801,0.8651434346661341,0.004741892621480657,0.13011467271238533
id11611,0.004580761871756344,5.385930182961531e-06,0.9954138521980607
id01632,0.4977061766271604,0.0005803116599183578,0.5017135117129213
id06510,0.7639420740661192,0.14568437739294005,0.09037354854094065
id20431,0.33849880039257285,0.010914208107569896,0.6505869914998572
id23529,0.8294381649319105,0.08816156472807149,0.08240027034001816
id13951,4.014427588284177e-05,0.06800203610116079,0.9319578196229564
id00803,0.004540996164387435,0.9952465335661693,0.00021247026944322408
id06737,0.9979936237568584,0.0005285936802390334,0.0014777825629025893
id24288,0.999576503969361,0.00016321635073735064,0.00026027967990159545
id08385,0.012867950199537391,0.9791438950538088,0.0079881547466538
id22859,3.981533442372155e-05,0.9999580408437402,2.143821836066718e-06
id22234,0.2872132640359,0.31211539408688815,0.4006713418772118
id10365,1.9475983948962838e-06,0.999997809205215,2.431963900956248e-07
id00865,0.0010942738429961577,5.7719497576469794e-05,0.9988480066594274
id19405,0.0002959399317621471,4.758977673412417e-06,0.9996993010905645
id11246,0.01110232371993874,5.340699777282461e-05,0.9888442692822885
id19587,6.712979645202831e-06,0.002062264161436996,0.9979310228589178
id24614,0.020891315926714997,0.9763124895205562,0.002796194552728848
id23623,0.9767392799564364,0.022412501439375385,0.0008482186041883209
id15271,0.36028315918311254,0.00417362251515712,0.6355432183017303
id20478,0.0015833882398325198,0.00011968815635451128,0.998296923603813
id25277,0.9953228764282142,0.00014059689833626656,0.004536526673449704
id22004,0.9797825799890676,0.0009998571416309453,0.019217562869301413
id16728,6.758102360285708e-05,0.9999244172209601,8.001755437034956e-06
id06907,0.6062971594160173,0.27646310917804456,0.11723973140593812
id11895,3.4804597156151656e-05,0.9999611159922036,4.079410640239482e-06
id13802,0.1701417230960528,0.7576691870692875,0.07218908983465969
id18459,0.03593072468617637,0.9614037479528916,0.0026655273609319553
id21371,0.9986738615930835,0.00038965518671999806,0.0009364832201965437
id11408,0.030455563638124135,0.968861167565316,0.0006832687965598216
id05442,0.23667717306237904,0.7281081791759804,0.035214647761640544
id21499,0.5066854171659387,0.11013211210848402,0.3831824707255773
id18066,0.6011555326280706,0.3672577843856902,0.03158668298623927
id23617,0.03444849876657001,0.0034690628530506472,0.9620824383803793
id07725,0.0034997356324154767,0.013045536427389974,0.9834547279401945
id24627,0.7517001032201934,0.030580324453611862,0.21771957232619477
id19108,0.9820594828254273,0.01777871330756136,0.0001618038670114162
id11800,0.001688747106393552,2.175373853171204e-05,0.9982894991550748
id14588,0.9175425909648761,0.0006710623773346965,0.08178634665778912
id27474,0.7118181844170156,0.2657544768912772,0.022427338691707162
id07924,0.9729018884233293,0.002295171471796261,0.02480294010487453
id10772,0.9805624695865542,0.007331496039233856,0.012106034374211965
id19235,0.08347511408087886,0.19494140725257858,0.7215834786665425
id13647,0.2832172901358721,0.18491048525319198,0.531872224610936
id08673,0.9358637387995832,0.0004676438195620099,0.06366861738085483
id24850,0.0006480201146020348,0.9973429898174436,0.002008990067954273
id11764,0.9671487491397065,0.0003227452517994049,0.032528505608494095
id05197,0.009051849526892603,0.9897659107145261,0.0011822397585812751
id23600,0.5232944878854325,0.0018086866362411339,0.47489682547832635
id14699,0.004510228528006271,0.9949276235691776,0.0005621479028161123
id26801,0.695151694345421,0.017756319023656375,0.2870919866309226
id25664,0.9175206050862955,0.08226753104428648,0.00021186386941801673
id07809,0.9991394228637979,0.0007820131724409309,7.85639637611422e-05
id13081,1.6337007481323842e-05,8.236576388621542e-05,0.9999012972286324
id11381,0.007362314044219408,0.01626359708174478,0.9763740888740358
id14721,0.3472000168661529,0.4224693317154411,0.23033065141840597
id07800,0.8850347821322895,0.0002006134024470256,0.11476460446526358
id13883,0.62046484497587,0.19512322682385083,0.1844119282002793
id04488,0.5414516753251873,0.05115445178932337,0.4073938728854893
id03530,0.34272336773396556,0.15428641225548992,0.5029902200105446
id15823,0.008939422480035633,1.971912642184368e-07,0.9910603803287001
id11701,0.1385701560450849,0.006475011696510779,0.8549548322584043
id07806,4.203169753040583e-06,0.9995376137626961,0.0004581830675508126
id19036,3.298131090262782e-05,0.9998979366746056,6.90820144917266e-05
id20765,0.8542345977086407,0.13125815529505894,0.01450724699630035
id26691,0.12360191035535743,0.05998047487370562,0.8164176147709369
id02642,0.0006206498889353032,0.000279508355696357,0.9990998417553684
id06475,0.9551263562861089,0.04340020348838618,0.0014734402255050965
id19019,0.9560462622037821,0.03255670103106239,0.011397036765155669
id14616,0.0035643947519185663,0.0007070016574800962,0.9957286035906013
id08537,0.9793739480017907,0.020506535469261424,0.00011951652894791257
id19126,0.23669050375322298,0.03819568884317363,0.7251138074036033
id01774,0.0010112961197350737,0.001294751010902905,0.997693952869362
id08623,0.5656385988905895,0.2654270194375903,0.16893438167182015
id17150,2.2576220581488583e-05,1.9860893633693492e-05,0.9999575628857849
id06325,0.0031925500312340377,0.00898874705960838,0.9878187029091576
id23161,0.0030550307762256482,0.012122467525330013,0.9848225016984443
id09876,0.06688054997808007,0.005552388994572002,0.9275670610273479
id01551,0.9978042660032843,0.0008096871803468187,0.001386046816368844
id12334,1.6510652240193366e-07,0.9999993193445519,5.155489256466124e-07
id03577,0.09500705389244075,0.0030586289743092664,0.90193431713325
id20706,0.9996190983396708,0.0002354244946647928,0.00014547716566452903
id23704,7.693630049336238e-05,0.999790500071317,0.00013256362818970093
id10029,2.0326775280757698e-05,0.9997572329693039,0.00022244025541544782
id19600,6.43207659687541e-05,0.999746460207241,0.000189219026790281
id22367,0.12104714053492256,0.8760175693938264,0.002935290071251127
id12262,0.9991507058232642,0.00030191895690628824,0.000547375219829678
id09698,0.05089365497260226,0.8971602725439926,0.05194607248340517
id10919,0.9982223371718899,0.0014852784490305567,0.000292384379079634
id12508,0.022960984864851954,0.8408817496104339,0.13615726552471408
id16206,0.9166072996243063,0.009862778710546374,0.07352992166514737
id25927,0.0024205480881209626,0.014087062294292537,0.9834923896175864
id23189,0.0035331882387034967,0.9963645525001601,0.0001022592611364383
id00406,0.013747873830147592,0.9828503104556088,0.003401815714243631
id01257,0.03279590720537492,0.7030286150267179,0.2641754777679072
id15147,0.999999997772123,2.133143225851779e-10,2.014562734898054e-09
id24692,0.9327617940872261,0.04391757651609977,0.023320629396674158
id02919,0.009413707705065194,0.9904511176732033,0.00013517462173151756
id00339,0.005663125904662316,0.9483719311458988,0.0459649429494389
id20981,0.032416221067413334,0.9670599811311956,0.0005237978013909949
id00658,0.9331197020917077,2.500418300193497e-07,0.06688004786646234
id02255,0.03372029910942883,0.00206095370997534,0.9642187471805959
id13282,0.9137306860542058,0.00046112078913683783,0.08580819315665732
id13189,0.2536071862553206,0.49328039953207126,0.25311241421260816
id07267,0.9999932864033748,6.461653088682444e-07,6.067431316415616e-06
id05272,0.7498506408080355,0.002510171677010491,0.247639187514954
id22653,0.9109438105879475,0.022987880841562242,0.06606830857049026
id06894,0.5640768903168601,0.0018229193330942463,0.4341001903500457
id21657,0.07784389862124681,0.8812744517365926,0.04088164964216057
id00430,0.01173661805547939,0.6171410530755522,0.37112232886896834
id21655,0.004989154417980918,0.6205312949233474,0.3744795506586718
id04764,0.9514004935259487,0.001118590451287177,0.047480916022764164
id08665,0.000386376822269931,0.0001781691607385855,0.9994354540169915
id20985,4.806963722803509e-07,5.338489072332426e-07,0.9999989854547205
id08095,0.43262365004425796,0.5363045214793368,0.03107182847640524
id12015,0.9509359284005883,0.049028171364040626,3.5900235371136927e-05
id13210,0.16040701541443927,0.7241312959636043,0.11546168862195648
id24937,0.07119457867033117,0.8083582439590248,0.12044717737064405
id03675,4.670800204230887e-06,0.9999776838958707,1.764530392507505e-05
id26951,0.9324902159885007,0.009752341958714994,0.05775744205278437
id06104,0.01172025941426893,0.00036126376538236666,0.9879184768203487
id20105,0.0012387101975404003,0.9982642002972724,0.0004970895051873149
id20441,0.00012945299650070745,2.4120565402646623e-06,0.999868134946959
id05660,0.9997548596239696,0.0002356688015307517,9.471574499667436e-06
id04078,0.0023730019408334277,0.039866481778286667,0.95776051628088
id26101,0.01641996442601993,0.0031005221643350517,0.980479513409645
id10144,4.403425371506911e-07,0.9999974259343984,2.133723064504097e-06
id15096,0.0006540601732889037,0.0004462021752440892,0.9988997376514671
id11903,0.6102811982435986,0.027058128675475447,0.362660673080926
id24093,0.007751519818360263,0.00014966189997391027,0.9920988182816659
id06388,0.2664830320373362,0.11294753359261918,0.6205694343700446
id01203,0.9666110879577521,0.022132402205655766,0.011256509836592246
id18448,0.9954940441648754,0.00016898982714447973,0.004336966007980079
id10382,0.2711302869121666,0.2147152884007692,0.5141544246870643
id25109,0.1454221594972492,0.3716750068014769,0.48290283370127385
id15526,0.04057852946439791,5.9730230256623656e-05,0.9593617403053455
id09411,0.8678247773055832,0.007939512332808004,0.12423571036160884
id03937,0.019183737313642434,0.003711516831058581,0.9771047458552989
id09740,0.007118230345480722,0.0001546192617676909,0.9927271503927516
id11584,0.013403724323281139,0.11244494180778296,0.874151333868936
id06135,0.9849837897088527,0.006780624103525565,0.008235586187621735
id22666,0.831642223177724,0.16737537949798287,0.0009823973242931992
id03104,0.999999604680597,2.742202793085114e-07,1.2109912376161975e-07
id21763,0.6363447963497114,0.1925964846471984,0.17105871900309025
id26344,0.0156933440264268,0.00025106756384289403,0.9840555884097303
id11819,0.9584515442494437,0.03433076878989638,0.007217686960659977
id20309,0.006853087626423225,0.9836129052139958,0.00953400715958101
id12751,0.978625692846332,0.005877326040849863,0.01549698111281804
id16205,0.06878437046729802,0.06162331079783604,0.869592318734866
id07347,0.029915797299546135,0.002231191564366538,0.9678530111360873
id20347,0.0003931420281788827,0.9995777006659056,2.9157305915526013e-05
id05696,0.11996227359667794,0.003215053246345457,0.8768226731569766
id04648,0.3453529798530231,0.5639250469094446,0.0907219732375324
id19654,0.11433693992556405,0.8770622640158818,0.008600796058554107
id03991,0.2059713062929315,0.057229659795283674,0.7367990339117848
id05523,0.08558582148027177,0.16667139344085716,0.7477427850788712
id27445,0.9996368736910303,0.00020398347757063509,0.00015914283139909755
id27516,2.353646395792073e-05,0.9999749427784168,1.5207576252485102e-06
id13992,0.00012732547707476583,3.8148037852058804e-08,0.9998726363748874
id02429,0.0005516870480186609,6.3761353297794155e-06,0.9994419368166516
id01682,1.8108647148535877e-05,0.9994119916913223,0.0005698996615291916
id20561,0.9967272367702,0.0008313419174861358,0.00244142131231383
id26906,0.9737300206219986,0.005188226077029362,0.021081753300972023
id01724,0.574894198333994,0.2789011190759891,0.14620468259001684
id25283,0.7163629454304298,0.02337038496417192,0.2602666696053983
id06926,0.9715677560792573,0.026026024422075415,0.002406219498667278
id13887,0.9775311354678623,0.02162634411132008,0.0008425204208176891
id07530,0.9941249378254009,0.0014726648074993949,0.004402397367099795
id13460,0.9974304039280906,0.002311474117966985,0.00025812195394245665
id14695,1.6761148998574967e-05,0.9999597293770158,2.350947398550463e-05
id08133,0.5607599120366935,0.003128511567960613,0.436111576395346
id06364,0.04069859109601,0.009207566490552556,0.9500938424134374
id22368,0.013598223583462807,0.9855297953957031,0.0008719810208340494
id04855,0.001740982103407079,0.9962663234589106,0.001992694437682327
id14016,0.10053313099665305,0.7140612293849681,0.18540563961837883
id25801,3.5197841451371e-05,0.9999090754275066,5.572673104208384e-05
id16241,0.06539091198498442,0.0012879264940032812,0.9333211615210123
id01120,0.9382381778523102,0.051918286338599816,0.009843535809089964
id00058,0.7098591029425378,0.2294889758741708,0.060651921183291296
id24503,0.012575943685554355,0.004802407890040671,0.982621648424405
id03213,0.01641286673008716,0.9683622881305438,0.01522484513936912
id06040,0.9951279957686525,0.0007502616026350632,0.004121742628712483
id26219,0.04886638011111567,0.6296792462466203,0.321454373642264
id23723,0.0019258801601238493,0.9088538705434984,0.0892202492963778
id17565,0.4947552171022703,0.009134503831623815,0.4961102790661059
id02243,0.10433503797012252,0.4091439347395244,0.4865210272903531
id04802,0.998789370724084,0.00013249076542434245,0.0010781385104916088
id07148,0.011240640349528846,8.406812304805839e-05,0.9886752915274231
id16071,0.9717695359433127,0.025255031123113014,0.002975432933574229
id14810,0.8490856182830099,0.019726052678176974,0.13118832903881322
id15386,0.7774874834532775,0.22040186107299317,0.00211065547372934
id14768,0.9691832768754696,0.005584170148023547,0.025232552976506846
id05056,0.9999991610549192,1.6522791747024842e-09,8.372928017027525e-07
id27065,0.031045565917016234,0.18735094817528136,0.7816034859077023
id27245,0.4744261724872843,0.3162846026541867,0.20928922485852894
id25911,0.9742134233348209,0.005367759453405085,0.020418817211774177
id10581,0.9335182344138591,0.04772022453570464,0.01876154105043632
id21852,0.3496183854485366,0.12197815248823157,0.5284034620632319
id13922,0.2284619577472952,0.6863499303680658,0.0851881118846391
id21904,0.0594359470643377,0.06736877664812481,0.8731952762875375
id25974,0.0011580145907405994,1.811243980508208e-05,0.9988238729694544
id03323,0.016154947237836004,0.9108205938495995,0.07302445891256465
id01385,0.4030251708764955,0.520047284161281,0.0769275449622235
id20469,0.7778361350898557,0.1719691148378548,0.05019475007228945
id04281,0.00909478090432215,0.6770534548815659,0.31385176421411204
id17752,0.6849405811362187,0.31391275565745036,0.0011466632063309595
id27768,0.998681549075275,0.00046197395772386947,0.0008564769670012102
id15545,0.0030850227441579286,0.9723115345467297,0.024603442709112456
id27853,0.0032349664874890627,0.0009130646223426984,0.9958519688901682
id10103,0.9064745489648666,5.4112808704718513e-05,0.09347133822642878
id04374,8.099077683170169e-05,0.0004015696024296909,0.9995174396207387
id23102,0.018339955030812562,0.9642706115948143,0.01738943337437319
id15727,0.013999209174714923,0.0010890283293483835,0.9849117624959367
id22643,0.3342822661518888,0.08291340113342432,0.5828043327146869
id26174,0.002519488404283082,0.571172395271127,0.42630811632459
id16776,0.00022612141181421413,0.9993903544244823,0.0003835241637034359
id11156,0.9972927334592115,0.0012642370488949747,0.0014430294918934994
id18288,2.6104802432565906e-05,7.199067552721733e-05,0.9999019045220402
id21487,0.03457448988988216,0.2564010115163082,0.7090244985938097
id06888,0.4458670431820159,0.05500779731574473,0.49912515950223946
id24094,0.858294988245456,0.004714365083187299,0.13699064667135663
id21383,0.12874022030380453,0.7834332465421354,0.08782653315406008
id10309,0.0021112272535331413,0.008204981112254508,0.9896837916342124
id09189,0.9346681881846401,0.006259064912707788,0.05907274690265215
id26844,0.010484848546687225,0.0004370462429316466,0.9890781052103811
id02103,0.0001933604605465118,0.000525791069664034,0.9992808484697895
id13699,0.018971997380441717,8.445274565931606e-05,0.980943549873899
id05005,0.0001945738194454361,0.00014732672747634412,0.9996580994530783
id19814,0.9177908723749472,0.059392626578445996,0.022816501046606832
id24703,0.7586312572200005,0.24042800824096758,0.0009407345390319669
id04594,0.00215014168603934,3.577615031322644e-05,0.9978140821636474
id13789,0.7776523457209876,0.22018385694570938,0.002163797333302956
id01938,0.11212585971839635,0.8385380333153527,0.04933610696625088
id24274,0.9078661389888225,0.008025837850132165,0.08410802316104542
id13727,0.9703072425370202,0.027500744112530333,0.0021920133504495605
id19335,0.004022563112031906,0.00011489573924192636,0.9958625411487262
id21064,0.008628370349723158,0.004567043027203653,0.9868045866230732
id04044,0.002434252627342031,0.997464494661438,0.00010125271121999247
id01696,0.7691227260913568,0.1321452421023123,0.09873203180633096
id05601,0.010769325578657302,0.0010579206522603286,0.9881727537690824
id13591,0.793849670970272,0.0033737208164842545,0.20277660821324378
id09164,0.030473493212866052,0.9688249071897902,0.0007015995973437456
id16563,0.004788993826172291,0.0013053143232258963,0.9939056918506018
id00380,0.9578645741821957,0.03186430453888932,0.010271121278914892
id04612,0.0030249268823086713,0.059088919118449816,0.9378861539992415
id17341,0.14345809240620158,0.0027377905375888683,0.8538041170562095
id23426,0.002765370649552494,0.9970307501144192,0.00020387923602827862
id02177,0.9915858029793329,0.0022168798635310983,0.006197317157136016
id24279,0.0009763392698191046,2.7078754299666108e-05,0.9989965819758813
id07226,0.9640776666772387,0.03514585706798107,0.000776476254780158
id23305,0.04001495665996456,0.020081550100726847,0.9399034932393086
id00684,0.3812355412978746,0.004553359102597407,0.6142110995995279
id22025,0.0005589961796329207,1.2918065585154995e-05,0.9994280857547819
id26143,0.9353545525301927,0.06401269337492937,0.0006327540948778893
id12002,0.11736655820998548,0.20045217451882105,0.6821812672711934
id04610,0.6535766620840218,0.34525580106201953,0.0011675368539587304
id27224,0.04585381806481373,3.2343252924138327e-06,0.9541429476098938
id10716,0.6125208701437286,0.3007166866489628,0.08676244320730872
id14057,0.9804113743897085,0.013476149086735592,0.0061124765235559065
id14982,0.999999944320189,4.7042760912698776e-08,8.637050022676954e-09
id00401,0.9793327307086569,0.008432949576307185,0.012234319715035942
id12248,0.9594781059031834,0.0360903314509659,0.00443156264585076
id04641,0.831344599989897,0.029975085311119417,0.1386803146989835
id01658,0.6790125571643715,0.00038241950278778943,0.3206050233328407
id03153,0.24541909140095472,0.35923926251807026,0.39534164608097505
id27961,0.7499234768608876,0.05143213462735208,0.19864438851176036
id15984,0.9866719283613661,0.0008205703392443145,0.012507501299389559
id01789,0.9309742823128287,0.06508097992432771,0.003944737762843553
id27264,0.0001715070866434522,0.0012359606317704573,0.9985925322815861
id05158,0.00019457736729020753,0.005792692424518295,0.9940127302081915
id14265,0.5198629242739253,0.14788497478504792,0.3322521009410267
id20696,0.9285951080546887,0.035132994229413524,0.036271897715897804
id01133,0.30966576783698935,0.19826497857343803,0.49206925358957265
id24953,0.21454871784786694,0.7548003294730151,0.030650952679117948
id11298,0.24673214113075514,0.00146710715536377,0.751800751713881
id20917,0.1425423930666945,0.7478443845594983,0.10961322237380725
id25275,1.2633142831233451e-05,0.9999838697057253,3.497151443383772e-06
id00850,0.8270678262640975,0.002634434349680195,0.17029773938622236
id23225,7.076652187989776e-05,0.9999289801409054,2.533372147956036e-07
id15602,0.05348961603637089,0.09045737046558046,0.8560530134980486
id12160,0.055309967435608315,0.18966098314174837,0.7550290494226433
id25388,0.005311528891573619,0.9943950160530327,0.00029345505539366587
id13837,0.013382262270131035,0.9865908091487399,2.6928581129032296e-05
id06804,0.00034098991037224914,0.0007750813935116461,0.9988839286961162
id19978,0.9420740321772325,0.049559315781435444,0.008366652041332
id27563,0.00045607253891540066,5.435535626034891e-06,0.9995384919254586
id23762,0.3174506538758845,0.6790806317152293,0.0034687144088862694
id22734,0.001351396559868169,0.9960190228497129,0.002629580590418945
id09094,0.2995589732538635,0.047489786527995424,0.6529512402181411
id27270,0.010601712569865656,0.9886286812646451,0.0007696061654892141
id05043,0.002268679663096325,0.9781444075567904,0.019586912780113316
id15290,0.1400490344410395,0.8597530628183758,0.00019790274058473003
id26333,0.9986210478613685,0.0004445298253716419,0.0009344223132598373
id26111,0.4638255902747909,0.5186458464261379,0.017528563299071123
id23029,0.0159638529038288,6.779020390737102e-05,0.9839683568922638
id11837,0.96173963988366,0.01821105484695173,0.020049305269388328
id03497,0.8180964917380938,6.327999340381562e-05,0.18184022826850244
id19290,0.8125751482890686,0.1806430357646863,0.006781815946245144
id08008,0.9187732383627029,0.04137283448676838,0.0398539271505287
id24949,0.013623063793062133,0.9780371372743104,0.008339798932627481
id25023,3.536105331984551e-05,0.00023737651177380164,0.9997272624349064
id02205,0.000607337684232441,0.979687081160213,0.019705581155554496
id11041,0.9823915867629204,0.00021560957256100673,0.017392803664518598
id14395,0.00027995889256691775,0.999670232640721,4.9808466712131705e-05
id01130,0.8431623486270526,0.049092737405722245,0.10774491396722508
id21066,0.18823967440178682,0.07707380293183227,0.734686522666381
id17774,0.9989355107134167,0.0010357806353322612,2.8708651251053472e-05
id24519,9.399260275803637e-07,2.2939360105593787e-07,0.9999988306803713
id08460,0.8012773381133748,0.012269854784447223,0.18645280710217804
id19897,4.4044693704440905e-06,0.999993700209149,1.8953214805124207e-06
id19028,0.9947560378610361,0.0005638347192119861,0.0046801274197520275
id01850,0.9921048324534988,0.0010707834968996172,0.006824384049601603
id22472,0.0003771578713007,0.9996227877468172,5.4381882114742364e-08
id10709,0.01299585898819441,0.8417282442593612,0.14527589675244432
id17260,0.08993548804235622,0.7338079537069125,0.17625655825073122
id22262,0.949546413041883,0.011958561372976897,0.03849502558514009
id00115,0.9612219010840466,0.036162551131536914,0.0026155477844165822
id17483,0.002557502375372442,0.00031967932926469137,0.9971228182953629
id10763,0.4387382437706073,0.4395940681332571,0.1216676880961355
id18014,0.00033141973223813965,0.9900338208862425,0.009634759381519314
id20414,0.1400759768962338,0.006192975135877693,0.8537310479678885
id14244,0.9256767199794582,0.07148235280909725,0.0028409272114443664
id24952,0.8765422309550295,6.311601417495125e-05,0.1233946530307956
id08217,0.0618411557871148,0.010570661145817277,0.9275881830670679
id01578,1.4842003666883296e-05,0.0001353325449709926,0.9998498254513621
id00641,0.9257942154785995,0.0728024244395468,0.00140336008185371
id24982,0.9999967080567833,3.2527758320402074e-06,3.9167384637133464e-08
id11192,0.9992332857895564,0.00012415142771791845,0.0006425627827256919
id13759,0.022208574428662652,0.038864212129223044,0.9389272134421143
id26752,0.9552645783158841,0.04256039874763784,0.002175022936478117
id06820,0.9903829835960124,0.001922611023509679,0.00769440538047795
id27298,0.7013357261235519,0.2293984007926133,0.06926587308383476
id20735,0.0008906644703332446,3.352336217054697e-05,0.9990758121674963
id08390,0.008024628268283302,0.8976029017070792,0.09437247002463754
id18571,0.01452038511472713,8.013846320800419e-06,0.9854716010389521
id05804,0.001529389362989715,0.9981748861574172,0.00029572447959307524
id11867,0.003214068947866406,0.0016204851491491167,0.9951654459029845
id10286,0.7274978329106077,0.0005050809714664101,0.2719970861179259
id22020,0.9476950314875017,0.005604121508499326,0.046700847003999034
id25835,0.003544991307259049,3.5212157454103894e-05,0.9964197965352869
id06583,0.9700630602761164,0.009156867026045373,0.020780072697838197
id21403,0.001287585716885632,0.9987104349668859,1.9793162285074852e-06
id26730,0.9998911352095277,9.116265939982843e-05,1.7702131072518044e-05
id06873,0.9483186921903317,0.006078319465701186,0.04560298834396715
id03552,0.9999980046136793,1.767096327785536e-06,2.2828999286612516e-07
id05607,0.11786306617983254,0.06869144794843943,0.813445485871728
id26395,0.01128470608752054,0.0003529740531597759,0.9883623198593197
id02844,0.8225943639320079,0.03087661051872057,0.14652902554927152
id19710,0.21737506885635685,0.7014201907417119,0.0812047404019313
id17076,0.8746777242113695,0.07255217738167463,0.052770098406955845
id14070,0.982778404529751,0.0022734643145830256,0.014948131155666141
id17106,0.8103047200698874,0.022362361820212694,0.16733291810989995
id24689,0.9700017828568228,0.0042203757775828455,0.025777841365594325
id03718,0.07076879951074586,0.044518686743527686,0.8847125137457265
id03957,0.997108600742481,0.002552250372537833,0.00033914888498123673
id18995,0.011983784886859233,0.9875955471964647,0.00042066791667613707
id11668,0.742132750328723,0.04938613887319253,0.2084811107980845
id15721,0.989468832491217,0.00877818527482077,0.0017529822339623182
id10379,0.00028463294562146286,0.9077554337335842,0.0919599333207943
id15009,0.440092525940404,0.0535083356066233,0.5063991384529727
id11339,0.041918240873625334,0.9574561864892515,0.0006255726371230894
id18532,0.009092425824752365,0.9861130836715181,0.004794490503729582
id16469,0.8517005405694043,0.003931586017198219,0.1443678734133976
id22464,0.04359163738029014,0.9563616095018216,4.6753117888307234e-05
id06314,0.0037045255147863843,7.49881918652744e-05,0.9962204862933484
id27085,0.898927876223908,0.002793949687204282,0.09827817408888777
id14452,0.998145279546832,0.00021468452906722062,0.0016400359241008613
id14939,0.761370244988625,0.1591980473873866,0.07943170762398842
id20094,0.6576430692664306,0.1815458750211279,0.1608110557124416
id23077,0.7981079800124854,0.037202203668098136,0.1646898163194165
id17527,0.9461020909811799,0.036593862764300156,0.017304046254519933
id14895,0.7833331197515685,0.17553501932154772,0.04113186092688385
id22577,0.005510070049241651,0.00011593241165659275,0.9943739975391018
id16111,0.11299738637447868,0.8853484671800401,0.0016541464454810383
id21649,0.23959679830497124,0.2210859636247957,0.539317238070233
id22954,0.9677753826327851,0.029586632073998757,0.002637985293216236
id12624,0.0012047374318913616,0.0164720161166456,0.9823232464514631
id05737,0.9818885633492778,0.0025006446205265652,0.015610792030195645
id23937,0.09831789274990332,0.012378244681311582,0.8893038625687851
id06620,0.000911609670135084,0.0062707451394827035,0.9928176451903822
id18650,0.03274462407808257,0.061534397498013746,0.9057209784239036
id09656,0.9470667604902895,9.370173428648723e-05,0.05283953777542415
id10285,0.958759670813545,0.0320723069233397,0.009168022263115302
id05729,0.002305214390733486,0.0028130369327407662,0.9948817486765258
id00102,0.001138009118826843,0.12071900568479926,0.8781429851963739
id26276,0.0015550782941488412,0.45607091240393566,0.5423740093019156
id12620,0.8370119366762997,0.16244896141045145,0.0005391019132487783
id17949,0.9812865632110959,0.014959036278738392,0.003754400510165835
id15708,0.0017501188730242468,0.9982414929578002,8.388169175611386e-06
id18300,0.06562103996606468,0.00010316593451333873,0.9342757940994221
id04039,0.960525552703322,0.027495526898235857,0.011978920398442205
id12158,0.9950873655086664,0.004200624296117531,0.000712010195216058
id23197,0.0001762976304877272,0.9851730049242345,0.01465069744527771
id25384,0.8407997651167303,0.1426370483737296,0.016563186509540168
id09070,0.01918774196762681,0.017376352704661053,0.9634359053277122
id27734,0.8990913776451593,0.006903788055291798,0.09400483429954887
id27332,0.12452912862521866,0.7533016398252941,0.12216923154948735
id00973,0.9921861962415582,0.0019468360519114835,0.005866967706530331
id26625,0.05010395470587027,0.9150368201543513,0.03485922513977842
id24578,0.016433777005650588,0.9829836380790774,0.0005825849152720128
id05423,0.010298233789881142,0.9709149749642049,0.018786791245914022
id19124,0.0002147211552321042,0.998877854418905,0.0009074244258629248
id00946,0.9731442741599068,3.7672911092922015e-05,0.026818052929000264
id19229,0.7050350542915557,0.2903425560861581,0.004622389622286257
id05311,0.05509137154219329,0.9093992928774297,0.03550933558037711
id03289,0.6229023127517538,0.36131569134703373,0.01578199590121259
id17758,5.360601052115264e-05,0.9988057666096173,0.0011406273798615066
id24336,1.541112255443717e-08,0.9999995776466652,4.069422122004165e-07
id00603,0.014005145494871415,0.002190123175699159,0.9838047313294295
id26467,0.4972319238513201,0.24154429127769222,0.2612237848709877
id27835,0.014911400866717151,0.004651354620594181,0.9804372445126887
id06861,0.15668931472858139,0.007962928179559391,0.8353477570918592
id23847,0.005024407051302663,7.458041832456323e-06,0.994968134906865
id06174,0.3931398417262457,0.6068204181237877,3.974014996658038e-05
id10968,0.9759763757953148,0.006603580915638412,0.017420043289046835
id10881,0.9873055481365984,0.0023968410340741955,0.010297610829327286
id03204,0.004964914593059128,0.9933965686320726,0.0016385167748682657
id21921,0.5859147832320961,0.40181447304696494,0.01227074372093896
id06539,0.9657480120214312,0.018016459335136285,0.01623552864343245
id08880,0.0067982263007600515,0.5827788006172909,0.410422973081949
id14725,0.33261965349322004,0.0003391662062026931,0.6670411803005774
id26107,0.005672108909601102,1.4603181438926482e-05,0.99431328790896
id07874,0.019233369918585475,0.9807614032534065,5.226828008005074e-06
id23638,0.9815139776371072,6.640810943477387e-05,0.018419614253457957
id13498,0.008724378174229977,0.0029145799615042773,0.9883610418642658
id18940,3.836722916965146e-05,0.00019400330738574367,0.9997676294634446
id02120,0.8696731111088525,0.11002641774830207,0.020300471142845427
id26663,0.9535845773085031,0.0030412640775668333,0.04337415861393002
id20127,1.827970445926055e-07,5.211547023070884e-06,0.9999946056559323
id27922,0.5511643076397594,0.0338814123965924,0.41495427996364814
id15106,0.6776556917161589,0.20634190387495024,0.11600240440889091
id22158,6.58890797413743e-13,5.149471831814094e-13,0.9999999999988263
id17029,0.006266526796819255,0.9935721140767843,0.00016135912639647065
id02554,0.8433637709538183,0.12944953545197757,0.027186693594204146
id18454,0.00826770634805272,0.036334230461702574,0.9553980631902447
id09016,0.2683462198293589,0.006456679789679162,0.7251971003809619
id02307,0.9882072301201188,0.005224779066125913,0.006567990813755221
id01650,0.0391904935708803,1.3829728501794555e-05,0.9607956767006179
id01254,1.6710033999070138e-06,0.9999983260389349,2.9576651827378924e-09
id12921,0.005940004254847527,0.0003903964506050132,0.9936695992945475
id05721,0.511414922348273,0.0003909287790411928,0.48819414887268586
id05798,0.06809598587303183,0.906889748912408,0.02501426521456017
id04417,0.0033091810408923017,2.9695137696596718e-06,0.9966878494453381
id19620,0.9633043049679905,0.020329139455814466,0.016366555576195055
id22680,0.006062034928422083,0.9936987852969273,0.0002391797746507094
id21992,0.3498028890026227,0.0016011606070282774,0.648595950390349
id22823,0.0015630089799144227,0.9984276925554558,9.298464629746872e-06
id12750,0.6781085981249809,0.11837066310816347,0.20352073876685556
id23220,0.0001611496448258282,0.0045903852827661115,0.9952484650724082
id11851,0.9727088183413336,0.014547467286394512,0.012743714372271932
id27438,0.8486226727420109,0.057889664915567685,0.09348766234242152
id00797,0.5691948698344763,0.02160400546697852,0.40920112469854525
id08593,0.9292396084737128,0.000599864287820717,0.07016052723846651
id01042,0.008123372914587547,0.4740871274787303,0.5177894996066822
id19898,0.8088817439490212,0.13799706965279532,0.05312118639818355
id24615,0.011372546630751882,0.09075766064751921,0.897869792721729
id18594,0.02113181235731099,0.00041711699062473045,0.9784510706520643
id08534,0.011129639310315563,0.0008412378060945307,0.9880291228835899
id03889,0.9691493855921368,0.030849929482753887,6.849251092551141e-07
id04873,0.9999024016352726,2.7243994921134495e-05,7.035436980632351e-05
id08264,0.9997584810692688,0.0001182913942301752,0.00012322753650107206
id10187,0.4259250477633209,0.013050450186754357,0.5610245020499247
id14278,0.010932481202141369,0.071050124288781,0.9180173945090776
id22528,2.0464404965712285e-13,0.9999999999995371,2.5821521289457136e-13
id07416,0.023744965601294417,0.9525169130268488,0.023738121371856803
id02857,0.5883926776834856,0.1059141034280128,0.30569321888850165
id03875,4.178817943482797e-06,0.9999840160020148,1.1805180041770583e-05
id24437,7.780292353687215e-06,0.9995560587462635,0.0004361609613827528
id24940,0.15884614405194475,0.8249184250134279,0.016235430934627267
id15070,0.4371645508048826,0.006673826463701147,0.5561616227314162
id14891,0.8707218733052594,0.12866945087670115,0.0006086758180394418
id02110,0.9957466992935754,0.002672865512483371,0.0015804351939412826
id24405,0.17009395496022758,0.07507163173198704,0.7548344133077853
id00373,3.771450894137785e-05,1.1576913974174978e-05,0.9999507085770845
id12728,0.9999965077088815,1.3293712731011981e-09,3.4909617472136356e-06
id18958,0.9943856989688601,0.0010546829511218448,0.004559618080018093
id17443,6.440631213523178e-05,0.9999147074114741,2.088627639064465e-05
id03959,0.9873869101298133,0.011941237921861617,0.0006718519483250563
id13218,0.3859502138224451,0.004787261147842756,0.6092625250297122
id01980,0.8351566756267723,0.14643615341992738,0.01840717095330015
id10697,0.9999639295699309,5.51396122314893e-07,3.551903394680504e-05
id24816,0.877054073207198,0.0918766083287681,0.031069318464033914
id00088,0.06337064350423433,0.004394965046086064,0.9322343914496797
id13846,0.04115407272364869,0.9577561433477492,0.001089783928602192
id17597,0.968216918864843,0.017059454447356383,0.014723626687800698
id09947,2.346593987179272e-06,0.9999932536091098,4.3997969029653835e-06
id12050,0.8820684184613539,0.10726853043407285,0.010663051104573346
id24060,9.910359908945956e-05,6.508530465813477e-05,0.9998358110962524
id19942,0.9939981821679313,5.7227456466621764e-05,0.005944590375601984
id06541,0.5583668234295244,0.4415773294317867,5.584713868897078e-05
id05746,0.9997668645121404,0.00018800666826923138,4.5128819590398606e-05
id13577,0.07782774544498453,0.40813595103625133,0.5140363035187642
id11877,0.0009568566568507053,0.9990429198643812,2.2347876805097107e-07
id19491,0.656871118989046,0.19639998926360677,0.1467288917473472
id11352,0.02391904031136188,0.000856969175559576,0.9752239905130786
id12791,0.9991134000177794,0.00010455161544923907,0.0007820483667714408
id05282,0.1167583351195294,0.017877942375996752,0.8653637225044739
id26833,0.9428437687505131,0.05529121212268325,0.0018650191268035688
id00580,0.09338002739086378,0.0010486420514443317,0.9055713305576919
id01236,0.026813489830522327,0.0003613671489155998,0.9728251430205621
id05455,0.25249612033547747,0.7206692180579223,0.02683466160660022
id00069,0.00214854367671877,0.9967997766111885,0.0010516797120928294
id01605,0.9991855571186623,3.237520669912417e-05,0.0007820676746386786
id17737,0.9952436602043719,0.0005738271755204181,0.004182512620107651
id11315,0.013211196280525177,0.007393000938450332,0.9793958027810244
id24044,0.10617859228797903,0.15855969523801514,0.7352617124740058
id18677,0.9977936817129958,8.553881584882476e-05,0.0021207794711554677
id17678,0.9922483358804361,0.004508001825363682,0.0032436622942002046
id21528,0.9966578193507531,0.002562880386733371,0.0007793002625135479
id21985,0.45959893521898576,0.4288177371530433,0.11158332762797096
id12860,0.6204710760487223,0.259408074620675,0.1201208493306027
id08793,0.9933564488499205,0.0041998514916732595,0.0024436996584063474
id09245,0.973406716716464,0.025221078332828793,0.0013722049507072752
id12523,0.03168221072368109,0.0052936462463177335,0.9630241430300013
id07158,0.013992329627444703,0.9827428986394626,0.003264771733092714
id03473,0.000842570309003311,0.9986718771280537,0.00048555256294294946
id05999,0.9999139532189865,3.854157544219389e-05,4.750520557134146e-05
id02469,0.7175279775580885,0.088969346514695,0.19350267592721654
id16675,0.004608310997854084,0.004987014865464013,0.9904046741366819
id20508,0.0002963274245360119,9.498543495910472e-06,0.999694174031968
id12669,0.9990678743978005,0.00024452997412701457,0.0006875956280724768
id22277,0.21919394806718182,0.05129965735423098,0.7295063945785872
id00355,0.0013359764555871197,0.025448329506435427,0.9732156940379775
id24427,0.006896888988502409,0.992253852180779,0.000849258830718671
id19241,0.2976380087317725,0.6800495395847926,0.02231245168343492
id26301,0.06393272118330152,0.11035518885838666,0.8257120899583118
id09404,0.05625858533338367,0.9309414110572954,0.012800003609320926
id14347,0.9697552313717182,0.008126765668912917,0.022118002959368943
id06898,0.9997037939158137,0.00026377702242995896,3.242906175633482e-05
id08750,0.8994878473928565,0.005182568401265132,0.09532958420587845
id13572,0.9397639541406708,0.030650118102639203,0.029585927756690056
id08731,1.0807670256277997e-05,0.9998977807186595,9.141161108418511e-05
id20124,0.9955226310233208,0.0010694966355468997,0.003407872341132253
id14276,0.0015022703241764173,0.012713741020976886,0.9857839886548467
id13035,0.9988586744219795,0.0009382171273068794,0.00020310845071356453
id24056,0.0010631741576799382,1.5643906408040853e-06,0.9989352614516792
id21132,0.9999209405524614,7.882950371934713e-05,2.2994381919743646e-07
id21465,0.30732462454007464,0.006342165822105253,0.6863332096378201
id27148,0.0012824595256960187,0.998709720103848,7.8203704560583e-06
id14482,0.7975348990293774,0.03272633927330108,0.1697387616973216
id17950,0.9308408756794933,0.0488829590103097,0.02027616531019706
id15233,8.51303622644814e-09,0.999999213503951,7.779830126908939e-07
id11794,0.10600792650600736,0.022629328802798252,0.8713627446911943
id27227,0.02690365120778842,0.9442739861071444,0.0288223626850672
id13093,0.20906221846682047,0.7835911214777761,0.00734666005540342
id12869,2.4043699875559893e-06,0.999990567977437,7.0276525754785474e-06
id01256,0.9791475659594047,0.013381839117909272,0.0074705949226861025
id00934,0.12963352667968525,0.3399069672809985,0.5304595060393162
id00121,0.2950700574580464,0.5124866550198565,0.1924432875220971
id11054,0.00045701370502235797,0.9994704363029334,7.25499920442074e-05
id02573,0.9606449778343469,0.002407549680695126,0.03694747248495804
id13626,0.6042349368319776,0.18434160559584206,0.21142345757218034
id25047,0.34639220200615944,0.6340244343706902,0.019583363623150392
id04465,0.0005726031178025952,0.9994262863342067,1.1105479907519863e-06
id09344,0.0057562602871173785,0.002527844077331216,0.9917158956355514
id24254,1.5116270812241652e-08,0.9999999584054369,2.6478292398167187e-08
id04266,0.008260089002654536,0.003470024346516195,0.9882698866508293
id19734,0.058374386584204296,0.010095759311741464,0.9315298541040543
id13127,0.9892056259498461,5.51038706787845e-05,0.010739270179475149
id27066,0.11349645327146059,0.0007542232381468467,0.8857493234903926
id13629,0.000112982008431837,1.329043955891726e-08,0.9998870047011286
id26484,0.9835813853506278,0.005647320114836648,0.010771294534535592
id02074,0.6711164725793587,0.0007231024878036296,0.3281604249328377
id24688,0.9725012672476419,0.021687538521357814,0.005811194231000243
id17455,0.003721615797304842,0.9962431121158598,3.5272086835418823e-05
id14980,0.9998122849665267,1.200369123356346e-05,0.0001757113422396745
id15840,0.9913536265504643,0.0005017670183463716,0.008144606431189328
id20440,1.5477163193815206e-05,0.0022460666190363076,0.9977384562177699
id25262,0.9999996039644857,1.4515680333871257e-07,2.508787109343487e-07
id20395,0.00038710281843794297,0.9993460553544037,0.0002668418271584139
id14332,0.008754756601386747,0.988132463168895,0.0031127802297182907
id07118,0.4581051363860658,0.02723280134640832,0.5146620622675259
id26424,0.9998661536679734,8.88722821422012e-05,4.49740498845129e-05
id21308,0.8196474665010072,0.02693882037625647,0.15341371312273636
id21688,0.011014324089719734,0.0012461780152668413,0.9877394978950135
id09581,0.04509560713918546,0.9501724337148966,0.004731959145917982
id27297,0.9294885881204532,0.06961790544534081,0.0008935064342059956
id20086,0.08916929719088179,0.8735125194146042,0.037318183394513885
id03762,0.002879491703047798,0.9971203425214724,1.65775479872313e-07
id10789,0.9096269181666009,0.0026789505529805067,0.08769413128041866
id18058,0.0873218170696895,0.2150129498396221,0.6976652330906884
id01701,0.9909335540395178,0.005414498828551271,0.003651947131930953
id17232,0.06777989232687877,0.9310987721192795,0.0011213355538417771
id23541,0.33979394917459405,0.001312628856736082,0.65889342196867
id20699,2.386057572852186e-07,0.9999997596741923,1.7200504374238223e-09
id06657,9.450747568392188e-05,0.3263331645798426,0.6735723279444735
id13807,0.0999883284468665,0.008757377154704142,0.8912542943984293
id18344,0.31658841598300347,0.6202101388495169,0.06320144516747958
id09363,0.5011972296760311,0.17537770848261355,0.32342506184135533
id12470,0.005174575247161446,0.9943901128849999,0.0004353118678386369
id13430,0.99546375719376,0.0011447184183414213,0.0033915243878986606
id13549,0.02400066229700786,0.007651082765845876,0.9683482549371463
id24423,0.9487429002660641,0.04768601549452583,0.0035710842394100816
id15402,0.6455611809795192,0.013671907840559364,0.34076691117992153
id22070,7.371431438020461e-05,0.9999218837468429,4.401938777019825e-06
id05977,0.9986315484116972,0.0013395777837719005,2.887380453092182e-05
id18772,0.738243108465315,0.0011432491659178977,0.26061364236876705
id11214,0.030072877470736427,0.9696228822663439,0.00030424026291976246
id01263,0.971937579750036,0.005321114216921583,0.02274130603304234
id03187,0.793920629409713,0.1943420417241284,0.011737328866158692
id07817,0.9967302120537288,0.0016006621140602997,0.0016691258322108634
id08796,0.06049636571761679,0.8779179096569926,0.06158572462539073
id02347,0.25214268367952053,0.0019467611867912786,0.7459105551336882
id08989,0.0294221287622502,0.00032383771234189554,0.970254033525408
id24462,0.3387043909550284,0.6226002985718115,0.03869531047316009
id05147,0.011213916676944036,0.0011252295698719365,0.987660853753184
id26389,0.0003601094273852359,0.9776220377652244,0.022017852807390343
id12300,0.012706460235146813,0.0060050657709908115,0.9812884739938624
id06273,0.9417504619164686,0.005699406143179163,0.05255013194035215
id27453,0.0762642782788056,0.8412207934090157,0.08251492831217871
id19255,0.8905772195710913,0.05399546681704333,0.05542731361186542
id22593,0.34337711658650377,0.09989957818285629,0.55672330523064
id07089,0.999973023012725,2.560950295373885e-06,2.4416036979716833e-05
id22379,7.501554341654176e-05,0.9998751050558904,4.987940069312888e-05
id22024,0.986392923910939,0.006086272053730602,0.007520804035330353
id25541,0.11839507594054585,0.7378262668345678,0.14377865722488642
id10216,6.889527265400634e-07,0.9999993046871493,6.360124240869555e-09
id07493,0.9993743635168633,0.0006184768054104555,7.15967772623502e-06
id25552,0.8465727481540324,0.04612263526833032,0.10730461657763712
id21244,0.8783973569156276,0.010915135477267421,0.11068750760710501
id17278,0.0016752378372313515,0.9888882270600196,0.009436535102749152
id14850,0.5018197776710105,0.47729990317422916,0.020880319154760445
id21434,0.0036680782538262087,0.036338461870647674,0.9599934598755261
id22924,0.9938726194225302,0.0009480905463228266,0.005179290031146909
id17321,0.9373476983294149,0.0362324554336299,0.02641984623695531
id04319,0.9672494312456158,0.0077597914743713185,0.02499077728001289
id09823,0.36435969124938683,0.6264437190772646,0.00919658967334851
id03485,6.181875655610347e-05,0.9978774145962851,0.002060766647158913
id12138,0.9316130584962634,0.030061189290092265,0.038325752213644315
id00196,0.002720691847207105,0.004370380090233247,0.9929089280625597
id07822,0.15544183086664,0.10441717929876107,0.7401409898345989
id21775,0.022324679332476425,0.012979226587431896,0.9646960940800917
id13407,0.48137252237288236,0.0017910627914376445,0.51683641483568
id12430,0.0014221364828928534,0.998525645228567,5.2218288540237703e-05
id23691,0.9998814718783129,0.00010348139782219258,1.504672386491551e-05
id17641,0.0033745953617987786,0.9960472276081991,0.0005781770300021751
id09125,0.0002854769604417028,0.9958129890841568,0.0039015339554014784
id18512,0.701377792695284,0.03462639851941858,0.26399580878529744
id01639,0.32363442952781923,0.507597388212036,0.16876818226014476
id06860,0.0035738483822306834,0.002761284810935466,0.9936648668068339
id25534,0.9972462618986578,0.0027228049652767176,3.093313606540113e-05
id13546,0.9878695395865743,0.010014835554332602,0.0021156248590931195
id10032,0.8419719223086656,0.02176269391996748,0.13626538377136702
id05228,0.07625641053594862,0.07968680377791665,0.8440567856861347
id24992,0.0008760360234936133,0.00022680826746030222,0.9988971557090461
id14168,0.9999510121653422,6.036453806043554e-08,4.8927470119771075e-05
id20747,0.9607913673834263,0.0076768217539261545,0.03153181086264758
id16986,0.9948795648573358,0.004965137502446868,0.00015529764021742295
id11226,0.6660374980687239,0.2879751267242349,0.0459873752070412
id13998,0.9899296042081276,0.0002427488208108843,0.009827646971061504
id15169,0.9986604859464263,0.0008810994921905043,0.0004584145613831998
id00737,0.9556364373477069,0.0027926011775692167,0.041570961474723896
id24476,0.9465143911387572,0.0026244057282057073,0.05086120313303715
id03044,0.8131656767385443,0.007010634675279508,0.1798236885861761
id26746,0.9813514491068867,0.01023836670973738,0.008410184183375947
id10776,0.3949984293046297,0.02014960192798738,0.584851968767383
id06266,0.003657741120481703,0.0006558110304186474,0.9956864478490997
id13362,0.5270250321206975,0.4729304333356001,4.453454370240083e-05
id09335,0.9837479410024327,0.0015270204061354168,0.014725038591431943
id15894,0.13222112982795953,0.8562452840455657,0.011533586126474907
id15866,0.04196456325220637,0.0022621902454453974,0.9557732465023482
id25763,0.48008979733366697,0.23350210993918175,0.2864080927271514
id01091,0.0010614054995217166,0.9989092950208847,2.9299479593668752e-05
id11647,0.9496808773824761,0.04891810783194152,0.0014010147855823846
id19671,0.003691655141964482,0.1916282859108124,0.804680058947223
id18007,0.0010053154344215913,0.01713348788204648,0.981861196683532
id01473,0.5924053421052796,0.37303387792107295,0.03456077997364732
id07169,0.073429271893325,0.021573037782234947,0.9049976903244401
id05484,1.2830558449931325e-06,1.664243080118357e-06,0.9999970527010749
id18452,0.9511480460872166,0.04596229491647368,0.002889658996309761
id27490,0.746314738352353,0.22402014347485816,0.029665118172789013
id11050,0.6523377264909245,0.2586613798800344,0.08900089362904111
id07588,0.0074743834891852325,2.861859385936768e-05,0.9924969979169554
id21194,0.9999970946021378,2.783419759974445e-06,1.2197810225005398e-07
id07282,0.00017178652772144865,1.5732051017847322e-06,0.9998266402671768
id03652,0.9752736673583325,1.8158154953473255e-05,0.024708174486714043
id04009,0.0005150351005940174,0.9637227936278975,0.035762171271508526
id27188,0.9262677140650322,0.02310661269814122,0.05062567323682667
id19554,0.7663512038823522,0.0005745671388972395,0.23307422897875057
id04072,0.9966057834139513,0.0014721407529884464,0.001922075833060239
id19023,0.41574550460115095,0.5581313341522831,0.02612316124656603
id08801,0.0022423109835444576,0.01039603965192132,0.9873616493645342
id08893,0.7475138377091324,0.01710157528759795,0.2353845870032697
id03644,0.000982391055434592,0.994013453376977,0.005004155567588424
id00579,0.6312281017741131,0.010475052688159623,0.3582968455377273
id15631,0.9302993572821187,0.06903943660549235,0.0006612061123890403
id07828,0.7528436414039265,0.2043790430013582,0.04277731559471531
id00411,0.009862263669006405,0.9736108904267297,0.016526845904263943
id26553,0.8575897423207278,0.009806100967759917,0.1326041567115122
id05221,0.01832916906482555,0.00011372242576798862,0.9815571085094065
id20958,0.9665778408026688,0.02103341921154177,0.012388739985789392
id19691,0.9900344856040026,2.084060689374729e-06,0.009963430335308051
id10400,0.9999283988198023,5.458346275167313e-05,1.7017717446041148e-05
id16157,0.005168093566157094,3.932528296422043e-05,0.9947925811508787
id26110,0.010222482717516614,0.9892294718113149,0.0005480454711685301
id26270,0.4749500094112178,0.5194437828145334,0.005606207774248837
id04157,0.9977792028659921,0.002054513762603838,0.00016628337140413304
id24711,0.18178707126185142,0.005966313580125144,0.8122466151580234
id05534,0.35926682318143416,0.012611944749538303,0.6281212320690275
id21712,0.26707105895116956,0.5684161971977959,0.1645127438510345
id03280,0.015044902804782155,0.002662891990893504,0.9822922052043244
id14997,0.33420590185080773,1.927996424830011e-05,0.665774818184944
id21964,2.072547821351008e-05,5.105149394321737e-06,0.9999741693723921
id20963,2.3651244587363427e-06,1.8027101045767856e-08,0.9999976168484402
id08635,0.28258051887301866,0.6550233452848175,0.06239613584216383
id16390,0.07501265512179489,0.5227895591483545,0.4021977857298507
id16486,0.7683024633818959,0.017767219307966778,0.21393031731013737
id14367,0.0006795252585814158,0.5695356943610801,0.42978478038033857
id10560,0.9995773902999529,0.00030120312872203184,0.00012140657132508695
id14106,0.7385777903383773,0.0552666927977745,0.2061555168638481
id09668,0.9854974664313946,0.005292479849579931,0.009210053719025555
id18250,0.9983381303265387,0.0004056503085504336,0.0012562193649107982
id26648,0.9904413854772822,0.0023500180858753036,0.007208596436842414
id27314,0.9624956246976589,0.004099013298043413,0.033405362004297695
id04581,0.02301571373665576,0.010413418724691773,0.9665708675386525
id06405,0.8080882249603815,0.1856973347653838,0.006214440274234765
id17908,0.002235850487065818,0.00011515637865749695,0.9976489931342767
id07217,0.07989532928349066,0.14639430306429105,0.7737103676522183
id17285,0.04726504731672572,0.000633097663525121,0.9521018550197492
id19589,0.9680967722475007,0.020594216854894924,0.011309010897604388
id15916,0.6428638006692948,0.06575213045216333,0.2913840688785418
id26239,0.9981457614533633,0.00015347089472082578,0.001700767651915925
id20163,0.997188197274665,0.00010636049885437567,0.0027054422264806257
id22845,0.008047236075189885,0.31767727751558106,0.6742754864092291
id11509,0.5177996108280635,0.24315603745559114,0.23904435171634547
id26789,0.8426564281841484,0.15457288142086173,0.0027706903949897194
id24679,0.9590137584879939,0.01943883770408653,0.021547403807919585
id19832,0.9997779060592689,7.351289194964416e-05,0.00014858104878150865
id11724,0.9288433178613228,0.035859478966685905,0.03529720317199135
id01539,0.9150232062539652,0.00168033549207177,0.08329645825396302
id22039,0.2332980181076289,0.6293564657598127,0.13734551613255833
id07621,0.00014390105482098913,4.296911728063944e-05,0.9998131298278984
id16398,0.0028528180636532216,0.9971439903744926,3.191561854139006e-06
id15932,0.6483603877667299,0.058399173692107356,0.2932404385411628
id17054,1.3072046435554335e-05,0.9999867633946804,1.6455888414458788e-07
id23487,0.7693392273561614,3.7977416750532005e-05,0.23062279522708803
id16099,0.0020720043929381283,0.9977664752090648,0.0001615203979971408
id25225,0.986731782110716,0.00021244523967102634,0.013055772649612956
id18173,0.07429630507172158,0.63325345577352,0.2924502391547585
id24856,0.998823494147609,0.0009272123615975608,0.00024929349079348066
id14760,0.0011106322142136842,0.1776483301969936,0.8212410375887927
id25291,0.587061192874704,0.4124536373708815,0.00048516975441450204
id16267,0.8437058226763058,0.0009239881094144807,0.15537018921427972
id07922,0.005707366542517317,0.0003098647297318487,0.9939827687277508
id20870,0.7506202404622818,0.008254435430827644,0.24112532410689058
id21780,0.48076766656036024,0.21434381939015,0.30488851404948986
id21309,0.48896374171499435,0.2372758576729203,0.27376040061208534
id05849,0.9069788880430149,0.06425758474104637,0.028763527215938813
id16246,0.050739183577868045,0.011469628411854383,0.9377911880102776
id25081,0.00020119536868316558,0.9996895312259996,0.00010927340531734164
id06468,0.289086598215722,0.7077746429163201,0.0031387588679578685
id13842,0.3197612358689872,0.6353166553162761,0.044922108814736746
id23976,0.005910525437443839,0.0020528826948506464,0.9920365918677055
id25649,0.9992912541618911,5.6592221330619195e-06,0.000703086615975838
id26815,1.5308763468653464e-05,0.9999799271236888,4.764112842569796e-06
id09343,0.0012756091412264076,0.0004620288661027231,0.9982623619926708
id03120,0.16385005623926874,0.05292084531923607,0.7832290984414951
id16638,0.9477342327387481,0.0006051666022468302,0.051660600659005074
id18625,0.0018215300359317144,4.724932934504059e-05,0.9981312206347233
id01679,0.6355039466412854,0.019462108905695198,0.3450339444530193
id17137,0.0063760802867281795,0.993450579258414,0.00017334045485791513
id14684,0.0003168419128240617,2.5131167891015378e-05,0.999658026919285
id01671,0.49822279849768036,0.30457634857361077,0.19720085292870893
id27271,0.6369901014479669,0.03659007274306518,0.326419825808968
id16321,0.99999996744306,2.637295445754896e-08,6.183985538716489e-09
id07468,8.005928408458273e-06,0.9999910546075145,9.394640770911207e-07
id20777,0.0023587701403188256,0.0019038458669490914,0.995737383992732
id26036,0.9122570936373541,0.02237670925165298,0.06536619711099295
id23135,0.011521240848208478,0.003622088071885266,0.9848566710799063
id07669,0.0002622433164104272,0.0851450837861025,0.9145926728974871
id00142,7.656340256530366e-05,0.9999115570593484,1.1879538086190308e-05
id12357,0.9722853521009683,0.001102647583358038,0.026612000315673737
id08890,0.017167372614519595,0.26810767138485775,0.7147249560006227
id21379,0.0005786868213496751,0.9994178386653225,3.4745133278177113e-06
id12099,0.6538010545610797,0.001711466691246944,0.34448747874767327
id06503,0.4883055710056408,0.11596856550425184,0.3957258634901074
id14408,0.07082878007819687,0.9268563581613818,0.0023148617604214334
id17370,0.7984272013533953,0.19067455918522394,0.010898239461380774
id25432,0.9936746350537802,0.0038737500333421012,0.002451614912877694
id10132,0.18274755032412976,0.0065742492595197615,0.8106782004163505
id27069,0.002982771965607406,0.9431262520903404,0.05389097594405228
id11515,0.6708836205951473,0.25142703656545484,0.077689342839398
id01323,0.9992291940242585,0.0003335413244117061,0.0004372646513299463
id22520,0.0001369124413197077,0.00040902278675236393,0.9994540647719279
id03293,0.0017861470166440777,3.975166772341882e-06,0.9982098778165837
id19708,0.024404640902130747,0.00048564522125126735,0.975109713876618
id22346,0.8945074552617245,0.09270909227046531,0.012783452467810293
id27744,0.9984399335543195,3.800664123475899e-05,0.001522059804445762
id04004,0.8846096667581446,0.049905568430855925,0.0654847648109995
id09476,0.9915357575096371,0.0037028420281058176,0.004761400462257208
id01582,0.005843791003020146,0.0009898206949950864,0.9931663883019848
id23782,0.5596194121704169,0.0842141326755118,0.35616645515407136
id03403,3.646773132879674e-05,0.0019070581466229088,0.9980564741220483
id11119,0.022723452895755596,0.9765483099270166,0.0007282371772278322
id16681,0.830133925540264,0.16836967353331705,0.0014964009264189042
id16399,0.9999788932730194,1.388259339197397e-06,1.9718467641535088e-05
id22630,0.8995537113858809,0.06631737441436562,0.03412891419975352
id27950,0.643006534134584,0.06578794487866055,0.29120552098675556
id00046,0.9629448327216272,0.008046444807107473,0.0290087224712653
id25556,0.13010098914927262,0.11318748663317549,0.756711524217552
id16039,0.998954093688963,0.0006903507494523174,0.0003555555615845785
id09110,0.9999451604555897,1.5250148301875007e-05,3.9589396108497575e-05
id19881,0.97686912233219,0.02246051133199706,0.0006703663358128558
id21735,0.9830380346719356,0.004289583264661831,0.012672382063402557
id02023,0.9997964612904522,2.6247859588319108e-05,0.00017729084995950334
id01230,0.006410469881288416,0.993218070687449,0.00037145943126252865
id14916,0.00030441435755002537,0.006439271281895135,0.9932563143605548
id04944,0.7136234444946884,0.21746312601200232,0.06891342949330923
id04349,0.02962605094563861,0.0036262206364002223,0.9667477284179612
id22580,0.004371800700794047,0.9872944863398517,0.008333712959354287
id00343,0.4087496613789335,0.5508881632286688,0.04036217539239781
id14218,2.530929271123791e-05,0.9989465896400708,0.0010281010672179075
id10546,0.9920332471036676,0.007532538497983348,0.0004342143983491381
id05627,0.016306960618130712,0.0001849691464862928,0.983508070235383
id13735,0.00339864348176455,0.9950063853714171,0.001594971146818418
id01525,0.007497993220299006,0.029468861742467125,0.9630331450372339
id25242,0.6306018038077243,0.05884720177076373,0.3105509944215119
id17077,0.5334444703371675,0.02254424641561858,0.444011283247214
id05672,0.7146716024997263,0.27449943063972426,0.010828966860549436
id22404,0.031821715384939296,0.9675840030972612,0.0005942815177995111
id25704,0.009919699394085544,0.7472619920791942,0.24281830852672023
id00903,0.9999986397534959,1.3564741366752854e-06,3.772367446291465e-09
id15496,0.9198174664854676,0.0719135126932605,0.008269020821271901
id09903,0.03658172619599786,0.0009835269732930165,0.9624347468307092
id03419,0.9948673630437446,3.203077912859284e-05,0.005100606177126882
id06647,0.6397100294438836,0.007982845575662362,0.3523071249804542
id16700,0.0008179410351871298,0.9990176863345938,0.00016437263021910152
id08983,0.9592108842485415,0.011012289202967198,0.029776826548491314
id20782,0.9154674887511075,0.028949919568535137,0.05558259168035747
id24494,0.9355619105070667,0.05349236366341565,0.010945725829517658
id10495,0.00022021801934527804,0.9997648722068707,1.4909773784082585e-05
id21262,0.445904405510549,0.0007585309882250508,0.553337063501226
id25689,0.010256620344009284,0.0023166958452133374,0.9874266838107774
id03705,0.03243341609910771,0.023536394330312738,0.9440301895705796
id01187,0.0022643712493710683,0.997348382419828,0.0003872463308009361
id24649,0.8499720738528944,0.11792150798990879,0.03210641815719686
id12629,0.0029911005088522225,0.00020061264377193232,0.9968082868473759
id15211,0.007015800040447058,0.9905829276495708,0.002401272309982133
id13170,0.06769012800214755,0.044740681787007186,0.8875691902108452
id14801,0.8987983490904069,0.02528181078824751,0.07591984012134557
id18525,0.975613304189355,0.01038284956918267,0.01400384624146242
id21963,0.9999834058427559,1.296302842107062e-05,3.631128823108108e-06
id23746,0.015355760463180516,0.0019668223594433354,0.9826774171773762
id18216,0.03853974570607306,0.002199183084856799,0.9592610712090701
id16493,0.007753963082867554,1.564306092438057e-05,0.992230393856208
id12987,0.016214169258844613,0.9513109131430104,0.03247491759814499
id04814,0.6416736621617686,0.16009834384267324,0.1982279939955582
id18602,0.934967165026405,0.007030785475288653,0.05800204949830632
id23173,0.009315054583114544,0.9894855607532236,0.0011993846636619144
id21165,0.21790557757926282,0.013955883034421301,0.7681385393863159
id26123,0.99783257442913,0.002129766493401577,3.765907746842773e-05
id22608,0.01833966834383789,0.0002042464313794485,0.9814560852247827
id21139,0.9979618868507326,0.00020122132508299496,0.0018368918241843445
id21853,0.01721210515197073,0.981475566052402,0.0013123287956273138
id24128,0.9641726401695442,0.021462515224375586,0.014364844606080323
id15666,0.8580798139289237,0.1254971266138692,0.01642305945720693
id11552,0.011862695727513358,0.9876696868620571,0.00046761741042936555
id17621,0.038800154826428616,0.032915468999058714,0.9282843761745126
id20001,0.8597837195369941,0.12344059725657107,0.016775683206434824
id14166,0.5226347337345582,0.476957717211521,0.0004075490539207519
id24108,0.12285838394090341,0.8202728364865014,0.0568687795725952
id19871,0.0024288757410402583,0.9845209847205668,0.013050139538392937
id22361,0.010289918894742327,0.0025866843596134164,0.9871233967456443
id21065,0.05919802824496904,0.1216627967818938,0.8191391749731373
id20749,0.9961653982976312,0.0033099823193317728,0.0005246193830370854
id20898,8.511134500734368e-05,0.9999139116906174,9.769643752637368e-07
id10398,0.046464329716542685,0.0054628951823436234,0.9480727751011137
id03578,0.5063362570961067,0.022406069241362542,0.4712576736625308
id25932,0.24978216130175354,0.020336423279434915,0.7298814154188116
id11133,0.022705150938882344,0.014689103042023113,0.9626057460190945
id15794,0.05339865946075593,0.8962771030719479,0.05032423746729628
id24479,0.9945369832909744,0.004479053185438228,0.000983963523587421
id09563,9.103181953480406e-05,0.9987087964208512,0.0012001717596139658
id11279,0.00047951183815420783,0.9627977436069504,0.0367227445548954
id26680,0.9904950585078469,0.0015396700792684737,0.007965271412884625
id20529,0.18221735992032484,0.014619359660343435,0.8031632804193318
id11761,0.731467935993235,0.22492969181971673,0.043602372187048336
id02337,0.0002999610814788529,0.9995161080715183,0.00018393084700288803
id04890,0.005524145870292198,0.0007034973895103725,0.9937723567401975
id15707,2.2404453531033616e-06,4.190969463620103e-05,0.9999558498600107
id26204,0.0002470091051571214,0.18282649728738132,0.8169264936074616
id15611,0.9919179222248632,0.005632225561556018,0.002449852213580829
id17714,0.18726440310894332,0.07354336999430319,0.7391922268967536
id15392,0.9995626632503358,0.00010421635662670467,0.00033312039303749096
id14685,0.000636255623351533,0.9984636002412721,0.0009001441353763199
id02508,0.23742379560450796,0.7447146293356792,0.017861575059812815
id12406,0.9843236622143003,0.00868739404413215,0.006988943741567594
id24096,0.0009277155285403773,0.9987559142123897,0.00031637025906981016
id19837,0.9971385900723556,0.00028160697460917185,0.0025798029530351915
id25565,0.017595880297121412,0.0038161022810391074,0.9785880174218394
id27598,0.999975667483353,3.573529777220952e-06,2.075898686984666e-05
id26085,0.9680127926074324,0.013815317285701454,0.018171890106866116
id17400,0.005667904269923075,0.025901960349763446,0.9684301353803135
id04501,0.873980051680213,0.05490023095821466,0.07111971736157235
id02468,0.0007553975372553535,0.00047874284708444723,0.9987658596156602
id07394,0.9636415350525169,0.018275543708370843,0.01808292123911222
id18917,0.003101173988507857,0.9028091590966565,0.09408966691483578
id14083,0.9184807865740493,0.05473931670034053,0.02677989672561026
id22675,0.02569080900841225,0.01353940143558001,0.9607697895560078
id27343,0.03324020400483409,0.018248923414421445,0.9485108725807445
id23206,0.06607617329244034,0.6968330534912145,0.23709077321634525
id11105,0.012721056939415592,0.9865306181461199,0.0007483249144645232
id21017,5.820682546100709e-06,2.6759394624012618e-05,0.9999674199228299
id13716,0.490774882168589,0.1489989994406082,0.3602261183908028
id00352,0.001488213141505659,0.9617740219374665,0.036737764921027725
id12173,0.09005470046192494,1.156512666599588e-05,0.909933734411409
id15008,0.9771592113923624,0.011626864916680288,0.01121392369095727
id23347,0.18218971556231844,0.0022252038047653635,0.8155850806329161
id23939,0.01968349092669538,0.2102382524213718,0.7700782566519329
id12090,0.47922905255699927,0.4860384346032139,0.03473251283978685
id08307,0.0017890835815461863,0.9980751010355007,0.00013581538295316726
id21316,0.005796141628447197,0.14644794688830004,0.8477559114832528
id16457,0.08317088492683951,0.00044197684471784896,0.9163871382284426
id23808,2.110161772559069e-05,0.001075049249402401,0.998903849132872
id12826,0.009349855017215369,0.9905737906665004,7.635431628416895e-05
id16819,0.010407178189883775,0.013842084386049145,0.9757507374240671
id15128,0.0016630046490229112,0.998325196550648,1.1798800329185689e-05
id14953,0.003441232646589117,0.9891380635506445,0.007420703802766387
id04083,0.9999383563774902,4.603772804563931e-06,5.703984970527063e-05
id00773,0.001469158574031155,0.9982529180680745,0.0002779233578943784
id24585,0.13602429639283595,0.037104685801337495,0.8268710178058266
id01362,0.07261780021615072,0.000596323252281828,0.9267858765315674
id04514,0.8720006192987443,0.12589300160797987,0.0021063790932759306
id19075,0.9999966287257559,3.358691260400065e-06,1.2582983683088146e-08
id06283,0.9503267835130883,0.04035652435660396,0.009316692130307733
id19848,4.5850071451313676e-08,0.9999999521533013,1.9966272717452353e-09
id02566,0.010002414294631374,0.9851523449527884,0.004845240752580348
id26973,0.1067232079726475,0.023704545559692942,0.8695722464676596
id09333,2.2760868154252185e-09,1.0307489166872522e-11,0.9999999977136057
id21745,0.0073711455990423105,0.009420320500643408,0.9832085339003144
id27167,0.031093909495342145,0.9688408428506563,6.524765400155354e-05
id08481,0.00852731849799303,0.9880180448139348,0.0034546366880720777
id19456,0.9983683856900304,0.0016308753258677613,7.389841019010198e-07
id01495,0.6670001683643978,0.25726485288010625,0.07573497875549601
id15069,0.5158270363860105,0.02886202424622953,0.45531093936776007
id18174,0.00016075369516940842,6.339711548583099e-07,0.9998386123336758
id14450,0.0003289528051169938,0.15115452720810063,0.8485165199867823
id04149,0.0008549200126920117,0.9990106586255769,0.00013442136173113796
id10972,0.008781386068849876,6.721438492003464e-06,0.9912118924926581
id05547,0.002787605259679563,0.7119009755146167,0.28531141922570374
id17670,0.025621547054264737,0.7622033294259017,0.21217512351983342
id04740,0.17039521039779032,0.05359510062005742,0.7760096889821523
id24842,1.8106153485287315e-05,2.4295733113896948e-05,0.9999575981134008
id26895,0.26066638193238284,0.0026258391662276775,0.7367077789013896
id15591,0.7273265245961316,0.0071876235182108976,0.2654858518856576
id20895,0.12948763721014703,0.8692139617015003,0.0012984010883526937
id11532,5.8452541277248915e-05,8.588835092389567e-05,0.9998556591077988
id16516,0.02483084170318899,0.0014782331659784049,0.9736909251308326
id14940,0.03585397141478477,0.8225644920471143,0.14158153653810085
id17152,0.9944808148565757,0.002936442841998168,0.0025827423014262857
id12870,0.03296127984996835,0.9616156997972272,0.005423020352804528
id17405,0.6673774019115134,0.09382668371571337,0.23879591437277328
id22274,0.0028697270796531347,0.9582103424797602,0.0389199304405867
id08337,0.025321059352527733,0.006194144560018405,0.9684847960874539
id19549,0.5149257872382389,0.002494367640854899,0.48257984512090624
id19195,0.9963201765947022,0.00347062347371663,0.00020919993158121075
id11564,0.9971035045653237,0.0028501027884091385,4.639264626719617e-05
id26771,7.3924071236140255e-06,0.02196021870443365,0.9780323888884427
id24955,0.04079853336774209,0.9560572849213115,0.003144181710946385
id22140,0.9129502955431504,0.003952818065152962,0.08309688639169677
id19920,0.08636062699744447,0.007220541355383085,0.9064188316471725
id09807,4.323036830384654e-06,0.9948602685950665,0.005135408368103096
id27426,0.9945772312004938,1.058665390971809e-05,0.005412182145596537
id22006,0.9999988994387654,7.486217999093126e-07,3.519394346881066e-07
id10604,0.7908202039507163,0.0613743188259737,0.14780547722331008
id11017,0.6020584528147096,0.37639199362818204,0.0215495535571084
id14335,0.0004889362753140314,9.040130525280862e-06,0.9995020235941607
id08707,0.8966621359714926,0.0140291969092719,0.08930866711923563
id15869,3.704414599746147e-05,9.861605634859053e-05,0.999864339797654
id20593,0.9844704882995362,0.003149414063153807,0.012380097637310038
id07428,0.5487043374629451,0.44498985425414844,0.006305808282906332
id11527,0.5211520256124454,0.05593691439451338,0.42291105999304124
id14901,0.9999952662279799,1.9192823296306602e-06,2.814489690592572e-06
id19733,0.997960323971564,4.968976480086316e-05,0.001989986263635118
id24677,0.00026954398733548764,0.9994321475131281,0.0002983084995364088
id26656,0.000614507450882163,4.552684225127643e-05,0.9993399657068666
id11707,0.9996029387109785,0.00038682356089105827,1.0237728130481179e-05
id26218,0.00010094065799848905,0.9998970906066293,1.9687353722123527e-06
id19262,7.72873677468993e-06,0.00011803360985796883,0.9998742376533674
id24905,0.17185346039053007,0.7133379476096998,0.1148085919997701
id09170,0.9793207263286045,0.011652110718137963,0.00902716295325759
id05772,0.0003670183927919991,0.014800873515947513,0.9848321080912605
id25405,0.4439276952312578,0.10480974614976288,0.4512625586189793
id18491,0.015671828861210397,0.00012148489295828323,0.9842066862458313
id07780,0.6503708837596122,0.09927195517742726,0.25035716106296063
id01689,0.07014899787024538,0.0019328722263761934,0.9279181299033785
id17498,3.5788650078207525e-07,1.2624076304649304e-07,0.9999995158727362
id19964,0.7995361303038154,0.1665830273667759,0.033880842329408675
id14525,0.004196196679548275,0.00400408104058707,0.9917997222798647
id26363,0.03874079924337072,0.01576672720008792,0.9454924735565413
id07108,0.07655516941450217,0.001901186272414887,0.921543644313083
id11692,0.9921123809238952,0.0045282967124871554,0.00335932236361772
id10891,0.0461398495057897,0.550313089565002,0.4035470609292082
id16743,0.003969067490270414,0.9817182756117684,0.014312656897961271
id11556,0.9743170531675049,0.019094085634228083,0.006588861198267011
id09116,0.44444240025672316,0.5470189043150563,0.008538695428220602
id24015,0.1863419510382538,0.10368306032562362,0.7099749886361226
id00347,0.050714443174559316,0.018688364431112024,0.9305971923943287
id06284,0.0017625216156491558,0.006201342616721935,0.992036135767629
id18794,0.0003707231403991753,0.9980559160135106,0.0015733608460901853
id10702,5.148246937113127e-07,0.9999975232976396,1.961877666643466e-06
id19239,0.1544839976505596,0.00015833633092088948,0.8453576660185196
id26016,0.9962367283372787,0.002918197002536143,0.0008450746601851211
id26227,0.35242831410960507,0.19660106961443732,0.45097061627595764
id05367,0.1876762549994188,0.7984592065382232,0.013864538462358043
id09568,0.1467576106734817,0.004359991109230926,0.8488823982172874
id04660,0.9617201414310301,0.003369832731664742,0.03491002583730519
id04744,0.8318246378036517,0.013550639290710192,0.15462472290563814
id07251,0.0014292143406455337,0.9977662804365647,0.0008045052227898124
id25977,8.276457687617081e-05,0.9998314992820343,8.573614108949238e-05
id06244,0.06363277866173284,0.045779560951375926,0.8905876603868913
id24560,0.008032608255492445,0.9919085991346706,5.8792609837025295e-05
id05091,0.08325879235461342,0.3997421563346321,0.5169990513107544
id27248,0.030408721147061328,0.9540026396381982,0.015588639214740295
id12528,0.09636714134874495,0.6669192402117694,0.2367136184394857
id27322,0.999022261621811,0.0009652470042690218,1.2491373919980095e-05
id27213,0.1635435885968291,0.0333241007679717,0.8031323106351992
id18588,0.9740139879513492,0.0027781155239538892,0.023207896524696865
id14485,0.0918484225333533,0.07861399920039848,0.8295375782662483
id27475,0.037082186149794444,0.2967493422562497,0.6661684715939559
id02280,0.31519345459664033,0.49973949677159824,0.18506704863176146
id24083,0.07355880678691495,0.9257831830183659,0.0006580101947192113
id02321,0.0024785398358839112,0.00033828721950103356,0.997183172944615
id10299,0.00016738664674518716,3.203395532383495e-07,0.9998322930137016
id27680,0.9900133945502763,0.002811376798116475,0.007175228651607191
id17607,0.003076028453976919,0.013781721404450947,0.9831422501415721
id06661,0.3647858555511748,0.6003790143579283,0.03483513009089692
id23860,0.9632429287977812,0.0003423454182676146,0.036414725783951205
id26850,9.319215663225021e-07,0.9999962900312737,2.7780471599676784e-06
id16484,0.40148707129739847,0.020942935539387718,0.5775699931632138
id15302,0.30235186582191903,0.002729742385533999,0.694918391792547
id21138,0.5808486588662937,0.4074829088513237,0.01166843228238265
id02525,0.1799188264243343,0.6388626645212727,0.18121850905439305
id12608,2.5790613966065036e-05,0.999946943695602,2.726569043198578e-05
id23863,0.006575202060756857,0.0003145643113106498,0.9931102336279326
id01755,0.9946541431295911,0.0023990822697927826,0.0029467746006161025
id10567,0.9972249696232423,0.0001925526806657008,0.002582477696092072
id08445,0.6670573581916233,0.26856400364061894,0.06437863816775787
id18146,0.025319929060616315,0.002362702347936108,0.9723173685914476
id22263,0.3163595237482145,0.0036558100476604574,0.679984666204125
id13537,0.018574966294400683,0.0007264580354263289,0.980698575670173
id19985,0.7740607914050014,0.020705709219083216,0.20523349937591534
id08053,0.010415682118688853,0.0024366848026144946,0.9871476330786967
id18959,9.210733070738843e-09,0.9999999816060814,9.183185506405066e-09
id06641,0.20657948061250142,0.7927259299004462,0.0006945894870523319
id27291,0.001052152537971243,0.9956361974647804,0.0033116499972484646
id16124,0.08284604188739302,0.007620629388161692,0.9095333287244454
id18221,0.002177630780208294,0.000648662980888059,0.9971737062389037
id25670,0.998885434929131,0.0010377815234984056,7.678354737060079e-05
id18472,0.9964479694471495,0.00032066677755144196,0.003231363775299015
id10302,0.41475989782027856,0.006276181359940408,0.578963920819781
id07721,0.00018954933060360432,0.9998086280669678,1.8226024285998122e-06
id22148,0.01785801138159849,0.004960136496231282,0.9771818521221702
id04724,1.1292866564247595e-06,0.9999986806087007,1.9010464288318206e-07
id03980,0.9813563353935999,0.018284398999283556,0.00035926560711657413
id11982,0.9963088357156641,0.0015795354246089127,0.0021116288597270057
id05566,6.49359888606649e-05,0.9999345287881196,5.352230197157508e-07
id13235,0.009095515386864437,0.9879289789715644,0.00297550564157115
id24524,0.9538488625459981,0.007394414008358363,0.03875672344564362
id26783,0.09904769136636707,0.0003140787757302073,0.9006382298579028
id02220,0.05114381141717522,0.9408289527907705,0.00802723579205428
id17163,0.9603608464810046,0.0070464845321648074,0.032592668986830574
id21903,0.9429667269153427,0.014714847962529492,0.0423184251221279
id13350,9.538718855628086e-07,8.620286066524908e-07,0.9999981840995078
id07036,0.999950911752316,2.454246711084859e-08,4.906370521696477e-05
id09150,0.9879234115767218,0.0069498337197168684,0.005126754703561261
id22042,1.2005427861522213e-07,3.304215644115462e-07,0.9999995495241569
id19562,0.41195402548911075,0.018965961194694684,0.5690800133161946
id05125,0.8727090782100959,0.05532999460570139,0.0719609271842026
id19462,0.9993498941564517,0.0006004901049644638,4.96157385838908e-05
id02265,0.7971754381914857,0.20119191250390275,0.0016326493046114785
id11769,0.10288717404627128,0.8846602300210978,0.012452595932630957
id19021,0.9013373115551289,0.010078108057854668,0.08858458038701647
id06166,0.9995738742347291,0.00017709471397491403,0.00024903105129604313
id26800,0.9749385569130706,0.00031019772929434265,0.024751245357635027
id21422,0.028990707037114056,0.0022881657961112832,0.9687211271667746
id13116,0.5257206288628378,0.4742203471883615,5.9023948800787456e-05
id05996,0.9999559580594353,1.6509214431074673e-05,2.753272613366326e-05
id23318,0.9999987734445743,1.222430957364253e-06,4.124468346095997e-09
id20725,9.488043500843606e-05,0.0010440521869833903,0.9988610673780082
id09210,0.9696225437795539,0.002175719004992283,0.028201737215453836
id25842,0.3707857411525721,0.08984525554186383,0.5393690033055641
id00767,0.562051164430339,0.04201106889951725,0.39593776667014385
id05036,0.0032516643596078643,0.9949468379363428,0.001801497704049318
id14853,0.03315347400875655,0.022076438955693084,0.9447700870355504
id16946,0.00250807400755683,0.0002781987125085592,0.9972137272799346
id26804,0.14958555805082127,0.8416845946782707,0.00872984727090794
id24061,0.03219422530214691,0.03614214534921361,0.9316636293486396
id19861,0.9952128972124856,0.0008629539522924824,0.0039241488352219035
id18210,0.8061250476184563,0.0007791301423086814,0.1930958222392351
id24313,0.008181775423248317,1.84735723754377e-05,0.9917997510043762
id15960,0.07027432243237808,0.060188623884728315,0.8695370536828937
id14037,0.9995622857220032,0.0002625481966187996,0.00017516608137799571
id17785,1.7446482727764e-05,0.00157001804437989,0.9984125354728924
id19362,0.04450802406913841,0.0006616467436314293,0.9548303291872302
id10372,0.9959489477946061,0.004016605196566357,3.444700882758774e-05
id03061,0.0025053665014453524,0.9974627116183696,3.192188018492365e-05
id27583,0.00017823191016390298,1.891562941515972e-05,0.999802852460421
id22055,0.9998228841198915,3.5998929266916486e-06,0.0001735159871818696
id07920,0.010969556713182496,0.9890031733728104,2.7269914007149683e-05
id16813,0.768245277863924,0.021208024162549435,0.21054669797352663
id03088,0.020981821938769914,0.7090602823420153,0.26995789571921475
id03026,0.0004437374888835389,0.983881834289116,0.01567442822200054
id09934,0.9999638825715744,1.853906889545332e-05,1.757835953012563e-05
id21452,0.9927105540943099,0.0021546042075235375,0.0051348416981665855
id05576,0.0033805954809432953,0.050271454669787455,0.9463479498492693
id22391,0.007553328114583599,0.005546659078651631,0.9869000128067648
id10554,0.9465502857186365,0.05094828013181068,0.002501434149552857
id03291,0.00970584146201048,0.018014535387036325,0.9722796231509533
id23280,0.9732951747721849,0.0003126010997039452,0.02639222412811111
id17777,6.967757088100545e-05,6.598673176944277e-06,0.9999237237559421
id24574,0.9312044116088949,0.03184706902916836,0.03694851936193682
id05459,5.137783932431317e-05,0.9999483493479457,2.7281273001076507e-07
id02724,0.016851418818941477,0.029207125826510416,0.9539414553545482
id27678,0.8672181174354361,0.0628848657989535,0.0698970167656105
id21722,0.00019562300418988934,0.9952229768334482,0.004581400162362044
id18139,0.9349468003952339,0.045641282773687446,0.01941191683107871
id16264,0.0004572866232461351,0.9991061510644733,0.00043656231228054033
id14537,0.9151904335854038,0.0248496996505159,0.05995986676408042
id18814,0.999368338619141,0.0006102072533993106,2.1454127459754653e-05
id08331,0.0010482648376635804,0.9989043011861096,4.743397622672534e-05
id03963,0.9996866269455477,1.0200345600309983e-05,0.0003031727088520821
id07558,0.9994417547545764,5.753168826918621e-06,0.0005524920765966961
id26275,0.7991191487542797,0.0021532854418011157,0.1987275658039192
id26188,0.07902074702290236,0.9189511321546423,0.002028120822455354
id06789,0.0633240031900015,0.7685058650780454,0.16817013173195314
id21788,2.9988890486843536e-05,0.9999686002777095,1.4108318035581451e-06
id13972,0.8237241626088361,0.025405432407446606,0.15087040498371732
id08643,0.999999332944127,3.481537184161852e-07,3.1890215468125077e-07
id09642,0.00034981637529765897,0.9993920453210465,0.0002581383036558152
id14054,0.9882467239029643,9.200382261802748e-05,0.011661272274417715
id12216,0.008566014322706402,0.0003209438600618145,0.9911130418172318
id09211,0.0011688413461460687,0.998583408615737,0.00024775003811705474
id16903,0.00029774425037782325,0.9995911118916632,0.00011114385795900948
id18976,3.86400548199217e-06,0.0020418269769977484,0.9979543090175202
id01861,0.9848993362268745,0.010573228220691082,0.004527435552434414
id22745,0.0020517680231833518,0.997433869458915,0.0005143625179017151
id03560,0.9872262730877893,0.007086520272063639,0.005687206640147084
id17799,0.999869744251123,5.191492257854894e-05,7.834082629851591e-05
id12387,0.012469335729146614,0.1599016526723678,0.8276290115984856
id09450,0.6425520999722021,0.005640239927476765,0.35180766010032116
id18088,0.09387741004321248,0.0028841221701844744,0.903238467786603
id21697,0.9988575213743591,0.0003123350512266546,0.0008301435744143288
id26128,5.200894503311646e-06,0.9999947482341761,5.087132060814124e-08
id27462,0.002397432697428585,7.938489405327108e-05,0.9975231824085182
id19394,0.9999097356253911,8.741165182839547e-05,2.852722780553764e-06
id19929,0.27874011223936584,0.7209303809014083,0.00032950685922591104
id16056,0.18237557772602753,0.23312414700522863,0.5845002752687438
id08756,0.014707617533079066,0.0006656664775655236,0.9846267159893554
id09203,0.002146101120387204,0.9840225706137159,0.01383132826589692
id14098,0.9995196574910008,0.0002948168571660306,0.00018552565183316603
id24641,0.921550855808898,0.06226735234880657,0.01618179184229554
id24507,7.290948622853852e-06,0.9984700741143698,0.0015226349370073536
id20161,0.5413850276528454,0.4560362326541003,0.0025787396930544355
id11710,0.035443856785200054,9.325046499131477e-05,0.9644628927498087
id15751,0.2742070028882503,0.4535326849267785,0.2722603121849712
id06617,0.2915473113325273,0.029556963769415124,0.6788957248980575
id19131,0.9959824399053817,0.002103402640316117,0.0019141574543021377
id02796,0.5037103656029759,0.4550256182272899,0.04126401616973418
id15575,0.05763625050027503,0.9356972072268342,0.006666542272890867
id21828,0.9781870989601824,0.007334754180292018,0.014478146859525599
id15093,0.0015322954648049761,0.997935519343045,0.0005321851921500373
id27867,0.4812581490736589,0.02058787009720039,0.4981539808291407
id19315,0.042822059669808336,0.0007005562659468672,0.9564773840642449
id19398,0.8807423311290465,0.11211785473409396,0.007139814136859467
id01572,0.05765666231795091,0.8896106612880411,0.05273267639400802
id09781,0.9408303308443893,0.0510972831552051,0.008072386000405649
id19278,0.5312995332131455,0.32719839340848433,0.14150207337837017
id11852,0.04237278298042864,0.03104506493502594,0.9265821520845455
id07067,0.0025663283002670635,0.00012417742142097472,0.9973094942783121
id08550,1.5355976796064743e-05,0.9999846379300783,6.0931257132329615e-09
id02634,0.9322274544514145,0.0007315554293244216,0.06704099011926107
id02449,0.9215694923140222,0.005500936697123194,0.07292957098885469
id10359,0.942571134355558,0.017486067177335914,0.039942798467106105
id00217,0.9891363416950816,0.0054041999037336575,0.0054594584011848106
id20848,0.002127890521998291,0.9974811483823465,0.0003909610956553014
id20229,0.8039086000394317,0.1960707799870386,2.0619973529805233e-05
id02211,0.8589183903682941,0.09504815047185053,0.046033459159855336
id08435,0.3414227722209682,0.6335868389595897,0.02499038881944225
id23681,0.005916008956600083,0.0033965206134343156,0.9906874704299656
id00571,0.20222653676297367,0.0001680525258200975,0.7976054107112063
id16280,1.5809019899201547e-08,4.134415543319924e-09,0.9999999800565647
id15022,0.26140335854165525,0.039436402578339996,0.6991602388800048
id08040,0.00044618723292683794,0.0023985566690759245,0.9971552560979973
id18087,0.9207103970925562,0.07720259422994094,0.002087008677502864
id11280,0.9951607549118248,0.004740099580481968,9.914550769327953e-05
id21543,0.7573225947448665,0.19477234842594454,0.04790505682918905
id00245,0.999433115121375,9.904587870401288e-06,0.0005569802907545787
id13745,7.760555295140175e-06,3.350656110836262e-08,0.9999922059381438
id15734,0.971304844077848,0.023160912777243383,0.005534243144908659
id22572,0.008738764476440961,0.9910632218876853,0.00019801363587374093
id12741,0.04910269494933452,2.8289622238765873e-05,0.9508690154284267
id16477,0.3372082149475307,0.6554682005618498,0.007323584490619379
id26261,0.00048675572826005877,3.845439936786091e-05,0.9994747898723721
id15867,0.6233671567606157,0.241598206286765,0.1350346369526193
id10479,0.9798928972165294,0.002224658726941428,0.017882444056529116
id17736,0.00045025402706725445,1.3664353478275215e-05,0.9995360816194545
id17768,8.085315118803484e-05,2.071766673105493e-05,0.9998984291820809
id14172,0.8994451491361424,0.027979328181067162,0.0725755226827904
id01972,0.009089816511251191,0.0007252459609251615,0.9901849375278237
id10962,0.9784106685685185,0.0026329777212752256,0.01895635371020622
id16692,0.6731760193860303,0.07593811630167686,0.2508858643122928
id25471,1.935386314096477e-07,0.9999972260154796,2.580445888916728e-06
id05603,0.0009145882934065289,0.9990726686944045,1.2743012189005694e-05
id15340,0.8103359641432277,0.024307291150673562,0.16535674470609876
id22971,0.612063379335614,0.02848985306927296,0.35944676759511296
id06765,0.00019025834043941253,0.9994756211572076,0.00033412050235308023
id19864,0.9681775370666419,0.00030231512511836136,0.03152014780823976
id15834,0.017026422628488375,0.9755638966950402,0.007409680676471463
id17395,0.017488727828772626,0.01842989860721695,0.9640813735640105
id02585,0.0012822669399076526,0.9915935054806282,0.007124227579464205
id13154,0.9999564859691485,2.213616704404296e-05,2.1377863807440316e-05
id12972,0.23849331066731458,0.2869967525479461,0.4745099367847393
id11103,0.8731441019797999,0.03265476050985617,0.09420113751034401
id26062,0.08054723671472781,0.05300190857006171,0.8664508547152104
id07339,0.9950099816523144,0.001343395216855113,0.0036466231308305056
id06096,0.9999406186824654,4.405604009638899e-05,1.5325277438202054e-05
id22945,0.003865171106779041,0.9960700161018248,6.481279139622443e-05
id10058,0.9746221509050161,0.013686177049530374,0.011691672045453513
id06435,0.9999966121149533,1.857827194393202e-07,3.2021023272996446e-06
id12636,0.015829302990973047,0.003808554451248624,0.9803621425577783
id25423,4.207470029175353e-05,1.0852846959490333e-05,0.9999470724527488
id12990,0.05948431713602945,0.10536788226561188,0.8351478005983587
id24106,0.007204346199130425,0.931276964075449,0.061518689725420544
id14481,4.289128822431446e-05,0.9995958805531231,0.00036122815865257426
id03617,0.08123690096573026,0.0003335097924515748,0.9184295892418182
id26055,0.9984017391057559,8.272299324863465e-07,0.001597433664311667
id23712,0.9855222479977643,0.00041522197184553787,0.014062530030390177
id19441,0.0012936430503928545,0.9986046746000177,0.00010168234958954318
id17042,0.928633662126595,0.07121129751301948,0.00015504036038553511
id09018,0.00012689229551067236,0.9998727884652554,3.1923923400019076e-07
id08879,8.387089372585035e-14,0.9999999999996915,2.24709418369484e-13
id10841,4.0368162907006287e-07,0.9999993231308072,2.731875636776703e-07
id04776,0.024227366858666534,0.975617428663492,0.000155204477841514
id26526,2.168321814687243e-05,0.0009566185529075928,0.9990216982289455
id14181,0.04115438464272617,0.9190406504445395,0.039804964912734296
id18396,0.9791844717204901,0.002237383077460623,0.018578145202049347
id05585,0.19109233486391328,0.7933573428355931,0.015550322300493562
id11546,0.13338649332144886,0.32613443138548176,0.5404790752930694
id08027,0.0006730870871438535,0.9914201154064061,0.007906797506450071
id00659,0.2532841751867548,0.00043246916502602843,0.7462833556482192
id10937,0.006112723116908532,0.9899692316673353,0.003918045215756106
id01898,0.05407502410846379,0.8759723970547266,0.06995257883680964
id23695,4.2989196285794264e-05,4.8709998417624095e-06,0.9999521398038724
id07856,0.14050187654104276,0.704709400705957,0.1547887227530002
id25233,0.9923237880253688,3.5852525729814115e-05,0.007640359448901368
id24052,0.03676202478029923,0.2155254355849028,0.747712539634798
id01698,0.0020373017556172793,0.9979495201442209,1.3178100161893614e-05
id01356,0.0004017838531062516,0.9995941778778028,4.038269090844902e-06
id10430,0.0013162827752927187,0.9985840132286108,9.970399609654828e-05
id04778,0.0023311219722982634,9.700181441202044e-05,0.9975718762132897
id24707,0.0007518183868175036,0.9956323254683188,0.003615856144863672
id04539,0.7839865267585001,0.001436005308494899,0.21457746793300503
id20011,0.9162523527711466,0.015421850867844871,0.0683257963610085
id09950,0.00011705210744080856,0.999882919752662,2.8139897214171625e-08
id14397,0.9715628378292718,0.020532735478267963,0.007904426692460236
id04457,2.1104542310925672e-05,0.9999700494544953,8.846003193745234e-06
id19469,0.189861280526467,0.5173704905785529,0.29276822889498016
id24230,0.04585594663811364,0.046566112374655765,0.9075779409872305
id16719,0.9772949004962384,0.02266378570201291,4.1313801748858786e-05
id20183,1.0095786284664e-05,0.9999898138259828,9.038773262311266e-08
id24531,0.0005184313395257071,2.175338014861869e-06,0.9994793933224595
id04934,0.8992787403696729,0.05202709514496684,0.048694164485360236
id17230,0.02940277586262462,0.004192217285044655,0.9664050068523308
id07561,0.9612206649176878,0.008283915772448636,0.030495419309863665
id12282,0.0019195495675611402,0.9980792251322366,1.2253002022782023e-06
id14992,0.35106721233238086,0.561091682581417,0.08784110508620227
id02934,0.42381663624438554,0.09201184920550072,0.4841715145501137
id00189,0.9999901245673815,9.50852924206149e-06,3.6690337642004375e-07
id27941,0.00015205468306508726,0.9998187150352627,2.9230281672261053e-05
id14642,0.000793741801379925,0.9975018800272901,0.0017043781713300577
id23445,0.7321559809507051,0.057912073684534604,0.2099319453647604
id21603,0.002797008908181651,0.0007418076511372773,0.996461183440681
id21046,4.2983692154958396e-06,0.9995244743569353,0.0004712272738493191
id02264,0.008428536451366243,0.9775115101538172,0.014059953394816603
id00409,0.8229262888209786,0.006506200278812368,0.17056751090020908
id00351,0.6933114738628731,0.029682290984153255,0.2770062351529738
id14362,9.903628934073448e-09,0.9999991960357915,7.940605796773226e-07
id20757,0.8280700278354552,0.08609433389927496,0.0858356382652698
id22764,0.9341898339636239,0.06409461025708259,0.0017155557792935857
id19264,0.031221850913351508,0.006797555903669964,0.9619805931829786
id04506,0.9019647616755428,0.04105787326895281,0.056977365055504416
id18505,0.8537606525829315,0.14616697362134787,7.237379572055643e-05
id27354,0.05896993851753776,0.01589579457467795,0.9251342669077843
id22410,0.997792397524815,0.00012154701496172967,0.0020860554602233276
id14241,3.58749730172918e-06,0.999996319090324,9.341237426737898e-08
id18785,0.10045795610807172,0.8783343347908459,0.02120770910108235
id16649,0.8656547913414716,0.13368054081648076,0.0006646678420476869
id16386,1.0760740213040758e-05,0.9999876854005146,1.5538592723767462e-06
id09051,0.013997922121092876,0.00036068559736889775,0.9856413922815382
id22296,0.9720989807974432,0.026630772802265307,0.001270246400291482
id08584,0.8534008476592739,0.03952935247634425,0.10706979986438185
id22219,0.0007560118575470789,0.0013669438894120904,0.9978770442530408
id18790,3.78487170606987e-08,0.9999999363194635,2.5831819454831574e-08
id10922,0.042590930824432896,0.4818990173224372,0.4755100518531299
id15002,0.7983847988959043,0.00413203180405266,0.19748316930004303
id24862,9.994321216597908e-06,0.9999894092803575,5.963984258674637e-07
id25845,0.5587632415314286,0.36416315568788554,0.07707360278068591
id17586,0.01400423841857498,0.9845605612373058,0.0014352003441191722
id09390,3.055613150180237e-06,4.209166343802242e-09,0.9999969401776835
id20069,0.9901946056999714,0.0018450304348292354,0.007960363865199402
id05953,0.0226582928415251,0.9756153345271568,0.0017263726313181428
id15583,0.00024846599860361485,0.9997505454253087,9.885760876060662e-07
id03482,0.0012265857455376185,0.00018214937054224277,0.9985912648839201
id06243,0.6395429140860308,0.31947967966098967,0.040977406252979534
id01116,0.0005182342079400234,0.007451904427982269,0.9920298613640778
id17530,0.0018199476499780284,0.9918308141252337,0.006349238224788283
id07552,0.012567071511923461,0.00023725040587755557,0.987195678082199
id03131,0.00347490932142903,0.9963890611646501,0.0001360295139209026
id23142,0.0008653237061789948,0.00040793324541122614,0.9987267430484098
id05540,0.9810667458582061,0.01810595993178293,0.0008272942100110939
id06292,0.9767654680306572,0.005518966469346489,0.017715565499996304
id26506,0.7219562758529475,0.20865121034677364,0.0693925138002789
id19068,0.026395997373807503,0.0038848343112881222,0.9697191683149043
id21782,0.0008556021911769435,0.0020691464835572637,0.9970752513252659
id24563,0.006751137860327272,0.9906480551652315,0.002600806974441305
id21986,0.10631288902821416,0.8712004688829182,0.022486642088867453
id04967,0.10752677424934001,0.01337744410065656,0.8790957816500035
id11760,0.06899400782318675,0.030591563059859283,0.900414429116954
id02483,0.9998800634996415,8.275872363904992e-06,0.00011166062799465745
id15791,3.036693322819164e-05,6.492303669295607e-07,0.999968983836405
id14256,0.1466692933385813,0.01421813982158869,0.83911256683983
id18328,0.9305135038343681,0.00401139626125078,0.06547509990438108
id06213,0.00414438177687342,0.944594644709688,0.05126097351343861
id00772,0.8755866140128735,0.11659835669042154,0.007815029296704997
id01113,0.8620425746673346,0.005084736129760546,0.13287268920290488
id03972,0.9488648150130323,0.0509177326073584,0.00021745237960923706
id25386,0.1583290505563474,0.6060511200939287,0.2356198293497239
id09156,0.3372476039381933,0.6457528867586242,0.016999509303182614
id22624,0.9410497106378708,0.03857107869779298,0.020379210664336275
id17789,1.6367253985399194e-05,0.9992988943657342,0.0006847383802804709
id09039,0.004218522785127916,0.9934547745992274,0.0023267026156447513
id20538,0.22788007780731165,8.9324920288586e-06,0.7721109897006596
id05501,0.0008801987997541257,1.134043716288414e-06,0.9991186671565296
id27641,0.9137393715130808,0.0781785270833414,0.008082101403577747
id05965,0.01949956141661923,0.0020052978571482977,0.9784951407262324
id23431,0.28815098025136027,0.6704807471335469,0.041368272615092905
id13075,0.0018270553422963553,0.06220055606210376,0.9359723885955998
id26190,0.12216679821872845,1.1789878226814525e-06,0.8778320227934489
id12196,0.9633058271280149,0.0010129476047718035,0.035681225267213304
id21318,0.000742214293792945,0.9992479403729635,9.845333243534328e-06
id11277,0.17784328046568318,0.6683995380964349,0.1537571814378819
id07193,0.9862422626434482,0.005915366607704229,0.007842370748847595
id17105,0.005766671409624074,0.18648139934152477,0.8077519292488512
id18263,0.9533259089049368,0.0009934434275267162,0.04568064766753644
id22875,0.013042547997223325,0.0009443333244324992,0.9860131186783442
id07157,4.941391849705693e-06,6.709248015347383e-08,0.9999949915156702
id15051,0.5854921742760905,0.009773964490415803,0.4047338612334938
id08871,0.17676259120845433,0.58735405009116,0.23588335870038574
id17036,0.0015756297939908744,0.00729604851179254,0.9911283216942166
id02783,1.5124951559186762e-05,0.011647894819419339,0.9883369802290215
id26418,0.997785787159876,5.844940848335858e-06,0.0022083678992756537
id15748,0.9180500201508751,0.006026405104969509,0.07592357474415533
id00820,0.47988771335022085,0.5066623175751648,0.013449969074614298
id27695,0.014269222919918344,0.9656677606191912,0.020063016460890468
id27286,0.9529567636873194,0.03650491756228253,0.010538318750398123
id11680,0.0006706888176153979,0.0029783631944313997,0.9963509479879532
id01070,0.004458485981494345,0.002644651699301652,0.992896862319204
id18486,0.00027592998432306805,5.605666315492578e-05,0.999668013352522
id12389,0.0003862309981333262,0.9991875853594236,0.00042618364244306664
id12544,0.007234687104505201,0.9918284403892018,0.0009368725062929268
id04692,0.9894205777074976,0.00016374061840291349,0.01041568167409951
id17342,0.9308134319972942,0.002426928454348588,0.06675963954835723
id09640,0.047199541578181355,0.00650137879409052,0.9462990796277282
id24300,0.1792018733083189,0.001312007031241448,0.8194861196604396
id13725,0.8204220921817846,0.03832326341729678,0.1412546444009187
id22633,0.9992483139244429,0.0007516857302277063,3.453294682314768e-10
id16653,0.9648902533946205,0.032819691104854165,0.002290055500525278
id00184,0.9938439693133697,0.0028302256145452762,0.00332580507208503
id23872,0.9989623495413134,0.0004258127029519927,0.0006118377557347223
id05095,0.7524718626370056,0.016425985904411248,0.2311021514585832
id05757,0.23233146131916504,0.009016916302940756,0.7586516223778942
id26883,0.964735868921336,0.017664403040040928,0.01759972803862312
id01868,0.9190592013302147,0.00624025956066925,0.0747005391091161
id13053,0.00019438490867152317,1.3957244428409472e-05,0.9997916578469002
id24443,0.9297232771378731,0.029562658632949983,0.040714064229177
id12795,3.261356344241059e-05,0.9999580127500273,9.37368653028181e-06
id05298,0.016047804251853447,0.00035698414962535206,0.9835952115985211
id07560,0.13106891970560486,0.010743959913437098,0.858187120380958
id10281,0.9353219087378754,0.0004215536583645297,0.06425653760376017
id07254,0.9478928186951925,0.000201965662485748,0.051905215642321804
id00837,0.006489363510642673,0.9862873826948491,0.007223253794508244
id04534,0.10916009569816883,0.31261399173853954,0.5782259125632917
id16716,0.9824282811934517,0.005391432807149261,0.01218028599939898
id04057,0.6900961975607833,0.07401224910845597,0.23589155333076076
id14988,0.6101252378074522,0.004966811424494412,0.38490795076805345
id05353,0.14685962560654192,0.1925343098167425,0.6606060645767157
id21250,0.9033689440127001,0.09549991839528882,0.0011311375920110614
id25963,0.0004362553186692398,0.9949771751750714,0.004586569506259324
id10370,0.000917075846919827,0.125422245256853,0.8736606788962271
id26934,0.8332511348812025,0.05051978380701343,0.1162290813117841
id07649,0.07037005800261689,0.0457083642000248,0.8839215777973584
id21169,0.9467149358956739,0.05004547773257885,0.00323958637174728
id25824,0.9997405418824666,5.7718336430531924e-05,0.0002017397811028242
id01154,0.3054273468423198,0.6598223661073648,0.03475028705031539
id02523,0.53451003021181,0.03662401230274764,0.4288659574854425
id07677,0.9178886558671452,0.007693549752714673,0.07441779438014019
id24447,0.009123406772149026,3.835309610298174e-06,0.9908727579182407
id23036,0.013244447556380969,1.3258688572896073e-05,0.9867422937550462
id05424,0.9006355968369153,0.08229814476396141,0.017066258399123353
id18807,0.0067189384322610905,0.007678734637489407,0.9856023269302495
id05894,2.5881593989963134e-05,0.9881207185561403,0.011853399849869852
id08494,0.11525551657933684,0.35888393744089303,0.5258605459797702
id17181,0.6088089570346855,0.008825398338491618,0.3823656446268229
id24037,0.00019933831264793938,0.9996053279107613,0.0001953337765908495
id22495,0.7667658441989326,0.10829626901523243,0.124937886785835
id21717,0.9332704263948193,0.021920235080857376,0.04480933852432336
id00477,0.15089203025946968,0.786442081945785,0.06266588779474522
id03167,0.002062486665342019,0.0019282748630555407,0.9960092384716024
id08783,0.03007421808909278,0.07949189356498311,0.8904338883459241
id11954,0.9973662255200059,4.303321317471952e-05,0.002590741266819518
id03029,0.9979423577756711,9.401628066705786e-05,0.00196362594366179
id16359,0.7280109590439569,0.07596776902547302,0.1960212719305702
id02984,0.9999570163659154,2.3299926448910235e-05,1.9683707635746052e-05
id24559,0.9875855249182055,0.00850451523259311,0.003909959849201505
id26880,3.531107654042362e-08,1.8963585381073407e-08,0.9999999457253381
id00656,0.12703415000590904,0.0004915357106146472,0.8724743142834763
id07825,2.489183039642848e-06,0.9999881238737995,9.386943160733811e-06
id16525,0.0017732291738920757,0.9970523611412003,0.0011744096849075313
id08849,0.5530085945257824,0.4178179618783476,0.02917344359586984
id09260,0.0008702597416984761,0.9991290762627159,6.639955856831472e-07
id22233,0.9976420055862693,0.000639684411532991,0.001718310002197808
id12191,9.813724682208758e-07,1.4794116720855445e-05,0.9999842245108109
id15505,0.00055993217268936,0.9994368400999655,3.2277273452075904e-06
id15882,0.9177025901134922,0.056550077709613886,0.025747332176893987
id10569,0.38556304643843275,0.005962555833186568,0.6084743977283807
id26059,0.929899813154356,0.06870118943569568,0.0013989974099483462
id13055,0.028043928743636537,0.024331783683211084,0.9476242875731524
id05388,0.9941096429662843,0.004773294260502701,0.0011170627732129664
id25199,0.0008630947929135937,0.9989833783678967,0.00015352683918964447
id11813,0.02225343951359497,0.01944885700583377,0.9582977034805713
id14866,0.15954332931479034,0.0005038556743176789,0.839952815010892
id22247,0.332191820809719,0.010671416228979047,0.6571367629613021
id08196,0.5870445519191942,0.39224711818973956,0.020708329891066298
id27246,0.014643115920649825,0.9651998566941596,0.020157027385190582
id21926,4.880569011818192e-05,0.0006796056246870224,0.9992715886851948
id01930,0.32894764532223614,0.009012352567983157,0.6620400021097808
id26406,0.12287538658954411,0.04671118833079952,0.8304134250796564
id07760,0.01605819234824936,0.973125196243487,0.010816611408263652
id24815,0.05826169007152974,0.004471989271584838,0.9372663206568855
id22063,0.9906622452875986,0.0043384195132191595,0.004999335199182288
id21513,0.052368297645621176,0.8652523209721504,0.08237938138222847
id04006,0.9991172196237643,0.00012361949911529567,0.0007591608771203092
id06177,0.7025410862581958,0.295307230410114,0.0021516833316903242
id24010,0.7507061356745127,0.004254461838112381,0.24503940248737494
id16402,6.01509813167692e-07,4.400445816635233e-08,0.9999993544857287
id23894,0.9193331565873273,0.0806439655546473,2.2877858025429686e-05
id18867,0.8562828160507109,0.013548169661102512,0.1301690142881866
id01691,0.00018349094963822214,0.9997900438465198,2.6465203842000464e-05
id11818,0.014809226507321388,0.9699857505086392,0.015205022984039338
id18481,0.14637881302057995,0.2225923931993176,0.6310287937801025
id20137,0.9944311207638216,0.0035385127232527517,0.0020303665129256855
id14630,0.02507566689988793,0.48396000541725825,0.49096432768285375
id03058,0.4850309547803408,0.10501012799820676,0.4099589172214525
id27857,0.08102488423360728,0.8996073466399042,0.019367769126488556
id19345,0.05557739488724719,0.9296849451923591,0.014737659920393647
id12726,0.03217733883944707,0.01748385571466941,0.9503388054458836
id06015,0.0029634324092779876,0.011684208744328942,0.985352358846393
id26548,0.0407635872159793,0.029848653893478884,0.9293877588905418
id20284,0.0015462740746354365,0.0015866186557473548,0.9968671072696172
id17912,0.21353156275562543,0.04251526052681768,0.7439531767175569
id10287,0.5422562414783904,0.0026651470960470753,0.45507861142556266
id03604,0.0015028522969376833,0.9980433555567998,0.00045379214626252673
id07423,0.004816531353231721,0.0014476622476379607,0.9937358063991304
id01484,0.03928733197446071,0.959978935310198,0.000733732715341333
id16904,0.999977221074048,1.604335503842364e-05,6.7355709135257264e-06
id13187,1.436038569172936e-07,7.703819561894214e-06,0.9999921525765811
id08507,3.9581894626352555e-11,0.9999999999603041,1.1406558684987478e-13
id09599,0.9967913391695187,0.0021745698211837563,0.0010340910092974669
id20460,0.0007045865908208288,0.9978367423038972,0.0014586711052819194
id23743,7.4873324821437e-06,0.999980074333701,1.2438333816944795e-05
id13914,0.00013298854763601228,0.9996113979854907,0.0002556134668733147
id23108,0.9577775212003873,0.02140189614894568,0.02082058265066694
id20111,0.293973743161107,0.7028701130343825,0.0031561438045105378
id00300,7.904029419415307e-07,0.9995062015356126,0.0004930080614453823
id25970,0.5588669263752449,0.10214562195271265,0.3389874516720425
id24588,9.896750859708516e-06,8.570283732701258e-07,0.9999892462207671
id04799,0.37583910541802523,0.048888426233511854,0.5752724683484629
id19685,0.017647063397944255,0.004997089464285343,0.9773558471377704
id00628,5.274753694899991e-05,6.8519211407586845e-06,0.9999404005419102
id10632,0.8415874821776638,0.06336109113420701,0.09505142668812931
id24894,0.00344317649316044,0.9953393382244096,0.0012174852824300981
id06843,0.239535967734807,0.7601487601143571,0.00031527215083595203
id16211,0.9809271000954187,0.01732013493632339,0.0017527649682580082
id10730,0.0007941840408045082,0.999202842875124,2.973084071593014e-06
id06399,0.03381486516605764,0.9654460471822204,0.0007390876517220702
id25138,0.9992480919031089,0.0006358123669799151,0.00011609572991111796
id04372,0.014369648532273634,0.25654576680294694,0.7290845846647794
id01057,0.2495022439531708,0.003546035082236016,0.7469517209645932
id07505,0.5156750793896008,0.4738760196768437,0.0104489009335556
id17331,0.999988407980813,2.85931510552037e-06,8.732704081393745e-06
id11306,0.0406175555836774,0.4377397788714613,0.5216426655448613
id07490,2.1633197815494447e-09,0.9999999936742469,4.162433453309093e-09
id00721,0.0001836421952840276,0.9833972403284685,0.01641911747624748
id07538,0.7142182661532616,0.046946726368168816,0.23883500747856964
id11289,0.0328625206726757,0.0009493254088708775,0.9661881539184535
id25207,0.9999801760523461,1.0514361932521185e-05,9.309585721373896e-06
id03831,0.9999516786862036,3.330491710391614e-05,1.5016396692486392e-05
id05371,0.6858098355518728,0.3050136971080628,0.009176467340064366
id07405,0.003117829953021774,0.9962864056810541,0.0005957643659241805
id25960,0.0011561848069827235,0.998153593296635,0.0006902218963822155
id18497,0.11600222254451151,0.29245345687121505,0.5915443205842734
id24478,0.9922444049157457,0.007242861795515001,0.0005127332887393511
id12431,0.00460130278743321,0.9952619986777558,0.00013669853481101021
id24080,0.45327347089006226,0.0018233338106588865,0.5449031952992789
id11862,0.002962491192176161,0.0002208797806987587,0.9968166290271251
id04798,0.982115896421121,0.0016573410873472539,0.016226762491531734
id22638,0.00013139100782728265,0.9997951433029568,7.34656892158135e-05
id16105,0.0013606531797867017,0.9895818336438674,0.009057513176345828
id05863,0.13101357248405046,0.05254377102424774,0.8164426564917019
id11466,0.999954436930677,1.1880467155447467e-05,3.368260216754646e-05
id06091,0.9630474775517589,0.010537591833289924,0.02641493061495112
id04214,1.1465985610242873e-05,0.9996928200538255,0.00029571396056427674
id21197,0.9601711794787583,0.03139540143513306,0.008433419086108633
id06479,0.12332179720226202,0.0033643284929453206,0.8733138743047927
id21801,0.985182813494057,0.0005483458430220807,0.014268840662920834
id00540,0.9830319748474942,0.016515499133585323,0.00045252601892052863
id07102,0.5905186607942399,0.3954408390053256,0.01404050020043446
id12012,0.001072911088524311,8.669350866431728e-05,0.9988403954028114
id17850,0.26477103738307145,0.00025902621671511806,0.7349699364002135
id12708,0.7619228641516369,0.015491884061592003,0.22258525178677116
id09277,0.38459171566682104,0.03628779965655301,0.579120484676626
id11482,0.0022035220329750713,0.9707858017316426,0.02701067623538234
id15327,0.9202394896859666,0.07960062838849137,0.00015988192554208553
id17561,0.0003481608073515535,0.999604522323818,4.7316868830480345e-05
id21966,0.5122701282411993,0.0175447846766781,0.4701850870821226
id05742,0.9999923156643298,4.120676574764112e-06,3.563659095519394e-06
id21441,0.9867345213617064,0.004548652533333037,0.008716826104960641
id10819,0.0039243245052433965,0.9920297172935405,0.004045958201216108
id00018,0.14623125463872574,0.7932127424193832,0.06055600294189099
id17038,0.897303445733401,0.10072935066824308,0.00196720359835588
id14680,0.0002548151824086012,0.9996944896311454,5.069518644604685e-05
id17760,0.005650827342449402,0.016490416273188258,0.9778587563843624
id14436,0.7348905961204033,0.2409943910385693,0.024115012841027437
id17180,0.0010463958211907943,6.351150166363388e-07,0.9989529690637926
id19132,0.04340776466658895,0.9414300098279038,0.015162225505507287
id17497,0.00010105891077297088,0.9998604548450226,3.848624420439874e-05
id26284,0.11498294494626597,0.005812754704976847,0.8792043003487572
id04340,2.618529166173748e-05,0.9998695533218588,0.00010426138647947903
id06427,0.0016165775282297114,0.9983223865693618,6.103590240848993e-05
id08340,0.8915565051075417,0.10836566715972576,7.782773273238911e-05
id07167,0.0014882237924623966,0.9977828477864088,0.0007289284211288548
id02218,0.8086839238377748,4.0461840014129415e-06,0.19131202997822389
id18406,0.772007344339125,0.2064643617409945,0.021528293919880523
id22134,0.988166383000053,0.006077032651818665,0.005756584348128355
id04983,0.0022663497091294344,2.396679738782609e-05,0.9977096834934828
id17767,0.38652064900211197,0.6085477178875794,0.004931633110308684
id15131,0.0001247375787647577,0.9997474056887158,0.00012785673251944574
id11132,0.9647545445557941,0.008408869397510224,0.026836586046695785
id10054,0.3170754234622975,0.32021939642992636,0.36270518010777614
id03797,0.0006918339904638066,0.006578192434060985,0.9927299735754752
id17143,0.9637764059802842,0.006101836535029174,0.03012175748468664
id19078,8.284158641270212e-06,5.087575802946232e-07,0.9999912070837785
id04919,0.9999444139799851,2.29531482977341e-05,3.2632871717171004e-05
id03272,0.32257440694763323,0.5397898934493114,0.13763569960305544
id15047,0.0019007516715577862,0.005936145375038509,0.9921631029534037
id23727,0.27330508522182495,0.46254353056794284,0.2641513842102322
id07221,0.9452771749158976,0.04233465226426801,0.012388172819834453
id13974,0.0018355066152221542,0.9964905525644324,0.0016739408203455327
id24050,0.923856766974966,0.021029371489071157,0.05511386153596288
id18119,0.9848575366393574,0.002040481975707048,0.013101981384935592
id05205,0.781317281056695,0.1489598703929524,0.06972284855035271
id05233,0.05397795284544037,0.945267962851908,0.0007540843026516854
id23556,0.5988313695552657,0.0035809037419708323,0.39758772670276343
id06323,0.8982930605705369,0.00734217629661165,0.09436476313285151
id27903,0.0015012499475597877,0.03494601479738768,0.9635527352550526
id15164,0.9080914600339215,0.06726571034050166,0.024642829625576915
id14714,0.00042438911016365994,0.9981908223787873,0.0013847885110490595
id11585,1.4731014822497449e-05,0.9999801244110279,5.144574149547661e-06
id09119,0.7718059185304053,0.10941397868538237,0.1187801027842124
id03135,0.8395076967061612,0.11312032154339198,0.04737198175044671
id23385,0.9002405604821823,0.02083178380031243,0.0789276557175053
id18219,0.8611481223564799,0.006449102571533599,0.13240277507198653
id17596,0.007311628008712096,0.9926813689497456,7.003041542361777e-06
id12235,0.03818723061356801,0.0036806608136913436,0.9581321085727407
id15394,0.994819549566413,0.0003326393769475699,0.004847811056639395
id07727,0.9698533320051951,0.00342923044127446,0.02671743755353054
id02748,0.9969771157482664,0.002864359843329173,0.00015852440840440925
id14913,0.0008747515052176747,9.765750263307664e-05,0.9990275909921492
id05257,0.1258588895289515,0.0012097204008116173,0.872931390070237
id23759,0.005509147939248971,0.06882962230780824,0.9256612297529428
id08726,0.9363697570652009,0.06315054581472357,0.00047969712007558203
id24493,0.9901605689892911,0.008494599748054077,0.001344831262654873
id19945,0.007579823424792157,0.9920662435072181,0.0003539330679897861
id27893,0.9624330183132431,0.0008042563878815164,0.036762725298875414
id04975,0.012936479286343073,0.0008976976070510477,0.9861658231066058
id14722,0.7227021688866019,0.24347738844939493,0.033820442664003234
id10320,0.001246713812004716,0.9606048565258716,0.03814842966212379
id09619,3.090626080576085e-05,0.9982089679500336,0.0017601257891607378
id07480,0.36037442139416614,0.5768590887195202,0.06276648988631373
id00342,0.01839686369925163,0.880872903479158,0.10073023282159044
id08611,0.9201465584640023,0.05056725765185976,0.029286183884137958
id24284,0.047697678203033694,5.5975272110248964e-05,0.9522463465248561
id20491,0.030407269687536116,0.8069489025891988,0.162643827723265
id18337,9.4579505776812e-05,0.00017490546135222055,0.9997305150328709
id04781,0.9902364676189902,0.0004488927546955613,0.009314639626314302
id11067,0.9612678373209823,0.006552207026584921,0.03217995565243276
id19402,0.9702144166469947,0.022482774785262682,0.00730280856774265
id20009,0.0026121593099239044,0.0026112848404565726,0.9947765558496195
id08535,0.002995795564842103,0.019978507390295344,0.9770256970448626
id07495,0.05931918518103916,3.694289451938007e-05,0.9406438719244414
id06262,0.003636859600316434,0.0004234409790101982,0.9959396994206734
id10898,0.6536242310048318,0.22894456059382842,0.1174312084013398
id17778,0.0014760838800998515,0.9983575528101648,0.00016636330973529074
id07210,0.050151279140953256,0.9240882335708288,0.025760487288217886
id04367,0.01663735130352479,0.8961359301771042,0.08722671851937093
id27713,0.31129056986782594,0.0030836499202572484,0.6856257802119169
id15428,0.12289777251550686,0.8566196652414884,0.02048256224300465
id25427,0.4901141475996927,0.09330925072449932,0.41657660167580796
id09789,0.8645684603204464,0.0005837577382949373,0.13484778194125874
id07658,0.9994312065615869,0.0005121076435769899,5.668579483606863e-05
id25453,0.019156753873167825,0.8331032955176506,0.14773995060918155
id24495,0.9970611768788445,0.002132694346462417,0.0008061287746930112
id03270,0.0010161599670113384,0.991142540369475,0.007841299663513632
id11879,0.36816962771826545,0.6249102792321344,0.006920093049600157
id24356,0.12755379259736943,0.007273335973049662,0.8651728714295809
id22256,0.032712063091208304,0.025545311061678226,0.9417426258471134
id06050,0.035193812957991316,0.9639018165875247,0.0009043704544839958
id09555,0.9594873168846035,0.0001235958448212534,0.04038908727057522
id23772,5.9215582880159425e-06,0.9999931674872862,9.109544257821542e-07
id21930,0.050692693391647545,0.028229376023092383,0.9210779305852601
id00823,0.00046547719970943454,0.9565725181778022,0.042962004622488364
id23666,0.0007393853433302655,0.9991748888253823,8.572583128743492e-05
id08118,1.256253520062755e-06,0.00010372632083428912,0.9998950174256457
id21388,4.585400387422034e-05,0.9926804469378788,0.0072736990582469825
id23312,0.9403656131358649,0.008213287930833337,0.05142109893330183
id08545,0.00937624643375262,0.9859182361125246,0.004705517453722805
id20351,0.3552816228898514,0.13602741431705678,0.5086909627930918
id13536,0.3161743707345738,0.03532958488679983,0.6484960443786264
id27742,0.0026580915409919127,0.9973162729170927,2.563554191536356e-05
id13343,0.0035681460737052822,0.00035278877969738894,0.9960790651465974
id11987,0.009379468353468184,0.9567602988725894,0.03386023277394242
id08921,0.11275571353466263,0.011203923872514518,0.8760403625928228
id09972,0.0034005608726743308,0.9965807247871903,1.8714340135320402e-05
id26173,0.9964832068932148,1.2530705454570111e-05,0.0035042624013306763
id07917,0.35042273269458435,0.3606012213371751,0.2889760459682406
id01383,0.9949829522683751,0.002518831741478997,0.0024982159901459707
id26699,0.2214076933605106,0.7580303498357044,0.020561956803785083
id11058,0.016352070283517168,0.0002985694124088464,0.983349360304074
id20425,3.0103777884996867e-05,0.9993043546035791,0.000665541618535933
id20238,0.0011382093038416064,0.9866760030753035,0.012185787620855043
id21348,0.5528932093311656,0.3509933797585443,0.09611341091029005
id09552,0.1939168781446439,0.008566975619901262,0.7975161462354549
id25075,0.553802118746903,0.33893442107878097,0.10726346017431614
id17749,0.013640971599835053,0.0006161910248164584,0.9857428373753485
id18910,0.2744719770779029,0.0007864776325700306,0.7247415452895271
id13534,2.2093588353529318e-05,0.9999647599327617,1.3146478884825304e-05
id22205,0.04190047099010602,0.9384822930013031,0.01961723600859093
id23896,0.9840244841602346,0.0010921565377170637,0.014883359302048293
id23616,0.3644142134686324,0.0033803907490442086,0.6322053957823234
id03537,0.6450547755846217,0.21144859733190616,0.1434966270834722
id18147,0.25703661791762306,0.7264734824296541,0.01648989965272269
id25408,0.9999787782249763,1.0345001649985351e-05,1.0876773373750325e-05
id09997,0.1541729234073061,0.0003451317649441239,0.8454819448277499
id23357,0.009016075297228894,0.0017920183970856472,0.9891919063056854
id21880,0.793900232860774,0.014093622412796561,0.19200614472642943
id21633,0.00015989914115621353,0.9997630624525419,7.703840630195877e-05
id15976,0.0019270142338338595,0.02057344808969018,0.9774995376764759
id20266,0.0004133374442511322,0.0038668146194395497,0.9957198479363094
id26726,0.6374565750900636,0.3241635145190414,0.038379910390895056
id02958,0.8005429426613622,0.1678038558797856,0.031653201458852184
id25211,0.7110405232643858,0.018580343787327574,0.2703791329482866
id24314,0.999668772028684,0.00033099799700130804,2.2997431473333102e-07
id21475,0.00022753899430190034,1.2402378616378806e-05,0.9997600586270817
id22733,0.004114964973370348,0.9954077287101681,0.00047730631646150033
id14297,1.9652770211149835e-06,0.9999543491112602,4.3685611718724326e-05
id27627,0.013706357610736181,0.9862073301738526,8.631221541119009e-05
id03580,0.0031181133308781864,0.9968704467962525,1.1439872869388793e-05
id08858,0.0012605938147234735,0.007408778697689175,0.9913306274875874
id22512,1.7805616631350877e-06,0.9999977689043982,4.5053393868312195e-07
id05634,0.04080629508801776,0.017376913959926632,0.9418167909520556
id00105,0.00010002770795148317,0.0004019720929501735,0.9994980001990983
id26635,0.9529831844058237,0.035254038038050946,0.011762777556125313
id19324,0.007893988646029712,4.390398813384095e-05,0.9920621073658366
id00210,0.8194803713973622,0.10929000040023717,0.07122962820240072
id06809,0.7632740046015573,0.00711459355521107,0.2296114018432318
id04074,4.677401838753705e-05,0.9995146901695433,0.0004385358120692595
id27010,0.2967327371732986,0.35941177295567134,0.3438554898710301
id00699,0.002015370979839281,0.0006252550604067831,0.9973593739597539
id18549,0.1968605425243539,0.2844135560523647,0.5187259014232815
id14089,0.8213783816922191,0.168675843277652,0.009945775030128732
id19792,2.6652427306599967e-05,0.9999681613393773,5.186233316142861e-06
id19935,0.0001568208453956216,0.0007577423691550112,0.9990854367854494
id22960,0.0003374335958069102,0.037236553629553165,0.9624260127746399
id02471,6.261718125776202e-06,1.0752891038421976e-07,0.9999936307529639
id07896,0.002447020506035636,0.000356863451277578,0.9971961160426868
id20033,0.9769025412213757,0.010174248458448911,0.012923210320175477
id15018,0.9991292815389301,8.366743745517358e-05,0.0007870510236147566
id19528,0.9725536432620561,0.005825340987671878,0.0216210157502721
id21621,0.3346431346116916,0.029184596926008177,0.6361722684623002
id14328,0.014342328227058346,0.8391690707286011,0.14648860104434053
id19524,0.9989504178780569,0.00013319215637526253,0.0009163899655677503
id00219,0.9999993486741289,3.051242066661083e-07,3.462016645506222e-07
id23229,0.018160115500102866,1.4075506026171821e-05,0.981825808993871
id14357,0.9081900386836007,0.045370228950996364,0.04643973236540285
id21829,0.0720131899474641,0.048388333920039536,0.8795984761324963
id02137,0.6744553069680826,0.26281975629014265,0.06272493674177478
id23524,0.43387582774865474,0.010097609492885472,0.5560265627584599
id12022,0.9996719902142194,0.0001314504491679484,0.00019655933661266034
id05255,0.9405501111896121,0.04978299533537603,0.009666893475011963
id14605,0.9595657360653687,0.003272250793435286,0.037162013141196146
id15329,0.06825898985190788,0.04027872398062097,0.8914622861674711
id06046,0.39243789934617257,0.014666782323146683,0.5928953183306808
id16548,0.004940037692170877,0.001649549995765364,0.9934104123120638
id23369,0.005946092076184214,0.007279779162846389,0.9867741287609695
id17824,0.9410822934759268,0.0016410873351514169,0.05727661918892184
id17243,0.003870605336865945,0.00012063788440254347,0.9960087567787315
id13185,1.506005103652962e-06,0.9999984908480408,3.1468555591553056e-09
id27091,0.8803564051689892,0.09781027868805214,0.02183331614295868
id21817,0.05090561198194731,0.002227303083621439,0.9468670849344313
id21912,0.9681353534118288,0.026019100328726383,0.005845546259444885
id24163,0.02821958946613443,0.07100677568502381,0.9007736348488419
id12484,0.00021973063994331813,0.00016316405893246265,0.9996171053011242
id15799,0.8087295200177372,0.1796269938160199,0.011643486166242873
id22315,0.042799341146036896,0.9559875363218288,0.0012131225321343625
id02608,0.00015267802591099143,0.998509754134255,0.001337567839833979
id10057,0.9995360431544449,0.00013661092143290077,0.0003273459241221632
id01709,0.9879614630439364,0.0005603253905757274,0.011478211565487841
id11153,0.0006778077088152821,0.9992119194388359,0.00011027285234877177
id25154,0.16695322254628633,0.7913543030692174,0.0416924743844964
id18207,0.007759686239658525,0.990589420651103,0.0016508931092384534
id03370,0.0015593555574948323,0.9982843030763258,0.00015634136617932417
id26760,0.8683701123842392,0.0658758436920436,0.06575404392371716
id15099,0.9562746008980874,0.005721234479288986,0.03800416462262373
id16341,0.005752642307732098,0.005267034366236543,0.9889803233260314
id15572,0.6422973983275567,0.12078931357273777,0.23691328809970547
id24901,0.9999914398970228,2.145982187263488e-06,6.4141207899548925e-06
id04528,0.9770102122172807,0.011339083803753388,0.011650703978965973
id26507,5.943302152908553e-05,1.431777344189104e-06,0.9999391352011268
id26687,0.8096464760991504,0.025865003003277758,0.16448852089757185
id27819,0.054227884969810826,0.004511568225971474,0.9412605468042178
id17610,0.0008603572757651744,0.9990953007023832,4.434202185174779e-05
id03373,0.3907334472137642,0.5803034359459681,0.028963116840267786
id05881,0.08631788263095444,0.0021715964112278253,0.9115105209578177
id15875,0.011284594615362624,0.012321221449343273,0.9763941839352941
id18400,0.9126125099203812,0.05704754105568098,0.030339949023937832
id23596,0.00028015835578464445,0.001052409611974399,0.998667432032241
id07006,0.000212322264178809,0.999767559399345,2.0118336476234156e-05
id25134,0.00023960950993261632,0.9997475135067272,1.2876983340160408e-05
id17393,0.999769750623205,1.87720861763489e-05,0.00021147729061873083
id20155,0.007361486552836134,0.9926021528265072,3.6360620656685007e-05
id09536,0.006014207020949379,0.9897482501431509,0.004237542835899764
id09155,0.005562792511598942,0.9943501790906552,8.702839774590157e-05
id26482,0.9996464535730097,7.639504685696625e-05,0.0002771513801332819
id17001,0.04518629835641874,0.8515070488347679,0.10330665280881333
id08134,0.834187424945297,0.0024499271108196674,0.1633626479438834
id10174,0.8542119021756983,0.11729923878464482,0.028488859039656974
id04760,0.4855785618553689,0.0525195218875186,0.4619019162571125
id04941,0.996021387119313,0.0038542540918085114,0.00012435878887855602
id01339,0.9134325204181752,0.07602449819847112,0.010542981383353633
id24710,0.2628581402083825,0.1041232736599611,0.6330185861316564
id20408,0.7569263374658223,0.15781278135358617,0.08526088118059155
id04028,0.01359347739965492,0.5038011073085282,0.4826054152918169
id07153,0.3668843746990179,0.008112113980799612,0.6250035113201825
id20098,0.022408140575049022,0.9687424262965831,0.008849433128367853
id24146,0.048084216245165325,0.018198805345469988,0.9337169784093647
id06276,0.9794545106463757,0.017858066410817795,0.002687422942806611
id18978,0.3310398687890668,0.5810572698689789,0.08790286134195435
id04247,0.9685008776794181,0.006514131791746083,0.02498499052883588
id02020,0.0010506383548757883,0.9987153475365879,0.00023401410853633316
id14299,0.0017171657230913876,8.795089758024084e-05,0.9981948833793284
id27255,0.3868865670327464,0.5263219509445892,0.08679148202266442
id05751,0.0029815728287296253,0.004024956997442503,0.9929934701738279
id09428,0.9999636977859302,2.1192631508969405e-05,1.5109582560900528e-05
id06941,0.9518613841471445,0.04808555945896553,5.305639388997697e-05
id25678,0.0002531247838587433,1.5325990613093643e-05,0.9997315492255282
id27425,0.998360330674684,0.0009227485982579282,0.0007169207270580516
id12619,0.0032438870667098646,0.9962052453478228,0.0005508675854673177
id00530,0.00014959521130327526,1.5864943238117427e-05,0.9998345398454586
id14683,0.9941492520555184,0.005793665190476637,5.708275400496616e-05
id14618,6.209379504095507e-05,0.9995798711705384,0.000358035034420702
id07599,0.9969055482978435,0.0004254322292524819,0.002669019472904015
id02786,0.9974825159407251,0.0007540183680336887,0.0017634656912411885
id21563,0.8227403757563017,0.02842326928232702,0.14883635496137138
id26412,0.008405871132262654,0.00014863823897794145,0.9914454906287594
id18320,0.08956241586396087,0.873123119318646,0.03731446481739323
id02043,0.45032240719264516,0.08744534346551962,0.4622322493418353
id03179,0.5036067411261277,0.3773032102529192,0.11909004862095326
id17256,0.150833661982149,0.8475356803741207,0.0016306576437302414
id07435,0.0011263944892716197,0.0017467943652558573,0.9971268111454725
id17659,0.8004574534718487,0.10177947100929087,0.09776307551886046
id06828,0.015372473435583178,0.9838040766439836,0.0008234499204331136
id18636,0.0005556393451161055,9.44883849013493e-05,0.9993498722699825
id05216,0.9717666300246736,2.5920543622647507e-06,0.028230777920964272
id23156,0.637017588671129,0.05032567898107087,0.3126567323478001
id23861,0.9981337536710366,0.0011993220276786244,0.0006669243012847642
id21416,0.4845711076424755,0.0003604407559802413,0.5150684516015442
id02763,0.8120071554650329,0.053917896973514845,0.13407494756145233
id12625,8.663031065883012e-05,7.773434145083578e-05,0.9998356353478903
id08033,0.04603312737064806,0.0011012110873737566,0.9528656615419782
id24105,0.6059360589805337,0.284351598934106,0.10971234208536018
id09295,0.9999192655028366,5.271374044699118e-06,7.546312311871792e-05
id22062,0.3967946790396629,0.5730795117089019,0.03012580925143526
id21044,0.9999283902090929,3.2212825146877586e-05,3.939696576022672e-05
id17419,0.6711119860703991,0.0390783124014999,0.28980970152810104
id10969,0.9928562179032853,0.004110761444770934,0.003033020651943813
id23066,0.03857064619843704,0.28145162879049784,0.6799777250110651
id25667,0.9376777972589023,0.001255164298561407,0.061067038442536255
id14534,0.9874853456362955,0.0033376956784794466,0.009176958685225127
id26645,0.010082406395415945,0.9721811643130779,0.01773642929150617
id03965,0.0007134140045150084,0.00019506656266231556,0.9990915194328227
id25956,0.9775051370373944,0.021135547427391467,0.0013593155352141996
id23707,0.9969686493549719,0.001862425339712047,0.0011689253053160547
id18026,0.7099137206561118,0.01209110819523684,0.2779951711486513
id10767,2.1437692139221718e-05,0.9999669678956054,1.1594412255432607e-05
id18802,0.7501783832118899,0.24767058907213654,0.0021510277159736326
id02940,0.006979560169523213,0.9860217658768055,0.0069986739536713844
id13403,0.9979677887317796,0.0019563274980800662,7.58837701403487e-05
id10201,2.0542385828585117e-06,0.9999978795462583,6.621515883948488e-08
id15333,0.009896036216837576,0.002235136533037537,0.9878688272501249
id25619,0.005553394129520083,0.0023385899551077644,0.9921080159153722
id18506,0.0030087111239375736,0.9968154999339541,0.00017578894210844748
id09835,0.0020997946643266747,0.9976601813439883,0.0002400239916850634
id14828,0.9961483245642736,0.0032539524214179835,0.0005977230143083599
id26816,1.835917013428597e-05,0.9994139641177165,0.0005676767121491765
id26134,0.4790022244694944,0.5205845953694203,0.0004131801610854293
id25064,0.8449734248550381,0.0007083227251526894,0.1543182524198093
id14254,0.5516438518834296,0.14254615449381086,0.3058099936227597
id09352,0.04820904878289812,0.5598093377725112,0.39198161344459076
id21495,0.9941703704208954,0.0024745246733234804,0.003355104905781254
id15349,0.0001501670672878959,0.00026546359301568654,0.9995843693396964
id06759,0.002532513774399929,0.9898511026754938,0.007616383550106298
id20876,0.7505121337644758,0.00805168291456264,0.24143618332096167
id14644,0.8782505665154839,0.06117326063875067,0.06057617284576539
id16927,0.00024205959582335556,0.006975330640063907,0.9927826097641128
id00417,0.02337273594700528,0.9031852039161636,0.07344206013683106
id18892,0.15591266572217663,0.024001601129433708,0.8200857331483897
id17500,0.0007761083922967053,0.9992113611610371,1.2530446666209526e-05
id17676,0.011126395160752742,0.9794989021996129,0.009374702639634325
id03378,0.9999999998114388,1.7072909632672004e-10,1.7832115071024352e-11
id26891,0.6430850698307295,0.007012279618278838,0.3499026505509917
id15609,0.9735900834519859,0.02634205579044338,6.786075757067685e-05
id11270,0.8326369311558839,0.05629582222278772,0.11106724662132841
id01141,0.003695067193189058,0.0002571171206062871,0.9960478156862047
id18738,0.4473549548515601,0.0003989503777676269,0.5522460947706723
id23964,0.0011920831382846843,0.036863556486907915,0.9619443603748074
id08032,0.5713576066421812,0.0018665451430483879,0.4267758482147705
id10410,0.09259470106953605,0.15865374389491047,0.7487515550355535
id15738,0.8530241335918783,0.1438400270360937,0.0031358393720280382
id22293,0.13340515359404295,7.08836365160967e-05,0.866523962769441
id23174,0.6625766010437256,0.2827519636618199,0.054671435294454396
id13041,3.5176352223438096e-05,0.9993090853775186,0.00065573827025801
id18377,0.041049213799144994,0.07755901471438324,0.8813917714864719
id24269,0.02488305026853301,0.9632570021308148,0.011859947600652237
id19445,0.06250361185768863,0.9364343381316492,0.001062050010662206
id16449,0.02178112218485252,0.9652511048740935,0.012967772941054029
id11857,0.000788855584135031,0.025717914591048174,0.9734932298248168
id14929,0.08445694378467652,0.8436905112615646,0.07185254495375896
id16029,0.10203526488605667,0.048832916321596406,0.849131818792347
id09091,0.999717403362658,2.3671684711044534e-05,0.0002589249526309394
id14431,0.05396524419112995,0.9357160217061326,0.010318734102737554
id15857,0.3964510090755811,0.3719875436707923,0.23156144725362665
id26177,0.011872711574618666,0.003388143931581648,0.9847391444937997
id07001,0.005317113997167465,0.12361402506425923,0.8710688609385733
id00626,0.4608707880295324,0.0008980862050206251,0.538231125765447
id25160,0.5749514894458944,0.08179697751783743,0.3432515330362682
id21474,4.099115751289065e-05,3.331573143038209e-06,0.9999556772693441
id03155,0.9999999998762618,1.1906354630785583e-10,4.674690753545727e-12
id11858,2.593533019650331e-05,2.1514399478116522e-07,0.9999738495258088
id12413,9.970825945473595e-06,0.9999899769843266,5.218972802151534e-08
id25656,3.1495660190372347e-06,0.999996434610023,4.1582395803963334e-07
id24322,0.8435371513134209,0.06220743573557384,0.0942554129510053
id20603,0.9253590083255535,0.06020645342895695,0.014434538245489565
id06878,0.9998911106330036,8.357821516350132e-05,2.5311151832870426e-05
id03535,0.9319906693035279,0.06675781819341722,0.0012515125030549436
id11831,0.9799319647895375,2.7409670094718094e-06,0.020065294243453102
id24685,0.9766766286510076,0.02248901514048553,0.0008343562085069656
id10426,0.047570894688677506,0.08568650067700173,0.8667426046343207
id09024,0.00048045329955210257,0.9995194159532591,1.307471887261173e-07
id09728,0.21350272821825592,0.00043133835247168907,0.7860659334292724
id01065,0.0001388799262176455,0.9998380366153079,2.3083458474419632e-05
id14005,0.9979308564193301,0.0016053904778918562,0.000463753102778051
id18534,0.00018672568474493737,0.018321470690663408,0.9814918036245917
id19862,0.1416835479919886,0.56267993014055,0.29563652186746153
id14707,0.9999020255590968,8.971716605010213e-05,8.257274853160147e-06
id02248,0.004267148814367808,0.9868861893289109,0.00884666185672131
id20494,0.08413132632779097,0.013808856028158218,0.9020598176440509
id27072,0.9891910184531207,0.010804107711657128,4.873835222223159e-06
id20587,0.164211122928494,0.561777603800391,0.274011273271115
id24134,0.008291082113427552,0.004337040133513542,0.987371877753059
id22696,0.26754168070219414,0.006580294614622468,0.7258780246831835
id23757,0.9723290295190101,0.007608935043877374,0.020062035437112595
id18828,0.999235863964675,0.0007068643155591809,5.727171976581939e-05
id14040,0.013301680111123964,0.0004062651833473269,0.9862920547055287
id09385,0.9258788721807488,0.01507519639036907,0.05904593142888219
id16005,0.0015630159288013332,0.9974296137950622,0.0010073702761363864
id12467,0.43969120143693785,0.05403725523854359,0.5062715433245185
id16209,0.8725127734077359,0.06424923091051146,0.06323799568175266
id01621,0.0003987176926100774,0.9995960382803469,5.244027042962213e-06
id18081,0.1673756585585,0.004495304587441775,0.8281290368540583
id06667,0.019262813407394087,0.0015951528841519395,0.979142033708454
id07436,0.0002946679615888866,1.0028431845213926e-05,0.999695303606566
id19498,0.018580413747706036,0.9803951223256595,0.0010244639266344612
id12123,0.9861801804023629,0.013188691193718556,0.0006311284039184998
id17082,0.9041427957619463,0.02860543158336689,0.06725177265468672
id00313,0.023893097246201346,0.9680160876120785,0.008090815141720168
id14281,0.11623196199184725,0.028464378955317258,0.8553036590528356
id14755,0.7624387695052168,0.00039990985291708656,0.23716132064186615
id17484,0.8643924154335996,0.1205164417071654,0.015091142859235095
id00111,2.3991835037251984e-08,0.9999998052069083,1.7080125657585807e-07
id16542,0.10150922449365542,0.05603243915227766,0.8424583363540669
id00458,0.9227287888056207,0.010954667578206194,0.06631654361617315
id07682,0.021235505987450866,0.9722859094930217,0.006478584519527382
id02041,0.008016631435768994,0.981586226048077,0.010397142516153948
id26070,0.13941236988518385,0.004683356609728024,0.8559042735050881
id05271,0.9927602017765375,0.004981028374567546,0.002258769848895049
id18107,0.9974247652895738,0.0021921177428852775,0.00038311696754090376
id01170,0.02111260868830958,0.06587606280708933,0.9130113285046011
id23464,0.08947075551862846,0.8613024320475845,0.04922681243378705
id03879,0.3447287965863718,0.204903181471699,0.45036802194192926
id22473,0.000131749015538708,0.9960248448913839,0.0038434060930774335
id20937,0.856794982586559,0.12132785511682007,0.021877162296620976
id16239,0.28622490847165855,0.6974979100469855,0.016277181481355932
id02348,0.9980885949220043,0.0004775884807028823,0.001433816597292783
id19796,0.9999999843112619,4.272849166417031e-09,1.141588897974024e-08
id06531,0.008744293548604686,4.4797795421955656e-05,0.9912109086559734
id02641,0.0220415975490572,0.9753462977506,0.002612104700342762
id01332,0.4465368191257056,0.001993615441004626,0.5514695654332897
id24038,0.004551689485563406,0.9728991275267946,0.022549182987641966
id23699,0.9850542913386072,0.011638941405037517,0.00330676725635526
id07294,0.9386415082539352,0.06074373977384102,0.0006147519722237555
id00319,0.9189030231995455,0.08025332517923844,0.0008436516212160558
id05699,0.97661258287532,0.02240634681785995,0.000981070306820068
id18863,0.9795328721109036,0.011132024271000874,0.009335103618095551
id07745,0.38054393331330966,0.0037429967703452617,0.615713069916345
id02157,0.00017998107251974207,0.9967960833446271,0.0030239355828532402
id00525,0.15106003467439802,0.2518626160917769,0.597077349233825
id14740,0.76807508723187,0.005400208973361186,0.22652470379476888
id01420,9.261527799479421e-06,0.999990664345683,7.412651762684841e-08
id17725,0.9999774996331867,2.2469753533674912e-05,3.061327966169125e-08
id07807,0.016168939528146097,0.9510330228481886,0.03279803762366532
id11676,0.000853490314391989,0.9971576683716995,0.001988841313908517
id06720,0.014443174542899638,0.00014995977770550006,0.9854068656793948
id08048,0.00038868487952379714,0.008029419985065284,0.991581895135411
id04185,0.14435449049051563,0.0018146812310338716,0.8538308282784505
id02077,0.971629783399149,0.0019975695644902525,0.026372647036360778
id12968,1.032695781561974e-05,0.0011867790423295194,0.9988028939998549
id01945,0.9275222504510564,0.06197660357339367,0.010501145975549925
id06446,0.6576425468673539,0.33888684778332784,0.0034706053493182504
id01072,0.9487795831815047,0.04400847960947738,0.007211937209018014
id15124,0.837813527017094,0.04338510295346721,0.11880137002943875
id14173,0.0001417087762804042,0.9997886210583568,6.967016536283576e-05
id27559,0.0016871949417181901,3.560420506679531e-05,0.998277200853215
id13722,0.8509064667757947,0.05609397193986676,0.0929995612843386
id09310,0.8456497013318212,0.13004576075422491,0.024304537913953962
id23024,0.9998580101889912,9.05500149165955e-05,5.1439796092195305e-05
id24332,0.05584143559614306,0.9406205578416229,0.003538006562234074
id07699,0.39210936190858126,0.2255065432572014,0.3823840948342174
id06837,0.34796437798785246,0.6282542039489919,0.023781418063155608
id07279,0.9953065227513599,0.0005538716952565139,0.004139605553383554
id16451,0.061315192546476174,0.007997957005436629,0.9306868504480872
id17588,0.0011565111738828452,0.9212066774383632,0.0776368113877541
id07018,0.9656314569394057,1.8534923752633728e-05,0.034350008136841755
id12994,0.08928388902122734,0.8984982814044401,0.012217829574332673
id03703,0.950138569667134,0.006571414415959231,0.04329001591690686
id01753,0.7936371516848074,0.012335247908675524,0.194027600406517
id02866,0.003156796404759616,0.002733344269023262,0.9941098593262171
id21884,2.5252340084504185e-13,0.9999999999979083,1.8390697105155036e-12
id27543,0.16993495368750172,0.00010394603881183382,0.8299611002736865
id22149,0.003753332543909749,0.40014782766077345,0.5960988397953169
id14595,0.7713962577846656,0.22358699293014242,0.005016749285192101
id12383,0.26535569201459813,0.7320677281073711,0.0025765798780308068
id27714,0.9249508491030725,0.07428790014598823,0.00076125075093939
id17634,0.8719185048240963,0.10580544602849641,0.022276049147407332
id15906,5.882961537744541e-05,1.0961251903819542e-07,0.9999410607721035
id09047,0.004641207490112495,0.00013358711818774812,0.9952252053916998
id02059,0.660056461085685,0.022460096045433624,0.31748344286888125
id19107,0.9993949100887674,0.0002591644030529709,0.0003459255081797193
id02385,0.4474113041541448,0.0009254437454855554,0.5516632521003697
id21312,0.9856934772691315,0.014074803015123477,0.000231719715745132
id02215,0.006024720484551039,0.9933139140499609,0.0006613654654879827
id08928,0.6911381780149024,0.12410002085554282,0.18476180112955481
id07099,0.9995380653393885,0.0004175752911885472,4.435936942287827e-05
id01935,0.7431444497850327,0.17837048856852647,0.07848506164644087
id24757,0.031352556457415394,0.9661834811256398,0.002463962416944773
id01848,0.03284680041152202,0.00663688790041874,0.9605163116880593
id06224,0.9999426697062994,3.694978790116239e-05,2.0380505799457756e-05
id15539,0.0038262370264399376,0.8771061321427728,0.11906763083078734
id22907,0.005478681865456601,0.992843524314904,0.0016777938196393697
id12713,0.9990795227241328,0.0007447307274198458,0.00017574654844736406
id15521,0.04134166201098274,0.04311157126749279,0.9155467667215245
id25539,0.5875862380588408,0.02528433078872136,0.38712943115243786
id23370,0.0034359680786805813,0.01156653636678154,0.9849974955545379
id15868,0.9622409908201855,0.01391356288641089,0.02384544629340355
id17808,0.0019332286072609366,0.006377576704909568,0.9916891946878296
id08241,0.32706688761687225,0.6242501748798883,0.04868293750323952
id27284,0.9200663163209096,0.07673949503933343,0.0031941886397569915
id20707,0.9936683383378361,0.005086268331736718,0.001245393330427215
id03823,0.0004669218075123167,0.9992453114515065,0.0002877667409811494
id00463,0.02109930568618609,0.8214255443972232,0.15747514991659076
id07241,0.9772938742260016,0.021800453749014365,0.0009056720249840045
id05702,6.059317341887924e-06,0.9999938573899388,8.3292719351738e-08
id18973,0.9694036869306144,0.005934570375602538,0.024661742693783077
id18662,0.6871916082717778,0.0739272050452835,0.2388811866829387
id06448,0.0004171356462981321,0.02730672828214767,0.9722761360715542
id21002,3.2028811256907917e-06,0.998979047354278,0.0010177497645963741
id08753,0.9999100218522895,8.009393603464669e-05,9.884211675847219e-06
id27832,0.062443558850136124,0.9131248031759026,0.024431637973961317
id11341,0.2883489423622115,0.7054967123386258,0.006154345299162722
id11426,0.02450857368263659,0.10941434306850387,0.8660770832488596
id15388,0.04043695997714516,0.001192134620036269,0.9583709054028186
id12801,0.9001294624580749,0.08419165293328718,0.015678884608637946
id02380,0.32472721101445634,0.0037666424510101764,0.6715061465345336
id02777,0.42691613825676855,0.002046338062573149,0.5710375236806583
id05412,0.03127678964584097,0.002673857114788726,0.9660493532393704
id01303,0.9994982148710938,0.00010886709001951478,0.00039291803888661845
id21665,0.9974260089299034,0.0005099656099067304,0.002064025460189971
id12973,0.03656336207967569,0.0011837520496002186,0.9622528858707241
id22046,0.9828930693145498,3.509116069858675e-05,0.01707183952475174
id24035,0.01311224297629562,0.00010508170327679487,0.9867826753204276
id15513,0.027937209027195962,0.9712829666006598,0.0007798243721442039
id12302,0.1580569280630105,0.01345349894371752,0.828489572993272
id01751,0.8290770644100535,0.09591498029011898,0.07500795529982761
id27003,0.915420276105899,0.008432846854812945,0.07614687703928798
id14689,1.541309058209397e-05,0.9999707793259313,1.3807583486721023e-05
id11885,0.8937111200330893,0.003349264280104975,0.10293961568680575
id16558,0.5939085987970649,0.1580037525828346,0.24808764862010052
id15785,0.27834436928594136,0.6905970565847472,0.031058574129311477
id25382,0.0006358232989921407,0.9991447930573802,0.00021938364362762366
id19170,0.9453243077545711,0.04064672706070151,0.014028965184727443
id22689,0.934598069489293,0.061807774622529864,0.0035941558881771338
id03178,0.9459380207457084,0.04000593790580536,0.014056041348486219
id22393,0.9037317456241117,0.007927375438843408,0.08834087893704486
id19215,0.29621508454377793,0.010261022835874208,0.6935238926203479
id27829,0.5213360212134027,0.0636654583077188,0.41499852047887853
id11659,0.3726553582442259,0.004346889444502742,0.6229977523112714
id25831,1.8593182325812505e-07,0.9999934303673743,6.383700802512538e-06
id08781,0.9484494332486316,0.011583412131604508,0.039967154619763905
id11550,0.10588428264551339,0.8925895823913587,0.001526134963127883
id25478,0.06113052682670278,0.0008937652512210194,0.9379757079220762
id09909,0.9995430883766355,0.00036714725545839734,8.976436790612507e-05
id09009,0.27753435519041975,0.00267185066068899,0.7197937941488912
id12660,0.2878056161563587,0.006226094323387827,0.7059682895202535
id23033,0.31234257032540363,0.380512455627424,0.3071449740471723
id25937,0.8836805409511765,0.09287529729956873,0.02344416174925474
id10385,0.7550345966299745,0.2432013205329004,0.0017640828371250658
id15288,0.00023471702390149093,0.0008657161576746614,0.9988995668184238
id06403,0.9918646146576962,0.008058334387359955,7.705095494392972e-05
id18342,0.0066110661766661935,0.9804718638703688,0.01291706995296511
id00497,0.38502203739525354,0.0007767127974640998,0.6142012498072824
id12156,0.9979078565255909,0.002064852691055612,2.729078335354066e-05
id26825,0.9835049182071004,0.00706859649986608,0.009426485293033492
id20140,0.17433422919377298,0.0032358409466337707,0.8224299298595933
id06714,0.21400287755416184,0.014795895925478393,0.7712012265203597
id06017,0.005212244151447314,0.014660875814738026,0.9801268800338147
id14841,0.9951979051831065,0.004146293354387346,0.000655801462506319
id25646,0.019078141185275316,0.008478826412470943,0.9724430324022537
id09218,0.8714096749805255,0.11689926470553014,0.011691060313944434
id21857,7.942458230333887e-08,0.9999999017397513,1.8835666442898593e-08
id05750,0.0237436200451623,0.006922801558874754,0.9693335783959629
id10507,0.03740723551177915,0.42095828002967395,0.541634484458547
id09696,0.012121391886907416,0.009510347735804567,0.978368260377288
id00835,0.35019164697570526,0.6066641965819258,0.04314415644236889
id26717,0.15756086477842088,0.02342620987194883,0.8190129253496303
id17573,0.00010765101614443956,1.827297486505255e-05,0.9998740760089905
id21144,0.13472188993085024,0.8082742814310833,0.05700382863806658
id02305,0.9647428163077032,0.03525353073616694,3.6529561298801227e-06
id26035,0.3222615936555481,0.17276682846658514,0.5049715778778668
id00878,0.9975637512747595,8.078974509784987e-07,0.0024354408277895423
id08728,0.5989879571580814,0.2784803157988328,0.12253172704308589
id10579,0.17441987358666344,0.7324540104522721,0.0931261159610645
id10720,0.5209572400835297,0.004241442270837167,0.4748013176456332
id09163,0.0002998980522347151,0.0005374923833230451,0.9991626095644423
id16298,0.07436721122202948,0.9255924765879429,4.031219002767732e-05
id05342,0.686459427819097,0.02663916960936841,0.2869014025715347
id24256,0.15633907666756344,0.01957931900879619,0.8240816043236404
id12217,0.012038007131342045,0.938784206956193,0.04917778591246487
id06159,0.9882312862555781,0.008048887026006124,0.0037198267184157963
id24394,0.9441712496350012,0.018147193028242713,0.03768155733675606
id20232,0.0025268334229877967,0.016883953459487917,0.9805892131175243
id26856,0.9983929021684409,0.0011341868937222188,0.0004729109378368253
id15108,0.002060382690962687,0.9707490137425097,0.027190603566527694
id00751,0.8737437863515878,0.0018573636712475407,0.1243988499771647
id01784,0.9113113934140242,0.03777784017796917,0.05091076640800668
id26419,0.5652854055502817,0.15479507935049247,0.27991951509922575
id23877,0.3370823765367117,0.6581855430222882,0.004732080441000128
id05019,0.8863671803910372,0.007297359899368074,0.10633545970959479
id23003,0.007649978578716778,6.765226510004293e-06,0.9923432561947733
id22153,0.33947625610148385,0.15653422236258366,0.5039895215359326
id19726,0.005283569525707534,0.9910795750296304,0.003636855444662124
id19033,0.9796499510309509,0.005461499514978818,0.01488854945407033
id00534,0.0002661709655082047,4.182850553604437e-05,0.9996920005289558
id07030,0.8181718452526117,0.025643120908994198,0.15618503383839413
id08281,0.03438924464042994,0.5801391731506554,0.38547158220891464
id00366,0.8550732570581128,0.12348111065067303,0.02144563229121424
id25446,0.023093151203601114,0.9103091039263456,0.06659774487005332
id25008,0.9999998794624899,1.1175674130369754e-07,8.780768776338654e-09
id24142,1.2584159950620854e-06,0.9999973490415908,1.3925424141712856e-06
id25331,0.0004385021260301345,4.6013451697331964e-05,0.9995154844222726
id16549,0.43131827652467336,0.014086236910841845,0.5545954865644848
id12120,0.0011943099363382894,0.998461856400476,0.0003438336631856807
id07518,0.12043371546190576,0.8792893212310848,0.00027696330700939796
id24749,0.002121588389810213,0.002890092419740209,0.9949883191904496
id23132,0.8361941325603328,0.0930802934525841,0.07072557398708317
id05946,0.03811274851051516,0.050265521764725776,0.9116217297247591
id07427,0.9835409178550126,0.0008733632785482911,0.015585718866439124
id14601,1.1514609277343548e-06,0.9999987193559282,1.2918314409623223e-07
id26504,1.0898328574863488e-08,3.14855539791979e-09,0.9999999859531161
id27199,0.7265354577745349,0.19698416925482168,0.07648037297064342
id09610,0.7234390747607189,0.2290804149018964,0.047480510337384735
id02071,0.9995561726007498,0.0004297456291412237,1.4081770109004075e-05
id24431,0.8113774824153213,0.09097573773177453,0.09764677985290404
id20756,0.21264863288268757,0.061234143209433343,0.7261172239078791
id06525,0.129847107308646,0.015528787599930989,0.8546241050914231
id11646,0.9929237926508498,0.0005959970873627351,0.006480210261787533
id26808,0.9915828500781316,0.008230656861028965,0.00018649306083944967
id15122,0.9327727022625452,0.007516853871431644,0.059710443866023276
id26052,6.171702793232616e-05,6.773213100943798e-07,0.9999376056507576
id06693,0.9993054957062353,0.00043173315186575636,0.0002627711418989893
id13520,0.9995098122483819,0.0003091461943970249,0.00018104155722113214
id04381,0.8489492037208591,1.2548942982924065e-05,0.15103824733615792
id23315,0.03242000717833796,0.044247447634138,0.9233325451875241
id15685,0.9917488798779599,0.007148112305007661,0.0011030078170325137
id12974,0.02247580935514708,0.07848353427472206,0.899040656370131
id22302,0.9073983538207994,0.06803650053159233,0.0245651456476084
id04848,0.9315918095950345,0.04207876248480615,0.026329427920159347
id05104,6.383625016114091e-10,2.477135502956402e-05,0.999975228006608
id17169,0.002322795004308212,0.976309249006182,0.021367955989509812
id12736,0.04885221511299611,0.9480097930827566,0.0031379918042474465
id24659,0.9768259577005611,0.006061486442592314,0.017112555856846547
id24829,0.7276578921242559,0.2626526932125155,0.009689414663228658
id04164,0.0025725464188994436,0.9972684682289731,0.00015898535212746323
id17795,0.2415865285476329,0.3226675516777065,0.4357459197746606
id09104,0.16098824114283192,0.8306626387973847,0.008349120059783489
id07833,0.00875979488796201,0.0016110462459331463,0.9896291588661048
id16733,0.9451264256822924,0.03311352327514302,0.021760051042564506
id18630,0.7354129078693905,0.0005631498485968961,0.26402394228201265
id16064,3.370704072952038e-06,4.128840341895633e-05,0.9999553408925081
id00561,0.0006977818624660879,0.9980264956020901,0.0012757225354438201
id16627,0.8197624338243338,0.1601550024480552,0.02008256372761104
id02162,0.9637348887675028,0.03620707586211097,5.803537038623454e-05
id16092,0.0008934180010563481,0.9745464613184949,0.024560120680448744
id10710,0.0010162730237303263,0.998955590373445,2.813660282475022e-05
id18885,0.6308285238970449,0.004549443774703979,0.3646220323282511
id10689,4.900342358982076e-06,1.583788042582e-05,0.9999792617772152
id00486,0.05536105125306067,0.29771675653151114,0.6469221922154282
id02370,0.9961604710673863,0.0037467465675634776,9.27823650502724e-05
id22279,0.9924706676166948,0.0004013850493370449,0.007127947333968154
id16068,0.4999798043136595,0.0013224243399442609,0.49869777134639637
id04053,0.0008192897088558167,8.661498930102684e-08,0.9991806236761549
id09228,0.9990915571174662,2.1720689071705995e-06,0.0009062708136266068
id04227,0.02898682668830648,0.9708009611332732,0.0002122121784203474
id13578,0.9649307210763391,0.023937812176740556,0.011131466746920319
id18744,2.686587611996609e-05,0.002247461365002907,0.9977256727588771
id22966,0.0004283788043822443,0.0005655853190245028,0.9990060358765933
id02979,0.8099877395346845,0.012674019580719521,0.17733824088459588
id26203,0.9406498774116141,0.04765900865023056,0.011691113938155428
id21184,0.9858779912595567,0.003117817982082622,0.011004190758360732
id19201,0.9932505209841981,1.199928251129069e-05,0.006737479733290711
id20340,2.15481201249706e-06,0.9999959204930536,1.9246949338888854e-06
id00692,0.038176770442677276,0.009087753080575469,0.9527354764767473
id17757,0.01773207776001268,0.000293613878378409,0.9819743083616089
id22771,0.012148764996198675,0.006247914692380463,0.981603320311421
id10753,0.0812768639349953,0.9171308654755366,0.0015922705894682147
id11899,0.9935259703296665,0.00438425303137017,0.002089776638963407
id20961,0.8978982350834261,0.09972267873220153,0.0023790861843723202
id06095,0.013809580471495072,0.9772112705668761,0.008979148961628871
id23625,0.9127860320305387,0.08484413547742851,0.0023698324920328985
id03942,0.9926352309077479,0.004701507191020334,0.002663261901231849
id19591,0.03946708997314699,0.8751260047928138,0.08540690523403928
id19732,0.9315219436857386,0.005086448101048468,0.0633916082132131
id24912,0.000993149402801814,0.9986213198691798,0.00038553072801836074
id15060,0.9885806355677905,0.00683483553862723,0.0045845288935822915
id08018,0.034641899358678015,0.9401980708829053,0.02516002975841668
id02851,0.97241428454585,0.003139058769945499,0.02444665668420455
id02327,0.2000346452181647,0.09043343440080803,0.7095319203810273
id22631,0.8541774331709704,0.019106379517738647,0.12671618731129103
id22240,0.7884657892728085,0.19390725423003405,0.017626956497157502
id05114,0.4377412399417314,0.00011964879163460154,0.562139111266634
id14979,0.0009799915589428709,0.9989631287911167,5.6879649940497616e-05
id25837,0.0020945441329046285,0.9977760412499364,0.00012941461715896405
id17457,0.7868821223062241,0.0056418768333423245,0.2074760008604336
id23050,0.006921043094728989,6.950029293142658e-06,0.993072006875978
id06461,0.8719583660793244,0.0005516093728648743,0.12749002454781078
id03154,0.811630929288499,0.0014908443089708314,0.18687822640253013
id20285,0.999992252041941,8.704236442007387e-08,7.660915694614236e-06
id23166,8.088691190494797e-06,0.9999917174404257,1.9386838380845678e-07
id11496,0.8757315122643681,0.12032424431677585,0.003944243418856113
id09569,0.9860458379670618,0.010684169489177645,0.0032699925437606127
id11193,0.2859102119580304,0.7068569591862147,0.007232828855754908
id26696,0.9971095625579447,0.0027952740562888264,9.516338576641592e-05
id15363,0.03643408984085101,0.9567872265932537,0.0067786835658953295
id13046,0.4635309853546866,0.20048131809511244,0.33598769655020094
id17653,0.0006112468122274297,0.9993786240191771,1.0129168595411988e-05
id18812,0.0006811404359302831,2.843379660269118e-07,0.9993185752261037
id23232,7.032363031299646e-07,0.9999958967513239,3.4000123729826286e-06
id05290,0.39487089364865435,0.5391049942787667,0.06602411207257902
id10667,0.9564456561114896,0.003402826783385345,0.040151517105125156
id15546,0.00037125755520198345,3.154383574747274e-05,0.9995971986090505
id05862,0.03290482099444385,0.0298071662799477,0.9372880127256085
id06225,0.0009759994123316355,0.013689856930446982,0.9853341436572214
id17617,0.34048255053124216,0.0032000414958697275,0.6563174079728881
id00814,0.004549035432530237,0.0018708698014872618,0.9935800947659825
id18898,0.0077403741634766016,0.7621269251367087,0.23013270069981473
id19395,0.0005068932186845114,0.9838804420639496,0.015612664717365892
id19520,0.4005757532884706,0.5924846526482197,0.006939594063309772
id27501,0.5002202100432898,0.22879147800965477,0.27098831194705547
id06327,0.020997540606327168,0.07870095287107759,0.9003015065225952
id00330,0.0010170820748787428,0.9352392580141369,0.06374365991098441
id03792,0.24062733706466208,0.6477936030665744,0.11157905986876354
id09320,0.7974702435642392,0.19419902881179776,0.008330727623963089
id04678,0.017729969149798606,0.018422970681542437,0.9638470601686591
id11663,0.9221731803256072,0.0021518554009398744,0.07567496427345288
id24945,0.0010770977767088341,0.000261851219785557,0.9986610510035057
id03046,1.3338216011230546e-08,0.9999999725607654,1.4101018637816505e-08
id20236,0.8255661245930841,0.0008355055680093938,0.1735983698389065
id07869,0.4886623602959098,0.17240061270219864,0.3389370270018916
id08152,1.420476307445132e-07,1.8911106799830002e-07,0.9999996688413013
id02910,0.013499747385505028,0.9850288550286866,0.0014713975858083276
id26837,0.1421730752380905,0.4414918010352973,0.41633512372661224
id24188,0.06852031890109513,0.8856205518006459,0.04585912929825892
id08748,0.003801909675754038,0.12614900104466376,0.8700490892795822
id18608,0.7780362869953905,0.0024629105646536958,0.2195008024399559
id18773,0.8199781816146509,0.011417528271551987,0.1686042901137973
id21822,0.9960236193428764,0.0006729603110265361,0.0033034203460970976
id09721,0.11010659178819156,0.03572467950340257,0.8541687287084059
id23152,0.9980217500373888,0.00041959555999261,0.0015586544026185553
id02249,4.029378102908357e-06,0.9999957284418652,2.421800319092462e-07
id14065,0.9387571534258006,0.04262140092620213,0.01862144564799731
id01598,0.0030993890698367056,0.00010690073895881961,0.9967937101912046
id06294,1.1923407923086337e-05,2.1519498618723999e-07,0.9999878613970907
id19196,0.9880626467383267,0.011835204750388097,0.00010214851128531259
id06846,0.8788517738951982,0.06822677511383379,0.052921450990968094
id02239,0.007345758594844255,0.00014908140831368765,0.9925051599968421
id20363,0.00018774691042954323,1.1455611402816391e-07,0.9998121385334564
id14986,0.007329154648696653,0.9923567338754175,0.0003141114758859728
id25864,0.0028055561119211445,0.005689991433935482,0.9915044524541434
id22272,0.9087105850823737,0.001693415032759643,0.08959599988486665
id06212,0.5751385172568929,0.08066358251752305,0.3441979002255841
id15497,0.0343470911807458,0.9465116042851273,0.019141304534126956
id12206,0.0003915350552837457,5.630840476995039e-05,0.9995521565399463
id03109,0.0025471969716888685,0.997407939531584,4.486349672719858e-05
id00812,0.08492829027213586,0.0026338345104254023,0.9124378752174388
id04837,0.37741568344299015,0.2961206538095701,0.3264636627474397
id14518,0.998358420630858,0.0014981969665208506,0.00014338240262109548
id18095,0.1855281648897305,0.8051271050332207,0.00934473007704889
id15831,0.11614629593574079,0.8218881616867858,0.061965542377473495
id12558,0.28916307293178073,0.5388366850326687,0.17200024203555056
id27858,0.9802803568391684,0.0196803474897025,3.9295671129093945e-05
id24074,0.9927491418855315,0.006559572986737125,0.0006912851277313182
id23039,0.9993658473366438,0.0004299780542321143,0.0002041746091241851
id23415,2.2847820908919788e-08,0.9999999717279013,5.424277839180379e-09
id00613,0.00029398599445271947,0.001625984277808745,0.9980800297277386
id11373,0.05190984859704415,0.00493009034057146,0.9431600610623844
id00493,7.086000292837292e-06,0.999437801461816,0.0005551125378910392
id20781,0.37474163335174593,0.3586872850750064,0.2665710815732476
id16367,0.9973534308944959,0.0025632902966640824,8.327880884000472e-05
id09831,0.009837133751915072,0.9659892317179212,0.024173634530163798
id08016,0.0017141787476391355,0.9978576913687853,0.00042812988357558067
id02860,0.007131988505519769,0.9888788638143521,0.003989147680128154
id02382,0.0788618780506322,0.08171548735180671,0.8394226345975611
id06900,0.7701603497428098,0.0031954949999237264,0.22664415525726656
id26499,0.9999037072226438,2.568564065495819e-05,7.060713670131548e-05
id21696,0.15972470319029367,0.09225205953887618,0.7480232372708302
id21364,0.04368396365805082,0.9427334909561593,0.01358254538578987
id02752,0.3031020345653251,0.014625284910622125,0.6822726805240528
id02765,0.8655488549522166,0.0006794957929766738,0.13377164925480672
id10307,0.9816581211854419,0.004630878461815663,0.013711000352742446
id26542,0.03197291506131479,0.001506310659118315,0.966520774279567
id05416,0.81023932500823,0.10066017947315421,0.08910049551861572
id03671,0.0007268889843973286,0.9992028426180758,7.0268397526888e-05
id03740,0.009369319646563897,0.990541661324543,8.901902889309099e-05
id25818,0.9626880042459873,0.002386001047932359,0.034925994706080286
id23290,0.9977636495065263,0.0006656834569952029,0.0015706670364785302
id13438,0.009178267149462618,0.006080694139698998,0.9847410387108384
id15502,0.7198508788288952,0.023020935031073456,0.25712818614003136
id18946,0.5890613395016114,0.018923718539707812,0.3920149419586808
id26357,0.016169648064676908,0.6563505682803236,0.32747978365499947
id13701,0.9875077802012112,0.0010614261445450782,0.011430793654243663
id20217,0.029292568986766816,0.9659046985926573,0.004802732420575905
id12716,0.5614136322554504,0.2794345719369792,0.15915179580757044
id03995,4.74281929980405e-05,0.9999484486970274,4.123109974633595e-06
id16808,0.9990813789458413,0.0008691497570501442,4.947129710865437e-05
id11082,0.9198618338347382,0.0006054282200180179,0.07953273794524393
id06832,0.021327568152036087,0.0008130092120895334,0.9778594226358744
id11655,0.11305556828283346,0.8844720650019956,0.00247236671517098
id12727,0.8179023568673817,0.12530474371215022,0.056792899420468126
id14495,0.006276557525154796,0.00015732492949339452,0.9935661175453518
id15414,0.9997739204583279,0.00011948190428652292,0.00010659763738556064
id03844,0.8706233994453179,0.008434151114658691,0.12094244944002346
id22810,0.007432814136192779,0.11812583586864231,0.874441349995165
id05794,0.0028528080125467987,0.9971390501362593,8.141851193917634e-06
id01611,0.00584576747878537,3.242804227191837e-06,0.9941509897169875
id11150,0.07379221722700442,0.9186726886132621,0.007535094159733393
id27616,0.2658135294886587,0.0002561244053206444,0.7339303461060207
id09738,0.42991089616699935,0.16865258357320767,0.401436520259793
id23766,0.6628897329295012,0.33572556051463404,0.0013847065558648464
id06124,0.2505755275465926,0.07934370155940891,0.6700807708939984
id00926,0.9945128021451642,0.005478666567594898,8.531287240966147e-06
id11991,0.0036085159369394423,0.00024225728081381153,0.9961492267822467
id22681,0.7753355218696432,0.22291865776526754,0.001745820365089307
id00979,0.010019375775237458,0.9884292493964051,0.0015513748283574767
id26300,0.40701498902953726,0.03685607067823257,0.5561289402922301
id15518,0.1318093850784942,0.0008844949243226642,0.8673061199971831
id26839,0.9545371799655579,0.03308028059863505,0.01238253943580706
id16154,0.9508628585715965,0.007612326449334077,0.04152481497906949
id12877,0.995567702736958,0.0009651556992094404,0.003467141563832609
id02816,0.0094519121231346,0.9905128379836226,3.5249893242960725e-05
id13400,0.02341909027494217,7.659452282852279e-05,0.9765043152022294
id14369,0.032765987843186115,0.6632417886971398,0.3039922234596741
id04073,0.9001167876686739,0.0723532790165508,0.027529933314775417
id04639,5.79268087226134e-07,0.9999420600712129,5.736066069987313e-05
id09970,0.02831347028036749,0.006722246197812446,0.9649642835218201
id23994,0.8075181591658146,0.09560355392449792,0.09687828690968742
id24728,1.1580530702247197e-06,0.9999986954576919,1.464892378612966e-07
id11539,0.9748214386840087,0.007958485277764596,0.01722007603822677
id18368,0.017829177831094754,0.016925834921877943,0.9652449872470273
id07722,0.9775410864872836,0.0031468765455699064,0.019312036967146538
id10355,0.002511950164008369,0.9966132728322498,0.0008747770037419294
id02842,0.9615136732283718,0.03731221482419416,0.0011741119474339124
id02826,0.9999688063301027,2.885880935943244e-05,2.334860538013797e-06
id14517,0.09704596599578802,0.8966373879039938,0.006316646100218277
id14833,0.5516276598931663,0.0918398265377844,0.3565325135690493
id00491,0.9958815312379153,0.0037419281678692266,0.0003765405942154056
id10784,0.0045090888382527785,0.9263270200124882,0.069163891149259
id27648,0.9848498507653421,0.014749494690859342,0.00040065454379834193
id00372,0.46235759423118444,0.4251846600081368,0.11245774576067885
id12796,0.003763731282292761,0.001212794440826626,0.9950234742768806
id06215,0.2651388376427329,0.7085134450709506,0.02634771728631661
id24722,0.017249103966595652,0.00028583124836935656,0.982465064785035
id02729,0.010633886138520099,0.055869388602300285,0.9334967252591796
id01783,0.012841083052288356,0.010792199444624274,0.9763667175030873
id03025,0.006928481963921839,0.006548277973591866,0.9865232400624863
id03714,9.623297598390183e-05,0.9996589699212798,0.00024479710273628643
id00173,0.007310779807909703,0.9914025213666966,0.0012866988253936594
id09268,0.04457987733487647,0.0004631750368813887,0.9549569476282422
id08738,0.3772619339140138,0.6204022246365695,0.0023358414494167932
id18561,0.989409337820669,0.009554077788368644,0.001036584390962289
id04877,0.928736199580819,0.0010416542365888919,0.07022214618259218
id15173,0.11364101502935665,0.8595392716068073,0.026819713363836005
id23020,0.02459099028059793,0.37449428349905667,0.6009147262203455
id04105,0.0004857378218618525,0.9984103563564316,0.0011039058217064506
id27807,0.8724195489536656,0.04717960629415562,0.08040084475217876
id08966,0.9150759843117936,0.08066117918131259,0.0042628365068938445
id15469,0.0019155702769058573,0.0006472310568088909,0.9974371986662852
id26904,0.8717638043907251,0.0025950364335461567,0.12564115917572882
id14258,0.9431460064356786,0.003663703416776196,0.05319029014754523
id04371,6.882520221494774e-06,2.1931478364028473e-07,0.9999928981649949
id13963,0.9448407829320967,0.0007029776692782469,0.054456239398625074
id19097,0.9462108338365954,0.004130094947304063,0.0496590712161005
id00350,0.05502494830431206,0.0002733078202216518,0.9447017438754663
id03571,0.9888877844153479,0.007419922016952833,0.0036922935676992953
id05647,0.9921745337767346,0.0004018620567451429,0.007423604166520165
id03720,0.0011675244878501295,0.9987849787372101,4.74967749397805e-05
id10208,0.9936592555766408,0.0009368129198366063,0.0054039315035225395
id04526,0.005512814300487354,0.7218737039796452,0.2726134817198674
id23694,2.6490519968551806e-05,0.9999661451954773,7.36428455422071e-06
id13795,0.9995525773019279,0.00025735356550979664,0.00019006913256228655
id04551,0.24681655492992985,0.722257451243683,0.030925993826387166
id13292,0.94173713606332,0.05788559670495631,0.00037726723172365505
id18196,0.12494506947288474,0.7653537771834984,0.10970115334361683
id12175,0.9999975520478159,7.560955719997393e-07,1.6918566121141949e-06
id09482,0.9988328592096705,0.00031742295875120694,0.0008497178315782835
id17574,0.014679608912829349,0.008639689467651914,0.9766807016195188
id12316,0.001209940946687924,0.9985938273813673,0.00019623167194492816
id01875,0.018795001987339077,1.6143108426561705e-06,0.9812033837018183
id12688,7.107134544402784e-06,0.9999743311691949,1.8561696260674533e-05
id12192,0.43043281959852286,0.2093921576797711,0.3601750227217061
id14713,0.0004782610215248646,6.884925114649343e-05,0.9994528897273287
id05961,0.002297182103819507,0.0008020401711909252,0.9969007777249895
id04556,0.9646430899733528,0.002313317686639102,0.03304359234000808
id20641,0.9344494981044797,0.06552206874191875,2.843315360142379e-05
id24624,0.35786206189187447,0.02166918963897529,0.6204687484691503
id20096,1.3754677498589081e-06,0.00012303782470013923,0.9998755867075501
id03013,0.11710667286252875,0.2808633977987329,0.6020299293387384
id06775,0.8774075916951031,0.0004033796103767567,0.12218902869452014
id17068,0.7807631190440865,0.09070784444389128,0.12852903651202227
id25344,0.001352113937140027,0.9981244029495645,0.0005234831132955234
id04523,0.23227035801375218,0.5527972100521695,0.21493243193407827
id00132,0.7757281566585017,0.22308267019598546,0.0011891731455128632
id11631,0.0006390369192861101,0.05404212190319374,0.9453188411775202
id09022,0.0001407150234159127,9.38871918706753e-05,0.9997653977847134
id10188,0.02000807262656839,0.016567346570185187,0.9634245808032464
id12752,0.9482938356422309,0.03917958523011634,0.012526579127652739
id02576,0.013538876596078664,0.006362537322555486,0.9800985860813659
id22768,0.9327607437676003,0.04808410380871768,0.019155152423682043
id25350,0.6187543675762336,0.0015594281388897594,0.3796862042848766
id06560,0.9999904649645782,3.259542585442552e-07,9.209081163144918e-06
id20366,0.04793847109669024,0.15340507881352788,0.7986564500897819
id10840,0.9984853176650906,0.001444062585736909,7.06197491723987e-05
id18880,0.9716982743864667,0.024862236249516875,0.0034394893640164164
id11683,0.7774647569310993,0.19121273351410265,0.03132250955479814
id14734,0.31473365088074645,0.003015517945767887,0.6822508311734857
id15336,0.04341121582355288,0.9558185606783262,0.0007702234981209721
id15319,0.9932847569558971,0.005792438973967358,0.000922804070135605
id03829,0.0019140603606460143,0.9941980654948613,0.0038878741444927285
id18451,0.9288262072739909,0.008716774835422604,0.06245701789058649
id11816,0.9971149621948557,2.4012316098137818e-05,0.0028610254890461305
id21792,0.9323279090806176,0.05629980525872224,0.01137228566066025
id26921,0.9629166392549129,2.9121599131383947e-07,0.03708306952909575
id08664,0.43329341258957815,0.12909931643049258,0.4376072709799293
id06944,0.06836397830465517,0.9245851360919439,0.0070508856034007545
id20817,0.00012552765719525265,4.2074967336073064e-05,0.9998323973754687
id02759,0.9898409494330616,0.0029110212569883405,0.007248029309950091
id01449,0.19650115216852768,0.7989890242919132,0.004509823539559154
id26909,0.9408563237058106,0.012605634239225316,0.04653804205496406
id03113,6.567812032778517e-07,1.0152567930890919e-06,0.9999983279620037
id18364,0.8780313309337381,0.000733233619097053,0.12123543544716486
id21004,0.0005265929506715874,3.5147212722004263e-06,0.9994698923280562
id00305,0.02074342670976183,0.011602143315497984,0.9676544299747403
id03374,3.62903528649852e-05,0.9998287984898686,0.0001349111572664163
id18916,0.9858901266399789,0.012784901609188474,0.001324971750832668
id06535,1.4214756716716874e-06,0.9999985746385451,3.8857832345373635e-09
id25067,0.9999952045545828,2.6668390747953056e-06,2.1286063424040434e-06
id27726,0.05874150503229479,0.9276715073104239,0.013586987657281235
id21767,0.9438118466777834,0.016004908117277897,0.04018324520493876
id17581,0.9938917590281641,0.0015361375036067725,0.0045721034682290815
id02354,0.9065118945615516,0.008340108499848708,0.08514799693859972
id16505,0.9513553893751766,0.0037037740469692284,0.04494083657785423
id00573,0.9977833215171585,0.0012019201959514608,0.0010147582868900412
id23256,0.9964799540291186,2.0115443906582418e-08,0.0035200258554375762
id25798,0.00020791672779731294,0.9997039051290852,8.817814311746263e-05
id10439,0.09184914187820752,0.5435398458413037,0.36461101228048887
id00652,0.00929130808953532,0.9811395794871387,0.009569112423326021
id17696,0.9999999987027344,1.1044041497627076e-09,1.9286160354981607e-10
id22911,0.0038858780053382834,0.0012773844893652997,0.9948367375052964
id19382,0.10009165606411095,0.005516768726748953,0.8943915752091401
id12258,0.6108607289279837,0.11880441187817538,0.270334859193841
id19349,4.304457790908022e-05,0.9999548703591987,2.0850628922868187e-06
id05653,0.9994583862883044,0.0001623179312931444,0.00037929578040242983
id24532,0.031502906765822666,0.06346893910156469,0.9050281541326127
id04344,0.9968775510794443,0.0008882301400933813,0.0022342187804622582
id26369,0.006285659812517055,0.43911484276911805,0.5545994974183649
id07974,0.2931546983080547,0.1994652694043424,0.5073800322876029
id11844,0.035224059953196524,2.3630807746947155e-06,0.9647735769660288
id15836,0.9959944654274466,0.0018089555685247816,0.0021965790040286044
id03278,0.09845994231039687,0.0005001680244564147,0.9010398896651467
id25245,0.9546700011915162,0.04455264227322018,0.0007773565352635703
id10690,0.038244923180523936,0.0010006649234168537,0.9607544118960593
id13618,0.8929146255582453,0.04361236795119463,0.06347300649056004
id05898,0.7504845764524284,0.01755412302388637,0.23196130052368522
id08866,0.22240989590093882,0.6051318707040945,0.17245823339496677
id21212,0.018199711031711335,0.0003439341120621286,0.9814563548562265
id14035,0.9293550704120621,8.612489449756741e-05,0.07055880469344034
id27517,0.00010104334272487938,2.9347838976647106e-06,0.9998960218733774
id22280,0.6156752875573689,0.08977131152718311,0.29455340091544807
id05488,0.9129518181408126,0.08575489622010457,0.0012932856390828575
id07921,1.5660092249320928e-07,0.9999997475137739,9.588530371039657e-08
id26774,0.9922466945793702,1.8512279291010107e-05,0.007734793141338764
id05200,0.0038146688552518986,0.9961790063949146,6.324749833393507e-06
id07514,0.0207935455358108,0.979176735653683,2.9718810506145176e-05
id26147,1.0001829503037136e-06,4.4760500797020374e-05,0.9999542393162527
id16015,0.00022932255353148186,0.00407090993166948,0.995699767514799
id05730,0.9975029865322992,0.0008804957141605698,0.0016165177535401737
id10680,0.06579368855429099,0.08960396513127919,0.8446023463144298
id17677,0.30202343937651466,0.45857336792638037,0.23940319269710483
id11519,0.004805531521987788,0.0024970023578878386,0.9926974661201244
id03255,0.9250975417384787,0.07393483958566478,0.0009676186758564979
id04658,0.14687424320808892,0.0030999723818898356,0.8500257844100212
id15449,0.005842676597839746,0.0034359919030099283,0.9907213314991503
id08702,0.012399270867052859,0.9833738735395566,0.004226855593390587
id20255,0.04002070353628451,0.6552044156167635,0.30477488084695203
id03108,2.812764106802608e-06,0.999649375848828,0.0003478113870652867
id09118,7.624676698298062e-06,4.249400130299161e-06,0.9999881259231714
id16335,0.6445674954978899,0.06207112537081519,0.2933613791312949
id05595,0.9463600423207041,0.04518887317615408,0.008451084503141793
id06774,0.997056915258774,0.0014214396544260856,0.001521645086799941
id23750,1.1392013117108945e-05,3.5127468516130747e-07,0.9999882567121977
id23246,0.8814871330232753,0.01363459457724897,0.10487827239947577
id06156,0.038214013777947205,0.9144710727128224,0.04731491350923046
id01049,0.03628964983029653,0.9329390089017414,0.030771341267961945
id22801,0.0011562467750762038,0.9988414302244418,2.3230004820549948e-06
id14034,0.9856526614976027,0.0005714880814930123,0.013775850420904338
id01156,0.05357745140031088,0.9378289291283983,0.00859361947129088
id13489,0.9158776690201396,0.08166932903611504,0.0024530019437454522
id18217,0.05707719149284628,0.8536361261899034,0.08928668231725041
id02048,0.0007948057143959928,0.9991630169338689,4.217735173520094e-05
id03684,0.9881616011317161,0.008004100115253474,0.003834298753030443
id11208,0.00013397415679544615,5.7947621884144454e-05,0.9998080782213205
id14453,0.8483488254465997,2.6332833871416652e-06,0.1516485412700131
id03798,0.6252323709071996,0.003786228577258236,0.3709814005155422
id19911,0.017358314989299364,0.44013745456754894,0.5425042304431517
id04907,0.0029639024774440904,0.008618222778785498,0.9884178747437704
id11148,0.99985528034475,0.0001029760050340713,4.174365021596044e-05
id23996,1.589025164745513e-06,0.9997194321070155,0.00027897886781966025
id19833,0.9791797681040127,0.01856236716666569,0.002257864729321592
id01932,0.999101111443528,0.00089124242922379,7.646127248222292e-06
id12137,0.8101146014061456,0.18075584283809742,0.00912955575575708
id20511,0.6690395400816613,0.006151689152676893,0.3248087707656617
id09367,0.0001288130396263688,0.9998188747588207,5.2312201552855253e-05
id20856,0.0008164572219199929,1.3286751547963272e-06,0.9991822141029253
id20704,0.3133982511746228,0.0011917461258891427,0.6854100026994882
id14526,0.4658564816775492,0.23803991566404695,0.2961036026584038
id08881,0.0009903432956971617,0.9989164328118301,9.32238924728345e-05
id04366,0.8929982328954936,0.10660570888290609,0.000396058221600299
id05521,0.9876862232494765,0.007496143668921634,0.004817633081601852
id10588,0.0017358907417817896,0.8079091160678598,0.19035499319035845
id20689,0.7797810939909713,0.10773296028978374,0.11248594571924492
id16667,0.2572114285804463,0.7416415214937429,0.001147049925810905
id25279,0.8494874605089581,0.011847674136358951,0.138664865354683
id24194,0.005640878750912552,0.9915352724178647,0.002823848831222801
id27341,0.995975866404425,0.004004770910532326,1.936268504260578e-05
id25695,0.926814299533746,0.01437766349713489,0.05880803696911907
id01758,0.3763054632987982,0.07183151534516756,0.5518630213560342
id02431,0.0012926699831116877,0.9302794511075105,0.06842787890937783
id19940,0.00011985153654699461,1.338517826349976e-07,0.9998800146116704
id23926,0.8772029701084717,0.12233342939790952,0.0004636004936188458
id14343,0.3067333904003081,0.00013510316063312274,0.6931315064390587
id06043,0.0002389366639891223,2.739544464722701e-05,0.9997336678913636
id05551,0.8156059290529851,0.14087108801805703,0.0435229829289579
id16698,0.0003143226470367619,0.9996142686669514,7.140868601195359e-05
id26006,0.9886517550884184,0.009240037445943292,0.002108207465638335
id16244,0.0002476018302516629,0.9996194268646704,0.00013297130507796572
id21129,0.9999006852010834,6.088265772290144e-06,9.322653314429758e-05
id14317,0.00028306846232734447,0.0005684003971731621,0.9991485311404995
id16443,0.2628538863821164,0.0010721377509112326,0.7360739758669724
id00044,0.00747471187586968,0.00034943220747630865,0.992175855916654
id01365,0.0037815154908738785,0.9926842996088446,0.0035341849002814827
id12797,0.7741167568020758,0.005738011116333766,0.22014523208159037
id21275,0.952566480244692,0.0013029464980966645,0.046130573257211226
id13801,0.038513301515573944,0.04580016755945135,0.9156865309249748
id20770,0.0005219794769989393,0.9977252497852692,0.0017527707377318726
id03078,0.9445445312797154,0.05542868012697399,2.6788593310696253e-05
id21589,0.9809222738203712,0.0007881664546944996,0.018289559724934318
id25572,0.005917617172563337,0.00014301006946247592,0.9939393727579742
id10712,0.9980093919362096,0.00023835734272833881,0.001752250721062048
id25061,0.017152568589491293,0.13515857333828404,0.8476888580722247
id03163,0.032735248681418916,3.608407880350844e-05,0.9672286672397776
id12341,0.8451410409761295,0.015061156008862686,0.13979780301500777
id25107,3.1216067899254838e-09,0.9999999689782156,2.7900177598195342e-08
id21945,0.9965440120789678,0.00233987036064797,0.0011161175603842085
id14078,0.007171512711921823,0.02070909194128298,0.9721193953467953
id06876,1.542956567562575e-05,0.00019137392265108308,0.9997931965116733
id05232,0.0038112794165277145,0.9945501430855963,0.0016385774978760325
id07071,0.5466034336038228,0.0012059895421700755,0.45219057685400715
id10646,0.006611184407069333,0.9734808767410408,0.01990793885188996
id25540,0.6704681378944797,0.32873366851371894,0.0007981935918013568
id25607,0.00020373447338564986,0.9995144298998344,0.00028183562677997414
id16479,0.9956046233476785,0.0007842780075314473,0.0036110986447901337
id05998,0.03258231638505334,0.9655564745255829,0.0018612090893637071
id20554,0.35888881745506135,0.00924665577170909,0.6318645267732296
id27217,0.8965590613145878,0.026636319060646382,0.0768046196247658
id20110,0.0045701135395122446,0.9753438211774345,0.02008606528305336
id01990,0.00028297392488519946,0.9996817386942776,3.5287380837233896e-05
id17080,0.2477348228224222,0.32347582655634877,0.4287893506212291
id19120,0.670829827224643,0.3094337556770562,0.019736417098300763
id08476,0.012146738071084084,0.02041791168755015,0.9674353502413658
id03715,0.010342480640146437,0.9873815637859912,0.0022759555738624433
id27208,0.940233286365551,0.0005477867982540852,0.05921892683619493
id04508,0.9994452423612671,0.0005019306116614018,5.2827027071566235e-05
id11233,0.33278402609698077,0.0066536952073909614,0.6605622786956282
id14237,0.9225929537339558,0.043145928754978566,0.0342611175110657
id12006,0.6016478127619888,0.3927365906470458,0.005615596590965526
id22925,0.0006988264585763554,0.0001412520208339349,0.9991599215205897
id07141,0.9860241265284742,6.89789083736395e-08,0.013975804492617457
id08449,0.28339880835245973,0.012004095818500994,0.7045970958290393
id16468,0.9479864297660503,0.002685926850404518,0.04932764338354518
id21415,0.004045419640123532,0.004764670095185278,0.9911899102646912
id09388,0.9999739391352914,2.1070374845686398e-05,4.990489862979055e-06
id24767,3.90725155297475e-07,0.9999993583101662,2.5096467847536087e-07
id19247,0.9976470332250179,0.0012703124787398564,0.0010826542962422872
id07068,0.8259820671685039,0.17016180399007128,0.003856128841424872
id27597,0.962303341912538,0.03712764865127599,0.0005690094361860546
id21380,0.9676696447020601,0.03167138745154037,0.000658967846399473
id01178,0.011857501326839007,1.2980622570228835e-06,0.988141200610904
id15323,0.9979094158331255,0.0013187172463389335,0.0007718669205355652
id14784,0.9992192516702713,7.488387771622704e-06,0.0007732599419571957
id07174,0.6854627873871496,0.060272805931028545,0.2542644066818218
id06577,0.999578254160396,0.00028717177794809594,0.0001345740616558915
id06582,0.791220070762107,0.13484764269671073,0.07393228654118225
id21088,0.09362607383317016,1.652394712464538e-05,0.9063574022197052
id16436,0.003838531049007971,0.9923353159821969,0.0038261529687950964
id25443,0.7964787237506382,0.01251987930652175,0.19100139694284013
id16617,0.10765156696309677,0.0015308934643632813,0.89081753957254
id21757,0.20487303602090645,0.1617767835240206,0.633350180455073
id25902,0.30642488767595427,0.22007542480807213,0.47349968751597366
id11238,0.5744936067335752,0.3906655667418639,0.034840826524560935
id13861,1.8510288294460855e-05,0.9994197618019887,0.0005617279097169122
id04171,0.0019343770082800257,0.009344475470282316,0.9887211475214377
id21483,0.016904113616429788,1.2042272164506495e-05,0.9830838441114057
id12635,0.09648178500839705,0.20835206212458826,0.6951661528670148
id11666,0.010498192494022405,0.9839902278425624,0.0055115796634152515
id21552,0.8305281637947883,0.16822287065615904,0.0012489655490527244
id13582,0.016539461539491308,0.9829632856168607,0.0004972528436480386
id06447,0.9059249110084272,0.01220163704306222,0.0818734519485107
id22998,0.00019551981380015008,8.871846199913964e-07,0.9998035930015798
id15616,0.0004262136157435942,0.0006094625129150814,0.9989643238713414
id09613,0.00020535384872482092,0.9997900997175966,4.546433678637441e-06
id09318,0.10168885916235795,0.8964800855140133,0.0018310553236288581
id07653,0.9983376483994516,0.0006314379534450581,0.0010309136471033432
id21311,0.6896417461305838,0.2936094783072685,0.0167487755621477
id21030,0.26490806056415017,0.73048091495186,0.004611024483989936
id10363,0.0001214443160959148,0.9590517923892192,0.04082676329468492
id02624,0.6973622603496393,0.0360946470648439,0.2665430925855167
id21462,0.22867575997299755,0.024784338131220027,0.7465399018957825
id24961,0.0013195169336417563,0.9612784254336874,0.03740205763267089
id08598,0.023848949211192867,0.0037581891089982864,0.9723928616798089
id22701,0.8578362717616433,0.13772212630734568,0.004441601931010987
id24954,0.23382602366944583,0.0006096339219551379,0.765564342408599
id24432,0.9645749239255047,0.02987368495559778,0.005551391118897527
id08123,0.0006633311126158522,0.009284928428639408,0.9900517404587448
id08456,0.04849257885261445,0.0010968875966418708,0.9504105335507437
id02792,0.7968580803657882,0.05804965212518842,0.14509226750902335
id01034,0.00022578402767229927,0.9997350879686804,3.912800364739553e-05
id05336,0.2423293014156831,0.6927520355845841,0.06491866299973287
id16773,0.04218109288776303,0.9193090903093514,0.03850981680288552
id20275,0.04139524242626674,0.9580485350623387,0.0005562225113945893
id22357,0.00915178626276794,0.9812928447363359,0.009555369000896208
id08426,0.9789922701681947,0.020499681878654186,0.0005080479531512259
id26118,0.734204877933466,0.07588883400664181,0.18990628805989218
id27377,0.0031637648330878148,0.002483625860566129,0.9943526093063461
id19738,0.24235614594233168,0.7446792960931361,0.012964557964532176
id27211,0.9807161773529536,0.016874767186714556,0.002409055460331892
id20362,0.7636892251642696,0.0018456928583482138,0.2344650819773821
id10769,0.43258888605189494,0.37236606018596174,0.19504505376214326
id02037,0.07156651389943657,0.886135259255487,0.04229822684507646
id24338,0.9773063594150858,0.009629308803243685,0.01306433178167058
id21154,0.00011649197044505982,0.9808232187601796,0.01906028926937533
id15815,0.00010113897133934811,0.003598849545151839,0.9963000114835089
id03643,0.0026971702141910386,0.016635611558699897,0.9806672182271091
id24266,1.8874888506758205e-05,0.9995395318151209,0.0004415932963723976
id09707,0.8281303845472893,0.07421750387369273,0.0976521115790181
id22786,0.9998484407595575,1.2620353699328114e-06,0.00015029720507263997
id27783,0.9144604989226226,0.025190261786707174,0.060349239290670285
id13684,0.001356577103831173,9.2523900068394e-05,0.9985508989961004
id03721,0.6327274280572123,0.16883643370096071,0.19843613824182701
id00139,0.9292819452466136,0.03821744165428744,0.032500613099098984
id07113,0.4492378728941451,0.004129414398770085,0.5466327127070849
id25748,0.9876576857592257,0.011960022982691932,0.00038229125808234915
id01901,0.5384434890987584,0.01015784214963066,0.4513986687516109
id15688,0.9209779530490759,0.025409669713905167,0.05361237723701889
id20660,0.5866609925787981,0.16420841662645286,0.24913059079474892
id03335,0.9818200083959369,0.001960240692647285,0.016219750911415774
id05947,0.988081148527914,0.0065844536523803395,0.005334397819705688
id14528,0.9991906989741041,0.0006239663697375469,0.00018533465615843862
id04437,0.9582881359069668,0.03923096148211581,0.0024809026109174222
id10804,0.000664683166915526,0.9993252967091757,1.0020123908817411e-05
id17859,9.002689772769285e-05,0.9999093922609491,5.808413231297563e-07
id01631,0.03665479479268524,0.9571300340427551,0.006215171164559714
id10949,0.44642752692750454,0.3457269591622418,0.2078455139102537
id02613,0.5758053040247616,0.009554259322342244,0.4146404366528961
id21773,0.25140152824069556,0.6750061806508522,0.07359229110845238
id08523,0.07312421586092435,3.003431410203833e-05,0.9268457498249736
id08014,0.06270518940285999,0.9372883672339811,6.44336315889134e-06
id08659,0.0035756761929578457,0.9914671590452708,0.004957164761771408
id17792,0.7187469157789995,0.27652717068894506,0.0047259135320555845
id25612,0.0576349252563297,0.14419772026146266,0.7981673544822077
id27792,0.04134125265937206,0.9502260007646011,0.008432746576026896
id08889,0.9999441953644767,3.343343651510946e-05,2.2371199008244037e-05
id17156,0.9944775357535699,0.00414700590437928,0.0013754583420508071
id04124,0.23140390806461014,0.0006239868128544669,0.7679721051225354
id05048,0.6329343934679583,0.11433103973109086,0.25273456680095074
id18882,0.6809385919181273,0.012164848682150302,0.30689655939972244
id03999,0.0005496587272081525,0.9910272917677975,0.008423049504994467
id04390,0.006373604446101008,0.9935954787062099,3.091684768908504e-05
id06734,0.9289400684393815,0.006215231137145058,0.06484470042347343
id12623,0.24728311109554993,0.5663283335957069,0.18638855530874318
id10904,0.0006716552699901154,0.9993140356894391,1.4309040570789558e-05
id23535,0.9969155172530748,0.0023723108313653176,0.0007121719155599264
id08442,0.9832759066092213,0.000520529755757771,0.016203563635020932
id25272,0.9870963053108502,0.011902984295387364,0.0010007103937623328
id15926,0.11013437242866618,0.7086940810976209,0.18117154647371295
id07186,0.2665915599861508,0.020987138526459045,0.7124213014873901
id20674,0.759191467133038,0.021393544032586916,0.21941498883437513
id13297,0.8729988936144444,0.12459751026659556,0.0024035961189599947
id08076,0.9615543997220458,0.002535727013975053,0.03590987326397908
id10493,0.11300885305582245,4.461677914781065e-05,0.8869465301650298
id19450,0.9999855394578403,5.556908101757258e-06,8.903634057935876e-06
id21746,0.9954141386416934,0.004535898103239863,4.9963255066768185e-05
id22034,0.005924643992768105,5.269434015850478e-06,0.994070086573216
id05074,0.9432568940595848,0.0424039873487038,0.014339118591711402
id07348,0.12043134120978247,0.0018097313998552236,0.8777589273903623
id01308,0.7341065743412626,0.2647031999022361,0.0011902257565013466
id06705,0.036789093539456905,0.004483249510301118,0.958727656950242
id21444,0.9412256664040236,0.00036766968297857126,0.058406663912997904
id12010,0.00017845288405381218,0.9998099861618462,1.1560954099937164e-05
id19949,0.007554797460555973,0.9873864807256704,0.005058721813773702
id01125,0.8651416538332202,6.813496318483761e-05,0.13479021120359497
id20380,0.7178740609972377,7.011308593367069e-05,0.28205582591682865
id04880,0.8768735506069647,0.12312625826297272,1.9113006260127029e-07
id10095,0.0012560038246000158,0.9979218424418553,0.0008221537335446565
id01379,0.09766758804577043,0.9020337360674083,0.0002986758868213003
id11651,0.9937095232766868,0.006131203336470045,0.00015927338684327858
id24870,5.1436633064570594e-05,0.9999434772746373,5.0860922981203745e-06
id11307,0.08111382517566594,0.12001161592188823,0.7988745589024459
id00731,4.4129464631665364e-08,0.9999999558561163,1.4419122885758657e-11
id18806,0.98096185001616,0.001958953670290473,0.01707919631354963
id16899,0.06694527586716502,0.9018058848659295,0.031248839266905533
id12522,0.028436505703972274,0.9376925287305911,0.03387096556543673
id20119,0.9994493412227279,0.0003789017585864621,0.00017175701868562076
id26937,0.01090642608762636,0.9879831315805075,0.0011104423318660744
id27439,0.01609875893150314,0.9787022170557099,0.0051990240127870145
id27579,0.3770729231589655,0.0010055255917574431,0.6219215512492771
id13459,0.9983170164487306,0.0011460480020900408,0.0005369355491793982
id11534,0.6401487867918756,0.012499220077512625,0.3473519931306118
id19984,6.529643737146544e-08,0.9999999264023104,8.30125219734159e-09
id06404,0.9369675934627217,0.05252921811841053,0.010503188418867774
id23309,0.018598852820068703,0.6156884781193382,0.36571266906059313
id19314,0.018403464055785378,0.9315201842651034,0.050076351679111286
id13300,0.021085378924329132,0.9369901282652567,0.0419244928104141
id09562,0.08167804545847342,0.13822017147152563,0.780101783070001
id08036,0.0407493150235102,0.9532742770573118,0.0059764079191779885
id03683,0.3912815135222764,0.01565211677947764,0.5930663696982459
id04784,0.9611852046595789,0.03183356520323453,0.006981230137186593
id08715,4.317809151112124e-05,1.372118557421354e-05,0.9999431007229147
id08479,0.9987497100601034,0.0008969580638994362,0.0003533318759971533
id18360,0.9291425635881437,0.000791309268885976,0.07006612714297038
id26170,0.006745741948086875,0.9827135875112964,0.010540670540616661
id20424,0.8765711605208889,0.00042111836639314776,0.12300772111271799
id10361,0.9442133237462597,0.036200102745788554,0.01958657350795181
id02335,0.05983476400406976,0.41480282823140563,0.5253624077645246
id18664,0.051145307450255244,0.005434843120267823,0.943419849429477
id11480,0.21101641442784488,0.01897510764385086,0.7700084779283043
id13229,0.00022260648660483884,0.004041251448701097,0.9957361420646941
id19658,0.013704044615302845,0.09075559819085807,0.8955403571938391
id01421,0.9120545219722301,0.00041152262663024075,0.08753395540113967
id26050,0.055426520527024674,0.6515119013097166,0.29306157816325873
id27136,0.8797449735425582,0.07841797858816818,0.041837047869273634
id14688,0.583227295318378,0.32210501964789745,0.09466768503372451
id24936,0.9777363126214387,0.00016829027167329148,0.022095397106888057
id09776,0.07176930802142696,0.9103790498736141,0.017851642104958893
id14765,0.10241008826906488,0.002591028075262847,0.8949988836556723
id06704,0.14313264687068622,0.014955492324074008,0.8419118608052398
id06961,0.0007276839425783257,0.01610250829376163,0.98316980776366
id12725,0.42613200396227785,0.3618105236110919,0.21205747242663014
id27875,0.016302693350300473,0.005788281636305871,0.9779090250133937
id20750,0.0030835283654043265,0.0015650688373552426,0.9953514027972404
id19081,0.24793283554370948,0.03868720713419043,0.7133799573221001
id05773,0.004790387091743077,0.0025416727444110324,0.9926679401638459
id04241,0.3095297081137598,0.14853863890157304,0.5419316529846673
id24438,1.5076994109773547e-05,0.9999530717537144,3.185125217591894e-05
id09353,0.9990289418814218,0.0008892089089787404,8.184920959957471e-05
id19446,0.00048191606541997183,0.9992456474376322,0.00027243649694789633
id20203,0.00016364183188426648,0.0008451906609995544,0.9989911675071161
id07711,0.22933690564040288,0.6592626355930651,0.11140045876653201
id15758,0.6590536199212926,0.015958436006717855,0.32498794407198955
id17665,0.04900803808558832,0.3975777315534052,0.5534142303610065
id14167,0.2672923608290509,0.00130646959175729,0.7314011695791919
id00687,0.16467984407924385,0.06362505262979937,0.7716951032909568
id00735,0.018300573595051425,0.0041508823750116275,0.977548544029937
id26443,0.03209009277458495,0.003920462536627036,0.963989444688788
id15242,0.7980485283222587,0.19122074566592373,0.010730726011817572
id13474,2.8156056276652822e-05,0.9999408787430432,3.096520068017862e-05
id04409,0.7894108932976421,0.17053511327581936,0.04005399342653857
id19438,0.05683978537538161,0.08102910515698226,0.8621311094676362
id04101,0.001433278485711145,0.4463502867640683,0.5522164347502205
id26992,0.5808578144976564,0.39640256011673874,0.02273962538560491
id14645,0.008649498255263285,0.9913314570111837,1.904473355301496e-05
id26429,0.259483017527871,0.3716354876689138,0.36888149480321525
id05710,0.9435158587948546,0.004031785781336383,0.05245235542380914
id07474,0.00012003402816590977,0.0003394062686878724,0.9995405597031463
id21067,0.1740651676508106,0.007247932585144246,0.8186868997640452
id20264,0.2363417467238084,0.6367416472352448,0.1269166060409468
id04991,0.0963327427005428,0.0006422502826638074,0.9030250070167934
id07054,0.10849068041759852,0.00041241396012634327,0.8910969056222752
id14413,0.05651363011193828,0.006279464576752525,0.9372069053113092
id21861,0.00017150472837518753,4.159925237275372e-05,0.9997868960192521
id12933,0.0002987051774647424,0.999509001450517,0.00019229337201823036
id08074,0.0034916033658252596,2.2608234192050356e-05,0.9964857883999827
id03176,0.7894607622903614,0.02632158308903739,0.18421765462060113
id15239,0.10746480164153466,0.00010733075812625647,0.8924278676003391
id05322,0.027794009356103364,0.9718202103235615,0.00038578032033515175
id25957,6.053235997037169e-06,4.798867848541284e-06,0.9999891478961545
id22789,6.255260557053445e-05,1.6730070915090755e-07,0.9999372800937204
id03435,0.012007599218894379,7.611679341311044e-05,0.9879162839876925
id06122,8.819324906356918e-06,0.9999706771879172,2.0503487176518612e-05
id00869,0.476312960413873,0.014824352143334269,0.5088626874427927
id23400,0.00025014499452367077,0.9989535261948529,0.0007963288106234257
id08127,0.9986226942581888,0.0007829839623402642,0.0005943217794709774
id08856,0.000255714969442261,4.2594489421188966e-05,0.9997016905411366
id01919,0.006740738568380217,0.03529411322123773,0.957965148210382
id22051,0.8926113911305039,0.0892854090332499,0.018103199836246257
id19791,0.9998070606658445,9.728211302621509e-05,9.56572211294165e-05
id06679,0.5633118569086573,0.07839324312262771,0.35829489996871505
id25385,0.007237245971096642,0.9926865881204718,7.61659084315231e-05
id04313,0.00011081777177248971,0.00017035340198555244,0.999718828826242
id01389,0.0019349047030810158,0.9943491343524201,0.003715960944498878
id17264,0.10551651246771697,0.8470908915367257,0.04739259599555732
id23062,0.9973083352510461,0.0018484498292618628,0.0008432149196919995
id17008,0.00418738774263505,0.9950070394074371,0.0008055728499278376
id04746,0.0003357809620675756,0.9996429530523852,2.126598554731021e-05
id11487,2.886466924905583e-05,0.9999678447949438,3.290535807121417e-06
id02111,0.9429688233320271,0.026893188994973734,0.03013798767299918
id08911,0.988235453032777,0.011177173751204588,0.0005873732160183259
id00845,0.709337212117213,0.025531828964855792,0.26513095891793115
id02409,0.5106658895636458,0.009381100755382761,0.47995300968097143
id20141,0.0009851383912236483,0.9988721221109268,0.00014273949784962477
id06353,0.9574609967284483,0.0019152409904355436,0.04062376228111618
id14766,0.034772605231993964,0.965066776454757,0.0001606183132490296
id05294,0.00780821666888095,0.7465667927594757,0.24562499057164336
id12568,0.8839265450675227,0.10200272564893503,0.014070729283542267
id27571,0.00010589050122346294,0.964673396169615,0.03522071332916159
id20377,0.9999774657420979,1.5432348201848262e-05,7.1019097003225795e-06
id24340,0.9547759149450724,0.02289551335206989,0.022328571702857722
id05355,0.2749667152402949,0.04238849181110574,0.6826447929485994
id01246,0.006340743379177417,0.9933472755227738,0.00031198109804878683
id17173,0.9397137763445665,0.04893857809961903,0.011347645555814499
id16338,0.2367996978320866,0.014825711376263633,0.7483745907916497
id14712,0.024164569102649927,0.9748812696304441,0.0009541612669060444
id10590,0.2974707654525754,0.05293814017327601,0.6495910943741485
id13157,0.0032280237981903302,0.030297454783792685,0.9664745214180169
id23915,0.9776307934975451,0.010303805210827065,0.01206540129162792
id05903,0.7956709101804808,0.19208898035178845,0.0122401094677308
id03661,0.354011902046933,0.09386453526467937,0.5521235626883876
id21177,0.9974243394703173,0.0020938384455473904,0.00048182208413538293
id12025,0.21273747271468516,0.7680658403974728,0.019196686887842054
id14031,0.4059244447494994,0.5840675463258058,0.010008008924694715
id21299,2.0073184927562666e-06,3.184904575524679e-09,0.9999979894966027
id00758,0.004805745075551449,0.00736300583202812,0.9878312490924205
id25034,0.9453014570645365,0.002914660898742327,0.05178388203672123
id01407,0.9854739037500433,4.59352572059901e-07,0.014525636897384639
id24205,0.01835342266527234,0.9812803622117644,0.00036621512296333784
id22350,0.9913055388543514,0.007749161456786973,0.0009452996888616521
id05983,0.03287854215086041,0.004773863104593169,0.9623475947445465
id23821,0.6367985481224416,0.09592840990266019,0.26727304197489826
id21960,0.0016179318707294763,0.27513201728944187,0.7232500508398286
id08108,0.9894737537742401,0.0011375135244505094,0.0093887327013095
id03232,0.03491063840722714,0.025638306086216298,0.9394510555065566
id12956,0.32631026089604287,0.004243502576325216,0.6694462365276319
id03217,0.0007075318323324957,0.9973791136876936,0.0019133544799739045
id08955,0.00015568125420781126,0.9604046046245207,0.0394397141212715
id22567,0.8860976810036547,0.021468128152950863,0.09243419084339442
id20367,0.8977896388482662,0.08332763273223673,0.01888272841949701
id06319,0.7054696232275405,0.26208630291038465,0.03244407386207495
id14239,0.8201880925779709,0.0006628980431881244,0.17914900937884104
id05013,0.9636175653748653,0.0021206460274803968,0.03426178859765427
id26491,7.373476628648104e-05,0.9998813661766098,4.4899057103710125e-05
id23540,0.7241605214798252,0.04394555322270434,0.2318939252974704
id25631,0.7437858083716365,0.0014122617989467423,0.25480192982941685
id01591,0.8772343981315663,0.03270007399920725,0.09006552786922645
id01193,0.9964208469836817,0.0033955123312250247,0.00018364068509329858
id24819,0.011120908479600787,0.9251425875261972,0.0637365039942021
id08308,0.9824578089610463,0.007370839828026881,0.010171351210926913
id27567,0.005405148585166056,0.0014554723883091053,0.9931393790265248
id12998,0.5459091928360159,0.006318739936733709,0.44777206722725044
id08315,0.12079685391772778,0.8640081409954182,0.015195005086854053
id16118,0.8078696081596928,0.05328327089685287,0.13884712094345442
id27505,0.012868139700160186,0.9870147601923795,0.00011710010746019584
id08529,0.002213618849193529,0.9787185811072421,0.01906780004356435
id20249,0.40879203456792007,0.17831447043573578,0.41289349499634426
id24343,0.31122562249808317,0.0572314188524368,0.6315429586494801
id03631,0.0655975851198608,0.8756673673663927,0.058735047513746516
id00349,0.12936803471419148,0.8682558417802844,0.002376123505524216
id04969,0.012267845962830662,0.9795226247693118,0.008209529267857401
id11856,0.8408209690756263,0.021808071256380842,0.13737095966799287
id26020,0.998215487537988,0.0017603510706066387,2.4161391405271002e-05
id07957,0.9985696529927455,0.0011072667473336687,0.0003230802599209292
id03899,0.9502986222113153,0.04376802692269466,0.005933350865990023
id14650,0.9984889009828365,0.0005391098340519616,0.0009719891831115408
id21807,0.5365882679216436,0.03465323363950088,0.42875849843885544
id21685,0.9998874822055505,0.00011054050347366972,1.977290975939909e-06
id06655,0.4614987643577715,0.5352636081209369,0.0032376275212915957
id27764,0.9538263793851081,0.010552396615830115,0.03562122399906191
id02847,0.004065045340458972,0.9941583325890724,0.0017766220704686594
id07271,0.971759910813631,0.001622676037484987,0.026617413148883957
id15978,0.9956354574002901,0.0006090053059707655,0.003755537293739091
id12075,0.25636664084939104,0.014733711206812602,0.7288996479437964
id23611,0.9995608272798342,4.4027177130620254e-05,0.00039514554303529204
id05191,0.41578413225156563,0.5786154140199443,0.005600453728490008
id04303,0.08061739252952413,0.003185766653052208,0.9161968408174237
id12277,0.0073212175194144235,0.0010062227171019212,0.9916725597634837
id15582,0.7869070607659507,0.2069263379909705,0.006166601243078783
id02917,0.9472153298282678,0.015185996966191351,0.03759867320554077
id25622,0.08199940824075747,0.22008290018593965,0.6979176915733029
id16495,0.0484641693727739,0.9500001922614345,0.0015356383657916415
id17839,0.00017051464125104386,3.338114017754308e-05,0.9997961042185715
id20373,0.025812413690714568,0.9314462371028701,0.04274134920641539
id25342,0.9782126779481791,0.0011430638720563945,0.020644258179764414
id13518,0.8451804058422187,0.14721824908521974,0.007601345072561683
id19958,0.9204999024809779,0.0002776879371538712,0.07922240958186827
id00228,0.9105697513499972,0.07574187351689703,0.01368837513310578
id00367,0.07469168819967299,0.12578896840555445,0.7995193433947726
id16274,0.0017796912940681588,0.9964994083641202,0.0017209003418115654
id27969,0.004026301393099038,0.99437342361735,0.0016002749895509501
id18474,0.896965927163489,0.09250781551629456,0.010526257320216535
id02892,2.3660456122958397e-08,0.999999945349466,3.099007792803559e-08
id03838,0.0051300233057982965,0.9948452284920897,2.4748202112077363e-05
id08960,0.008930973981210701,0.9910388858680299,3.0140150759435978e-05
id17320,0.00010930624354362811,0.450967072548791,0.5489236212076655
id20922,0.003724552135930824,0.0007596658930523195,0.9955157819710169
id17364,0.22394550373947417,0.014521365277553357,0.7615331309829726
id06523,0.9989594639624281,0.0009768075503997578,6.372848717212223e-05
id16232,0.04596323646199924,0.9509686536307356,0.003068109907265121
id01886,3.518446510448078e-05,0.9999647843548165,3.1180078987887674e-08
id18234,0.00017776572301724943,0.9998194551300859,2.7791468969473992e-06
id26057,0.9812598759462338,0.0018884051020069512,0.016851718951759357
id09436,0.12136694891773403,0.8779119315198797,0.0007211195623863455
id09543,0.0018522352494609914,0.9573748808108664,0.04077288393967265
id15732,0.7776396105001264,0.09970368237542465,0.12265670712444895
id22927,0.8118400660893927,0.10414494119861896,0.08401499271198828
id26551,0.014696479349156818,0.00022641782696412933,0.9850771028238791
id11126,0.6687625566178219,0.042130330718888685,0.28910711266328937
id02903,0.9803291356304829,0.017655234281079058,0.0020156300884380347
id24549,0.0002366946260508708,0.9994041924787512,0.00035911289519788406
id01618,0.0019422853311088276,0.946535115182675,0.051522599486216195
id22005,0.004739535860901903,7.937359863504315e-05,0.9951810905404631
id02603,1.452485026354239e-05,0.9998729138865309,0.00011256126320559337
id22118,0.9807272513401505,0.019157055640896124,0.00011569301895339374
id24985,0.8460755502602845,0.05939725681355605,0.0945271929261596
id19044,0.9948700838251893,0.004005438973135206,0.001124477201675534
id03296,0.021798974319238714,0.977019629049991,0.0011813966307703627
id17299,0.9853639642047928,0.007419645551102511,0.007216390244104689
id08251,0.9290212848080859,0.042907086689910626,0.028071628502003527
id05491,0.961839864027169,0.007186763824760387,0.030973372148070628
id17009,0.9937222583722164,0.005038551192701495,0.0012391904350821414
id07381,0.0007083657051539456,0.9813373692639094,0.01795426503093671
id07643,0.8839228608055693,0.11034787136592356,0.005729267828507214
id24227,0.9984559201880315,0.00019025185993332488,0.001353827952035138
id04099,0.7814892343702232,0.06684057553684208,0.15167019009293467
id11393,0.00018034928547725536,0.9995386137869924,0.0002810369275303865
id19396,0.0005374308355862307,0.999460872099921,1.6970644928323858e-06
id15362,0.9999220241895831,1.4013416701385865e-05,6.396239371551797e-05
id00195,0.9544926584217611,0.0028936706508326617,0.042613670927406255
id02296,0.004824516438134014,0.0003491555233010398,0.994826328038565
id27754,0.8511429003218028,0.14499540316741483,0.003861696510782296
id16471,0.00030554115858414467,0.9990478972774969,0.0006465615639189912
id15237,0.04078321520249752,0.9572869190520271,0.0019298657454753813
id10099,0.0017385724804152357,0.9982493454510784,1.2082068506432347e-05
id21647,0.9222703919995592,0.015631576317650605,0.06209803168279032
id13571,0.0018945762159019268,0.9963873213706163,0.001718102413481785
id15137,9.273091723555577e-06,0.999826451260047,0.00016427564822941342
id10965,0.008914443843108764,0.1105716429498417,0.8805139132070495
id24918,1.7920932769902094e-10,0.9999999916391501,8.181640670957207e-09
id01700,0.6272332389301113,0.013430804847035212,0.3593359562228535
id03901,0.004413623849544445,0.9955844986054371,1.877545018473844e-06
id24411,0.02725484607987541,0.9655469421366825,0.0071982117834421735
id02597,0.07641598618820725,0.920128864944154,0.0034551488676388075
id07981,0.017201027106029252,0.00013134031502662238,0.9826676325789441
id07429,0.04479291738675256,0.010557887390470106,0.9446491952227773
id13354,0.7035455032530661,0.29082519414502317,0.005629302601910857
id25693,0.894439661155185,0.036995095689596864,0.06856524315521807
id11305,0.13874765924968743,0.10260981852082991,0.7586425222294827
id26634,0.9999973919976732,1.8618782525491082e-06,7.461240742851091e-07
id09180,0.9413018423126566,0.013769207049300571,0.04492895063804276
id19991,0.991167257451385,2.054650755385436e-05,0.008812196041061107
id05497,0.1852656611730745,0.021741831086530453,0.7929925077403951
id08058,0.006300243492954423,0.8085623388797436,0.18513741762730196
id06612,0.057578222355712395,0.17976553483515587,0.7626562428091317
id22846,2.106576159812352e-05,0.9999304903362133,4.844390218858668e-05
id09588,0.9717134617231155,0.019396567098509742,0.008889971178374765
id10337,0.03717783048979288,0.0001791785037413024,0.9626429910064658
id05744,0.9998767914430641,8.124349888077569e-05,4.19650580552571e-05
id19624,0.31498621439245295,0.6733667203408347,0.01164706526671251
id00939,0.0006406599683143372,0.9982147782598804,0.0011445617718052977
id24424,0.11512988428563312,0.22314744711962978,0.6617226685947372
id14406,0.09984036312856563,0.0009590130172865567,0.8992006238541478
id08961,0.11757990587721695,0.03259872334358477,0.8498213707791983
id27004,0.3464056884276696,0.00012212023996856702,0.6534721913323618
id24072,0.37175540317140454,0.43258568894124777,0.19565890788734774
id23738,1.874346972673122e-05,0.9999483733196991,3.2883210574211825e-05
id13676,0.0037400819420902887,0.002798419553784025,0.9934614985041257
id19636,0.05645776631068471,0.004460351945828732,0.9390818817434866
id09466,0.9973910246780513,0.002101729117772883,0.0005072462041758066
id04434,0.0015998170026890971,0.9982763795160767,0.0001238034812342161
id24016,0.011977631309803779,0.9786817840467722,0.009340584643424034
id09168,0.8278078077601637,5.059124161108665e-05,0.1721416009982252
id24262,0.997231394716407,9.305526470548927e-05,0.002675550018887531
id01441,0.8344673378278314,0.0018550830424554317,0.1636775791297131
id20170,0.05677063100994009,0.07763942329864824,0.8655899456914117
id02342,0.9040759017950426,0.0004515903782990842,0.09547250782665827
id23334,0.01248977177014891,0.9742926408879029,0.013217587341948183
id09262,0.9999772416255457,6.247449357417303e-06,1.6510925096949412e-05
id17822,0.7361728843834177,0.22913187566766274,0.03469523994891969
id14466,0.013220639579051192,0.9860546272631779,0.0007247331577708585
id14319,0.7723349274985155,0.11361374149963373,0.11405133100185073
id02387,0.9501071979401198,0.0015422751293308098,0.0483505269305495
id13617,0.8744444537579276,0.12514353379024099,0.00041201245183141713
id08025,0.8997921149192656,0.09722867013621256,0.0029792149445218596
id23364,0.0493224302969604,0.8588651473581648,0.09181242234487491
id01438,0.9095014132109458,8.446168897758245e-05,0.09041412510007667
id05288,0.03230675933328923,0.9673179003143735,0.00037534035233734105
id24441,0.5176120646533681,0.3744157542100351,0.10797218113659685
id18048,0.26358616833465504,0.00212486272206358,0.7342889689432814
id27822,6.105464846827419e-06,0.9999646677350532,2.9226800100036766e-05
id23906,0.7705955136196053,0.0313783966109453,0.19802608976944935
id07059,0.0687184490141875,0.25072636887936817,0.6805551821064443
id08357,0.27645600027932904,0.4135197649145004,0.31002423480617053
id13619,0.0008787226073333017,0.0029580220160195635,0.9961632553766472
id27086,0.0006121658288435617,0.9993739334389286,1.3900732227856406e-05
id03789,0.9670592157751817,0.009473600656737784,0.023467183568080544
id00177,0.02309197245324738,0.000839548571412334,0.9760684789753403
id01552,0.9284014436031158,0.00307624776852488,0.06852230862835926
id03027,0.7030625133969436,0.11627667484479748,0.1806608117582589
id15841,2.3073930040923133e-07,0.999999163294593,6.059661066128464e-07
id27214,0.018940361910584496,0.851490383762415,0.12956925432700053
id14095,0.9840064897135705,0.007195426433025282,0.008798083853404217
id08434,7.113893933205876e-06,0.999821403196977,0.00017148290908985814
id05532,0.33890763850858935,0.0029246953813489617,0.6581676661100617
id06247,0.002785793171116168,0.9968358415321728,0.00037836529671110184
id09916,0.5503502598756913,0.3444940282175454,0.10515571190676329
id18651,0.9844815696745062,0.0036021824850009454,0.011916247840492845
id26324,0.09411477397906967,0.3032261744369667,0.6026590515839636
id27363,0.10841683009609142,0.00012679526617815636,0.8914563746377304
id02302,0.015647036788909774,0.00013017965821844073,0.9842227835528718
id12845,0.08805680184896952,0.8781349062631842,0.033808291887846315
id20294,0.0008478945075437684,0.006158479616613853,0.9929936258758424
id04233,0.33551379469174686,0.019694273720875084,0.6447919315873781
id20000,3.696773403404108e-05,0.9999614211392042,1.6111267617739589e-06
id02527,0.004825405067686986,4.1212410871827824e-05,0.9951333825214412
id26763,3.2102005492187065e-10,0.999999990282705,9.39627488157141e-09
id15763,2.5911673002227297e-06,0.9999965616563433,8.471763564836402e-07
id10374,0.9867507830722043,0.00997064038335899,0.0032785765444366503
id00901,0.0010891057283957688,0.9977020352207083,0.0012088590508958844
id22161,0.6694714064550557,0.1191329860256627,0.21139560751928171
id15200,0.9997819818335082,2.2234982885803784e-05,0.00019578318360609912
id15430,0.04931616672932972,0.012799680386074501,0.9378841528845958
id27468,0.6613082324944612,0.021098154956950565,0.31759361254858814
id02378,0.061626087051281794,0.00028955988463169916,0.9380843530640866
id23250,0.9997581878597007,0.00012144467725576389,0.00012036746304350898
id18374,0.00040684395225803446,2.45596148570262e-06,0.9995907000862563
id01146,0.04975645772820644,0.9413995475053206,0.008843994766472945
id24617,0.9695669244468825,0.011621534760001308,0.018811540793116234
id01754,2.258106032009098e-05,0.9999096001144834,6.781882519662454e-05
id11383,0.21080402437131915,0.33704692834683225,0.45214904728184857
id24713,0.18832188643021286,0.681606304368807,0.1300718092009801
id26161,0.280605227329827,0.684483692348829,0.034911080321343956
id12466,0.5685837948220092,0.0028401544028206506,0.4285760507751702
id17409,0.9827340039006119,0.016391528031625857,0.0008744680677622558
id04066,0.695213782220473,0.3006788136835044,0.004107404096022596
id16890,9.279915734581952e-05,0.9988642897917898,0.0010429110508644174
id03358,0.9386091816234943,0.04982753874249616,0.011563279634009686
id19133,0.9849181150216888,0.003202994788714239,0.011878890189596956
id07358,0.0055183463100349295,0.9856282609641533,0.008853392725811718
id27773,0.012822458591863798,0.9871290970023607,4.8444405775470596e-05
id10699,1.61619834825467e-05,0.998367867310826,0.0016159707056914935
id08693,0.9996418534546095,0.00010448704387135577,0.0002536595015191201
id11944,0.0015245121494609443,0.9982204344960636,0.0002550533544755095
id02240,0.28313774588962354,0.6894427257982713,0.027419528312105246
id23124,0.8362045424842791,0.038277678051661546,0.12551777946405943
id05465,0.08171192862441856,0.03445848807681476,0.8838295832987667
id15540,0.023090576708477768,0.9747312871229197,0.0021781361686026225
id16715,7.350322043201156e-05,0.0001734578823728513,0.9997530388971952
id12563,0.0007935314388618283,0.0022702852481241327,0.9969361833130141
id00583,0.003795730445440135,0.07817498993964193,0.9180292796149179
id27730,0.0827148130326835,0.013228064622982245,0.9040571223443343
id00896,0.0003011395614619699,0.01030028781268443,0.9893985726258536
id15031,0.7046011206436664,0.2660687142311386,0.029330165125195005
id23271,0.002537619190873048,0.9634155238210158,0.034046856988111274
id17004,0.06467020292520258,0.028256608810427818,0.9070731882643697
id10247,0.06501080509978985,0.059118514469522127,0.875870680430688
id12055,0.9797490823570136,0.0032951068628451117,0.016955810780141387
id22719,0.7817551806354606,0.00023666058048724361,0.2180081587840522
id06891,3.35464136453678e-06,0.9999965608418546,8.451678079750985e-08
id27281,0.9930338287804887,0.0023051992313244895,0.004660971988186807
id23104,0.9920639783487367,0.0022938859716658488,0.005642135679597459
id14491,0.01156738462371495,0.9880496183035354,0.00038299707274954705
id24292,0.6058608652015279,0.36028314361821884,0.033855991180253224
id15777,0.06620132392581936,0.036056640018042686,0.897742036056138
id22522,0.00098888271312577,0.00013667510021805174,0.9988744421866562
id25136,5.788024687699085e-05,0.9996696636477662,0.0002724561053567809
id17735,0.047685292687267976,0.9515987846788532,0.0007159226338788636
id18869,0.5072976074831522,0.04784973425263375,0.444852658264214
id20815,0.0006622462543260634,0.9992485128832539,8.924086241995929e-05
id15238,0.713376625381184,0.012911855420623638,0.27371151919819237
id24454,1.7462054763729792e-06,9.64959755093293e-07,0.9999972888347686
id14402,0.0014747231222632742,0.00036952132131064117,0.9981557555564261
id10985,0.9986311045069173,0.00011611523583205784,0.0012527802572506275
id12747,0.9975654616928776,2.4251453373675477e-05,0.0024102868537487676
id11581,0.43245137886316226,0.15057676566625722,0.4169718554705805
id07594,0.9912757002249993,0.002114238981997901,0.0066100607930027755
id08240,0.37282494336176436,0.6241661537963298,0.0030089028419058405
id12773,0.004358465425129659,0.9915140972916409,0.004127437283229544
id12838,0.5497494704206488,0.0138687403120458,0.4363817892673054
id23322,0.007294948237631876,0.9908191025234342,0.0018859492389338812
id22344,0.9293554267243492,0.02172837693282905,0.04891619634282179
id12881,0.7106935525044094,0.20989531754320945,0.07941112995238128
id20147,0.0009987336517029144,0.00011531854219841981,0.9988859478060986
id13261,0.294932243178418,0.7022788050599376,0.0027889517616444047
id01842,0.002938155143541393,3.9222979434431635e-05,0.9970226218770242
id25884,0.9998586624517192,6.19407406463208e-05,7.939680763450754e-05
id01643,0.6655341610095498,0.2658103858764354,0.06865545311401486
id26737,0.06174443633056873,0.9382081570273225,4.740664210877006e-05
id10558,0.026616881046132634,0.9484874791456268,0.02489563980824062
id20458,5.081857917299715e-05,0.0008397413267297513,0.9991094400940973
id23965,0.2016567014856482,0.6218629520713775,0.17648034644297428
id26758,0.9724450127950756,0.003436699967844271,0.024118287237080246
id27519,0.9835695598462069,0.0009667000338121016,0.015463740119981055
id20676,0.4557970023836627,0.5268273624376415,0.017375635178695673
id10536,0.9438791755942166,0.016070325084163083,0.04005049932162035
id12652,0.9853332554498312,0.00014290550439415757,0.014523839045774782
id00041,0.0002651224974463752,5.0634558694023374e-05,0.9996842429438596
id16051,0.019199373599949863,0.13861033799277872,0.8421902884072715
id02396,0.007876393339851495,7.174872743726963e-05,0.9920518579327112
id00294,0.0062290612785055825,0.0003242966471782534,0.9934466420743162
id07695,0.8771407593401681,0.033967670600985315,0.08889157005884661
id12440,0.04079276132435992,0.9577239356674473,0.0014833030081927532
id18373,0.28600191038266504,0.6945009201846413,0.019497169432693803
id16812,1.7474943982818424e-06,0.9999977282372166,5.242683851239456e-07
id20901,0.0003910260805609853,0.9995511384141152,5.783550532374112e-05
id12076,0.0018581063863947968,0.0003030396186046634,0.9978388539950006
id19184,0.9995298699811103,1.5861291824949686e-05,0.0004542687270647558
id08937,0.016786300094257137,0.857819154863088,0.12539454504265488
id08181,0.04663672808951475,0.5812855076696342,0.3720777642408512
id10111,0.9917519542342575,0.004441597889504011,0.003806447876238392
id24104,0.03715390475753026,0.9495264129588201,0.013319682283649622
id24837,0.08966304762039885,0.8805295241696527,0.029807428209948424
id15659,0.18575236211030388,0.024287814258029894,0.7899598236316662
id14673,0.6569082229338402,0.05188779345631321,0.2912039836098466
id22539,0.025902307664505544,0.019548165941447093,0.9545495263940473
id22413,0.7995159157211179,0.19928119407218906,0.0012028902066928767
id19433,0.10736346587782714,0.4709273330063349,0.42170920111583804
id11633,5.673618956865458e-05,3.7792451071997774e-05,0.9999054713593594
id04727,0.007651975298723287,0.0830495267782213,0.9092984979230554
id26735,0.23924596454062708,0.7129252060552155,0.04782882940415752
id17167,0.0007118435652479646,0.9988361940016544,0.00045196243309760913
id04188,0.002661399599148762,0.9972487068351921,8.989356565911444e-05
id07861,0.6779092934953118,0.3203548487557758,0.001735857748912362
id05163,0.523787454235038,0.0007767073408536302,0.47543583842410825
id14142,0.06470978825275661,0.7655429909822572,0.16974722076498622
id16011,0.9316922130834874,3.4671968196651616e-05,0.06827311494831606
id24117,0.028570588321950148,0.9714227819086169,6.629769432991875e-06
id06439,0.08339938881047722,0.006862678936299245,0.9097379322532235
id06481,0.0255533581984522,0.004671978012416727,0.9697746637891311
id10069,0.9848242425160236,0.0012027304488463444,0.01397302703513007
id11204,0.21852435960687702,0.06451301170778304,0.71696262868534
id15541,0.0008717664587412695,0.00014066429170118364,0.9989875692495576
id11872,0.00503439326619836,0.9910394920367005,0.003926114697101104
id21639,0.0025173351579809234,0.9967209189875633,0.0007617458544557542
id19801,0.0014833163564099523,6.428135863211823e-05,0.998452402284958
id15798,0.4118924883363138,0.492229147846505,0.09587836381718123
id18282,1.6776086786359403e-05,5.604213269241124e-07,0.9999826634918867
id27107,0.3671650148192537,0.00430799363807488,0.6285269915426714
id23052,0.9998366959149618,1.9835476055734708e-05,0.00014346860898250302
id19129,0.0014895386336955506,0.9943506786226207,0.004159782743683736
id08088,0.1604928911390825,0.8169401193683764,0.02256698949254107
id26398,0.992576714264415,0.00034309768484005164,0.007080188050744921
id06010,0.5033058487592261,0.10451361838977934,0.3921805328509945
id24813,0.9997663909866783,9.58864439683688e-05,0.0001377225693533728
id27399,0.30564994469260565,0.1288610803381396,0.5654889749692548
id15776,0.9906372408414125,0.005945861989225324,0.0034168971693622056
id25955,8.18375619776938e-06,6.1732104460834205e-06,0.9999856430333561
id19866,0.1278873150654497,0.8662682699952132,0.005844414939337077
id00804,3.849226003238495e-05,1.5047164798524897e-05,0.9999464605751691
id03140,0.964493662695264,0.006069767699163705,0.02943656960557229
id21261,0.2858530336748112,0.0128721468275684,0.7012748194976205
id11754,0.9999743680352949,1.572289200772396e-05,9.909072697390674e-06
id07880,0.9896859818686046,0.0007319489040674799,0.009582069227327976
id25080,0.06500218815656818,0.6069858592473435,0.32801195259608845
id09317,0.6594836481623108,0.2976211339456498,0.04289521789203954
id15488,0.6942214971078682,0.3000461928624097,0.00573231002972222
id19606,0.9186156276276632,0.027429310681180652,0.053955061691156124
id14247,0.03296456900882968,0.0006366406055872434,0.9663987903855831
id21692,0.6210873202657583,0.1031627611922324,0.27574991854200925
id24843,0.7784933428966959,0.09692698206940355,0.12457967503390059
id11433,0.9322223481649227,0.01340439896193275,0.0543732528731445
id04705,2.4395415858303962e-08,0.9999930313718792,6.944232704888924e-06
id04583,0.004863311553178726,0.9940313019708662,0.001105386475954985
id21401,0.5135256230610405,9.960792684391233e-05,0.48637476901211557
id20649,0.5316578387573305,0.40287254381885523,0.06546961742381432
id02631,0.4151541657493287,0.5764819946603019,0.008363839590369328
id19128,0.22455972631684634,0.7299505922777625,0.04548968140539111
id27401,0.021685281783877356,0.9782809440288108,3.377418731182039e-05
id10015,0.8848773937491977,0.07247551695027113,0.04264708930053122
id09875,0.6773759338847368,0.3187495533082111,0.00387451280705212
id07941,0.9994343142981529,0.0003904464051277037,0.0001752392967193788
id00882,0.763117622035128,0.032813956959792986,0.20406842100507916
id14143,0.9359313061951643,0.012815501090914888,0.0512531927139209
id02713,0.0015967978908619518,0.001822839883054698,0.9965803622260834
id16462,0.0006998637285835679,0.6632553914797292,0.3360447447916872
id08522,0.9320733859530502,0.0346740271601559,0.03325258688679386
id07181,0.0001831831278826528,0.999786796851306,3.0020020811304212e-05
id20918,0.0003871987458894179,1.1984503990252719e-05,0.9996008167501204
id06178,0.0005913523933710743,0.0012861982364500114,0.998122449370179
id08857,0.5266332143926118,0.4649149084529982,0.00845187715438995
id23193,0.9757279946911017,0.0007237143052675573,0.0235482910036308
id19651,0.9999960029154261,3.8128049270136617e-06,1.842796469097478e-07
id09135,0.008691334990914592,0.000277605477738408,0.991031059531347
id16416,0.008231994573334768,0.9307083505994909,0.06105965482717438
id03990,0.9888392172069655,0.0015586862247944655,0.009602096568240048
id09922,0.0214986106251812,0.020454563520347233,0.9580468258544715
id17688,0.5290488319283413,0.0993134691579559,0.3716376989137029
id05846,0.6841820765699901,0.08947448283800456,0.22634344059200542
id22599,6.415491762137816e-07,0.9999993420114446,1.643937916554766e-08
id15087,0.6440745215100512,0.34961994934247903,0.006305529147469802
id14711,0.0029567307394729454,0.05981129822787151,0.9372319710326555
id09969,0.002297282532039127,0.9976989086324444,3.8088355165307766e-06
id21377,0.0006889067588761438,8.058671207703144e-05,0.9992305065290469
id25247,0.07631294961319905,0.7298681981910736,0.19381885219572736
id23590,0.1166193260595425,0.8832347562740808,0.0001459176663768303
id21390,0.04823397173203037,0.06895573185660954,0.8828102964113601
id21176,0.1748809361093487,0.5736356261636743,0.251483437726977
id27310,0.859236615722168,0.02734976570397712,0.1134136185738547
id03802,0.038454957669787224,0.0007257582598725994,0.9608192840703402
id19012,0.9994103973812134,0.0001402386805825196,0.00044936393820414685
id02414,0.002280626540310246,0.0006846327550880674,0.9970347407046017
id21814,0.3564907385909819,0.00800014583077519,0.635509115578243
id00247,0.9825070853274263,0.01121005995458887,0.006282854717984827
id24584,0.9999418824649797,5.503100438818603e-05,3.0865306321472344e-06
id01109,0.23776666457854767,0.015469207230538082,0.7467641281909143
id07953,0.9753512616179832,1.2021790704197463e-05,0.024636716591312623
id02030,0.4512616007023139,0.2035897919763551,0.345148607321331
id23912,0.3200785629586757,0.12904532785304337,0.5508761091882809
id13856,0.4539438796441028,0.028403917198169704,0.5176522031577275
id18661,0.00433108141145621,0.995587119287975,8.179930056868269e-05
id16595,0.0063997303276864224,0.008065528241164409,0.9855347414311493
id11387,0.00034270099848900885,0.025060604223913093,0.9745966947775979
id12489,0.010489046639475532,0.016507581504629575,0.9730033718558949
id26079,0.9910141989357645,0.008549244899500576,0.00043655616473496726
id05553,0.5294953215204669,0.4576867722729626,0.012817906206570608
id09596,0.9683568687620339,0.028001777816191405,0.0036413534217747756
id23663,0.0005927957260590987,0.9992340590332675,0.00017314524067346893
id25726,0.5367058403923134,0.004753582973024479,0.4585405766346621
id18105,0.02708804281220159,0.007869698917570892,0.9650422582702275
id23249,0.04234160751477044,0.9095792240212452,0.04807916846398434
id19756,0.0022812129921215623,1.7936468062563974e-05,0.9977008505398158
id23981,0.001875490161545802,0.9890221537207133,0.009102356117740852
id11521,0.051237975586444946,0.00012266062389873817,0.9486393637896564
id17449,0.001750878532079778,8.021645484247496e-05,0.9981689050130778
id15479,0.9662409364903157,0.010129398400980046,0.02362966510870427
id13555,8.337475981298651e-06,3.1660915231023693e-06,0.9999884964324955
id01520,0.7058433075961326,0.0033217705389751552,0.29083492186489224
id03093,0.857291833372757,0.013637968044562687,0.12907019858268035
id09992,0.7696391014265634,0.13878750521329253,0.09157339336014408
id06668,0.5503760226471333,0.43789804452274567,0.011725932830121135
id19568,0.45028767512797674,0.12868601175399086,0.4210263131180324
id17963,0.5029410804693477,0.11746589897768957,0.37959302055296273
id04142,0.6802454731084716,0.19845949591090375,0.1212950309806247
id24508,0.008847453726024369,0.0022495916136523342,0.9889029546603233
id10791,0.6449248014615641,0.023691460566344535,0.33138373797209136
id01228,0.05878055212088083,0.015038543879872432,0.9261809039992467
id24879,0.9535067149332977,0.0065910776559806915,0.03990220741072168
id19795,0.4439187497356824,0.3530735468404234,0.20300770342389418
id02488,0.06339163994835403,0.02750743496342801,0.909100925088218
id10204,0.4480956500199482,0.08973541508210518,0.4621689348979467
id20878,0.9498572205322771,0.006418287430932493,0.04372449203679052
id10163,0.023506866857534368,0.00020443400117628926,0.9762886991412894
id26439,0.7701532526145366,0.00856457040226051,0.22128217698320288
id06268,0.7395664731432674,0.26035473333799813,7.87935187345491e-05
id05530,7.048711467135077e-08,5.18541449402174e-09,0.9999999243274709
id15914,0.0023544292724526684,0.9943078218498147,0.003337748877732643
id21656,0.47497207778205397,0.3682551074449319,0.15677281477301408
id16473,0.006374296124587248,0.9929818562823701,0.0006438475930425597
id11262,1.818053080722436e-08,4.848876408088244e-09,0.9999999769705928
id15332,0.005492476983858391,0.0005381235854695745,0.9939693994306721
id01765,4.012446394961336e-06,3.894703553096452e-07,0.9999955980832498
id12527,0.9696372679300144,0.010844581522615552,0.019518150547370116
id16877,0.0003475701713006682,9.989822650435337e-07,0.9996514308464344
id19105,0.503212320548074,0.4135592907724383,0.08322838867948777
id19533,0.9955525095708505,0.0013571792948328045,0.0030903111343166647
id27557,0.011481810818337105,0.9876236737739383,0.0008945154077245621
id19487,0.004386772107271655,0.02076466886837849,0.9748485590243499
id25958,0.012148089022990975,0.033593529772167015,0.9542583812048421
id22331,0.94760716048609,0.00025835497310432176,0.052134484540805756
id13674,0.8483693289085015,0.1479821576320701,0.003648513459428445
id04688,0.9999860535518291,6.253882899313595e-06,7.692565271602455e-06
id25663,8.277463148813639e-05,3.171628840033778e-05,0.9998855090801115
id00344,0.0012995061547885578,0.9984906363339174,0.00020985751129399
id11323,0.9936287469237376,0.00550573178048,0.000865521295782428
id18670,0.8031378994743138,0.19513518291232945,0.0017269176133567151
id23811,0.9548586673855738,0.0015514671881029008,0.04358986542632327
id27702,0.9706090721290854,0.027542778720607165,0.00184814915030735
id09979,0.9919450243131287,0.000828274461114045,0.0072267012257573185
id25040,6.758501289229067e-05,0.9999234759139694,8.93907313844147e-06
id00083,0.9737465853543338,0.026232564326364585,2.0850319301645534e-05
id19751,0.9974059864600613,0.0009691131276534164,0.0016249004122853112
id19385,0.018163624742777565,0.016758297001014725,0.9650780782562077
id22498,0.944002923559921,0.0504533131341202,0.005543763305958864
id20381,0.9551036626912508,0.015970833286226102,0.028925504022523186
id00428,0.0008223242382570661,1.2149780978912984e-05,0.999165525980764
id26942,0.00017887560479292424,0.9480738106315842,0.05174731376362287
id10242,0.6554318084992138,0.07460914236183018,0.26995904913895596
id08136,0.0010141973618879628,0.0017911037886660206,0.9971946988494461
id00055,1.7859008350454314e-08,1.1318561317210583e-06,0.99999885028486
id15243,0.029758190762936697,0.12144176264450338,0.8488000465925599
id13954,0.9692784325643113,0.006311820448514059,0.024409746987174658
id26797,0.9901640199005806,2.032948223487345e-07,0.009835776804597081
id11384,0.0015129689960767438,0.9434141051150399,0.05507292588888338
id07965,0.4252380747690409,0.10532850566499437,0.46943341956596474
id19311,0.5608604972976634,0.15470800170852278,0.28443150099381376
id08841,0.9622143212519726,0.037056566742747196,0.0007291120052802147
id14884,0.9286140111480365,0.015912987611372723,0.05547300124059074
id10859,0.8103255548780108,0.0016471186897638506,0.1880273264322253
id10460,0.43319950521354167,0.5581269456527288,0.008673549133729424
id25236,0.3756441852185545,0.03194869476027817,0.5924071200211674
id19325,0.0007639892267896848,0.9990997413515554,0.00013626942165491043
id03265,0.012864553024779393,0.948323142312888,0.03881230466233265
id08636,0.0007768002313756359,0.9964466654924158,0.002776534276208707
id11848,0.006295668292921078,0.9818972533639255,0.011807078343153468
id20945,0.7800090457271961,0.011647891642625838,0.20834306263017813
id04971,0.9654454829740904,0.025910899382300078,0.008643617643609504
id08496,0.8666586432151284,0.11909138719435462,0.014249969590516987
id23091,0.036111968748121365,0.0031947142268612494,0.9606933170250175
id06654,0.029258904914054966,0.8842490173511728,0.08649207773477233
id10002,0.9111879139354601,0.08864819508328879,0.00016389098125113878
id16426,0.8833612077336964,0.05232896279613945,0.06430982947016423
id12285,6.004711750656333e-06,0.999992570979711,1.4243085384167835e-06
id18466,0.9988554915140039,0.0010915377777673022,5.297070822890855e-05
id27110,0.9994993345170319,3.48126836897627e-05,0.00046585279927835596
id07502,0.7900393811635112,0.09415229488904997,0.11580832394743885
id02890,0.43966393901824025,0.5092731590236347,0.05106290195812492
id19800,0.06488314317270662,0.9335902284941106,0.0015266283331828647
id19162,0.8944882587067822,0.08023967181316388,0.025272069480054032
id23696,0.953219753299315,0.037974413399145486,0.00880583330153956
id25580,0.9936546299684003,0.004647739576765722,0.0016976304548340768
id09671,0.2109689741997326,0.773638282574578,0.015392743225689391
id21501,2.8360175423623188e-05,0.9999187700608128,5.2869763763670064e-05
id23983,0.00024675323798818813,0.01161440063152376,0.9881388461304881
id15163,0.000956968242841146,0.7738498745910086,0.2251931571661503
id03351,0.00016059143503775923,0.9872540998785871,0.012585308686375038
id07575,0.002907898299086066,0.9950707407127755,0.0020213609881384797
id12149,0.23104217668792776,0.22786853702791454,0.5410892862841576
id10262,0.0014927925323123207,0.9959842479671638,0.002522959500524032
id20055,0.0012964949268669094,0.9984970318166192,0.00020647325651398585
id16660,0.9975034720463162,0.0002180554361246142,0.0022784725175592664
id03200,0.11845372568776137,0.8131543165378758,0.06839195777436277
id19508,0.21589404613064225,0.025893938212414185,0.7582120156569435
id03793,7.462035239229048e-05,0.9999098990111588,1.548063644901545e-05
id19882,0.021859350061649158,0.650047190903786,0.3280934590345648
id16261,0.7441300972149164,0.255679721330496,0.00019018145458769164
id22519,0.00048543498041030847,0.035099570212655515,0.9644149948069342
id24023,0.004206887873629716,0.9907756218512517,0.005017490275118646
id04432,0.7057383265121521,0.1779098567026628,0.11635181678518515
id06228,0.9919455515758369,0.000299694585443063,0.007754753838720107
id20655,0.47089945642219105,0.0002946365543623335,0.5288059070234467
id10603,0.12138196104319154,0.8714041203128794,0.007213918643929102
id05162,0.9930282031160714,0.005672503698323667,0.001299293185604974
id18462,0.017396250541000094,0.0302691534019253,0.9523345960570746
id10034,0.002708250989804289,0.9972424746192897,4.927439090598222e-05
id20090,3.5122823821992314e-05,3.175832137455391e-05,0.9999331188548035
id10966,0.024574309043910395,0.000711775440287411,0.9747139155158022
id10696,1.7000084693519182e-06,0.9999837510691262,1.454892240449187e-05
id01326,0.4952200611088322,0.037633147552724316,0.46714679133844345
id03613,0.030053397002456118,0.9698088327706382,0.0001377702269056957
id01794,0.9139570010833442,0.02313419963653244,0.06290879928012337
id26181,0.0005875139412957895,3.570579620434583e-05,0.9993767802624999
id27587,0.651983202805968,0.34799545300216944,2.134419186260075e-05
id08364,0.9900230108542366,0.0070653208954511255,0.0029116682503122927
id24179,0.9620148987971697,0.01469720968464832,0.02328789151818205
id02284,0.9860069738961349,0.005171306129157226,0.008821719974707952
id10671,0.9974267385847917,0.0009285643143890401,0.0016446971008193245
id08252,0.4215066612959276,0.2359235570161697,0.3425697816879027
id15951,0.5871628231872805,0.05236638101954563,0.3604707957931739
id21864,0.0052506935560997494,0.0013792233841294279,0.9933700830597708
id04453,8.593697794005221e-06,0.9999851758258248,6.2304763811547585e-06
id12771,0.032880492286337534,0.08917944104881324,0.8779400666648493
id09751,0.44599710432705825,0.04413667569582213,0.5098662199771197
id10572,0.7610664733607697,0.23294688024514035,0.0059866463940899325
id13036,2.8605286253747314e-05,0.00039235771510995636,0.9995790369986363
id00112,0.11973877455391077,0.09119031490417993,0.7890709105419093
id13299,0.0032865557798176935,0.16480704851360384,0.8319063957065785
id00858,0.05840472916194484,0.0014835440237775507,0.9401117268142776
id08297,0.0013035921002983043,0.9986751081529321,2.1299746769617352e-05
id11005,0.010745102412246691,0.119489680627233,0.8697652169605203
id25101,0.0026810670884982696,0.9900121010488423,0.007306831862659524
id26150,0.9928764068363158,0.006110618267595375,0.0010129748960888058
id13836,0.9996320122036869,0.00016373872336879043,0.00020424907294427653
id07352,0.051746295561344406,0.807337987988023,0.1409157164506324
id08883,0.5813227158129132,0.003554559352182638,0.41512272483490426
id09328,0.032991188935500064,0.83319286525567,0.13381594580883002
id03934,0.0031561363283763434,0.27740435430813243,0.7194395093634912
id14064,8.515934022733652e-06,0.9998471427229992,0.00014434134297800058
id06643,0.7440235097930951,0.001144210827097847,0.25483227937980707
id21558,0.9749511364106217,0.021520051712417082,0.0035288118769612256
id17053,0.3803200746198301,0.008509190846100413,0.6111707345340696
id06434,0.09324414117672007,0.05677957801800929,0.8499762808052707
id16616,0.007761235944659192,0.000549710886184957,0.9916890531691559
id03306,0.5738800521640353,0.010238298315659502,0.4158816495203052
id07375,4.750158102245997e-05,0.9838068160885953,0.01614568233038217
id07934,0.0024208177164177663,4.579828822163745e-05,0.9975333839953606
id02202,0.6778447410568271,0.0007781025272029609,0.32137715641596987
id03667,0.603496217139164,0.0006644301027167385,0.3958393527581192
id27531,0.904456507202284,0.08114659760681653,0.014396895190899532
id00608,3.843241462756082e-06,0.9999721949869187,2.396177161854944e-05
id18141,0.04697785158699251,0.004862898382923542,0.9481592500300839
id00008,0.999943302165258,3.301203869870499e-05,2.3685796043406768e-05
id08845,0.5384719051130477,0.018926061783130162,0.4426020331038221
id16610,0.9999793023824248,6.932090104110418e-06,1.3765527471033763e-05
id07464,0.01380626690274849,0.003674556291135567,0.982519176806116
id02189,0.9950872118893753,0.00029670078473887024,0.004616087325885836
id17456,0.007579039410584421,0.05798602134943358,0.934434939239982
id09421,0.0870372582204168,0.06091191998399319,0.8520508217955901
id12813,0.0414571879818675,0.05290377410715908,0.9056390379109734
id23428,0.003446668968320172,0.005880744126833016,0.9906725869048468
id01358,0.8922770741950619,0.10746608472333664,0.0002568410816015072
id02737,0.00010450886049137826,0.9987469306956994,0.0011485604438092273
id27430,0.0071037535935663115,0.008335360351223366,0.9845608860552104
id12857,0.0031840481413045922,0.9668631810689303,0.029952770789765052
id01905,9.735667031091265e-05,0.0004469281542510634,0.9994557151754381
id18314,0.9998867893457062,5.5569885850233e-05,5.7640768443594845e-05
id02216,0.9846465768060215,0.00041079532548128487,0.014942627868497177
id04034,2.3811269159328963e-05,0.9999650303362947,1.115839454600678e-05
id11461,0.0012040136921253506,0.9987946325016324,1.3538062424390346e-06
id09397,0.010834849658550033,0.010056548602461808,0.9791086017389882
id25870,0.04076172950783102,0.9217558427863899,0.03748242770577893
id11653,0.740681365426487,0.009169673587408186,0.2501489609861049
id10046,0.9927467536396712,0.001001310093987805,0.006251936266340978
id27294,0.9987479267578224,0.0012515038685894505,5.693735881886446e-07
id09975,0.9997804751467063,8.156976541445264e-06,0.00021136787675225962
id09133,0.014333975117180571,0.00029827518883224766,0.9853677496939872
id08410,0.5949628910860322,0.010645191892258776,0.3943919170217091
id19062,0.13500999158303006,0.8585585754406873,0.00643143297628271
id26530,0.0008825491938814015,0.0001690799185247097,0.9989483708875939
id09772,0.9330985239917952,0.012320994495480964,0.05458048151272386
id10360,0.9872899127082343,0.005063861447370562,0.007646225844395079
id12530,0.004105334840341592,0.9945881794294454,0.0013064857302129528
id06013,0.008471177765113856,0.004161706555756435,0.9873671156791297
id10525,0.943747371101318,0.011354947961186452,0.04489768093749562
id25934,0.030237421000904253,0.9690209241580299,0.0007416548410658649
id10624,0.9515519367225526,0.04653351567164408,0.0019145476058033575
id16000,0.003744492885037735,0.00028222142766337453,0.9959732856872989
id01995,0.9654715587882697,8.122065579589885e-05,0.03444722055593443
id26809,0.0001208163361124859,2.1679482741131228e-07,0.9998789668690601
id06631,0.004905397267136661,0.9945097033442328,0.0005848993886305375
id23869,0.0010731962201825376,0.03473590312370834,0.9641909006561091
id06357,0.025750539896317124,0.9625081985879476,0.011741261515735292
id02926,0.054436254113945516,0.0004030570590326191,0.9451606888270219
id14130,0.9972498682888405,0.00010852051941675777,0.0026416111917427674
id12672,0.05191245556367136,0.9464885667581373,0.0015989776781912453
id21593,0.9931415591041582,0.005886623472175527,0.0009718174236662214
id06089,1.7677697687229696e-06,0.9999977417525682,4.904776631842705e-07
id09878,0.0742803258535087,0.008214071298764468,0.9175056028477269
id06940,0.0005312387235179717,0.9977673517938366,0.001701409482645448
id11312,0.0041654068523540285,0.9958104836715496,2.410947609638068e-05
id25039,0.14647071851161617,0.0020525879320083206,0.8514766935563755
id25401,0.3697175842004039,0.38492571397355946,0.24535670182603675
id21772,0.11972965307116076,0.5823075991454106,0.2979627477834287
id22915,0.012748845438289384,0.377608658307559,0.6096424962541517
id01096,0.8726766392171886,0.047193553687469005,0.08012980709534229
id15071,0.0002627105999121082,0.9995015366193737,0.0002357527807141768
id01062,0.001058136633116282,1.9398979061993336e-06,0.9989399234689775
id09059,0.0003127449750664277,0.9913002180872521,0.008387036937681542
id16954,0.7980688699467623,0.01563567326350048,0.18629545678973727
id11730,0.9296163999074132,0.03436583405206649,0.03601776604052033
id26294,0.010914356737834746,0.002768713447107795,0.9863169298150575
id00940,0.316271869928178,0.6123688080682681,0.07135932200355383
id08422,0.5381348666788492,0.29564557953555315,0.16621955378559758
id14612,0.001856594423616376,0.0003063670132541616,0.9978370385631294
id11545,0.6901399429607235,0.23256231193531177,0.07729774510396487
id24921,0.0036065295931688632,0.001062832347830489,0.9953306380590007
id18942,0.8323742426371074,0.0002824529106658538,0.1673433044522269
id23652,0.03444397655671845,0.8182195319957276,0.14733649144755387
id07261,0.42892400455890856,0.004680768697665286,0.5663952267434261
id11791,0.9449496791622144,0.013755130690382493,0.04129519014740318
id07207,0.023434379051546734,0.17624345449547008,0.8003221664529832
id19774,0.99974510827534,0.00023707168919099252,1.7820035468998627e-05
id06049,0.89062660909782,0.08380027387465136,0.025573117027528645
id13983,0.23444823689238703,0.002204541775678847,0.7633472213319342
id27463,0.15757688631373581,0.006681683280831101,0.8357414304054331
id09046,0.00019692283493303328,0.5337370254010508,0.4660660517640162
id25994,0.05470883951296804,0.9434791676154612,0.0018119928715708388
id02689,0.054369727313410034,0.8973020755556586,0.0483281971309315
id14829,0.00660703212697027,0.9933873632698159,5.604603213844175e-06
id20759,0.0009527043327284762,9.133892396626423e-07,0.9990463822780319
id27848,0.9470888995915436,0.0022457498709281616,0.05066535053752827
id08225,0.00016445700580556289,2.198988456960964e-05,0.9998135531096248
id17637,0.02447231315796062,0.00021663582297312028,0.9753110510190662
id15355,0.9879225632145314,0.0026491645370512644,0.009428272248417333
id13448,0.11977241694325037,0.09807996072358184,0.7821476223331678
id01981,0.044230865518654065,0.8372310159736432,0.11853811850770278
id09107,0.25481368773576984,0.023088204173977417,0.7220981080902528
id20630,0.9379590116435643,0.06133436860299428,0.0007066197534412516
id10726,0.919594530699124,0.07600487484249675,0.004400594458379282
id03636,0.0037066804860648654,0.03661957377874405,0.9596737457351912
id01736,0.28175012424345675,0.4512336485173434,0.26701622723919993
id23828,0.2754543625964268,0.7082271023523652,0.01631853505120808
id27861,0.3151376494372631,0.032646797831135936,0.652215552731601
id14983,0.9657198970451923,0.018688248789449722,0.015591854165357901
id04726,0.07269911620768195,0.21847334278344926,0.7088275410088688
id03313,0.06672843147080243,0.0009740362060179087,0.9322975323231797
id21981,0.009170128360063949,0.9853093704683463,0.005520501171589768
id20082,0.8283248996272453,0.1689831246418388,0.002691975730915982
id03502,0.9792700148709573,0.0035097582462069645,0.017220226882835712
id04804,0.8151894789793154,0.03387492241965236,0.15093559860103223
id20635,0.04104606932105317,0.0003914282898339948,0.9585625023891129
id09564,0.8343949962673218,0.09266402297974967,0.07294098075292836
id01354,0.04838738189627605,0.9474236015509441,0.004189016552779888
id09441,0.02876253086115964,4.49370078514526e-05,0.971192532130989
id07175,0.9584015452233305,0.005828942081057817,0.03576951269561165
id15544,0.3557431884227325,0.08332489211191209,0.5609319194653554
id25935,0.3157951091781324,0.4776755578836222,0.20652933293824538
id19230,0.30633207706546306,0.6930846508479162,0.0005832720866208262
id00718,0.10135983165477672,0.008925137517030021,0.8897150308281933
id00274,0.9988648883524365,0.0011313277205528653,3.783927010625524e-06
id16546,0.5574713315151867,0.42386825594192856,0.018660412542884766
id02136,1.957344034580187e-09,0.9999999894928601,8.54979584604189e-09
id19618,0.026528169555393857,0.9443337503088297,0.02913808013577644
id00503,0.005224646990510187,0.0005069479184676974,0.9942684050910222
id11300,0.0768083937951911,0.9229131536767959,0.00027845252801293844
id21526,0.000505743485109854,0.999480844900004,1.3411614886151658e-05
id07300,0.0015801601645149639,0.9981492911411105,0.00027054869437449026
id18782,0.016313350323143624,0.981446868393369,0.0022397812834873522
id01883,0.05758371773712237,0.9328696762580384,0.009546606004839218
id25235,0.9711142216247115,0.021888661524340682,0.0069971168509478905
id03747,0.00377804068696245,0.005377526150866075,0.9908444331621715
id07155,0.832954332806966,0.12014855423507922,0.04689711295795466
id00565,0.9999994424116474,5.575200627691846e-07,6.828988652306216e-11
id11232,0.9993918318040744,0.00045273173377543814,0.0001554364621500772
id00722,0.010206269391256252,0.9444946584983692,0.045299072110374566
id19963,0.03229235756328905,0.21111918608261354,0.7565884563540974
id16866,0.9923119608915362,0.0037505465702266003,0.003937492538237267
id17280,0.009104352310984526,0.99077083280149,0.00012481488752543135
id04309,0.6659870087946222,0.18337343003840856,0.15063956116696922
id23317,0.005038509087482961,0.9862160926595703,0.008745398252946679
id25757,0.0011226518226466614,0.9919171047745885,0.0069602434027648055
id17088,0.010278687213031615,0.006640764459858672,0.9830805483271097
id19779,0.039227845772509345,0.0003205243961604785,0.9604516298313303
id26845,0.006423049035583369,0.9738249696505767,0.01975198131383997
id01923,0.7554207189811591,0.02660516242638162,0.21797411859245922
id09394,0.008657432817586724,0.7000984318304303,0.29124413535198307
id25978,0.10486882776893135,0.08556390384700431,0.8095672683840643
id03898,0.041691478037670184,0.9580597744248172,0.0002487475375126931
id11967,0.09874204587189891,0.011689754509686234,0.8895681996184149
id14964,0.9892145983098244,0.00044020449972811097,0.010345197190447413
id06337,0.0010070455484140766,1.1690721251244398e-05,0.9989812637303347
id26501,0.0003290247753877558,0.0029093774957601433,0.9967615977288521
id20513,0.9735359700448135,0.02489639291072557,0.0015676370444609705
id05044,0.9907595575592637,0.005451975226471772,0.0037884672142645677
id07951,0.08331443134722574,0.0022039437526621755,0.9144816249001121
id14796,0.3671553807586728,0.1734238585160604,0.45942076072526683
id09780,0.025246829006983704,0.002208268772500334,0.9725449022205159
id13597,0.999958137940526,3.940090090069959e-07,4.146805046502677e-05
id26413,0.9993727718233233,0.00027351884672040206,0.00035370932995625867
id14007,2.8183771415354e-06,0.9999939780954167,3.2035274418129257e-06
id01799,0.3183455267711078,0.12051740128359283,0.5611370719452994
id24712,0.0017543078332532107,0.31301343440414175,0.6852322577626051
id13156,0.007366098661313567,0.14991359470887233,0.8427203066298141
id25468,0.0029226400961401434,3.0401360781405997e-05,0.9970469585430785
id25877,0.6647087921330177,0.008657240470374231,0.32663396739660805
id22485,0.00022297116306665288,0.9997765048370674,5.239998660509509e-07
id09229,0.0005404698229098725,0.00030918807619332726,0.9991503421008968
id25687,0.7889050412500288,0.0293972443760779,0.1816977143738933
id12266,0.47380917796502203,0.3918830287773682,0.13430779325760972
id19723,0.9924844120059412,0.002676605957536726,0.004838982036522183
id03536,0.9999998720186205,6.45070005532739e-08,6.347437902470331e-08
id24370,0.00023400802744071988,0.9949155093356102,0.0048504826369490895
id10745,1.2935128022003726e-07,0.9999997913187633,7.932995650663445e-08
id17620,0.9715935096159044,0.013762814318130062,0.014643676065965533
id16290,0.0008668939299341314,0.9986928361154793,0.0004402699545866783
id04325,0.5064374865257995,0.163793037242675,0.32976947623152564
id23332,0.036443817233798685,0.0002316922631614313,0.9633244905030399
id15082,2.5910768441004084e-05,0.9999701740000403,3.9152315186739456e-06
id21581,0.00028673939195479283,0.0031196315213558525,0.9965936290866894
id17460,0.9807789324678522,0.0038047360109754913,0.015416331521172378
id17003,0.9712219524606156,0.007444558184709848,0.021333489354674568
id15193,2.8984813337240296e-06,0.9998350137124988,0.00016208780616747617
id08389,0.009792596480050509,0.0024371215287143024,0.9877702819912352
id19831,1.8118477597874506e-05,4.786769329135272e-06,0.9999770947530731
id25627,0.005520589697278266,0.00457615302553989,0.9899032572771819
id14051,0.5657131735001052,0.0026600004871884723,0.43162682601270635
id00942,0.9841748528388949,0.0010229221017069932,0.014802225059398074
id09184,0.005719046129776614,0.9577751175963671,0.036505836273856285
id21762,0.8684739157105245,0.13009669152761813,0.001429392761857416
id07390,0.8830505500717855,0.09871473972784996,0.018234710200364625
id25785,0.06055572311149059,0.8321545555949754,0.10728972129353409
id17567,0.020961851584144646,0.9757308049904755,0.0033073434253798896
id13118,0.00011589239853693206,0.9998032222541843,8.088534727879957e-05
id17508,0.002292185388753386,1.4750583217131405e-05,0.9976930640280295
id21192,0.9063030622902329,0.00014472852568721368,0.09355220918407979
id27884,0.28429750348585775,0.02739230924796995,0.6883101872661723
id08686,0.0004021082062833334,0.9737043916454233,0.025893500148293485
id01360,0.8537445869523325,0.14535642443797142,0.0008989886096959791
id13689,0.5851080345951645,0.05795430047066764,0.35693766493416795
id01772,0.17000129256153665,0.014900491043555874,0.8150982163949075
id17507,0.0012450205074205256,0.9969682124972613,0.0017867669953181733
id17644,0.8370923537298408,0.14361766074117802,0.019289985528981188
id00494,0.9535421032732,0.04412244851817313,0.002335448208626891
id09881,0.003480027162976256,0.9956276475974256,0.0008923252395981881
id02306,0.8842783883942729,0.009314014995896586,0.10640759660983055
id06761,0.9919471674698603,0.006747259977269077,0.0013055725528705177
id15045,0.12649506440753108,0.04530379440356856,0.8282011411889003
id05992,0.03974033335665921,2.1093767356516416e-07,0.9602594557056672
id18245,0.863798391355395,0.04106861815841941,0.09513299048618558
id01047,0.9571775903802134,0.006245356945121006,0.03657705267466556
id23601,0.004547600635544559,0.0004655254139188079,0.9949868739505366
id13140,0.982202029644944,0.005371220289992672,0.012426750065063342
id05280,0.001287816571145171,0.9789834627725121,0.019728720656342638
id03728,0.05814287978145732,0.013337643855716064,0.9285194763628266
id15626,0.8986026175606653,0.06553532335916394,0.03586205908017081
id03086,0.00011757799779170038,1.0957635265578914e-05,0.9998714643669427
id27898,0.15110339520148586,0.7060391870074951,0.14285741779101901
id05891,0.9998657432243667,7.898753068138157e-08,0.00013417778810261802
id02214,0.011109436729771808,0.02468292160007028,0.9642076416701579
id17274,0.9964943098366853,0.0029100762635708385,0.0005956138997438658
id09359,0.9793900762197356,0.001607838914332953,0.019002084865931444
id03320,0.9974296223400134,0.0001367714561342458,0.0024336062038523244
id26061,0.9525079150561226,0.010832455403891288,0.03665962953998604
id02869,0.9895177728419602,0.01043325339169769,4.897376634225974e-05
id21891,6.293500018654915e-11,0.9999999994049609,5.321041858521403e-10
id06182,0.0333915605727807,0.8815066229155916,0.08510181651162783
id13429,2.385973686890181e-05,0.9999702463493603,5.893913770868886e-06
id15943,2.6790699543296732e-05,0.0008336524737939217,0.9991395568266629
id13008,0.05756489199097617,0.9362972562607688,0.006137851748255127
id08587,0.8538104968441552,0.01133906296658652,0.13485044018925837
id03346,0.9667159628651957,0.03279433925286135,0.0004896978819429979
id02052,0.08228624611205172,0.3138572197060812,0.6038565341818671
id00916,0.044639565898802365,0.9491983354895298,0.006162098611667942
id11093,0.3199828755592534,0.0589778901798148,0.6210392342609318
id15190,0.9958031709697122,0.000451759685186248,0.0037450693451015907
id23076,0.6662976728093205,0.037401808210279996,0.29630051898039955
id25738,1.1683335143229444e-05,0.9999813910868132,6.925578043611115e-06
id21546,3.015511863258811e-08,4.6810911640795734e-08,0.9999999230339697
id17764,0.9923100681140328,0.0072147394618689575,0.00047519242409832
id11990,0.9043532096932775,0.09517539062847241,0.0004713996782501795
id21050,0.8398283762529251,0.11107527266414995,0.04909635108292504
id18324,0.27129367704242974,0.212118205193552,0.5165881177640184
id20690,0.5499144499373869,0.07828132299538362,0.37180422706722954
id19799,0.007341888990029668,0.008147334509656956,0.9845107765003134
id12658,0.9552682447176198,0.040974387190570366,0.00375736809180987
id03781,0.1865440193025668,0.012208495897310614,0.8012474848001226
id04870,9.436857547921286e-05,0.9939463663959742,0.005959265028546565
id20596,0.002081237635741538,0.9977281059417976,0.00019065642246089012
id26849,0.9946493579638608,0.0014260367704849982,0.003924605265654287
id00600,0.0275135693776004,0.9669779707403063,0.005508459882093286
id11902,0.984853185396792,0.013137264541248759,0.0020095500619592816
id19219,0.9347225950386355,0.005272050353368572,0.060005354607995894
id14788,0.00010928886255824532,0.9998903286069989,3.8253044292778106e-07
id22482,3.166124978474985e-05,0.9994170317426482,0.0005513070075670667
id15378,9.304506631557467e-07,0.9999990293939213,4.0155415558531376e-08
id14696,8.283526271336988e-06,0.9999915984661226,1.1800760599590391e-07
id17359,0.3423281861933152,0.05897047791028895,0.5987013358963958
id16190,0.8906619675865614,0.09672380794631931,0.012614224467119371
id21285,0.9179275812995721,0.011422178952957454,0.07065023974747044
id06812,0.9127723491318341,0.06632983863920244,0.020897812228963412
id15579,4.4722493568335765e-08,0.007294712612161584,0.9927052426653449
id26672,0.9999245410541642,7.47930496918617e-05,6.658961439540798e-07
id09842,0.01371290455541274,0.9532022956169427,0.03308479982764456
id06045,0.9401317457106818,0.058048274369515034,0.0018199799198031963
id21233,0.9986676967966615,0.00011550744559552665,0.001216795757743025
id16227,0.9893773458420605,0.003221896861149485,0.0074007572967900205
id17437,0.023579802054121753,0.31608620170667373,0.6603339962392045
id02309,0.9942092556576433,0.005757614180813238,3.3130161543544766e-05
id18232,5.6697848607100486e-05,0.0005485820286927324,0.9993947201227003
id23419,3.154159077565845e-10,5.375164770274115e-13,0.9999999996840466
id11924,0.9996404309220549,1.6611895163207974e-05,0.0003429571827819059
id12263,0.9989019983360616,0.0005307204060626615,0.000567281257875763
id16734,0.934010349731986,0.0007563686243312503,0.06523328164368274
id07989,0.9827008971906706,0.002971460945458778,0.014327641863870644
id24633,0.011320152156515113,0.036356933063622615,0.9523229147798623
id19770,0.944311234135535,0.0009109982499974453,0.05477776761446772
id05094,0.16671407789795753,0.013785777554217683,0.8195001445478248
id07252,0.8652019506347437,0.05665993692125316,0.07813811244400314
id12536,0.9871733416501534,0.0059756888228899826,0.006850969526956576
id24324,0.9770966682917995,0.010561004021837414,0.01234232768636309
id25546,0.11542763652653037,0.02858521699016896,0.8559871464833007
id24732,0.9940392829496189,0.0009657179381554513,0.004994999112225709
id07280,0.038079361873248424,0.10201723755062708,0.8599034005761245
id23268,0.9652020893520653,0.01192838747355657,0.02286952317437804
id18050,0.00929075698505245,3.321956467508831e-05,0.9906760234502725
id19360,0.9734698108467684,0.02631327073792511,0.00021691841530653002
id00456,0.06600415954580552,0.9327681619202601,0.001227678533934381
id14069,0.024366023962317747,0.9750777148073164,0.0005562612303657483
id24965,0.00042079002817338245,0.9994900757904137,8.91341814129001e-05
id13245,0.03119333340626188,0.011536393217799515,0.9572702733759386
id22515,3.316089946118823e-05,0.9999136222356066,5.321686493230359e-05
id11332,0.9744983231488218,2.821179113113709e-06,0.025498855672065158
id19876,0.0023439350939151865,0.00015815002682031867,0.9974979148792645
id18315,0.954904446051264,0.0043265046016182675,0.04076904934711766
id05260,0.012834300374460586,0.9772109092619741,0.009954790363565358
id14594,0.019630081420051314,0.9798299875077343,0.0005399310722143662
id12867,0.8926685984617397,0.10391597436070626,0.003415427177553898
id05902,0.0012715275706199865,0.9981886010014324,0.0005398714279476666
id06390,0.007691843143208435,0.0004686401032042415,0.9918395167535873
id06005,0.1114148446888428,0.8316951933957369,0.056889961915420055
id24075,0.03674630066856636,0.12613942278959606,0.8371142765418376
id12630,0.19744195924990257,0.7921745040516327,0.010383536698464793
id26378,2.342618301076783e-05,9.773386528077685e-05,0.9998788399517085
id05535,0.0437879460318476,0.7914748072995489,0.16473724666860354
id26702,3.3883039593268686e-06,5.9623296488353334e-05,0.9999369883995524
id25209,0.19423555733600464,0.02604376243840116,0.7797206802255943
id19835,0.00017974006915848922,0.009763444046771631,0.9900568158840699
id09511,0.03446877290229148,0.9651808270486366,0.0003504000490719436
id27364,0.6066974274773836,0.38820793334419856,0.005094639178417884
id09695,0.9765897984473675,0.012450552864934388,0.010959648687698133
id16165,0.9579738094160485,0.0218222545170801,0.020203936066871375
id19503,0.0018230595109652332,0.0007401993439240888,0.9974367411451107
id13511,0.005780362208974554,0.00279719369660963,0.9914224440944158
id18752,0.006851287971368413,0.00035579268191560467,0.992792919346716
id18278,0.9622726777227022,0.036626617519433656,0.0011007047578641285
id27219,0.8635811673211877,0.0700566998542161,0.06636213282459623
id05454,9.243981304157067e-05,0.9998232398099487,8.432037700981439e-05
id12347,0.4886304027854384,0.0565377212409011,0.45483187597366054
id10397,0.8237412475831333,0.07809498182813018,0.09816377058873671
id18543,0.7919791463070724,0.021541876292459385,0.18647897740046812
id05210,0.8660012169438425,0.1339837560390036,1.5027017153916424e-05
id23141,0.0004342672758178057,0.9995434333512061,2.2299372976092747e-05
id17139,0.9882103649988765,0.011544177301503648,0.00024545769961981193
id21399,0.9939156592391516,0.000764618520071836,0.005319722240776613
id18728,0.9025591331235878,0.004147183583522304,0.09329368329288987
id12170,0.012501828653021572,0.9864274757813719,0.0010706955656065518
id02225,0.0136350411196122,0.9738165751047952,0.012548383775592578
id27210,0.03881219633341655,0.9551274771715034,0.0060603264950800095
id01242,0.05020972417370143,0.008987473107801852,0.9408028027184967
id16587,0.21281615534359533,0.06862795323472487,0.7185558914216799
id11144,0.0194617264438017,0.02122837611383589,0.9593098974423625
id13709,0.9834929667285224,0.004453134277905686,0.012053898993571876
id00841,0.003202584996512582,0.9956506236717334,0.0011467913317540035
id09692,6.224273216450992e-07,2.3207912060785486e-07,0.9999991454935578
id07635,0.9948588114759803,0.004993503948856616,0.0001476845751629921
id11375,0.9839788489612775,0.006142821995327916,0.009878329043394557
id05703,0.8077469286835308,0.11443007600654247,0.07782299530992674
id02757,0.9971572705931493,0.0024556082034142995,0.0003871212034363998
id08216,0.024068338328622194,0.9689824818265868,0.006949179844791031
id09311,0.04785042373476617,0.07250596121720092,0.879643615048033
id11169,0.8404763772800681,0.0666276012921274,0.09289602142780456
id23806,0.9976081091100957,1.2177064657387971e-05,0.0023797138252469366
id01253,0.2826054964815216,1.6911590115435065e-05,0.717377591928363
id27558,0.020361034860979996,0.9555074479101024,0.024131517228917595
id06695,0.9999973470285977,2.435546803556225e-06,2.1742459878087848e-07
id22654,0.00037446130011658727,0.99624212528225,0.003383413417633558
id16201,0.967340133776076,2.6718948912020426e-05,0.032633147275011966
id00873,0.6883003838181683,0.303291371508842,0.00840824467298974
id07131,0.8251831870029942,0.13618395981479053,0.03863285318221531
id11454,0.04573654574438429,0.9301044658368813,0.02415898841873422
id19481,0.9982933096464974,0.001460619785982382,0.0002460705675203178
id16409,0.39691860941349577,0.0033502062533011198,0.5997311843332032
id01686,0.9912897247125309,0.0070728527743500105,0.0016374225131191235
id24068,0.8783286439265665,0.029625354440694383,0.0920460016327391
id14825,0.981598342095957,0.0021346913880215595,0.01626696651602152
id13611,0.9828391342804332,0.015074995238615555,0.0020858704809511705
id05586,0.9999998102109777,6.133874872975502e-08,1.284502735255441e-07
id04497,0.9982807804102091,0.001719053175445932,1.664143450341603e-07
id13912,0.3600898189489891,0.5492058801275655,0.09070430092344534
id09675,0.09436927578552289,0.046506758328208976,0.8591239658862682
id23620,7.793282234799315e-05,0.9988990550613808,0.00102301211627131
id05596,0.0040499019832096915,0.15377227478838446,0.8421778232284058
id09067,2.4239546749659124e-05,8.33334624244124e-05,0.999892426990826
id05445,2.065593915379426e-05,0.9999789182439112,4.258169351038593e-07
id16825,0.00036021627864361454,5.73558524841777e-05,0.9995824278688722
id21127,0.9999940584393461,4.512882089869453e-06,1.428678564033058e-06
id01740,7.741056746155734e-06,8.748330067511477e-05,0.9999047756425787
id12719,0.9447861395200794,0.010836292923357926,0.04437756755656267
id14137,0.1258172737375554,0.057349474097589115,0.8168332521648556
id08909,0.00011357841783675044,1.4434491759530889e-05,0.9998719870904037
id24041,0.5482055328132087,0.018535322584524457,0.4332591446022668
id14489,0.8565336097519158,0.1315126542424746,0.011953736005609596
id14961,0.020924945370251215,0.0006052439430432963,0.9784698106867055
id19923,0.6633722340712794,0.3320128318806582,0.004614934048062426
id03339,0.0008940942764029431,0.9988139002558045,0.00029200546779246543
id08864,9.941112256263407e-05,4.831922220430767e-05,0.9998522696552331
id19803,0.8601444519331459,5.795038869983487e-05,0.1397975976781543
id09810,0.9645820894710261,0.0012545077927981312,0.03416340273617583
id23324,0.9999918388841518,4.971186699295901e-08,8.111403981259839e-06
id22050,7.139185831521958e-05,0.9999029808055527,2.5627336132145115e-05
id11386,0.10237247893449981,0.8924103315516557,0.0052171895138443825
id14739,0.9999992248359861,5.554349031797998e-07,2.1972911066710816e-07
id02882,0.9915313505361137,0.008060927922411273,0.0004077215414749888
id11988,0.038828627543790746,0.6053210141305159,0.35585035832569334
id18839,0.007114942258012201,0.9902824858199968,0.002602571921990986
id08474,0.0008076423778729667,0.9990967684156125,9.558920651462986e-05
id01060,0.12151606259215605,0.85760565558399,0.020878281823853935
id06551,0.9956860654006304,0.00047328609590319723,0.003840648503466355
id06210,0.08966979884110789,7.073475391526333e-05,0.9102594664049768
id12349,0.0002185195023657137,0.001985084515979896,0.9977963959816544
id21813,0.22528775735970594,0.009899047205990736,0.7648131954343034
id13028,0.05588705163883462,0.8908025044038733,0.0533104439572921
id10021,0.08739391132082455,0.030709679397183647,0.8818964092819918
id07425,0.00018965338011650996,3.974903286428382e-05,0.9997705975870192
id24409,5.283628937201263e-05,0.9997491324499652,0.0001980312606627598
id21183,0.99498309716386,0.0001664347557241084,0.004850468080415939
id26178,0.8784540005795132,0.11912132592525991,0.002424673495226952
id24033,0.008308376042941086,0.009562731758329456,0.9821288921987295
id14793,2.8588846209691137e-05,2.6952116982601346e-05,0.9999444590368077
id03053,0.9908602437060188,0.0014081515558825618,0.007731604738098654
id24285,0.9949970219297827,0.0020656096888526884,0.0029373683813646205
id09137,0.9999998235510317,1.6014769062347112e-07,1.6301277689063484e-08
id03185,0.9975939864919945,0.00032145551507013124,0.0020845579929354404
id21242,0.0020004794322522456,0.9931406688617818,0.0048588517059659645
id17446,0.4538952215804147,0.015623084660539353,0.530481693759046
id00087,0.013340982332458786,0.9839028951290761,0.002756122538465037
id11019,0.8526845502891955,0.14464552367593192,0.00266992603487254
id18832,0.00015065658975025058,0.9998256360889497,2.3707321300101666e-05
id19224,0.2213071196211047,0.2579199876285072,0.5207728927503881
id17436,0.011459326509979113,0.0026781177733531053,0.9858625557166678
id09895,9.846109948891138e-05,0.0006787654546333242,0.9992227734458778
id20296,0.016428128043522724,0.0003929421891878601,0.9831789297672894
id03074,0.11705899459153145,0.7247477885507418,0.15819321685772664
id09152,0.0001336254908990758,0.9998159733807581,5.040112834276048e-05
id15277,5.142319893960249e-05,1.6210618967133864e-05,0.9999323661820932
id07520,0.49489265461592596,0.5042603633622242,0.0008469820218497007
id12928,0.0010097106943128826,0.9989885097021116,1.7796035754869853e-06
id06197,0.06097098581026463,0.0005332813057398672,0.9384957328839955
id24099,0.9870418842631075,0.0017881458302653093,0.01116996990662725
id17392,0.6923417809886768,0.1231901351416276,0.18446808386969554
id17303,0.8525451806844161,0.0023096214400278262,0.14514519787555613
id05682,0.9990310105320264,0.00024188541925891576,0.0007271040487147296
id14339,0.9932138014345835,8.322220101068893e-05,0.0067029763644058755
id07873,0.27403878579962915,0.04350630416826571,0.6824549100321052
id06939,0.42802742635028496,0.5331252396344928,0.038847334015222314
id14827,0.6812517772744006,0.24440954168528678,0.07433868104031269
id19768,0.31341811638659184,0.6803761398622172,0.0062057437511909685
id18080,0.9932599469329243,6.708219822506149e-05,0.006672970868850649
id17384,0.5945769042868302,0.40310539778372734,0.0023176979294424424
id12059,0.7791706197762411,0.13594766118140827,0.08488171904235066
id27382,8.146620757929065e-06,2.0949583502758554e-05,0.9999709037957393
id23252,0.9159803280876117,0.00487720319556644,0.07914246871682197
id14797,0.01714103786200971,0.0007736589824866339,0.9820853031555037
id25826,0.0016097964209213398,0.0004142562333799692,0.9979759473456987
id27569,0.9878445752159177,0.00016946591054240454,0.011985958873539785
id05079,0.9628611542006189,0.03632401641454018,0.0008148293848410087
id23749,0.9823910466989694,0.004013961182261158,0.013594992118769514
id04852,0.0004393331301995078,6.645058843791043e-07,0.9995600023639161
id08920,0.9942121585476592,0.0020392014742093125,0.0037486399781314784
id15229,0.1621171015655587,0.026847251495227556,0.8110356469392138
id11992,0.006670330940036945,0.9357581658733659,0.05757150318659712
id21087,0.2737293253200957,0.06488430058345819,0.6613863740964462
id22173,0.9781892651014285,0.01763242759340056,0.0041783073051711
id26488,0.5472607709786105,0.20448823852837067,0.24825099049301894
id09378,0.930441789345785,0.00481236124729556,0.06474584940691941
id19280,0.2621889255618393,0.7317082223728985,0.00610285206526229
id00701,9.265501281699374e-05,0.0006236276831569967,0.999283717304026
id18252,0.9722259392542866,0.027473319500320267,0.00030074124539310166
id19850,0.03530019108025899,0.04833553223228908,0.9163642766874519
id00967,0.01283292359131967,0.9656429950510824,0.021524081357597875
id00670,0.9252705538717836,0.010342412215203468,0.06438703391301297
id10795,0.005083292734522457,2.2111387420630416e-05,0.994894595878057
id27312,0.017046851728009422,0.1373835807640938,0.8455695675078968
id10703,0.01974005012710955,0.01529493464623645,0.964965015226654
id25596,0.3165404491508649,0.6477490227421079,0.03571052810702722
id00443,0.049434069981844894,0.0007891563776381505,0.9497767736405169
id21638,0.021558274656739814,0.9774431084037223,0.0009986169395379222
id15800,4.300650332039703e-05,0.9989972697811,0.0009597237155796199
id23367,0.9677223555344795,0.02084928441131569,0.011428360054204825
id03600,0.8336707919782982,0.051632996767522955,0.11469621125417892
id07147,0.6056659328831073,0.2222024164645265,0.1721316506523663
id02654,0.00041010588396323336,0.9992448020052631,0.0003450921107736991
id17965,2.9397941146990125e-08,0.9999998719777337,9.862432522249382e-08
id24304,0.028538912785996025,0.968708411039091,0.0027526761749129456
id11626,0.8110336188371043,0.1637240762805459,0.02524230488234981
id17604,0.00797940464056185,0.012390757377966017,0.9796298379814722
id24725,0.9737822066769362,0.018022558622803053,0.008195234700260852
id08894,0.9902760225394166,0.009544441790757394,0.0001795356698259565
id01352,0.2484180097720184,0.010112581769720332,0.7414694084582613
id07907,0.9999934369392828,5.0183138876675305e-06,1.5447468296524974e-06
id02681,0.0007798416254434809,0.00046275667995770823,0.9987574016945988
id23951,7.82733273146683e-05,0.9997132342511114,0.00020849242157396357
id11154,0.6440472829284624,0.004783838232337311,0.35116887883920034
id13182,0.4031031438927386,0.5740477583227659,0.022849097784495478
id04576,2.4666121160114555e-05,0.9999753239346729,9.944166915787389e-09
id16318,0.9850184681032371,0.0025589005182617367,0.012422631378501263
id05472,0.12933466839803687,0.01223142201767031,0.8584339095842929
id20567,0.9802578748770923,0.017795715987929176,0.0019464091349786147
id21385,0.018184925514911916,0.10737178805629215,0.8744432864287959
id09834,0.6868814008331058,0.01861679795397962,0.2945018012129146
id02954,0.9338289635377859,0.008662590699289745,0.057508445762924354
id15456,0.07568959108146754,0.9193749587568186,0.004935450161713774
id06958,0.999929523858578,3.5400451213334714e-06,6.693609630061258e-05
id18053,0.3224833461190757,0.0017260772651595709,0.6757905766157648
id05180,0.0024183434808449987,0.9959430253662012,0.0016386311529538761
id21648,0.9861209193050465,0.0018364204239569174,0.012042660270996541
id27095,0.0648442346792325,0.9022571822773027,0.03289858304346488
id16645,7.024334339226436e-07,0.9999991289624476,1.6860411846514745e-07
id22508,0.9961286250787571,0.0036461912483537915,0.0002251836728891991
id01151,0.05231647560984819,0.030105989337191733,0.9175775350529601
id03451,0.19924592098467767,0.7918385804767877,0.008915498538534636
id20279,0.44480088295412085,0.042137001538062165,0.513062115507817
id17480,0.013079136362964303,0.9711335176280336,0.015787346009002123
id08280,0.05092500663888055,0.942799754134497,0.0062752392266224215
id19245,0.7639144686311109,0.01791392303168766,0.2181716083372015
id20463,0.9802410869846302,0.014152765451317233,0.0056061475640526385
id01510,0.0006070985828768033,0.994513216436389,0.004879684980734229
id22724,0.016644159745747625,0.004096885717694663,0.9792589545365578
id03386,4.029230032095733e-05,8.28016681419822e-06,0.9999514275328648
id26858,0.9476150533962504,0.0010313617466847272,0.05135358485706493
id27612,0.9971111302195257,0.0015733871706421626,0.0013154826098321095
id14606,0.9997117409460363,0.00017738675728225323,0.00011087229668149371
id09273,3.6650844904019334e-06,0.010731028137952575,0.9892653067775571
id07736,2.4374445846709912e-06,0.00019752593393892648,0.9998000366214764
id22879,0.975345401969565,0.021484708317116175,0.003169889713318993
id01075,0.0012683892602670809,0.9986607072355689,7.090350416406517e-05
id14038,0.01061516700808862,0.9889566710132017,0.0004281619787096988
id10294,0.9360639336307827,0.05511481278050556,0.008821253588711803
id06738,0.028597578672224684,0.8078594807802446,0.16354294054753077
id06932,0.0030782358628048015,0.9862571788872848,0.01066458524991039
id20905,0.029717279966665254,0.8567243658391729,0.11355835419416192
id03466,0.8996929276239528,0.006445219849705929,0.09386185252634131
id17100,0.0012203097013494333,1.3963037478928442e-05,0.9987657272611716
id00585,8.993251991774227e-05,0.000498953960216739,0.9994111135198656
id05385,0.9999673358539213,2.9193130169400002e-05,3.4710159094048613e-06
id21658,0.9968155143881798,0.003000553891332951,0.0001839317204873461
id25140,0.026708139456190695,0.9723708379707804,0.0009210225730289148
id14623,0.0004783478534050948,0.9994518488078216,6.980333877334294e-05
id06925,0.10217178242287434,0.856797002826618,0.04103121475050771
id03102,0.5013872618940981,0.04811753550459507,0.4504952026013068
id15215,0.0022815002831575388,0.9977102999601679,8.199756674555156e-06
id16162,0.0001715706383211936,0.9998245806581818,3.848703496981566e-06
id12412,0.0006083460616265893,0.9971712493998752,0.0022204045384980986
id27708,0.969508899395876,0.0031308653635237966,0.027360235240600172
id18508,0.8839775199773053,0.0665559043527021,0.049466575669992616
id19857,0.9978553233851136,5.78562066408279e-05,0.0020868204082456353
id27904,0.9792500614102917,0.005321888642769261,0.015428049946939046
id27345,0.08675308640599766,0.08165975758159014,0.8315871560124122
id09516,0.001822267226743741,0.9980807126528607,9.702012039557355e-05
id24277,0.02674746313040714,0.7376477002396816,0.23560483662991127
id26935,0.0007105231096700771,0.9991116342537683,0.00017784263656157696
id08544,0.29512274413314565,0.1855217006321763,0.519355555234678
id13779,0.9844578129466396,0.0018571387291232162,0.013685048324237208
id17103,0.8235053660840745,0.022000069153543654,0.15449456476238171
id01771,0.8644544721176309,0.03127743459742849,0.10426809328494058
id08211,0.0010599366409061199,0.0011297415354089943,0.9978103218236849
id06392,0.9999999999807447,1.4716715181289048e-11,4.5386253626027576e-12
id25629,0.8896011682298791,0.10417015355961441,0.006228678210506413
id15194,0.019507373803739608,0.2548320230763502,0.7256606031199101
id23962,0.011502577702132113,0.9875749091031104,0.0009225131947574582
id14252,0.011242073017834872,0.006643388962117425,0.9821145380200477
id15381,0.9995357790431292,7.277698501796777e-07,0.0004634931870207106
id17385,0.06757149536576748,0.029148234005306715,0.9032802706289259
id22826,0.9297761244930904,0.055193419561913766,0.015030455944995696
id16485,0.0866598993891915,0.898223002455943,0.01511709815486552
id25744,0.9962533190931017,0.0031651646526515316,0.0005815162542469064
id09192,0.9997376711980467,0.0002578979314231152,4.43087053016782e-06
id08619,0.002178605481381192,0.9977211943901756,0.00010020012844326646
id27889,0.598834832744162,0.3540229380527424,0.04714222920309563
id10964,0.001388569350891843,0.02026492525681264,0.9783465053922955
id00821,0.9999421424152528,1.2766191488673708e-06,5.658096559836114e-05
id07120,0.9949861064575567,0.004433757607060197,0.0005801359353831179
id05347,0.985973626756296,0.013310740777982456,0.0007156324657215982
id14047,0.6417049327680135,0.14251821623841687,0.21577685099356958
id24871,0.8815342920358787,0.0887861730533299,0.029679534910791425
id21417,0.667279752567461,0.008505272505368292,0.3242149749271708
id03784,0.9969109180836879,0.0017865319012076537,0.0013025500151043737
id07389,0.4704192751884363,0.49075757966349187,0.038823145148071836
id16215,0.971088882786903,0.026772496123908102,0.002138621089188986
id10976,0.0021214885686629205,0.015306431002605645,0.9825720804287315
id00348,0.9996227335395578,0.0003750851567775441,2.1813036646722087e-06
id04027,0.797831201114386,0.0007172503594939777,0.20145154852612004
id21625,0.9785346954740896,0.00555109514003077,0.015914209385879702
id15117,0.000513075839552333,0.00215059085956471,0.997336333300883
id06776,8.801601814151697e-06,0.9999898551165807,1.3432816052657204e-06
id10947,0.9999821246609555,1.8135724401650682e-06,1.6061766604500248e-05
id11746,0.2794065403820904,0.0017069697532658427,0.7188864898646438
id27779,0.0016126506748770394,0.0002420611719331112,0.9981452881531898
id20789,0.09762622902083942,0.6085395696155673,0.29383420136359323
id16187,0.24171322755515598,0.023610499330974456,0.7346762731138696
id23834,0.045011777019238405,0.9548734016049609,0.00011482137580061344
id25848,7.334138691201717e-14,0.9999999999996734,2.532014443366316e-13
id08777,0.9989111604242381,0.0004514283795442687,0.0006374111962175797
id17045,0.00024519687432601213,0.00024065287643838896,0.9995141502492356
id01474,0.0116437943060004,0.007942750306580962,0.9804134553874186
id09396,0.08384638614296884,0.9068147037630573,0.009338910093973937
id22208,0.9978129066330327,0.002125603047375581,6.149031959169859e-05
id13813,0.0006866393172294141,0.0012300206752891443,0.9980833400074814
id23386,0.9771731914596048,0.0027548667547436863,0.020071941785651547
id02610,0.00018541593095701493,0.9996536459223614,0.00016093814668163243
id07647,0.042240009819360394,0.819133353256016,0.13862663692462363
id24025,0.999148693876774,0.0007897539589462926,6.155216427978088e-05
id25573,0.9990495116528028,8.93728183477875e-07,0.0009495946190137656
id23575,0.98369606881217,0.004772188128681673,0.011531743059148447
id08968,0.23022390649871333,0.7296996904099616,0.040076403091325014
id09958,0.18495163642992932,0.8138494544669701,0.0011989091031005964
id13648,0.5371791161581801,0.14187033078770628,0.3209505530541136
id00335,0.9945268635839098,0.0006617572099080789,0.004811379206182066
id18099,0.35147441303682164,0.6208411180052253,0.02768446895795303
id24297,0.004337916333378924,0.0024582926265215932,0.9932037910400996
id17751,0.01623726705904368,0.12164003675947758,0.8621226961814787
id02158,0.04653822621678129,0.9515966995553942,0.0018650742278246437
id03039,0.9928888457755234,0.0007682623684444435,0.006342891856032173
id09467,0.18321426050859455,5.601056002543027e-07,0.8167851793858052
id14903,0.9119622095400625,0.08732268010593416,0.0007151103540033792
id03331,0.05115307468306567,0.8834916756897201,0.06535524962721412
id27366,0.004926335090466322,0.0015381839274875204,0.9935354809820461
id09199,0.9948427295916269,3.595569175606442e-05,0.005121314716617014
id07681,0.1421903141156112,0.019357778839341387,0.8384519070450475
id11502,5.480112486352816e-07,0.9999993926674584,5.932129297608516e-08
id00140,0.9923136424336579,0.0032070820330808735,0.004479275533261229
id20159,0.7559418576420047,0.00047052663487363953,0.24358761572312163
id02007,0.00020164331517425184,0.0008424497439955493,0.9989559069408303
id08188,0.995187720710828,0.003937078647671179,0.0008752006415008272
id04504,1.3027916034132117e-05,2.3247886482345144e-05,0.9999637241974835
id22031,0.9201015632610148,0.07562018570006568,0.004278251038919643
id17947,0.006283967928855104,0.043712535757340236,0.9500034963138048
id06267,0.9035326924243169,0.07569071603002668,0.020776591545656472
id14577,0.9043861321960338,0.006966035266860089,0.08864783253710609
id27313,0.9866299823182374,0.0028414943255103426,0.010528523356252272
id16231,0.016524813862505892,0.9834019350980908,7.325103940328786e-05
id02587,0.2795213324247318,0.014477235825109484,0.7060014317501587
id04379,0.02703413009772157,0.9699051916365647,0.0030606782657136545
id13503,0.0010805432369918489,0.9989186094087552,8.473542530416364e-07
id03887,0.999705156480295,5.512376229854354e-05,0.00023971975740641116
id22338,0.9602310427441272,0.014937608697249794,0.02483134855862302
id20080,0.7342934948027651,0.2605794727796253,0.00512703241760961
id22392,0.9935939452013601,0.005904869500192091,0.0005011852984478143
id03895,0.9286528937491816,1.580028127688878e-05,0.07133130596954149
id17179,0.003580807678253274,0.9954919925344954,0.0009271997872513518
id23466,0.003930383756497303,3.220041334769236e-07,0.9960692942393692
id12592,0.0009171725785411116,0.9941480603779131,0.00493476704354583
id16947,0.9915636578978649,0.002040699190554098,0.006395642911581002
id13870,0.18359767732765558,0.019738087131703403,0.796664235540641
id10717,0.0015313564220760993,0.00012120926074332462,0.9983474343171805
id09418,0.9679111609337187,0.01911159872168395,0.01297724034459737
id20753,0.9800119032501098,0.011333452542711741,0.008654644207178432
id00114,0.010255035236439218,0.010466166264522436,0.9792787984990384
id00627,0.9999955556019818,3.8248833689812015e-06,6.195146491752665e-07
id07738,6.484303147300839e-06,0.9999924836887827,1.0320080700424993e-06
id14516,0.9141521901774297,0.07023784330369268,0.015609966518877685
id02107,1.55898235519766e-05,0.9999817043743084,2.7058021395667784e-06
id18378,0.001123602091749953,0.9966379583834878,0.002238439524762246
id02751,0.03673039102907068,0.0005548174935496355,0.9627147914773797
id26105,0.0489016075401425,0.364963226499667,0.5861351659601906
id07659,0.03385479706422353,0.15358350818805366,0.8125616947477228
id07421,0.9983529917342704,0.0004906005368504029,0.0011564077288792637
id00325,0.8994490217765239,0.085955800373434,0.014595177850042192
id12253,0.9909448238568946,0.00902886187930338,2.6314263801901482e-05
id23427,0.9331401856834549,0.06661188111628354,0.0002479332002616419
id06202,0.9884311085949375,3.869603321068081e-05,0.011530195371851787
id21320,0.005941697135282756,0.0023196373148245976,0.9917386655498927
id21994,0.30441102614083154,0.6657632957178038,0.029825678141364713
id13903,0.3542639324231293,0.11520261887077694,0.5305334487060938
id13767,0.9974836406634312,0.0023790737617872255,0.000137285574781571
id03750,0.000283006864437528,3.736424496845667e-05,0.999679628890594
id08666,0.0010206416569759336,0.00038645944849484236,0.9985928988945293
id12171,0.02835421955155031,0.0713678110170687,0.900277969431381
id26202,0.16947123841512418,0.0010649223730080425,0.8294638392118678
id16310,0.0015095275282273888,2.7636397341281184e-06,0.9984877088320385
id02650,0.6835647022391043,0.17668639005606251,0.1397489077048333
id26558,0.9638621308195837,0.02653701135229577,0.009600857828120427
id24794,0.9989917151696118,0.00037655762167963574,0.0006317272087085403
id01299,0.8930961156966597,1.3268847044710256e-05,0.10689061545629562
id19281,0.9999751797724954,1.0710202619899736e-05,1.4110024884704319e-05
id20504,0.6949792693782985,0.05395744892294156,0.25106328169876
id15716,0.005055821497281845,0.024943510473557237,0.970000668029161
id08222,0.00826265651330195,0.07260399418376132,0.9191333493029368
id12393,0.00046727328154519984,0.12686414042643998,0.8726685862920148
id26841,0.05970920343104163,0.937476790015291,0.0028140065536671863
id22947,0.020388377105219204,0.9789657793963766,0.0006458434984041607
id10817,0.9999989320027461,1.06577018779422e-06,2.227066076185472e-09
id01486,0.27479625992032886,0.6906119273118307,0.034591812767840506
id00296,0.011823553251319174,0.9824885729627261,0.00568787378595478
id24189,0.6330698222625485,0.10011447283302152,0.26681570490443
id20909,0.20136424154679464,0.0831136143336123,0.715522144119593
id21079,0.9965506351528491,0.0030820717450903644,0.0003672931020605518
id02478,0.0034830160094658376,0.16618611220891275,0.8303308717816213
id03727,0.8285801730177111,0.004872902500686669,0.16654692448160224
id09794,0.8824936404902842,0.0049314406556078185,0.11257491885410804
id08527,0.38250351546804995,0.6146706650615887,0.002825819470361261
id18716,0.9990424129083751,0.00025567425887559024,0.0007019128327492438
id21733,0.00029886477427521445,8.372011614640231e-07,0.9997002980245633
id08898,0.8782288761526635,0.11669681218218489,0.005074311665151425
id16571,0.12806533400671022,0.0027936823969746394,0.8691409835963151
id17780,0.970609433816886,3.995540722981469e-05,0.02935061077588421
id11537,0.9760571901305823,0.010342920643319674,0.013599889226098099
id23242,0.8909588957220773,0.0996806113880164,0.009360492889906334
id16749,0.0260650664596228,0.0008924010900805416,0.9730425324502967
id02226,0.9958705143790444,4.174084404621377e-05,0.004087744776909381
id08369,1.0016735557853034e-05,0.0003492243312338252,0.9996407589332084
id18013,0.07724486422341058,0.9144989690525264,0.008256166724063112
id23454,0.9936593246838025,0.003712756709720971,0.002627918606476673
id03878,1.4175928825870973e-07,0.9999959203133132,3.9379273984475626e-06
id15129,3.3774812071879176e-06,0.0005418602889678351,0.999454762229825
id21874,0.599012686291029,0.0019935260965261146,0.398993787612445
id24455,0.2886404563687827,0.0029714579119256125,0.7083880857192917
id03860,6.7085386050238545e-06,0.9999872892107752,6.002250619790638e-06
id07622,0.0006860463812117519,0.999279752069303,3.4201549485348105e-05
id18449,0.5321414937017038,0.01420373248623889,0.45365477381205727
id16952,0.9954369613889607,0.001493926383943191,0.003069112227096144
id08212,0.9967842361317705,0.0011915303172328525,0.0020242335509966566
id05513,0.34791328340474803,0.0076755764726780615,0.6444111401225738
id24536,0.9999991375451398,7.807683831384855e-07,8.168647701765454e-08
id18070,0.9921577024534678,0.001022571308740417,0.006819726237791867
id03094,1.6831903730448006e-07,0.9999998272924284,4.388534309067099e-09
id13815,0.0073880639606373625,0.002279451409200059,0.9903324846301627
id14023,1.4947758272323774e-05,0.9999801872273639,4.865014363736791e-06
id14480,0.39758565220326975,0.4163863578582997,0.18602798993843042
id00059,0.9583809468217555,0.013683731240408293,0.02793532193783631
id16873,0.994062018388269,0.0013346513255999024,0.004603330286131074
id23144,0.8552083503263072,0.0009400239195800744,0.1438516257541129
id02845,0.9953396343592266,0.003587451032632423,0.0010729146081409318
id25492,0.35400731037516664,0.0017967168194764245,0.6441959728053569
id04097,0.5751974669077619,0.41162823876936083,0.013174294322877339
id25883,0.9997048272687827,1.884320304322165e-05,0.0002763295281740107
id23391,0.004602699611046004,0.9854674283369514,0.009929872052002577
id27018,0.9984649799688271,0.0014178724655247777,0.00011714756564810475
id23614,0.2022940155466214,0.7937142391433583,0.00399174531002043
id14309,0.0006513958770452224,0.9989769961238835,0.00037160799907138
id27746,5.032913569956428e-05,0.9999496274732749,4.3391025539511375e-08
id05057,0.4498403724957663,0.5044127442112868,0.04574688329294695
id06246,0.8425050534885389,0.05830108925717175,0.09919385725428942
id00509,0.0012522876214184548,0.020144297144467166,0.9786034152341144
id19473,0.9999740182585096,2.5955142299658315e-05,2.6599190694339535e-08
id07044,0.06333362148851172,0.016583330118465328,0.920083048393023
id09871,0.18335489762125123,7.208204447753199e-05,0.8165730203342713
id26870,0.7799420297659612,0.11834620901398911,0.10171176122004982
id06125,0.17473846540596705,0.8117474958794452,0.01351403871458778
id02829,0.9660314260668589,0.00023327936114746615,0.033735294571993646
id24935,0.2628550177754021,0.01647074911286011,0.7206742331117378
id04557,0.00024680403430846096,4.579205826982033e-05,0.9997074039074217
id01208,0.9461719344505087,0.01565338676255609,0.0381746787869352
id16235,2.403610289981741e-09,0.9999999970256335,5.707563039622727e-10
id05135,0.0021819913399342577,0.9976946559573261,0.00012335270273971103
id05892,0.06811108901390596,0.0004724152624480698,0.931416495723646
id21207,0.9978926848980813,4.0828023587022387e-05,0.0020664870783317127
id10722,0.5820474479811605,0.2461590445710781,0.17179350744776134
id17396,0.00026632774699961555,0.14066474869572973,0.8590689235572706
id17755,0.7080715500807342,0.07888058611304156,0.21304786380622423
id18529,0.028767101337676262,0.0015674249961285611,0.9696654736661953
id18235,0.9295759387947686,0.06819604411658156,0.0022280170886498636
id20188,0.11856788524430793,0.0016800592968667226,0.8797520554588254
id13483,0.004836789088264327,0.0378788992592023,0.9572843116525334
id16860,0.823679737303197,0.10239328569585046,0.07392697700095252
id11203,0.9999963191502687,2.939548560810611e-07,3.386894875238275e-06
id01104,0.9874106353172883,0.007313248888829412,0.005276115793882246
id26195,0.0006741603796863582,0.9934262365137735,0.0058996031065401515
id19647,0.00797114600852128,5.9874989528835915e-05,0.9919689790019499
id24377,0.037168487330576754,0.0005399694569468362,0.9622915432124765
id07103,0.9998775910978873,9.300756737199867e-05,2.9401334740667543e-05
id27061,0.9920061595922232,0.007952004924621519,4.183548315531851e-05
id06255,0.21176964920402083,0.7836324106727073,0.004597940123271934
id19483,0.5320284943687336,0.052807788558736385,0.4151637170725301
id27936,0.31286740782675226,0.6869780235377629,0.00015456863548479977
id21761,0.8940959730075705,0.09349228261330043,0.012411744379129048
id06543,3.957593798063117e-09,0.9999999237989677,7.224343848148124e-08
id04779,0.33031813531560406,0.6095785431076765,0.06010332157671941
id05819,0.8778957025412882,0.0033704136996379787,0.1187338837590738
id04670,0.06614764513268682,0.93368795502022,0.00016439984709326237
id22206,0.9524714239880551,0.0019426741451236368,0.04558590186682129
id18557,0.99179029813646,0.0036040480416652198,0.0046056538218747735
id24017,0.06676654622849446,0.8487988164729195,0.08443463729858608
id10305,0.9885232817370965,0.0093485325476166,0.002128185715286941
id25879,0.984251329764587,6.679083405605582e-05,0.015681879401357037
id08243,0.0030959515171055875,0.9916320116327795,0.005272036850114936
id11999,0.01697659129299449,0.9710068150766722,0.012016593630333357
id13392,0.16172537525739447,0.8374246243539306,0.0008500003886749577
id00681,0.06966403082858445,0.9281708482653589,0.002165120906056692
id03225,0.5710692074706749,0.40886439886500714,0.020066393664317863
id19684,0.03374867227178177,0.13913538571647574,0.8271159420117425
id01944,0.9621213931006952,0.0006095501353680338,0.03726905676393677
id04903,0.0061288960264354484,0.0005304668096654398,0.9933406371638991
id22131,0.9843924307686032,0.012803598095971784,0.002803971135425078
id17465,0.3069157287948521,0.0017724257104512048,0.6913118454946966
id02341,0.12227691837839907,0.0007397715167468506,0.8769833101048541
id23306,0.5467863961785894,0.2417058754823134,0.21150772833909726
id13543,0.0002323200496057599,3.590363576148175e-05,0.9997317763146328
id05527,0.7819136314975854,0.05740851171721276,0.16067785678520194
id13622,0.001475550419747488,0.9977439166090734,0.0007805329711791721
id04807,0.3503148419418628,0.6395821630137676,0.010102995044369654
id03763,0.19691724507107564,0.0027717697884421374,0.8003109851404823
id04860,0.0018735791686960857,2.3090412360899456e-05,0.9981033304189431
id18552,0.9999368476953082,4.957668768776519e-05,1.3575617004044785e-05
id05624,0.6661883076766983,0.27589376492961454,0.05791792739368714
id10691,0.0025677716536669937,0.12737247086598177,0.8700597574803512
id12723,0.791064129016723,0.18633469377387968,0.022601177209397375
id14533,0.9641034872471469,0.033253143189469786,0.0026433695633832984
id07197,0.8395311361556446,0.00021417815972919223,0.16025468568462617
id08284,0.9949980891374239,0.0027388891726924914,0.002263021689883588
id13373,0.5051224104470146,0.3231272130185413,0.17175037653444414
id25880,0.2179188754469022,0.01802491358669387,0.764056210966404
id00879,0.7311261750027888,0.21466416740288588,0.05420965759432549
id27931,0.0017388732528038431,0.9803042716814033,0.017956855065792827
id20774,0.002229637069816484,0.001834896481371427,0.995935466448812
id18642,0.06424553260192821,0.8553004871876744,0.08045398021039739
id26855,0.025845279553762188,0.5932627214218354,0.38089199902440246
id08684,0.5190972144796695,0.026979958958418877,0.4539228265619117
id01743,0.021808578718621366,0.591644884074795,0.38654653720658355
id09704,0.00101730470838698,0.997224028695019,0.0017586665965940013
id00696,0.27883605576581955,0.0071514431906773,0.7140125010435031
id08351,0.03701408487295436,0.9616978188138413,0.0012880963132043772
id08495,0.988727810534174,0.003840864330428465,0.00743132513539747
id05141,0.005375340571238764,0.00013363078243280844,0.9944910286463284
id08515,0.02346968370609192,0.0014071739603868064,0.9751231423335213
id23509,0.010802926671824186,0.012615477534731903,0.976581595793444
id20577,0.001248930936772116,0.0005398308024830228,0.9982112382607449
id04217,0.08768060722403807,0.00030244432795735975,0.9120169484480045
id24430,0.06669686084166754,0.3002209459030607,0.6330821932552717
id11995,4.731668664911789e-07,1.935414560427123e-06,0.9999975914185731
id10871,0.0017806695022478793,0.021123399943024555,0.9770959305547277
id21988,0.0006428240246459677,0.0027043649761965115,0.9966528109991575
id07248,0.9980519586039729,0.001306125391326284,0.000641916004700853
id22805,0.9105564513299568,0.012053404175643549,0.0773901444943996
id18064,0.009391345133376009,1.9087347405192455e-05,0.9905895675192189
id02256,0.1210191647451516,0.3036653055149157,0.5753155297399327
id18835,0.8226546328499357,0.0003510796214414595,0.17699428752862298
id06068,0.01669004269386685,0.34080487904551704,0.6425050782606161
id13355,0.0004173591884733851,0.9993098039482758,0.0002728368632507724
id15890,0.000597331612962355,0.9993495824374038,5.308594963384237e-05
id11828,0.9999933968536574,4.983502213970082e-06,1.619644128656272e-06
id14235,0.009294935318708192,0.0006618923169515721,0.9900431723643403
id07891,0.010592935617734663,0.26552573102209326,0.723881333360172
id00426,0.07179975903019208,0.8518217665146528,0.07637847445515514
id00194,2.787344132731318e-05,1.4633631321448237e-07,0.9999719802223594
id10086,0.34721325120193536,0.0008031621797095882,0.6519835866183551
id24683,0.003643107658090714,0.0037074782475002336,0.9926494140944091
id01217,0.04089992619707628,0.9532773135752586,0.005822760227665174
id09906,0.030749543976542646,0.8533318910270784,0.11591856499637893
id04780,0.006419323095028078,1.8798200031395413e-06,0.9935787970849688
id15682,0.9995140662704474,0.00042697528204702274,5.895844750558082e-05
id27193,0.8362475702646975,0.011459741331474907,0.15229268840382762
id01574,0.0012555728701507426,3.344847949952775e-05,0.9987109786503497
id26894,0.06131594184184273,0.01420424105759423,0.924479817100563
id08143,0.4128077690317746,0.45257493260235604,0.13461729836586944
id05756,0.05980329062518403,0.7561739971893854,0.1840227121854305
id14803,0.00017185264069170578,7.446957992912182e-07,0.999827402663509
id01103,0.0014780733070533366,0.9917950965901374,0.006726830102809302
id17451,0.8309656436782111,0.12064318513390729,0.04839117118788143
id10497,0.2524404897517428,0.543735907682127,0.20382360256613025
id23770,0.9751131749940934,0.005169133926410391,0.019717691079496204
id01731,0.6739720158010368,0.008582684075051021,0.3174453001239121
id24021,0.019781243958758448,0.8321445345439731,0.14807422149726848
id24904,0.99998851306726,1.0815430509723933e-07,1.1378778434941127e-05
id16795,0.00454214102780931,0.14620854839422112,0.8492493105779696
id27308,0.31761133027432836,0.006283213992374856,0.6761054557332968
id16671,0.9966141331383175,0.002119872743626652,0.001265994118055864
id10035,0.8232459640316503,0.02832161237370862,0.14843242359464098
id12143,0.7223376537920391,0.0812558565260817,0.19640648968187932
id14087,0.9983047264837931,0.00036528074519352245,0.0013299927710134494
id02962,3.023615617757419e-05,0.9931498749022653,0.006819888941557158
id17035,0.025476205058838124,0.008179560957718447,0.9663442339834434
id07600,0.2442593804796523,0.0254902663914229,0.730250353128925
id08201,0.019432873115158948,0.0034635681531858587,0.9771035587316552
id04623,0.9985798292006314,0.0009880135309220043,0.0004321572684465954
id07245,0.7609238605470041,0.16961423767495468,0.06946190177804126
id01334,0.9180629172713303,0.03397991710467622,0.04795716562399351
id23105,0.9967870706274146,0.00014053404512611,0.00307239532745924
id19744,0.16581176670107603,0.07648083530235644,0.7577073979965676
id22884,0.9986161516336572,0.000261351847965395,0.0011224965183774323
id01936,0.5088536912405438,0.44005760353164536,0.05108870522781086
id21910,4.7985770627151036e-05,0.9998617438088678,9.027042050504402e-05
id10801,0.08694642395192607,0.8553121076194167,0.05774146842865718
id02629,6.188295988720287e-06,0.0006376933106586301,0.9993561183933527
id11940,0.0003719900913023359,0.9992109246010364,0.00041708530766122954
id12664,0.22912171520266966,0.08149305182487349,0.6893852329724569
id06308,0.0003517084428330627,2.5969000403475798e-05,0.9996223225567634
id21510,0.997155729465619,4.333314370120573e-06,0.002839937220010895
id20043,0.0007476291863452425,0.0001718121019351616,0.9990805587117196
id01014,0.9060928581486175,0.07391404616787599,0.019993095683506573
id04968,0.15065229644614236,0.32565179271983336,0.5236959108340242
id17552,0.1669124742238549,0.7897861840460397,0.04330134173010536
id25395,0.2804516464079162,0.002659405541575648,0.7168889480505082
id25931,0.9999131942237939,3.2377931711152677e-06,8.356798303497454e-05
id21548,0.011023913586299228,0.0003530577780828882,0.9886230286356179
id07443,8.607513056241176e-05,2.667302490334594e-05,0.9998872518445343
id01215,1.584315741703889e-05,0.99970194683542,0.00028221000716300226
id20060,1.087793475971586e-05,0.9999883245105842,7.975546560918325e-07
id17279,0.5669257030853574,0.09409361127333882,0.3389806856413038
id20214,0.005399872455409267,0.9872406952818431,0.007359432262747596
id08809,9.84900690043521e-06,7.956883402866852e-06,0.9999821941096968
id17098,0.6553441094382206,0.028710083262245098,0.31594580729953425
id10146,0.9658919884091275,0.01867485127455896,0.015433160316313579
id24986,0.9312612551542822,0.05280491351296441,0.015933831332753497
id19690,0.11386717950827142,0.07611645863976708,0.8100163618519615
id14487,0.811211602418102,0.05753148763852416,0.131256909943374
id26146,0.9851419454550857,0.008713998009158778,0.00614405653575556
id01942,1.922236709820921e-06,6.059218897439309e-07,0.9999974718414004
id03843,0.38822823281956076,0.5446258739597061,0.06714589322073324
id02026,0.4660956931179531,0.32928218460745245,0.20462212227459445
id10903,0.8839224473046678,0.09302258369592199,0.023054968999410213
id07340,0.19070505010526137,0.08361209180887684,0.7256828580858617
id25682,0.3218500600879194,0.6774955779708357,0.000654361941245016
id13830,0.9639095624504054,0.029221388935973203,0.006869048613621425
id08319,0.07967101380458524,0.00019049119680097462,0.9201384949986138
id25558,0.10401531182491923,0.0017741630747624797,0.8942105251003183
id07084,0.020399091971286375,0.011355798391236231,0.9682451096374775
id00203,0.4887212403270429,0.3271884733123957,0.18409028636056152
id23804,0.2589307847402592,0.0015870756188507296,0.73948213964089
id06863,0.025464370023985775,0.0020415654335593685,0.9724940645424549
id11191,0.7110366834667756,0.19896449371697905,0.08999882281624541
id00846,0.012782470104942323,0.9135276908476225,0.07368983904743526
id17290,0.03857352475994552,0.9325873270085463,0.02883914823150827
id00047,0.003521194345883646,0.9884324050208575,0.00804640063325888
id27631,0.9674656401159847,0.03250442872081031,2.9931163205153912e-05
id15793,0.005209473235714618,0.0004089361852873147,0.9943815905789981
id03142,0.035096195403375205,0.006828596785512121,0.9580752078111127
id24825,0.9999913942830457,4.627370977404588e-06,3.978345976841093e-06
id12069,0.045311818579584225,0.014498443971228351,0.9401897374491874
id23009,0.9743135432595948,0.025675529005891377,1.0927734513835075e-05
id06793,0.0005611349868754313,0.9988731631385637,0.0005657018745609223
id18638,0.9971318279400461,0.002847495455666776,2.06766042871712e-05
id02966,0.9996036399149444,0.00031798723756797456,7.837284748770464e-05
id20346,0.006236816846736348,0.0004906341640577184,0.9932725489892059
id16855,0.8294756834781898,0.024086826985662474,0.14643748953614777
id16350,2.8317097331405238e-05,0.9999647476730902,6.935229578430566e-06
id25092,0.006407504152989749,0.9905084496546084,0.0030840461924018315
id16132,0.8072557048297744,0.13197801247791294,0.060766282692312636
id15977,6.747603203508107e-05,3.212408255798829e-05,0.999900399885407
id26922,0.8360847265775034,0.01360768059397444,0.15030759282852216
id20054,0.9219387086666236,0.06371249888089903,0.014348792452477369
id14375,0.16481225622206958,0.010775094800837472,0.824412648977093
id23372,0.30080397963159095,0.06186917264632543,0.6373268477220837
id20360,0.0006447026482480341,0.9968236716613889,0.002531625690363129
id25380,1.2404526360737397e-11,0.9999999999811735,6.422052833906368e-12
id07295,0.03748153745628378,0.00048734032599141887,0.9620311222177248
id20349,0.46483599356930844,0.531837839757576,0.0033261666731155453
id17177,0.00181955958516746,0.001019342773948875,0.9971610976408837
id07041,0.6218926392930113,0.006343129013109964,0.3717642316938787
id27459,0.006322316557432283,0.9935979278382437,7.975560432401295e-05
id24144,0.7666786627146472,0.23195836637699985,0.0013629709083529278
id13748,0.009407099164109742,0.0011399074224847378,0.9894529934134055
id08295,0.8973201764124589,0.02353063445012174,0.07914918913741946
id00744,0.009941617993360708,0.0082954623525974,0.9817629196540419
id19662,0.01821576858100511,0.9350477750807121,0.04673645633828273
id13027,0.05531003052823971,1.3749192562825208e-06,0.944688594552504
id21785,0.10850084578749482,0.02757965291772316,0.863919501294782
id13431,0.9928236261778365,0.0060954101023441695,0.0010809637198193856
id21455,0.0002984930667301951,0.9994645805608219,0.0002369263724478631
id25429,0.0017698154747859992,0.9965458503483741,0.0016843341768399275
id16944,0.8038061110414181,0.00013609781310709105,0.19605779114547484
id01458,0.000874123084741608,0.9837863751305675,0.015339501784690842
id15684,2.937218556960852e-07,0.9999996856058476,2.0672296649024818e-08
id00970,0.9820890177258152,0.001197963694917144,0.0167130185792677
id12185,0.03385425136644997,0.04760778437142337,0.9185379642621266
id15050,0.1756599438238732,0.7039106663864025,0.1204293897897243
id05062,0.000547858978195005,0.0012535017035935647,0.9981986393182114
id13150,0.00633296317914775,0.9849303045289736,0.008736732291878713
id02821,2.271578530904583e-06,0.9999976872759784,4.11454907129978e-08
id05545,0.9746627044116106,0.014871602483947324,0.010465693104441986
id03523,0.99921393908582,0.00032913353355443155,0.00045692738062557835
id02098,0.0003065072761716794,0.0021833162354190513,0.9975101764884093
id26788,0.7588935143905138,0.043410861505511975,0.19769562410397423
id22116,0.037778533622515695,0.9380844567314797,0.0241370096460047
id16175,0.9999999997783221,6.008810134859016e-11,1.615897657216733e-10
id24957,0.00013494061583432966,0.9001234194683835,0.09974163991578222
id10844,0.0022873495437520457,0.9976976895148547,1.496094139323189e-05
id11758,0.9643970366186936,0.0347985433462246,0.0008044200350819275
id05134,0.017248677303404725,0.8848001171258516,0.09795120557074362
id15865,0.006993960729568425,0.9847336033521051,0.008272435918326479
id08591,0.017853370463166873,0.9813729425301445,0.0007736870066886668
id26318,0.019744235236115164,0.003034921058759193,0.9772208437051256
id05612,0.9982400564693571,0.0007523279576721237,0.001007615572970864
id14561,0.04497155286031803,0.3526537462806592,0.6023747008590228
id07666,6.311778430395768e-06,2.1385276529372224e-08,0.9999936668362931
id01297,0.9719353336818591,0.009301047470742906,0.018763618847397943
id10688,0.010092470045440621,0.19832416296100439,0.791583366993555
id15377,0.11701454248711023,0.8822684311535275,0.0007170263593623822
id23377,0.16369940258894602,0.4693764805353003,0.36692411687575366
id05797,0.02279804860821243,0.9259711379742119,0.05123081341757561
id06241,0.6074448478324207,0.051288208062965884,0.3412669441046135
id10766,0.9697418310153257,0.012819016802438006,0.017439152182236253
id03928,0.9998191483212441,0.00016367377220531884,1.717790655070683e-05
id04429,0.011850603933893946,0.22687819330309206,0.7612712027630141
id24846,0.044466842130836674,0.13319542900310022,0.822337728866063
id19784,0.000900647019958734,1.3702593379834628e-05,0.9990856503866614
id02452,0.8919791743227845,0.002955562269417943,0.10506526340779755
id02600,0.9087941886131263,0.08639986609986353,0.004805945287010187
id27487,0.021333356026221766,0.0054404355931898535,0.9732262083805884
id12323,0.9994936841918642,0.0005040560986540179,2.25970948180477e-06
id00487,0.0033060736045814804,0.02393306671426435,0.9727608596811542
id06032,0.9791250660918075,0.01568513938882518,0.0051897945193673115
id05211,0.7240704361578065,0.017940891815231133,0.2579886720269623
id16523,0.7917184455388099,0.19647065033899977,0.011810904122190317
id08800,0.18118322196866418,0.7933833337457763,0.02543344428555947
id08791,0.00012694696266176323,0.0008237634553794273,0.9990492895819588
id10429,0.015564037192779415,0.061053310676398104,0.9233826521308225
id20801,0.9627239711158745,0.03704588663731962,0.00023014224680581978
id14055,0.0014833929152725015,1.957771767103256e-05,0.9984970293670564
id09462,0.0006370237293605047,0.9990190443690092,0.0003439319016302636
id06725,0.07680699949064039,0.9223669249252671,0.0008260755840925388
id01749,0.9321244488897371,0.06288683708939341,0.004988714020869497
id22054,0.00012656371035034514,0.9996464353724052,0.00022700091724450384
id07244,0.0028547051575065325,0.00033653756486943246,0.9968087572776241
id12562,0.9967430473415555,0.0005470820538265968,0.0027098706046178975
id13838,0.7048019050087816,0.2895115372212512,0.005686557769967161
id22535,5.5359784242082605e-06,0.9999907009766142,3.763044961540244e-06
id01099,0.1381988572143767,0.856443401108156,0.005357741677467312
id02190,0.032515017251875306,0.9668431517682826,0.0006418309798421017
id25921,0.12173805473840295,0.5727783231888889,0.3054836220727081
id16075,0.013870606139515608,0.05633278471706883,0.9297966091434156
id20465,0.7974944815300027,0.18883833099343145,0.013667187476565916
id06556,0.037842562885859535,0.07654780626788198,0.8856096308462584
id09360,5.3656922575559435e-05,2.1286842246629053e-06,0.9999442143931998
id09042,0.00029039855120090445,0.9996734656144537,3.6135834345340896e-05
id08846,1.6031101052524608e-06,0.9999982812630024,1.1562689242549486e-07
id21274,0.0054906485383623815,0.21631013567748988,0.7781992157841477
id05841,0.831900396559957,0.13682740063165508,0.03127220280838791
id20361,0.9024101864789718,0.001325979434749683,0.09626383408627867
id07499,0.9845947946509962,2.036055084220673e-05,0.015384844798161629
id19466,0.19849350544997313,0.4867498290159325,0.3147566655340944
id16550,0.015126300691614572,0.9846386405397449,0.00023505876864051548
id24512,0.22569929138495642,0.7046418816422916,0.06965882697275216
id14444,0.9079648297883002,0.0033932232427318553,0.088641946968968
id11395,0.9097129975525482,0.005009155988968722,0.08527784645848314
id14907,0.0007821158952861693,0.001782421825051936,0.9974354622796618
id19393,0.001501935558773478,0.00044667207852629366,0.9980513923627002
id26780,0.9107162515962763,0.029491005478147998,0.059792742925575744
id03132,0.006271682207650762,0.03571794991291341,0.9580103678794358
id17709,0.9881804062764284,0.0003043873095639923,0.011515206414007583
id19739,0.8292379319110031,0.010556315252788509,0.16020575283620836
id08470,0.9957704884965344,0.004124529676789923,0.00010498182667575822
id22312,0.0004158946819092107,0.9981875053868955,0.001396599931195369
id20391,0.7805397334326335,0.049872569868634954,0.16958769669873158
id05295,3.6301403256058634e-06,2.069235618572993e-06,0.9999943006240558
id08129,0.11707302123432728,0.002367445987758912,0.8805595327779139
id10615,0.14679521911613275,0.003181786075660988,0.8500229948082062
id09506,0.1420139590224864,0.0798479392650009,0.7781381017125127
id22557,0.17689318413021762,0.8064445296208493,0.016662286248932862
id04181,0.00029958602221985217,0.9995770590098008,0.00012335496797940488
id22457,0.0032656480002009624,0.9967060939038394,2.8258095959653732e-05
id00340,0.23021403327335127,0.008202978921001181,0.7615829878056475
id18205,0.00011165275393130163,1.639473742591703e-05,0.9998719525086428
id03861,0.00013165108346061525,0.9991937437869761,0.0006746051295633075
id20546,0.9936558803767659,0.006235270048624683,0.00010884957460938309
id17226,0.012302460842264782,0.0024762193680945795,0.9852213197896407
id10376,0.5253878856244892,0.2659479074822021,0.2086642068933087
id17734,0.05412811853712302,0.6918341643800967,0.2540377170827803
id09703,1.6056176731090422e-05,0.999892217165234,9.172665803495017e-05
id16311,9.967897898165228e-06,0.9996034344079503,0.0003865976941515114
id06524,2.623731987732732e-05,0.999879471065983,9.429161413970897e-05
id01082,3.33399293509371e-06,0.9997788583827846,0.0002178076242804179
id01940,0.3129098356164375,0.019930230956849627,0.6671599334267129
id04146,0.0012389615486372556,0.043020187761564285,0.9557408506897985
id03891,0.9959203770474007,0.0007984967073327119,0.0032811262452666808
id14421,0.9568872444491745,0.0019071723228546579,0.0412055832279709
id19027,0.9999973804478686,2.59762830970293e-06,2.1923821785055815e-08
id19813,7.329331179413914e-05,0.9998774236500124,4.928303819344794e-05
id05827,0.41702813214606416,0.000996506649898808,0.581975361204037
id03326,0.1252724513102149,0.006494573562234484,0.8682329751275506
id10089,1.454803377467841e-06,0.999998402935959,1.422606636236285e-07
id06827,0.9714446361160729,0.020202873220447712,0.008352490663479437
id01209,0.9433627091808972,2.2903283707727013e-05,0.05661438753539519
id08812,0.8474245080441406,0.02297266176830789,0.1296028301875515
id25906,0.9811915633686823,0.012144924835748345,0.006663511795569356
id25553,0.9288321933399208,0.001105150835336019,0.07006265582474308
id10193,0.009493056392902367,0.00011722473007387782,0.9903897188770238
id15438,0.992953132719318,0.0003342336699571721,0.006712633610724838
id04821,0.0007057687580951933,0.9735767403236417,0.02571749091826308
id26592,0.026609650117239488,0.0032595898780289605,0.9701307600047316
id20195,0.08196784214113174,0.11771050506713299,0.8003216527917354
id00378,0.08836303023962089,0.16817229338715567,0.7434646763732234
id15052,0.9277019050071511,0.036798100930078424,0.03549999406277059
id09519,0.993051846244129,0.006683064929751087,0.0002650888261199478
id04579,0.9670878608612354,4.586796609388364e-05,0.03286627117267076
id08274,0.995578246305859,0.0003345501712722654,0.0040872035228687875
id26223,0.045429661144245376,0.9545063893245678,6.394953118685483e-05
id01914,0.9961642484801392,0.0033040716104949215,0.0005316799093658924
id05244,0.9999243802266071,4.6719409396859246e-05,2.8900363996111153e-05
id14467,0.9901309109971177,0.008008690747860411,0.0018603982550219034
id23284,0.2773907954642394,0.0003157974473574516,0.7222934070884032
id20634,0.0010253107070783863,1.6391221765424493e-07,0.998974525380704
id14659,0.9997980190989112,5.8294357049044486e-05,0.00014368654403977018
id23659,0.0047685901312848646,0.9949091583956857,0.0003222514730294353
id16902,0.9999971182046409,1.962976389840828e-06,9.188189693013021e-07
id20509,0.9883224485144826,0.006603141592877713,0.005074409892639687
id08019,0.17066864086199496,0.025108659814166278,0.8042226993238388
id26180,0.0005777086171180675,7.312984054484402e-07,0.9994215600844765
id01487,0.041767368236467144,0.8074683139769162,0.15076431778661667
id22898,0.0003667511806062354,0.9994861879136753,0.00014706090571847978
id24005,0.9795931847904888,0.01730156648919784,0.003105248720313389
id00118,0.012706301832280439,0.9811917830507142,0.006101915117005377
id17435,0.15458643856627724,0.0003923697720944806,0.8450211916616283
id22574,0.983198817929075,0.003076829315778567,0.013724352755146364
id23882,0.006807259282389819,0.0001907064753931691,0.993002034242217
id02618,0.9987190528783331,0.0009357157933643888,0.00034523132830253624
id06847,0.49933489832108424,0.44350355343906933,0.05716154823984639
id15448,0.005436995414200801,2.155910413152269e-05,0.9945414454816677
id20383,2.1324971674539113e-06,0.9998694236330802,0.00012844386975245076
id18722,0.00011862896995533213,0.9998784331084464,2.9379215983167184e-06
id24353,0.8521884748813842,0.0007817706025244705,0.1470297545160914
id22196,0.7259711604530426,0.1655177777665919,0.10851106178036554
id13239,0.007573915433335823,4.4322618866397703e-05,0.9923817619477978
id14507,0.013688326245359322,0.9834013385559999,0.0029103351986407857
id04619,0.0059976129185911106,8.481140592953548e-06,0.993993905940816
id00176,0.9997785153432203,0.00022009294020992594,1.3917165697189368e-06
id14700,0.9999949746632736,1.3362633310558551e-06,3.6890733953819535e-06
id10930,0.997703759847277,0.0022418603596339667,5.437979308907493e-05
id03830,0.01088077538251454,0.000849909548557536,0.988269315068928
id01840,0.002761948615221453,0.03621557445446515,0.9610224769303134
id18025,0.0009531112963290954,0.9990111215823125,3.5767121358327404e-05
id21361,0.9996984455292356,3.1727933559698e-07,0.0003012371914288837
id21999,0.0005256131419681833,0.9984283836825282,0.0010460031755037216
id20472,0.1886098667275885,0.0011710121061800267,0.8102191211662314
id01282,0.9784900763023542,7.631923258005221e-05,0.0214336044650658
id05687,0.008412317217395788,0.0717972003140357,0.9197904824685685
id19713,0.9970318467369161,7.431934668661127e-05,0.002893833916397298
id18634,0.9617345690965808,0.03643401433467471,0.0018314165687443903
id18322,0.3031142783501172,0.057806064157228776,0.639079657492654
id25178,0.7647342552869505,0.022298776919993147,0.21296696779305638
id13911,0.01000277738819394,0.9852159120096848,0.004781310602121337
id02688,0.9100728346426671,0.03740635312455414,0.05252081223277882
id24097,0.9297976271680903,0.06336691809812355,0.006835454733786134
id05621,8.035301655235999e-07,0.9999619667428615,3.7229726972951135e-05
id09435,0.04867116892985417,0.0012881117763870614,0.9500407192937588
id22564,0.9979526514217152,0.002043743674663759,3.6049036210940307e-06
id26044,0.9792967212603434,0.0062101353658834835,0.014493143373773217
id24724,0.04697250586525512,0.3612105979692549,0.59181689616549
id13568,0.0015783293049035018,0.005591041553544482,0.9928306291415521
id11196,0.9211026847966026,0.03448928469627519,0.04440803050712216
id04842,0.04639949039918444,0.0014900001897946613,0.9521105094110209
id03445,0.9999768813276603,1.3281413551507365e-05,9.837258788195023e-06
id08194,0.27415263356693986,0.0857618084903589,0.6400855579427013
id19747,0.6617853800083023,0.0004919349034970178,0.33772268508820064
id06540,0.04260236438814035,0.8877815287748703,0.06961610683698942
id13171,0.3683028928315972,0.6314457580994965,0.0002513490689062807
id23807,4.1726890567082664e-05,9.716223704628285e-08,0.9999581759471959
id12408,0.0006828572438401791,0.9984169771956755,0.0009001655604843581
id18388,4.7288191678233986e-05,8.986884038583637e-05,0.9998628429679359
id16219,0.00019315518408861014,1.8200267099550247e-06,0.9998050247892014
id11022,0.9576146017541864,0.03937465106840621,0.0030107471774073404
id12514,0.4207228554048428,0.030266960196792137,0.5490101843983651
id07322,0.9999144774548393,8.074724293698064e-05,4.7753022237961855e-06
id04600,0.007084044352965954,0.36549917259467296,0.6274167830523611
id15608,0.004212181795505176,0.02918545874556485,0.9666023594589299
id19223,0.30731556822036993,0.010262084168162239,0.6824223476114678
id18680,0.9976578946480806,1.1455640519761424e-06,0.002340959787867459
id23359,0.7769089624868645,0.012256592617600778,0.21083444489553477
id07332,0.06287771384247126,0.9251200179580629,0.012002268199465848
id11424,0.05086052904317039,0.016942524782663327,0.9321969461741663
id01916,0.24141278464986418,0.46095127792141877,0.297635937428717
id23814,0.7241564027485814,0.11769442536051347,0.15814917189090516
id05821,0.02449962361446152,2.6841751513354757e-05,0.9754735346340251
id15471,0.9589473279378987,0.0007868193570249926,0.04026585270507636
id06742,1.9389117859983122e-05,3.406411401461458e-05,0.9999465467681254
id16393,0.227302209256203,0.7611793858512547,0.011518404892542387
id14430,0.1531726854786101,0.0029177584193050467,0.8439095561020848
id15086,0.9905155444848037,0.0022332196033553195,0.007251235911841022
id13673,0.8186386192024296,0.1695890043799635,0.01177237641760683
id11456,0.8338601438581406,0.10445628958260422,0.06168356655925524
id08475,0.9036658064263287,0.003309755998019921,0.09302443757565144
id02793,0.9235486453142607,0.0026051220919933327,0.0738462325937459
id03576,0.96601129735161,0.01678608691895109,0.0172026157294389
id10747,0.998958548474578,0.0004905112824201564,0.0005509402430018499
id17875,1.10391696888245e-06,0.9999987321496263,1.6393340479694736e-07
id20045,3.6972954335361e-09,0.9999999739209695,2.2381735083275204e-08
id25448,0.7195367266852329,0.2513149507833708,0.029148322531396303
id11715,0.9990319585791839,2.638154345932783e-08,0.0009680150392726187
id22739,0.008381494248350184,0.17363984437672872,0.8179786613749211
id07457,0.9995111024406215,0.00032258065626885864,0.00016631690310961233
id27357,0.9785376054197834,0.0007524327491474605,0.020709961831069136
id01139,0.41989390342503013,0.575891811067596,0.004214285507373913
id00407,0.008229744326204002,0.00014317511100855063,0.9916270805627875
id20956,0.9954665360776019,0.0006466612807772332,0.003886802641620787
id13702,0.6349608893904382,0.020722566499142715,0.34431654411041906
id00327,0.9854975664195152,0.00032392438447108833,0.01417850919601367
id24372,0.009243938798318646,0.9904361909161037,0.0003198702855776418
id03983,0.13121205393748525,0.8676113082299697,0.0011766378325451569
id15264,0.014453288796380406,0.9798240875409784,0.005722623662641201
id09679,0.8965703914447337,0.008176669179037553,0.09525293937622875
id20899,0.7067318113637212,0.037452857478141595,0.2558153311581371
id21494,0.0008035343330132374,0.9986527165520194,0.0005437491149672977
id02513,0.020042382400815868,0.97739110383929,0.0025665137598941718
id21834,3.107638383668753e-05,4.490043312222463e-06,0.9999644335728511
id23463,0.013656666449154737,0.9781941228936993,0.008149210657145864
id26529,0.8985363605092503,0.010883522002826768,0.090580117487923
id22078,0.5577367904148421,0.13123076909930537,0.3110324404858525
id08063,0.004469131378533792,0.9042366872530907,0.09129418136837561
id18690,0.0006108447281941825,0.9986525861072014,0.0007365691646043981
id03908,0.9993222282320839,0.00013500193771667128,0.000542769830199447
id00876,0.5819368215980113,0.12576198730226743,0.29230119109972136
id19633,0.9989592163929968,0.00045293235246514514,0.0005878512545380867
id23096,0.00044429323069729504,0.0005811848679369174,0.9989745219013658
id07547,0.0006503150941867789,0.9887199046999893,0.010629780205824021
id10136,0.0009660288279703327,1.427761084893197e-05,0.9990196935611808
id22645,0.9997020019455118,0.0002310808275764869,6.691722691165538e-05
id27376,0.10910229255550034,0.003463325926587315,0.8874343815179124
id26458,0.005576952523928906,0.9918474828267276,0.0025755646493435744
id07617,6.782629474241049e-05,0.9999265182554831,5.655449774474254e-06
id11254,0.9906559925457027,0.001275045754615386,0.008068961699681963
id25871,1.274839063481011e-05,0.9999741386690285,1.3112940336712738e-05
id26074,0.23084425125630398,0.7668632168784514,0.002292531865244693
id24558,0.005226417996049239,0.023152370521580846,0.9716212114823699
id26515,4.391840129789399e-05,0.9999556819879035,3.996107986008327e-07
id10532,0.08434862395745074,0.3336999403995517,0.5819514356429976
id24063,0.00022477501488708614,0.9996222047236801,0.00015302026143277852
id12872,0.039791624064998726,0.9274835462294891,0.032724829705512166
id23564,6.845808861681826e-06,0.9999923399403668,8.142507714978069e-07
id20074,0.6255650983622237,0.06435573851870947,0.3100791631190668
id00703,0.9999955958343711,4.301234191427363e-06,1.0293143756796183e-07
id07178,0.9162198496276615,0.0660071184288029,0.01777303194353563
id00468,0.5519856233489193,0.42409716921957663,0.023917207431504092
id08647,0.8904441506229099,0.10592858637630266,0.003627263000787427
id27338,0.9214371582926506,0.002420294352718782,0.07614254735463065
id14958,0.00023956416271911016,4.088263383098174e-05,0.99971955320345
id20954,0.7810499652615641,0.009968068448530093,0.20898196628990584
id04495,0.0001194465039312524,0.9997463625996063,0.00013419089646248762
id09676,0.07588437619424303,0.9212081928289296,0.0029074309768272848
id16643,0.9835383989654938,0.012493627013244881,0.003967974021261402
id22018,0.3115956916557399,0.04398958660505986,0.6444147217392002
id09754,0.7081377120831143,0.28539827185505096,0.006464016061834801
id15184,0.9136295103423385,0.017490540865885976,0.06887994879177552
id06930,0.015902047055543666,0.0015204740989415038,0.9825774788455148
id19391,0.98967344927608,0.007980498590914235,0.002346052133005734
id21111,7.735294757781141e-05,0.06250476077447466,0.9374178862779475
id19884,0.07025472099819362,0.025199146779063365,0.904546132222743
id00356,0.002258321672843644,0.0007687741713411428,0.9969729041558153
id03227,0.9929529737046403,6.197313198271234e-06,0.007040828982161404
id24959,0.9649697720615001,0.020245127000345055,0.014785100938154862
id23792,0.9138100211631277,0.00010491096047669104,0.08608506787639567
id15765,0.04463306504104473,0.006701210327694268,0.948665724631261
id22342,0.4228086676538992,0.5753855700702237,0.0018057622758771413
id21764,1.3847855500637284e-05,0.9999858670137057,2.851307936539671e-07
id08929,0.006320828155352291,0.01407773702043169,0.979601434824216
id10860,3.459177776060251e-06,0.9985274091732805,0.0014691316489434008
id14842,0.001980051876451471,2.064646471144541e-05,0.9979993016588371
id14149,0.00010034529176382861,0.9994266770148856,0.0004729776933505047
id04850,0.9999445473115709,8.912382460118972e-06,4.654030596895091e-05
id03697,0.0006670669532362661,0.9897607834020571,0.00957214964470664
id20031,8.128404233996585e-05,0.0017939385385073202,0.9981247774191527
id10148,0.9768371625622226,0.022882000236999638,0.00028083720077776945
id06233,0.0020713951937812464,0.0010189985725354619,0.9969096062336833
id17614,0.22811954341441804,0.446394839336723,0.325485617248859
id24548,0.9170123423745392,0.052610559515164815,0.03037709811029597
id04717,0.0758677837401421,0.8313781406471528,0.09275407561270517
id12557,0.0014550886434953278,0.9976820873420177,0.0008628240144870727
id15563,0.9997727659293915,0.00012572207483092253,0.0001015119957776062
id19414,1.2953287778720855e-07,0.9999997242604843,1.4620663794349035e-07
id24538,0.4965687244882328,0.1843670783339554,0.3190641971778117
id20701,0.00133362057860656,0.3378377273991256,0.6608286520222678
id16710,0.01051974156016694,0.9824960201474403,0.006984238292392859
id00190,0.5798001115448053,0.4177268029735811,0.0024730854816136564
id12066,0.9997764774563757,0.00019106606472603184,3.2456478898266755e-05
id21743,0.03169881423802698,0.9673878393544808,0.0009133464074921738
id10746,0.10524154564943883,0.003590596701251807,0.8911678576493094
id23032,2.603552200907738e-06,0.9999672917337953,3.010471400388442e-05
id02466,0.8267361282849292,0.08128826476937084,0.09197560694570006
id27963,0.0005822992491685439,0.002584962598869309,0.9968327381519622
id05550,0.6239771880675282,0.2603451858800445,0.11567762605242726
id07328,0.008996970810111643,0.0035782291064878832,0.9874248000834005
id06158,0.979906594435389,0.00055022355896461,0.019543182005646365
id15690,0.00018360948926868326,6.868079574372392e-05,0.9997477097149876
id17960,0.06781950707950797,0.000679548484201053,0.9315009444362911
id22487,0.9999041006228764,9.52781925000653e-05,6.211846235001806e-07
id25435,0.00041340236399910993,2.431388631216781e-05,0.9995622837496887
id06988,0.001331475994065873,0.0009498318049962442,0.9977186922009379
id19092,2.676268269859192e-05,0.9999626279807224,1.0609336578970737e-05
id20677,0.9631193977054783,0.03171299036798867,0.005167611926533023
id27009,0.6251099205432901,0.02630943622926884,0.34858064322744103
id14869,0.47965656319547606,0.4672341547693164,0.05310928203520737
id06306,0.9837422778760258,0.015359995513952052,0.0008977266100221685
id13101,0.995772296730986,1.359673511352555e-05,0.00421410653390049
id25263,0.9796207544350517,0.0005162438860523349,0.019863001678896024
id01355,0.00022863772971051184,0.9908334365633159,0.008937925706973571
id04460,0.01728784789102403,4.6752308185383763e-05,0.9826653998007906
id08358,0.9801542551804002,0.019844486572027233,1.2582475725532233e-06
id22714,0.00823285112347934,0.018538454590333566,0.9732286942861871
id19504,0.9663748240984206,0.021593866777491005,0.01203130912408845
id25736,0.06456797285695921,0.8205305083595594,0.11490151878348145
id24201,5.927246611369929e-05,0.9998903543964202,5.037313746614691e-05
id12920,0.9990306277846058,0.0009130864274082913,5.6285787985833296e-05
id12770,0.000117252246814723,0.9978962718762899,0.0019864758768954023
id20615,0.9994149833811008,0.00022715288487604063,0.0003578637340230922
id19427,4.5802704180833185e-05,9.265411898819049e-06,0.9999449318839203
id03006,0.994896815981236,0.0005829021191778665,0.004520281899586051
id00868,0.04170422849824223,0.004098729842307419,0.9541970416594504
id19695,0.2963090655289822,0.044767395060362807,0.658923539410655
id06474,0.9980539817239912,0.00011800144651141676,0.0018280168294973569
id11108,1.9745688909923738e-06,0.9995659470395186,0.0004320783915904828
id01017,0.007421747744875167,0.10678064287293235,0.8857976093821925
id10104,0.8813344370916081,0.006367802224437317,0.11229776068395461
id15930,0.9996029480439079,8.483343428494318e-05,0.0003122185218071517
id05883,0.0010560839703666958,0.0002579249786193234,0.9986859910510141
id10209,0.002767483695938353,7.565976548658421e-05,0.9971568565385751
id14868,0.6034466472349334,0.016929621165643942,0.3796237315994227
id27617,0.9459516203926414,0.03954181041338114,0.014506569193977574
id14264,0.4174888420196563,0.003988095196316066,0.5785230627840277
id07597,0.013196651141019861,0.014176533318810613,0.9726268155401695
id17732,0.9958454737315737,0.001559888183051487,0.0025946380853747253
id13859,0.9620650702376505,0.019519759938783122,0.018415169823566443
id14976,0.0008430342106760411,0.9990152511326083,0.00014171465671570726
id25226,0.029446632060052876,0.0027537030714559147,0.9677996648684912
id17268,0.10678113063260947,0.004659853717208899,0.8885590156501817
id14936,4.727641607862424e-06,0.9999932464062986,2.025952093525493e-06
id18615,0.0500051603220884,0.9494728879945745,0.0005219516833370831
id26184,0.9987345238215157,5.518949193250242e-07,0.0012649242835649646
id11495,0.0946349040000438,0.05916515302784138,0.8461999429721149
id05663,9.331608769371341e-05,0.00020458427760980096,0.9997020996346965
id10335,0.3456161238166176,0.29561327961090905,0.3587705965724733
id08480,0.8506006661397679,0.12352361020875043,0.0258757236514817
id21511,0.8391284093750327,0.12726779193677493,0.03360379868819228
id20988,0.9512809246939701,0.043523742832565326,0.005195332473464549
id19273,0.00022156711612767314,0.9997274376378786,5.0995245993745605e-05
id15420,0.5815482877967203,0.011435067718681127,0.4070166444845987
id16016,0.00012625470362281766,0.9993400978298584,0.0005336474665187461
id16084,0.010298175371500608,0.006156037581220693,0.9835457870472788
id27093,0.011255091416667608,5.6519680054797264e-05,0.9886883889032776
id24695,0.0007044461691537544,0.007485897167783214,0.991809656663063
id03245,2.1814382900751282e-05,0.999052164752033,0.0009260208650663627
id26358,0.004158382560875238,0.010325351955911484,0.9855162654832132
id17966,0.9902239397982364,0.0058142797617356514,0.003961780440027982
id26651,0.9665932527013379,0.02699299167385677,0.00641375562480546
id17275,0.999678404971448,0.00019959169227493133,0.00012200333627712904
id21720,0.7924349437884782,0.023317716135941215,0.1842473400755806
id22926,0.0028297383276980484,0.036538648006108475,0.9606316136661935
id12231,0.0025704944067351443,0.9966645820389448,0.0007649235543200024
id21026,0.03760142443518479,0.008806001357708128,0.9535925742071072
id11675,0.06659269080528142,0.144591419744514,0.7888158894502045
id21890,0.46367871244426445,0.01254621720714981,0.5237750703485857
id04050,4.3543861650251115e-05,0.004684360343858076,0.9952720957944917
id24996,0.004329310989914021,0.015634727961047826,0.9800359610490382
id00025,0.17675917251262463,0.8231710536217097,6.977386566564378e-05
id23916,6.966663726159147e-05,0.9998642325466137,6.610081612478778e-05
id21254,0.6997897732786617,0.24376337774144477,0.0564468489798936
id13322,0.9886728148878061,0.010053227375347881,0.0012739577368459855
id23928,0.7005012188667814,0.0020590567863216043,0.297439724346897
id14748,0.006910655869701547,0.003015473062640951,0.9900738710676575
id26538,0.5840046978561376,0.027794375884689995,0.3882009262591724
id27759,0.0010417407660469257,0.00011418561470598473,0.9988440736192471
id19661,0.9992449952185518,1.507195450934132e-07,0.0007548540619031555
id17018,0.0020383365893577054,0.0021173632343792414,0.9958443001762631
id05505,0.5877828333377554,0.3905778781882358,0.021639288474008842
id16155,0.7680363884741911,0.04507202405365972,0.18689158747214923
id06274,0.006329263726452755,0.0018730500731751025,0.9917976862003721
id13832,0.5945845248373767,0.3777390798850867,0.027676395277536573
id14666,0.9394768539975779,0.04657237021533301,0.013950775787089146
id04489,0.25982957067959644,0.00044619155860083396,0.7397242377618028
id19140,0.8441912189471636,0.00752312279692537,0.14828565825591097
id14570,0.9417918086011512,0.0020330464932142613,0.0561751449056346
id16079,0.9866039099526319,0.0004558301513150316,0.012940259896053033
id06866,0.0884063318161939,0.002443486808378712,0.9091501813754274
id12730,0.11059087706822313,0.8893874800752364,2.164285654057678e-05
id09257,0.0012884415094113488,0.00011721368709314649,0.9985943448034955
id02782,0.16115926872191863,0.018138713823046618,0.8207020174550348
id10412,0.9999999916391723,7.459659627759824e-12,8.353368013723208e-09
id04988,8.809275277248922e-05,0.9374968450823177,0.062415062164909954
id07728,0.9635326654425693,0.035013135874746366,0.0014541986826842378
id21947,0.9990873200820456,0.0007643019009837785,0.00014837801697069835
id27700,0.9830847012970553,0.016413765739636498,0.0005015329633081948
id18178,6.0930736159778225e-05,0.9993197585353515,0.0006193107284887432
id25949,0.0033812359350011032,0.9446597947182144,0.0519589693467846
id23008,0.0014124807082973641,2.7109772659787247e-05,0.9985604095190429
id09238,0.8096343430971521,0.009384444926167057,0.18098121197668085
id12943,0.0068423031047104965,0.9887961955261253,0.00436150136916427
id02659,5.876196778772393e-06,0.9998133542024357,0.00018076960078556922
id03648,0.9848938931603628,0.010777153920379914,0.004328952919257317
id03954,0.975247071621938,0.001709017262621991,0.023043911115440057
id07026,0.00017679917871069598,0.9985670399936832,0.0012561608276061178
id14228,0.00012296798754597352,0.9978930359794402,0.001983996033013825
id22647,0.001132146616804188,0.009454603348825374,0.9894132500343705
id23435,0.974310609221073,0.025623708266567437,6.568251235951911e-05
id08200,0.012146316227536287,0.9709252170557438,0.016928466716720023
id23257,0.010744418533665583,0.0002816647142763609,0.988973916752058
id02684,0.863492281470449,0.05123655248810475,0.0852711660414463
id05186,0.9712242750050406,0.027679088891521444,0.0010966361034379253
id25261,0.43845953225354656,0.019519881275216217,0.5420205864712372
id24081,0.8521655849042858,0.08233391881096477,0.06550049628474942
id27087,0.9999534959780789,4.616937791218919e-05,3.3464400880844553e-07
id03533,0.9392699931126315,0.03348095340770275,0.027249053479665785
id07998,0.8584171564292337,0.024006584471495104,0.1175762590992713
id01240,0.17431059616442168,0.7797336356555181,0.04595576818006024
id24927,0.010917415412962778,0.9888437753908041,0.0002388091962330434
id15752,0.4878357187679535,0.4502822587505624,0.06188202248148407
id26594,0.00015220646046290928,0.9998111190944036,3.667444513355027e-05
id20012,0.007067349904732948,0.0015149172532744686,0.9914177328419925
id15476,0.010939345258562973,0.90868508612771,0.08037556861372701
id15624,0.9775892446786212,0.007446043829963631,0.014964711491415223
id02404,0.006378473007727547,0.993199836888658,0.00042169010361452875
id21944,0.8580373840776364,0.009996154399849435,0.1319664615225142
id24442,0.5945978185403209,0.36827885147572986,0.037123329983949335
id26490,0.11076856952076819,0.002074906811132915,0.8871565236680989
id21897,0.9984118371734025,0.00013234618578393325,0.0014558166408135148
id05575,0.43975438191325716,0.1447724197505387,0.41547319833620416
id01874,0.003693257924685565,0.9929930846552154,0.0033136574200990127
id26617,0.9383714963987413,0.031163841839145025,0.03046466176211375
id13079,0.08394951059169634,0.007578180583956743,0.9084723088243469
id02068,0.5191646649107247,0.1022757476653654,0.37855958742391005
id27872,0.9983041937238201,0.001555441139750476,0.00014036513642948434
id08814,0.525557947964348,0.033084739790225096,0.4413573122454269
id12841,0.16406466273582468,0.7371236210158143,0.09881171624836095
id06716,0.8931249541517953,0.04450442250287014,0.06237062334533471
id10115,0.22501952459172564,0.0006323193528409277,0.7743481560554335
id16121,0.19759027714055427,0.7992872629836835,0.0031224598757621735
id00985,0.8575034547735408,0.05239550768482149,0.09010103754163776
id06063,0.014262748480352413,0.9843846902112002,0.001352561308447223
id22076,0.06677814531374805,0.00152566850176325,0.9316961861844887
id27589,0.050190340297925205,0.8797074939472109,0.07010216575486385
id18996,0.005278190699656969,0.9945050356658428,0.00021677363450025146
id05801,0.0006700093580783731,9.229301756008885e-06,0.9993207613401657
id06880,0.007406909358315212,0.014901595345746817,0.977691495295938
id25746,0.9988286543997486,5.646427941447227e-05,0.001114881320837019
id02569,0.9728780623222031,0.0056870395704285625,0.02143489810736837
id23368,0.003397016162725671,0.00011733615539431714,0.9964856476818801
id23186,0.3454381702231248,0.023955405991029435,0.6306064237858457
id07484,0.022048703374439104,0.45627381493987756,0.5216774816856834
id06951,0.00878742194541522,0.991193940966842,1.863708774276561e-05
id23972,0.1933901788971774,0.002681544054515464,0.8039282770483072
id25997,0.9981855344069913,0.0017737980184576337,4.066757455103024e-05
id10863,0.9214016072928838,0.04967945651248429,0.028918936194631917
id25454,0.9938371523941256,0.006145221037251053,1.7626568623428793e-05
id09071,0.0003486372005567031,0.9996067449075343,4.461789190902716e-05
id15125,0.0005459603483106225,0.9982577028734511,0.001196336778238268
id22672,0.14217418725242253,0.012318002524964648,0.8455078102226128
id27813,0.005015980030526382,4.1018743821571616e-05,0.9949430012256522
id03960,0.23299927578230598,0.07620164994230764,0.6907990742753864
id11526,0.008577740853647754,0.9903420815416732,0.0010801776046790205
id07872,0.3702290821457313,0.09123116640622861,0.5385397514480401
id09497,0.895355280550878,0.028731241851802317,0.0759134775973197
id24222,0.0005335902196837017,0.9529358068912224,0.046530602889093935
id04272,0.8084769039886167,0.001372849395547469,0.19015024661583582
id02938,0.02869733940636371,0.9288628486549545,0.0424398119386817
id00269,0.04372498539528173,0.20220181850949354,0.7540731960952248
id14925,0.010550603853973798,0.00031978291483721863,0.989129613231189
id17843,0.06110447218088857,0.006561744242766264,0.9323337835763452
id20327,0.9128248974186003,0.07951304816611746,0.007662054415282268
id13986,0.2741445318585226,0.0015192906317361844,0.7243361775097412
id21777,0.34284442530329295,0.3700881380826955,0.2870674366140116
id16285,0.02443968282711443,0.968826751933635,0.006733565239250651
id12045,0.9856423933551205,0.013611903135943208,0.0007457035089363413
id06237,0.8765201497466448,0.012070931689920933,0.11140891856343428
id20483,1.0628416978793176e-06,6.175683183028881e-08,0.9999988754014704
id21708,0.9776445255066302,0.01680980694960423,0.00554566754376561
id05422,0.5125894650980615,0.030554766048888328,0.4568557688530503
id14544,0.9911573208879595,0.0070961862265989835,0.0017464928854414796
id07488,0.0954323249593616,0.9002276325529623,0.004340042487676092
id19353,5.8420076105344865e-05,0.9999406044636111,9.754602836526243e-07
id16174,8.034496917215892e-05,0.0007879274830675105,0.9991317275477604
id21765,0.052569411015529435,0.0016434894697490024,0.9457870995147216
id21583,0.004411144670948433,0.9930429764245811,0.0025458789044705433
id11740,0.7876171270983103,0.015104526079168136,0.19727834682252152
id23396,0.8677317186860741,0.018663486493490783,0.113604794820435
id16511,0.8010200108677717,0.1841674095713599,0.014812579560868398
id11598,0.9871789777324712,0.005521995974935964,0.007299026292592821
id02804,0.4571152072899041,0.0573306782293252,0.4855541144807707
id07123,0.4921524433597835,0.310902336032871,0.19694522060734554
id13092,0.31465728387015157,0.6434751350013026,0.0418675811285458
id13271,0.0016323812575192382,0.9982330069807182,0.00013461176176270693
id06272,0.0004242702785876122,3.766798818893794e-05,0.9995380617332235
id06694,0.5219358034086451,0.06217392921854975,0.41589026737280516
id04330,0.89882222348086,0.06590154315607855,0.0352762333630614
id20492,6.8448463869391565e-09,0.9997899299990185,0.00021006315613513222
id14774,0.0670674604269182,0.9324085941563469,0.0005239454167348174
id02457,0.026797068155961636,0.972822361310815,0.0003805705332234149
id09725,0.1376352895587346,0.8573590824643054,0.005005627976960032
id17116,0.0365636893076008,0.9601632023305556,0.0032731083618435645
id04106,0.5662741625835921,0.35065415106407655,0.08307168635233131
id00557,0.9455710715013733,0.027675008977037376,0.026753919521589377
id04683,0.0004504919431071997,1.3168968742603734e-06,0.9995481911600186
id12081,0.7656801191854067,0.03347839238478852,0.2008414884298048
id22575,0.0017822961547827702,0.9981503328828267,6.737096239057104e-05
id05602,0.9538434183920613,0.0005169484087179802,0.04563963319922074
id21532,0.9885124662750322,0.011328555390585271,0.0001589783343824731
id14584,0.9318789834823649,0.056569805719071366,0.011551210798563789
id20301,0.791843919894588,0.0017487349511266196,0.2064073451542854
id15251,0.9307601073341433,0.06888229232710069,0.0003576003387559166
id20270,0.0008455220025739631,0.9991350898405819,1.938815684424925e-05
id04738,0.8046917873597913,0.0019007086458440697,0.1934075039943647
id17962,0.008996295030612602,1.7370491881625706e-05,0.9909863344775058
id05003,0.0018597294861178433,0.0004577871836912419,0.9976824833301909
id23576,0.999087369388003,3.390280748992082e-05,0.0008787278045070825
id25745,0.012698807651844668,0.9441208632534858,0.04318032909466965
id17062,0.900756610165726,0.005141637038200813,0.0941017527960732
id27507,0.02638844720783943,0.03630679350144629,0.9373047592907143
id23898,0.9947378351950643,0.0006389467954963201,0.004623218009439333
id15929,0.00018304272388289548,0.9996113689413026,0.0002055883348145324
id21330,0.7932822691671734,0.00299575838237898,0.20372197245044774
id24990,0.980555278674307,5.538079619196502e-05,0.019389340529500986
id24185,0.053960443964653555,0.006312798030238001,0.9397267580051084
id20455,0.9673764195606708,0.002934606454973956,0.02968897398435531
id27952,0.3681089216393118,0.05978150793748661,0.5721095704232017
id20592,0.5730460501137963,5.7340834361351165e-05,0.4268966090518424
id20616,0.6366765328085637,0.06685355343239656,0.2964699137590397
id20591,0.010657790083690465,0.00045724735129805524,0.9888849625650115
id14177,0.33950051415521143,0.3659838269886072,0.2945156588561814
id02169,0.9986484441340946,0.0003551930594858348,0.000996362806419598
id09818,0.011066079532248183,5.483820686279386e-05,0.988879082260889
id26864,0.023249371093131837,0.9756004855235971,0.0011501433832709906
id12388,0.0432392101522889,0.9266320159779066,0.03012877386980448
id11038,0.9612725753058772,0.006844862084230324,0.031882562609892535
id12061,0.9976249040482862,0.002370595779552385,4.500172161436487e-06
id04018,0.27016855329282774,0.0032660582723515945,0.7265653884348207
id12405,0.5732940029337077,0.3056704981432848,0.12103549892300758
id01878,0.42810257595578477,0.012490330867105957,0.5594070931771092
id18897,0.012390803415233428,0.987408265874879,0.000200930709887576
id22682,0.1684565249989724,0.83031488465797,0.0012285903430574484
id27115,4.2397779902227053e-07,0.9999995592988008,1.6723400210085475e-08
id05234,0.8980067515814499,0.02269947100653262,0.0792937774120176
id23726,0.9999878918758957,6.512909066998798e-06,5.595215037394639e-06
id22075,0.000478248794393838,0.9994208292055208,0.000100922000085345
id27216,0.9998769595985596,5.830827069423705e-06,0.00011720957437097902
id07109,0.0006917310266014011,0.9993007855725339,7.483400864771443e-06
id21292,0.556530972932505,0.294758890550223,0.14871013651727208
id04158,5.8197042056990206e-05,0.002336579806246208,0.9976052231516968
id10534,0.9812626821892257,0.002003089878282036,0.016734227932492348
id10989,0.8898861561728254,0.0935567291007252,0.016557114726449402
id17817,0.001442974006227625,0.0001670059232132408,0.9983900200705591
id14617,2.5999265444755887e-05,0.9967071678077888,0.0032668329267664634
id01978,0.9651930589910376,0.0033118372732927905,0.03149510373566973
id14202,0.004661153962339233,0.00043278356254862173,0.9949060624751122
id12332,0.03173602930540373,0.00020829124472519984,0.9680556794498711
id03649,5.043895483428967e-06,0.9999103022952933,8.465380922336517e-05
id21830,0.8400178565087433,0.020455249216714697,0.13952689427454207
id11278,0.638528009517812,0.35715119251236177,0.004320797969826282
id22343,0.99998969934937,1.8938339401792922e-06,8.40681668983933e-06
id08160,0.9988659686648854,4.011264550543738e-06,0.0011300200705641147
id10506,0.34727849620290085,0.5884312167595607,0.06429028703753853
id01006,0.7639456166884073,0.0765576832664308,0.159496700045162
id07000,0.002463800254115303,0.9967539067769983,0.0007822929688864463
id15958,0.035275968280915754,0.0004369599595086287,0.9642870717595756
id27256,0.9519770152293344,0.04138907535127406,0.0066339094193915305
id00072,0.7848644403370606,4.965002777082318e-06,0.21513059466016235
id08562,0.22186700982363874,0.02177733547111818,0.7563556547052431
id24309,0.008188027998692752,0.0031386096302317918,0.9886733623710755
id07355,0.2783201157413829,0.7203575463218963,0.001322337936720779
id18604,5.388999751217337e-06,2.970346620802812e-07,0.9999943139655867
id04076,0.8755970346764936,0.1208578788074175,0.0035450865160889518
id26925,9.191139221143138e-05,0.9833768853923632,0.01653120321542539
id14852,0.9908003527156992,0.008461436211442542,0.0007382110728582863
id05584,0.6279842837891721,0.002489378099057239,0.3695263381117706
id22864,0.017732829372485145,0.9804386579143973,0.0018285127131175529
id05507,0.9999963021216858,4.832733935753015e-08,3.649550974852576e-06
id11434,0.002959478523931135,0.9957419548243664,0.0012985666517024174
id08324,0.01837235007197753,0.9545547403149333,0.027072909613089207
id23117,0.0013687763711963225,0.9983280026077689,0.0003032210210347842
id16296,0.9943574220861794,3.55372394449482e-05,0.005607040674375628
id18924,0.1922723472678418,0.6956065043674835,0.11212114836467466
id15909,0.9784734872983026,0.004728012546492105,0.016798500155205214
id25338,0.9021356037136393,3.369935699987126e-05,0.09783069692936087
id25981,0.9946565711113132,0.0024573652132748,0.0028860636754120335
id14670,0.9947616035001391,0.0009889228700675674,0.004249473629793334
id12396,0.0016879007701551827,0.9967560184502039,0.0015560807796409682
id19277,0.00020655136545095465,0.00016498362700844774,0.9996284650075405
id24809,0.29550091003073703,0.5486132423784966,0.15588584759076626
id20846,0.02618779030427089,0.00014740587542858818,0.9736648038203005
id11040,0.9695014691365571,0.010767852564264227,0.01973067829917868
id06094,0.9846773373777934,0.013461906996084327,0.0018607556261222742
id22795,0.014904822011926208,0.9824653644113819,0.002629813576691886
id04747,0.023872938542231454,0.012990207830114573,0.963136853627654
id05432,0.0005752341065394106,0.00021215412623189962,0.9992126117672288
id25198,0.9997737057408476,0.00018191912709213952,4.437513206031826e-05
id00592,0.9986629063004677,0.00012392198815372183,0.0012131717113785308
id13221,5.295924523225763e-09,0.9999999946894024,1.467315032241207e-11
id23301,0.5105036838917314,0.04249876813134529,0.44699754797692337
id21781,0.09039885294654074,0.0017929067383330361,0.9078082403151262
id00642,3.733963098944563e-08,0.9999966173612796,3.3452990894271472e-06
id12760,0.1729860750383487,0.029946613791276368,0.7970673111703749
id13666,0.023581700788081614,0.0005171781132685652,0.9759011210986498
id04997,0.7956873022680587,0.07604504406572353,0.12826765366621778
id21906,0.07442351609582945,0.31338171444231305,0.6121947694618576
id26072,0.013990713289217093,0.9853269813672308,0.0006823053435521131
id19004,0.0048708263081767645,0.00017843031294394185,0.9949507433788793
id11638,0.0004951088439096819,0.0037603644231134583,0.9957445267329769
id01941,0.9014586184390367,0.07108154445817771,0.027459837102785538
id18590,0.9745599580438359,0.015020635757534585,0.01041940619862953
id01856,0.011489076296376072,0.9877189279359775,0.0007919957676464476
id04469,0.9635955087869233,0.0075303550059000295,0.028874136207176628
id11732,0.0931632575039727,0.01705318958390115,0.8897835529121262
id06824,0.00012361288142905878,0.04002950648189825,0.9598468806366727
id11941,3.9154336013630106e-05,0.9999287956329389,3.205003104746152e-05
id06786,0.9038248435585099,0.003960089700228506,0.09221506674126162
id22028,0.00514624781472963,7.158181788502175e-07,0.9948530363670915
id14323,0.008813748958640328,0.009424758083518999,0.9817614929578407
id11134,0.000562769464558762,0.9984172328159455,0.0010199977194956837
id09894,0.9993977885371227,0.00012784283251250539,0.0004743686303647686
id19046,0.6190134805592603,0.0006031444661183428,0.3803833749746215
id26307,2.2234651202418372e-05,0.9999768090326022,9.563161953043877e-07
id22554,0.004089200276358481,3.0995543065262224e-05,0.9958798041805763
id16042,0.023494957835072945,0.8476926346911362,0.12881240747379089
id19948,0.999848837670395,3.834894340925918e-06,0.00014732743526406746
id02019,1.8166003709939083e-05,0.9998207571313922,0.0001610768648978148
id02727,0.9888920220585368,0.0044352788569955596,0.006672699084467632
id08679,0.029225142613792204,0.019961373660571186,0.9508134837256366
id27436,0.2653026208336234,0.012346561324694654,0.7223508178416821
id07161,0.9707197912008527,0.026542887260054233,0.0027373215390930202
id11869,0.00027452464926818794,0.9993244284079038,0.00040104694282810173
id00076,0.07456718020937138,0.03688132426220366,0.888551495528425
id00586,0.12397548000982901,0.7449102310410528,0.13111428894911817
id14423,0.20530669991903722,0.33764524942249496,0.4570480506584678
id25611,0.0036497912821086575,0.9927996983361164,0.0035505103817750133
id13872,0.5911588356987626,0.056602995660939036,0.35223816864029833
id08102,0.006386261108913605,0.9934947320240485,0.00011900686703797045
id03475,0.6345052685195407,0.31973168434727306,0.04576304713318631
id07569,0.10719618609586701,0.0046136943564010525,0.888190119547732
id04616,0.9992900642032451,0.0005402653499842097,0.00016967044677083815
id07266,0.9996938236064851,0.0002667686120908593,3.940778142412142e-05
id16104,0.735093821636781,0.041750741349506286,0.22315543701371274
id05031,0.469499212056717,0.24839348185115098,0.28210730609213197
id12290,0.9869877420263826,0.00441615065952826,0.008596107314089083
id26428,0.3837952635239173,0.5591963746734713,0.05700836180261142
id07837,0.0021410866739985527,1.1690257149796077e-05,0.9978472230688517
id19918,0.014070807920876397,0.9844102557635463,0.0015189363155773004
id13067,0.2642592342653923,0.1562321045218296,0.5795086612127781
id11540,0.013818180011166354,0.9777086439756348,0.008473176013198832
id17215,0.6581363695665607,0.009130859965981033,0.3327327704674583
id01745,0.002278672981945554,4.5752873674566156e-05,0.9976755741443799
id00617,0.8004697465340753,5.484636018023024e-05,0.1994754071057444
id02879,0.00385431473683867,0.00448266784518849,0.9916630174179728
id22811,0.9659214836635023,0.001392825813176106,0.03268569052332164
id17744,1.5352519106550802e-07,0.9999976163408377,2.230133971170622e-06
id04341,0.023089499253109786,0.9768780771840722,3.242356281812545e-05
id08690,0.9967658541926131,2.9261725979629177e-06,0.0032312196347889467
id11565,0.9980760549973418,2.3553817748974228e-05,0.0019003911849092602
id09634,0.005582868489761845,0.0001389351897158239,0.9942781963205224
id15427,0.9750316998051508,0.023243669365807816,0.001724630829041473
id11484,0.021069343055737055,9.043315796041315e-05,0.9788402237863025
id26859,0.9998208039197232,0.00017087983655597353,8.316243720883722e-06
id02880,0.7334862540972795,0.15987847442213624,0.10663527148058424
id21584,0.08440161114193988,0.0029793802081113244,0.9126190086499488
id14918,0.9816959440363671,0.0017975310097668462,0.016506524953866036
id20117,0.01863914391208243,0.9798792230733896,0.0014816330145279257
id17002,0.05571671177973094,0.013033767795858868,0.9312495204244102
id13158,0.003215629620779358,0.06406624355649153,0.9327181268227291
id11457,0.22598894002303632,0.10356044395005447,0.6704506160269093
id22103,0.9953541942171411,0.004501638625269275,0.0001441671575896287
id27529,2.381773459424431e-05,9.883901106014837e-05,0.9998773432543456
id25918,0.05098149642204454,0.9403127066128739,0.008705796965081636
id24611,0.02706981364271544,0.9723503620464121,0.0005798243108725564
id13996,0.006259506899766527,0.9649437640095654,0.028796729090668112
id05259,0.6023270488508768,0.0043452414738342415,0.3933277096752889
id13593,0.0037377349852137586,0.00035145394939697623,0.9959108110653894
id18017,0.49963537137929465,0.02791060571308293,0.4724540229076224
id04960,0.099022346463759,0.753364074795061,0.14761357874117992
id13758,0.005419414044375893,0.02893710427239125,0.9656434816832329
id04492,0.9621156440247471,0.000239633983266393,0.0376447219919864
id05023,1.7199066519632304e-05,6.039790346782576e-07,0.9999821969544457
id05950,0.9477564379603994,0.0002929406194607297,0.05195062142013986
id11006,0.9827468185236475,0.00015655552650569872,0.01709662594984682
id09643,0.18338866109217178,0.12003906414411127,0.696572274763717
id06055,0.0005643286164675006,3.577259377306049e-05,0.9993998987897594
id17368,0.0004214289574428969,0.6632813529249421,0.336297218117615
id14176,0.008926540957956895,0.008653277167991894,0.9824201818740512
id27198,0.023425843728487487,0.0062899937145039645,0.9702841625570086
id05649,0.9935639618145891,0.005827376285062249,0.0006086619003487228
id25189,0.9985829078693761,0.0010576675081347174,0.0003594246224892065
id05589,0.826676753405467,0.16256423107490248,0.01075901551963057
id08042,0.9729457276152464,0.025336900270061597,0.001717372114692002
id13680,0.03245126097877555,0.07537725074872613,0.8921714882724984
id07827,0.006615898635408469,4.054393460573567e-05,0.9933435574299858
id18530,0.9984228429699515,0.001380158046795449,0.00019699898325296352
id08813,0.05715038175548777,0.4728332134242408,0.47001640482027146
id05914,0.13680024103521576,0.004071036258538842,0.8591287227062454
id00488,0.7359451652808545,0.23557917395821468,0.02847566076093073
id03668,0.9237006291214819,0.008811876164815909,0.06748749471370219
id24088,1.395126571119081e-05,0.9999752379299509,1.0810804337791761e-05
id02988,0.44024268494871915,0.5344548415358165,0.025302473515464337
id20364,0.9926121687971281,0.007132738650181418,0.0002550925526905716
id16851,0.05000914147851181,0.02308312772763864,0.9269077307938496
id20843,0.9825184942638578,5.956014004441922e-05,0.017421945596097832
id27424,0.9006730904482811,0.0015519381562647328,0.09777497139545409
id06862,0.9915251793020492,0.0029549140147373826,0.005519906683213458
id19411,1.5904835519835953e-07,0.9999997982701492,4.26814956610237e-08
id23789,0.9894936408543462,2.1217441712076956e-09,0.01050635702390957
id23545,4.871881952366831e-05,0.9999484681071322,2.813073344161624e-06
id05639,0.014499967798211562,0.0023580196816803426,0.9831420125201081
id07046,0.026040220830699186,0.9597719622723926,0.014187816896908172
id23634,0.9909927024066094,1.9004803140089322e-05,0.008988292790250454
id05799,0.016500394833633372,0.02337227204858097,0.9601273331177858
id19418,0.03928142993963744,0.0006126914435124424,0.9601058786168502
id21189,0.0014842423088908881,0.9920625760872422,0.0064531816038669206
id22281,0.9979053844121503,0.00010674170630390203,0.0019878738815458244
id16127,0.2679417528967334,0.5673719333253822,0.16468631377788456
id05867,0.8343536468633176,0.023578502169350823,0.1420678509673315
id01211,0.0033954806866840354,0.9966044614045717,5.7908744245283136e-08
id10078,0.00015514022360772913,0.004160404435148109,0.9956844553412442
id17157,0.9999986487454482,1.3246177852050968e-06,2.6636766632393303e-08
id23293,0.7087784923907914,0.10313025088215094,0.1880912567270577
id03589,0.9700012670872121,0.00017738641883985773,0.029821346493947916
id03387,0.003331097457685671,0.020758995684714968,0.9759099068575994
id21470,0.9870551306471479,0.0060959037811863575,0.006848965571665753
id22763,0.14711140895862262,0.03607923079762193,0.8168093602437555
id02601,0.045988994535844464,0.9386272527238111,0.015383752740344463
id09923,0.44361183996750364,0.4563950509394155,0.0999931090930807
id05935,3.486863113465055e-06,0.9999481188109653,4.839432592118088e-05
id14296,0.0022141112273359564,0.0008609803234599152,0.9969249084492041
id04605,0.9985023552055381,0.0011898118113629526,0.0003078329830990042
id08167,0.0003611008767195878,2.0038970624578013e-05,0.9996188601526559
id12659,0.9059325449094695,0.06495504332031421,0.029112411770216295
id21553,0.8320066216467761,0.15819634665019913,0.0097970317030249
id13510,0.0014589321182027575,0.9940542659233331,0.0044868019584641
id04734,0.0003162709576884204,0.03124508005189774,0.9684386489904139
id17689,0.0011464810500053273,5.672480108348315e-07,0.9988529517019838
id08148,0.4888485319821562,0.4530322589150293,0.05811920910281451
id14908,0.001601497956535263,0.9983733313100459,2.5170733418776203e-05
id17238,0.03144460262898294,0.9566922354630273,0.011863161907989831
id27146,0.017421407540479765,1.9525325332380234e-05,0.9825590671341878
id16670,0.9921613430746948,0.003308807173787443,0.004529849751517673
id12023,0.6804937995105944,0.2887207910680009,0.030785409421404678
id18129,0.3730528481230767,0.0026498174994845167,0.6242973343774388
id07365,0.003010986173324483,0.9934180741726423,0.0035709396540331987
id03073,0.09021603206528199,0.1960292743293006,0.7137546936054174
id14824,0.00022691070939041653,0.9997354810761964,3.7608214413180403e-05
id26339,0.8161396425788507,0.1794667886335943,0.0043935687875550225
id16562,0.017412720835018634,0.98126072994083,0.001326549224151335
id22182,0.00027317087178168145,0.9993249852996237,0.00040184382859464123
id27892,0.8360549141067377,0.00955666580346114,0.1543884200898012
id23713,0.8798112745734685,0.09760372787832672,0.02258499754820473
id00214,0.9662076680129238,0.00010021576204408754,0.03369211622503221
id21698,0.0009013499799480617,0.004253347652336759,0.9948453023677152
id17685,0.015823457615481522,0.1356477409658158,0.8485288014187027
id24848,0.9452121979337083,0.0016788109565301656,0.05310899110976159
id01544,0.957511967176496,0.034111998868614324,0.008376033954889818
id12344,0.008951726620805723,0.7158944996944904,0.27515377368470395
id00513,0.886915963860641,1.0185476424518946e-07,0.11308393428459483
id19448,0.958681254771752,0.026432445900268112,0.014886299327979885
id11942,0.7289857312644166,0.08811278086709441,0.18290148786848912
id16370,0.1293001459195585,0.8703108215858752,0.0003890324945662132
id06508,0.014059213036034683,0.000883969511295179,0.9850568174526702
id20829,0.008263669974927067,0.9527658904547885,0.038970439570284385
id27450,0.9999265631811602,1.460455295155743e-05,5.883226588816549e-05
id07362,0.08369469069278944,0.22595264791404493,0.6903526613931656
id15120,0.6699591485656964,0.10603536538222612,0.22400548605207748
id10568,0.9990573922295081,0.00047156966654718347,0.00047103810394472887
id09623,0.959691608392105,0.023681361007071793,0.016627030600823312
id06139,0.4430311707743757,0.5567653326786828,0.0002034965469415528
id24022,0.6996510882444728,0.0037857950176368193,0.2965631167378904
id02108,0.9999750551752193,1.1602046224975741e-05,1.3342778555800454e-05
id14950,0.0009628440398575654,0.00019462451933523843,0.9988425314408071
id01142,0.003322027598841033,0.000604145221514392,0.9960738271796445
id15655,0.9678070879496116,0.00308282146918231,0.02911009058120619
id13975,0.012254797745760075,0.9877255877311191,1.9614523120862294e-05
id00160,0.02177828519807047,0.9700441904309393,0.0081775243709903
id08273,0.03697095024377622,0.002526540066556042,0.9605025096896678
id13642,0.03761258695167373,0.0009242592714342404,0.9614631537768921
id25452,0.5791926710646309,0.35009922036057645,0.07070810857479265
id24806,0.8436902217260158,0.016658854748688647,0.13965092352529557
id20664,0.00348481473211202,0.014771775148202123,0.9817434101196858
id13359,0.19816482611585107,0.784178160265577,0.01765701361857202
id24579,0.8110451956718472,0.18045052086133154,0.008504283466821357
id23389,0.9966011426207594,0.0010517899018460512,0.002347067477394496
id06502,0.14081293482743218,0.004201363895304531,0.8549857012772633
id03083,0.9967346388251929,0.001117094138260066,0.00214826703654698
id01694,0.5406974996920507,0.0058635499793033554,0.4534389503286459
id21872,0.1508361553933397,0.40191429075110413,0.4472495538555562
id01860,0.0001534688932945982,1.1898494194652223e-05,0.9998346326125107
id18127,0.8352466246905368,0.08685416995486178,0.07789920535460153
id01490,9.033726960596348e-05,6.512557631304166e-07,0.999909011474631
id00183,0.9469645051521492,0.038958110054876524,0.014077384792974374
id15458,0.42821212692661287,0.09983958434625768,0.47194828872712946
id04289,0.8763445903470075,0.1112356668997158,0.012419742753276551
id02129,0.1323119117839738,0.014350439343491348,0.8533376488725348
id10271,0.9766297116977847,0.005185202935518,0.01818508536669729
id02982,0.08708672697429448,0.8858024859585806,0.02711078706712507
id15036,0.006238355965503256,0.9933228222174296,0.0004388218170671318
id15854,0.9979647739005962,0.0012724835395204793,0.0007627425598833089
id10252,0.0009876349931561028,0.013095161011101834,0.9859172039957421
id24359,0.0004727831360717112,0.01714186676349264,0.9823853501004356
id18620,0.00010753536696441114,0.9998923569887033,1.0764433237190409e-07
id25768,9.655831791766065e-05,9.161637796749277e-06,0.9998942800442856
id16604,0.9603619089917231,0.03657558125033328,0.003062509757943653
id24942,0.8042285703367681,0.0010113711242466673,0.19476005853898537
id12989,8.95223452349378e-05,0.999598517486894,0.00031196016787109855
id13841,0.9948671470590847,0.0006230073756435377,0.004509845565271687
id15481,0.02818758649862524,0.003347411309743996,0.9684650021916308
id10600,0.008919110595589788,0.0010868080797720038,0.9899940813246382
id18528,0.6216893065241975,0.11393206429198564,0.26437862918381694
id16465,0.03458976543497393,0.9630309834662502,0.002379251098775983
id14204,0.0006454848118330837,0.9985351197112272,0.000819395476939652
id05924,0.898228768261137,0.08439184373202128,0.01737938800684185
id16756,0.00013467437451844552,0.0029969078306558883,0.9968684177948257
id01167,0.6496903333265889,0.0023842550413251083,0.34792541163208596
id27624,0.0023418621963992485,0.9973507667231652,0.0003073710804355536
id13724,0.39569232289540923,0.003588460216102966,0.6007192168884878
id03677,0.9971759474953559,0.00011335285431183188,0.002710699650332407
id26463,0.26047051662770887,0.20871617521991398,0.5308133081523772
id15623,0.44085419828455297,0.0020609731307211225,0.5570848285847259
id26379,0.010797284228789823,0.0005202201095187818,0.9886824956616914
id25294,0.00337490846117275,0.00020388828169869825,0.9964212032571286
id04100,0.03476305048495849,0.039547478143896385,0.9256894713711452
id23831,0.9274160793538121,0.01962779996869993,0.052956120677488026
id17334,0.9980667492259113,0.0019033517987291908,2.989897535951353e-05
id19506,0.0006508115880965278,0.0002630763706206185,0.9990861120412828
id18629,0.8123952757001911,0.1735749465244215,0.014029777775387546
id09105,0.005039101867730735,0.0019595507803629075,0.9930013473519064
id27735,0.8543157135571355,0.13132990647446452,0.014354379968399982
id22840,0.9455292613252761,0.0009162570218071472,0.05355448165291669
id01465,0.22773780469623742,0.02883548484918262,0.74342671045458
id27750,0.666895497092669,0.0438017972224925,0.2893027056848385
id20421,1.3711047762808324e-05,8.979663963632282e-09,0.9999862799725733
id23826,0.9952332266371047,0.002296894868927636,0.0024698784939677534
id23219,0.48116342161527714,0.1529117899383198,0.36592478844640314
id06442,0.0011151212244311978,5.36487269942099e-05,0.9988312300485747
id07847,0.9989254731424804,0.00036022078951989886,0.0007143060679997001
id16995,0.6279383491529652,0.3240300166004209,0.048031634246613955
id07626,0.014899435933011811,0.8461430382896441,0.13895752577734416
id21920,0.015814227037781292,0.9837575403805097,0.0004282325817091087
id22340,0.8049193179883694,0.1904225145150136,0.004658167496617079
id22108,0.9919878110640773,1.9890838395854316e-05,0.007992298097526957
id25661,0.954848847752254,0.04139097404989145,0.0037601781978545473
id16284,0.3829747374732595,0.02616567609099127,0.5908595864357492
id19900,0.9352059120165614,0.03972663654137038,0.025067451442068223
id20864,0.9985388578647756,6.7324732995731755e-06,0.0014544096619248635
id26099,0.7609794327725803,0.23695432146550957,0.0020662457619102215
id00333,0.23566294186735004,0.07037900193578614,0.6939580561968639
id27278,0.04827022753006156,0.9454330127053955,0.006296759764543023
id16758,0.014812403941283402,0.9845873508250982,0.0006002452336184416
id25660,0.7571925439902373,0.10964960400657046,0.13315785200319236
id05146,0.3045937120417746,0.007097877643047651,0.6883084103151778
id24812,0.049750433267907936,0.008912762445599466,0.9413368042864927
id12003,0.9765311119511125,0.004400061188999718,0.01906882685988772
id04569,0.02348253821523998,0.9468336699448627,0.029683791839897326
id08269,0.6235282500685732,0.22011227790678214,0.15635947202464484
id06080,0.9953144054631641,0.0017806877758282543,0.0029049067610076402
id09782,0.055618795411996824,0.9442813798577396,9.982473026352284e-05
id19722,0.0012009649019134325,0.9987967356961864,2.2994019000841935e-06
id02781,0.0006365333117939918,0.003446421662888428,0.9959170450253176
id13385,0.9724244390281302,5.284666180202393e-05,0.02752271431006773
id24676,0.4172311798167916,0.06701605262087888,0.5157527675623295
id07628,0.8981227584085135,0.08026367637289242,0.021613565218594064
id19363,0.014348765888952595,0.002231477971819734,0.9834197561392277
id27392,0.9959181052435119,0.0003591402929478328,0.0037227544635403563
id26486,0.9119342211844013,0.0124759349527603,0.07558984386283843
id02440,0.8842071561009789,0.09731894705250121,0.01847389684651992
id26878,0.671941736922578,0.30307772617908535,0.024980536898336722
id23044,0.9999508952516146,1.5471460421564923e-05,3.363328796390422e-05
id24170,0.016083887799035385,0.9822064487437595,0.0017096634572051274
id22332,0.8722208264320219,0.0068650113981398595,0.12091416216983818
id27933,0.8483400903229943,0.021707533625149898,0.12995237605185586
id17535,0.003003624763785903,0.0015084023850106738,0.9954879728512035
id19700,6.089516348502603e-06,0.9999351647767638,5.8745706887692106e-05
id19809,0.08030077640135913,0.2387242489416471,0.6809749746569939
id04484,0.12992633390769276,0.006674458139431785,0.8633992079528754
id00481,0.19536217243853155,0.7911422594564992,0.013495568104969349
id27510,0.937228518130124,0.04767558681719031,0.015095895052685701
id04635,0.06179516244279543,0.00022956570891350279,0.9379752718482911
id26027,0.9718770549629192,0.025453995273624245,0.002668949763456594
id09300,0.0002658355387916028,0.999714458061653,1.9706399555451287e-05
id06381,0.020621167103767303,0.00010918004729620578,0.9792696528489365
id18038,0.001723319728424499,3.403265918293652e-05,0.9982426476123926
id22011,0.6885544813691858,0.05176846245379664,0.2596770561770176
id10608,0.004363372067048085,0.9928404513897825,0.0027961765431694327
id23054,0.5425024532568148,0.006460176351041376,0.45103737039214387
id13904,0.5041319022215007,0.46776809236345535,0.028100005415043955
id13855,0.22704570279360875,0.011508760454066834,0.7614455367523244
id17630,0.0179142296437542,0.9646592227870607,0.017426547569185023
id08595,0.05494855078973602,0.01289631814543793,0.9321551310648261
id09532,0.676537892117924,0.004015433589902092,0.319446674292174
id13176,0.0008715384114926126,0.0011935351259907937,0.9979349264625167
id27237,0.0033767802627420393,1.7375536371577743e-05,0.9966058442008865
id16704,0.020234581923904774,0.001363503573254046,0.9784019145028412
id20994,1.4149189560694873e-06,4.707979490943122e-06,0.999993877101553
id17501,0.0004630865001477139,0.9985283115816379,0.0010086019182143826
id16509,0.0006667334104941961,0.010672562267100465,0.9886607043224054
id15081,0.0008998914392541577,0.004383547757963595,0.9947165608027823
id24414,0.261879417980737,0.0502102981527138,0.6879102838665492
id09220,0.02230906060061479,0.016523703244569823,0.9611672361548155
id26514,0.0006373532479773362,1.1342931462540475e-05,0.9993513038205601
id14703,0.989669225141558,0.0015300004213731776,0.008800774437068785
id19838,4.710327263003218e-05,0.0018347753076473825,0.9981181214197226
id23297,0.5131483321298228,0.00647243114968986,0.4803792367204874
id17113,0.9056744363618696,0.0902007149711778,0.0041248486669526255
id11693,0.6500669239562139,0.0053274432290914015,0.3446056328146947
id00847,0.13633668407344757,0.6634372013155604,0.2002261146109921
id00233,0.7004431677162729,0.015326273480898942,0.2842305588028281
id02776,0.9996340297478428,0.00035620315799300825,9.767094164190774e-06
id10396,0.9391524005430323,0.005754350606995256,0.05509324884997255
id18222,0.9167457555217625,0.0168950709272255,0.06635917355101204
id13476,0.038176011683168844,0.009853366427011921,0.9519706218898192
id08007,0.7827565413424701,0.008025292786942754,0.20921816587058714
id12984,0.3137373378508856,0.0002100249630078557,0.6860526371861065
id04174,0.23992297855869008,0.757647170367752,0.0024298510735580154
id23874,0.0014309923194803763,0.0001352088251491571,0.9984337988553705
id00595,0.001392287393088164,0.9985094326414505,9.827996546132876e-05
id18041,0.9991798077740949,0.00036683395282935264,0.0004533582730758449
id17403,0.9939718450776819,0.0031784495014886517,0.0028497054208294756
id11741,0.9973435679384732,0.0002948465111192192,0.002361585550407606
id16928,0.2955680800052141,0.00027927655597144994,0.7041526434388145
id21913,0.0065425271861467935,0.005446699480347868,0.9880107733335053
id05939,0.00014101324961786517,2.438417606681418e-05,0.9998346025743153
id12429,8.36351488545471e-05,0.9987529363524561,0.0011634284986893498
id04447,0.13264652977652455,0.2549204427364093,0.6124330274870662
id15928,0.8206862966403782,0.021283696783875816,0.15803000657574603
id13126,0.027608409509061984,0.001761302251406647,0.9706302882395313
id03989,0.9277886402485478,0.009956709029815273,0.062254650721636974
id08950,0.003474996291235349,0.995761494302054,0.0007635094067106092
id26494,0.03838887956139442,0.0061476470872734515,0.9554634733513322
id09289,0.03181005900686822,0.02046901145650524,0.9477209295366266
id16295,0.0014430746804222241,0.9927898772176534,0.005767048101924319
id01616,9.730787119265564e-06,0.9999480917785638,4.2177434316963734e-05
id25251,0.017938993664368876,5.4083459793136864e-05,0.982006922875838
id10354,0.9555280477364876,0.014661951182833274,0.02981000108067914
id08559,0.0013424705651242461,0.9953812384315069,0.0032762910033688787
id20385,0.9733195606926708,0.0018669263596632658,0.024813512947665994
id01760,0.9851383239190269,0.0017648366888271753,0.01309683939214587
id04242,0.5665371430257199,0.009113399036633916,0.4243494579376463
id05652,0.015307082348355129,0.984691750213162,1.1674384828761142e-06
id05269,0.0013530531566640818,0.9943530797276673,0.004293867115668587
id11218,0.06926742275146877,0.013840088544402263,0.916892488704129
id19158,1.1132291323929913e-05,0.9999885070060616,3.6070261451130524e-07
id00927,0.011403948469660648,0.0005575717472613886,0.988038479783078
id25636,0.14103116391376794,0.09872630665997777,0.7602425294262544
id20727,0.11062023912312287,0.01671286641012448,0.8726668944667527
id01645,0.9440040853808854,0.04299268644380695,0.013003228175307722
id19931,0.026761644703180095,0.935585330927971,0.03765302436884882
id12473,0.007509737553293773,0.9900695785892887,0.002420683857417513
id00618,0.9920095425032643,0.000265745062444815,0.0077247124342908965
id27329,5.238764018219633e-05,7.982490751663801e-05,0.9998677874523012
id11553,0.9924914704767057,0.00012104362773391276,0.007387485895560341
id10357,0.00016220030641699943,1.0271573777677848e-05,0.9998275281198054
id11392,0.21999623944655333,0.0002574301361637277,0.7797463304172829
id03634,0.07844897254106648,0.6796598645106344,0.2418911629482992
id15781,0.9744689291430034,0.025404670027756454,0.00012640082924013054
id11706,0.010680462697144708,0.001582629753626579,0.9877369075492287
id04248,0.9903424184544292,0.007920765813761978,0.0017368157318088725
id26011,0.21976041979701186,0.16858766845260578,0.6116519117503824
id17478,0.03354765381320774,0.00011349751565889125,0.9663388486711334
id16179,0.8665243594136329,0.06302178293649345,0.07045385764987364
id11340,0.9476563311323488,0.0025526172248823767,0.04979105164276875
id05629,1.2718217825834403e-07,0.9999998727295939,8.822784464837933e-11
id00266,0.021369039029402345,0.000494363404351425,0.9781365975662463
id18514,0.17729936135652977,0.0411849048295557,0.7815157338139145
id05167,0.05801665897938071,0.034863173407091504,0.9071201676135279
id08943,0.9062784250656665,0.010893728748358955,0.08282784618597461
id14580,8.528585669354439e-05,0.9980444854202026,0.001870228723103848
id24496,0.9998414543773573,0.00013382350076282656,2.4722121879934827e-05
id04884,0.00017858314693230666,0.17377856558586682,0.8260428512672009
id08011,0.01249953491772661,0.06212087492381118,0.9253795901584622
id17807,0.05608164509846229,5.2312458368550415e-06,0.9439131236557009
id05694,0.9129430445760037,0.043163680081133714,0.04389327534286265
id02907,6.066875020659246e-05,0.9991089193136904,0.0008304119361030569
id23235,0.120900980133079,0.0052649591924824645,0.8738340606744386
id26764,0.9424693379589729,0.05668057837089267,0.0008500836701343818
id12226,0.010395494963909206,0.001411235961282938,0.9881932690748079
id15157,0.8786389246198212,0.015465657036778734,0.10589541834340012
id27127,0.018833036609137495,7.670258248299178e-05,0.9810902608083796
id27723,0.002492869623295293,0.0001760330263893448,0.9973310973503154
id10742,3.8671091915790235e-05,0.9994905176955963,0.00047081121248798756
id22951,0.2599386155484498,0.18600763663509065,0.5540537478164596
id09429,0.344263003974766,0.0016995810326965951,0.6540374149925374
id26058,0.0011449733176108338,0.6815925923314061,0.31726243435098306
id27415,8.709148522964518e-05,0.9971228135159619,0.0027900949988084616
id06938,0.9808629735027167,0.00023785264515917666,0.01889917385212411
id18702,0.8933955881376586,0.04009731360289134,0.06650709825945002
id05229,0.8530229406206101,0.14578615424161326,0.0011909051377764742
id05219,0.006605040478062549,0.0004646579403656206,0.9929303015815718
id26375,0.14796315499819362,0.8423042002158868,0.009732644785919637
id19622,0.9722786874837079,0.004254107035612179,0.023467205480679883
id13333,0.2450485039826323,0.003349198622936728,0.7516022973944311
id25849,0.0039775496552877125,0.9957857963310026,0.00023665401370966317
id06780,0.9280002708296051,0.028389241473307087,0.0436104876970877
id01128,0.24945902452065535,0.004552420029124192,0.7459885554502205
id22697,0.04520724933943655,0.0015304544282365795,0.9532622962323268
id03725,0.5108709934975407,0.13902321765216494,0.3501057888502944
id06570,0.896924480351225,0.03850587924649735,0.06456964040227772
id07834,0.005453582766336954,3.423793532324308e-05,0.9945121792983398
id08930,0.9991143744096953,4.574576870842956e-05,0.0008398798215962926
id03276,8.713352640175828e-05,3.1269132572155184e-06,0.999909739560341
id07367,0.00020706700277139007,0.9997343109427831,5.8622054445520584e-05
id12250,0.9502303837226439,0.02374129438393152,0.026028321893424574
id00461,0.2840823857963188,0.0017291908539057775,0.7141884233497754
id17583,0.9946536782873627,9.230158861489937e-05,0.005254020124022408
id07331,0.3694956619772271,0.4124978350178456,0.21800650300492738
id09844,0.04542313434073472,0.0003913988532626375,0.9541854668060027
id12595,0.0020147067880521984,0.8633117329462575,0.13467356026569038
id12911,4.0932419099778906e-06,0.9999944289829416,1.477775148464763e-06
id13334,0.013460094187513105,0.01596656401629076,0.9705733417961961
id03231,0.1394413634585599,0.4825391520979558,0.3780194844434844
id16441,0.11250969650785907,0.007090260010428995,0.880400043481712
id11427,0.005045975066147566,0.0018343896965554612,0.9931196352372971
id16919,0.9866944208353702,0.013111062190083546,0.0001945169745463162
id04388,5.2330519049622844e-05,0.02398275939680154,0.9759649100841489
id09608,0.2149152383251726,0.45482018684182596,0.3302645748330014
id14912,0.4967664575888501,0.0002540262559629841,0.5029795161551869
id24621,0.001602238070539152,0.9727844981970234,0.025613263732437493
id14904,0.014515389735323334,0.019964510762520756,0.9655200995021559
id09209,0.00016820747210003975,0.0004282136911758957,0.999403578836724
id10425,0.9992958962239941,0.0007039071003523552,1.9667565362621156e-07
id04915,0.6527534974053845,0.004097644580086158,0.34314885801452943
id01417,2.1148876354204236e-05,0.9999782003840486,6.507395972469671e-07
id12318,0.8740493696194751,0.021617944217216203,0.10433268616330868
id01184,0.15453732136477089,0.19225832139189777,0.6532043572433314
id05349,0.0024572178459813664,0.0004952224371641747,0.9970475597168545
id14718,0.0020730681565418385,0.00011871552170226921,0.9978082163217559
id20392,0.713860016489119,0.03655796454608679,0.24958201896479418
id10071,0.041702501494805574,0.07831726940141444,0.8799802291037799
id24369,0.9999918973733581,5.404487889737601e-06,2.6981387521673407e-06
id22137,0.9999928408702469,1.3133692555070413e-06,5.845760497649224e-06
id14478,5.703111729280838e-05,0.0006607162953709364,0.9992822525873363
id10018,0.09616711713604137,0.0021500997126120153,0.9016827831513466
id13357,0.0006753565371180756,0.9985145025438854,0.0008101409189965816
id06093,2.4704330064080345e-05,0.002979918373899905,0.996995377296036
id26039,0.004620600420705323,0.00027191007914291357,0.9951074895001518
id05974,0.004104187752637606,0.9886872977517348,0.007208514495627493
id09745,0.0007579322864135863,0.9991210794881038,0.00012098822548254849
id01255,0.7289549177017737,0.1524871170263862,0.11855796527184019
id25995,1.6717004769357733e-07,0.9999431435302264,5.6689299725948e-05
id01205,0.7296654384490271,0.005592085671949843,0.2647424758790231
id09735,0.27955858773990444,0.7202197298976668,0.00022168236242878608
id19431,0.8997132576731761,0.09849935956245925,0.001787382764364638
id10226,0.9946021400055951,0.0011462740910296795,0.004251585903375246
id22446,0.9899208691058454,0.0017873596734128386,0.008291771220741793
id10207,0.24877054337668372,0.6501278920012655,0.10110156462205079
id02564,0.9300841637982274,0.01484418332596738,0.05507165287580514
id15113,0.9647150333664071,0.013269615794866902,0.022015350838726088
id20230,0.915483371775884,0.002956046084682464,0.0815605821394335
id18155,0.9960956014040941,0.0005474929094147616,0.003356905686491111
id23722,0.022658475593039525,0.0006725820274074604,0.976668942379553
id20241,0.9996053150521045,0.00023244961694822124,0.00016223533094722754
id10580,0.0030256111180118894,0.0022911808539979915,0.9946832080279902
id09405,0.2918890540859319,0.00781574878815016,0.700295197125918
id16297,0.00021985577785186612,0.9997376605638822,4.248365826589249e-05
id27247,0.7632581622944896,0.0048212861068716575,0.23192055159863884
id26321,0.9999093984091981,6.701613419193767e-05,2.358545661000872e-05
id18503,0.010583609255855107,0.0004603327920404633,0.9889560579521044
id04178,0.012557184658997854,0.9604266571235703,0.027016158217431814
id22695,0.002317415851350053,0.01903822649811142,0.9786443576505385
id04368,0.9998920890689255,6.737568276146203e-05,4.053524831315147e-05
id20585,0.9947530949757303,0.0052460369333546825,8.680909151273598e-07
id21615,0.2984553233493052,0.07873962383027865,0.6228050528204162
id10830,1.8142569352493465e-11,0.9999999999766892,5.168210954504041e-12
id22143,0.9958731251449398,0.002559800219903156,0.0015670746351569974
id21600,0.9900128909514215,0.0017104107006503605,0.008276698347928152
id23773,0.9973391041981517,0.0023723848855930875,0.00028851091625519185
id08505,0.9999647803195949,9.226672299942607e-08,3.512741368207809e-05
id27152,0.976379074204045,0.0004077731592234816,0.02321315263673153
id09817,0.008727480824281745,0.9250962283373237,0.06617629083839446
id02355,0.926259449834591,0.03595330505198627,0.03778724511342286
id23629,0.9879145681527202,0.000516265103135659,0.011569166744144254
id22194,0.9805648383093738,0.0007829693584401558,0.018652192332186096
id05592,0.20269187809538008,0.0025256271415573846,0.7947824947630626
id02916,0.1312714087061462,0.45665070840306404,0.41207788289078984
id22284,0.765872757397246,9.976256548631761e-05,0.23402748003726767
id14574,0.16701082477915638,0.01717330609899623,0.8158158691218474
id16820,0.025986132859786668,0.00015047145382345985,0.9738633956863899
id04513,0.9961607238958465,4.5986015497110075e-05,0.003793290088656388
id05853,0.29082846259091444,0.02191537746848769,0.6872561599405979
id23528,0.007675973682242737,0.9878772153851005,0.004446810932656697
id06684,0.992856519864447,0.004799392417052078,0.002344087718500886
id19793,0.9664933450287027,0.033407613508337826,9.904146295961863e-05
id05567,0.6670846730667669,0.004194762171492357,0.3287205647617408
id01637,0.00014861460744687257,0.9985924456301999,0.0012589397623531996
id24264,0.015332080341202522,0.025900803787903524,0.958767115870894
id08558,0.004518318089515092,0.9832387577468716,0.012242924163613235
id01977,0.0016065311712886072,0.9245020303372247,0.07389143849148666
id14665,0.0006533185805927374,0.9955402463567041,0.0038064350627032293
id24485,0.028688276683644598,0.9698165896638753,0.001495133652480155
id00331,0.5292832401172425,0.007706767311882875,0.46300999257087455
id06004,0.6083734814902728,0.07275660184967624,0.31886991666005093
id08168,0.0005447612879207404,0.9787562472433637,0.020698991468715643
id02054,0.996436183940572,0.002545173850525688,0.001018642208902399
id27733,0.11890001650055541,0.003435979064465654,0.8776640044349789
id26596,0.003616876050720957,0.994759493182057,0.0016236307672221396
id05275,0.5001570710555943,0.4845377708436293,0.01530515810077644
id23093,0.7964102207818616,0.037577605567541854,0.1660121736505965
id13304,0.002169890759403089,0.0014192775235393113,0.9964108317170577
id09513,0.9962840392293785,0.00047051960872404646,0.0032454411618974633
id14943,0.9939996531369344,0.00018383151582287936,0.005816515347242737
id10936,0.8208958585963597,0.11261353838716741,0.06649060301647293
id18771,0.36549936395707205,0.38042349758250116,0.2540771384604268
id09708,0.7407022507502095,0.11358529234085407,0.14571245690893658
id17204,0.9789137837628806,0.0039181037293782375,0.017168112507741126
id27515,5.256456204343549e-06,0.9999885306521583,6.2128916373623585e-06
id04438,0.7105842383760741,1.0982576610221594e-07,0.28941565179815976
id14306,0.0434124088106518,0.9552969653811733,0.001290625808174968
id10235,0.06162001908902011,0.0061029492450128415,0.9322770316659671
id19034,0.4730285228871066,0.43824416087016266,0.08872731624273061
id27850,0.5497783335111653,0.005350029314376974,0.44487163717445766
id23316,0.796639622562619,0.1827341615812951,0.020626215856085938
id21265,0.9109840067727034,0.00016180774020551475,0.0888541854870911
id13944,0.03189866092707104,0.0006685929608486907,0.9674327461120803
id00416,0.0006905007747816031,0.9920973856184523,0.0072121136067661105
id04702,0.9913329364431237,0.0035054147241292094,0.00516164883274708
id07679,0.5912961103846002,0.25337879773953,0.15532509187586982
id17063,0.002803984042434772,0.9968784435976424,0.00031757235992278365
id25840,0.000650732184617735,0.9973134668125906,0.002035801002791759
id16767,0.03673782362771325,0.9631244894406868,0.0001376869315999317
id10275,0.0015022645413588624,0.001895616494666697,0.9966021189639744
id19913,0.8543370045073175,0.019763256201721587,0.12589973929096085
id16158,0.005425007365176169,0.9854460393277579,0.009128953307065934
id19914,0.19822159657963925,0.00011644962176220139,0.8016619537985986
id09409,0.3601360930637905,0.02492347299985205,0.6149404339363574
id14026,0.8530491773969593,0.07737342537660714,0.06957739722643363
id27022,0.0014462222141924867,0.9981611784723784,0.0003925993134291575
id06324,3.385733356561694e-05,0.9999008876366979,6.52550297364756e-05
id22614,0.1517383224541983,0.009389310429827786,0.8388723671159739
id02338,0.9275098484900833,0.012061750873053176,0.06042840063686346
id02862,0.004593856297913637,0.9911977727251404,0.004208370976945979
id14818,0.14923191927610052,0.3602174513346597,0.4905506293892399
id00648,0.9360622969999415,0.021204345169732967,0.042733357830325565
id21812,0.04238972240522806,0.0005282056268567949,0.9570820719679152
id04567,0.029711797730981697,0.9699854581914936,0.0003027440775247481
id20462,3.428919966782388e-13,9.95226088486575e-14,0.9999999999995577
id21110,0.15665546065039518,0.02084401350843775,0.8225005258411671
id27524,0.0780242726338886,0.9203913915746816,0.0015843357914298315
id10739,0.003487757575433799,0.031861521914851546,0.9646507205097147
id25519,0.5238211463372604,0.04915620010471528,0.4270226535580244
id09509,0.1356464636380964,0.03448628883088188,0.8298672475310218
id24062,0.03677290505976862,0.9601240597417922,0.0031030351984392343
id17909,0.037196486995328376,7.399938491082188e-05,0.9627295136197609
id09896,0.10298957774617784,0.007193798087581971,0.8898166241662402
id11587,0.0011466752955820794,0.9988064295190066,4.6895185411306375e-05
id09957,0.624466680604131,0.36146248571353556,0.014070833682333323
id02070,1.9246279435814547e-05,0.001004295304213407,0.9989764584163509
id25658,0.927410860671046,0.03260805281688325,0.039981086512070795
id19870,0.24763672702409947,0.7107386486433805,0.04162462433252006
id11774,0.04204786919899452,4.484049321001965e-05,0.9579072903077955
id21315,0.7206682199381091,0.27802142728473717,0.0013103527771536614
id15873,0.9796822030606935,0.01919267941299169,0.0011251175263148271
id19302,5.036765349492084e-07,0.9999989181492861,5.781741790522386e-07
id07239,0.004952461377537525,0.9950187406448918,2.879797757056581e-05
id10178,0.999812887798119,4.323071042497184e-05,0.00014388149145591917
id00074,0.981302636726212,0.0002905321069528849,0.018406831166835207
id21736,0.1469450885833632,0.8310453559857673,0.02200955543086954
id25383,0.15147053647492956,0.8266131905195562,0.021916273005514214
id01649,0.5896173016250437,0.037226656240791876,0.3731560421341644
id15990,7.334046750606335e-05,9.758806195039738e-05,0.9998290714705436
id04940,0.9979135228130448,7.223981226932844e-05,0.0020142373746858786
id09041,0.07340910975428737,0.9153146192366182,0.011276271009094455
id12499,0.8598416984016598,0.01991345341559186,0.12024484818274844
id27324,0.06340546062581834,0.9365241377846638,7.040158951792614e-05
id20396,0.0023198296487485425,0.9976208595657564,5.93107854950512e-05
id20065,0.9987617891157187,3.551057693674163e-05,0.0012027003073445685
id09659,0.15717527609353626,0.016417469194373587,0.8264072547120902
id04632,0.01755307892746439,3.0281053733329432e-05,0.9824166400188022
id17313,0.9990226581955876,9.21113512998164e-05,0.0008852304531126209
id04995,0.9946638279732891,0.0033153933318446844,0.002020778694866229
id26559,0.9515385445293154,0.018248434170900774,0.030213021299783843
id06974,0.09498323060436065,0.12005766262265698,0.7849591067729824
id22141,0.9982109052895096,0.00026007803438857566,0.0015290166761018887
id11508,0.007173170845462127,6.502763175403836e-05,0.9927618015227838
id09766,0.0507749880763327,0.9488831637760737,0.00034184814759352563
id24382,0.2772889416579046,0.40317798750950934,0.3195330708325861
id12016,0.7511658021595874,0.0772262083628784,0.1716079894775343
id07298,0.9275429971089008,0.0034345192417741797,0.06902248364932505
id17985,0.004179455938934241,0.9950837978903926,0.0007367461706732443
id09057,0.028573561388113504,9.333005751416855e-06,0.971417105606135
id23310,1.966198340682502e-05,3.999553948738386e-06,0.9999763384626444
id13265,0.9992562909950895,0.0003856916317651125,0.0003580173731453913
id25920,0.9867649002961238,0.00035902046745163744,0.01287607923642458
id15012,0.6758350841066768,9.410580578030684e-06,0.3241555053127452
id12939,3.3523458077344696e-05,0.9999649047475541,1.5717943685869443e-06
id13329,0.9970753996977351,0.0009246596140497442,0.0019999406882151498
id11410,0.009101149899718637,0.9908786679389949,2.0182161286417792e-05
id08203,0.6143266834474542,0.25203294091802514,0.1336403756345206
id09399,0.004395549831019914,0.9752182427763043,0.020386207392675795
id24807,0.0015463963809200251,0.003434280520048241,0.9950193230990317
id24976,0.8983342851499364,0.0771838518415306,0.024481863008532927
id19630,0.013575069979906979,0.01658457491038022,0.9698403551097128
id00231,1.2782744628921095e-05,0.9999650136646899,2.2203590681127536e-05
id06157,0.0025734496055641997,0.8963531275846518,0.10107342280978407
id26817,0.3456126999897802,0.13571426323440114,0.5186730367758187
id21083,0.004503169883991674,5.502127292287716e-05,0.9954418088430854
id27634,0.9924861347447685,0.005244657997206094,0.002269207258025328
id12397,0.0041357846066270194,0.012284514418970346,0.9835797009744027
id02643,0.005746234274079255,0.000784552225475789,0.993469213500445
id13731,0.00011846084195386894,0.9998525600516706,2.897910637563825e-05
id17953,0.18572535165482867,0.0025512975472069903,0.8117233507979644
id10342,0.5707306141404447,0.23874265133808717,0.1905267345214682
id19652,0.14333778314530016,0.7477409635034935,0.10892125335120639
id03505,0.005552510921474217,0.9917086328506247,0.0027388562279010873
id27602,0.03517121487911133,0.7880804609431707,0.1767483241777179
id13311,0.0006084964556658725,2.5730699613337436e-05,0.9993657728447208
id20008,0.8290246615976824,0.11932030142547752,0.05165503697684007
id14404,0.006616364785673079,0.0272612513533186,0.9661223838610083
id09413,0.013915816105557867,0.0009145480534433838,0.9851696358409988
id01897,0.04648709147910555,0.33354850797150337,0.6199644005493912
id14873,0.9795353494710477,0.010175252281453842,0.010289398247498452
id25588,0.9997572014312133,0.00019694270696682842,4.585586181995598e-05
id15549,0.03179327809227558,0.9415961321481852,0.026610589759539185
id20796,0.2785743243307739,0.0029628780411764862,0.7184627976280497
id11138,0.029169889725946776,0.013844302640575963,0.9569858076334773
id18398,0.0017944728825604165,2.947840913853386e-06,0.9982025792765258
id01871,0.9999033566781078,7.883351608143252e-05,1.7809805810852515e-05
id15968,0.9990924036020747,1.1578135045714582e-06,0.0009064385844206186
id18197,0.00021323332585559078,6.22079706798503e-06,0.9997805458770764
id20939,0.4425389049982789,0.0004934118712682171,0.556967683130453
id20570,0.0028509696219698915,0.01697747952490716,0.9801715508531229
id00432,0.9995202699590221,1.217026168959328e-06,0.0004785130148089118
id19537,8.04654805930632e-06,0.9997860584992313,0.00020589495270940405
id12930,0.9816564940615391,0.018340396907173893,3.109031287012583e-06
id26222,0.0008946853292036452,0.9951944427690962,0.003910871901700116
id10623,0.9979178616998158,0.0003377799621477786,0.001744358338036433
id15460,0.0007742754133804023,0.9988543573082496,0.00037136727837011905
id22824,0.9988246444007762,0.0010147702321927474,0.00016058536703097276
id02968,0.21572827017642013,0.00046028036609512837,0.7838114494574847
id19017,0.37622442445101095,0.5573698083563035,0.06640576719268562
id26743,0.0007228871473146541,0.9970465445641914,0.002230568288494021
id04161,0.9946294804058805,0.0011282492203869218,0.004242270373732591
id08976,1.876168496941664e-07,0.9999994299353628,3.824477874981764e-07
id13339,5.488247300032881e-05,0.9995463230887761,0.00039879443822355846
id25051,0.9673191402172954,0.0024951189302758955,0.030185740852428776
id22649,0.47982082804491843,0.5175302055156744,0.0026489664394071274
id00040,0.0006074440638174716,0.9993339446169649,5.8611319217677416e-05
id08855,0.9122277784894702,0.007591074995416972,0.08018114651511277
id24622,0.921594465677288,0.00013452484714701604,0.07827100947556492
id02301,0.8824255990165529,0.1173262754735855,0.00024812550986163677
id07047,0.7595245052730101,0.013931663204752642,0.2265438315222373
id04423,0.9999665309983732,3.3164706601755503e-05,3.042950250846929e-07
id02790,0.4657290495677893,0.15865356465244476,0.3756173857797659
id08754,0.013700827166302413,0.9862789503875149,2.0222446182676313e-05
id20297,0.05664152574528701,0.0019975161610152267,0.9413609580936978
id04307,0.00459414406752729,0.9886560685430092,0.006749787389463447
id18927,0.09576545952093124,0.02716506211040522,0.8770694783686636
id27393,0.02437412666460376,0.042985556358386946,0.9326403169770093
id15260,0.12445046094371953,0.8504591619856728,0.025090377070607656
id03679,0.5314973265084427,0.07472966089318644,0.3937730125983708
id17381,0.999831595992754,0.00015167399116168526,1.67300160843291e-05
id13196,0.8810770070387599,0.08844677950664877,0.03047621345459124
id21493,0.02168659907900989,0.035960068839824,0.9423533320811661
id11088,0.035083351086432554,0.014731659174351193,0.9501849897392163
id15801,0.7095439115716935,0.0002346340071398991,0.29022145442116665
id04647,0.23718937038321425,0.018118279600033572,0.7446923500167522
id16900,2.7631864545581162e-05,0.9999723104935057,5.764194880837857e-08
id17174,0.9760098254324422,0.022577881787380905,0.0014122927801769446
id23801,0.17649223599508607,0.7582348884989571,0.06527287550595667
id11952,0.5439953312567162,0.1742123987449254,0.2817922699983584
id02738,0.8970358198801945,0.026694892121996716,0.07626928799780872
id05365,0.995421237347037,1.334581552336821e-05,0.004565416837439618
id19666,0.17856531311606802,0.8086587966100017,0.012775890273930316
id26638,0.034061229097890215,0.005207460269941657,0.9607313106321682
id03032,0.41322234583614126,0.3533629840623938,0.23341467010146502
id23471,0.999883407493617,8.932656861981679e-05,2.7265937763102777e-05
id26135,6.023629732975911e-08,0.9999999375320624,2.2316403278681616e-09
id18224,4.746497819764281e-09,0.9999999911496403,4.103861800830988e-09
id10782,0.9913849696072036,0.0026612696944739627,0.005953760698322395
id08932,0.015875017107992325,0.008786700430727287,0.9753382824612804
id23126,0.012609198986736575,0.0011662173320855398,0.9862245836811779
id22273,0.3428766641727065,0.3875102149798622,0.26961312084743133
id17427,0.9240091756222161,0.0375192651107661,0.03847155926701795
id21258,0.8271254584913854,0.17241891228964365,0.00045562921897104126
id06604,0.9497164111898369,0.03339550954422229,0.016888079265940794
id02180,0.47688643005673476,0.5202834634598472,0.002830106483417976
id20505,0.1823019695698994,0.5013289053069954,0.3163691251231052
id27466,0.9254631978017683,0.01288667061980021,0.061650131578431515
id14249,0.09381088903403163,0.10771415444264275,0.7984749565233256
id15891,0.16098718425063105,0.10068414689621737,0.7383286688531516
id25366,0.004454873706688437,0.002790489861001935,0.9927546364323097
id13554,0.0007455583750633124,0.0008089050454111958,0.9984455365795255
id09470,6.635967144780661e-05,7.095597112781707e-05,0.9998626843574244
id15993,0.2617148928681729,0.3404918757078563,0.3977932314239708
id07273,0.17325631359926152,0.5244322070190649,0.3023114793816736
id10805,0.9566804439363282,0.002310771955042806,0.04100878410862899
id07990,0.11776476664362767,0.007324588884350482,0.8749106444720219
id08107,0.18729494353916237,0.020266542577972946,0.7924385138828647
id07612,0.8305217254731253,0.11558810599844689,0.053890168528427866
id10593,0.43232500571059723,0.020298707791395802,0.5473762864980071
id00906,0.008020413641099376,0.9914246961043158,0.0005548902545847898
id22316,0.01898878734574852,0.05911461808162035,0.9218965945726312
id04826,0.7852555847272212,0.21473690389804642,7.511374732353391e-06
id13173,0.002802513401529305,3.1943560158412794e-05,0.9971655430383123
id20075,0.8967756743700801,0.04903452864190746,0.05418979698801242
id16427,0.2830992174689019,0.24923230538376293,0.4676684771473351
id21948,0.0003255664160399667,0.00032929579744858103,0.9993451377865115
id05957,0.9827936914748595,0.012730976145710124,0.004475332379430362
id22982,1.6354103156731297e-07,0.9999983412228599,1.4952361085501881e-06
id01672,0.16471436056283914,0.8331503978958175,0.002135241541343436
id19463,0.02847927705841229,0.013007554908733789,0.958513168032854
id17555,0.13129442013947948,0.8611527312070132,0.0075528486535071555
id21387,9.211457724223394e-05,0.999483509335899,0.00042437608685878125
id00011,0.01350244173750379,0.9864706314951908,2.6926767305434308e-05
id18538,0.990398229835798,0.00859568491726981,0.001006085246932206
id14915,0.00013163720320731102,0.9997525697165491,0.00011579308024361805
id13773,7.687797428195218e-05,0.003554274564861487,0.9963688474608566
id26440,0.6816524023157824,0.002643501479620313,0.3157040962045974
id18862,0.3286327156593111,0.0912306692343716,0.5801366151063173
id02510,0.0036689132824469072,1.040603899373496e-05,0.9963206806785594
id26288,0.0013841978668236938,0.00014265720206113326,0.9984731449311152
id01877,0.058963418309114085,0.3394734970363203,0.6015630846545656
id17532,0.03334435377266736,0.01092410772480063,0.955731538502532
id22973,0.9964208452242509,0.00293297861607498,0.0006461761596741513
id10254,0.5599306830977244,0.005659403444419748,0.43440991345785585
id20420,0.0007163139676796522,0.999089864130097,0.00019382190222335836
id16052,0.9593573201466201,0.008393338304250507,0.03224934154912936
id19578,0.9982487215884476,0.0011832328957473255,0.0005680455158051154
id06318,0.484860020701951,0.05141947439485918,0.4637205049031898
id18751,0.9999919975758488,2.655412077669465e-08,7.97587003050842e-06
id06756,0.24923792973785966,1.950986918329038e-05,0.7507425603929571
id00364,0.48894558871491,0.5110483115035875,6.099781502438261e-06
id10714,0.41275424389785126,0.526689814925179,0.060555941176969844
id27432,0.9480004758853203,4.417009440076933e-07,0.05199908241373563
id02395,0.03732797469499673,0.9611719314161933,0.0015000938888100528
id00502,0.5566754239789637,0.2237179599512775,0.21960661606975876
id22856,0.012747457874645644,0.031314252095827715,0.9559382900295267
id16391,7.519418211830556e-09,0.9999999923608257,1.19756176435399e-10
id18170,0.00425786006251228,0.9877891328648896,0.00795300707259811
id19642,0.9901591924496201,0.0037398370546706423,0.006100970495709264
id15742,0.9993151791504843,5.350173869826564e-06,0.0006794706756459244
id18984,3.2918754216566146e-05,7.451404890896303e-05,0.9998925671968745
id22155,6.989993523462256e-05,0.0005628234849189358,0.9993672765798465
id13113,0.018974130618787492,0.00011068260033696956,0.9809151867808755
id03817,0.6413157982716516,0.006757615079436635,0.3519265866489118
id13090,0.7468465172478512,0.026952421152552426,0.2262010615995963
id23521,2.7058803617630544e-05,0.9916108449888128,0.008362096207569556
id21376,0.2879112395247766,0.030961956857825712,0.6811268036173976
id21795,0.0031069551436422862,0.9925777678884176,0.004315276967940292
id03548,0.0003607352818420481,2.9257336804659054e-07,0.9996389721447899
id05018,0.9993434312400842,0.00013808308097649228,0.0005184856789392872
id00085,0.0024590460121087653,0.9975329691404831,7.984847408248465e-06
id12163,0.06124720229487409,0.9070978670448762,0.03165493066024982
id15341,0.7182841327643867,0.03910589801716566,0.2426099692184476
id12896,0.19018591710158883,0.7814446822990464,0.028369400599364575
id24019,0.8206738073346029,0.023957021423652577,0.1553691712417446
id24981,0.9916858690490663,0.008278749062481569,3.538188845213496e-05
id12456,0.2943440463049751,0.09894269329101277,0.6067132604040122
id24590,0.028626651810887298,0.0015843055269612705,0.9697890426621515
id01276,4.18543633936147e-05,0.9999437000063457,1.4445630260639675e-05
id04235,0.000656939552338776,0.0002159912030679856,0.9991270692445933
id21844,0.011017257752848779,0.024260089981110584,0.9647226522660406
id16876,2.6384389455675315e-09,0.9999999912199116,6.141649558524217e-09
id10137,0.008625667048277292,0.00018790704743347394,0.9911864259042892
id26435,1.332910628592675e-05,7.511912794967592e-08,0.9999865957745862
id15912,0.08259373494831838,0.006208897724370589,0.911197367327311
id09361,3.9599930934753464e-05,5.906801265836777e-05,0.999901332056407
id00071,0.31002667433797115,0.00020130846338560382,0.6897720171986432
id21006,0.9999994471241844,5.4485804245921576e-08,4.983900114047176e-07
id20942,0.11972110863878503,0.00028999595355502853,0.8799888954076599
id00137,0.8851277092804507,0.08736419984412909,0.027508090875420266
id10494,0.07230994157977028,0.8196021560510155,0.10808790236921431
id02933,0.7211799039858533,0.006591431623958298,0.27222866439018856
id22661,5.033615502188206e-05,0.9999391758804758,1.0487964502383633e-05
id01024,0.28832381292324083,0.020004118778115313,0.6916720682986438
id02183,0.02099703237208144,0.9388462243779355,0.04015674324998315
id22883,0.04662758557692947,0.9529971750916952,0.0003752393313752866
id14780,0.22372235662092158,0.7750861997512931,0.0011914436277853052
id00543,0.010327894492841244,0.0009419452191922044,0.9887301602879666
id21237,0.8429468909229105,0.004222027814988608,0.15283108126210085
id09864,0.003687104411474528,0.9653418117233371,0.030971083865188306
id26171,0.00010717952916570915,0.012109132578571704,0.9877836878922627
id08115,0.8656181832567702,0.01845164126405533,0.11593017547917454
id18417,0.00019853131787156192,0.9981195018995135,0.0016819667826149754
id27910,0.01060578623721095,0.007362600335378706,0.9820316134274103
id16918,0.1740107340509992,0.008858599409443177,0.8171306665395576
id10236,1.4610244396436922e-05,1.1801936684671746e-08,0.9999853779536669
id22481,0.341803985271288,0.25595467927983745,0.40224133544887447
id25843,0.14944452831082866,0.8479061716196525,0.002649300069518795
id24660,0.9979290995173544,0.00012786453108851853,0.001943035951557175
id09637,0.006834745840189129,0.9931142946189624,5.09595408484118e-05
id19022,0.23297870796693126,0.03199475939725539,0.7350265326358133
id16809,0.00888375614137485,0.0002616775272528843,0.9908545663313723
id13162,0.061489465805613264,0.0003604047152037975,0.938150129479183
id05384,0.0008653184275505617,0.9990825832078872,5.2098364562242646e-05
id15361,0.0004128262825681328,5.984040914229299e-05,0.9995273333082896
id03967,7.446535406474374e-05,0.9998997855480681,2.5749097867187624e-05
id03839,2.2174719769336707e-05,0.9999449124553846,3.2912824846129095e-05
id19644,0.8717985492290896,0.0362527752947335,0.09194867547617698
id14817,0.0036937269469782606,0.0011166967203362092,0.9951895763326856
id04190,0.19665597763239492,0.7255837138340986,0.07776030853350653
id19018,1.1689708542760103e-05,0.9987636645620193,0.0012246457294380604
id23557,0.3991150610229224,0.6005283169933044,0.0003566219837732823
id25241,0.03503671061326822,0.0011526727291671717,0.9638106166575646
id01223,0.2071271123433486,0.0033727923950556547,0.7895000952615958
id07529,0.16147153491384209,0.6468542190530413,0.19167424603311653
id13517,0.01775648003335234,0.014144038251619563,0.9680994817150281
id11759,0.5930504400363772,0.0031968632155363235,0.40375269674808645
id13741,0.005455120588239841,0.013204961174576977,0.9813399182371831
id03305,0.034373104843682056,0.002128766455783317,0.9634981287005346
id16474,6.688484614143745e-14,0.9999999999992172,7.160033608018359e-13
id04156,0.9066356109523063,5.4636998583350635e-05,0.0933097520491104
id23223,0.0015008902108251995,0.9983224984111257,0.00017661137804901738
id25193,0.6022924236469203,0.013477248227439976,0.38423032812563984
id02100,0.9990729046730641,2.9121413235952987e-06,0.0009241831856123022
id20032,0.007216242637741844,0.4187205719353049,0.5740631854269532
id22179,0.0003413029327073189,0.0004497863250110298,0.9992089107422817
id15359,0.9929227287836503,0.0002784421484623494,0.006798829067887353
id02571,4.234394630807411e-06,0.9999957354471551,3.015821407154972e-08
id21450,0.9980931997370024,0.0006565316348151076,0.001250268628182446
id17293,0.9701719835695337,0.029364671312668112,0.00046334511779825535
id13056,0.9432658066270124,0.03044450677930837,0.02628968659367929
id16833,0.6354817043133381,0.000935468128325058,0.3635828275583369
id25681,0.0021338695754197397,0.9975781020004267,0.0002880284241535746
id21263,0.0005744653307942065,0.0001989575841722657,0.9992265770850336
id02323,0.0016301498631462173,0.9978706559103995,0.0004991942264543514
id16481,0.7648281009784329,0.0044446746794135185,0.2307272243421536
id05781,0.8186317178868027,0.0004925929897085438,0.1808756891234889
id14416,0.7486954333756708,0.21984644833762917,0.03145811828669997
id20650,0.016927131110108788,0.8692543037851065,0.11381856510478466
id04357,0.9370745277371733,0.008348347435117113,0.0545771248277096
id16663,0.0011332523920259499,0.0018609964335074562,0.9970057511744665
id18312,0.1515547605881856,0.0025353501851094105,0.8459098892267051
id24780,1.3986530898110155e-05,1.700809112260083e-05,0.9999690053779793
id17348,0.028057213133321934,0.0005798095121274821,0.9713629773545506
id22993,0.841054548111691,0.0002671172865894463,0.1586783346017196
id04847,0.003547452667617358,0.03370651892084953,0.9627460284115331
id27880,0.00015819464279703135,0.9997846113229907,5.7194034212304195e-05
id21160,0.008207304535739042,0.19275224026741888,0.7990404551968422
id03354,0.3028857048603988,0.6884192792465444,0.008695015893056726
id11002,0.02190604157528443,2.7588679045175125e-05,0.9780663697456704
id02425,0.04252787203003997,8.234017005431323e-05,0.9573897877999057
id14067,0.8090478073334082,0.09393999926341952,0.09701219340317228
id05886,0.13621167921308558,0.0010130849277117742,0.8627752358592027
id09256,0.980273191349264,0.015543504112291235,0.0041833045384447026
id11511,0.09436563594534711,0.0018334860382405197,0.9038008780164124
id09029,0.0009506985787806379,0.9430681515915553,0.055981149829664074
id22563,0.21786686876694783,0.33293243699287195,0.4492006942401803
id27838,0.3052397951077047,0.03165451371789755,0.6631056911743977
id23184,0.9329550889307757,0.04311782498866384,0.02392708608056046
id15335,0.9416950399967682,0.03160915111407712,0.026695808889154685
id08607,0.9632359974225115,0.019750017210029232,0.01701398536745933
id26516,0.9866924547615562,0.007386031921612213,0.005921513316831564
id12417,0.515903227662392,0.09445481610386906,0.3896419562337389
id21758,0.9960393367938256,0.0038152973290746894,0.00014536587709976372
id00729,0.0384016624611763,0.9611391807206665,0.0004591568181572501
id25504,0.05131529458986324,0.9397199038868655,0.008964801523271273
id00360,0.0012017390359045387,0.013366663891723972,0.9854315970723715
id05913,0.11833902040272219,0.8806863317805642,0.0009746478167136247
id00089,0.974059605798422,0.023542875139167318,0.0023975190624107873
id03511,0.9997853293129612,6.962997861220599e-06,0.0002077076891777155
id00449,0.002497682950350777,0.015540613174230148,0.9819617038754191
id14504,0.3676699315858067,0.6178757875994078,0.01445428081478562
id19106,0.9999868290777929,9.570192810396963e-06,3.600729396622486e-06
id19236,0.004524285722690076,0.995230492395831,0.00024522188147901413
id12743,0.99698389252459,1.6233431537149045e-05,0.002999874043873003
id04662,0.05398571952467485,0.0037435882318245036,0.9422706922435007
id15139,0.09676743716197456,0.0005092457708939876,0.9027233170671315
id07233,0.137357423091599,0.23723087346705157,0.6254117034413494
id19160,0.8320328026780108,0.16700215225231577,0.0009650450696734381
id06867,0.00038062989542918724,0.9995055227294027,0.0001138473751680699
id04236,0.00028786074998522727,0.9966283161159618,0.003083823134053011
id07591,0.006104004407858339,0.001122281243819215,0.9927737143483224
id25815,0.15939741642830868,0.0008556573980482797,0.8397469261736431
id10925,0.8947657003115579,0.012867672418465852,0.09236662726997628
id27774,0.9424934417375448,0.05205688228500537,0.005449675977449856
id16090,0.0170120565173726,0.9679591353393765,0.015028808143250865
id24875,0.020097020231631745,0.0001665940144333435,0.979736385753935
id03456,0.7862320615832252,0.002176532424281886,0.21159140599249296
id07559,0.0389210498328672,0.9589443778780044,0.0021345722891285197
id10513,0.001140335506667163,0.9987621720712088,9.7492422124191e-05
id07094,0.875729642700876,0.037237420185093524,0.08703293711403036
id04111,0.004340847230824974,8.959018098094011e-05,0.9955695625881941
id23356,0.9641676963428762,0.014100106717794183,0.02173219693932955
id04435,0.1335113844441674,0.006690485301503442,0.8597981302543292
id23706,0.00038914809968982906,2.2724358529987637e-06,0.9996085794644571
id04655,0.29696858213225646,3.7000648607001324e-05,0.7029944172191366
id07661,0.34005152077324396,0.02082345254841597,0.6391250266783401
id27176,0.19433379685032975,0.01429275103554979,0.7913734521141205
id13560,0.10320927695324256,0.04379711420578725,0.8529936088409702
id18020,0.0385716259947504,0.008400474017844772,0.9530278999874049
id16701,0.5791744519960748,0.4044955965666579,0.016329951437267346
id19252,0.9866389037646466,0.0004432615795302914,0.012917834655823053
id00910,0.21639514995094106,0.7564070783082769,0.027197771740782067
id12102,0.9660952871953006,0.0005310940966210874,0.033373618708078326
id15820,0.9276012874482397,0.008440201460708752,0.06395851109105163
id10698,0.9314753039537818,0.02820901278581085,0.04031568326040734
id15530,0.031823322244007024,0.9057094789547072,0.062467198801285664
id10740,0.9999701677737862,2.4425851853440005e-05,5.406374360401169e-06
id24917,0.020793552455202674,0.0011997119579979854,0.9780067355867994
id07985,0.07086647495944186,0.1343363709312914,0.7947971541092668
id15897,0.7684660874522089,0.08538125473230782,0.1461526578154833
id07960,0.00755627389071025,0.0979065427745719,0.8945371833347179
id15529,0.6576004849955875,0.04637947785772911,0.29602003714668335
id17855,0.17672840803414722,0.8169692178636093,0.006302374102243467
id24727,0.9968068381415583,0.0028890034782373085,0.0003041583802043753
id14835,0.8231554214919732,0.0003281990744340963,0.17651637943359283
id25557,0.02905815610789613,0.0459092166641194,0.9250326272279844
id18605,0.006285427032050527,0.00018913245142474622,0.9935254405165248
id27760,0.9987073043748387,0.000684456804268728,0.0006082388208925761
id10042,0.0009230396888232445,0.004044844109452266,0.9950321162017245
id12074,0.001065090833478208,0.9964466532541626,0.002488255912359301
id19511,0.5848944573185125,0.014866941930232554,0.4002386007512549
id21924,0.28411798440969505,0.7157194950401531,0.0001625205501519083
id13095,0.04552242088824913,0.07837907978568653,0.8760984993260643
id11873,0.0003294901974895254,2.0325838518233856e-07,0.9996703065441253
id23651,0.04874083570737909,0.9419104728670454,0.009348691425575525
id09931,0.025053773049091854,1.4795036810373661e-05,0.9749314319140978
id05155,0.020093911794662227,0.007704045686203385,0.9722020425191343
id17668,0.9946106846971383,0.004814118348944433,0.0005751969539173197
id03470,0.999941274702642,5.7685041423719375e-05,1.0402559343741116e-06
id02208,0.9994444451625017,0.0005554744717876608,8.036571069679422e-08
id07650,7.99517765765274e-07,0.9999990877245974,1.1275763679274854e-07
id24472,0.9965648705788942,0.002904708397035786,0.0005304210240699901
id21211,0.00011860343668236535,0.998015207020998,0.0018661895423196173
id11030,0.9174843926233752,0.049929291999349756,0.03258631537727507
id00943,0.005108275120645621,0.994775385156488,0.00011633972286644091
id19156,0.0023302655014173805,0.012031788549449484,0.9856379459491331
id22886,0.0017721285999975544,0.005849752888573783,0.9923781185114288
id00992,1.702851170642899e-05,0.9998930443028796,8.992718541397423e-05
id27547,0.9915113890627051,0.0074862589684412395,0.0010023519688537365
id24073,0.923002600816083,0.07665145293210705,0.00034594625180996234
id05452,0.9722921524651387,0.02290146454029799,0.00480638299456339
id22492,0.0007851316997028626,0.9865860540545847,0.012628814245712505
id11981,0.46009833211116996,0.5353187981254557,0.004582869763374411
id15552,9.494179350855332e-07,0.9999924231876798,6.627394385200392e-06
id04471,0.0006264105596520382,0.0014881738301924755,0.9978854156101555
id09231,0.06508943971577005,0.7768412351232069,0.158069325161023
id12493,0.9305736344318121,0.04724440304106612,0.022181962527121846
id24967,0.8192930038483851,0.027930987603086262,0.1527760085485285
id05865,0.4520229455796444,0.08867968154535698,0.45929737287499867
id04811,0.9791541957778719,0.010659060776470502,0.010186743445657589
id19877,0.14999116604775548,0.05464674527014624,0.7953620886820983
id04024,0.004718582796453956,0.9952786485816026,2.768621943374727e-06
id00395,0.1486749063779851,0.0073410596864458486,0.8439840339355691
id22728,0.14604145345730585,0.8238054451282516,0.030153101414442413
id01268,0.7267476510597145,0.27223350203573704,0.001018846904548405
id08896,0.8657642895466622,0.011085889787503573,0.12314982066583427
id09971,0.46250733791573745,0.08538046043742997,0.4521122016468326
id26606,0.03284309096769105,0.0014162810112459982,0.965740628021063
id27970,0.6746343974645717,0.053560853295335754,0.2718047492400927
id25259,0.9999991081815915,7.845674919098038e-07,1.0725091663243572e-07
id13834,0.08666814698140907,0.024788296239290075,0.888543556779301
id19513,0.1317917181526596,0.06626151622046293,0.8019467656268775
id16082,0.012946927371309936,0.9869449279175856,0.00010814471110441174
id22180,0.014603990172832901,0.0013133034983221574,0.984082706328845
id20498,0.9812300109895201,0.015023814620085016,0.0037461743903948936
id27595,0.0005907219212742917,8.799310483005447e-06,0.9994004787682428
id08267,0.1970756602323856,0.008972144473033157,0.7939521952945813
id12823,0.9943891294499009,0.005130188123037177,0.00048068242706196307
id18842,0.0007414139491634316,0.997734133392881,0.0015244526579556497
id17534,0.6787359912244755,0.3167624258349903,0.004501582940534283
id05777,0.9323272285036095,0.0028852239352580877,0.06478754756113238
id21689,0.6492584081839557,0.35016176710972113,0.0005798247063232254
id18114,0.004448839538243949,0.9946992429215198,0.0008519175402362351
id17707,0.007020807703134675,0.00029457438669984107,0.9926846179101655
id22956,0.00010234302699596446,0.9998942367890804,3.420183923602545e-06
id27834,0.016060060775458684,0.0073078904515626745,0.9766320487729786
id11377,0.03456843645952884,0.9318495988156597,0.033581964724811515
id08333,0.911595794595456,0.0794972668381916,0.008906938566352444
id07445,0.7042141549091206,0.22677422720574097,0.06901161788513831
id22703,0.4378037313519288,0.550003740176977,0.012192528471094276
id09468,0.08946500167134458,0.23635633372610454,0.6741786646025509
id19397,0.21263694932715746,0.015480716173190556,0.7718823344996519
id07977,0.8899968843834914,0.01967555501216679,0.09032756060434183
id14555,0.004078605950529029,0.0003116590194859356,0.9956097350299851
id02489,0.007952369024204412,0.11077230249598448,0.8812753284798112
id10445,0.7755408040086854,0.08874412614741055,0.13571506984390397
id02058,0.003143863028921179,0.02244412889475251,0.9744120080763263
id23101,0.835401489155078,0.05425605438401051,0.11034245646091154
id18072,0.19855141059193218,0.6037265285106327,0.19772206089743513
id21085,0.6865483847319368,6.181098333511727e-06,0.31344543416972964
id16584,1.4341705876837135e-05,4.570375947931724e-09,0.9999856537237473
id23136,0.00027356001670117745,2.9899716500684666e-05,0.9996965402667982
id17745,0.003130984895542759,0.4906675516513959,0.5062014634530613
id27391,0.6771413382959941,0.13797688291873766,0.18488177878526818
id17240,0.08851787713530686,0.9112704587680267,0.0002116640966664399
id11708,0.647738036333981,0.03651791810469317,0.31574404556132585
id08712,0.0029242953925109855,0.9364669419986476,0.060608762608841495
id23809,0.5002694477057587,0.090776799272321,0.40895375302192044
id07274,0.9724780425566204,0.017426118356287785,0.010095839087091784
id15625,0.012795735075055619,0.11519582293258844,0.8720084419923559
id22815,0.7100433715054514,0.2890310358989791,0.0009255925955696442
id23200,0.975293933122657,0.019065394710960436,0.005640672166382515
id04369,0.00041364994281475567,0.9983567239214322,0.0012296261357530236
id04659,0.7729615047191528,0.1598771502687576,0.06716134501208965
id05051,0.0002484101583736873,0.001172929255220172,0.9985786605864062
id07815,0.007481573411542625,0.9051133609594783,0.08740506562897915
id27535,0.9983350479506766,0.0016610363964600625,3.915652863253771e-06
id11916,0.0004740534740252903,0.004297003702249262,0.9952289428237254
id07097,0.11391204983312357,0.8814943029456643,0.0045936472212121
id24599,0.9900024903751006,0.0026972945779200827,0.007300215046979318
id03434,0.21598051303177918,0.024051897447862805,0.759967589520358
id01685,0.38673994599347583,0.38937451333443324,0.2238855406720909
id23165,0.7358998389516643,0.1089507240811046,0.15514943696723102
id08601,0.035358124038483874,0.9646386377992817,3.2381622342824014e-06
id19593,0.9863436636174178,0.011507285464019652,0.00214905091856256
id04582,0.3038784672109155,0.0001349698247671965,0.6959865629643174
id25659,0.26939423056668055,0.3213054677765643,0.40930030165675513
id08590,0.0053144263464096255,0.00019659258925621816,0.9944889810643343
id21959,0.09199010635152086,0.8789982919379531,0.02901160171052604
id21373,0.9969136655886452,0.001971192547607566,0.001115141863747263
id12581,0.0686993409981425,0.00549608412244204,0.9258045748794155
id05240,0.6574326502574301,0.3315624432034942,0.011004906539075765
id25188,3.920257147356856e-06,3.171558803600522e-06,0.9999929081840491
id15719,0.00026786266939614486,0.996278985085596,0.0034531522450078757
id17546,0.713199386290964,0.09785365088839608,0.18894696282063989
id18546,0.4254885679072854,0.5488325634464085,0.02567886864630616
id16043,0.0026376873156645337,0.4451187206934371,0.5522435919908983
id05236,0.9970101673025725,0.0029518232173715887,3.800948005579076e-05
id01665,0.9978738700662892,0.0018919858568615343,0.00023414407684926037
id12811,0.7186306081746532,0.07037146593752529,0.21099792588782149
id11468,0.009729739574077731,0.00029573568689813694,0.9899745247390241
id20311,0.9710389615932246,0.0040180549658234335,0.024942983440952048
id04045,0.002484128881432909,0.00011145353802294162,0.9974044175805442
id02671,0.06624296743557895,0.6341148040806126,0.29964222848380845
id19889,0.002054628546447323,0.9975881413103844,0.0003572301431683506
id10371,0.09375829088658495,0.5483494649342512,0.3578922441791639
id13583,0.5588803393478653,0.0342896485749803,0.4068300120771544
id11070,0.7474366235492583,0.2511200902265016,0.0014432862242400517
id13087,0.0013018140947220586,0.9983695060472877,0.00032867985799029845
id21670,0.011871835216622564,0.01669102548074671,0.9714371393026308
id16432,0.016207561659351766,0.968686213804356,0.015106224536292135
id13899,0.9903745777144883,0.007243642271323814,0.00238178001418797
id02925,0.07563477015346817,0.9198578557007768,0.004507374145755026
id27528,0.01965209968058383,0.9791087893482887,0.001239110971127533
id15950,0.7856226619647338,0.12977350523739636,0.08460383279786987
id07604,0.9980838772312305,9.9431237162812e-08,0.0019160233375323246
id12682,0.9946174924447014,0.004105782622326263,0.0012767249329723605
id16688,0.054005078641022844,0.9432562555393437,0.00273866581963342
id24150,3.660275362816635e-05,0.9999597673970738,3.6298492979703202e-06
id04599,0.1420073607283577,0.001647762782603715,0.8563448764890387
id05609,0.0017767345685489571,0.9725879116799785,0.025635353751472557
id27242,0.04251297198831762,5.077387405864527e-05,0.9574362541376238
id03464,0.36904955999908223,0.23748588027126571,0.39346455972965194
id20129,2.5201525285591213e-05,1.1119782469974039e-07,0.9999746872768898
id07890,1.096368239898057e-05,0.9999863817691217,2.6545484794425365e-06
id24082,0.9300884238205867,0.002808177578497033,0.06710339860091631
id18550,7.606696129444442e-07,1.1240139710805196e-08,0.9999992280902473
id13345,0.005423841420930667,0.009887907330950404,0.9846882512481189
id21162,0.8892119266316267,0.082086000249676,0.028702073118697324
id05896,0.006532106759502929,0.008419793646007768,0.9850480995944894
id00549,0.009315919446353703,0.020808114959975203,0.9698759655936711
id19986,0.3019681026396885,0.014972964810019595,0.6830589325502919
id12287,0.23697671310310792,0.0003835227850882648,0.7626397641118039
id21149,0.08764229259296431,9.841094279277213e-05,0.912259296464243
id15937,0.00737562823711491,0.9149480078845397,0.07767636387834545
id18043,0.41194061649136116,0.05151475238757721,0.5365446311210617
id19288,0.7920211438553912,0.20490830246804104,0.0030705536765676766
id16304,0.032826251041451225,0.008437420251205073,0.9587363287073437
id03605,0.9951927567581251,0.0038294230968187962,0.0009778201450561545
id00126,0.0028831503527057905,0.7423649620223237,0.25475188762497053
id11734,0.7996814870845484,0.1349319571409228,0.06538655577452884
id20670,0.0005470961153916456,0.9865796734202923,0.01287323046431616
id02266,0.037412397563819824,0.008380911424704145,0.954206691011476
id06651,0.0006272740796904008,0.9456591319240409,0.0537135939962686
id12969,0.9498524661928721,0.0482300148620709,0.0019175189450570073
id15664,0.14798325216427,0.8332246201511082,0.018792127684621796
id09699,0.11207642446148024,0.32654071266206075,0.5613828628764591
id07426,0.11029412215941009,0.0025061561340521147,0.8871997217065378
id12040,3.3790312971708235e-05,0.9999661930290628,1.6657965608459892e-08
id22961,0.531750263013031,0.01814930550865381,0.4501004314783153
id23971,0.0012391683073451707,0.9982747578389514,0.00048607385370346426
id21433,0.6440654621141553,0.1275317045996062,0.22840283328623856
id12028,0.008517053306387893,0.9860350233759023,0.005447923317709879
id15673,0.3491675475195997,0.4922055098662663,0.15862694261413404
id18681,0.1134622849682011,0.0015000020702772565,0.8850377129615217
id21339,0.559082656499732,0.2935998521478855,0.14731749135238248
id23755,0.3515555448929139,0.24213115280711048,0.4063133022999756
id10369,0.00010168936545123695,0.0010740518597084966,0.9988242587748403
id03917,0.7487765493166092,0.03120187181219127,0.22002157887119964
id17078,0.0027856772442376707,0.49381079964220465,0.5034035231135577
id10873,0.8546623118055532,0.0045154527357010145,0.14082223545874586
id21158,0.9978525733536475,0.00037023282849316596,0.0017771938178593226
id16491,0.9382090571852234,0.021251928973922987,0.04053901384085363
id23930,2.670674329172965e-07,0.9999990640198518,6.689127151666953e-07
id16048,0.0023691177811958467,0.9965347933901764,0.0010960888286278613
id10070,0.99595676614006,0.0024666155362560874,0.0015766183236839502
id24962,0.7096252207343733,0.01879717243111914,0.2715776068345077
id27787,0.9825029168123313,0.0040399123701189,0.013457170817549846
id16840,0.026626618754112926,0.9722232204746334,0.001150160771253771
id01994,0.9839144683562766,0.01305193329533163,0.003033598348391733
id10756,0.00025950986768562474,0.0002409446177781501,0.9994995455145362
id16697,0.04393922921061313,0.5737040191404558,0.38235675164893107
id19603,0.05084188184938637,0.947807884194009,0.0013502339566046867
id03903,0.994546306990965,0.004608006566354356,0.0008456864426805748
id20992,0.7473013981453711,0.004417845836067953,0.248280756018561
id15687,0.010260455536666935,0.9895380144155089,0.00020153004782415076
id19769,0.0061323224480254335,0.8755287734400805,0.11833890411189416
id06048,0.34162119202990054,0.44617355297334366,0.21220525499675574
id25098,0.005575844421711061,0.9917413444562698,0.0026828111220191446
id16091,0.4840404270967377,0.4806445833606269,0.03531498954263536
id27192,0.45743392176637054,0.016270243594116662,0.5262958346395128
id05897,0.07202774289576316,0.010145096150894883,0.917827160953342
id00828,0.8999755253864475,0.08605740608466382,0.013967068528888653
id20605,0.9247556541924765,0.00031936097281347304,0.07492498483471001
id05872,0.2503570675275907,0.26428151651480536,0.4853614159576039
id00761,0.999358634376382,8.453082538319193e-05,0.0005568347982349175
id19573,0.5104363556954553,0.14476828891400462,0.34479535539054007
id03081,0.0008085171144378624,0.002904382067690025,0.9962871008178721
id04887,0.11301703829664098,8.726946248968797e-05,0.8868956922408694
id17700,0.0002149634951119783,0.0002291438287913187,0.9995558926760967
id03250,0.8556106247462739,0.13701107822410236,0.00737829702962374
id21027,2.9585273308408144e-06,0.9999956681888454,1.373283823742304e-06
id19567,0.9875214707680684,0.012344091834303978,0.00013443739762760616
id05661,0.1468536556445582,0.017951637506890224,0.8351947068485516
id27405,0.9996366085337252,0.00031622992969398603,4.7161536580854217e-05
id01546,0.0030055940782370665,0.9924902570299771,0.004504148891785801
id02288,0.0001101969853493274,0.9997662432967941,0.00012355971785654735
id11057,0.0004963598641706967,1.5171662472317859e-05,0.999488468473357
id09191,0.0048927448479933935,0.9621529463611036,0.03295430879090299
id19074,0.001521627597148244,0.00023228646157637443,0.9982460859412754
id25012,0.8601010830373458,0.07129214886829542,0.06860676809435888
id24857,0.006621502135956041,0.9932618837996199,0.00011661406442404327
id07557,0.027263051960920014,0.6535859160771273,0.31915103196195266
id23072,0.999672078429118,0.0002938537866576751,3.4067784224269736e-05
id20317,0.9175305545549755,0.042425957750594274,0.04004348769443026
id16642,0.9581695008180551,0.008206340825289682,0.0336241583566552
id04211,0.00136068427155294,0.057163995544195614,0.9414753201842515
id22871,0.00022628538172749527,0.9997541541311061,1.9560487166342046e-05
id16178,4.9326932719518755e-05,1.0459554743021386e-06,0.9999496271118062
id25172,0.050579742227291384,0.12263606905692839,0.8267841887157803
id15654,0.8467111038930902,0.011901119829583641,0.14138777627732615
id26067,0.996847349120043,0.00017392148470320962,0.0029787293952537527
id11955,0.17416634627473476,0.06123783551852159,0.7645958182067436
id24939,0.00035655548036250936,0.0010093217414433734,0.9986341227781942
id07378,0.5897997011293701,0.2638749699427388,0.14632532892789116
id22455,0.0015158364289742366,0.9900698059794442,0.008414357591581644
id12850,0.04009143893459273,0.0045383105572622436,0.9553702505081451
id12403,0.9764066852125568,0.000754473856988401,0.02283884093045483
id11593,0.006882200568633795,0.9922860345449855,0.0008317648863807025
id27776,0.934281130018576,0.0029130778081749085,0.06280579217324903
id14497,0.00026946163080523885,0.00011992760833917579,0.9996106107608557
id24628,0.09364779021281797,0.0036402371797671852,0.9027119726074149
id11283,0.33890127573378964,0.0130600023138325,0.6480387219523779
id00459,0.9985455121932671,0.0013155179504661823,0.00013896985626674635
id11310,0.005363388500672184,0.9923676426563468,0.0022689688429809525
id05177,4.7036871847031535e-05,0.9999521173024736,8.458256794603782e-07
id22598,0.0006867239051131475,0.9978354031168225,0.0014778729780643332
id05214,0.2771121136585769,0.13834471065384707,0.5845431756875761
id22797,0.8847333056191665,0.08473142850632133,0.030535265874512153
id15832,0.00020178971193604572,0.013143693161727294,0.9866545171263367
id00479,0.09434632067391059,0.9054354042138258,0.00021827511226362866
id05840,0.002178898411030856,0.0805345535144341,0.917286548074535
id27489,0.0003471139618638703,3.889481082120348e-06,0.999648996557054
id03281,0.0009154352987623021,0.9982187202345079,0.0008658444667298587
id27046,0.8865447155812025,0.0010522704377930454,0.11240301398100448
id09213,0.00010197379847823219,5.5772737047684435e-05,0.9998422534644741
id18775,0.9036135746988627,0.037529519321426376,0.058856905979710994
id09731,0.07506035803199228,0.7988033943142117,0.12613624765379605
id25031,0.8720596719213355,0.10493784949089231,0.02300247858777215
id11945,0.6265784789434505,0.12995976431757914,0.24346175673897025
id20286,0.8627423607042196,0.13389464036892407,0.0033629989268563303
id27960,0.005481127732067161,0.0023848925125355773,0.9921339797553973
id13206,0.00040066251513995595,0.0010068484003882502,0.9985924890844718
id09964,0.34390572387929136,0.1840053375643379,0.47208893855637074
id16811,0.0049794618416079146,0.9923136911172721,0.0027068470411200714
id08948,0.023452352194732476,0.9763035936189516,0.0002440541863159417
id17636,1.01393234295038e-05,2.3513549794955205e-06,0.9999875093215911
id14046,0.8517415615864208,0.009272986025342333,0.13898545238823687
id22873,0.9613261030658445,0.0027734203290028774,0.03590047660515257
id09962,2.3941541031990866e-05,0.0011884922623583987,0.9987875661966096
id26474,0.9921819555496885,3.904501676072525e-05,0.00777899943355074
id11898,0.4195808801405071,0.5746056840600503,0.005813435799442613
id25477,0.9982495999145297,0.0003686422026219562,0.001381757882848415
id25457,0.9820077324576544,0.00033867336875189697,0.01765359417359364
id26675,0.06889375983331256,0.0011993001833965563,0.9299069399832909
id04422,0.007203485598432354,0.008802852619856255,0.9839936617817114
id04237,0.7937891336857635,0.11407749086543933,0.09213337544879716
id07049,0.039462920356163125,0.9328207355274333,0.027716344116403557
id18211,0.7247963473375079,0.2024780626676682,0.07272558999482394
id16033,0.024845710636589396,0.9751050539211676,4.923544224299516e-05
id16680,0.7311510085281466,0.004293928644994825,0.26455506282685864
id08977,0.012686555003819456,0.9861562177786517,0.0011572272175289007
id18494,2.1463116870759798e-08,0.9999998614919311,1.1704495210386692e-07
id07714,0.002508833477896578,0.0014707856737150094,0.9960203808483885
id01243,0.9827348232685101,3.9055119851508e-05,0.017226121611638404
id18562,9.32520458092357e-05,0.9997086382885686,0.00019810966562218497
id03147,0.005304834188025015,0.00018728472297246547,0.9945078810890026
id24138,0.549775196553799,0.006170373413976692,0.4440544300322244
id21062,0.9393567437223163,0.017665316805770912,0.04297793947191286
id25053,0.002355227544777477,0.0006674511408509395,0.9969773213143717
id14390,0.048052580647609505,7.348886709678662e-05,0.9518739304852937
id10122,0.1627327203135886,0.014711438692040057,0.8225558409943713
id13160,0.019314560816030252,0.9769918689556669,0.0036935702283029553
id00780,6.737023434863779e-05,0.9999249453583661,7.684407285249991e-06
id20996,0.5508301948776675,0.034718563172513685,0.4144512419498189
id16008,0.5118440360675626,0.10121241131967801,0.3869435526127595
id10522,0.004765140604732235,0.9814268537595451,0.013808005635722816
id18498,0.8527292847167148,0.01428363881896091,0.13298707646432434
id09341,0.027234031086979787,0.9531344834313784,0.01963148548164187
id22456,0.4630474792527117,0.003344521578779465,0.5336079991685089
id07592,0.0032803537209128877,0.9952168181299155,0.001502828149171698
id25634,0.9995394691930463,9.220085469710167e-05,0.00036832995225660997
id15011,0.4714763406473657,0.5251784259217591,0.003345233430875227
id14245,0.9118188204424192,0.0033292662097910057,0.08485191334778976
id21107,0.21720450048755777,0.0006955244336629398,0.7820999750787794
id01881,0.017310021282431823,0.9797581081530883,0.0029318705644799502
id12772,0.0690851175786023,0.09391985969937496,0.8369950227220228
id17589,0.9987585039180424,0.00123792890342768,3.5671785299375874e-06
id24421,0.00012176533234708011,6.220362375986419e-06,0.999872014305277
id22088,0.013454396983789692,0.21527203898278477,0.7712735640334255
id21687,0.26214910392547636,0.010680755609884691,0.727170140464639
id17810,0.0076553970191810435,2.360607856776511e-05,0.9923209969022513
id25153,8.391927187825955e-06,0.9994202310551927,0.0005713770176194538
id18083,0.8381836445571887,0.09539322005471501,0.06642313538809619
id00655,0.5585209918614574,0.0001349555157207945,0.44134405262282184
id13195,0.521021309134451,0.02159155262836774,0.4573871382371813
id23708,9.86464624824634e-05,0.8219160572181825,0.17798529631933505
id17977,0.5976661915449798,0.011429404957114116,0.39090440349790606
id10501,0.00032547220817208796,0.99962018107221,5.434671961788346e-05
id08697,0.5058059095431865,0.45311074047713756,0.041083349979675825
id09269,3.869225484473234e-06,0.999989916562291,6.21421222457905e-06
id21153,0.997988675255854,0.0009274103725256379,0.0010839143716204664
id06257,0.79214948979205,0.11068694508549214,0.09716356512245793
id08366,0.4236825807934512,0.018581519977945875,0.5577358992286029
id00263,0.9203602655016317,0.05099772110265241,0.028642013395715794
id14445,0.8468982466208611,0.0006121283576201988,0.1524896250215188
id18864,0.03319959846489616,0.02109475196798798,0.9457056495671159
id18427,0.7231899443287594,0.043427897906578354,0.23338215776466237
id24348,0.00937868914752496,0.017214092189790114,0.973407218662685
id17329,0.9978465348554008,0.0010674075369650638,0.001086057607634114
id07519,0.10712487838566558,0.875717783381372,0.01715733823296233
id17995,0.0008478386849996225,0.005330504441993419,0.9938216568730069
id25329,0.9654721836847148,0.031894863564080805,0.002632952751204493
id14513,0.9714214837842619,0.028033666878285672,0.0005448493374524439
id10203,0.738820282207709,0.1768107854539381,0.0843689323383529
id25887,0.6804171389069916,0.011645498655323312,0.30793736243768516
id08186,0.5249749275603446,0.004172495946048962,0.4708525764936065
id20535,0.003128020103934703,0.9962798385613181,0.0005921413347470671
id06411,0.0011854385194837083,0.0032906548631804608,0.9955239066173358
id11984,0.9697119096600845,0.013094787059734981,0.01719330328018058
id16389,0.003635771335279107,0.9644196441689544,0.03194458449576645
id23333,0.9961606272925068,0.0037408568767918465,9.851583070139872e-05
id19447,0.07819846972664894,0.09343686748468082,0.8283646627886703
id01461,0.9670378982177479,0.009614268456347082,0.023347833325905076
id25601,0.021654287084219175,0.9782522630206046,9.344989517621711e-05
id04803,0.8908900396679175,0.025451798305215326,0.08365816202686717
id19029,0.00020840318551258141,0.9997816054267094,9.991387777965078e-06
id11507,0.9958208783135232,0.004017193591422325,0.0001619280950545255
id13246,0.1212773390340309,0.003561013602167367,0.8751616473638018
id26927,0.25897202954613263,0.0006694570953092061,0.7403585133585582
id12423,0.9940818881884452,0.005880013473246659,3.809833830814652e-05
id09601,3.197477239795458e-05,0.9571169635592457,0.042851061668356415
id23100,0.10161338638544541,0.20123051456600596,0.6971560990485486
id21939,0.9994955711354836,6.9363474096358536e-06,0.0004974925171067166
id16139,0.00010383768091269835,1.3938161585576578e-06,0.9998947685029288
id27334,0.9801039583715379,0.019424898750975604,0.00047114287748650297
id22326,6.764403305990901e-05,4.572408609460412e-08,0.999932310242854
id18527,1.1088154273571677e-05,0.0007124132225918649,0.9992764986231346
id05072,0.00040039057176728915,2.934571179593484e-06,0.9995966748570532
id21820,4.2345360145715404e-07,0.9999995664110917,1.0135306928196613e-08
id13960,0.846524693032549,0.09523210261056919,0.05824320435688193
id03958,0.9787116751071768,0.0175372410618939,0.003751083830929291
id10849,0.7101361268747549,0.28115149208495704,0.00871238104028807
id06252,0.9997932747617344,0.00010250087755535337,0.00010422436071027057
id26045,0.9985446816614378,2.329395782558515e-08,0.0014552950446042724
id04849,0.0006976233211793105,0.9966639665887245,0.002638410090096253
id05215,0.016469487884410598,0.9721967905777893,0.011333721537800125
id22830,0.11836704634153675,0.5020704139415771,0.3795625397168862
id21325,0.06554053334520574,0.8954222169039535,0.03903724975084073
id09287,0.002838333209744101,0.00010202346797930141,0.9970596433222766
id24354,0.34544250369875634,0.6020113516481788,0.052546144653064814
id06784,0.019873963018532982,0.8081015533510619,0.1720244836304051
id03848,0.43026638021703195,0.025659309090049542,0.5440743106929186
id01410,0.07328551002229744,0.0332245792526155,0.8934899107250871
id00874,0.2778862675885637,0.0012254323096824503,0.7208883001017539
id00784,0.04392614750787004,0.00037807191716424766,0.9556957805749657
id19909,0.007864997216815474,0.9907962762817166,0.0013387265014679535
id18906,0.003591804736720442,0.9788188718198486,0.0175893234434309
id18748,0.00013912869591685767,0.0007836631201847861,0.9990772081838983
id04654,0.689993788781727,0.3046153975998511,0.005390813618421907
id07608,0.5990190883258796,0.08081697460334676,0.3201639370707737
id10845,0.0014177966864697604,0.990452409887003,0.008129793426527239
id10718,0.0002569676869264462,3.1965473053300906e-06,0.9997398357657683
id19100,0.003256863263186353,0.9966799029350829,6.323380173077439e-05
id10416,0.9845810798123258,0.003405049944631965,0.012013870243042185
id02535,3.046740830970882e-06,0.9999484388042471,4.851445492196454e-05
id23920,0.028780965518231547,9.18304532079678e-06,0.9712098514364477
id16226,0.7689837384533472,0.19764455472369777,0.033371706822954955
id09196,5.239235430776592e-13,0.9999999999993102,1.6587535347315147e-13
id03368,0.08618926439478783,0.3675112326240635,0.5462995029811487
id27373,0.4636285960994493,0.02179034531611115,0.5145810585844396
id11497,0.45237984829553246,0.26064279601426216,0.2869773556902053
id07640,0.516106667293901,0.48312784360865046,0.0007654890974485647
id22416,6.653771054809103e-08,0.99999986366747,6.979481953078748e-08
id20303,0.0001280562952817794,0.9998649255858458,7.0181188724353364e-06
id13811,0.01873492021833181,0.0008877395209113088,0.9803773402607568
id04365,0.003722541787849092,0.9816652251879615,0.014612233024189425
id00199,0.000820937695240699,0.033879435592428474,0.9652996267123309
id24884,0.9996961725961884,1.834122856839534e-07,0.000303643991525892
id06763,3.204991815889294e-06,0.9999728572970618,2.3937711122252184e-05
id18275,0.5850753101976327,0.2356079914936325,0.17931669830873473
id20971,0.5102334488556481,0.4343431215304552,0.055423429613896784
id01581,1.8422536149035364e-06,1.0570531218367338e-06,0.9999971006932633
id24805,0.02275834956265336,0.0004565375108948293,0.9767851129264518
id07950,0.0005321762129860557,0.9981696117256109,0.0012982120614029656
id26346,0.0007640489711009381,0.01159917821983131,0.9876367728090678
id24046,0.9218514502500914,0.0077804170347354,0.0703681327151732
id05548,2.4957696813281845e-06,0.9999974689097355,3.5320583155127995e-08
id17433,0.9767992023991541,0.0056316864783888965,0.01756911112245709
id18712,0.7967278206429607,0.003290429821911951,0.19998174953512737
id21128,0.0043284135632768676,0.003920873524693969,0.9917507129120292
id02906,0.10171526940639745,0.18684544964794592,0.7114392809456567
id22201,6.120429991061958e-07,0.9999993879525819,4.419047835676482e-12
id08614,0.008416552164954317,0.9869736852523138,0.00460976258273199
id22484,0.010523965425083815,0.9883946488683253,0.0010813857065909427
id16291,0.22978201071874496,0.7103622840792887,0.059855705201966404
id26869,0.13068274714609945,0.8290181804950231,0.04029907235887756
id18062,0.0001864767621758707,0.9997831648375195,3.0358400304635617e-05
id27078,0.879069050738515,0.12052509473309785,0.00040585452838714435
id02756,0.018838660614049745,0.108242774647753,0.8729185647381973
id03454,0.00047266636010734347,0.002938996809704612,0.9965883368301881
id02195,0.024961840366455497,0.004643988408711599,0.970394171224833
id27418,0.00285279110482089,0.9970902988797784,5.6910015400721994e-05
id02733,0.9825697741973264,0.01478922143503935,0.0026410043676342795
id15677,0.8334057540949371,0.005251314779034334,0.16134293112602857
id08204,0.9074388596117364,0.007840499460273478,0.0847206409279902
id11529,0.9903077449550072,0.003749031728937334,0.005943223316055564
id14000,0.023657768951685844,3.959558378108116e-05,0.9763026354645331
id11866,0.7611027524346035,0.003949583749970295,0.2349476638154262
id14084,0.00020082124889808512,0.9997501020540894,4.907669701251805e-05
id17826,0.4068519263258891,0.05782823089394281,0.5353198427801681
id07289,0.0012930893897287157,0.001988020084217278,0.996718890526054
id05102,0.9153665063332838,0.029019719009201087,0.05561377465751524
id14779,0.9614465103600599,0.00014201830418012195,0.038411471335759985
id19144,0.0004396404984883844,0.9987974543786277,0.0007629051228838552
id12372,0.0001871031557695542,0.9995230518070477,0.00028984503718281336
id05673,3.468027779852505e-05,0.9999633073149252,2.0124072762892458e-06
id07343,0.0031840511555335316,1.1924598856043879e-05,0.9968040242456104
id10390,0.007893719475039274,0.9807410207719753,0.01136525975298539
id27323,0.016164239002058833,0.00012544427021185953,0.9837103167277294
id26483,0.9996108240240357,0.0003013876293223308,8.77883466420634e-05
id07690,0.7526198103307953,0.1078284316230446,0.13955175804616024
id22766,0.7744495873195194,0.01216760370897072,0.21338280897150982
id10289,0.9852605406751888,0.002505704084827216,0.012233755239984129
id22243,0.018009608503450236,0.9721265445197673,0.009863846976782454
id24509,0.04187900802024207,0.9569172486198853,0.0012037433598726987
id02407,0.001169843373109361,0.9844307727473242,0.014399383879566536
id08746,0.0004793511165522331,8.681509839515887e-05,0.9994338337850526
id12854,0.7941039587205105,0.1716175631641671,0.03427847811532233
id25598,0.00023032953279240772,0.0021754168809115957,0.997594253586296
id16973,0.005520261440020249,0.0024630381707382997,0.9920167003892415
id20066,0.023697148482586812,0.006262753053228498,0.9700400984641847
id25966,1.0113833935316758e-06,0.9999966879331605,2.300683445981843e-06
id21599,5.271829906983371e-05,0.0014407219848806038,0.9985065597160496
id17112,0.9578802385310788,0.0021617289487319896,0.03995803252018916
id01775,2.1740037198971038e-05,0.9999402495849474,3.8010377853574164e-05
id08484,3.9606209389249144e-05,3.163907502839107e-05,0.9999287547155824
id12094,0.0008709949812264102,0.9959010399917565,0.003227965027017007
id25422,0.24361811957880847,0.02257003556639135,0.7338118448548002
id25063,0.04779158122553155,0.9349155705940879,0.0172928481803804
id25508,0.005055986287270886,0.00024838638598518264,0.994695627326744
id01575,0.4398032491258343,5.2402140204183005e-05,0.5601443487339616
id24368,0.0007147227164589967,0.0007674300791257417,0.9985178472044153
id16823,0.014183170802424813,0.9691568623396201,0.016659966857955164
id22747,0.016595066620444902,0.9831598529483768,0.0002450804311783585
id19321,0.0045986406113437996,0.002850674718508819,0.9925506846701474
id08220,3.2479085132348836e-06,0.9999778729608066,1.88791306801459e-05
id12296,0.5423141493157703,0.0005945959847888995,0.4570912546994409
id11186,0.9999477896552444,2.9743414188350694e-05,2.246693056722283e-05
id10551,9.862130570884821e-07,0.9999988689863744,1.4480056859922938e-07
id20839,0.2224843276263245,0.16542620535107744,0.6120894670225981
id06118,0.6903157841711578,0.17636574063645025,0.13331847519239198
id06330,0.040033413005989095,0.7846892424499893,0.17527734454402175
id02669,0.355491670367555,0.49541501763174217,0.1490933120007029
id14811,0.9999662681303222,2.2214419917020926e-05,1.1517449760817619e-05
id04728,0.9972165419052292,0.0006224680528495772,0.0021609900419211326
id16646,0.0337683166711112,4.389050330236262e-05,0.9661877928255864
id13018,0.0014262433302557466,0.9744569921928543,0.024116764476889985
id15248,0.9829378225226694,0.015755655571199526,0.0013065219061311098
id23476,0.05688009642817352,0.7912868240159232,0.1518330795559033
id09208,0.003546101778790252,0.9963866078525536,6.72903686561862e-05
id19351,0.9330098486641151,0.06141582695566958,0.005574324380215339
id02009,0.9205172168027166,0.015789715227485155,0.06369306796979834
id00785,0.9118042041743553,0.0007596552857635978,0.08743614053988118
id07975,0.25292529047380796,0.11109173956573513,0.635982969960457
id17892,0.014295307240476458,0.8905300071932347,0.0951746855662889
id03299,0.322625398282708,0.12335495804450496,0.554019643672787
id15351,0.04140083091874123,0.9495496979461103,0.009049471135148417
id11066,0.4734995225391255,0.5212639559152393,0.005236521545635134
id20485,0.0009666029384789866,0.9990224302219893,1.0966839531776119e-05
id13866,0.9994244340589965,9.13088854362862e-05,0.00048425705556727526
id17335,2.362004909973067e-06,0.9999974881993308,1.4979575918651496e-07
id15220,0.9400668850008637,0.04451048772742076,0.015422627271715578
id24047,0.9695338435027219,0.02702053304284086,0.00344562345443725
id15180,0.0007298161641481626,0.9992566461025596,1.3537733292299055e-05
id16921,0.03101139751508569,0.0008187110622614748,0.9681698914226529
id17207,0.004081048047257616,0.00017476379816468057,0.9957441881545778
id15068,0.07596909688695846,0.026010855323579316,0.8980200477894622
id22013,0.9213803549079543,0.04583815586575853,0.03278148922628714
id11929,0.6300777058928236,0.0024394121446904902,0.36748288196248585
id12540,0.003599966822999495,0.9963226277657327,7.740541126791776e-05
id12582,0.8330041498902042,0.04363582748441136,0.12336002262538431
id05261,0.23299527551301652,0.6969483901459419,0.07005633434104172
id08471,0.9411117150253462,0.010717772267311017,0.04817051270734291
id15209,0.0953552403436466,0.9034836484425863,0.0011611112137670636
id01148,0.8085779223813118,0.13689355916922802,0.054528518449460175
id26519,0.00010209190629008716,6.129037372462414e-05,0.9998366177199853
id16510,0.9642477924938413,0.026798389064282262,0.008953818441876439
id03888,0.0012449543758234324,0.9926465213375598,0.00610852428661684
id27926,0.9861971609511311,0.007250746829887279,0.006552092218981673
id05359,0.017480499822331373,0.011622088347892353,0.9708974118297763
id04274,0.9427241555782169,0.03957575681954665,0.017700087602236517
id21013,0.0186715625294852,0.20210185651485316,0.7792265809556617
id11443,0.003119165767200231,0.04064221029217214,0.9562386239406276
id09956,0.8462711833926693,0.13677212558696042,0.016956691020370396
id03138,0.30422319621319277,0.6835011363512917,0.012275667435515628
id08516,0.9841153471205766,0.0010240976286551755,0.01486055525076834
id08608,0.0006136764921715689,0.00014679825597336616,0.9992395252518551
id04629,0.0022681552572835374,0.005267883301530028,0.9924639614411865
id19808,0.9876943340300124,0.008331373603365647,0.003974292366622041
id16578,0.2602035622285183,0.07156832648215115,0.6682281112893306
id04607,0.3099690325258147,0.6231105536229568,0.06692041385122859
id22816,0.0013604985785553125,0.9974516471256643,0.0011878542957804406
id27913,0.7491085569294518,0.158777186422643,0.09211425664790514
id00346,9.161202393841565e-05,0.002190231635703964,0.9977181563403577
id02198,0.001337783150729906,0.9977361633845562,0.0009260534647139232
id27303,0.9997299732815017,0.00020176049031372427,6.826622818459078e-05
id07033,0.010588920232155343,0.046752887651226316,0.9426581921166184
id03546,0.013999300348638055,0.07546111075614367,0.9105395888952182
id14709,0.9999581499649323,6.283437851902479e-07,4.12216912825189e-05
id25348,0.9982692287584087,0.0004118380436189125,0.0013189331979723703
id19596,0.05363359543005094,0.03323768534284239,0.9131287192271067
id12265,0.05556064015876646,0.001819016249565117,0.9426203435916685
id01054,0.45178760232312104,0.002306504140765639,0.5459058935361133
id03002,0.0004738040138278256,0.00014920047619929996,0.9993769955099729
id25624,0.9999493480925323,5.037407798480874e-05,2.7782948287340026e-07
id16202,0.6645494984293162,0.09713520873400801,0.2383152928366758
id08187,0.24815156359663954,0.7338207160491517,0.01802772035420885
id24373,0.1630119713916195,0.1084239491420414,0.728564079466339
id06415,0.005626852604513574,0.5149716267637432,0.47940152063174324
id09078,0.0003097997492781642,0.9996763777533594,1.3822497362513173e-05
id25989,0.8541731409109121,0.0006312726368310605,0.1451955864522569
id05431,0.8856994009045949,0.021155707961304056,0.09314489113410111
id16557,0.0021186706416860953,0.9971143815932797,0.0007669477650341635
id22749,0.9940038812689936,0.0029591161800385083,0.003037002550967809
id00697,0.034462145509569435,0.06187160759361863,0.903666246896812
id22969,0.9920493073211843,0.0044587187788276235,0.003491973899988056
id07440,0.015169965065765385,0.041628405296580705,0.9432016296376539
id19872,0.3207538053267673,0.022549963085883726,0.656696231587349
id06054,0.9904573731598872,0.00770413442922307,0.0018384924108897768
id27862,0.9789260704476886,0.0014679490225412328,0.019605980529770122
id27186,0.5119345516390312,0.43671571672356063,0.05134973163740815
id01617,0.00798675522668907,0.000942192889975988,0.991071051883335
id11922,0.0027967577371663874,0.9969187044941716,0.0002845377686619988
id15003,0.026910111449641682,0.34709608543144044,0.625993803118918
id09458,0.018991608891337237,0.001793363409979989,0.9792150276986827
id03568,0.8984640232781878,0.046084797914456306,0.05545117880735603
id27132,0.9851947184770391,0.014751489770559496,5.379175240133337e-05
id24204,0.0321794353358065,0.9617348539053788,0.006085710758814677
id24736,0.9096277294344762,0.025272561133327952,0.0650997094321958
id06990,2.8903493676172762e-06,0.9999820201966515,1.5089453980927255e-05
id24155,0.005597319199134915,0.9446965651413013,0.04970611565956384
id22129,5.6670661516248956e-05,2.27504107768969e-06,0.9999410542974061
id00191,0.04260588441533758,9.099576958638615e-05,0.9573031198150761
id05185,0.28912793321794716,0.001468180215234939,0.7094038865668179
id13399,0.33787280085672017,0.482959418670294,0.17916778047298593
id20862,0.800649070590541,0.03666903813003191,0.1626818912794271
id06180,0.9907410154678417,0.0010182488174713526,0.008240735714686927
id27225,0.764638520961589,0.07132325873539898,0.16403822030301207
id09447,0.006822871288665448,0.5921818374696423,0.40099529124169236
id18125,0.9999990108187994,6.277347765127045e-08,9.264077230482221e-07
id04010,8.91864320693166e-05,0.00037370557635578005,0.9995371079915749
id17932,0.9681697458190568,0.002289994926767858,0.029540259254175416
id17948,0.9691438742249197,2.796080758976255e-06,0.03085332969432143
id18545,0.05245232476126389,0.09303691184811137,0.8545107633906248
id03389,0.9991903771104864,0.0002794530132431914,0.0005301698762704234
id02487,0.31930083305198803,0.007285860202086894,0.6734133067459251
id04924,0.9978476855310195,0.0003165548509860705,0.00183575961799445
id23553,0.08663057914836585,0.017456512662850223,0.895912908188784
id16831,0.9986679083425615,0.00014255539352167582,0.001189536263916863
id01296,0.9999999084347324,9.115631727918605e-08,4.0895041331239967e-10
id12033,0.00022704558929156232,0.006529142201650184,0.9932438122090582
id06913,4.440894922628845e-08,0.999997962710719,1.9928803318943604e-06
id15715,0.01056582869065609,0.98705154967253,0.0023826216368139125
id23432,0.07038686427237283,0.003924718152931859,0.9256884175746953
id01152,0.5431016729000057,0.14703036910303524,0.3098679579969591
id16384,0.2546214848840499,0.5495673353257634,0.19581117979018658
id04060,0.5985396221321228,0.000501681252620508,0.4009586966152568
id21604,0.9994171288590866,0.0005793835253522226,3.48761556109269e-06
id11212,4.492145683090048e-07,2.5870788824996957e-07,0.9999992920775435
id26589,0.07816683027615669,0.0778771724860156,0.8439559972378278
id15858,0.8626685393674948,0.1285578718304206,0.008773588802084632
id02814,0.09424338385687166,0.8370615315991169,0.06869508454401146
id18347,0.46897596427729604,0.012407280184568326,0.5186167555381357
id02517,0.03140344503896809,0.006674105252156459,0.9619224497088755
id20800,0.9880786761011096,0.008104852700836098,0.003816471198054397
id16428,0.9696553357922253,0.010491001119005706,0.019853663088768986
id23844,0.9999738174446918,2.296908055651343e-05,3.2134747516411e-06
id11149,0.0015151535047797536,0.9968841611184932,0.0016006853767270614
id12505,0.00011880481045478267,0.9995265056460537,0.0003546895434915118
id10850,0.3806502338939333,0.6175458530865422,0.0018039130195244518
id05706,0.7677875433550398,0.0035259337602804855,0.22868652288467978
id23216,0.10900326243007044,0.8718134896451363,0.019183247924793354
id16618,0.0007675475991258256,2.012524586699463e-05,0.9992123271550072
id04283,0.0018106738702931263,0.9427397357842963,0.05544959034541062
id20374,0.0023342691988874286,0.025714476134382564,0.97195125466673
id07227,0.0001428752326250005,0.9849270016684665,0.014930123098908472
id06396,0.9888632839402435,0.0027897041997841966,0.008347011859972346
id08884,0.9969775613014087,0.000998898092568411,0.002023540606022985
id10983,0.9998523959978397,8.764589525577246e-05,5.9958106904515904e-05
id07296,8.955193266928823e-05,0.9999040483652187,6.399702112064411e-06
id17683,0.0030419319354389918,0.06139084407943125,0.9355672239851298
id26473,0.004722451642585045,0.0002370711749474662,0.9950404771824675
id06454,3.7852577792078474e-05,2.0077438951102608e-06,0.9999601396783129
id19166,0.9934654245947303,3.284021588283541e-07,0.006534247003110994
id08406,0.32063683143794963,0.5486094099304951,0.13075375863155525
id25126,0.006532416977836077,0.032166525081461124,0.9613010579407029
id27593,0.9606384689152818,0.02049211178855063,0.01886941929616763
id24613,0.010562619714449826,0.0029112088857047246,0.9865261713998456
id26586,0.9779477180785447,0.018424214091969007,0.003628067829486206
id25719,0.007800660531203501,0.0002790325264241832,0.9919203069423723
id05015,0.5354888512143654,0.30093063363913625,0.16358051514649835
id01594,0.48101490339704256,0.12026761884493294,0.3987174777580245
id01522,0.0006421318435816699,0.022858542891189892,0.9764993252652284
id06935,0.9999434480036165,1.2459258574726765e-05,4.409273780891492e-05
id01975,2.5613692577322613e-05,0.0003322316380158609,0.9996421546694069
id20847,0.0024334819028550233,0.0002059346223828083,0.9973605834747622
id24960,0.001855686213989474,0.0010055917119071915,0.9971387220741034
id27808,0.0004797221611007992,0.9994870312844116,3.324655448749838e-05
id25463,0.9978310359164663,0.0017098115880433563,0.0004591524954903435
id11367,0.47951649733825347,0.10808030447193567,0.4124031981898109
id02273,0.002631337809819146,0.0030010068004734476,0.9943676553897074
id02167,0.9894117102678202,0.0007949499921126452,0.009793339740067271
id08352,0.0004774304068202413,0.9994877107003297,3.485889285007234e-05
id26928,0.01354271714580951,0.9750544823936649,0.011402800460525692
id04224,0.9902543834714037,0.009742539390086308,3.0771385099486595e-06
id00462,0.23309218961409564,0.7515842512450736,0.01532355914083078
id16591,0.004869474893134039,0.9853915760217619,0.009738949085104073
id06982,4.241722764531431e-08,0.9999980372597199,1.920323052510942e-06
id24880,0.02966278217860603,0.7911626036365718,0.17917461418482225
id27479,0.027266555485721933,0.010813970213936154,0.961919474300342
id16556,0.9331688149228666,0.06526926736749254,0.0015619177096408406
id15231,0.016228512346505995,0.00344585900598959,0.9803256286475044
id14694,0.858217055727531,0.03635739067398665,0.10542555359848231
id01114,0.8688223735256567,0.0410499374542554,0.09012768902008797
id18694,0.43158108057079403,0.2925142255170841,0.27590469391212186
id25551,0.5136346481732659,0.002244774746139248,0.48412057708059497
id23478,0.04549183537836525,0.04008965079092208,0.9144185138307127
id22780,0.9151049687481723,0.07636593923861669,0.008529092013211023
id06602,0.0003100942570732888,0.9912591933420817,0.008430712400845133
id05176,3.3453784642090668e-06,0.9999932255014572,3.4291200785074563e-06
id15450,0.02153477688349631,0.0072685780829210515,0.9711966450335826
id16956,0.0013434638427837536,0.004596393095203673,0.9940601430620126
id23532,0.01894920689975475,0.9734448320567157,0.007605961043529559
id22688,0.008825201565489691,1.5134159619001313e-06,0.9911732850185485
id12898,0.08837391844750492,0.9023933123119486,0.009232769240546465
id21525,0.9998928836276395,3.4461521468966696e-05,7.265485089142768e-05
id13576,0.9372724652131309,0.01580766406978817,0.046919870717081
id07080,0.1600363086032313,0.7381419602657937,0.10182173113097504
id25397,0.999911942503831,8.758518685427166e-05,4.723093148452165e-07
id08383,0.8492463571428461,0.09675937558235288,0.053994267274801076
id08285,0.9246240908752199,0.006161237616320524,0.06921467150845963
id10323,0.23663498471568864,0.011353696255667007,0.7520113190286444
id10441,7.768861129835314e-05,0.9999140662143334,8.245174368234227e-06
id26298,0.595524245792487,0.00029415211326215025,0.40418160209425097
id13531,0.9014181240814334,0.0970307692547514,0.0015511066638152183
id03191,0.94680382767693,0.043094678891767164,0.01010149343130282
id19771,0.0002547637775860007,0.9992939482431016,0.00045128797931240106
id03275,0.9928282821368221,0.0035787340767132747,0.003592983786464677
id11616,0.002217435626865456,0.011117524233498046,0.9866650401396365
id03117,0.0003917804240755625,0.9993669351119567,0.00024128446396769204
id08054,0.017871026274367086,0.00040973440964081625,0.9817192393159921
id15303,0.036533125864895294,0.9226561810035305,0.0408106931315742
id02470,0.01573595677794296,0.002668771413121763,0.9815952718089354
id01452,0.025022715566560032,0.0697927053230092,0.9051845791104308
id11934,0.0003591128647307076,0.9980936970431346,0.0015471900921348045
id00258,0.06973150973401869,0.6343061862310599,0.2959623040349215
id27905,0.3167217992638653,0.4408377879253007,0.24244041281083398
id23897,0.0023917152849623133,0.9975287259065093,7.955880852838179e-05
id02334,0.00011248808807810584,0.9998157743453466,7.173756657527073e-05
id07638,0.9917658534883056,0.005373162735483346,0.002860983776211017
id13181,0.6022528910372381,0.14055804305663663,0.2571890659061253
id01284,0.999877330641858,5.972042405369805e-07,0.000122072153901586
id27402,0.9977047143092412,4.5414834633927295e-05,0.0022498708561248595
id14742,0.0010173792003885245,6.956830954225773e-05,0.9989130524900692
id12370,0.5278730885946394,0.0020318225873180596,0.4700950888180426
id19048,0.9950740751878359,0.0019256323515684406,0.0030002924605957763
id08388,0.002676295961324827,0.0042092039925391055,0.9931145000461361
id19205,0.9755065976251615,0.02432580776633483,0.00016759460850371773
id04851,0.028694609570109535,1.6918225622782918e-05,0.9712884722042677
id16478,0.0789060363396084,0.920279529324791,0.000814434335600713
id06806,8.373100354394381e-05,0.9998860180104113,3.0250986044667548e-05
id13659,0.09216514504703024,0.6069955793602749,0.3008392755926949
id09861,0.056752006351506366,0.9427105049335645,0.0005374887149292263
id05986,2.7336047499067605e-11,0.9999999999620786,1.0585456772153916e-11
id15844,0.005145976529664016,0.9902952888490724,0.004558734621263652
id05900,0.9385221206451455,0.002946767042020341,0.05853111231283416
id20409,0.7745766340673796,0.21954201941472207,0.005881346517898246
id08751,0.04755755041181113,0.9305008689428496,0.021941580645339416
id22617,0.18453604817643623,0.005965104822748329,0.8094988470008154
id13064,0.09436532657913681,0.004568582635647651,0.9010660907852155
id14506,0.0048353761538698714,0.015931702356916454,0.9792329214892137
id05783,0.0038811416503246802,0.006143578761244928,0.9899752795884303
id23139,0.00030180715765436744,8.673124430599714e-05,0.9996114615980396
id04770,0.9997961044570552,1.0961473153092812e-05,0.00019293406979172765
id11775,0.9940635812505261,0.0015802357009173872,0.004356183048556537
id12936,0.0032619473773580245,0.008606497654098903,0.9881315549685431
id20522,0.014910120233478338,0.9816994277349045,0.003390452031617099
id22929,0.999084985893805,0.0005770035906446354,0.0003380105155503356
id11357,0.6909265642792841,0.006629759758973354,0.3024436759617425
id10028,9.330464659934427e-05,0.9998629620038242,4.3733349576516466e-05
id10617,0.14681133173625324,0.009202370824703017,0.8439862974390437
id23988,0.9999999548927039,4.423029267852044e-08,8.77003518163851e-10
id20434,0.30133935275254603,0.050680190877397696,0.6479804563700563
id06611,2.8257212151130695e-05,0.0014154613744820682,0.9985562814133668
id18405,0.6163745719428275,0.27187442833161185,0.11175099972556052
id27427,0.7305316130957955,0.19283579584939714,0.07663259105480742
id16168,0.00781903690628928,0.9918726191842308,0.0003083439094800012
id02139,0.9060799590499142,0.09243220959882009,0.0014878313512655165
id18654,0.01662807629518192,0.9677098228030224,0.01566210090179571
id24598,0.8843627961430561,0.019092203386407894,0.09654500047053595
id23360,0.0001706592111615766,0.9998165957402223,1.2745048616137014e-05
id06220,0.013527434760923624,0.9640365641493468,0.02243600108972955
id26411,0.9899556652300333,0.007971998520261626,0.002072336249704988
id27660,0.9924231516791834,0.0018424175259264654,0.00573443079489011
id07192,0.010507512092321114,0.0147017113040481,0.9747907766036308
id18074,0.001151865248722691,2.0082342009568766e-05,0.9988280524092678
id11784,0.03196086214890159,0.9663425533498194,0.0016965845012789406
id04810,0.029263068374020762,0.0060025153265226205,0.9647344162994567
id01716,0.9584288227720359,0.035586563582294076,0.00598461364567009
id27584,0.7655053772326075,0.10271803333450688,0.1317765894328856
id25409,0.005247494432293493,0.0005397441450053031,0.9942127614227012
id06430,0.8613759538075073,0.03254118355643847,0.10608286263605424
id11135,0.9845766923932344,0.015361954893946726,6.135271281882807e-05
id27712,0.10529433290158234,0.0012647435211533855,0.8934409235772643
id27233,0.7016528594406397,0.28911918617654403,0.009227954382816156
id13522,0.8195598160167575,0.0853942767831994,0.09504590720004305
id11625,2.0964097888844276e-06,2.8670883965761243e-08,0.9999978749193271
id03246,0.07735445231227665,0.9206324945319784,0.002013053155744976
id05341,0.6121927544228368,0.377921239374142,0.009886006203021176
id22061,0.0006594130581761202,7.3706263650763296e-06,0.9993332163154588
id03170,0.7810688664303829,0.21690413377227763,0.0020269997973395046
id09768,0.007704533237909539,0.009248696282663834,0.9830467704794267
id20721,0.7434605911706933,0.12938258601227312,0.1271568228170336
id14854,0.9448550275483745,0.048142608049387345,0.007002364402238272
id01123,0.9919447164453904,0.0007713345360079562,0.007283949018601722
id00842,0.9986864374435444,0.0003737521750564348,0.000939810381399249
id11035,0.3847268723394174,0.003279585256425801,0.6119935424041568
id19301,9.39799321946943e-07,0.9999985431015107,5.170991674164977e-07
id06409,0.13108605586664776,0.4669596003005746,0.40195434383277767
id09883,0.9917355080207407,0.008095601805810603,0.00016889017344874077
id04218,0.6717320246463323,0.17909225218971733,0.14917572316395036
id25171,0.001986606672475961,0.00010743954452284684,0.9979059537830012
id13394,0.11115076128013415,0.0661281803046949,0.822721058415171
id14322,0.9999996130154338,4.6684497477126876e-08,3.4030006867347863e-07
id17623,0.00023678749158583939,0.00011736826813067377,0.9996458442402835
id16980,0.99706608129974,0.002868769404029712,6.514929623040602e-05
id22634,0.017997329335437535,0.0016434954131079552,0.9803591752514546
id03773,0.9974928463978628,0.001986074168227914,0.0005210794339091887
id20243,0.0006133664659096135,0.900754134019083,0.09863249951500748
id12135,0.09140324207776483,0.9081321530803317,0.000464604841903526
id11727,0.6114323335187604,0.3468504757240489,0.041717190757190804
id06460,0.4137460960397824,0.5788071309239237,0.007446773036294004
id23515,0.7695251250492391,0.049908947048790495,0.18056592790197057
id16908,0.017988671052937336,0.04965623382040047,0.9323550951266623
id10641,0.9413092291889278,0.049429113884766764,0.009261656926305513
id22637,0.006551928302382765,0.0010150703630252447,0.992433001334592
id19724,0.9700813984193117,0.028413971224356713,0.0015046303563315537
id12295,0.012698217676734905,0.9866056802395159,0.0006961020837491456
id18977,0.09417949219467586,0.03169338137003551,0.8741271264352887
id27456,0.7633438851502055,0.22636094070964322,0.010295174140151395
id02223,0.9718938402891647,0.017332030124002532,0.010774129586832751
id06374,0.04099082327204986,0.011454310095228664,0.9475548666327215
id13746,0.01125751864977945,0.005769026608479821,0.9829734547417408
id24107,0.011506107536757404,0.001680103828779735,0.9868137886344629
id09075,0.0043880570419972745,1.7889350864030508e-05,0.9955940536071387
id06741,0.4718109612930119,0.0005454033115701239,0.527643635395418
id25474,0.8080041182426398,0.0051051464499564745,0.18689073530740366
id02497,0.998994586230757,0.00012417924219989258,0.0008812345270431079
id21878,0.9976906395299651,4.598803791768248e-05,0.002263372432117308
id23199,0.20273536104637874,0.007842802266239892,0.7894218366873814
id12018,0.9983042385917215,0.0005552450068649018,0.0011405164014136745
id20722,0.3158866161675675,0.0010682935312605222,0.6830450903011719
id05372,0.04361712319872232,0.9542752872623643,0.002107589538913365
id07964,0.6080524892136029,0.022337613699958438,0.36960989708643865
id02393,0.050525604351193895,0.02159277858133313,0.927881617067473
id10923,0.1699527228800039,0.0214083918319363,0.8086388852880598
id01260,0.8419534805887878,0.11381805176295544,0.04422846764825672
id09037,0.05114159034091675,9.413990932555655e-05,0.9487642697497577
id01477,0.32209619471519424,0.0058023523225961245,0.6721014529622097
id11164,0.9989476204961528,0.0007620413831663776,0.0002903381206808491
id20313,0.9564073880014408,0.0022011583662954423,0.041391453632263916
id20067,9.082857261458768e-05,0.00042040223231692406,0.9994887691950685
id17248,0.9483860617304196,0.0018147998303892393,0.04979913843919124
id24557,0.0012723234668316247,1.378029009366213e-06,0.9987262985041591
id26745,0.7287568905551458,0.001240894539804813,0.2700022149050495
id16759,0.031248703092246418,0.009241565847202093,0.9595097310605515
id22382,0.9823528156065481,0.0021435292369903045,0.015503655156461594
id18404,0.1943413915111923,4.350102489117113e-05,0.8056151074639166
id23761,3.327538488648821e-05,3.5109028975786077e-06,0.999963213712216
id00511,0.0025233274953570224,0.9974661212595181,1.0551245125012457e-05
id15560,0.9384218599852044,0.05538986482007437,0.006188275194721203
id04834,0.9466569521846626,1.0796729222391625e-05,0.053332251086114904
id26796,0.9944437506390721,0.005179409376739223,0.000376839984188718
id14809,0.00020555688225528748,1.1890191557083156e-05,0.9997825529261877
id15091,0.8392308254423214,0.012514286303040231,0.1482548882546385
id14861,0.19910034717166308,0.7158847893944091,0.08501486343392788
id21193,0.02379342945375008,0.6931061827503815,0.28310038779586844
id20331,0.0002553265293867404,0.999740763373749,3.910096864258814e-06
id17847,2.380674512180553e-05,0.9998462525587997,0.00012994069607853524
id00795,0.9999738529470839,2.3699199153770157e-05,2.4478537624525884e-06
id22651,0.9998620539576017,4.685950254044293e-05,9.108653985777663e-05
id22803,0.9972826788158994,0.001985930019321114,0.0007313911647795133
id01714,0.9999583420397506,2.682472413162666e-06,3.8975487836264696e-05
id05350,0.017842876570196856,0.040140643473530045,0.9420164799562731
id08674,0.999999032776394,4.470775788328548e-07,5.201460271212396e-07
id04427,0.00044946705536248066,0.999500883812075,4.964913256249024e-05
id17815,6.2108992004256476e-09,0.9999999875054413,6.283659481922366e-09
id22270,0.8142568829488624,0.13579195521625947,0.049951161834877945
id11183,0.0771127254187763,0.003059352380574318,0.9198279222006494
id00326,0.9057994677776637,0.018276364986328,0.07592416723600823
id00382,0.9999814135122947,1.8023030944319566e-05,5.634567608752606e-07
id11557,0.00020543442491949358,0.0005437660823109335,0.9992507994927696
id20271,0.9974104134568826,0.002101951135286207,0.00048763540783116325
id05133,0.9999138248327454,4.5284862905660624e-05,4.089030434892755e-05
id14597,0.05215769160892948,0.9477701094770561,7.219891401440555e-05
id21411,0.0013420000080710582,0.9979706501104222,0.0006873498815068017
id15375,0.21487648120881703,0.004201058416713616,0.7809224603744693
id10172,1.156936024470049e-05,4.5240008284807784e-05,0.9999431906314705
id13524,0.9277539155460325,0.004354037778343017,0.06789204667562453
id26331,0.8757181203320407,0.016720583847397875,0.10756129582056154
id20167,0.04839340600359169,0.0006695697871488668,0.9509370242092594
id03249,0.022686289998907073,0.9772809269929951,3.278300809789108e-05
id15839,0.9937708876089438,0.00028087097534127694,0.005948241415714939
id27200,0.0008387599413199562,0.9989412406785413,0.00021999938013874992
id15847,0.001264379122603789,0.0013434358720375052,0.9973921850053588
id07249,0.1207598945156496,0.8701693992772972,0.009070706207053138
id19494,0.9227246469039946,0.07324392793041808,0.004031425165587405
id01388,0.006355150923565521,0.918229641774578,0.07541520730185648
id22045,0.007828459250200585,0.0002505671917870306,0.9919209735580123
id09111,0.8894443424470677,0.05435854392693318,0.05619711362599918
id04011,0.0014784531100693913,0.5924188231933845,0.4061027236965462
id26410,3.809935654108377e-09,0.999968142037917,3.1854152147362394e-05
id19614,0.5898093761446773,0.332125005514294,0.07806561834102864
id10183,0.00016805249488148407,0.9997569844624747,7.496304264382496e-05
id20388,3.166471769776146e-05,1.9120282722594603e-05,0.9999492149995797
id16498,0.9986574252385194,0.0013271363110357896,1.543845044489331e-05
id18488,9.583813982754683e-05,0.0024257202186757803,0.9974784416414967
id11018,0.05815202318299765,0.7040620859740244,0.237785890842978
id16185,0.9378920830317031,0.060824192179978344,0.0012837247883184745
id23501,0.16243354988970793,0.8079100976181202,0.02965635249217192
id02837,0.13998087076711607,4.84680816009235e-05,0.859970661151283
id05544,0.8571093866251498,0.007748297397817783,0.13514231597703244
id22784,0.42649022611158127,0.27402661584885535,0.29948315803956327
id15404,0.0005709157665852017,5.572256134975596e-05,0.999373361672065
id13010,0.7787864541702206,0.21665070834529107,0.004562837484488401
id22169,0.00038172829688907183,0.999115829132183,0.0005024425709278994
id16438,0.0003032492649305942,0.0011301612348955032,0.9985665895001739
id20464,0.9389208740662982,0.05769672862923464,0.0033823973044671443
id26306,0.9874279103093844,0.0006470873490972246,0.011925002341518385
id15995,0.7203275976680681,0.22186565115773618,0.05780675117419571
id26068,0.9641305449243123,0.003475094180751606,0.03239436089493606
id19348,0.056290419930789155,0.6186362492053215,0.32507333086388945
id04196,0.0014685213553163631,0.9984132771135357,0.0001182015311479719
id13002,0.12625973141636604,0.8313686327184826,0.0423716358651513
id25650,0.6626349945591266,0.24806909362088078,0.0892959118199927
id17598,0.00022475366680565364,0.9997722177364448,3.028596749649049e-06
id10079,0.198112434602894,0.7307698420787667,0.0711177233183393
id10094,0.019828645628677078,0.6087315775705076,0.37143977680081547
id05918,0.8628190599653167,0.031135453151508913,0.1060454868831744
id18747,0.9943679261591534,0.005543016621495593,8.90572193510824e-05
id15571,0.007445308532504692,0.9857882458237464,0.00676644564374897
id16113,0.675864257537286,0.013269053810914373,0.3108666886517997
id02316,0.586125246277116,0.03380020948151647,0.38007454424136744
id09545,0.7702035448757836,0.0684490155425078,0.16134743958170866
id13878,0.5310622128201253,0.002024261858771446,0.4669135253211032
id07476,0.6643573320040137,0.23073088009874076,0.10491178789724555
id20103,0.7784488865439808,0.004311573410242571,0.21723954004577667
id27367,0.5790774005216159,0.05806186413404137,0.3628607353443427
id25668,0.040583375673114104,0.0007693752093288421,0.958647249117557
id09680,0.9999999999028999,1.3794447135031084e-11,8.330572323910893e-11
id00500,0.12135426793886213,0.8054053545647574,0.07324037749638058
id06110,0.7739687771803496,0.00257960779123881,0.22345161502841165
id15804,0.001229514069045827,0.9987511348107817,1.9351120172430643e-05
id03223,0.014250291893364277,0.9814563299988736,0.0042933781077622085
id02039,0.00168700681344833,0.9959650644142781,0.0023479287722736157
id09795,5.858803689274673e-05,9.179158222823708e-06,0.9999322328048845
id10808,0.002981803179513358,0.02805873939606821,0.9689594574244185
id10134,0.013095413277761156,0.921564672724235,0.06533991399800382
id14361,0.1267431537228093,0.2832229129019178,0.5900339333752729
id15881,0.026777453645209552,0.0003875316930750295,0.9728350146617154
id27120,0.001392395008422267,0.0002509379132516739,0.9983566670783262
id09860,0.5396992029759027,0.01925994947604041,0.4410408475480569
id11959,0.0005346101494372817,0.9866983727066481,0.012767017143914743
id25770,4.812877415626578e-06,0.9999818229920553,1.3364130529211185e-05
id24364,0.034508585275076505,0.9645361263519402,0.0009552883729833255
id22944,0.9999999577906088,1.620530252209269e-08,2.6004088704608332e-08
id04345,0.9908706941895336,0.008027340401181748,0.0011019654092847306
id05127,0.42522485228191764,0.00030072489515272065,0.5744744228229296
id01779,0.0021657328547785254,0.0008112301309564238,0.9970230370142651
id05559,0.9951140187994963,0.0015398759400944986,0.0033461052604092127
id14474,0.9999994521822916,1.2294732267183286e-07,4.248703857258212e-07
id13283,0.9006126647431886,0.0984597260158783,0.000927609240933195
id03301,0.48011012794358404,0.38023354772879203,0.1396563243276238
id16939,0.0001390144032994576,0.9997472748895949,0.00011371070710562994
id01166,0.0009518404007717421,0.9976360310085465,0.0014121285906817987
id16766,0.9575949788467425,5.929966321792982e-06,0.04239909118693569
id04338,0.9892994483068878,0.007187698760847594,0.0035128529322646786
id12731,0.9990432964591923,3.262574403145264e-07,0.0009563772833674185
id08988,0.01847278264989966,0.9814982742966718,2.8943053428433526e-05
id08236,5.937075752793806e-07,0.999999359502733,4.678969171677937e-08
id03309,0.8402126513446939,0.09557496481465082,0.06421238384065514
id16458,0.7206052378981426,0.24755358323291998,0.03184117886893744
id02442,0.9862370302081626,0.006511510589411042,0.007251459202426468
id25767,0.011882418672168008,0.0007523677794164911,0.9873652135484156
id17357,0.32406575368743407,0.6219072695371018,0.05402697677546416
id08627,0.0613753859794927,0.01117197622803859,0.9274526377924687
id19488,0.933235910913986,0.000118356017568016,0.06664573306844584
id18345,0.032285456730790175,0.28949064352094683,0.6782238997482629
id10661,0.7706029732788735,0.024172096496493243,0.20522493022463323
id01713,0.00017029370362639043,0.9997772400054196,5.24662909540243e-05
id26237,0.691733289398371,0.3081803243329222,8.638626870686882e-05
id08062,0.39287446445076374,0.19205932460610675,0.4150662109431295
id01497,2.1175222517633706e-05,0.9992175337271682,0.0007612910503142904
id07590,0.996166656770243,0.003090228883173144,0.0007431143465839688
id06299,0.08366885685380725,0.035613619917245,0.8807175232289478
id02770,0.017288820385223592,0.0019020758708018831,0.9808091037439746
id19197,0.0005024085667951618,0.0004312201747285253,0.9990663712584763
id16572,0.9919861340184749,0.0016037266648394634,0.006410139316685661
id04518,0.017571447700011032,0.9811742164996082,0.0012543358003807182
id09316,0.500830567763476,0.485230558494436,0.013938873742088074
id17533,0.0010555368098620825,0.04205387887049131,0.9568905843196467
id13494,0.11521447383914728,0.029078669392878637,0.8557068567679742
id10024,0.9859826529328412,0.013963862262927925,5.348480423096067e-05
id19896,0.9921070811231038,0.006158101187311194,0.0017348176895850135
id10956,0.9947360805758284,0.0040009791913851725,0.001262940232786439
id08458,0.007094977548871802,0.9892794093311301,0.0036256131199981015
id09066,0.8364900305666142,0.002487255270974434,0.16102271416241132
id26608,0.09565984166675073,0.0006601335192177537,0.9036800248140315
id20977,0.1437497462496352,0.025163926878202673,0.8310863268721622
id21587,0.020588252036798444,0.4823787933605939,0.4970329546026077
id19928,0.11418362354046181,0.00019502777288897742,0.8856213486866492
id19077,5.680839539193782e-05,0.9998186251554361,0.00012456644917204247
id06865,0.003948000227049959,0.0010102704808027457,0.9950417292921473
id15224,1.1108581933194267e-05,4.0606824082860545e-06,0.9999848307356586
id09036,0.02140969236859559,0.9773493322803606,0.001240975351043873
id04885,0.9941504783630708,0.005837728789090317,1.1792847838955174e-05
id06619,0.0004960941067829587,0.9993881094941418,0.00011579639907522882
id20211,0.00037304985496641177,0.9975799877767582,0.0020469623682754373
id23985,0.4396990447186044,0.020641287072022514,0.5396596682093731
id17048,0.9921752349801111,0.002675098055166516,0.005149666964722406
id11272,0.8028011164596971,0.0008004173481098022,0.19639846619219312
id16998,0.028906652296497443,0.023670745119136076,0.9474226025843665
id16506,0.15145097706347901,0.06484110497073062,0.7837079179657903
id11558,0.21993403635631836,0.08075698627440721,0.6993089773692744
id04913,0.09915481878562944,3.0898423737811706e-05,0.9008142827906328
id10308,0.010125798540137114,0.0016279935516231973,0.9882462079082397
id15956,0.00040000324580598056,0.0010700774724900046,0.9985299192817041
id21350,0.0029938934404949336,0.9929483950756149,0.0040577114838901
id09246,0.9861789276393207,0.0069345491822949325,0.006886523178384322
id00753,0.6028659669939102,0.23193525799127993,0.16519877501480992
id08101,0.17191904342487022,0.8089821391874065,0.019098817387723323
id26853,0.002165018126201774,0.9965831449716026,0.0012518369021956245
id22044,0.00038689412428335166,0.9996035816251032,9.52425061345439e-06
id27234,0.6618243531163469,5.296173247211551e-05,0.33812268515118094
id18357,0.18468783023602245,0.8101534435051392,0.005158726258838414
id24187,0.9875012429815433,0.0027833004098314906,0.009715456608625229
id23934,0.16472914840390243,0.022172051732591333,0.8130987998635063
id21378,0.0022315672866376514,0.9948861456731122,0.002882287040250167
id12777,0.034655027939994906,0.9610645388951151,0.004280433164890016
id11493,1.8412521969353938e-06,4.982878612405584e-07,0.9999976604599419
id12824,0.461134951557205,0.07815922394369873,0.4607058244990963
id22565,0.00022769528905742717,0.999767908077981,4.3966329616419315e-06
id02996,0.08137216940006081,0.045639732742565546,0.8729880978573736
id26154,0.27942224604302884,0.6462759924752344,0.07430176148173688
id22710,0.02184919662782644,0.9780584447703208,9.235860185270279e-05
id19389,0.38051430280675225,0.5956708592928837,0.023814837900364056
id19539,0.029441196435598203,6.440012134206239e-06,0.9705523635522676
id17345,0.7930649983257061,0.20655262238508132,0.0003823792892125334
id16938,0.9968979977138196,0.00017629191155784748,0.0029257103746225368
id05670,0.9953170603507219,0.004599092836040352,8.384681323776654e-05
id12991,0.5638912363514524,0.03228158042543012,0.40382718322311745
id26819,0.00013493241020455355,0.9994655764825745,0.00039949110722090905
id02679,0.6449642319591534,0.02868626024214487,0.32634950779870175
id11334,0.8036177169949371,0.1418683858318842,0.0545138971731787
id18553,0.5095045546508039,0.4129362256871845,0.07755921966201164
id27899,0.7759382969574634,0.22168597680289057,0.0023757262396460117
id20569,5.179157181107071e-06,0.9999862064123396,8.614430479288784e-06
id00759,0.0001704620259628949,0.9996731360051752,0.00015640196886191707
id13013,0.9559232619334516,0.013129252886250319,0.030947485180298145
id06798,0.9964155807869091,0.003468299955106053,0.0001161192579848952
id04524,0.00018886338532374708,0.9995977105470265,0.00021342606764975064
id19026,0.5605511332477586,0.011907430003626773,0.42754143674861467
id17376,0.0041337875299703565,0.002346746515831576,0.993519465954198
id21794,0.00019473732184461796,0.001085113790872624,0.9987201488872828
id22720,0.11002691074074489,0.017546591222321304,0.8724264980369338
id26054,0.026335947985950334,0.012410036915369585,0.96125401509868
id01050,0.004999082313261097,0.9911697544334871,0.0038311632532519154
id11917,0.9753962527022966,0.004874665479755844,0.01972908181794764
id12706,0.9250245657032707,0.033436828124630134,0.04153860617209921
id18796,0.025367749854593166,0.043377103007714406,0.9312551471376924
id10096,2.227081710671928e-07,8.29675412705855e-08,0.9999996943242877
id27514,0.042591628148336426,0.7924404171349232,0.16496795471674047
id22130,0.9473791095215449,0.012927927691931209,0.03969296278652399
id23378,0.9894197812633572,0.0009832088978899169,0.009597009838752902
id27306,0.9915232592514559,0.008377707500885564,9.903324765858174e-05
id25914,0.16085324689134087,0.051377078308935877,0.7877696747997233
id05461,0.9876724314506999,0.008255368098593563,0.004072200450706508
id24782,0.9972757633917687,0.0025273310090199934,0.0001969055992113582
id11890,8.518074594293132e-06,0.9999496352564899,4.184666891577781e-05
id23405,0.0002608730150468234,0.0003015269450185176,0.9994376000399346
id15919,0.008335597842036862,0.8146533178672832,0.17701108429067988
id08430,0.40288783721025284,0.007729736502315099,0.5893824262874321
id16328,0.09907870785322487,0.10030742171183128,0.8006138704349438
id16599,0.9969359784236194,0.0012329746742971474,0.0018310469020834965
id25407,0.006040288829881142,0.7689990370347657,0.2249606741353532
id10786,0.95496009218324,0.00047740453798378676,0.04456250327877623
id08935,0.99650583311002,0.0009279620814235211,0.00256620480855652
id24742,0.999922917609242,3.270600051334354e-05,4.4376390244681164e-05
id15921,0.9658084497278758,0.009441081883677174,0.024750468388446915
id21816,0.026626846965260676,0.0035062284439122994,0.969866924590827
id06235,0.006885035250353094,0.9898418571829336,0.0032731075667133272
id00527,0.9228298954181522,0.04698140664449806,0.030188697937349806
id17349,0.0003106698447695699,0.0014075164413966108,0.9982818137138338
id05356,0.9946902181968127,0.002533449956676847,0.002776331846510473
id13287,0.01260199408798939,0.9751377184442154,0.01226028746779523
id09044,0.9583916318046447,0.02874012774843948,0.012868240446915813
id09374,0.24989153414960041,0.7234026291373159,0.02670583671308368
id25625,0.95136942884749,0.04847709628396676,0.00015347486854320688
id03201,0.022479228537883627,0.7115376580213678,0.26598311344074854
id02709,0.9999862299139556,1.3759511979660632e-05,1.0574064742699002e-08
id08914,0.5024154588794217,0.008412742880380245,0.489171798240198
id15753,0.8389298476496065,0.0031383374278845773,0.15793181492250885
id20125,0.003993149879324907,0.9610337830321675,0.0349730670885077
id20784,0.9919169298559932,0.00519547879984256,0.0028875913441642038
id26248,0.015704163653938535,0.003250156819767426,0.9810456795262941
id10016,0.11022693171968742,0.0446708342257701,0.8451022340545425
id18793,0.9383507213441209,0.003275647990876255,0.05837363066500287
id04562,0.010694038036040566,0.9868640748040368,0.0024418871599227246
id25106,0.0006030783831424615,1.346528800176557e-06,0.9993955750880574
id00536,0.9998359984281789,0.00015322995358764914,1.0771618233468673e-05
id01946,0.22009371328071295,0.0022019950524278134,0.7777042916668592
id18369,0.012868203172368621,0.9725276797643749,0.01460411706325654
id07345,0.0003664426578852149,0.9993153252827287,0.00031823205938614997
id27752,0.9886113831854145,0.0001406876539743993,0.011247929160611177
id21463,0.002063456317193039,0.9970025337738285,0.0009340099089784853
id18922,0.19641291324084093,0.004858337355819851,0.7987287494033393
id17166,0.002228219886434049,0.997771140780035,6.393335308783771e-07
id07458,0.01558721982614449,0.9839023188807339,0.0005104612931216366
id01801,0.004995486039887675,0.008330910328191913,0.9866736036319204
id10529,0.9992963418233325,0.00045377395119423447,0.00024988422547328264
id08774,0.07126062735699921,0.8977787355937159,0.030960637049284947
id22292,0.05816538161502015,0.002465391694518052,0.9393692266904619
id14044,0.9852909515452365,0.012809990657082082,0.001899057797681422
id20234,0.000480913901155684,0.9994752786789052,4.380741993912056e-05
id26960,0.9999912324172976,1.2156228360805447e-06,7.5519598663636335e-06
id20809,0.023114822981925232,0.8751077574120204,0.1017774196060544
id20365,0.9481797037342676,0.044448060096551535,0.007372236169180844
id09182,0.9879856670635917,0.010024856606413998,0.001989476329994393
id27671,0.7686038088942747,0.027479027854429777,0.20391716325129555
id26438,0.7093795699924588,0.28523753201546204,0.005382897992079162
id22712,0.029730563602611806,0.9700463262572714,0.00022311014011674985
id13988,0.16398917899651988,0.0009961122205512049,0.8350147087829289
id01727,0.9935048466580664,0.0008096076002620731,0.0056855457416716305
id27147,0.7235358091911858,0.033242505810131,0.24322168499868332
id23213,0.0455703808782454,0.9317609525993816,0.022668666522373013
id21969,0.0030097861785912143,0.2534984055419983,0.7434918082794105
id12062,0.9996076961980308,0.0003750621953339664,1.7241606635203496e-05
id26579,0.014751835769389867,0.9808491584574699,0.004399005773140189
id20568,0.27159433043863934,0.47919433877763606,0.24921133078372465
id04399,0.24486032920864848,0.020104019999286907,0.7350356507920646
id26756,1.3713758906422924e-05,0.9999769689131333,9.317327960288039e-06
id04580,0.000752907744423117,0.026183268895942968,0.9730638233596339
id16349,0.39859153896773164,0.10668863901424168,0.4947198220180267
id23583,0.0003136161028993908,0.9995622425376972,0.0001241413594033964
id14643,0.9595208843494479,0.01420790192124007,0.026271213729312008
id22604,0.4717203986602953,0.3234657014586259,0.2048138998810788
id25973,0.0005945687770219736,0.9993869844845025,1.8446738475523075e-05
id07553,0.024043629410209377,0.8197399208340626,0.1562164497557281
id05614,0.09406159119276424,0.6167091157319631,0.28922929307527273
id15320,0.08480896749597903,0.0001890377244382489,0.9150019947795828
id01016,0.24806530280601274,0.021448568414423427,0.7304861287795639
id11463,0.00011583932234266386,0.9998820236027555,2.1370749018607627e-06
id18655,0.006587125257691558,0.9933916702408723,2.1204501436165877e-05
id22527,3.36099711689802e-05,0.0013390879953863425,0.9986273020334446
id05458,0.00024851202130228925,0.9997513761491701,1.1182952763603641e-07
id08802,0.24668546678189707,0.004700175590584994,0.748614357627518
id11573,0.2544930049789349,0.015334965273509563,0.7301720297475556
id16935,0.04463671885166455,0.06235812203043527,0.8930051591179002
id27417,0.005546553133737017,0.00017033112392902792,0.994283115742334
id27781,0.9994360049877012,0.0004558899900081903,0.00010810502229051132
id21873,0.9999753738690799,1.5288178678838653e-07,2.4473249133377246e-05
id20624,1.9625763850035383e-06,0.0004161846651547694,0.9995818527584602
id19660,6.904282758660328e-07,0.998964402473908,0.0010349070978160403
id03783,0.995357264194131,0.002128091634948182,0.002514644170920897
id22172,0.02517708176195271,0.8793048936069736,0.09551802463107374
id20709,0.9998100897605753,9.11869100827463e-05,9.872332934205864e-05
id12524,0.7861540185303617,0.17195712235100755,0.04188885911863076
id27650,7.687371383532323e-05,0.9998844164588581,3.8709827306591646e-05
id09501,0.0026561030332164495,0.9807511779060462,0.016592719060737466
id20840,0.0570822618998502,0.9244646407214206,0.01845309737872917
id09960,0.0002177967120643015,5.9890172882689424e-05,0.9997223131150531
id13916,0.0033883333844227335,1.2033705198438515e-05,0.9965996329103789
id00249,0.00019407410663299936,1.3406124240079438e-06,0.9998045852809431
id02540,0.9998277329032668,6.198904781065236e-05,0.00011027804892263366
id23326,4.527057294320729e-05,5.411972253797917e-07,0.9999541882298315
id14632,0.9744136540354549,0.002072969985642187,0.023513375978902906
id25512,0.0007301393787726733,0.025220515933079293,0.9740493446881481
id10628,0.999686526788133,0.00030446066805156626,9.012543815484543e-06
id08490,1.6067268354136286e-05,0.999918008207718,6.592452392788716e-05
id09084,0.9980491475953682,0.00030941068595161,0.0016414417186801826
id27553,3.8956084562953534e-05,0.99967098004677,0.000290063868667003
id20930,0.002962213139150508,0.9950574634908599,0.001980323369989659
id21337,0.9579625369320781,0.015083569923931957,0.026953893143989834
id25537,0.0048236111436462245,0.011432060511666595,0.9837443283446872
id27349,0.630043804309574,0.05242406185677453,0.3175321338336515
id25655,0.09084396082412316,0.8656200726311319,0.043535966544744883
id26464,0.6749726055827582,0.3239146883356385,0.001112706081603359
id00599,0.7787092080230889,3.6629808035179706e-06,0.22128712899610764
id06964,0.09567522563890395,0.8755896248306707,0.0287351495304254
id21875,0.8863152858249657,0.03891714600073361,0.07476756817430084
id27488,0.6455673445010388,0.26331920523498936,0.09111345026397179
id07980,0.0027957911261433724,0.01629817712738957,0.9809060317464671
id12995,0.06846618573859424,0.0032458064573068273,0.9282880078040989
id08094,0.001488038108525728,0.23164000881972574,0.7668719530717485
id02134,0.6621645426014691,0.07366754094946772,0.26416791644906323
id14311,0.33319397790565586,0.549559401578716,0.11724662051562809
id06514,0.9988689706759935,0.0010178685309175763,0.0001131607930890456
id19775,0.0002665112103096746,0.000993771963814611,0.9987397168258757
id18618,0.00036893803453411615,0.998297354952402,0.0013337070130639127
id26593,0.9972145501260304,0.0017557989893172384,0.0010296508846523878
id11975,0.10749395205706433,0.8595771231610638,0.032928924781871836
id07853,8.882290210697035e-05,0.00012302931154512735,0.999788147786348
id16848,0.9991774888977593,0.0005612591139545277,0.0002612519882862078
id11595,9.135015014305058e-09,0.9999999705209265,2.034405856184298e-08
id24777,0.09037647258216355,0.25660836970497974,0.6530151577128568
id07824,0.9994698639164302,0.00040479416929442867,0.0001253419142753902
id23007,0.004526295497527932,0.00034230546318671234,0.9951313990392854
id04805,0.000130567014750503,0.01391421575236365,0.9859552172328859
id00504,0.6221855582648506,0.277204285883983,0.10061015585116645
id24331,0.00011668403813197155,0.9709168662502079,0.02896644971166017
id03914,0.00011987939008458178,0.0005660340957721475,0.9993140865141432
id16299,0.9999603129093619,3.7908634072618524e-05,1.7784565654610664e-06
id05565,0.9965145256934423,0.0017440598135574673,0.001741414493000185
id27934,0.09408857745910482,0.8537800335518374,0.05213138898905786
id17027,0.9855954931751454,0.004728828435222212,0.009675678389632375
id02785,0.8707822138107528,0.1216071523557133,0.007610633833533839
id16094,0.38132306235624497,0.553045243031397,0.06563169461235809
id22435,0.06744527901496594,0.027948040359147882,0.9046066806258862
id10586,0.006270626273899567,0.0004225482279435811,0.9933068254981569
id06467,0.00328510308684541,0.9964502759067194,0.0002646210064351659
id18227,0.9453838362108611,0.0001230140761546675,0.05449314971298434
id02286,0.0007496357708343033,0.9991531917832093,9.717244595640577e-05
id07393,0.5694543670072155,0.4270392391706783,0.00350639382210616
id11640,0.379964953951585,0.6057355480358313,0.014299498012583666
id15718,0.1230017481297247,0.0017475883673998814,0.8752506635028754
id23756,1.0021640181808987e-05,0.9998753309707108,0.00011464738910742861
id14564,0.0012390162454776817,0.008887292398975335,0.989873691355547
id24963,0.9536023977122199,0.004612346645466157,0.04178525564231394
id03069,0.6422764407727533,0.004206854432243461,0.35351670479500324
id24648,0.9635559451907842,0.026480544359830056,0.009963510449385798
id15920,0.6681089490302391,0.20908441057554378,0.12280664039421724
id11255,0.8985927967059855,0.003920539568163991,0.09748666372585058
id00544,0.27367719954469766,0.15184678776326507,0.5744760126920373
id13211,0.9872415465480191,0.003618803633409327,0.009139649818571608
id26285,0.9758704610988931,4.17204080044176e-05,0.02408781849310252
id19879,0.8286734093679693,0.039175822856612336,0.13215076777541843
id21440,0.9916599648982386,0.005524113046819496,0.002815922054941926
id09539,0.0005214275752092934,0.007332509442584983,0.9921460629822058
id10781,2.2122812389586415e-05,0.9992112921447729,0.0007665850428375142
id06557,0.013904726079917794,6.160146428978195e-05,0.9860336724557924
id16747,0.023206857590385686,4.746808428436929e-05,0.97674567432533
id14358,3.6783768690384955e-05,0.999951096065339,1.2120165970547687e-05
id05250,0.9994455596186419,1.698389690521588e-06,0.0005527419916676252
id02390,0.02449139022518739,0.0016287567200977222,0.9738798530547149
id14790,0.8334068105211322,0.13264317507324674,0.033950014405621044
id14355,0.584721280819419,0.388169922869589,0.027108796310991837
id23157,0.9916528102723068,0.0012644565944571638,0.007082733133236099
id20324,0.012685217739543222,0.006036633461810058,0.9812781487986468
id01870,0.00011033142377941211,0.9998824188834196,7.249692801115257e-06
id01079,0.0017349720303399551,0.9927147193694724,0.0055503086001875345
id03392,0.7060640370046101,0.032929643866208044,0.261006319129182
id22758,0.9995940614169339,3.045508108446537e-05,0.00037548350198177084
id05599,0.04519758215904366,0.09072150613043074,0.8640809117105256
id07189,0.0018189777893036084,0.002243421805284881,0.9959376004054115
id13364,0.9969099773332838,0.0009666773244124294,0.0021233453423037296
id00902,0.3196617929601868,0.6609787318787177,0.019359475161095464
id07164,0.9996154429031846,0.00036526226737188997,1.9294829443511855e-05
id27290,0.32693843297908565,0.03861200486043808,0.6344495621604762
id18931,0.9999721052322167,2.7869853133149697e-05,2.49146501562623e-08
id22165,0.03276676189833833,0.9639835638009444,0.003249674300717325
id14677,0.0007043924851680125,0.9992851246166558,1.048289817624052e-05
id18987,0.46565273534927093,0.0023051522431692673,0.5320421124075598
id13143,3.3006724073091865e-13,0.999999999997133,2.536976336469942e-12
id18589,0.619123475535039,0.027785304784959323,0.35309121968000173
id01635,1.4251232428648507e-05,0.9988570225414797,0.001128726226091738
id02661,0.43810689315249024,0.5609247931049712,0.0009683137425385446
id12463,0.0007337702642750633,0.998845557255171,0.0004206724805540181
id18461,0.5884661062302496,0.40377304755569415,0.007760846214056311
id12709,0.8012032832660436,0.012789149056274747,0.18600756767768162
id11957,2.2032391031994385e-07,0.9999997238273081,5.584878157739631e-08
id13040,0.1168565118842382,0.0017523129586883585,0.8813911751570734
id03953,0.0022770773842432437,0.0009105190047148592,0.9968124036110418
id02623,0.5508079090865896,0.41987037694544715,0.029321713967963292
id21479,0.00016468187624074217,0.00033995211533753035,0.9994953660084217
id06976,0.01852795696528965,0.9720643259047019,0.009407717130008467
id18721,0.8806169923606081,0.11379329054656209,0.005589717092829864
id12043,0.004508636736121153,0.0021611577590275894,0.9933302055048513
id16526,0.0001336559691286234,0.999826932100154,3.941193071734964e-05
id03184,0.11204106487874524,0.0012169887214672774,0.8867419463997875
id23194,0.124018702580993,0.20127242556762245,0.6747088718513845
id17544,0.2172206007371371,0.7697859146989908,0.012993484563872086
id17314,0.17774343481147828,0.008155118826921243,0.8141014463616004
id17306,0.7672314444904677,0.007156920493443889,0.2256116350160885
id11044,0.7735291492991669,0.22450032366470063,0.0019705270361325277
id22762,0.9923014978485435,0.000487029247068086,0.007211472904388473
id02797,0.08289270633700177,0.00026978432642370335,0.9168375093365745
id13340,0.03270358068103887,1.874932248130848e-05,0.9672776699964798
id08131,0.9242655203582343,0.014360642661369353,0.06137383698039631
id24181,2.628461610136729e-06,0.9999968784576331,4.930807568018274e-07
id20359,0.9992079371738537,0.00040580372353175663,0.0003862591026145481
id14736,0.0016486020774154507,0.9857950443699064,0.012556353552678154
id09362,0.35183994384227546,0.648077837105173,8.221905255159181e-05
id07987,0.00029488041384356,0.001473649415581395,0.9982314701705751
id01664,3.6694926956865315e-05,0.9999355744045523,2.7730668490882296e-05
id00096,0.9910500970412348,0.0006384357730744166,0.008311467185690818
id01475,0.001207034547378475,0.02702849496945484,0.9717644704831667
id04020,0.011551746245135466,0.007592876377959384,0.9808553773769052
id09617,0.13762727902273236,0.00045165359560279733,0.8619210673816649
id13098,0.9470903164973976,0.052619073016824926,0.00029061048577745386
id19010,0.002405799760143338,0.9967351437065043,0.0008590565333524366
id12754,0.9999240844470021,6.878601223476916e-05,7.129540763042973e-06
id25238,0.9652272673828192,0.0015675489784432973,0.03320518363873763
id14896,0.1109483519204936,6.624985657543022e-05,0.888985398222931
id16827,0.022858603795542786,0.000996908030921608,0.9761444881735356
id11685,0.1675003793673813,0.03327530747955846,0.7992243131530602
id10496,0.00715558160313198,0.24220941812851157,0.7506350002683564
id08073,0.6465516250407931,0.10429948322284024,0.24914889173636656
id08504,0.21775487474765887,0.004760328489831758,0.7774847967625094
id25872,0.00013923921787825703,1.5999561181231683e-05,0.9998447612209405
id09498,0.13705481021498045,0.8600990163520248,0.0028461734329947056
id23890,0.07054309233538585,0.9177854357676798,0.011671471896934429
id15065,0.009158719229054365,0.009686647632354417,0.9811546331385912
id11197,0.0037679389503462424,0.7912929345411635,0.20493912650849044
id02832,0.012665265450211525,0.7654346527780047,0.22190008177178377
id26969,0.9951826847601576,0.0004034032311013793,0.004413912008741105
id25442,0.4697715953620117,0.4349063230780598,0.09532208155992852
id09727,0.13400985834941362,0.048394209585147924,0.8175959320654386
id18592,0.0003026916411307823,7.023466194540432e-07,0.9996966060122497
id11442,0.9807602822207573,0.015898332550366507,0.0033413852288762397
id22071,0.8384019308776515,0.10948727660617767,0.05211079251617091
id09700,0.054142442360703084,0.001962031484615857,0.9438955261546811
id20265,0.9997660831341652,7.086987237181004e-06,0.00022682987859771846
id23687,0.9973328035997865,7.98690817257437e-05,0.0025873273184878133
id01055,0.06680917030843303,0.9279053475338239,0.005285482157743097
id08519,0.8318882131529256,0.04982084548166057,0.11829094136541386
id05922,0.7685112214928839,0.22380996402565345,0.007678814481462461
id02918,0.002169912045216916,0.9978248400008554,5.247953927774859e-06
id14502,0.9938320933745681,0.0061182678472416485,4.9638778190249986e-05
id01642,0.1864537113514454,0.024173176999501757,0.7893731116490529
id21251,0.33092832740092853,0.6684289190936918,0.0006427535053795931
id09673,0.017728387067826465,0.2979014487895842,0.6843701641425893
id17837,0.05880717924990219,0.020165045046826216,0.9210277757032715
id24245,0.99604802843909,0.0005022207481657049,0.003449750812744293
id15837,0.060635637516820176,0.0017273888751470241,0.9376369736080328
id13077,0.016522719892001318,0.0008403996894287148,0.98263688041857
id23079,0.5975107423906291,0.211975999249844,0.19051325835952695
id12938,0.000725146919967414,0.003271272425858308,0.9960035806541743
id12144,1.1385073793249802e-08,6.274471983625624e-07,0.9999993611677278
id06882,0.9836104419922428,0.0006617919380457074,0.015727766069711553
id06354,0.06857461859137855,0.00041212202143754326,0.9310132593871839
id23573,0.6806950123148138,0.03451625957032259,0.28478872811486367
id13800,0.010118324980520782,4.180973019817891e-07,0.9898812569221773
id26115,0.014687184657999439,0.1050136043641573,0.8802992109778432
id21179,0.0006384423597074902,1.6156279576015115e-06,0.9993599420123349
id00125,0.9529889303005097,0.046982190624527916,2.887907496245448e-05
id22600,0.03065825283441722,0.06831283396009308,0.9010289132054897
id15726,0.05034113446227216,0.00013752447358320345,0.9495213410641447
id08078,0.7239989110580225,0.16465509347501045,0.11134599546696708
id20091,2.4115633026339394e-05,0.9868849746291051,0.013090909737868698
id00026,0.7901988422441399,0.01391364723372082,0.19588751052213932
id03698,0.9834358977135795,0.005408961969676219,0.011155140316744293
id09198,0.6545661878079041,0.09398803243503333,0.2514457797570625
id12520,0.7451712201094748,0.09939700315527634,0.1554317767352489
id16277,0.00014319574925027187,1.1113422865732002e-05,0.999845690827884
id17964,1.9464828361322412e-06,2.8827537490272068e-05,0.9999692259796736
id24040,0.03501384878261488,0.9608209218929264,0.004165229324458639
id17613,0.964549629490289,0.0065148788852031694,0.028935491624507762
id00157,0.8773816491333998,0.0035224103169634634,0.11909594054963679
id10012,0.06853875730977516,0.028201621016084293,0.9032596216741405
id02419,0.0003310515686021661,9.97181985779124e-07,0.9996679512494121
id05562,0.43211738598628213,0.001294785488793115,0.5665878285249247
id09049,0.005686945400964789,0.9911258616039375,0.003187192995097763
id24915,0.00013793652352067905,0.9966494351730772,0.0032126283034021146
id02808,0.197965469353278,0.008953275083914556,0.7930812555628075
id00167,0.9933690723282678,0.00641187506363894,0.0002190526080933197
id13451,0.9999933680529796,1.711084533146126e-08,6.614836175198785e-06
id24775,0.8981209671651849,0.10044514489348981,0.001433887941325378
id10240,7.885624236058072e-06,0.9999804825263906,1.1631849373416086e-05
id24597,0.4731801437669297,0.09909113906764912,0.42772871716542127
id15364,0.04291922830685035,0.9459494124773987,0.011131359215750954
id13191,0.0009581694954009339,0.6716669994451065,0.32737483105949255
id09592,0.0003136738437155295,0.0003528323786369303,0.9993334937776476
id12083,0.007021251239455166,0.01354460321994461,0.9794341455406003
id23492,0.32284737675187675,0.21874492775761695,0.45840769549050625
id06816,0.015064621238787865,0.015969101601036047,0.9689662771601761
id16971,0.16153062162054235,0.5262726163752546,0.31219676200420315
id05675,0.9869340049491399,0.0006827592972010184,0.012383235753659192
id23037,9.29015865337685e-05,9.243046845045334e-06,0.9998978553666212
id00399,0.7501177266097093,0.011367701497483085,0.23851457189280753
id05925,0.08416431214517074,0.53480686260878,0.3810288252460493
id01834,0.9909082247309452,0.006612739257955193,0.002479036011099505
id20350,0.009016680930847796,6.53345218090543e-08,0.9909832537346304
id18961,0.3509893214353769,0.4188571286474932,0.23015354991712983
id02132,0.0010292954461931369,0.9982972135700791,0.0006734909837278352
id26609,0.05394264830177837,0.9460280880828463,2.926361537539045e-05
id16532,0.0009734091845907437,0.9952803101233622,0.0037462806920471187
id23289,0.9997503893189048,0.00020682694519301504,4.278373590215163e-05
id26621,0.9997756995407311,0.00012846091734044766,9.583954192850937e-05
id03254,3.6412148018410364e-05,0.9999069183505587,5.666950142285791e-05
id04701,0.007125058218428961,0.01120125917682243,0.9816736826047486
id26600,0.001641651703844735,0.9983562186427598,2.129653395475384e-06
id16006,0.0024594535766702848,0.9945819927352665,0.0029585536880632687
id25724,0.00025960036675591456,0.00015814951359140487,0.9995822501196527
id27223,0.982107102920399,0.0007675509929576682,0.017125346086643248
id14345,0.9308277284520172,0.057903420370727765,0.011268851177255084
id27374,0.01654926777567878,0.8818751230125381,0.10157560921178319
id21131,0.00924730743396851,0.0028668849936922375,0.9878858075723392
id12410,0.9443673790555496,0.02204054191873132,0.033592079025719215
id15483,0.28331270757216637,0.18998160105233078,0.5267056913755028
id15429,0.8570687668117184,0.013540364198066725,0.12939086899021496
id25480,0.8307284996593142,0.04027882739523806,0.12899267294544775
id11453,0.041141147023312674,0.9461721410182868,0.012686711958400461
id20437,0.0860311629306521,0.5826889125612367,0.3312799245081113
id08468,0.012061853678507994,0.585683422514585,0.4022547238069069
id22181,0.783558429110776,0.21612911596058582,0.0003124549286381991
id18810,0.8349536002932145,0.15986416693094113,0.00518223277584442
id17482,0.5143178433180214,0.26352040059368814,0.22216175608829053
id22746,0.3988778452135581,0.5295626711509034,0.07155948363553835
id03107,0.9760902990262792,0.0025199303457272533,0.021389770627993514
id02184,0.8948496910345166,0.06428145261728957,0.04086885634819392
id25068,0.9100665631105622,0.008350890549609776,0.08158254633982795
id19154,0.9584047937281974,0.01428059769414034,0.02731460857766225
id10358,0.9126045541622847,0.05754098578785301,0.02985446004986226
id09126,0.0048739280320801515,0.012909332288846102,0.9822167396790737
id05936,0.7456266371429068,0.23111897654470462,0.023254386312388704
id00020,0.00010039592857933796,0.9997944242095941,0.00010517986182655691
id20771,0.07250531070172478,0.024198716678293118,0.9032959726199822
id00116,0.061797918704622555,0.9295485173734407,0.008653563921936789
id12424,0.09214568404083151,0.0025917212426491134,0.9052625947165195
id05755,0.00023769301982179942,1.457258106442934e-05,0.9997477343991138
id27476,1.6073614104998864e-08,0.9999999102260714,7.370031455301692e-08
id02686,0.9737992122929253,0.010185258114521572,0.01601552959255309
id10234,0.9471151377623679,0.004290679298446342,0.04859418293918592
id05969,0.9657186601515232,0.00026868998004041467,0.03401264986843645
id14440,0.03956110985742259,0.959828038537591,0.000610851604986382
id09937,0.5670835685460249,0.4320036302814334,0.0009128011725416191
id08238,0.00014323212665721057,4.807766809754331e-07,0.9998562870966619
id11090,0.19368065002410184,0.8012052481393174,0.005114101836580785
id13183,0.0029913423621385936,0.00037184999512790087,0.9966368076427335
id25712,0.034516854416012786,0.9552218599345156,0.0102612856494716
id22510,0.0479079416476374,0.006750014287924645,0.945342044064438
id19204,0.9887856657736092,0.00446025812856951,0.006754076097821331
id05758,0.0035250936069119916,0.022483321242721056,0.973991585150367
id27063,0.4639684896798091,0.1833796101762118,0.35265190014397924
id11773,0.03359650782626481,4.5801675344618963e-05,0.9663576904983906
id11562,0.9254367714528928,0.0007127285175808178,0.07385050002952634
id16208,0.15734955599103956,0.0011737951896701587,0.8414766488192903
id04036,0.012995498549589559,0.0321683796922651,0.9548361217581454
id26159,0.9670379567569716,0.011409775571098079,0.02155226767193033
id26777,0.5054147426860169,0.14020720425943095,0.35437805305455217
id08501,0.8974923799180567,0.03311369418881902,0.06939392589312425
id11216,3.5837610389980813e-12,0.9999999999632375,3.3178694058664493e-11
id03410,0.8123535154920919,0.10963547303535531,0.07801101147255286
id04537,0.24771108893655389,0.00022222932164393724,0.7520666817418022
id26628,0.8165574024162555,0.16161817642263696,0.021824421161107513
id01586,0.016049921191798277,0.983913941822716,3.61369854857235e-05
id13421,0.6028092394279123,0.008045836131354038,0.38914492444073373
id26084,0.07104803162625659,0.9165230595934092,0.012428908780334248
id05375,0.009948586519442623,1.9053876387960073e-06,0.9900495080929186
id23212,0.9717588929913324,0.027634735875915476,0.0006063711327521092
id15980,0.9703948658965941,0.016218047705714965,0.013387086397690925
id11719,0.00042174025396342205,0.9995673601743531,1.0899571683454709e-05
id13109,0.9846879592632627,0.009828183695878042,0.005483857040859333
id07156,0.9999644442989208,1.3664470624283174e-05,2.1891230454925177e-05
id04893,0.7877786156406659,0.20264619659379024,0.009575187765543893
id11749,0.7038511272309804,0.011984494597568441,0.28416437817145107
id10526,0.011224142379861711,0.015621020709036907,0.9731548369111014
id13477,0.9832589306048753,0.014453172619838778,0.0022878967752858657
id13761,0.013849328687021187,0.000134932950581043,0.9860157383623978
id04282,0.01287650317132137,0.9871213400127331,2.1568159454880743e-06
