RowId,Location
1,66.01589965820312
2,38.081626892089844
3,29.818988800048828
4,36.60630798339844
5,60.78693389892578
6,38.43312072753906
7,71.91297912597656
8,38.72418975830078
9,35.804168701171875
10,37.8081169128418
11,22.827444076538086
12,36.944915771484375
13,57.95591735839844
14,25.126558303833008
15,79.22236633300781
16,30.293792724609375
17,38.104068756103516
18,23.90744972229004
19,14.557069778442383
20,27.009319305419922
21,49.800682067871094
22,52.45173645019531
23,64.00411987304688
24,76.81591796875
25,31.309030532836914
26,75.86466217041016
27,48.81748580932617
28,69.2585678100586
29,48.33750915527344
30,82.93598937988281
31,67.48655700683594
32,36.47574996948242
33,27.401884078979492
34,37.148292541503906
35,60.609230041503906
36,37.616485595703125
37,74.57534790039062
38,36.829566955566406
39,34.821617126464844
40,37.996551513671875
41,20.197847366333008
42,37.817710876464844
43,56.01197814941406
44,30.847780227661133
45,80.60722351074219
46,29.168302536010742
47,37.442317962646484
48,31.455026626586914
49,13.119441032409668
50,30.976253509521484
51,49.3840446472168
52,57.80157470703125
53,66.02326965332031
54,75.529541015625
55,33.20984649658203
56,76.76045989990234
57,49.04046630859375
58,72.25373840332031
59,49.54399490356445
60,85.90498352050781
61,65.77733612060547
62,36.403568267822266
63,30.78802490234375
64,38.502769470214844
65,60.04433822631836
66,37.66664505004883
67,71.7393798828125
68,36.02544403076172
69,37.313201904296875
70,38.794063568115234
71,24.42550277709961
72,38.93479919433594
73,58.10053253173828
74,29.746131896972656
75,75.59555053710938
76,27.82143783569336
77,38.918121337890625
78,31.065441131591797
79,19.135482788085938
80,33.21962356567383
81,48.58185577392578
82,55.425697326660156
83,63.008758544921875
84,75.04393005371094
85,36.73780059814453
86,75.10693359375
87,49.55794906616211
88,71.68383026123047
89,49.92958450317383
90,84.02175903320312
91,66.84771728515625
92,39.109947204589844
93,30.75691795349121
94,40.839508056640625
95,58.83961486816406
96,39.76710510253906
97,73.48410034179688
98,40.05161666870117
99,37.75450897216797
100,40.310455322265625
101,23.555456161499023
102,42.55637741088867
103,55.63795471191406
104,29.485916137695312
105,79.67023468017578
106,33.29850769042969
107,39.30574035644531
108,30.07077407836914
109,15.979846954345703
110,36.25275421142578
111,48.53232955932617
112,53.969825744628906
113,65.74070739746094
114,78.28181457519531
115,33.049110412597656
116,78.99848937988281
117,48.9736328125
118,72.17967224121094
119,49.458885192871094
120,78.73149108886719
121,66.89654541015625
122,37.285987854003906
123,27.88311767578125
124,39.026123046875
125,61.120872497558594
126,37.191890716552734
127,72.94549560546875
128,37.62074661254883
129,34.11787414550781
130,38.570960998535156
131,21.625246047973633
132,40.28801727294922
133,57.43608856201172
134,27.100387573242188
135,79.80284118652344
136,29.048490524291992
137,37.02464294433594
138,27.86272430419922
139,13.747259140014648
140,32.82128143310547
141,48.62363815307617
142,52.91889953613281
143,65.24333190917969
144,77.93777465820312
145,34.912288665771484
146,76.51664733886719
147,48.778717041015625
148,70.25135040283203
149,49.28309631347656
150,85.26219940185547
151,67.06817626953125
152,37.36058807373047
153,29.22809410095215
154,37.755088806152344
155,59.76372528076172
156,37.5467529296875
157,74.64930725097656
158,39.043373107910156
159,35.746421813964844
160,37.27326965332031
161,21.799936294555664
162,39.226505279541016
163,55.88490295410156
164,31.493427276611328
165,81.00288391113281
166,32.5911865234375
167,39.704063415527344
168,30.58954620361328
169,14.721641540527344
170,32.59605407714844
171,48.11088180541992
172,52.42924118041992
173,63.51898193359375
174,75.28639221191406
175,33.486305236816406
176,77.18770599365234
177,48.47368240356445
178,71.72179412841797
179,48.52225875854492
180,82.223876953125
181,66.6648941040039
182,34.76280975341797
183,24.59251594543457
184,35.00860595703125
185,59.934547424316406
186,35.237327575683594
187,73.21756744384766
188,35.669307708740234
189,34.17779541015625
190,35.555450439453125
191,15.326910018920898
192,36.28411102294922
193,59.60399627685547
194,25.66521453857422
195,77.98329162597656
196,25.67007064819336
197,39.17680358886719
198,26.80135726928711
199,9.188249588012695
200,27.668148040771484
201,51.62575912475586
202,53.64662170410156
203,63.83199691772461
204,76.78334045410156
205,29.910411834716797
206,78.48568725585938
207,48.72520446777344
208,70.4430160522461
209,48.10253143310547
210,84.95709228515625
211,67.68531799316406
212,36.75701904296875
213,30.44073486328125
214,36.57695770263672
215,61.34209442138672
216,37.100059509277344
217,73.3805160522461
218,37.119693756103516
219,35.974143981933594
220,37.006324768066406
221,23.670307159423828
222,37.10797119140625
223,56.78795623779297
224,30.35094451904297
225,79.55013275146484
226,30.64629364013672
227,39.207916259765625
228,29.846221923828125
229,16.97103500366211
230,30.236328125
231,50.53567123413086
232,54.28638458251953
233,63.5394287109375
234,74.45155334472656
235,34.857521057128906
236,74.21965789794922
237,49.840843200683594
238,69.02992248535156
239,48.83928680419922
240,82.34159851074219
241,65.15531158447266
242,39.694915771484375
243,31.714080810546875
244,38.353904724121094
245,58.71234893798828
246,40.00986862182617
247,71.64845275878906
248,40.41644287109375
249,38.458824157714844
250,39.5152587890625
251,24.870033264160156
252,38.537349700927734
253,56.436798095703125
254,30.569232940673828
255,79.318603515625
256,32.416343688964844
257,42.31645965576172
258,30.54880142211914
259,17.93359375
260,29.3699893951416
261,47.74272155761719
262,56.65362548828125
263,61.87224197387695
264,76.58836364746094
265,31.822641372680664
266,76.08509826660156
267,46.20087432861328
268,71.21929931640625
269,46.579078674316406
270,84.784912109375
271,66.68734741210938
272,36.619747161865234
273,30.662750244140625
274,36.235565185546875
275,59.4970817565918
276,37.94252014160156
277,73.38910675048828
278,37.41032028198242
279,37.93885040283203
280,37.297088623046875
281,22.68696403503418
282,36.92618179321289
283,58.17413330078125
284,26.339719772338867
285,79.51569366455078
286,29.756242752075195
287,39.71351623535156
288,26.220500946044922
289,15.985047340393066
290,29.296993255615234
291,49.12236785888672
292,54.043113708496094
293,63.41290283203125
294,73.53811645507812
295,32.779937744140625
296,73.54463195800781
297,49.11664581298828
298,67.92974090576172
299,48.538963317871094
300,83.15937805175781
301,68.3461685180664
302,40.02632141113281
303,31.021337509155273
304,36.41986846923828
305,61.962162017822266
306,40.02429962158203
307,74.71321105957031
308,41.30293273925781
309,37.348243713378906
310,37.70067596435547
311,23.696937561035156
312,37.0369987487793
313,58.309085845947266
314,31.346920013427734
315,82.01592254638672
316,34.26824951171875
317,40.95433807373047
318,29.535417556762695
319,16.906902313232422
320,28.494787216186523
321,49.73031997680664
322,54.19572448730469
323,61.195098876953125
324,79.29005432128906
325,34.09566116333008
326,78.1348876953125
327,48.34036636352539
328,72.81513214111328
329,46.79402160644531
330,85.82765197753906
331,66.5199966430664
332,38.603599548339844
333,31.57917594909668
334,38.264122009277344
335,59.664207458496094
336,39.054256439208984
337,72.78497314453125
338,39.3408203125
339,37.875038146972656
340,39.2186279296875
341,24.652616500854492
342,38.969093322753906
343,55.7978515625
344,31.176542282104492
345,79.18890380859375
346,34.411277770996094
347,43.273765563964844
348,30.580123901367188
349,17.12984848022461
350,32.95531463623047
351,48.959693908691406
352,59.924461364746094
353,62.17909240722656
354,77.69187927246094
355,34.34480285644531
356,77.8394775390625
357,49.08563232421875
358,74.94903564453125
359,49.274993896484375
360,80.84501647949219
361,66.30825805664062
362,36.72731018066406
363,30.137487411499023
364,36.20270919799805
365,60.54649353027344
366,38.70635223388672
367,71.648681640625
368,36.88163757324219
369,35.95677947998047
370,37.23638916015625
371,24.594768524169922
372,36.04297637939453
373,57.918636322021484
374,30.538524627685547
375,78.16673278808594
376,28.397289276123047
377,38.96706771850586
378,30.19710350036621
379,18.648075103759766
380,29.115272521972656
381,48.334747314453125
382,65.8880844116211
383,60.2811279296875
384,77.59725952148438
385,33.6925048828125
386,77.5614242553711
387,47.46882629394531
388,73.74468994140625
389,46.49536895751953
390,84.11149597167969
391,64.95438385009766
392,36.928226470947266
393,25.34130096435547
394,35.70265579223633
395,58.91460418701172
396,36.46013641357422
397,72.33424377441406
398,38.314292907714844
399,31.623023986816406
400,36.25516128540039
401,19.17384910583496
402,35.81715393066406
403,55.56946563720703
404,25.76592254638672
405,80.51091003417969
406,28.599468231201172
407,37.22202682495117
408,25.43636131286621
409,12.12231159210205
410,26.969974517822266
411,44.31660461425781
412,63.40751647949219
413,60.347450256347656
414,74.55546569824219
415,29.62814712524414
416,72.13105773925781
417,45.04205322265625
418,71.63030242919922
419,44.93551254272461
420,79.33726501464844
421,66.88973999023438
422,38.997894287109375
423,31.295047760009766
424,37.31528854370117
425,59.34333038330078
426,40.414669036865234
427,74.16075897216797
428,40.21272659301758
429,38.24233627319336
430,39.39549255371094
431,23.926177978515625
432,38.14012145996094
433,55.980167388916016
434,32.36798858642578
435,80.41596984863281
436,33.63193893432617
437,41.15270233154297
438,30.966720581054688
439,16.966529846191406
440,30.942764282226562
441,47.390968322753906
442,59.842247009277344
443,60.94004821777344
444,81.61959838867188
445,31.058795928955078
446,79.18011474609375
447,46.2174186706543
448,77.54866027832031
449,46.13619613647461
450,88.40176391601562
451,66.96581268310547
452,36.705116271972656
453,30.058502197265625
454,33.67743682861328
455,60.56984329223633
456,36.967132568359375
457,72.91824340820312
458,37.62371063232422
459,36.30261993408203
460,35.12847137451172
461,23.519338607788086
462,33.99193572998047
463,57.69556427001953
464,28.789268493652344
465,79.96202850341797
466,29.668720245361328
467,38.87281799316406
468,26.87489128112793
469,18.423999786376953
470,23.628990173339844
471,47.55804443359375
472,48.820011138916016
473,59.25493240356445
474,72.59951782226562
475,31.30892562866211
476,69.7909164428711
477,45.78544235229492
478,66.06346130371094
479,45.15367889404297
480,76.85407257080078
481,65.61383819580078
482,37.65165328979492
483,29.864978790283203
484,36.720542907714844
485,58.25370407104492
486,38.84160614013672
487,72.90924072265625
488,38.75042724609375
489,37.39795684814453
490,38.863441467285156
491,21.846494674682617
492,36.91582489013672
493,54.84748840332031
494,29.1051025390625
495,80.02751159667969
496,33.991294860839844
497,41.90516662597656
498,28.43937873840332
499,13.945817947387695
500,31.34865951538086
501,47.833396911621094
502,58.79682159423828
503,60.71852111816406
504,79.09326934814453
505,31.232084274291992
506,78.94441223144531
507,46.835853576660156
508,75.46803283691406
509,46.559661865234375
510,84.01071166992188
511,63.39508056640625
512,36.234901428222656
513,31.002532958984375
514,37.8020133972168
515,58.28295135498047
516,37.42693328857422
517,67.97358703613281
518,35.89264678955078
519,36.88734436035156
520,38.298301696777344
521,25.102876663208008
522,38.442745208740234
523,55.68022537231445
524,29.65471839904785
525,75.03114318847656
526,27.95269203186035
527,39.42668914794922
528,30.676376342773438
529,17.946395874023438
530,32.27659606933594
531,49.45688247680664
532,60.56804656982422
533,63.96800994873047
534,69.94962310791016
535,34.84014892578125
536,72.85762023925781
537,49.318809509277344
538,69.02706909179688
539,49.981285095214844
540,77.56181335449219
541,63.96117401123047
542,35.649314880371094
543,30.43939971923828
544,36.96372985839844
545,57.24414825439453
546,36.42852783203125
547,69.80628967285156
548,36.040679931640625
549,36.576683044433594
550,36.968017578125
551,24.37305450439453
552,38.10440444946289
553,54.86726760864258
554,30.413087844848633
555,75.56398010253906
556,28.667579650878906
557,37.284645080566406
558,31.40569305419922
559,18.824909210205078
560,32.796958923339844
561,48.01197814941406
562,54.861759185791016
563,60.850624084472656
564,73.68804931640625
565,36.566402435302734
566,74.77928161621094
567,47.40818786621094
568,70.62014770507812
569,48.55127716064453
570,80.83216857910156
571,64.74358367919922
572,34.46126174926758
573,29.826229095458984
574,35.278656005859375
575,57.6352424621582
576,35.528526306152344
577,71.28329467773438
578,35.267242431640625
579,36.675445556640625
580,35.689552307128906
581,22.451766967773438
582,36.45737838745117
583,56.80181121826172
584,24.384033203125
585,77.514892578125
586,26.7041015625
587,38.31199645996094
588,25.004924774169922
589,16.08574104309082
590,28.541696548461914
591,47.858646392822266
592,50.858985900878906
593,62.718711853027344
594,71.10973358154297
595,33.175689697265625
596,71.4847412109375
597,47.978782653808594
598,64.66459655761719
599,48.647911071777344
600,82.05583190917969
601,63.96756362915039
602,36.08290100097656
603,31.243806838989258
604,37.206138610839844
605,57.13718032836914
606,37.05629348754883
607,70.89657592773438
608,36.57487869262695
609,38.1955680847168
610,38.63608932495117
611,24.344772338867188
612,37.76597595214844
613,54.14143371582031
614,29.201923370361328
615,76.81890869140625
616,28.69222640991211
617,40.73573303222656
618,30.724376678466797
619,17.066753387451172
620,30.06165885925293
621,47.232261657714844
622,56.14116668701172
623,62.354393005371094
624,72.68128967285156
625,35.4084358215332
626,74.2741470336914
627,48.22467041015625
628,70.41142272949219
629,48.28202819824219
630,77.48517608642578
631,67.259033203125
632,38.25579833984375
633,30.927627563476562
634,36.42243576049805
635,61.05266571044922
636,37.39363098144531
637,73.7820816040039
638,39.756370544433594
639,36.959957122802734
640,35.943321228027344
641,24.237245559692383
642,37.05287551879883
643,58.97003173828125
644,27.895465850830078
645,81.29083251953125
646,30.929752349853516
647,40.78624725341797
648,26.43798065185547
649,17.910499572753906
650,28.142648696899414
651,47.51531219482422
652,64.58976745605469
653,64.15713500976562
654,71.43417358398438
655,32.27471160888672
656,68.83902740478516
657,48.20753479003906
658,70.346923828125
659,47.55597686767578
660,76.2098388671875
661,67.00384521484375
662,37.62842559814453
663,30.147750854492188
664,36.12921142578125
665,61.44084930419922
666,38.28753662109375
667,73.98968505859375
668,39.034637451171875
669,35.487220764160156
670,37.18440246582031
671,23.511268615722656
672,37.00056838989258
673,57.573768615722656
674,30.033241271972656
675,80.50765228271484
676,31.373207092285156
677,39.77013397216797
678,29.348546981811523
679,16.60667610168457
680,28.53201675415039
681,49.45417785644531
682,51.756683349609375
683,62.54552459716797
684,76.25556182861328
685,34.82649230957031
686,76.33172607421875
687,48.334346771240234
688,69.64028930664062
689,48.83957290649414
690,82.55665588378906
691,64.24305725097656
692,40.76029968261719
693,31.95005226135254
694,35.1649169921875
695,57.28779602050781
696,40.47785949707031
697,70.94537353515625
698,41.3037109375
699,37.627967834472656
700,37.018672943115234
701,25.64837646484375
702,34.166725158691406
703,54.23311233520508
704,32.12352752685547
705,78.12376403808594
706,33.73191452026367
707,40.47770309448242
708,30.8503475189209
709,20.53526496887207
710,25.110248565673828
711,40.12495803833008
712,64.0677490234375
713,56.44462585449219
714,74.14093017578125
715,27.664039611816406
716,68.8097152709961
717,40.09471130371094
718,71.61961364746094
719,39.35157012939453
720,74.83684539794922
721,65.63179016113281
722,35.15727615356445
723,29.331829071044922
724,38.84223175048828
725,58.3681755065918
726,35.59326934814453
727,72.02842712402344
728,35.10449981689453
729,36.13600540161133
730,37.58666229248047
731,23.19011688232422
732,40.36852264404297
733,56.822601318359375
734,27.911712646484375
735,76.53828430175781
736,26.350570678710938
737,37.584228515625
738,29.229413986206055
739,18.126602172851562
740,32.56037902832031
741,47.37177658081055
742,46.83628845214844
743,63.65922546386719
744,70.16773986816406
745,36.261077880859375
746,72.86116027832031
747,48.385009765625
748,62.31385803222656
749,50.29377746582031
750,77.12925720214844
751,67.72714233398438
752,33.9765739440918
753,25.943397521972656
754,40.343204498291016
755,60.43608474731445
756,35.44049835205078
757,74.6229248046875
758,33.516571044921875
759,33.073646545410156
760,39.624969482421875
761,19.556407928466797
762,41.43737030029297
763,55.28449249267578
764,26.57024574279785
765,79.15559387207031
766,22.43566131591797
767,32.64215087890625
768,30.419757843017578
769,12.766737937927246
770,31.446929931640625
771,48.50672149658203
772,55.545127868652344
773,70.35903930664062
774,71.3128433227539
775,37.88168716430664
776,76.42131042480469
777,52.10272216796875
778,69.98892974853516
779,54.1761474609375
780,78.11792755126953
781,66.48902130126953
782,37.236328125
783,28.060653686523438
784,36.694068908691406
785,59.306724548339844
786,38.10858917236328
787,73.71751403808594
788,38.212188720703125
789,34.802276611328125
790,37.371246337890625
791,21.098819732666016
792,37.02151870727539
793,55.79408264160156
794,29.65984344482422
795,79.62933349609375
796,31.042011260986328
797,37.524208068847656
798,30.50033187866211
799,15.164725303649902
800,29.205066680908203
801,46.13859558105469
802,56.040103912353516
803,62.80809783935547
804,77.8542251586914
805,32.64802551269531
806,76.80070495605469
807,46.55630111694336
808,72.25109100341797
809,47.478485107421875
810,85.08076477050781
811,68.28517150878906
812,36.931175231933594
813,29.447956085205078
814,36.23259735107422
815,61.439361572265625
816,36.85890579223633
817,74.88919067382812
818,38.345558166503906
819,36.20331573486328
820,36.23377227783203
821,22.62969207763672
822,37.078453063964844
823,56.6302490234375
824,27.85124969482422
825,82.04359436035156
826,29.69306182861328
827,39.23027801513672
828,26.528789520263672
829,16.025402069091797
830,28.24091339111328
831,46.915836334228516
832,50.884765625
833,63.62266540527344
834,74.75055694580078
835,32.924400329589844
836,74.97404479980469
837,47.2033805847168
838,69.29905700683594
839,47.38311004638672
840,82.82862854003906
841,66.58135986328125
842,36.13374710083008
843,29.20809555053711
844,35.693729400634766
845,59.62752151489258
846,37.10039520263672
847,73.8029556274414
848,36.78711700439453
849,35.83975601196289
850,36.5467414855957
851,21.72842025756836
852,36.36837387084961
853,56.30632019042969
854,30.608753204345703
855,80.59138488769531
856,28.584453582763672
857,36.737342834472656
858,30.9672794342041
859,15.297472953796387
860,30.7750244140625
861,46.47999572753906
862,60.433876037597656
863,60.483924865722656
864,80.64649200439453
865,35.15119552612305
866,80.13459014892578
867,47.159271240234375
868,75.66753387451172
869,47.65334701538086
870,88.68426513671875
871,64.54745483398438
872,34.86597442626953
873,30.146772384643555
874,36.93160629272461
875,58.77732467651367
876,36.47607421875
877,69.49961853027344
878,34.35993957519531
879,35.85406494140625
880,37.6992073059082
881,24.648963928222656
882,37.01636505126953
883,55.436866760253906
884,28.770641326904297
885,76.07698059082031
886,26.280668258666992
887,39.05442428588867
888,29.752262115478516
889,17.544445037841797
890,30.810462951660156
891,49.08943557739258
892,58.77776336669922
893,62.660091400146484
894,74.20820617675781
895,35.12289810180664
896,76.30821228027344
897,48.417442321777344
898,70.80029296875
899,50.17457580566406
900,84.63394165039062
901,66.13667297363281
902,39.606834411621094
903,30.58719825744629
904,38.11176300048828
905,59.11162567138672
906,40.491905212402344
907,72.24642944335938
908,40.62400817871094
909,37.21506881713867
910,39.25890350341797
911,22.731542587280273
912,38.8682746887207
913,55.96880340576172
914,31.854568481445312
915,79.05851745605469
916,33.788753509521484
917,40.990570068359375
918,30.857580184936523
919,14.512918472290039
920,31.91415023803711
921,47.970558166503906
922,57.59564971923828
923,62.12052917480469
924,80.31342315673828
925,29.406967163085938
926,78.20281219482422
927,46.559783935546875
928,75.54708862304688
929,45.79307556152344
930,84.61331176757812
931,65.32191467285156
932,37.00769805908203
933,30.689979553222656
934,36.878761291503906
935,60.35877227783203
936,37.97490692138672
937,72.32392883300781
938,37.519554138183594
939,35.81182861328125
940,37.805545806884766
941,23.13947296142578
942,37.18958282470703
943,56.14117431640625
944,29.95571517944336
945,78.70405578613281
946,30.586917877197266
947,38.996543884277344
948,30.174251556396484
949,16.57717514038086
950,29.734012603759766
951,49.62578582763672
952,51.994930267333984
953,63.07185363769531
954,74.97508239746094
955,36.755950927734375
956,75.0418701171875
957,49.563636779785156
958,69.0406494140625
959,49.67639923095703
960,80.62788391113281
961,65.31341552734375
962,35.02558898925781
963,29.521038055419922
964,35.834651947021484
965,59.072044372558594
966,35.3883171081543
967,71.94244384765625
968,35.962257385253906
969,35.529624938964844
970,35.72772979736328
971,22.913917541503906
972,37.00029754638672
973,56.09857177734375
974,27.5296630859375
975,78.68421173095703
976,27.565946578979492
977,36.46942901611328
978,28.51271629333496
979,17.39974594116211
980,28.299901962280273
981,47.19621276855469
982,45.19835662841797
983,58.91596984863281
984,72.92512512207031
985,36.00384521484375
986,73.82980346679688
987,47.064537048339844
988,61.32618713378906
989,47.30376434326172
990,79.43549346923828
991,66.84474182128906
992,37.85441589355469
993,31.450563430786133
994,37.007728576660156
995,60.71742248535156
996,37.66122055053711
997,73.71026611328125
998,38.95033264160156
999,37.10057067871094
1000,37.08648681640625
1001,25.009748458862305
1002,37.439266204833984
1003,57.67148208618164
1004,27.483482360839844
1005,79.51231384277344
1006,30.13858413696289
1007,40.8270149230957
1008,27.07413101196289
1009,19.305198669433594
1010,28.897592544555664
1011,47.91273498535156
1012,62.898048400878906
1013,63.137454986572266
1014,71.6143569946289
1015,35.462318420410156
1016,70.45903015136719
1017,49.78583526611328
1018,69.0131607055664
1019,50.13691711425781
1020,76.51051330566406
1021,63.71207046508789
1022,35.106414794921875
1023,32.1810302734375
1024,32.7808837890625
1025,58.61743927001953
1026,35.34770965576172
1027,69.3096923828125
1028,35.96303939819336
1029,37.356651306152344
1030,34.20512390136719
1031,26.511474609375
1032,33.058998107910156
1033,57.71232604980469
1034,28.80773162841797
1035,75.01504516601562
1036,30.995014190673828
1037,40.07701110839844
1038,28.394752502441406
1039,21.77193832397461
1040,27.318326950073242
1041,46.438106536865234
1042,53.270111083984375
1043,57.63187026977539
1044,67.21114349365234
1045,32.839576721191406
1046,64.9034423828125
1047,45.35601806640625
1048,63.43310546875
1049,45.138824462890625
1050,71.96546936035156
1051,63.7587890625
1052,41.18077087402344
1053,32.131134033203125
1054,39.513671875
1055,57.30988311767578
1056,40.73884582519531
1057,69.38423919677734
1058,41.17926025390625
1059,38.63090515136719
1060,39.97943878173828
1061,26.191560745239258
1062,39.66752243041992
1063,56.49676513671875
1064,27.075611114501953
1065,78.3712387084961
1066,30.561267852783203
1067,40.58027648925781
1068,27.389301300048828
1069,17.499176025390625
1070,27.954030990600586
1071,47.668094635009766
1072,56.01507568359375
1073,62.48320007324219
1074,74.73377990722656
1075,32.26068878173828
1076,74.59829711914062
1077,46.46086883544922
1078,70.44486236572266
1079,47.15383529663086
1080,83.78446197509766
1081,67.29118347167969
1082,36.81924819946289
1083,29.546035766601562
1084,35.47209930419922
1085,60.755271911621094
1086,37.2681884765625
1087,74.073974609375
1088,38.450714111328125
1089,36.33534240722656
1090,37.16445541381836
1091,22.972797393798828
1092,35.83965301513672
1093,56.84259796142578
1094,29.220294952392578
1095,80.52685546875
1096,31.999813079833984
1097,40.52318572998047
1098,28.393173217773438
1099,16.644580841064453
1100,26.7602481842041
1101,47.19689178466797
1102,52.68592834472656
1103,60.714561462402344
1104,76.80010986328125
1105,32.52424240112305
1106,76.07261657714844
1107,46.25944519042969
1108,70.73136138916016
1109,46.26529312133789
1110,84.53546142578125
1111,66.50785064697266
1112,38.591800689697266
1113,29.351619720458984
1114,36.6942138671875
1115,59.447845458984375
1116,39.33031463623047
1117,73.7330093383789
1118,39.61711120605469
1119,35.95710754394531
1120,38.103389739990234
1121,21.921337127685547
1122,37.159278869628906
1123,58.29857635498047
1124,28.168550491333008
1125,80.70857238769531
1126,31.670074462890625
1127,38.67472839355469
1128,26.64249038696289
1129,15.301655769348145
1130,28.388147354125977
1131,47.586669921875
1132,59.100494384765625
1133,59.8079719543457
1134,83.04942321777344
1135,34.755615234375
1136,83.27100372314453
1137,47.40338134765625
1138,77.98835754394531
1139,47.446083068847656
1140,91.56119537353516
1141,66.03816986083984
1142,38.29664993286133
1143,29.527660369873047
1144,38.81598663330078
1145,59.058494567871094
1146,38.97018814086914
1147,72.603515625
1148,38.60631561279297
1149,36.50251007080078
1150,38.78386306762695
1151,22.845510482788086
1152,39.68386459350586
1153,56.730995178222656
1154,28.28253746032715
1155,78.51872253417969
1156,32.684532165527344
1157,37.17156982421875
1158,27.594120025634766
1159,16.47967529296875
1160,30.877010345458984
1161,48.38315963745117
1162,53.684303283691406
1163,62.292015075683594
1164,74.68702697753906
1165,33.4227294921875
1166,74.93609619140625
1167,48.144989013671875
1168,68.62351989746094
1169,48.08555221557617
1170,84.61083221435547
1171,64.25205993652344
1172,36.24751281738281
1173,29.79743194580078
1174,36.043785095214844
1175,57.33076477050781
1176,37.112640380859375
1177,71.10867309570312
1178,36.824951171875
1179,36.92995071411133
1180,38.03113555908203
1181,21.940351486206055
1182,36.39410400390625
1183,54.04453659057617
1184,27.394399642944336
1185,78.46994018554688
1186,28.55661964416504
1187,39.64905548095703
1188,28.515159606933594
1189,13.498678207397461
1190,28.25360870361328
1191,45.376739501953125
1192,56.181915283203125
1193,62.32420349121094
1194,73.04368591308594
1195,31.12287139892578
1196,72.89864349365234
1197,46.25218963623047
1198,71.69732666015625
1199,46.612457275390625
1200,80.37796020507812
1201,66.18800354003906
1202,39.050174713134766
1203,29.59794807434082
1204,40.98161315917969
1205,58.02057647705078
1206,39.524139404296875
1207,73.08982849121094
1208,40.00244140625
1209,36.63703918457031
1210,41.49456787109375
1211,22.04437255859375
1212,42.645145416259766
1213,54.69460678100586
1214,28.72108268737793
1215,79.56856536865234
1216,33.0373649597168
1217,38.035396575927734
1218,29.483219146728516
1219,14.246381759643555
1220,36.34306335449219
1221,47.842960357666016
1222,53.90476608276367
1223,65.78257751464844
1224,78.38020324707031
1225,32.540679931640625
1226,79.07044982910156
1227,48.08628463745117
1228,71.87870788574219
1229,48.66126251220703
1230,77.04264068603516
1231,66.36052703857422
1232,37.23736572265625
1233,30.640209197998047
1234,36.367393493652344
1235,58.791229248046875
1236,38.431434631347656
1237,72.86605834960938
1238,38.507835388183594
1239,38.049156188964844
1240,37.56355285644531
1241,23.058216094970703
1242,36.94345474243164
1243,57.351112365722656
1244,27.829967498779297
1245,79.21296691894531
1246,31.043041229248047
1247,39.8466796875
1248,27.20510482788086
1249,16.639163970947266
1250,29.02409553527832
1251,48.2697639465332
1252,55.14366912841797
1253,62.922523498535156
1254,72.95266723632812
1255,32.01805114746094
1256,72.11415100097656
1257,47.822479248046875
1258,68.86723327636719
1259,47.57550811767578
1260,77.6229019165039
1261,65.01983642578125
1262,35.942138671875
1263,25.627573013305664
1264,35.13343048095703
1265,59.12488555908203
1266,35.46917724609375
1267,72.15208435058594
1268,36.50191116333008
1269,31.989742279052734
1270,35.289241790771484
1271,19.349960327148438
1272,35.420501708984375
1273,55.38068389892578
1274,23.70563507080078
1275,80.14117431640625
1276,26.572078704833984
1277,36.09616470336914
1278,23.62458038330078
1279,12.03030776977539
1280,26.568458557128906
1281,43.88523864746094
1282,59.63220977783203
1283,60.78577423095703
1284,71.83390808105469
1285,30.976165771484375
1286,70.7497787475586
1287,46.18797302246094
1288,66.93089294433594
1289,44.7421989440918
1290,79.7874755859375
1291,66.06288146972656
1292,34.74016189575195
1293,34.063480377197266
1294,32.63923645019531
1295,61.07555389404297
1296,35.13719940185547
1297,71.44219970703125
1298,36.021942138671875
1299,39.384803771972656
1300,33.916259765625
1301,28.65144920349121
1302,33.0031852722168
1303,59.083412170410156
1304,28.196971893310547
1305,78.65477752685547
1306,30.682453155517578
1307,42.310890197753906
1308,27.418411254882812
1309,22.93335723876953
1310,26.53276824951172
1311,48.56095504760742
1312,51.747528076171875
1313,58.62290954589844
1314,68.95426940917969
1315,35.38554000854492
1316,66.19824981689453
1317,47.34705352783203
1318,63.15235900878906
1319,45.40317153930664
1320,75.06932067871094
1321,65.31373596191406
1322,34.693359375
1323,28.94845199584961
1324,35.89765167236328
1325,58.797386169433594
1326,35.23806381225586
1327,72.13542938232422
1328,35.238853454589844
1329,35.313270568847656
1330,35.866859436035156
1331,22.58745574951172
1332,37.116573333740234
1333,55.69227981567383
1334,27.42827033996582
1335,78.65047454833984
1336,27.046573638916016
1337,35.974090576171875
1338,28.666500091552734
1339,16.39615249633789
1340,28.351791381835938
1341,46.49030685424805
1342,46.46244812011719
1343,60.675376892089844
1344,71.61244201660156
1345,34.53229904174805
1346,72.36195373535156
1347,47.439292907714844
1348,62.22045135498047
1349,47.56419372558594
1350,77.38594055175781
1351,63.2384033203125
1352,36.09503173828125
1353,29.678529739379883
1354,35.59711456298828
1355,57.83407211303711
1356,36.51469421386719
1357,68.29605102539062
1358,36.923912048339844
1359,34.857215881347656
1360,36.12132263183594
1361,24.782222747802734
1362,35.993927001953125
1363,54.71244430541992
1364,28.31017303466797
1365,73.87457275390625
1366,29.351654052734375
1367,38.16162109375
1368,28.892765045166016
1369,20.09075164794922
1370,28.378164291381836
1371,43.985958099365234
1372,55.162567138671875
1373,58.978904724121094
1374,75.70368957519531
1375,32.19264221191406
1376,74.77705383300781
1377,44.50598907470703
1378,70.96946716308594
1379,44.170379638671875
1380,84.594970703125
1381,70.71604919433594
1382,37.61963653564453
1383,31.903104782104492
1384,35.211181640625
1385,63.952850341796875
1386,38.30543518066406
1387,78.13227844238281
1388,39.13787841796875
1389,38.90343475341797
1390,36.365745544433594
1391,24.870132446289062
1392,35.88161087036133
1393,60.72145080566406
1394,22.71933364868164
1395,84.88587951660156
1396,31.394880294799805
1397,42.55609130859375
1398,22.228347778320312
1399,20.20895004272461
1400,26.607868194580078
1401,46.32391357421875
1402,52.58406066894531
1403,61.75376892089844
1404,75.5406494140625
1405,29.50974464416504
1406,72.84651947021484
1407,44.77635192871094
1408,66.18241882324219
1409,43.1170539855957
1410,84.68350219726562
1411,67.20890045166016
1412,35.49073791503906
1413,30.47252655029297
1414,36.571537017822266
1415,61.417442321777344
1416,37.1644287109375
1417,72.76579284667969
1418,35.64512252807617
1419,36.57728576660156
1420,37.907222747802734
1421,24.329879760742188
1422,36.38768768310547
1423,58.3857536315918
1424,30.2395076751709
1425,78.80050659179688
1426,26.725082397460938
1427,40.42965316772461
1428,31.01626205444336
1429,17.365285873413086
1430,29.469186782836914
1431,50.752140045166016
1432,61.66777801513672
1433,64.74016571044922
1434,75.2734603881836
1435,35.236236572265625
1436,77.70272064208984
1437,49.542598724365234
1438,72.61951446533203
1439,49.3094482421875
1440,83.68565368652344
1441,68.64410400390625
1442,38.1328125
1443,29.48346710205078
1444,35.48899841308594
1445,60.79807662963867
1446,38.896026611328125
1447,75.82798767089844
1448,39.513954162597656
1449,36.53895568847656
1450,37.22795104980469
1451,22.26228141784668
1452,35.862083435058594
1453,57.22003936767578
1454,32.18513488769531
1455,83.03938293457031
1456,33.23613739013672
1457,39.447425842285156
1458,29.50737762451172
1459,16.10956573486328
1460,27.310131072998047
1461,45.72618103027344
1462,56.83009338378906
1463,59.38547897338867
1464,79.16458892822266
1465,31.068641662597656
1466,77.73551940917969
1467,44.38657760620117
1468,74.94219970703125
1469,44.28557586669922
1470,84.42616271972656
1471,64.75924682617188
1472,37.50938415527344
1473,26.832021713256836
1474,40.597408294677734
1475,57.53657913208008
1476,37.85559844970703
1477,71.71620178222656
1478,37.680908203125
1479,34.03053283691406
1480,39.704071044921875
1481,19.737295150756836
1482,42.29290771484375
1483,55.401390075683594
1484,29.91354751586914
1485,77.20714569091797
1486,28.874147415161133
1487,34.88532257080078
1488,31.79091453552246
1489,11.465381622314453
1490,35.163414001464844
1491,46.48912811279297
1492,49.30183410644531
1493,64.41834259033203
1494,75.11640930175781
1495,33.633018493652344
1496,77.3470458984375
1497,47.941524505615234
1498,70.5776596069336
1499,48.635475158691406
1500,78.60552215576172
1501,67.94149780273438
1502,36.20259094238281
1503,29.399587631225586
1504,35.4824333190918
1505,60.635536193847656
1506,36.693565368652344
1507,75.12767028808594
1508,36.86790084838867
1509,36.40766143798828
1510,36.331871032714844
1511,21.82129669189453
1512,36.353729248046875
1513,57.332252502441406
1514,29.160675048828125
1515,82.17447662353516
1516,28.84415054321289
1517,37.937599182128906
1518,30.18822479248047
1519,15.072328567504883
1520,30.549358367919922
1521,47.872886657714844
1522,59.50013732910156
1523,60.118621826171875
1524,81.70132446289062
1525,36.550025939941406
1526,81.55223083496094
1527,47.76966094970703
1528,75.88327026367188
1529,47.739505767822266
1530,89.41765594482422
1531,64.68144226074219
1532,36.573081970214844
1533,30.988445281982422
1534,35.48789596557617
1535,59.809104919433594
1536,37.16007614135742
1537,68.94926452636719
1538,37.39934539794922
1539,36.66481018066406
1540,36.94398498535156
1541,24.987056732177734
1542,35.838661193847656
1543,57.2807502746582
1544,29.77214241027832
1545,75.44432067871094
1546,28.641273498535156
1547,39.74639892578125
1548,30.30094337463379
1549,19.5858154296875
1550,28.270408630371094
1551,47.52719497680664
1552,60.30266189575195
1553,60.9533805847168
1554,72.74949645996094
1555,33.03580093383789
1556,72.89884948730469
1557,47.34983825683594
1558,69.14857482910156
1559,46.851036071777344
1560,81.5306396484375
1561,66.31315612792969
1562,38.91604995727539
1563,31.856727600097656
1564,37.93749237060547
1565,59.066650390625
1566,40.3463249206543
1567,73.36824798583984
1568,39.5355224609375
1569,38.81534957885742
1570,39.562950134277344
1571,24.652080535888672
1572,38.71377944946289
1573,55.929054260253906
1574,31.754547119140625
1575,79.54420471191406
1576,32.96253967285156
1577,41.26255798339844
1578,31.103147506713867
1579,17.557893753051758
1580,31.879030227661133
1581,47.76588439941406
1582,57.7696533203125
1583,62.78509521484375
1584,80.06307983398438
1585,31.574596405029297
1586,78.39122772216797
1587,46.95104217529297
1588,75.30699157714844
1589,46.89159393310547
1590,84.58656311035156
1591,66.22312927246094
1592,36.775352478027344
1593,30.871742248535156
1594,34.54788589477539
1595,58.81822204589844
1596,37.442161560058594
1597,73.52146911621094
1598,37.873619079589844
1599,36.31065368652344
1600,35.78229904174805
1601,23.92913055419922
1602,34.664859771728516
1603,53.56818389892578
1604,31.237510681152344
1605,80.98072814941406
1606,32.686859130859375
1607,37.99228286743164
1608,29.52233123779297
1609,19.461700439453125
1610,26.786415100097656
1611,42.9199333190918
1612,54.21073532104492
1613,56.837486267089844
1614,74.81169128417969
1615,32.09269714355469
1616,72.53416442871094
1617,42.66612243652344
1618,70.74534606933594
1619,42.50849151611328
1620,79.7916030883789
1621,66.41703796386719
1622,38.46502685546875
1623,30.03679656982422
1624,37.48571014404297
1625,60.20411682128906
1626,38.237457275390625
1627,72.62583923339844
1628,39.621376037597656
1629,35.88331604003906
1630,37.86333084106445
1631,23.733890533447266
1632,38.696044921875
1633,57.00868606567383
1634,27.59392547607422
1635,79.0740966796875
1636,31.1087646484375
1637,40.46720886230469
1638,27.46428108215332
1639,17.605667114257812
1640,30.134552001953125
1641,46.98716735839844
1642,62.6224365234375
1643,62.551292419433594
1644,72.20063781738281
1645,34.83772659301758
1646,70.61851501464844
1647,48.75100326538086
1648,69.95579528808594
1649,48.409080505371094
1650,79.45851135253906
1651,65.9726791381836
1652,37.78302001953125
1653,29.055667877197266
1654,36.451656341552734
1655,60.66401672363281
1656,38.574100494384766
1657,72.88468170166016
1658,39.23723602294922
1659,35.31059265136719
1660,37.592369079589844
1661,22.171112060546875
1662,36.964874267578125
1663,56.60539627075195
1664,30.169891357421875
1665,80.45756530761719
1666,32.20432662963867
1667,39.114540100097656
1668,29.336685180664062
1669,14.325777053833008
1670,28.876079559326172
1671,48.84905242919922
1672,54.425193786621094
1673,59.47179412841797
1674,79.25696563720703
1675,35.71372985839844
1676,78.21759033203125
1677,48.011207580566406
1678,70.43711853027344
1679,46.65228271484375
1680,86.70146179199219
1681,64.86148071289062
1682,38.38737869262695
1683,29.592811584472656
1684,38.54636001586914
1685,59.97394943237305
1686,38.90044403076172
1687,70.08831787109375
1688,39.35801315307617
1689,36.010963439941406
1690,38.81254577636719
1691,23.6494140625
1692,39.517242431640625
1693,56.973388671875
1694,31.413219451904297
1695,76.59744262695312
1696,31.496644973754883
1697,39.444007873535156
1698,31.766965866088867
1699,16.719932556152344
1700,32.415260314941406
1701,48.43583679199219
1702,61.27206039428711
1703,64.11769104003906
1704,74.03633117675781
1705,32.02880859375
1706,75.46162414550781
1707,48.44636535644531
1708,71.26497650146484
1709,48.97343444824219
1710,81.06866455078125
1711,66.87812805175781
1712,36.25202178955078
1713,29.585372924804688
1714,36.796630859375
1715,60.018367767333984
1716,37.20673370361328
1717,74.0162353515625
1718,37.329429626464844
1719,37.16575622558594
1720,37.32512283325195
1721,22.428489685058594
1722,38.25220489501953
1723,57.18846130371094
1724,25.3365478515625
1725,80.04120635986328
1726,29.455045700073242
1727,38.94911193847656
1728,25.853858947753906
1729,16.486417770385742
1730,30.629070281982422
1731,49.07290267944336
1732,52.695701599121094
1733,66.19358825683594
1734,74.99928283691406
1735,32.388084411621094
1736,75.3904800415039
1737,49.789573669433594
1738,68.11986541748047
1739,49.89106750488281
1740,83.34156799316406
1741,67.56117248535156
1742,39.017417907714844
1743,29.840730667114258
1744,36.64804458618164
1745,60.84625244140625
1746,39.16133117675781
1747,74.19831085205078
1748,40.31571960449219
1749,36.558372497558594
1750,37.74623489379883
1751,22.928619384765625
1752,36.94094467163086
1753,58.13468933105469
1754,31.789257049560547
1755,80.59883880615234
1756,32.87596893310547
1757,39.376312255859375
1758,31.177217483520508
1759,16.804275512695312
1760,29.91338539123535
1761,48.71757125854492
1762,57.40935516357422
1763,62.98133850097656
1764,75.41956329345703
1765,31.21245765686035
1766,73.21154022216797
1767,47.210693359375
1768,70.95057678222656
1769,46.33091735839844
1770,82.47034454345703
1771,61.2943229675293
1772,35.06224060058594
1773,28.820833206176758
1774,35.34990692138672
1775,56.26097106933594
1776,36.860740661621094
1777,65.81976318359375
1778,34.91593551635742
1779,34.01484298706055
1780,36.03255081176758
1781,24.214359283447266
1782,35.40174865722656
1783,52.774635314941406
1784,29.31476593017578
1785,72.9788589477539
1786,28.10491943359375
1787,38.362693786621094
1788,29.332401275634766
1789,18.873607635498047
1790,29.358003616333008
1791,45.25135040283203
1792,55.405792236328125
1793,58.657657623291016
1794,68.84378051757812
1795,31.951887130737305
1796,69.65996551513672
1797,45.45488739013672
1798,65.22456359863281
1799,45.396095275878906
1800,73.49945068359375
1801,67.62672424316406
1802,37.09532165527344
1803,28.992982864379883
1804,38.19668197631836
1805,60.247886657714844
1806,37.650787353515625
1807,74.6662826538086
1808,37.90809631347656
1809,36.39929962158203
1810,38.197837829589844
1811,21.41619873046875
1812,39.02607727050781
1813,57.91983413696289
1814,28.04822540283203
1815,80.2282485961914
1816,31.448488235473633
1817,37.79981994628906
1818,27.325237274169922
1819,14.788548469543457
1820,30.978187561035156
1821,50.63819885253906
1822,55.1474494934082
1823,65.08344268798828
1824,74.91791534423828
1825,34.04486083984375
1826,76.41329956054688
1827,49.69227600097656
1828,71.35533142089844
1829,49.80778503417969
1830,84.75361633300781
1831,66.87434387207031
1832,39.493045806884766
1833,30.19586181640625
1834,38.12702560424805
1835,59.42462921142578
1836,40.22792053222656
1837,74.14703369140625
1838,40.76472091674805
1839,37.457305908203125
1840,39.52333068847656
1841,22.706424713134766
1842,38.46339416503906
1843,55.91828155517578
1844,31.488283157348633
1845,81.9065933227539
1846,35.31147766113281
1847,41.84996032714844
1848,29.779748916625977
1849,14.16456413269043
1850,32.4798583984375
1851,46.96694564819336
1852,67.00355529785156
1853,62.84141540527344
1854,82.42462158203125
1855,28.93815803527832
1856,79.31895446777344
1857,45.23639678955078
1858,75.95489501953125
1859,66.340576171875
1860,33.453643798828125
1861,27.3853759765625
1862,35.7110595703125
1863,60.787925720214844
1864,33.03155517578125
1865,71.6410903930664
1866,34.28495788574219
1867,34.674461364746094
1868,36.107200622558594
1869,21.065629959106445
1870,35.91335678100586
1871,56.43782424926758
1872,22.821029663085938
1873,77.853515625
1874,26.94882583618164
1875,36.567359924316406
1876,25.907634735107422
1877,12.73578929901123
1878,27.361072540283203
1879,49.344398498535156
1880,50.901405334472656
1881,64.3575668334961
1882,75.59443664550781
1883,34.161277770996094
1884,73.65948486328125
1885,48.93058776855469
1886,67.6034164428711
1887,48.92518997192383
1888,83.06981658935547
1889,67.49610900878906
1890,36.839073181152344
1891,28.4854793548584
1892,35.55229949951172
1893,60.77521896362305
1894,37.69367599487305
1895,73.44110107421875
1896,38.16395568847656
1897,35.28293228149414
1898,36.40420913696289
1899,22.13187026977539
1900,35.67040252685547
1901,56.448936462402344
1902,28.747108459472656
1903,80.36148071289062
1904,29.003135681152344
1905,42.16330337524414
1906,27.623245239257812
1907,16.794652938842773
1908,27.00690269470215
1909,48.20569610595703
1910,55.685001373291016
1911,58.343971252441406
1912,76.493408203125
1913,33.26972961425781
1914,75.5763931274414
1915,46.37476348876953
1916,69.6560287475586
1917,46.63243865966797
1918,84.27958679199219
1919,66.29515075683594
1920,40.04243087768555
1921,28.335050582885742
1922,37.09270477294922
1923,58.8079833984375
1924,40.76662063598633
1925,73.41111755371094
1926,41.491600036621094
1927,35.1495475769043
1928,38.831764221191406
1929,21.124805450439453
1930,37.43116760253906
1931,57.356666564941406
1932,31.026674270629883
1933,80.90170288085938
1934,34.245758056640625
1935,37.4677734375
1936,28.232479095458984
1937,14.606983184814453
1938,28.800390243530273
1939,45.98645782470703
1940,62.492408752441406
1941,58.251953125
1942,84.93911743164062
1943,32.135128021240234
1944,84.74266815185547
1945,46.100196838378906
1946,81.06610107421875
1947,45.2897834777832
1948,92.5228271484375
1949,66.63959503173828
1950,38.58879852294922
1951,31.328048706054688
1952,37.95809555053711
1953,60.55754470825195
1954,38.6092643737793
1955,73.29728698730469
1956,39.53411102294922
1957,36.96257781982422
1958,38.488956451416016
1959,24.891265869140625
1960,38.941673278808594
1961,57.42128372192383
1962,28.33097267150879
1963,79.59286499023438
1964,31.025047302246094
1965,40.20287322998047
1966,28.496814727783203
1967,19.379501342773438
1968,30.646583557128906
1969,47.63935852050781
1970,62.779991149902344
1971,62.183067321777344
1972,70.79466247558594
1973,35.342071533203125
1974,70.537841796875
1975,48.13515090942383
1976,66.41401672363281
1977,48.954376220703125
1978,77.21446990966797
1979,64.83534240722656
1980,36.10306167602539
1981,30.935270309448242
1982,36.4141845703125
1983,59.80873107910156
1984,36.921966552734375
1985,71.27433776855469
1986,36.55824661254883
1987,35.697303771972656
1988,37.16025924682617
1989,23.495758056640625
1990,36.74308776855469
1991,56.06364059448242
1992,29.624927520751953
1993,76.44375610351562
1994,28.981239318847656
1995,39.57869338989258
1996,29.132572174072266
1997,16.14636993408203
1998,29.172042846679688
1999,50.465240478515625
2000,51.94523239135742
2001,62.716392517089844
2002,73.38069152832031
2003,37.613914489746094
2004,74.77465057373047
2005,50.24049758911133
2006,67.88034057617188
2007,50.321388244628906
2008,81.76750183105469
2009,65.02806091308594
2010,35.0959587097168
2011,30.250850677490234
2012,35.98101043701172
2013,58.88334655761719
2014,35.368873596191406
2015,71.29740905761719
2016,35.953765869140625
2017,36.37871170043945
2018,35.68085479736328
2019,23.947694778442383
2020,36.932796478271484
2021,56.19075012207031
2022,27.67045021057129
2023,78.44009399414062
2024,27.719011306762695
2025,36.65166091918945
2026,28.199230194091797
2027,17.467870712280273
2028,30.321598052978516
2029,47.50983428955078
2030,45.145057678222656
2031,61.97505187988281
2032,69.3194808959961
2033,34.4478874206543
2034,69.64556121826172
2035,47.70475769042969
2036,63.843109130859375
2037,48.039939880371094
2038,73.96797180175781
2039,66.81300354003906
2040,35.00639343261719
2041,31.50558853149414
2042,36.74652862548828
2043,60.56878662109375
2044,35.76790237426758
2045,73.23748779296875
2046,34.950435638427734
2047,38.289798736572266
2048,36.83619689941406
2049,24.946428298950195
2050,36.925209045410156
2051,59.12110900878906
2052,28.039833068847656
2053,76.36878967285156
2054,27.327911376953125
2055,39.56068420410156
2056,30.26616668701172
2057,20.101322174072266
2058,32.15557098388672
2059,50.35292053222656
2060,52.531089782714844
2061,64.42311096191406
2062,73.05687713623047
2063,37.60860824584961
2064,74.01469421386719
2065,51.240455627441406
2066,70.01756286621094
2067,51.97480392456055
2068,81.53578186035156
2069,65.32949829101562
2070,33.13571548461914
2071,30.92138671875
2072,36.65888595581055
2073,59.26618957519531
2074,34.34815216064453
2075,71.83003234863281
2076,33.05986022949219
2077,37.38442611694336
2078,35.515098571777344
2079,24.398096084594727
2080,38.332122802734375
2081,57.75688552856445
2082,25.84918975830078
2083,76.72283935546875
2084,24.495121002197266
2085,38.32344436645508
2086,28.23569107055664
2087,19.174365997314453
2088,30.350696563720703
2089,48.154151916503906
2090,46.19895935058594
2091,65.05812072753906
2092,68.16547393798828
2093,37.76947784423828
2094,71.1307373046875
2095,49.33077621459961
2096,63.001014709472656
2097,51.181236267089844
2098,75.17955780029297
2099,66.23432922363281
2100,35.95751190185547
2101,28.367103576660156
2102,38.60089111328125
2103,59.54309844970703
2104,37.1530647277832
2105,73.16938018798828
2106,35.476192474365234
2107,35.68376159667969
2108,38.66917419433594
2109,21.18416976928711
2110,39.880462646484375
2111,55.24809646606445
2112,27.074111938476562
2113,79.08190155029297
2114,27.248037338256836
2115,37.201202392578125
2116,28.98274803161621
2117,14.476727485656738
2118,34.08549499511719
2119,48.69844055175781
2120,61.00787353515625
2121,70.1720199584961
2122,68.12281799316406
2123,31.92035675048828
2124,70.35552215576172
2125,48.874114990234375
2126,68.29225158691406
2127,50.15106201171875
2128,77.57952117919922
2129,69.05543518066406
2130,30.91036605834961
2131,28.250537872314453
2132,32.81560516357422
2133,63.996063232421875
2134,31.564462661743164
2135,76.167724609375
2136,31.29912567138672
2137,35.906471252441406
2138,32.93437194824219
2139,21.55820083618164
2140,34.488399505615234
2141,62.37358856201172
2142,19.358524322509766
2143,83.96990966796875
2144,25.238161087036133
2145,37.675621032714844
2146,22.104991912841797
2147,13.957839965820312
2148,25.64293670654297
2149,50.448204040527344
2150,48.70814895629883
2151,67.15569305419922
2152,72.92721557617188
2153,35.55261993408203
2154,71.20240020751953
2155,49.64532470703125
2156,64.3667221069336
2157,51.059593200683594
2158,82.16886901855469
2159,65.42889404296875
2160,38.918399810791016
2161,25.39406967163086
2162,41.36569595336914
2163,58.726776123046875
2164,39.26823425292969
2165,73.25437927246094
2166,39.279991149902344
2167,32.48543930053711
2168,40.94261932373047
2169,19.126739501953125
2170,43.17070007324219
2171,55.450172424316406
2172,30.98381233215332
2173,78.97196960449219
2174,30.865558624267578
2175,34.20885467529297
2176,34.108428955078125
2177,11.342863082885742
2178,36.40387725830078
2179,45.57219696044922
2180,52.842952728271484
2181,62.736324310302734
2182,80.32440185546875
2183,33.11531066894531
2184,81.99493408203125
2185,46.49102020263672
2186,70.56588745117188
2187,48.20386505126953
2188,89.3359375
2189,64.8526382446289
2190,37.053138732910156
2191,30.751026153564453
2192,36.8072509765625
2193,59.226593017578125
2194,37.0388298034668
2195,71.43745422363281
2196,37.68798828125
2197,36.46501922607422
2198,36.6368408203125
2199,24.489086151123047
2200,37.453636169433594
2201,56.43952178955078
2202,27.021087646484375
2203,77.19120025634766
2204,29.4071102142334
2205,39.83466339111328
2206,27.249378204345703
2207,18.88211441040039
2208,29.310808181762695
2209,47.08866882324219
2210,56.91706085205078
2211,60.44059753417969
2212,70.91777801513672
2213,36.380409240722656
2214,70.49964904785156
2215,47.519371032714844
2216,65.0194091796875
2217,49.0689811706543
2218,77.38832092285156
2219,67.67286682128906
2220,34.976295471191406
2221,31.207988739013672
2222,35.0333251953125
2223,62.403568267822266
2224,35.846187591552734
2225,73.99835205078125
2226,35.09686279296875
2227,36.261558532714844
2228,36.27641677856445
2229,24.129108428955078
2230,35.384979248046875
2231,56.85085678100586
2232,28.301803588867188
2233,80.72412109375
2234,27.82843017578125
2235,39.73749923706055
2236,28.24797821044922
2237,16.86408233642578
2238,27.572715759277344
2239,50.89329147338867
2240,51.12921142578125
2241,64.95478820800781
2242,72.07637023925781
2243,37.42315673828125
2244,73.30142974853516
2245,50.467689514160156
2246,67.89981842041016
2247,51.33646011352539
2248,78.87953186035156
2249,68.97303771972656
2250,35.12651824951172
2251,27.814298629760742
2252,36.746009826660156
2253,62.265716552734375
2254,36.287681579589844
2255,75.82061004638672
2256,36.15093231201172
2257,34.96726989746094
2258,38.109397888183594
2259,20.885555267333984
2260,38.56917190551758
2261,55.10710906982422
2262,20.3806209564209
2263,81.65135955810547
2264,25.856285095214844
2265,40.389469146728516
2266,22.097858428955078
2267,14.049508094787598
2268,30.032222747802734
2269,45.51899337768555
2270,53.001216888427734
2271,65.97235870361328
2272,78.58876037597656
2273,30.79945945739746
2274,78.73834228515625
2275,46.701812744140625
2276,70.64845275878906
2277,46.666229248046875
2278,86.69932556152344
2279,64.98040771484375
2280,37.14179611206055
2281,30.965774536132812
2282,36.33055877685547
2283,58.441280364990234
2284,37.72905731201172
2285,71.53767395019531
2286,37.47726821899414
2287,37.12583923339844
2288,37.48607635498047
2289,23.745426177978516
2290,36.59190368652344
2291,54.37347412109375
2292,29.70853042602539
2293,78.94709777832031
2294,32.67462158203125
2295,42.49417495727539
2296,29.082412719726562
2297,16.952136993408203
2298,30.953731536865234
2299,47.10987091064453
2300,57.583641052246094
2301,58.428367614746094
2302,78.82223510742188
2303,34.63923263549805
2304,77.20982360839844
2305,47.017311096191406
2306,74.41200256347656
2307,46.241477966308594
2308,86.12022399902344
2309,65.39854431152344
2310,40.52499771118164
2311,28.758277893066406
2312,38.348785400390625
2313,58.67616653442383
2314,41.51358413696289
2315,72.86842346191406
2316,41.48313522338867
2317,35.73444747924805
2318,39.547210693359375
2319,21.35501480102539
2320,38.81311798095703
2321,57.831520080566406
2322,31.94140625
2323,79.3638916015625
2324,33.40293502807617
2325,38.00591278076172
2326,29.89453125
2327,14.821155548095703
2328,30.44662094116211
2329,47.241127014160156
2330,63.477783203125
2331,58.01905822753906
2332,84.34664916992188
2333,33.54960632324219
2334,84.63725280761719
2335,47.11548614501953
2336,81.75160217285156
2337,46.895938873291016
2338,91.09950256347656
2339,68.34883117675781
2340,36.28715133666992
2341,30.603967666625977
2342,34.96367645263672
2343,61.66885757446289
2344,36.692718505859375
2345,74.23190307617188
2346,37.046470642089844
2347,36.90436553955078
2348,36.02971649169922
2349,24.013830184936523
2350,35.326698303222656
2351,59.16608810424805
2352,28.30104637145996
2353,81.04359436035156
2354,28.762836456298828
2355,39.51524353027344
2356,27.337167739868164
2357,18.449188232421875
2358,24.404266357421875
2359,48.797447204589844
2360,49.10500717163086
2361,62.43343734741211
2362,73.52534484863281
2363,33.454246520996094
2364,72.49713134765625
2365,47.77099609375
2366,65.16482543945312
2367,47.80945587158203
2368,81.22665405273438
2369,67.33085632324219
2370,36.957969665527344
2371,30.70158576965332
2372,38.54651641845703
2373,61.13720703125
2374,37.29842758178711
2375,73.1270523071289
2376,37.38727569580078
2377,36.43895721435547
2378,38.423057556152344
2379,24.08523178100586
2380,39.98918151855469
2381,56.18603515625
2382,30.499725341796875
2383,78.74002075195312
2384,30.045330047607422
2385,39.30609893798828
2386,30.68523406982422
2387,17.302234649658203
2388,33.67717742919922
2389,50.64228820800781
2390,53.77845001220703
2391,68.42201232910156
2392,70.67962646484375
2393,34.61423873901367
2394,72.79480743408203
2395,51.05916213989258
2396,67.06413269042969
2397,53.270442962646484
2398,80.76567840576172
2399,64.72119140625
2400,37.076934814453125
2401,29.942419052124023
2402,37.213233947753906
2403,57.94525146484375
2404,37.57732391357422
2405,70.50982666015625
2406,37.61379623413086
2407,36.64716339111328
2408,37.68733215332031
2409,22.99679183959961
2410,38.74971389770508
2411,56.16368103027344
2412,28.928531646728516
2413,75.38229370117188
2414,30.704803466796875
2415,37.93135070800781
2416,28.404624938964844
2417,16.85882568359375
2418,30.920921325683594
2419,49.37150955200195
2420,52.88905715942383
2421,61.28273391723633
2422,71.03016662597656
2423,36.19969940185547
2424,72.50068664550781
2425,49.181671142578125
2426,66.70260620117188
2427,48.97119903564453
2428,79.49072265625
2429,67.05635833740234
2430,35.0304069519043
2431,30.64435577392578
2432,33.946624755859375
2433,61.350372314453125
2434,35.458160400390625
2435,72.81144714355469
2436,35.7943229675293
2437,36.14674377441406
2438,34.85063171386719
2439,24.369049072265625
2440,34.925079345703125
2441,58.87489700317383
2442,27.84172821044922
2443,80.10536193847656
2444,30.309551239013672
2445,40.69647979736328
2446,27.6346435546875
2447,18.990209579467773
2448,27.50834083557129
2449,48.56388854980469
2450,55.7309455871582
2451,61.27549743652344
2452,72.87489318847656
2453,32.30733108520508
2454,71.55841064453125
2455,46.86354064941406
2456,69.1590805053711
2457,46.82460403442383
2458,78.53425598144531
2459,67.78279876708984
2460,37.892189025878906
2461,30.52825927734375
2462,35.15332794189453
2463,61.365631103515625
2464,37.02490234375
2465,74.13945007324219
2466,39.167816162109375
2467,36.46582794189453
2468,35.324771881103516
2469,23.814525604248047
2470,35.866973876953125
2471,59.20323181152344
2472,27.528484344482422
2473,82.45608520507812
2474,30.46133804321289
2475,40.42453384399414
2476,25.563404083251953
2477,17.1405086517334
2478,27.367435455322266
2479,46.70277404785156
2480,61.57080078125
2481,61.70378112792969
2482,73.30624389648438
2483,34.16319274902344
2484,70.90751647949219
2485,47.36325454711914
2486,68.98047637939453
2487,46.24077606201172
2488,80.77690124511719
2489,68.05865478515625
2490,38.30934143066406
2491,30.552597045898438
2492,36.266944885253906
2493,61.47979736328125
2494,37.395389556884766
2495,74.48629760742188
2496,39.50776672363281
2497,36.82682800292969
2498,35.838165283203125
2499,24.080459594726562
2500,37.072959899902344
2501,58.88853454589844
2502,27.791210174560547
2503,82.4257583618164
2504,30.646331787109375
2505,39.8920783996582
2506,26.475976943969727
2507,17.03060531616211
2508,29.075374603271484
2509,47.53544616699219
2510,63.44871139526367
2511,62.935447692871094
2512,74.689208984375
2513,33.92414855957031
2514,72.47755432128906
2515,48.69602966308594
2516,71.71742248535156
2517,48.61134338378906
2518,79.5320053100586
2519,65.630859375
2520,38.22870635986328
2521,31.089645385742188
2522,36.96595001220703
2523,60.46026611328125
2524,39.16025161743164
2525,71.10888671875
2526,39.1067008972168
2527,36.66109085083008
2528,37.87335205078125
2529,24.42869758605957
2530,36.92040252685547
2531,59.29095458984375
2532,31.58635902404785
2533,77.60043334960938
2534,30.489194869995117
2535,41.1054801940918
2536,31.54104995727539
2537,18.55520248413086
2538,28.859699249267578
2539,48.55778503417969
2540,63.467281341552734
2541,60.42735290527344
2542,77.76287078857422
2543,32.65900421142578
2544,78.114990234375
2545,47.78398895263672
2546,73.41441345214844
2547,46.43939971923828
2548,84.87444305419922
2549,65.45380401611328
2550,41.06664276123047
2551,29.24094581604004
2552,38.81814193725586
2553,58.900508880615234
2554,42.26380920410156
2555,72.80130004882812
2556,42.692596435546875
2557,36.06053161621094
2558,39.954322814941406
2559,22.357879638671875
2560,39.1203727722168
2561,58.04845428466797
2562,31.885765075683594
2563,79.5960693359375
2564,34.79901885986328
2565,38.57344055175781
2566,29.626527786254883
2567,16.033090591430664
2568,30.917518615722656
2569,46.540061950683594
2570,62.917930603027344
2571,59.42625427246094
2572,84.65501403808594
2573,34.1199951171875
2574,84.89202880859375
2575,46.998512268066406
2576,81.29194641113281
2577,46.565711975097656
2578,91.8272933959961
2579,66.87435913085938
2580,38.70944595336914
2581,29.004365921020508
2582,38.246063232421875
2583,60.37327575683594
2584,39.2078857421875
2585,72.95359802246094
2586,39.102294921875
2587,35.551063537597656
2588,38.856689453125
2589,22.920475006103516
2590,38.419639587402344
2591,58.67943572998047
2592,31.540706634521484
2593,79.53619384765625
2594,30.71385383605957
2595,38.08418273925781
2596,31.50176239013672
2597,18.472862243652344
2598,29.098896026611328
2599,49.109039306640625
2600,55.579368591308594
2601,63.786651611328125
2602,71.31460571289062
2603,32.61595916748047
2604,71.3848648071289
2605,48.11321258544922
2606,67.46803283691406
2607,48.55318069458008
2608,80.68609619140625
2609,66.73616027832031
2610,37.40679168701172
2611,29.457931518554688
2612,37.0170783996582
2613,59.281890869140625
2614,37.39778518676758
2615,74.70912170410156
2616,38.55884552001953
2617,36.40678405761719
2618,36.713836669921875
2619,21.513763427734375
2620,37.77529525756836
2621,56.32746887207031
2622,31.812105178833008
2623,80.13678741455078
2624,32.722930908203125
2625,40.97284698486328
2626,30.560161590576172
2627,14.943081855773926
2628,31.860218048095703
2629,48.880794525146484
2630,52.55281066894531
2631,62.866172790527344
2632,75.41246032714844
2633,32.917320251464844
2634,75.89250183105469
2635,48.23571014404297
2636,70.72091674804688
2637,48.35190963745117
2638,81.59855651855469
2639,65.64920043945312
2640,35.36954879760742
2641,28.719406127929688
2642,35.20702362060547
2643,59.71026611328125
2644,35.95807647705078
2645,72.17816162109375
2646,36.366905212402344
2647,35.368133544921875
2648,35.38430404663086
2649,21.119449615478516
2650,35.334808349609375
2651,57.5287971496582
2652,25.749351501464844
2653,78.6926040649414
2654,27.237735748291016
2655,41.843868255615234
2656,26.204280853271484
2657,13.850900650024414
2658,26.879823684692383
2659,48.8176155090332
2660,54.74836730957031
2661,59.091888427734375
2662,74.08566284179688
2663,34.255741119384766
2664,73.59071350097656
2665,46.79533767700195
2666,68.18280029296875
2667,46.82135009765625
2668,83.56079864501953
2669,65.72396087646484
2670,39.06632995605469
2671,28.71330451965332
2672,38.272647857666016
2673,58.28273010253906
2674,39.10763168334961
2675,72.05792999267578
2676,40.4464111328125
2677,35.61711120605469
2678,38.24433135986328
2679,21.505491256713867
2680,39.074432373046875
2681,57.18840408325195
2682,28.79991912841797
2683,78.84916687011719
2684,33.909339904785156
2685,37.3006591796875
2686,27.28701400756836
2687,15.54163932800293
2688,30.9390811920166
2689,47.217750549316406
2690,53.61382293701172
2691,61.073204040527344
2692,75.44673156738281
2693,33.29465103149414
2694,75.4323959350586
2695,46.950965881347656
2696,68.67545318603516
2697,47.872337341308594
2698,84.75052642822266
2699,67.77168273925781
2700,38.494937896728516
2701,29.25021743774414
2702,37.678138732910156
2703,61.497337341308594
2704,39.921104431152344
2705,74.19788360595703
2706,38.68189239501953
2707,35.444091796875
2708,38.37694549560547
2709,21.394895553588867
2710,39.50161361694336
2711,57.09844207763672
2712,29.52220344543457
2713,81.10596466064453
2714,30.261520385742188
2715,38.69892501831055
2716,29.569904327392578
2717,15.018152236938477
2718,29.459335327148438
2719,47.810569763183594
2720,54.852699279785156
2721,63.32872772216797
2722,78.9530258178711
2723,33.34086608886719
2724,79.51132202148438
2725,47.78002166748047
2726,71.52743530273438
2727,48.13069152832031
2728,85.1117935180664
2729,65.6253662109375
2730,37.15818786621094
2731,30.31403160095215
2732,35.913169860839844
2733,60.33073425292969
2734,38.68138122558594
2735,71.39039611816406
2736,37.388893127441406
2737,36.775352478027344
2738,36.88426208496094
2739,23.298856735229492
2740,35.38883590698242
2741,59.231536865234375
2742,31.670156478881836
2743,77.22933959960938
2744,29.315387725830078
2745,40.116554260253906
2746,31.005138397216797
2747,17.755300521850586
2748,27.609424591064453
2749,48.118736267089844
2750,64.21501159667969
2751,59.882423400878906
2752,75.31192016601562
2753,31.10342025756836
2754,76.25215148925781
2755,46.80940246582031
2756,72.04067993164062
2757,45.546142578125
2758,82.6243896484375
2759,67.06658935546875
2760,38.9068603515625
2761,30.808134078979492
2762,36.797035217285156
2763,60.81184387207031
2764,38.665714263916016
2765,73.07963562011719
2766,40.18547821044922
2767,37.12675476074219
2768,37.163665771484375
2769,24.05591583251953
2770,37.46501922607422
2771,57.48802185058594
2772,30.92572593688965
2773,79.97735595703125
2774,31.932275772094727
2775,39.998924255371094
2776,29.88227653503418
2777,17.28204345703125
2778,29.548480987548828
2779,49.18429946899414
2780,52.642372131347656
2781,61.98679733276367
2782,75.97550201416016
2783,33.04887771606445
2784,74.01141357421875
2785,47.893898010253906
2786,68.80180358886719
2787,46.544288635253906
2788,82.109375
2789,68.48709106445312
2790,36.865745544433594
2791,29.159637451171875
2792,33.07716369628906
2793,61.212745666503906
2794,36.723602294921875
2795,75.40562438964844
2796,38.88457489013672
2797,37.23204803466797
2798,35.024383544921875
2799,20.978092193603516
2800,33.79327392578125
2801,60.264366149902344
2802,26.717975616455078
2803,81.84326934814453
2804,32.255435943603516
2805,39.75797653198242
2806,25.853073120117188
2807,14.792591094970703
2808,26.543781280517578
2809,46.90025329589844
2810,49.22246551513672
2811,62.471073150634766
2812,74.33407592773438
2813,26.098461151123047
2814,71.06434631347656
2815,45.011451721191406
2816,63.4295539855957
2817,44.62928009033203
2818,81.30833435058594
2819,67.73951721191406
2820,36.91761779785156
2821,29.04840850830078
2822,36.035526275634766
2823,61.00828170776367
2824,37.622703552246094
2825,73.54621124267578
2826,36.9781494140625
2827,35.533775329589844
2828,36.90742492675781
2829,22.709735870361328
2830,36.503944396972656
2831,58.22669982910156
2832,28.971637725830078
2833,79.841552734375
2834,27.278484344482422
2835,37.85448455810547
2836,28.82909393310547
2837,16.526714324951172
2838,26.796768188476562
2839,47.806697845458984
2840,51.64775848388672
2841,62.50706100463867
2842,72.05005645751953
2843,32.5838737487793
2844,72.53385925292969
2845,47.73356246948242
2846,66.74699401855469
2847,46.937599182128906
2848,80.54644775390625
2849,65.46118927001953
2850,34.945030212402344
2851,30.760793685913086
2852,34.91849899291992
2853,59.21578598022461
2854,35.58588790893555
2855,72.17137145996094
2856,36.314998626708984
2857,36.006629943847656
2858,35.317588806152344
2859,23.5550594329834
2860,35.64023208618164
2861,56.343082427978516
2862,26.78534698486328
2863,78.71733856201172
2864,27.856124877929688
2865,41.64051055908203
2866,26.805313110351562
2867,18.831073760986328
2868,26.8133544921875
2869,48.05223083496094
2870,53.309715270996094
2871,61.509681701660156
2872,70.02859497070312
2873,32.472557067871094
2874,69.79845428466797
2875,46.676029205322266
2876,67.01741027832031
2877,45.82489013671875
2878,76.56230163574219
2879,66.89079284667969
2880,38.58086395263672
2881,28.676490783691406
2882,38.79766845703125
2883,58.957359313964844
2884,39.12188720703125
2885,74.51847839355469
2886,38.9505729675293
2887,36.564327239990234
2888,39.20027160644531
2889,21.128366470336914
2890,39.313438415527344
2891,55.840911865234375
2892,26.975570678710938
2893,82.03919982910156
2894,29.78424644470215
2895,39.68830108642578
2896,27.33740997314453
2897,12.325437545776367
2898,30.9290828704834
2899,46.924652099609375
2900,54.08399963378906
2901,65.04037475585938
2902,78.49415588378906
2903,31.108795166015625
2904,79.52627563476562
2905,48.045066833496094
2906,71.12628173828125
2907,48.51792907714844
2908,86.66429138183594
2909,59.96621322631836
2910,37.77492904663086
2911,21.1787166595459
2912,41.612098693847656
2913,53.287086486816406
2914,39.95947265625
2915,68.4278335571289
2916,38.20295715332031
2917,30.672454833984375
2918,40.697425842285156
2919,14.735445022583008
2920,43.94231414794922
2921,51.376060485839844
2922,28.40790557861328
2923,72.23800659179688
2924,26.5786190032959
2925,35.41067123413086
2926,30.688098907470703
2927,9.364496231079102
2928,36.94996643066406
2929,49.11692810058594
2930,60.322235107421875
2931,65.86701965332031
2932,71.6489028930664
2933,30.301692962646484
2934,75.66139221191406
2935,48.849853515625
2936,69.57929229736328
2937,49.5410270690918
2938,77.9414291381836
2939,64.30732727050781
2940,35.44165802001953
2941,30.889062881469727
2942,33.272071838378906
2943,57.75893020629883
2944,35.83634948730469
2945,70.75955963134766
2946,36.16575622558594
2947,37.35585021972656
2948,35.07964324951172
2949,23.248924255371094
2950,34.23912811279297
2951,55.44538116455078
2952,27.843952178955078
2953,77.05140686035156
2954,30.981494903564453
2955,43.06541061401367
2956,26.210086822509766
2957,16.771291732788086
2958,27.841808319091797
2959,48.42198944091797
2960,56.05274200439453
2961,56.85869216918945
2962,76.10560607910156
2963,33.64944076538086
2964,75.13992309570312
2965,47.51921844482422
2966,71.34312438964844
2967,44.88505935668945
2968,83.32173156738281
2969,63.239051818847656
2970,39.869651794433594
2971,28.697917938232422
2972,34.539634704589844
2973,56.39609909057617
2974,39.74422836303711
2975,69.90725708007812
2976,41.766990661621094
2977,35.10423278808594
2978,36.25947952270508
2979,21.839689254760742
2980,33.663917541503906
2981,52.88062286376953
2982,30.801889419555664
2983,77.1728515625
2984,36.91202926635742
2985,40.07178497314453
2986,27.66002655029297
2987,15.14326286315918
2988,26.808191299438477
2989,42.71641159057617
2990,57.02593994140625
2991,50.863685607910156
2992,80.36229705810547
2993,27.8577823638916
2994,77.45465087890625
2995,40.15324020385742
2996,73.72050476074219
2997,38.80323028564453
2998,87.94189453125
2999,63.76705551147461
3000,37.516239166259766
3001,31.546457290649414
3002,39.347042083740234
3003,59.05110168457031
3004,39.05186462402344
3005,68.06504821777344
3006,37.309417724609375
3007,36.954002380371094
3008,40.479103088378906
3009,26.965682983398438
3010,39.198577880859375
3011,55.60206604003906
3012,31.853673934936523
3013,75.17910766601562
3014,30.47164535522461
3015,40.38734436035156
3016,32.434391021728516
3017,19.628707885742188
3018,32.56785583496094
3019,48.09876251220703
3020,61.43178939819336
3021,63.015647888183594
3022,70.26695251464844
3023,35.161460876464844
3024,72.65974426269531
3025,47.88068389892578
3026,69.62872314453125
3027,49.807464599609375
3028,77.07229614257812
3029,64.06291198730469
3030,35.091678619384766
3031,30.648208618164062
3032,32.760868072509766
3033,59.28225326538086
3034,35.63201141357422
3035,69.89923095703125
3036,35.964805603027344
3037,35.94040298461914
3038,34.3351936340332
3039,24.600772857666016
3040,33.625648498535156
3041,57.857765197753906
3042,28.551725387573242
3043,76.557373046875
3044,30.522123336791992
3045,40.5992317199707
3046,27.624935150146484
3047,19.168197631835938
3048,27.116275787353516
3049,46.94117736816406
3050,53.40289306640625
3051,55.841026306152344
3052,72.88391876220703
3053,32.434226989746094
3054,70.08369445800781
3055,45.00178527832031
3056,67.08932495117188
3057,43.37455749511719
3058,79.21541595458984
3059,66.27345275878906
3060,34.05305099487305
3061,27.825733184814453
3062,32.239036560058594
3063,60.724609375
3064,34.911094665527344
3065,72.80359649658203
3066,35.125732421875
3067,34.17776870727539
3068,33.104835510253906
3069,21.680604934692383
3070,33.054561614990234
3071,58.081077575683594
3072,27.426597595214844
3073,79.97962951660156
3074,29.276718139648438
3075,37.32001495361328
3076,26.024185180664062
3077,15.506965637207031
3078,26.371875762939453
3079,46.61602020263672
3080,56.30157470703125
3081,60.91753387451172
3082,71.7503662109375
3083,29.471277236938477
3084,70.23505401611328
3085,45.51713180541992
3086,69.40909576416016
3087,45.32392883300781
3088,77.08712005615234
3089,65.8474349975586
3090,37.14052200317383
3091,29.095870971679688
3092,37.61119079589844
3093,59.416290283203125
3094,37.63745880126953
3095,72.21507263183594
3096,37.44573974609375
3097,35.777889251708984
3098,37.65036392211914
3099,21.993919372558594
3100,38.56789779663086
3101,56.72529602050781
3102,25.027271270751953
3103,77.75743103027344
3104,26.72774314880371
3105,37.19171142578125
3106,25.63463020324707
3107,13.812759399414062
3108,29.569358825683594
3109,48.481040954589844
3110,55.13434600830078
3111,64.74982452392578
3112,70.31755065917969
3113,31.16217613220215
3114,71.23068237304688
3115,48.721981048583984
3116,67.79173278808594
3117,47.80365753173828
3118,76.7731704711914
3119,66.73902130126953
3120,38.841583251953125
3121,29.500198364257812
3122,36.22117614746094
3123,59.46000289916992
3124,38.60205841064453
3125,73.60637664794922
3126,40.21379852294922
3127,36.453887939453125
3128,36.66123580932617
3129,22.385589599609375
3130,36.59134292602539
3131,56.627777099609375
3132,29.219070434570312
3133,80.95132446289062
3134,33.967201232910156
3135,38.143638610839844
3136,27.413461685180664
3137,17.03476333618164
3138,27.38512420654297
3139,45.85696792602539
3140,55.2900390625
3141,62.700748443603516
3142,74.20460510253906
3143,31.086889266967773
3144,72.96600341796875
3145,45.69977569580078
3146,72.05302429199219
3147,45.380088806152344
3148,81.18814086914062
3149,66.35145568847656
3150,36.25205993652344
3151,28.879188537597656
3152,35.724510192871094
3153,60.20903396606445
3154,36.830230712890625
3155,72.35090637207031
3156,36.84218215942383
3157,35.48716735839844
3158,36.015899658203125
3159,24.376981735229492
3160,35.08198928833008
3161,56.71876907348633
3162,27.226924896240234
3163,79.85896301269531
3164,29.581207275390625
3165,38.64778137207031
3166,28.507980346679688
3167,18.57914924621582
3168,27.65847396850586
3169,44.739715576171875
3170,60.204933166503906
3171,61.1523551940918
3172,79.82849884033203
3173,32.98052978515625
3174,79.34361267089844
3175,44.98617172241211
3176,73.05289459228516
3177,46.117027282714844
3178,86.48908996582031
3179,66.35982513427734
3180,38.693450927734375
3181,29.659826278686523
3182,38.704872131347656
3183,59.10059356689453
3184,39.22613525390625
3185,72.98622131347656
3186,39.4805793762207
3187,37.03370666503906
3188,39.41057205200195
3189,22.626354217529297
3190,39.22838592529297
3191,55.60505676269531
3192,28.988170623779297
3193,79.88475036621094
3194,33.86597442626953
3195,41.9693603515625
3196,28.27641487121582
3197,13.95697021484375
3198,33.04053497314453
3199,48.97706985473633
3200,57.883811950683594
3201,60.426124572753906
3202,82.64070129394531
3203,35.91244888305664
3204,83.28323364257812
3205,49.021095275878906
3206,76.29116821289062
3207,49.20702362060547
3208,90.57886505126953
3209,65.85994720458984
3210,37.77228546142578
3211,30.65229606628418
3212,37.92323303222656
3213,59.74112319946289
3214,38.011619567871094
3215,72.4469985961914
3216,39.01935958862305
3217,36.06617736816406
3218,38.052093505859375
3219,24.208934783935547
3220,39.10638427734375
3221,56.54265213012695
3222,27.22892951965332
3223,79.25442504882812
3224,30.231969833374023
3225,40.223045349121094
3226,27.73941421508789
3227,18.132421493530273
3228,31.179508209228516
3229,47.295406341552734
3230,58.66209411621094
3231,61.33172607421875
3232,70.85285949707031
3233,35.428829193115234
3234,70.76205444335938
3235,47.56329345703125
3236,65.27307891845703
3237,49.080745697021484
3238,77.05255889892578
3239,65.84280395507812
3240,37.918983459472656
3241,29.378101348876953
3242,38.87664031982422
3243,58.88960266113281
3244,38.778961181640625
3245,72.63710021972656
3246,38.633270263671875
3247,36.43370819091797
3248,38.738983154296875
3249,22.371665954589844
3250,40.16924285888672
3251,56.61673355102539
3252,28.782154083251953
3253,78.28733825683594
3254,32.4681396484375
3255,37.28009033203125
3256,28.82763671875
3257,15.92029094696045
3258,33.141334533691406
3259,48.83236312866211
3260,54.239227294921875
3261,62.75224304199219
3262,74.67291259765625
3263,34.58222198486328
3264,75.53408813476562
3265,48.83058547973633
3266,69.03496551513672
3267,48.9244270324707
3268,84.21466064453125
3269,64.96842956542969
3270,37.42082595825195
3271,26.146432876586914
3272,39.1234245300293
3273,57.71955871582031
3274,37.72166061401367
3275,71.86244201660156
3276,36.985809326171875
3277,33.062984466552734
3278,39.297584533691406
3279,19.85379981994629
3280,40.09001922607422
3281,55.72572708129883
3282,29.974802017211914
3283,78.82363891601562
3284,29.14450454711914
3285,35.49818420410156
3286,31.51789665222168
3287,12.220219612121582
3288,33.22829818725586
3289,46.3543586730957
3290,50.78944778442383
3291,60.36663055419922
3292,76.8769760131836
3293,34.61802673339844
3294,78.38054656982422
3295,46.9109001159668
3296,67.50041198730469
3297,48.40875244140625
3298,85.32247924804688
3299,63.877376556396484
3300,38.749881744384766
3301,29.02722930908203
3302,35.16844177246094
3303,57.49329376220703
3304,39.07686233520508
3305,70.42887115478516
3306,39.859771728515625
3307,35.350215911865234
3308,36.78607177734375
3309,22.649581909179688
3310,34.92249298095703
3311,52.93515396118164
3312,30.60057258605957
3313,78.1337661743164
3314,35.26106643676758
3315,40.53156280517578
3316,27.978500366210938
3317,16.202733993530273
3318,27.349729537963867
3319,44.05454635620117
3320,58.79785919189453
3321,55.8812370300293
3322,78.81590270996094
3323,28.158475875854492
3324,76.89802551269531
3325,40.6552848815918
3326,74.64178466796875
3327,40.897918701171875
3328,83.48776245117188
3329,67.29925537109375
3330,36.307716369628906
3331,28.518199920654297
3332,35.734283447265625
3333,60.68035125732422
3334,37.00330352783203
3335,73.29175567626953
3336,36.87726593017578
3337,35.52239227294922
3338,36.825355529785156
3339,22.046234130859375
3340,36.48197937011719
3341,57.795021057128906
3342,28.96724510192871
3343,79.43876647949219
3344,28.01223373413086
3345,38.063133239746094
3346,28.767417907714844
3347,16.09587287902832
3348,27.135238647460938
3349,48.4050407409668
3350,51.955081939697266
3351,63.60562515258789
3352,72.30681610107422
3353,31.976154327392578
3354,71.66792297363281
3355,48.10422134399414
3356,67.43211364746094
3357,47.24882507324219
3358,82.25601959228516
3359,64.05853271484375
3360,35.15938186645508
3361,30.085723876953125
3362,39.94635772705078
3363,57.47355270385742
3364,35.23046875
3365,69.60675048828125
3366,35.18503952026367
3367,36.08888244628906
3368,38.46253967285156
3369,23.5302677154541
3370,41.087154388427734
3371,56.041351318359375
3372,27.171852111816406
3373,74.07280731201172
3374,25.51479721069336
3375,37.17121124267578
3376,30.571823120117188
3377,18.91193389892578
3378,34.35761260986328
3379,47.138370513916016
3380,45.33623504638672
3381,64.89372253417969
3382,67.13159942626953
3383,36.455238342285156
3384,71.95146179199219
3385,48.93913269042969
3386,63.62309265136719
3387,50.177635192871094
3388,73.7745361328125
3389,66.82063293457031
3390,36.866943359375
3391,30.564620971679688
3392,35.967498779296875
3393,60.9605712890625
3394,37.14311218261719
3395,72.12140655517578
3396,37.28993225097656
3397,36.58092498779297
3398,36.414756774902344
3399,23.88312339782715
3400,36.468841552734375
3401,58.099857330322266
3402,29.165307998657227
3403,77.00114440917969
3404,28.173479080200195
3405,39.193294525146484
3406,28.594223022460938
3407,18.03348731994629
3408,25.874662399291992
3409,49.39936828613281
3410,50.501434326171875
3411,61.3778190612793
3412,71.10391235351562
3413,32.590911865234375
3414,70.29306030273438
3415,48.27387237548828
3416,64.77165222167969
3417,47.25830841064453
3418,77.286865234375
3419,65.90521240234375
3420,36.23912811279297
3421,28.163049697875977
3422,35.903568267822266
3423,59.04131317138672
3424,37.040687561035156
3425,73.47894287109375
3426,36.94971466064453
3427,35.21003723144531
3428,36.594825744628906
3429,21.124757766723633
3430,36.56003189086914
3431,56.059051513671875
3432,29.982576370239258
3433,80.34506225585938
3434,28.72954559326172
3435,36.77086639404297
3436,30.734922409057617
3437,14.237418174743652
3438,30.674169540405273
3439,46.68332290649414
3440,60.12545394897461
3441,59.358604431152344
3442,81.5263900756836
3443,35.628089904785156
3444,81.69406127929688
3445,47.02659606933594
3446,75.80867004394531
3447,47.20265197753906
3448,90.00613403320312
3449,67.5411605834961
3450,36.658302307128906
3451,29.087100982666016
3452,36.04576873779297
3453,60.54046630859375
3454,37.352516174316406
3455,74.47358703613281
3456,38.04953384399414
3457,36.23670959472656
3458,37.10386657714844
3459,21.612930297851562
3460,36.854095458984375
3461,56.4771728515625
3462,29.30307388305664
3463,82.31930541992188
3464,31.280916213989258
3465,39.23975372314453
3466,28.736812591552734
3467,15.145599365234375
3468,29.113197326660156
3469,46.73675537109375
3470,54.765419006347656
3471,61.05816650390625
3472,77.0413818359375
3473,32.755863189697266
3474,78.1124267578125
3475,46.24388885498047
3476,73.80899047851562
3477,45.799678802490234
3478,85.1494369506836
3479,64.40298461914062
3480,35.80359649658203
3481,30.68856430053711
3482,35.99250411987305
3483,57.98955535888672
3484,36.4986686706543
3485,70.47627258300781
3486,36.119632720947266
3487,37.06791687011719
3488,37.16071319580078
3489,23.57486915588379
3490,36.63629913330078
3491,54.59107208251953
3492,28.40547752380371
3493,76.39024353027344
3494,29.987152099609375
3495,42.45045852661133
3496,27.78310775756836
3497,16.518760681152344
3498,30.932437896728516
3499,49.84889602661133
3500,56.177276611328125
3501,59.58491897583008
3502,77.17640686035156
3503,37.07307052612305
3504,78.78573608398438
3505,50.10600280761719
3506,71.05226135253906
3507,48.752708435058594
3508,85.2305679321289
3509,64.99903869628906
3510,35.42058181762695
3511,30.53130531311035
3512,35.804412841796875
3513,59.009483337402344
3514,36.52159881591797
3515,71.48323822021484
3516,36.333518981933594
3517,37.246578216552734
3518,36.670467376708984
3519,23.48436737060547
3520,36.65574264526367
3521,57.32851791381836
3522,28.84823226928711
3523,76.65153503417969
3524,30.371646881103516
3525,39.61583709716797
3526,29.372074127197266
3527,18.92490005493164
3528,30.70467758178711
3529,48.242733001708984
3530,51.4769287109375
3531,60.70904541015625
3532,72.18653869628906
3533,34.64569091796875
3534,73.47989654541016
3535,48.38957214355469
3536,65.25418090820312
3537,48.005958557128906
3538,83.41410827636719
3539,74.14004516601562
3540,30.04450225830078
3541,31.071664810180664
3542,31.886554718017578
3543,68.48363494873047
3544,30.207416534423828
3545,80.99723815917969
3546,30.278522491455078
3547,36.4149169921875
3548,30.660869598388672
3549,27.100814819335938
3550,33.302490234375
3551,61.34278106689453
3552,19.42877960205078
3553,88.00395202636719
3554,23.166820526123047
3555,37.71974182128906
3556,18.77144432067871
3557,16.335643768310547
3558,24.58538818359375
3559,56.24530792236328
3560,47.24943542480469
3561,73.78816223144531
3562,74.84342956542969
3563,39.89641571044922
3564,73.61647033691406
3565,55.99852752685547
3566,64.89387512207031
3567,56.46971130371094
3568,83.86911010742188
3569,64.41560363769531
3570,37.990821838378906
3571,27.624853134155273
3572,40.694580078125
3573,57.2596435546875
3574,38.27613067626953
3575,70.9954833984375
3576,38.174415588378906
3577,34.97283935546875
3578,39.66178512573242
3579,21.142471313476562
3580,42.36933135986328
3581,55.8278923034668
3582,30.535133361816406
3583,76.15362548828125
3584,29.629426956176758
3585,36.225921630859375
3586,31.59115219116211
3587,13.318077087402344
3588,34.62159729003906
3589,46.795467376708984
3590,49.04434585571289
3591,61.996246337890625
3592,75.36849975585938
3593,34.79117202758789
3594,76.7732925415039
3595,48.078651428222656
3596,66.75467681884766
3597,48.62352752685547
3598,83.30364227294922
3599,66.14002227783203
3600,40.08655548095703
3601,28.855947494506836
3602,38.655555725097656
3603,59.200870513916016
3604,38.78285598754883
3605,73.66389465332031
3606,41.408180236816406
3607,35.85057830810547
3608,38.13813781738281
3609,22.05904197692871
3610,39.6746940612793
3611,56.71152114868164
3612,30.02948760986328
3613,80.58011627197266
3614,32.88555908203125
3615,39.82387924194336
3616,29.230318069458008
3617,13.84472370147705
3618,31.452068328857422
3619,47.893829345703125
3620,50.82209014892578
3621,63.17124938964844
3622,75.13684844970703
3623,32.4921989440918
3624,76.63984680175781
3625,47.68815231323242
3626,70.37129211425781
3627,47.872596740722656
3628,81.72467803955078
3629,66.46263122558594
3630,40.48565673828125
3631,31.463600158691406
3632,38.48614501953125
3633,59.7073974609375
3634,40.34601593017578
3635,73.23236083984375
3636,40.9719123840332
3637,37.77202224731445
3638,39.363319396972656
3639,24.288185119628906
3640,37.93547821044922
3641,57.58021926879883
3642,29.75807762145996
3643,80.22383117675781
3644,30.77368927001953
3645,42.312278747558594
3646,29.821407318115234
3647,17.462074279785156
3648,27.937999725341797
3649,47.74583053588867
3650,57.29393768310547
3651,62.82707595825195
3652,77.83935546875
3653,31.122528076171875
3654,76.83080291748047
3655,47.61763000488281
3656,72.37863159179688
3657,46.697967529296875
3658,85.48174285888672
3659,68.58349609375
3660,36.520591735839844
3661,29.87592315673828
3662,33.01548767089844
3663,60.94453048706055
3664,37.107826232910156
3665,75.83210754394531
3666,38.36479949951172
3667,36.780372619628906
3668,35.198509216308594
3669,22.003314971923828
3670,32.867820739746094
3671,56.92566680908203
3672,31.768367767333984
3673,83.21235656738281
3674,32.30464553833008
3675,39.46470642089844
3676,28.802488327026367
3677,16.868160247802734
3678,24.76614761352539
3679,45.018733978271484
3680,56.55548858642578
3681,58.00989532470703
3682,76.2711181640625
3683,31.49435806274414
3684,73.75978088378906
3685,43.92876434326172
3686,74.05870056152344
3687,43.575225830078125
3688,80.45152282714844
3689,65.02130126953125
3690,35.752376556396484
3691,30.922420501708984
3692,37.045875549316406
3693,59.1937255859375
3694,36.96380615234375
3695,71.18722534179688
3696,35.56011199951172
3697,36.89979553222656
3698,37.476558685302734
3699,24.48523712158203
3700,37.32987976074219
3701,58.042991638183594
3702,29.26520538330078
3703,75.14420318603516
3704,28.537168502807617
3705,38.24041748046875
3706,30.452770233154297
3707,19.3354434967041
3708,32.62895965576172
3709,48.50273895263672
3710,54.842681884765625
3711,63.95222091674805
3712,71.39724731445312
3713,34.94164276123047
3714,72.21785736083984
3715,48.95156478881836
3716,70.96031951904297
3717,48.674339294433594
3718,78.627685546875
3719,67.4195327758789
3720,37.37706756591797
3721,30.320831298828125
3722,37.067630767822266
3723,61.09294891357422
3724,38.03981399536133
3725,73.23899841308594
3726,38.612945556640625
3727,36.52555847167969
3728,38.090965270996094
3729,23.875478744506836
3730,37.70366287231445
3731,58.758079528808594
3732,29.36847686767578
3733,79.86614990234375
3734,30.333641052246094
3735,38.521888732910156
3736,29.295146942138672
3737,17.040874481201172
3738,29.211563110351562
3739,48.523712158203125
3740,50.75099182128906
3741,63.133544921875
3742,73.11341857910156
3743,33.569969177246094
3744,72.90142822265625
3745,48.75735092163086
3746,67.43423461914062
3747,48.616634368896484
3748,78.77825927734375
3749,65.11750793457031
3750,37.30341339111328
3751,31.293222427368164
3752,37.043601989746094
3753,59.432369232177734
3754,37.509727478027344
3755,71.59708404541016
3756,38.218379974365234
3757,36.726715087890625
3758,36.903221130371094
3759,25.127714157104492
3760,37.919837951660156
3761,56.815467834472656
3762,27.272031784057617
3763,77.45094299316406
3764,30.018173217773438
3765,40.132904052734375
3766,27.384193420410156
3767,19.520858764648438
3768,30.210975646972656
3769,47.38011932373047
3770,58.75392150878906
3771,60.632938385009766
3772,68.92414855957031
3773,36.22262954711914
3774,68.3116455078125
3775,47.745384216308594
3776,63.407745361328125
3777,49.00038528442383
3778,76.21339416503906
3779,65.41514587402344
3780,37.22706604003906
3781,31.06302261352539
3782,37.20365905761719
3783,59.3756103515625
3784,38.84783172607422
3785,72.8668212890625
3786,37.86466598510742
3787,36.72486877441406
3788,38.03966522216797
3789,24.319793701171875
3790,37.167930603027344
3791,55.49489212036133
3792,31.228994369506836
3793,78.72166442871094
3794,30.961414337158203
3795,39.02704620361328
3796,30.808311462402344
3797,18.484949111938477
3798,29.92800521850586
3799,49.61640167236328
3800,53.19327163696289
3801,62.724239349365234
3802,72.41770935058594
3803,35.6497802734375
3804,72.6719970703125
3805,48.983421325683594
3806,69.40800476074219
3807,48.62732696533203
3808,78.37863159179688
3809,67.22714233398438
3810,38.11091232299805
3811,30.138139724731445
3812,36.756309509277344
3813,60.17142868041992
3814,38.07394790649414
3815,73.60260009765625
3816,39.28392791748047
3817,37.09722900390625
3818,36.76676559448242
3819,22.8614501953125
3820,37.42007827758789
3821,58.63841247558594
3822,27.268112182617188
3823,79.56649780273438
3824,32.6686897277832
3825,38.94847869873047
3826,25.217763900756836
3827,16.32391357421875
3828,28.943424224853516
3829,48.51163864135742
3830,51.49391174316406
3831,62.453216552734375
3832,74.40696716308594
3833,33.2912712097168
3834,73.65705871582031
3835,48.14739227294922
3836,67.73566436767578
3837,47.74420166015625
3838,82.30645751953125
3839,65.74946594238281
3840,37.41212844848633
3841,31.327890396118164
3842,37.08082580566406
3843,59.8510627746582
3844,37.38188171386719
3845,72.33848571777344
3846,38.1893310546875
3847,36.85280990600586
3848,36.93511962890625
3849,24.994705200195312
3850,37.916748046875
3851,57.18721008300781
3852,27.014280319213867
3853,78.46002197265625
3854,30.050281524658203
3855,40.77325439453125
3856,27.182893753051758
3857,19.042316436767578
3858,29.99230194091797
3859,47.751976013183594
3860,58.18883514404297
3861,62.95577621459961
3862,71.01564025878906
3863,36.70977783203125
3864,69.93395233154297
3865,49.36224365234375
3866,67.82789611816406
3867,49.99768829345703
3868,77.39247131347656
3869,66.27809143066406
3870,35.02322006225586
3871,30.15843391418457
3872,36.01638412475586
3873,59.87958908081055
3874,35.240543365478516
3875,72.98739624023438
3876,36.00652313232422
3877,36.30884552001953
3878,35.52758026123047
3879,23.586742401123047
3880,37.04515075683594
3881,58.18465805053711
3882,26.92113494873047
3883,80.20973205566406
3884,27.672649383544922
3885,36.376705169677734
3886,27.425212860107422
3887,16.50893211364746
3888,30.55520248413086
3889,47.93147277832031
3890,43.75517272949219
3891,60.40903091430664
3892,71.90309143066406
3893,36.11022186279297
3894,71.97943878173828
3895,47.923500061035156
3896,60.959434509277344
3897,48.073089599609375
3898,77.49871063232422
3899,71.45594024658203
3900,33.891971588134766
3901,25.125837326049805
3902,33.46177673339844
3903,62.12992858886719
3904,35.16249465942383
3905,80.35907745361328
3906,35.12059020996094
3907,33.430030822753906
3908,34.97551727294922
3909,15.774628639221191
3910,33.89164733886719
3911,56.8305778503418
3912,27.55329132080078
3913,88.65753173828125
3914,26.827919006347656
3915,36.68159484863281
3916,26.399112701416016
3917,10.45352554321289
3918,23.933162689208984
3919,45.98115921020508
3920,59.158912658691406
3921,63.54124450683594
3922,82.63592529296875
3923,30.020965576171875
3924,82.12718200683594
3925,45.83981704711914
3926,80.81593322753906
3927,45.83735656738281
3928,88.26652526855469
3929,67.60568237304688
3930,38.96027374267578
3931,29.213300704956055
3932,37.882972717285156
3933,61.07575988769531
3934,39.84031677246094
3935,73.92784118652344
3936,40.69557571411133
3937,35.79273986816406
3938,38.86744689941406
3939,22.455230712890625
3940,39.567588806152344
3941,58.781982421875
3942,31.13837432861328
3943,83.07784271240234
3944,32.61135482788086
3945,39.18305206298828
3946,30.740365982055664
3947,13.824565887451172
3948,31.689083099365234
3949,46.57146453857422
3950,62.25535583496094
3951,62.56114196777344
3952,84.02424621582031
3953,31.154396057128906
3954,83.57086181640625
3955,47.141136169433594
3956,75.57028198242188
3957,46.47631072998047
3958,90.220947265625
3959,66.96049499511719
3960,38.67399597167969
3961,30.74295425415039
3962,40.608558654785156
3963,59.068538665771484
3964,39.268714904785156
3965,74.49034881591797
3966,39.55455780029297
3967,38.147308349609375
3968,40.84406280517578
3969,22.827224731445312
3970,42.33161163330078
3971,56.077091217041016
3972,28.95823860168457
3973,81.30348205566406
3974,32.88072204589844
3975,39.81731033325195
3976,29.58370018005371
3977,15.40367317199707
3978,36.32151412963867
3979,49.14237594604492
3980,53.67837905883789
3981,67.42888641357422
3982,78.1291732788086
3983,32.716941833496094
3984,79.12811279296875
3985,49.49906921386719
3986,72.80732727050781
3987,49.754844665527344
3988,75.70563507080078
3989,66.73199462890625
3990,35.567047119140625
3991,26.65667152404785
3992,40.396907806396484
3993,60.41271209716797
3994,36.858642578125
3995,72.66754150390625
3996,35.12171173095703
3997,33.919578552246094
3998,39.041316986083984
3999,17.868003845214844
4000,42.71923828125
4001,55.20043182373047
4002,28.370792388916016
4003,77.28514099121094
4004,25.645591735839844
4005,34.57474136352539
4006,30.517436981201172
4007,8.700265884399414
4008,34.566429138183594
4009,52.7662239074707
4010,56.19905471801758
4011,66.5152359008789
4012,76.44107818603516
4013,33.67097091674805
4014,81.39852905273438
4015,52.336360931396484
4016,73.73252868652344
4017,52.052032470703125
4018,84.58627319335938
4019,66.74818420410156
4020,36.974143981933594
4021,29.212926864624023
4022,36.1506233215332
4023,60.476707458496094
4024,38.431922912597656
4025,72.63599395751953
4026,37.18768310546875
4027,35.910255432128906
4028,37.7274169921875
4029,22.436716079711914
4030,36.490211486816406
4031,58.87521743774414
4032,31.772140502929688
4033,78.47649383544922
4034,29.785480499267578
4035,38.560455322265625
4036,30.81822967529297
4037,16.248794555664062
4038,27.55282211303711
4039,49.294097900390625
4040,55.618247985839844
4041,59.990848541259766
4042,73.66949462890625
4043,33.087982177734375
4044,73.23892211914062
4045,47.2770881652832
4046,70.04997253417969
4047,46.88890838623047
4048,80.958740234375
4049,64.83351135253906
4050,34.724639892578125
4051,31.164669036865234
4052,33.1304931640625
4053,59.80497360229492
4054,35.37360382080078
4055,70.4212875366211
4056,35.38163757324219
4057,36.326995849609375
4058,34.064292907714844
4059,25.533720016479492
4060,34.04156494140625
4061,56.07145690917969
4062,28.991554260253906
4063,76.84397888183594
4064,29.405582427978516
4065,40.47327423095703
4066,27.637046813964844
4067,20.351049423217773
4068,27.246633529663086
4069,47.25141143798828
4070,51.895477294921875
4071,58.19961929321289
4072,70.49626159667969
4073,33.01316833496094
4074,68.75242614746094
4075,46.02085494995117
4076,65.20390319824219
4077,44.5919189453125
4078,77.20883178710938
4079,65.43971252441406
4080,37.99605941772461
4081,27.005802154541016
4082,40.92225646972656
4083,58.724708557128906
4084,38.67742156982422
4085,73.76757049560547
4086,38.387447357177734
4087,33.276493072509766
4088,40.783138275146484
4089,20.322134017944336
4090,42.46173095703125
4091,55.269020080566406
4092,30.09674835205078
4093,80.0699462890625
4094,30.2447509765625
4095,35.63368225097656
4096,32.76580047607422
4097,12.460369110107422
4098,34.99042892456055
4099,47.04136657714844
4100,51.19947052001953
4101,63.70640563964844
4102,78.69879150390625
4103,33.63483810424805
4104,80.61598205566406
4105,47.74261474609375
4106,69.0095443725586
4107,49.32255935668945
4108,88.01599884033203
4109,64.98626708984375
4110,35.23008346557617
4111,31.455364227294922
4112,36.968441009521484
4113,58.38002014160156
4114,35.40431213378906
4115,71.33911895751953
4116,35.752845764160156
4117,38.20294189453125
4118,36.768882751464844
4119,25.514991760253906
4120,38.24212646484375
4121,55.880157470703125
4122,28.259469985961914
4123,76.09873962402344
4124,27.718460083007812
4125,38.82847595214844
4126,30.401838302612305
4127,19.014934539794922
4128,33.0999755859375
4129,49.678977966308594
4130,53.011844635009766
4131,63.376060485839844
4132,73.04168701171875
4133,37.5973014831543
4134,74.0684814453125
4135,49.41851806640625
4136,68.66358947753906
4137,49.71379852294922
4138,80.34513092041016
4139,70.10308074951172
4140,32.58204650878906
4141,30.014596939086914
4142,34.625267028808594
4143,64.02018737792969
4144,33.769039154052734
4145,76.39897155761719
4146,34.007041931152344
4147,36.59223937988281
4148,34.534542083740234
4149,23.210548400878906
4150,36.220340728759766
4151,61.07835388183594
4152,20.108631134033203
4153,83.92447662353516
4154,26.009990692138672
4155,39.54206085205078
4156,22.647930145263672
4157,15.182290077209473
4158,27.799806594848633
4159,51.87925720214844
4160,48.79401397705078
4161,67.71935272216797
4162,72.49278259277344
4163,38.29173278808594
4164,71.11174774169922
4165,51.92163848876953
4166,64.4278793334961
4167,52.946937561035156
4168,82.62701416015625
4169,64.50901794433594
4170,36.5351676940918
4171,32.16851043701172
4172,36.526737213134766
4173,59.55580139160156
4174,37.027442932128906
4175,70.9144287109375
4176,36.86025619506836
4177,37.06596374511719
4178,37.51614761352539
4179,25.86492156982422
4180,36.9348258972168
4181,55.439971923828125
4182,29.94221305847168
4183,75.85697937011719
4184,30.124576568603516
4185,39.5027961730957
4186,29.467544555664062
4187,18.953035354614258
4188,29.42718505859375
4189,49.684898376464844
4190,50.77046203613281
4191,62.881160736083984
4192,70.79164123535156
4193,37.62193298339844
4194,71.1853256225586
4195,49.27961730957031
4196,66.72581481933594
4197,50.25217819213867
4198,76.84234619140625
4199,66.42739868164062
4200,38.6326789855957
4201,31.08484649658203
4202,36.11746597290039
4203,60.72117233276367
4204,38.262943267822266
4205,72.6892318725586
4206,40.174659729003906
4207,36.95967102050781
4208,35.58821105957031
4209,24.592866897583008
4210,36.91706466674805
4211,57.715370178222656
4212,28.625791549682617
4213,80.15069580078125
4214,31.665990829467773
4215,39.99345397949219
4216,27.040456771850586
4217,18.791473388671875
4218,28.697891235351562
4219,46.54187774658203
4220,61.46278762817383
4221,60.611976623535156
4222,72.37416076660156
4223,33.675437927246094
4224,68.69992065429688
4225,47.01297378540039
4226,68.33135986328125
4227,45.52876281738281
4228,79.57644653320312
4229,65.64928436279297
4230,39.814579010009766
4231,28.74634552001953
4232,42.616485595703125
4233,57.8902702331543
4234,41.20307922363281
4235,72.87747955322266
4236,40.73750686645508
4237,35.82645034790039
4238,42.83316421508789
4239,21.368680953979492
4240,44.485023498535156
4241,54.44861602783203
4242,29.137554168701172
4243,79.49903869628906
4244,32.93303680419922
4245,36.92631149291992
4246,29.931373596191406
4247,12.480714797973633
4248,38.59821319580078
4249,47.973289489746094
4250,51.665863037109375
4251,67.44629669189453
4252,77.04541015625
4253,30.695404052734375
4254,77.79109191894531
4255,49.19043731689453
4256,72.50040435791016
4257,49.20562744140625
4258,76.26019287109375
4259,66.53936767578125
4260,36.949100494384766
4261,30.802993774414062
4262,35.743858337402344
4263,60.635948181152344
4264,37.31352233886719
4265,71.91868591308594
4266,37.68309020996094
4267,36.8083381652832
4268,36.44651794433594
4269,24.577619552612305
4270,36.403892517089844
4271,57.61524200439453
4272,29.65828514099121
4273,78.431884765625
4274,29.55031394958496
4275,39.09071350097656
4276,28.872451782226562
4277,19.118362426757812
4278,26.489212036132812
4279,48.086463928222656
4280,49.82419204711914
4281,59.86541748046875
4282,71.61663818359375
4283,33.00423049926758
4284,70.35546875
4285,47.17156219482422
4286,64.9266357421875
4287,46.25556182861328
4288,77.37982177734375
4289,67.03837585449219
4290,36.465538024902344
4291,31.580801010131836
4292,37.037750244140625
4293,60.858848571777344
4294,37.01036834716797
4295,73.72805786132812
4296,36.04302978515625
4297,38.388084411621094
4298,37.49961853027344
4299,25.189804077148438
4300,36.91090393066406
4301,59.5778923034668
4302,28.948162078857422
4303,76.93020629882812
4304,29.14095687866211
4305,39.88081741333008
4306,29.76315689086914
4307,21.234315872192383
4308,31.624488830566406
4309,50.12608337402344
4310,56.353431701660156
4311,64.0427017211914
4312,73.21292114257812
4313,35.579803466796875
4314,72.91267395019531
4315,48.99988555908203
4316,72.33680725097656
4317,49.3973503112793
4318,77.4759750366211
4319,66.47795104980469
4320,37.048728942871094
4321,29.250167846679688
4322,37.83834457397461
4323,59.651466369628906
4324,38.62519073486328
4325,73.23121643066406
4326,37.451683044433594
4327,36.09844970703125
4328,39.13502502441406
4329,22.095279693603516
4330,38.57996368408203
4331,55.68119812011719
4332,33.32533264160156
4333,79.14541625976562
4334,31.66839599609375
4335,38.85783004760742
4336,32.777069091796875
4337,16.46460723876953
4338,32.00220489501953
4339,48.183509826660156
4340,58.80963897705078
4341,60.5799560546875
4342,77.34890747070312
4343,34.276275634765625
4344,76.36521911621094
4345,48.31141662597656
4346,73.79734802246094
4347,47.74943161010742
4348,84.83159637451172
4349,64.78338623046875
4350,36.944236755371094
4351,32.25177001953125
4352,36.026817321777344
4353,58.61537551879883
4354,37.36774444580078
4355,70.8636474609375
4356,37.396209716796875
4357,38.53570556640625
4358,37.01777267456055
4359,25.575485229492188
4360,36.58741760253906
4361,54.76292419433594
4362,29.217716217041016
4363,77.42936706542969
4364,32.66846466064453
4365,42.68151092529297
4366,28.243427276611328
4367,18.93877410888672
4368,30.406635284423828
4369,48.25811004638672
4370,55.385459899902344
4371,56.940147399902344
4372,75.02156066894531
4373,37.738338470458984
4374,75.24431610107422
4375,47.84813690185547
4376,69.53712463378906
4377,47.528099060058594
4378,81.80256652832031
4379,65.85149383544922
4380,35.25116729736328
4381,30.819454193115234
4382,36.290138244628906
4383,59.95673751831055
4384,36.16809844970703
4385,72.12001037597656
4386,34.91160583496094
4387,37.0330696105957
4388,36.93452453613281
4389,23.588647842407227
4390,36.447872161865234
4391,58.03276824951172
4392,28.677757263183594
4393,76.2178955078125
4394,27.562990188598633
4395,38.58861541748047
4396,29.400760650634766
4397,19.220720291137695
4398,31.208057403564453
4399,48.62688446044922
4400,55.86249923706055
4401,63.428916931152344
4402,72.69352722167969
4403,34.611595153808594
4404,72.7513427734375
4405,48.74065399169922
4406,71.66378021240234
4407,49.057411193847656
4408,78.27056884765625
4409,65.28512573242188
4410,37.520423889160156
4411,24.57039451599121
4412,39.78655242919922
4413,58.04149627685547
4414,37.43818664550781
4415,73.59522247314453
4416,37.186893463134766
4417,31.335601806640625
4418,39.919639587402344
4419,17.24817657470703
4420,41.40293884277344
4421,55.16392135620117
4422,29.33307647705078
4423,80.30332946777344
4424,29.231075286865234
4425,34.99607849121094
4426,30.99394989013672
4427,11.247467041015625
4428,32.110870361328125
4429,45.586463928222656
4430,50.17853546142578
4431,62.118553161621094
4432,79.34080505371094
4433,33.30107116699219
4434,81.63028717041016
4435,46.370941162109375
4436,68.99201965332031
4437,48.71173095703125
4438,88.5536117553711
4439,66.17623901367188
4440,37.55708694458008
4441,30.250263214111328
4442,36.81157684326172
4443,60.03902816772461
4444,38.278846740722656
4445,73.09902954101562
4446,38.60551834106445
4447,36.66801452636719
4448,37.69677734375
4449,23.18482208251953
4450,37.29765319824219
4451,56.02252197265625
4452,30.76557159423828
4453,79.31578063964844
4454,30.954425811767578
4455,39.189212799072266
4456,30.622089385986328
4457,16.97446060180664
4458,30.398656845092773
4459,48.464508056640625
4460,54.873077392578125
4461,62.53026580810547
4462,75.04060363769531
4463,33.766143798828125
4464,74.1751708984375
4465,47.628658294677734
4466,69.92926788330078
4467,47.45277404785156
4468,82.43978881835938
4469,66.78290557861328
4470,38.035118103027344
4471,29.49551773071289
4472,35.70388412475586
4473,61.132659912109375
4474,38.64852523803711
4475,73.61885070800781
4476,39.09441375732422
4477,35.29756164550781
4478,37.04452896118164
4479,22.80661392211914
4480,36.68852233886719
4481,56.86288070678711
4482,28.966331481933594
4483,80.88529968261719
4484,31.86475372314453
4485,39.07627487182617
4486,28.143054962158203
4487,15.558981895446777
4488,27.39727210998535
4489,48.577301025390625
4490,52.00916290283203
4491,60.59873962402344
4492,76.3834228515625
4493,33.2419548034668
4494,75.90924072265625
4495,47.54700469970703
4496,68.9268569946289
4497,46.60126495361328
4498,82.46391296386719
4499,67.63419342041016
4500,36.95291519165039
4501,27.59579086303711
4502,37.35353088378906
4503,60.17008590698242
4504,37.475799560546875
4505,74.80084228515625
4506,37.4586181640625
4507,35.311737060546875
4508,37.65727233886719
4509,19.402442932128906
4510,38.58027648925781
4511,58.260887145996094
4512,27.860017776489258
4513,81.0885238647461
4514,31.392290115356445
4515,36.73936462402344
4516,27.042741775512695
4517,11.975288391113281
4518,30.376306533813477
4519,49.1663703918457
4520,57.71691131591797
4521,66.37736511230469
4522,74.58705139160156
4523,31.088581085205078
4524,76.76422119140625
4525,49.81694030761719
4526,72.10548400878906
4527,49.96587371826172
4528,84.90962219238281
4529,66.52481079101562
4530,39.156272888183594
4531,27.664573669433594
4532,38.57090759277344
4533,59.861942291259766
4534,39.8388786315918
4535,74.07199096679688
4536,39.79467010498047
4537,34.50300598144531
4538,39.39360427856445
4539,20.391071319580078
4540,39.282081604003906
4541,56.72663116455078
4542,31.165252685546875
4543,80.02403259277344
4544,32.591575622558594
4545,37.249610900878906
4546,30.342391967773438
4547,12.877229690551758
4548,31.42214584350586
4549,47.463104248046875
4550,55.74665451049805
4551,64.66462707519531
4552,77.42596435546875
4553,30.880556106567383
4554,78.49528503417969
4555,47.66399383544922
4556,74.51223754882812
4557,48.004852294921875
4558,79.67935180664062
4559,67.49455261230469
4560,36.871585845947266
4561,26.844341278076172
4562,34.419761657714844
4563,60.66114807128906
4564,37.244239807128906
4565,74.79009246826172
4566,38.91733932495117
4567,34.62176513671875
4568,36.11577606201172
4569,19.46212387084961
4570,34.69279479980469
4571,56.78875732421875
4572,30.363004684448242
4573,82.6402587890625
4574,32.221073150634766
4575,38.60481262207031
4576,27.57204246520996
4577,12.771769523620605
4578,25.74019432067871
4579,46.030311584472656
4580,56.283714294433594
4581,60.77566146850586
4582,79.27291107177734
4583,28.868267059326172
4584,77.86236572265625
4585,44.448326110839844
4586,75.52369689941406
4587,44.31724548339844
4588,86.78326416015625
4589,67.93972778320312
4590,34.835540771484375
4591,30.9783935546875
4592,32.34059524536133
4593,61.692779541015625
4594,35.36353302001953
4595,74.11548614501953
4596,36.01966094970703
4597,36.53541564941406
4598,33.96568298339844
4599,25.01156997680664
4600,32.7896728515625
4601,59.37487030029297
4602,27.997447967529297
4603,80.91896057128906
4604,30.163312911987305
4605,41.64399719238281
4606,26.959318161010742
4607,18.235403060913086
4608,26.82796859741211
4609,48.092193603515625
4610,55.717079162597656
4611,58.05029296875
4612,74.4400634765625
4613,34.00837326049805
4614,72.01408386230469
4615,46.40300750732422
4616,68.93270874023438
4617,45.37705993652344
4618,80.80201721191406
4619,67.78974914550781
4620,30.992740631103516
4621,28.88589859008789
4622,32.33039855957031
4623,62.43577575683594
4624,31.7137508392334
4625,73.21410369873047
4626,31.835153579711914
4627,35.46828079223633
4628,32.72028350830078
4629,22.27062225341797
4630,34.250728607177734
4631,60.01262664794922
4632,19.669021606445312
4633,80.21063995361328
4634,24.164531707763672
4635,40.487518310546875
4636,21.709129333496094
4637,12.862943649291992
4638,26.89853286743164
4639,52.58090591430664
4640,48.2425422668457
4641,64.42422485351562
4642,73.53903198242188
4643,40.286376953125
4644,71.67265319824219
4645,51.6950569152832
4646,64.43736267089844
4647,52.08722686767578
4648,84.07567596435547
4649,64.56756591796875
4650,35.060394287109375
4651,26.306995391845703
4652,34.169273376464844
4653,58.908103942871094
4654,35.090293884277344
4655,71.80595397949219
4656,35.446266174316406
4657,32.3341178894043
4658,34.79145812988281
4659,19.750822067260742
4660,34.688087463378906
4661,54.69585418701172
4662,24.42522430419922
4663,79.64814758300781
4664,26.26569175720215
4665,36.32533264160156
4666,24.132307052612305
4667,13.921953201293945
4668,25.292810440063477
4669,44.074501037597656
4670,60.28975296020508
4671,60.62620544433594
4672,70.42105102539062
4673,32.027435302734375
4674,69.59075927734375
4675,46.51517105102539
4676,67.41384887695312
4677,44.634300231933594
4678,77.16844940185547
4679,64.67304229736328
4680,37.35654067993164
4681,30.77239990234375
4682,38.230384826660156
4683,58.47634506225586
4684,38.62157440185547
4685,70.89564514160156
4686,37.840850830078125
4687,37.00659942626953
4688,39.09727478027344
4689,24.274394989013672
4690,39.055755615234375
4691,53.07107925415039
4692,30.870283126831055
4693,77.93115234375
4694,32.743316650390625
4695,41.4799919128418
4696,29.908077239990234
4697,15.889640808105469
4698,33.47979736328125
4699,48.844486236572266
4700,56.63484191894531
4701,60.08180618286133
4702,78.91549682617188
4703,38.605979919433594
4704,80.09580993652344
4705,49.69844436645508
4706,73.73992156982422
4707,49.87439727783203
4708,88.29842376708984
4709,66.60723876953125
4710,38.67794418334961
4711,29.754070281982422
4712,36.5240478515625
4713,58.65851593017578
4714,40.204917907714844
4715,74.05677795410156
4716,39.694358825683594
4717,36.839107513427734
4718,38.92261505126953
4719,21.54131507873535
4720,36.82561492919922
4721,55.43804931640625
4722,31.654590606689453
4723,80.63351440429688
4724,33.23541259765625
4725,40.44789505004883
4726,30.182891845703125
4727,15.097814559936523
4728,29.612083435058594
4729,46.06585693359375
4730,60.29750442504883
4731,60.286075592041016
4732,83.0546875
4733,28.845163345336914
4734,79.93965148925781
4735,44.07994079589844
4736,78.42460632324219
4737,43.85771179199219
4738,88.0999755859375
4739,67.3828125
4740,35.98509216308594
4741,29.854145050048828
4742,37.227989196777344
4743,61.64369201660156
4744,36.790069580078125
4745,73.52887725830078
4746,36.47788619995117
4747,36.33849334716797
4748,37.18321228027344
4749,23.513671875
4750,38.100101470947266
4751,56.98694610595703
4752,30.36884307861328
4753,80.0623779296875
4754,28.917041778564453
4755,39.17516326904297
4756,30.569358825683594
4757,17.047771453857422
4758,30.890544891357422
4759,51.317138671875
4760,55.463294982910156
4761,67.47828674316406
4762,71.41079711914062
4763,35.57598114013672
4764,73.32551574707031
4765,50.8829345703125
4766,68.94514465332031
4767,52.32611083984375
4768,79.98314666748047
4769,65.95037078857422
4770,40.6951904296875
4771,27.375511169433594
4772,37.81951141357422
4773,58.521602630615234
4774,41.661964416503906
4775,73.31049346923828
4776,42.20528793334961
4777,34.64634323120117
4778,39.04304885864258
4779,20.49664306640625
4780,38.4942626953125
4781,57.12776184082031
4782,31.199081420898438
4783,80.90792083740234
4784,34.22917938232422
4785,36.87662887573242
4786,28.703262329101562
4787,13.118459701538086
4788,29.4794864654541
4789,45.41893768310547
4790,63.636680603027344
4791,58.90643310546875
4792,86.578857421875
4793,31.483057022094727
4794,85.52294158935547
4795,44.994468688964844
4796,83.5130615234375
4797,44.97959899902344
4798,92.55841064453125
4799,67.10901641845703
4800,34.613426208496094
4801,29.860023498535156
4802,34.79184341430664
4803,61.320777893066406
4804,34.77552795410156
4805,72.92022705078125
4806,35.50787353515625
4807,36.338157653808594
4808,34.91501998901367
4809,23.244430541992188
4810,35.10076904296875
4811,59.58766555786133
4812,22.274879455566406
4813,80.15849304199219
4814,28.595378875732422
4815,40.57530212402344
4816,23.85171127319336
4817,16.541561126708984
4818,27.338375091552734
4819,49.60841369628906
4820,49.545570373535156
4821,63.52677917480469
4822,73.24612426757812
4823,34.47641372680664
4824,70.17666625976562
4825,48.15838623046875
4826,63.41347122192383
4827,48.11888122558594
4828,80.85176849365234
4829,64.82329559326172
4830,34.89833068847656
4831,27.26356315612793
4832,34.582061767578125
4833,59.263309478759766
4834,35.03205490112305
4835,71.99723815917969
4836,35.197998046875
4837,33.36247253417969
4838,34.91152572631836
4839,21.523815155029297
4840,34.867027282714844
4841,54.81285095214844
4842,24.750343322753906
4843,79.18899536132812
4844,25.724567413330078
4845,37.231964111328125
4846,24.804243087768555
4847,15.4773588180542
4848,26.248472213745117
4849,44.93296813964844
4850,62.41844940185547
4851,60.959537506103516
4852,69.3266372680664
4853,34.10961151123047
4854,68.26734924316406
4855,47.22172546386719
4856,68.52027893066406
4857,46.693702697753906
4858,78.04788970947266
4859,67.29899597167969
4860,38.12321853637695
4861,29.70109748840332
4862,37.92889404296875
4863,60.72309112548828
4864,38.87651062011719
4865,74.61334228515625
4866,38.85561752319336
4867,36.310855865478516
4868,38.580543518066406
4869,21.841609954833984
4870,39.03278350830078
4871,57.385929107666016
4872,30.42156219482422
4873,80.21463012695312
4874,30.80020523071289
4875,38.680877685546875
4876,29.995454788208008
4877,15.036148071289062
4878,30.60831069946289
4879,49.503963470458984
4880,55.008113861083984
4881,62.74632263183594
4882,78.65265655517578
4883,35.39350128173828
4884,79.24737548828125
4885,48.6832389831543
4886,72.51724243164062
4887,49.163177490234375
4888,83.17721557617188
4889,67.09400177001953
4890,38.57694625854492
4891,28.545249938964844
4892,39.7697868347168
4893,58.32927322387695
4894,39.44179153442383
4895,75.38884735107422
4896,39.01960372924805
4897,37.060420989990234
4898,39.965576171875
4899,19.80796241760254
4900,40.72121047973633
4901,55.58229064941406
4902,31.570035934448242
4903,81.39289855957031
4904,31.54538345336914
4905,38.02457046508789
4906,31.543991088867188
4907,11.29149055480957
4908,34.038818359375
4909,47.912986755371094
4910,64.15568542480469
4911,64.83345031738281
4912,83.43437194824219
4913,31.083660125732422
4914,83.01644134521484
4915,48.06418228149414
4916,82.06098937988281
4917,48.23715591430664
4918,86.11140441894531
4919,65.14738464355469
4920,38.75556182861328
4921,30.65843963623047
4922,41.02210235595703
4923,58.296043395996094
4924,38.60545349121094
4925,72.80068969726562
4926,39.01796340942383
4927,37.25572204589844
4928,40.01685333251953
4929,22.584592819213867
4930,43.03741455078125
4931,54.94282531738281
4932,27.403690338134766
4933,79.14879608154297
4934,32.40546417236328
4935,38.736541748046875
4936,28.79172134399414
4937,15.171319007873535
4938,36.68421173095703
4939,48.02271270751953
4940,49.87718963623047
4941,65.47879028320312
4942,75.22622680664062
4943,33.43994903564453
4944,76.5194091796875
4945,49.23490905761719
4946,68.04856872558594
4947,48.914485931396484
4948,73.892333984375
4949,65.161865234375
4950,38.94805908203125
4951,27.564590454101562
4952,37.13787078857422
4953,58.28260040283203
4954,39.9792366027832
4955,72.36277770996094
4956,39.95136260986328
4957,34.835105895996094
4958,38.69782257080078
4959,20.792644500732422
4960,37.5238037109375
4961,55.80508804321289
4962,30.005111694335938
4963,79.41818237304688
4964,32.693214416503906
4965,36.68657684326172
4966,28.623573303222656
4967,14.147903442382812
4968,29.286849975585938
4969,45.65953063964844
4970,62.15151596069336
4971,58.826324462890625
4972,84.804443359375
4973,33.979042053222656
4974,84.36113739013672
4975,46.99980163574219
4976,80.88322448730469
4977,46.38970947265625
4978,92.62794494628906
4979,68.5535888671875
4980,37.90636444091797
4981,28.371448516845703
4982,38.382469177246094
4983,61.7904052734375
4984,38.56853485107422
4985,75.03971862792969
4986,38.49812316894531
4987,35.02011489868164
4988,38.59481430053711
4989,21.412944793701172
4990,38.95917510986328
4991,58.19132995605469
4992,31.370277404785156
4993,81.78413391113281
4994,30.725303649902344
4995,37.68553924560547
4996,31.706745147705078
4997,13.983869552612305
4998,31.564231872558594
4999,50.30482482910156
5000,59.875633239746094
5001,65.51890563964844
5002,76.62718963623047
5003,33.186668395996094
5004,77.26514434814453
5005,48.79496765136719
5006,73.6591567993164
5007,49.661956787109375
5008,81.25458526611328
5009,66.64495849609375
5010,36.583518981933594
5011,29.918006896972656
5012,36.328243255615234
5013,59.3502197265625
5014,37.70606994628906
5015,73.13307189941406
5016,37.244972229003906
5017,37.696502685546875
5018,37.24616241455078
5019,22.240386962890625
5020,37.108978271484375
5021,57.72813415527344
5022,27.261276245117188
5023,79.32569885253906
5024,30.136260986328125
5025,39.716651916503906
5026,27.363895416259766
5027,16.05060386657715
5028,29.40581703186035
5029,49.1016845703125
5030,56.08512878417969
5031,64.43736267089844
5032,71.68527221679688
5033,30.840579986572266
5034,71.40182495117188
5035,48.420501708984375
5036,68.34695434570312
5037,48.195098876953125
5038,81.75829315185547
5039,67.3227767944336
5040,37.20795440673828
5041,30.671390533447266
5042,36.156494140625
5043,61.05370330810547
5044,38.77670669555664
5045,72.8882827758789
5046,37.29395294189453
5047,37.77322006225586
5048,36.852760314941406
5049,22.747663497924805
5050,36.65339660644531
5051,58.651546478271484
5052,26.75501823425293
5053,79.50991821289062
5054,29.28064727783203
5055,41.10266876220703
5056,26.936336517333984
5057,17.87339973449707
5058,28.500194549560547
5059,50.69584274291992
5060,54.95069122314453
5061,62.346256256103516
5062,71.98973083496094
5063,34.681732177734375
5064,72.5923080444336
5065,48.771820068359375
5066,68.64457702636719
5067,49.468284606933594
5068,77.09428405761719
5069,68.1082763671875
5070,36.64573669433594
5071,29.622480392456055
5072,35.50584030151367
5073,60.846771240234375
5074,36.72682189941406
5075,75.0343017578125
5076,37.339229583740234
5077,36.71666717529297
5078,36.1192741394043
5079,21.73685646057129
5080,36.37803649902344
5081,57.91962814331055
5082,28.805849075317383
5083,82.52342987060547
5084,29.54489517211914
5085,38.124725341796875
5086,29.245006561279297
5087,14.241960525512695
5088,30.129657745361328
5089,48.17697525024414
5090,59.987388610839844
5091,61.559226989746094
5092,81.2647476196289
5093,34.87110900878906
5094,80.80364227294922
5095,47.828269958496094
5096,76.141845703125
5097,47.146827697753906
5098,89.22335815429688
5099,65.98990631103516
5100,39.665809631347656
5101,30.488786697387695
5102,41.73357391357422
5103,58.490631103515625
5104,38.5899658203125
5105,73.26617431640625
5106,40.251487731933594
5107,37.222267150878906
5108,41.07037353515625
5109,23.097017288208008
5110,43.92948532104492
5111,55.318546295166016
5112,27.59542465209961
5113,79.51893615722656
5114,32.256526947021484
5115,38.8060302734375
5116,28.610374450683594
5117,14.866899490356445
5118,37.35737609863281
5119,48.360496520996094
5120,48.942054748535156
5121,66.49352264404297
5122,76.56548309326172
5123,33.64552307128906
5124,77.368896484375
5125,48.845428466796875
5126,68.60317993164062
5127,48.71654510498047
5128,76.43572235107422
5129,63.50391387939453
5130,34.701751708984375
5131,33.74144744873047
5132,43.492454528808594
5133,56.74945068359375
5134,37.541412353515625
5135,71.40193176269531
5136,33.3681755065918
5137,38.64089584350586
5138,42.26072692871094
5139,28.313724517822266
5140,45.07108688354492
5141,48.51472854614258
5142,31.522106170654297
5143,75.93145751953125
5144,23.598575592041016
5145,37.06060791015625
5146,35.43383026123047
5147,20.601795196533203
5148,39.579002380371094
5149,46.41777038574219
5150,60.65763854980469
5151,72.47700500488281
5152,70.58797454833984
5153,45.044700622558594
5154,76.84957885742188
5155,55.35060501098633
5156,72.88214111328125
5157,57.535888671875
5158,77.87057495117188
5159,64.99419403076172
5160,37.03266906738281
5161,28.934852600097656
5162,36.64020538330078
5163,57.7910270690918
5164,36.65768814086914
5165,72.09049224853516
5166,38.09578323364258
5167,35.51966857910156
5168,36.084930419921875
5169,21.220399856567383
5170,37.402381896972656
5171,54.779052734375
5172,31.77627944946289
5173,78.28993225097656
5174,32.27241516113281
5175,39.0447998046875
5176,30.872730255126953
5177,14.92337417602539
5178,31.367412567138672
5179,46.20737838745117
5180,53.37635803222656
5181,59.678077697753906
5182,73.79476165771484
5183,32.14269256591797
5184,73.86752319335938
5185,45.712379455566406
5186,71.51181030273438
5187,45.946693420410156
5188,80.1427001953125
5189,65.30998992919922
5190,34.9775390625
5191,31.80620002746582
5192,34.94365692138672
5193,58.967994689941406
5194,36.05931854248047
5195,72.71180725097656
5196,35.297725677490234
5197,39.11200714111328
5198,36.41568374633789
5199,23.662094116210938
5200,35.07386016845703
5201,56.21173095703125
5202,27.096973419189453
5203,79.55905151367188
5204,26.672149658203125
5205,42.05867004394531
5206,27.931169509887695
5207,16.81125259399414
5208,26.664226531982422
5209,47.82032775878906
5210,55.372005462646484
5211,63.12856674194336
5212,70.90159606933594
5213,34.979705810546875
5214,71.00293731689453
5215,47.93048858642578
5216,67.91864013671875
5217,48.79026412963867
5218,78.10276794433594
5219,66.23237609863281
5220,38.188636779785156
5221,29.81550407409668
5222,39.04399108886719
5223,59.047611236572266
5224,39.04876708984375
5225,72.89682006835938
5226,39.01889419555664
5227,37.23072814941406
5228,39.59764862060547
5229,22.568511962890625
5230,40.164886474609375
5231,55.65652847290039
5232,29.199230194091797
5233,79.63825225830078
5234,33.06736755371094
5235,42.0006103515625
5236,29.376325607299805
5237,13.519719123840332
5238,34.02239227294922
5239,50.445213317871094
5240,58.803497314453125
5241,61.584049224853516
5242,83.58314514160156
5243,38.31451416015625
5244,84.6630630493164
5245,50.643951416015625
5246,76.92813110351562
5247,50.83808517456055
5248,92.08246612548828
5249,64.96308898925781
5250,40.71295166015625
5251,31.05582618713379
5252,38.82430648803711
5253,58.2271728515625
5254,40.77015686035156
5255,71.34573364257812
5256,41.65885925292969
5257,37.793556213378906
5258,39.497535705566406
5259,24.170745849609375
5260,39.246726989746094
5261,55.32917022705078
5262,31.490093231201172
5263,77.73179626464844
5264,35.33679962158203
5265,42.62302780151367
5266,29.945716857910156
5267,16.729127883911133
5268,33.12953567504883
5269,48.541770935058594
5270,56.73115539550781
5271,59.624366760253906
5272,80.80851745605469
5273,31.512367248535156
5274,79.14112854003906
5275,46.75476837158203
5276,74.32274627685547
5277,45.85871887207031
5278,89.55913543701172
5279,67.18512725830078
5280,33.515602111816406
5281,30.85706329345703
5282,31.307613372802734
5283,61.396080017089844
5284,34.21660614013672
5285,73.53593444824219
5286,34.98371505737305
5287,36.07789611816406
5288,32.25300598144531
5289,25.132356643676758
5290,31.71450424194336
5291,59.96653747558594
5292,26.838672637939453
5293,80.44186401367188
5294,29.188297271728516
5295,39.916908264160156
5296,25.931976318359375
5297,18.16561508178711
5298,25.138391494750977
5299,47.38184356689453
5300,54.16533660888672
5301,57.408538818359375
5302,72.26850891113281
5303,32.73947525024414
5304,70.07537078857422
5305,45.77988815307617
5306,66.47964477539062
5307,43.928348541259766
5308,79.71446228027344
5309,66.00139617919922
5310,37.032020568847656
5311,28.854660034179688
5312,34.57874298095703
5313,60.01237487792969
5314,37.638092041015625
5315,71.73954010009766
5316,38.07883834838867
5317,37.26141357421875
5318,34.843284606933594
5319,22.24918556213379
5320,34.76580047607422
5321,58.471405029296875
5322,29.50739097595215
5323,78.62123107910156
5324,30.831586837768555
5325,40.24462890625
5326,27.980138778686523
5327,17.216045379638672
5328,27.363489151000977
5329,46.89006423950195
5330,57.666175842285156
5331,60.74460983276367
5332,77.426513671875
5333,30.736186981201172
5334,76.59873962402344
5335,46.41023254394531
5336,73.25262451171875
5337,45.739715576171875
5338,79.8319091796875
5339,64.91445922851562
5340,36.34043884277344
5341,29.9484920501709
5342,38.732704162597656
5343,58.4993896484375
5344,37.62269592285156
5345,71.3837661743164
5346,36.279090881347656
5347,37.47119140625
5348,39.477684020996094
5349,23.108489990234375
5350,40.172611236572266
5351,55.985755920410156
5352,27.6629638671875
5353,76.80621337890625
5354,28.640188217163086
5355,39.128944396972656
5356,28.92570686340332
5357,16.14876937866211
5358,33.87507629394531
5359,50.385955810546875
5360,54.65852355957031
5361,66.74390411376953
5362,71.03438568115234
5363,35.45192337036133
5364,73.15302276611328
5365,51.2954216003418
5366,68.79228973388672
5367,49.9865608215332
5368,77.99459838867188
5369,67.62652587890625
5370,35.53266143798828
5371,27.025314331054688
5372,34.768856048583984
5373,61.423866271972656
5374,35.99995803833008
5375,74.21287536621094
5376,36.46375274658203
5377,34.80561828613281
5378,35.52824401855469
5379,19.459047317504883
5380,36.203800201416016
5381,57.53021240234375
5382,27.345962524414062
5383,82.00021362304688
5384,26.029327392578125
5385,39.55000305175781
5386,27.795127868652344
5387,10.151416778564453
5388,28.939035415649414
5389,48.17125701904297
5390,59.6917724609375
5391,64.65892028808594
5392,79.93170928955078
5393,31.88141632080078
5394,80.73330688476562
5395,47.63602066040039
5396,75.88941955566406
5397,48.13477325439453
5398,84.72614288330078
5399,70.81767272949219
5400,36.52801513671875
5401,26.8802490234375
5402,36.10410690307617
5403,61.35788345336914
5404,37.65202331542969
5405,79.02718353271484
5406,36.19222640991211
5407,35.087039947509766
5408,37.13576126098633
5409,18.82872200012207
5410,35.86793899536133
5411,58.77180480957031
5412,31.082374572753906
5413,84.15628051757812
5414,28.89645767211914
5415,34.158111572265625
5416,29.67006492614746
5417,13.397469520568848
5418,27.494853973388672
5419,48.76185989379883
5420,69.0401611328125
5421,69.9714584350586
5422,69.3576889038086
5423,30.300649642944336
5424,70.13723754882812
5425,48.46645736694336
5426,78.37602233886719
5427,47.76622772216797
5428,83.98309326171875
5429,64.71182250976562
5430,34.93053436279297
5431,32.543296813964844
5432,33.61360168457031
5433,59.999732971191406
5434,35.19921875
5435,70.20899963378906
5436,36.105289459228516
5437,38.45146942138672
5438,35.033363342285156
5439,26.411758422851562
5440,34.74385070800781
5441,59.138553619384766
5442,28.147537231445312
5443,76.7302474975586
5444,30.456811904907227
5445,42.552703857421875
5446,27.96131706237793
5447,20.78264617919922
5448,28.329259872436523
5449,48.40519714355469
5450,53.0546875
5451,57.955711364746094
5452,69.58500671386719
5453,35.06227111816406
5454,67.35115051269531
5455,47.03569412231445
5456,64.87066650390625
5457,45.46537399291992
5458,76.44834899902344
5459,64.93382263183594
5460,37.92494201660156
5461,26.28542709350586
5462,40.12165832519531
5463,58.069236755371094
5464,38.319984436035156
5465,72.43418884277344
5466,37.828590393066406
5467,32.728302001953125
5468,40.377071380615234
5469,19.688404083251953
5470,41.436920166015625
5471,55.80875015258789
5472,30.26045036315918
5473,78.91368103027344
5474,30.24001121520996
5475,35.13523864746094
5476,32.92099380493164
5477,12.508736610412598
5478,34.158363342285156
5479,45.953857421875
5480,50.24919891357422
5481,63.269588470458984
5482,76.81916046142578
5483,33.77719497680664
5484,78.64762115478516
5485,46.91706848144531
5486,67.37510681152344
5487,48.27706527709961
5488,84.677978515625
5489,67.06521606445312
5490,38.931488037109375
5491,29.520946502685547
5492,38.229061126708984
5493,58.96375274658203
5494,39.31523895263672
5495,74.58515930175781
5496,39.74700927734375
5497,37.02544403076172
5498,38.9950065612793
5499,21.67568588256836
5500,38.33238220214844
5501,57.26549530029297
5502,27.058277130126953
5503,82.36724853515625
5504,31.114652633666992
5505,41.25129699707031
5506,27.013633728027344
5507,13.747793197631836
5508,28.68209457397461
5509,47.46635437011719
5510,55.12632369995117
5511,64.42071533203125
5512,78.50798034667969
5513,30.194955825805664
5514,78.56138610839844
5515,47.31965637207031
5516,70.95123291015625
5517,47.37156677246094
5518,85.65277099609375
5519,65.03355407714844
5520,36.895965576171875
5521,30.64457893371582
5522,37.76874542236328
5523,59.436546325683594
5524,37.668609619140625
5525,71.60289001464844
5526,37.096405029296875
5527,36.017574310302734
5528,38.396263122558594
5529,24.351350784301758
5530,38.94830322265625
5531,55.26424026489258
5532,31.180648803710938
5533,76.20819091796875
5534,31.104141235351562
5535,38.8769645690918
5536,31.604663848876953
5537,17.316226959228516
5538,32.131805419921875
5539,49.69898986816406
5540,54.44361114501953
5541,62.97911071777344
5542,72.02249145507812
5543,35.583614349365234
5544,73.41254425048828
5545,49.9277229309082
5546,68.86337280273438
5547,49.60374450683594
5548,81.3654556274414
5549,64.42826843261719
5550,35.88935089111328
5551,30.627450942993164
5552,37.9721565246582
5553,58.37101745605469
5554,37.089012145996094
5555,69.69730377197266
5556,35.14866256713867
5557,36.228397369384766
5558,38.15856170654297
5559,24.278078079223633
5560,38.54851531982422
5561,56.10247802734375
5562,29.09112548828125
5563,74.0633544921875
5564,27.03919219970703
5565,37.98828887939453
5566,30.864917755126953
5567,19.456157684326172
5568,32.89043045043945
5569,47.286590576171875
5570,54.88397979736328
5571,64.34307861328125
5572,71.09696960449219
5573,34.426307678222656
5574,72.28567504882812
5575,48.12575149536133
5576,69.59434509277344
5577,48.63309097290039
5578,77.510498046875
5579,62.79882049560547
5580,36.12540817260742
5581,28.091537475585938
5582,35.27508544921875
5583,56.402305603027344
5584,36.52687454223633
5585,69.48126220703125
5586,36.62248992919922
5587,35.50457000732422
5588,36.49773406982422
5589,21.89218521118164
5590,35.34896469116211
5591,52.88923645019531
5592,25.725444793701172
5593,77.07597351074219
5594,27.67993927001953
5595,38.896812438964844
5596,26.99777603149414
5597,14.657599449157715
5598,26.97895050048828
5599,43.397193908691406
5600,53.892921447753906
5601,62.15834045410156
5602,71.09200286865234
5603,29.960704803466797
5604,70.41227722167969
5605,43.60980987548828
5606,68.87641906738281
5607,44.778953552246094
5608,75.55940246582031
5609,68.3135757446289
5610,39.93052673339844
5611,28.292991638183594
5612,37.160221099853516
5613,61.76656723022461
5614,39.50907897949219
5615,74.76741790771484
5616,41.040706634521484
5617,35.175148010253906
5618,37.67943572998047
5619,21.11302947998047
5620,37.41307830810547
5621,58.515830993652344
5622,31.75839614868164
5623,81.24740600585938
5624,33.21197509765625
5625,38.78015899658203
5626,30.995773315429688
5627,14.684652328491211
5628,29.178316116333008
5629,48.103919982910156
5630,58.44587707519531
5631,62.70887756347656
5632,78.97883605957031
5633,30.77611541748047
5634,77.60891723632812
5635,46.440635681152344
5636,74.46630859375
5637,46.51758575439453
5638,85.90225219726562
5639,66.419677734375
5640,39.21839141845703
5641,28.66326141357422
5642,37.94892120361328
5643,59.135284423828125
5644,40.206512451171875
5645,73.33541870117188
5646,40.41461181640625
5647,35.463905334472656
5648,39.22062683105469
5649,21.306015014648438
5650,38.532920837402344
5651,57.084075927734375
5652,30.581804275512695
5653,80.92034912109375
5654,32.939903259277344
5655,37.477935791015625
5656,29.033721923828125
5657,14.511650085449219
5658,30.423419952392578
5659,46.99779510498047
5660,62.85418701171875
5661,59.80181884765625
5662,84.67408752441406
5663,35.075599670410156
5664,84.35481262207031
5665,47.17170715332031
5666,79.96378326416016
5667,47.43071746826172
5668,92.64109802246094
5669,68.67343139648438
5670,37.22290802001953
5671,29.109416961669922
5672,35.54859161376953
5673,62.477848052978516
5674,37.899620056152344
5675,75.44271850585938
5676,38.37820816040039
5677,35.43342590332031
5678,35.899288177490234
5679,21.22216033935547
5680,36.277915954589844
5681,57.75286865234375
5682,27.263935089111328
5683,81.48674011230469
5684,28.073522567749023
5685,37.68754959106445
5686,26.411296844482422
5687,15.245207786560059
5688,25.6820068359375
5689,47.421417236328125
5690,52.399864196777344
5691,65.4697265625
5692,74.37129211425781
5693,30.542722702026367
5694,74.983154296875
5695,47.532867431640625
5696,71.76646423339844
5697,47.87165451049805
5698,78.51153564453125
5699,66.56693267822266
5700,36.811805725097656
5701,29.286724090576172
5702,38.711395263671875
5703,59.96967697143555
5704,37.689231872558594
5705,73.16734313964844
5706,37.167510986328125
5707,36.27076721191406
5708,38.64176940917969
5709,22.22273063659668
5710,39.786983489990234
5711,56.05741882324219
5712,29.49782943725586
5713,79.29269409179688
5714,29.745155334472656
5715,38.35051727294922
5716,31.0030574798584
5717,15.437416076660156
5718,32.4154052734375
5719,48.95784378051758
5720,54.90519714355469
5721,64.50772094726562
5722,76.51992797851562
5723,36.55113220214844
5724,77.31474304199219
5725,49.34725570678711
5726,70.53117370605469
5727,50.34968566894531
5728,84.57659912109375
5729,69.5042495727539
5730,36.803749084472656
5731,30.70939826965332
5732,35.23283386230469
5733,63.166351318359375
5734,36.85515213012695
5735,75.21308898925781
5736,37.509033203125
5737,36.94308853149414
5738,35.80994415283203
5739,24.381006240844727
5740,36.060646057128906
5741,60.382198333740234
5742,27.733966827392578
5743,81.74275970458984
5744,29.011411666870117
5745,40.383968353271484
5746,27.065635681152344
5747,19.42467498779297
5748,24.43364715576172
5749,50.95745849609375
5750,48.165645599365234
5751,65.05680847167969
5752,72.2245101928711
5753,31.95309066772461
5754,70.9528579711914
5755,49.925228118896484
5756,64.97402954101562
5757,49.28137969970703
5758,77.86314392089844
5759,66.49995422363281
5760,36.02874755859375
5761,30.52779769897461
5762,37.367156982421875
5763,60.08869171142578
5764,37.18872833251953
5765,72.9879150390625
5766,35.4715690612793
5767,37.57359313964844
5768,38.22727966308594
5769,23.14032554626465
5770,37.650611877441406
5771,58.95488739013672
5772,29.159000396728516
5773,76.83240509033203
5774,27.60443115234375
5775,38.00506591796875
5776,30.793067932128906
5777,18.98706817626953
5778,32.5236701965332
5779,48.73202896118164
5780,57.99943923950195
5781,63.97356414794922
5782,73.73670959472656
5783,34.04378128051758
5784,73.87228393554688
5785,49.04208755493164
5786,73.11958312988281
5787,49.31587219238281
5788,81.73469543457031
5789,65.35153198242188
5790,40.497596740722656
5791,32.29979705810547
5792,37.60167694091797
5793,59.26557922363281
5794,40.31010437011719
5795,71.51528930664062
5796,41.682281494140625
5797,38.350547790527344
5798,39.08770751953125
5799,25.389949798583984
5800,37.800880432128906
5801,55.95637130737305
5802,32.259864807128906
5803,78.52274322509766
5804,36.55570602416992
5805,44.110191345214844
5806,30.694156646728516
5807,18.522235870361328
5808,31.378917694091797
5809,48.21990203857422
5810,59.659034729003906
5811,58.96286392211914
5812,77.65177917480469
5813,31.72844123840332
5814,76.73684692382812
5815,47.068885803222656
5816,73.94864654541016
5817,45.89936065673828
5818,79.34648132324219
5819,64.13275146484375
5820,37.06269836425781
5821,31.836322784423828
5822,37.06472396850586
5823,59.27644348144531
5824,38.09053039550781
5825,68.50857543945312
5826,36.822418212890625
5827,36.84764862060547
5828,37.969520568847656
5829,27.15990447998047
5830,37.32781982421875
5831,55.836936950683594
5832,30.97039794921875
5833,75.557861328125
5834,30.07404136657715
5835,40.66248321533203
5836,31.46352195739746
5837,20.568403244018555
5838,31.344440460205078
5839,49.36982727050781
5840,58.846092224121094
5841,64.1312255859375
5842,69.97771453857422
5843,34.732994079589844
5844,72.81971740722656
5845,48.59067916870117
5846,69.45870971679688
5847,50.309226989746094
5848,77.05760192871094
5849,65.90521240234375
5850,36.23912811279297
5851,28.163049697875977
5852,35.903568267822266
5853,59.04131317138672
5854,37.040687561035156
5855,73.47894287109375
5856,36.94971466064453
5857,35.21003723144531
5858,36.594825744628906
5859,21.124757766723633
5860,36.56003189086914
5861,56.059051513671875
5862,29.982576370239258
5863,80.34506225585938
5864,28.72954559326172
5865,36.77086639404297
5866,30.734922409057617
5867,14.237418174743652
5868,30.674169540405273
5869,46.68332290649414
5870,60.12545394897461
5871,59.358604431152344
5872,81.5263900756836
5873,35.628089904785156
5874,81.69406127929688
5875,47.02659606933594
5876,75.80867004394531
5877,47.20265197753906
5878,90.00613403320312
5879,64.9716796875
5880,36.46208190917969
5881,30.491003036499023
5882,35.41529083251953
5883,59.02328872680664
5884,37.694786071777344
5885,70.8983154296875
5886,37.1038818359375
5887,36.61162567138672
5888,36.467220306396484
5889,23.660762786865234
5890,35.618473052978516
5891,56.1094970703125
5892,27.96727752685547
5893,76.83749389648438
5894,28.688518524169922
5895,41.591896057128906
5896,28.683837890625
5897,18.733482360839844
5898,27.350688934326172
5899,47.6396484375
5900,53.5868034362793
5901,58.992584228515625
5902,71.5418472290039
5903,34.37149429321289
5904,70.33769226074219
5905,47.288047790527344
5906,67.17281341552734
5907,46.81156921386719
5908,76.40730285644531
5909,64.62710571289062
5910,36.86040115356445
5911,31.91899299621582
5912,37.39073944091797
5913,58.60851287841797
5914,37.52466583251953
5915,70.47616577148438
5916,37.18595886230469
5917,38.142738342285156
5918,37.98149108886719
5919,25.986412048339844
5920,38.12043380737305
5921,53.44103240966797
5922,29.24949073791504
5923,77.21378326416016
5924,31.868656158447266
5925,41.98617172241211
5926,28.84360694885254
5927,18.613019943237305
5928,32.12498474121094
5929,47.97431945800781
5930,55.970672607421875
5931,60.983154296875
5932,74.86668395996094
5933,33.98893356323242
5934,75.29376220703125
5935,47.0009765625
5936,71.42521667480469
5937,47.21441650390625
5938,80.43122863769531
5939,64.29688262939453
5940,35.198421478271484
5941,32.796871185302734
5942,33.23691177368164
5943,59.300941467285156
5944,35.79990768432617
5945,69.96739959716797
5946,36.196502685546875
5947,38.43412399291992
5948,34.76700210571289
5949,26.980976104736328
5950,33.910675048828125
5951,58.199851989746094
5952,29.3172607421875
5953,75.65019989013672
5954,30.62816619873047
5955,40.89191436767578
5956,28.115161895751953
5957,22.238876342773438
5958,28.07991600036621
5959,47.76639938354492
5960,53.26115798950195
5961,57.92954635620117
5962,68.11856079101562
5963,34.478424072265625
5964,66.2799072265625
5965,46.60038757324219
5966,64.63337707519531
5967,45.77875518798828
5968,72.78407287597656
5969,68.58271789550781
5970,39.246883392333984
5971,31.131038665771484
5972,35.33387756347656
5973,61.66930389404297
5974,39.084903717041016
5975,75.07064819335938
5976,40.878318786621094
5977,38.309593200683594
5978,36.7598876953125
5979,24.18897247314453
5980,35.302154541015625
5981,60.10253143310547
5982,31.563980102539062
5983,81.157470703125
5984,33.320762634277344
5985,41.03973388671875
5986,30.113677978515625
5987,18.6635684967041
5988,27.501659393310547
5989,49.84269714355469
5990,55.91216278076172
5991,62.86038589477539
5992,74.4400634765625
5993,29.91445541381836
5994,71.52827453613281
5995,47.62733840942383
5996,69.16886901855469
5997,45.44424057006836
5998,82.30162048339844
5999,65.56381225585938
6000,38.722957611083984
6001,31.788551330566406
6002,37.01256561279297
6003,59.034324645996094
6004,38.99372100830078
6005,72.36288452148438
6006,39.068443298339844
6007,38.99219512939453
6008,38.390113830566406
6009,24.734132766723633
6010,37.014564514160156
6011,57.131317138671875
6012,27.785053253173828
6013,79.94876861572266
6014,30.040922164916992
6015,42.39061737060547
6016,28.30649185180664
6017,17.410694122314453
6018,27.900442123413086
6019,47.64051818847656
6020,54.65971755981445
6021,62.34259033203125
6022,74.49150085449219
6023,31.782154083251953
6024,73.42218017578125
6025,46.83434295654297
6026,68.99559020996094
6027,47.01606750488281
6028,83.87716674804688
6029,67.31881713867188
6030,38.98664855957031
6031,32.54798126220703
6032,36.74976348876953
6033,60.549217224121094
6034,39.10333251953125
6035,74.36935424804688
6036,39.58404541015625
6037,39.647621154785156
6038,38.58636474609375
6039,25.15342140197754
6040,36.78821563720703
6041,58.25391387939453
6042,29.398571014404297
6043,80.7279052734375
6044,29.736358642578125
6045,43.264991760253906
6046,29.168113708496094
6047,17.94561195373535
6048,27.444313049316406
6049,48.41415023803711
6050,57.562992095947266
6051,63.34333801269531
6052,77.59965515136719
6053,31.84621238708496
6054,76.48764038085938
6055,47.80918884277344
6056,73.10092163085938
6057,46.877105712890625
6058,83.8210678100586
6059,67.65473937988281
6060,35.5456428527832
6061,32.59914779663086
6062,36.448516845703125
6063,61.84205627441406
6064,37.1700439453125
6065,73.25881958007812
6066,35.21599578857422
6067,38.277061462402344
6068,37.01872253417969
6069,26.705129623413086
6070,35.89227294921875
6071,59.29634094238281
6072,30.536605834960938
6073,79.68353271484375
6074,27.460037231445312
6075,41.48506164550781
6076,30.721345901489258
6077,19.661588668823242
6078,28.941490173339844
6079,50.788612365722656
6080,63.31526184082031
6081,65.19587707519531
6082,72.04818725585938
6083,34.16500473022461
6084,74.7333984375
6085,49.72346878051758
6086,71.37848663330078
6087,50.40289306640625
6088,80.04837036132812
6089,65.51673889160156
6090,38.301727294921875
6091,31.346832275390625
6092,37.72853469848633
6093,58.94103240966797
6094,38.868408203125
6095,72.23724365234375
6096,38.873008728027344
6097,38.319862365722656
6098,38.869789123535156
6099,24.43288230895996
6100,38.24443054199219
6101,56.380210876464844
6102,28.886310577392578
6103,80.03917694091797
6104,30.12000274658203
6105,41.36768341064453
6106,29.434490203857422
6107,16.695533752441406
6108,28.924434661865234
6109,47.5536003112793
6110,57.1840705871582
6111,63.05614471435547
6112,78.14286804199219
6113,33.08628845214844
6114,78.12159729003906
6115,47.83295822143555
6116,72.75704956054688
6117,48.784820556640625
6118,88.37997436523438
6119,64.78677368164062
6120,33.696224212646484
6121,30.843564987182617
6122,37.967681884765625
6123,58.079315185546875
6124,34.91307830810547
6125,71.3035888671875
6126,33.86418914794922
6127,36.90369415283203
6128,37.20490264892578
6129,24.411314010620117
6130,39.36512756347656
6131,57.43381118774414
6132,26.8485107421875
6133,75.8139877319336
6134,25.26675796508789
6135,38.3031120300293
6136,28.45022964477539
6137,19.239816665649414
6138,31.802085876464844
6139,47.86296844482422
6140,46.02692413330078
6141,65.56636810302734
6142,68.34030151367188
6143,36.62998962402344
6144,72.50064849853516
6145,48.4306755065918
6146,64.41064453125
6147,50.58100891113281
6148,74.73056030273438
6149,65.92549133300781
6150,39.64130401611328
6151,31.606170654296875
6152,37.72626876831055
6153,59.142818450927734
6154,40.02727127075195
6155,72.37324523925781
6156,40.93433380126953
6157,38.5360107421875
6158,38.93024826049805
6159,24.63247299194336
6160,37.89863967895508
6161,55.995269775390625
6162,31.333980560302734
6163,78.97622680664062
6164,35.97508239746094
6165,43.509613037109375
6166,29.47078514099121
6167,17.207468032836914
6168,32.278656005859375
6169,48.438499450683594
6170,57.419227600097656
6171,59.93682861328125
6172,79.05007934570312
6173,31.40927505493164
6174,77.0404281616211
6175,46.96112060546875
6176,72.7615737915039
6177,44.95399856567383
6178,90.2593765258789
6179,63.494110107421875
6180,33.29554748535156
6181,31.0435733795166
6182,37.235939025878906
6183,56.99237823486328
6184,34.50096130371094
6185,69.30592346191406
6186,33.506839752197266
6187,36.765708923339844
6188,36.3227653503418
6189,25.394878387451172
6190,38.888084411621094
6191,55.31786346435547
6192,26.365234375
6193,73.74199676513672
6194,24.579730987548828
6195,37.64989471435547
6196,28.641952514648438
6197,19.275306701660156
6198,31.190887451171875
6199,46.75352478027344
6200,44.087554931640625
6201,62.84038162231445
6202,65.8121337890625
6203,37.96780014038086
6204,68.5975341796875
6205,49.40623474121094
6206,61.84494400024414
6207,50.092498779296875
6208,72.62747192382812
6209,64.27978515625
6210,36.760353088378906
6211,30.214509963989258
6212,35.52855682373047
6213,58.47441101074219
6214,37.79166793823242
6215,70.38478088378906
6216,37.50530242919922
6217,36.41059112548828
6218,36.34642028808594
6219,23.925201416015625
6220,35.68571853637695
6221,55.93975830078125
6222,28.820343017578125
6223,76.69377899169922
6224,29.202640533447266
6225,42.27979278564453
6226,29.119396209716797
6227,18.421955108642578
6228,27.770893096923828
6229,47.28173828125
6230,54.34525680541992
6231,58.01548767089844
6232,72.68010711669922
6233,36.288841247558594
6234,71.95870971679688
6235,47.41351318359375
6236,67.255859375
6237,47.040138244628906
6238,79.91610717773438
6239,65.928466796875
6240,37.01224136352539
6241,28.437938690185547
6242,37.138427734375
6243,58.29325866699219
6244,38.466896057128906
6245,72.84281921386719
6246,37.58168029785156
6247,35.97056579589844
6248,38.4620475769043
6249,20.938539505004883
6250,38.44765853881836
6251,56.894447326660156
6252,26.803653717041016
6253,79.19528198242188
6254,30.026517868041992
6255,38.22907638549805
6256,27.12980079650879
6257,13.109554290771484
6258,31.242053985595703
6259,48.429412841796875
6260,55.676475524902344
6261,63.34941864013672
6262,75.58272552490234
6263,31.959074020385742
6264,76.03382110595703
6265,48.23560333251953
6266,69.38272857666016
6267,48.35792541503906
6268,84.51909637451172
6269,64.79869079589844
6270,36.3277473449707
6271,29.02872085571289
6272,36.829498291015625
6273,58.34962463378906
6274,36.61415100097656
6275,71.03953552246094
6276,36.98775100708008
6277,36.539756774902344
6278,37.67294692993164
6279,21.638648986816406
6280,38.413787841796875
6281,56.842628479003906
6282,28.91766357421875
6283,76.82075500488281
6284,30.97845458984375
6285,39.05734634399414
6286,29.75969696044922
6287,17.30896759033203
6288,32.42412567138672
6289,47.791690826416016
6290,50.73025894165039
6291,61.193084716796875
6292,73.96072387695312
6293,34.66876983642578
6294,74.86970520019531
6295,48.131011962890625
6296,64.7889175415039
6297,47.841670989990234
6298,83.156005859375
6299,64.53121948242188
6300,35.593544006347656
6301,30.513648986816406
6302,36.44744873046875
6303,59.218116760253906
6304,36.42951965332031
6305,70.45248413085938
6306,36.06190490722656
6307,35.5445671081543
6308,36.78766632080078
6309,24.011255264282227
6310,36.98564529418945
6311,54.77112579345703
6312,28.493595123291016
6313,75.81170654296875
6314,29.240745544433594
6315,38.64122009277344
6316,28.940189361572266
6317,17.075916290283203
6318,29.571556091308594
6319,48.60772705078125
6320,48.63158416748047
6321,60.856536865234375
6322,71.32408905029297
6323,37.22364807128906
6324,71.92023468017578
6325,48.57188415527344
6326,64.5221176147461
6327,49.009239196777344
6328,78.74055480957031
6329,68.5684814453125
6330,37.723358154296875
6331,29.371883392333984
6332,36.79176330566406
6333,61.03798294067383
6334,38.06501007080078
6335,75.66172790527344
6336,38.76191711425781
6337,37.19178771972656
6338,36.72532653808594
6339,22.040767669677734
6340,37.367088317871094
6341,59.5386848449707
6342,27.70099639892578
6343,82.1295166015625
6344,32.37968826293945
6345,39.2271728515625
6346,25.90707778930664
6347,15.805704116821289
6348,30.278564453125
6349,50.219337463378906
6350,54.40465545654297
6351,65.37390899658203
6352,75.47042083740234
6353,33.040531158447266
6354,76.03219604492188
6355,48.45565414428711
6356,71.00381469726562
6357,47.648494720458984
6358,88.19186401367188
6359,66.14127349853516
6360,40.151222229003906
6361,28.688486099243164
6362,37.408058166503906
6363,59.0136833190918
6364,41.021026611328125
6365,73.32148742675781
6366,41.33393096923828
6367,35.4254150390625
6368,38.95705795288086
6369,21.248611450195312
6370,37.86597442626953
6371,58.086395263671875
6372,29.452863693237305
6373,80.82612609863281
6374,32.96726989746094
6375,38.093055725097656
6376,27.325096130371094
6377,14.994993209838867
6378,28.756114959716797
6379,47.333740234375
6380,60.687705993652344
6381,59.14107131958008
6382,84.66017150878906
6383,32.7285270690918
6384,84.46743774414062
6385,46.51329040527344
6386,79.68596649169922
6387,46.295162200927734
6388,91.7303466796875
6389,65.371337890625
6390,33.03057861328125
6391,26.739261627197266
6392,34.7787971496582
6393,58.750694274902344
6394,34.41962432861328
6395,72.45098876953125
6396,33.899044036865234
6397,33.1181640625
6398,34.796119689941406
6399,20.46527099609375
6400,35.1081657409668
6401,53.07208251953125
6402,26.678455352783203
6403,79.25576782226562
6404,26.175121307373047
6405,36.09850311279297
6406,26.510236740112305
6407,12.72342586517334
6408,27.64093780517578
6409,45.309974670410156
6410,50.60661315917969
6411,63.142852783203125
6412,71.15657043457031
6413,31.170408248901367
6414,72.36965942382812
6415,46.19154739379883
6416,67.0428466796875
6417,46.420204162597656
6418,82.31480407714844
6419,65.38246154785156
6420,34.470191955566406
6421,29.070283889770508
6422,35.40128707885742
6423,58.63111114501953
6424,34.987518310546875
6425,72.08658599853516
6426,35.0778694152832
6427,35.625831604003906
6428,35.29600524902344
6429,22.773162841796875
6430,36.640594482421875
6431,57.170692443847656
6432,26.459392547607422
6433,79.00109100341797
6434,26.753236770629883
6435,35.224056243896484
6436,27.52345848083496
6437,15.313634872436523
6438,29.843048095703125
6439,47.204200744628906
6440,45.019248962402344
6441,62.08056640625
6442,70.43539428710938
6443,33.52129364013672
6444,71.02039337158203
6445,47.44520568847656
6446,64.75040435791016
6447,48.10601806640625
6448,75.75016021728516
6449,66.15068817138672
6450,37.35078430175781
6451,30.121986389160156
6452,35.867122650146484
6453,60.08833312988281
6454,38.315643310546875
6455,71.63427734375
6456,38.59141540527344
6457,36.180145263671875
6458,37.09870910644531
6459,23.715087890625
6460,36.301361083984375
6461,57.658748626708984
6462,31.36257553100586
6463,78.6172103881836
6464,31.297229766845703
6465,38.551246643066406
6466,30.057342529296875
6467,17.51209831237793
6468,27.402374267578125
6469,47.640560150146484
6470,51.868492126464844
6471,59.328731536865234
6472,72.9671630859375
6473,32.999393463134766
6474,72.48942565917969
6475,46.486480712890625
6476,66.72927856445312
6477,46.887168884277344
6478,80.51290893554688
6479,68.9222412109375
6480,35.325347900390625
6481,28.154327392578125
6482,36.46115493774414
6483,62.18717956542969
6484,35.71135711669922
6485,75.24702453613281
6486,36.16496276855469
6487,34.96296691894531
6488,36.351531982421875
6489,21.187442779541016
6490,37.32514953613281
6491,59.44255065917969
6492,26.158287048339844
6493,83.8045425415039
6494,28.355741500854492
6495,38.80725860595703
6496,26.823265075683594
6497,12.874957084655762
6498,30.64693832397461
6499,50.59075927734375
6500,56.56180953979492
6501,67.20808410644531
6502,79.160400390625
6503,34.11225891113281
6504,77.68719482421875
6505,49.10145950317383
6506,74.56541442871094
6507,49.316646575927734
6508,86.05546569824219
6509,65.60900115966797
6510,38.44553756713867
6511,29.537803649902344
6512,38.22895050048828
6513,59.25310134887695
6514,38.388179779052734
6515,72.389404296875
6516,39.374149322509766
6517,35.253150939941406
6518,37.95279312133789
6519,23.509666442871094
6520,39.511173248291016
6521,56.44566345214844
6522,28.853111267089844
6523,79.72969055175781
6524,30.178131103515625
6525,37.321197509765625
6526,28.704139709472656
6527,16.356306076049805
6528,31.159963607788086
6529,46.935203552246094
6530,64.68661499023438
6531,62.57986068725586
6532,72.04743194580078
6533,35.70398712158203
6534,71.00061798095703
6535,48.90422058105469
6536,69.54946899414062
6537,47.37504196166992
6538,80.86293029785156
6539,69.00277709960938
6540,35.40179443359375
6541,30.393146514892578
6542,37.38312530517578
6543,62.91724395751953
6544,35.90052795410156
6545,75.1229019165039
6546,35.92220687866211
6547,36.5228271484375
6548,37.365264892578125
6549,22.808515548706055
6550,38.875511169433594
6551,58.938323974609375
6552,28.4063777923584
6553,81.26134490966797
6554,28.25430679321289
6555,39.44525909423828
6556,29.907541275024414
6557,15.958940505981445
6558,31.077892303466797
6559,51.6318359375
6560,56.58500671386719
6561,68.73098754882812
6562,70.72393798828125
6563,33.183292388916016
6564,73.97138214111328
6565,52.5606689453125
6566,69.91291809082031
6567,52.39431381225586
6568,78.71845245361328
6569,67.2724838256836
6570,35.16804122924805
6571,30.883071899414062
6572,36.144012451171875
6573,60.865997314453125
6574,36.115325927734375
6575,74.03809356689453
6576,35.98419952392578
6577,37.7135009765625
6578,36.67145538330078
6579,24.192041397094727
6580,36.80634307861328
6581,58.28521728515625
6582,26.751832962036133
6583,81.92835235595703
6584,32.1266975402832
6585,39.612648010253906
6586,29.02629852294922
6587,16.75689697265625
6588,32.27666091918945
6589,48.52909469604492
6590,53.684814453125
6591,63.25645446777344
6592,75.52732849121094
6593,35.19166564941406
6594,74.94380187988281
6595,48.75202941894531
6596,71.89222717285156
6597,48.0783805847168
6598,80.52583312988281
6599,67.32199096679688
6600,36.8431396484375
6601,29.61996078491211
6602,36.55559539794922
6603,60.032188415527344
6604,37.092315673828125
6605,73.85786437988281
6606,36.97247314453125
6607,35.84624481201172
6608,36.51758575439453
6609,22.17746353149414
6610,36.9197998046875
6611,56.594879150390625
6612,29.68452262878418
6613,80.34819030761719
6614,27.841638565063477
6615,36.5655632019043
6616,30.46773910522461
6617,15.626033782958984
6618,30.523393630981445
6619,47.01544952392578
6620,59.65082550048828
6621,59.43315505981445
6622,80.32958984375
6623,36.62622833251953
6624,80.36776733398438
6625,47.69139099121094
6626,74.64897155761719
6627,47.59335708618164
6628,88.89683532714844
6629,66.1911849975586
6630,37.70616912841797
6631,30.238037109375
6632,37.017372131347656
6633,59.53203201293945
6634,37.70249557495117
6635,72.68132781982422
6636,38.81053161621094
6637,36.159576416015625
6638,36.953826904296875
6639,24.213136672973633
6640,38.2042236328125
6641,56.933616638183594
6642,28.412866592407227
6643,80.02163696289062
6644,29.99091339111328
6645,38.18072509765625
6646,27.87973403930664
6647,17.0460262298584
6648,29.421035766601562
6649,46.77357864379883
6650,63.504791259765625
6651,62.290470123291016
6652,71.44654846191406
6653,34.39886474609375
6654,70.50032043457031
6655,48.108009338378906
6656,69.878662109375
6657,47.952171325683594
6658,76.07229614257812
6659,68.7083740234375
6660,36.869895935058594
6661,28.988576889038086
6662,36.0347900390625
6663,62.67591857910156
6664,37.246177673339844
6665,75.65792846679688
6666,37.46160125732422
6667,35.533042907714844
6668,36.937156677246094
6669,20.879318237304688
6670,36.631805419921875
6671,57.510677337646484
6672,27.99944305419922
6673,82.92561340332031
6674,28.937549591064453
6675,38.229644775390625
6676,28.376693725585938
6677,13.230586051940918
6678,27.878154754638672
6679,50.05205535888672
6680,55.3242073059082
6681,64.80131530761719
6682,79.19377136230469
6683,33.890869140625
6684,79.99012756347656
6685,48.895263671875
6686,72.49942779541016
6687,49.85517120361328
6688,86.43470764160156
6689,66.5029296875
6690,35.6834716796875
6691,31.649181365966797
6692,34.612152099609375
6693,60.836952209472656
6694,36.6456413269043
6695,71.84904479980469
6696,36.20466613769531
6697,37.30266571044922
6698,35.86949157714844
6699,25.440275192260742
6700,34.293296813964844
6701,59.675926208496094
6702,29.679290771484375
6703,78.02080535888672
6704,28.27937126159668
6705,41.079837799072266
6706,29.62006378173828
6707,18.25283432006836
6708,27.754331588745117
6709,48.22993469238281
6710,61.36984634399414
6711,61.88226318359375
6712,74.37480926513672
6713,31.803852081298828
6714,73.88504028320312
6715,47.720455169677734
6716,71.33161926269531
6717,47.16497039794922
6718,81.95130920410156
6719,65.58195495605469
6720,36.28119659423828
6721,30.344154357910156
6722,35.69994354248047
6723,59.20728302001953
6724,36.966636657714844
6725,72.18186950683594
6726,36.7635383605957
6727,36.99945068359375
6728,37.39734649658203
6729,22.820981979370117
6730,36.3813591003418
6731,55.60271453857422
6732,28.596881866455078
6733,78.92498016357422
6734,31.228822708129883
6735,42.85553741455078
6736,27.44220733642578
6737,14.835432052612305
6738,29.573097229003906
6739,49.95529556274414
6740,56.69868087768555
6741,59.739601135253906
6742,79.13168334960938
6743,36.56038284301758
6744,80.02529907226562
6745,48.27714538574219
6746,74.7364273071289
6747,47.892372131347656
6748,88.33541870117188
6749,66.65660095214844
6750,38.429168701171875
6751,30.96931266784668
6752,35.54723358154297
6753,60.95494079589844
6754,38.735862731933594
6755,73.95594787597656
6756,39.47152328491211
6757,36.24232482910156
6758,37.2644157409668
6759,23.53958511352539
6760,36.17376708984375
6761,56.967369079589844
6762,30.854007720947266
6763,81.33682250976562
6764,33.03656005859375
6765,39.73231887817383
6766,29.718765258789062
6767,17.162588119506836
6768,28.357641220092773
6769,47.60892868041992
6770,53.90142059326172
6771,60.94099426269531
6772,76.91693115234375
6773,33.27941131591797
6774,76.35562896728516
6775,47.363441467285156
6776,71.49588012695312
6777,46.28765106201172
6778,82.89888000488281
6779,65.94029235839844
6780,37.921424865722656
6781,30.962905883789062
6782,37.918853759765625
6783,58.53286361694336
6784,39.93549728393555
6785,73.29474639892578
6786,38.75460433959961
6787,38.13703536987305
6788,39.68598175048828
6789,23.524850845336914
6790,38.71697998046875
6791,55.00004959106445
6792,32.484046936035156
6793,79.26910400390625
6794,32.60272216796875
6795,41.169620513916016
6796,31.44287109375
6797,16.50531578063965
6798,32.1202507019043
6799,47.86518859863281
6800,59.78242111206055
6801,62.06687927246094
6802,80.26455688476562
6803,32.272560119628906
6804,79.3436279296875
6805,47.1274299621582
6806,77.10992431640625
6807,47.29054260253906
6808,86.40703582763672
6809,64.374267578125
6810,37.343170166015625
6811,30.75393295288086
6812,36.98340606689453
6813,57.563899993896484
6814,38.10147476196289
6815,70.71723937988281
6816,37.951019287109375
6817,36.855194091796875
6818,37.85374069213867
6819,23.84156036376953
6820,37.30591583251953
6821,53.160728454589844
6822,29.918136596679688
6823,77.9327392578125
6824,33.024009704589844
6825,41.538963317871094
6826,29.156444549560547
6827,16.461116790771484
6828,32.26009750366211
6829,47.003395080566406
6830,56.19880676269531
6831,58.50334167480469
6832,78.65843963623047
6833,36.65259552001953
6834,78.85508728027344
6835,47.30354309082031
6836,73.03623962402344
6837,47.77550506591797
6838,86.95503234863281
6839,65.00585174560547
6840,36.95885467529297
6841,31.772897720336914
6842,36.821388244628906
6843,58.85004425048828
6844,37.88127136230469
6845,71.46035766601562
6846,37.047359466552734
6847,37.96918487548828
6848,37.81179428100586
6849,24.54489517211914
6850,37.02561950683594
6851,54.76225662231445
6852,30.608806610107422
6853,77.97683715820312
6854,32.17898941040039
6855,42.635414123535156
6856,29.661977767944336
6857,17.239105224609375
6858,31.371164321899414
6859,49.433197021484375
6860,57.97112274169922
6861,60.013404846191406
6862,78.11219787597656
6863,37.06024932861328
6864,78.59817504882812
6865,49.12605285644531
6866,73.27883911132812
6867,48.415374755859375
6868,86.00310516357422
6869,65.31842041015625
6870,33.29954528808594
6871,29.88729476928711
6872,34.846405029296875
6873,59.04931640625
6874,34.220794677734375
6875,72.14918518066406
6876,34.21580505371094
6877,36.28144073486328
6878,34.47649383544922
6879,23.49884033203125
6880,36.172828674316406
6881,57.135398864746094
6882,25.0986328125
6883,78.47393798828125
6884,25.535663604736328
6885,35.72213363647461
6886,25.781551361083984
6887,16.644798278808594
6888,28.51816177368164
6889,47.01435852050781
6890,42.53759765625
6891,60.465087890625
6892,70.11900329589844
6893,35.38154602050781
6894,70.55381774902344
6895,47.67231750488281
6896,59.809425354003906
6897,48.00621032714844
6898,76.88343048095703
6899,66.13951110839844
6900,35.220977783203125
6901,31.122173309326172
6902,36.96160125732422
6903,59.884613037109375
6904,36.33639907836914
6905,71.93721008300781
6906,34.97807312011719
6907,37.59611511230469
6908,37.201324462890625
6909,24.65106964111328
6910,36.996742248535156
6911,58.648895263671875
6912,28.955053329467773
6913,75.70658111572266
6914,27.500102996826172
6915,39.20599365234375
6916,30.875057220458984
6917,19.411678314208984
6918,32.73595428466797
6919,50.471553802490234
6920,56.441131591796875
6921,65.48030090332031
6922,71.27110290527344
6923,35.38870620727539
6924,72.31207275390625
6925,50.25483703613281
6926,71.2568359375
6927,49.608978271484375
6928,78.64906311035156
6929,65.97004699707031
6930,35.78816604614258
6931,31.005979537963867
6932,37.29893493652344
6933,59.352325439453125
6934,36.500404357910156
6935,72.60585021972656
6936,36.39674377441406
6937,37.92112731933594
6938,37.280208587646484
6939,24.698707580566406
6940,38.96957015991211
6941,56.60215759277344
6942,29.19904327392578
6943,77.82003784179688
6944,28.305513381958008
6945,37.82007598876953
6946,31.260461807250977
6947,18.09731674194336
6948,33.622093200683594
6949,49.14384460449219
6950,55.31267166137695
6951,63.27191925048828
6952,77.73575592041016
6953,37.83246612548828
6954,78.0068359375
6955,48.913658142089844
6956,71.41299438476562
6957,50.83106994628906
6958,85.00494384765625
6959,65.35456085205078
6960,37.90802001953125
6961,32.2235107421875
6962,38.284854888916016
6963,59.1092643737793
6964,38.587642669677734
6965,72.06546783447266
6966,37.860374450683594
6967,38.047672271728516
6968,38.83264923095703
6969,26.031383514404297
6970,38.48424530029297
6971,54.779659271240234
6972,28.833425521850586
6973,78.11206817626953
6974,28.793378829956055
6975,41.21674346923828
6976,29.726669311523438
6977,17.913028717041016
6978,30.551311492919922
6979,46.74806594848633
6980,61.10825729370117
6981,66.08806610107422
6982,66.12281799316406
6983,30.483806610107422
6984,66.49478149414062
6985,47.31731414794922
6986,67.21836853027344
6987,47.74219512939453
6988,75.03456115722656
6989,65.11479187011719
6990,38.030330657958984
6991,30.899192810058594
6992,38.42068862915039
6993,58.70875549316406
6994,38.57978820800781
6995,71.5683364868164
6996,38.85047149658203
6997,37.190887451171875
6998,39.35429763793945
6999,24.433208465576172
7000,39.09461975097656
7001,53.86994171142578
7002,30.944564819335938
7003,78.62384033203125
7004,33.322967529296875
7005,42.384033203125
7006,30.77181625366211
7007,16.880962371826172
7008,33.698951721191406
7009,48.46565246582031
7010,59.78211212158203
7011,62.790122985839844
7012,76.74098205566406
7013,34.428794860839844
7014,77.65048217773438
7015,49.371185302734375
7016,74.56639099121094
7017,49.32870101928711
7018,79.9898910522461
7019,64.58480834960938
7020,36.11564636230469
7021,32.3349494934082
7022,35.142921447753906
7023,59.52948760986328
7024,36.93359375
7025,71.00935363769531
7026,36.460365295410156
7027,36.96746826171875
7028,36.83636474609375
7029,26.658916473388672
7030,35.02219772338867
7031,55.782135009765625
7032,30.486404418945312
7033,76.1514892578125
7034,29.41657829284668
7035,40.40431213378906
7036,29.632251739501953
7037,20.57402992248535
7038,27.48263931274414
7039,50.144737243652344
7040,51.281890869140625
7041,62.13746643066406
7042,69.34025573730469
7043,36.467655181884766
7044,70.15498352050781
7045,49.592491149902344
7046,67.23590087890625
7047,50.353477478027344
7048,75.98347473144531
7049,67.2127685546875
7050,37.81385040283203
7051,30.867717742919922
7052,36.688194274902344
7053,61.00177764892578
7054,36.833229064941406
7055,73.97984313964844
7056,39.26708221435547
7057,36.94573974609375
7058,36.373313903808594
7059,24.299304962158203
7060,37.43504333496094
7061,57.62554931640625
7062,27.040895462036133
7063,81.23065948486328
7064,30.264408111572266
7065,41.41878128051758
7066,25.97644805908203
7067,17.754669189453125
7068,28.918262481689453
7069,47.492733001708984
7070,60.4774284362793
7071,63.64228820800781
7072,73.579345703125
7073,34.2913932800293
7074,72.74629211425781
7075,49.16761779785156
7076,71.53480529785156
7077,48.999839782714844
7078,80.08393096923828
7079,67.25333404541016
7080,39.06434631347656
7081,29.3630428314209
7082,37.099609375
7083,61.227272033691406
7084,39.734375
7085,72.87946319580078
7086,39.77912139892578
7087,35.957313537597656
7088,38.6646728515625
7089,22.77853775024414
7090,37.309364318847656
7091,59.046287536621094
7092,31.247051239013672
7093,79.85601806640625
7094,30.802093505859375
7095,38.28314208984375
7096,29.99829864501953
7097,16.753067016601562
7098,27.354942321777344
7099,48.35114288330078
7100,52.60838317871094
7101,59.887115478515625
7102,75.9278793334961
7103,32.62849426269531
7104,74.29351806640625
7105,46.54007339477539
7106,68.98567199707031
7107,45.817237854003906
7108,81.36375427246094
7109,67.01824188232422
7110,34.969749450683594
7111,27.756122589111328
7112,36.77207946777344
7113,61.34652328491211
7114,35.15921401977539
7115,72.91299438476562
7116,36.067928314208984
7117,34.53511428833008
7118,36.673545837402344
7119,21.218408584594727
7120,37.36602020263672
7121,58.701683044433594
7122,25.23784637451172
7123,79.87760162353516
7124,28.258420944213867
7125,37.008819580078125
7126,26.840444564819336
7127,13.974421501159668
7128,28.703550338745117
7129,48.835365295410156
7130,52.47085189819336
7131,64.97982788085938
7132,76.86588287353516
7133,34.19908142089844
7134,75.04147338867188
7135,48.524803161621094
7136,69.0270767211914
7137,48.890193939208984
7138,84.7109603881836
7139,64.86190795898438
7140,36.34837341308594
7141,29.461227416992188
7142,36.415199279785156
7143,58.484832763671875
7144,37.641700744628906
7145,71.24201965332031
7146,36.480255126953125
7147,36.464820861816406
7148,37.61162185668945
7149,22.574893951416016
7150,36.87359619140625
7151,55.896331787109375
7152,28.435245513916016
7153,78.4585952758789
7154,32.395904541015625
7155,38.67442321777344
7156,30.600393295288086
7157,15.626754760742188
7158,32.69129180908203
7159,46.338111877441406
7160,55.79400634765625
7161,60.86754608154297
7162,75.00960540771484
7163,33.75413513183594
7164,74.91109466552734
7165,46.84003448486328
7166,71.78044128417969
7167,46.740966796875
7168,81.411376953125
7169,63.401023864746094
7170,35.29609680175781
7171,30.628509521484375
7172,36.2852897644043
7173,57.246456146240234
7174,36.440372467041016
7175,69.41935729980469
7176,35.448577880859375
7177,37.33785629272461
7178,37.34988021850586
7179,23.29530143737793
7180,37.31715393066406
7181,55.18197250366211
7182,28.32358169555664
7183,74.42736053466797
7184,29.371036529541016
7185,42.88690948486328
7186,27.757110595703125
7187,16.390445709228516
7188,31.826168060302734
7189,51.214508056640625
7190,56.08354949951172
7191,60.33301544189453
7192,76.11717224121094
7193,36.120338439941406
7194,77.13833618164062
7195,49.453704833984375
7196,69.72700500488281
7197,49.00370788574219
7198,84.19501495361328
7199,66.08053588867188
7200,32.07809066772461
7201,26.797119140625
7202,34.985713958740234
7203,60.35769271850586
7204,32.474246978759766
7205,71.93161010742188
7206,32.86572265625
7207,33.25273513793945
7208,35.142852783203125
7209,20.456920623779297
7210,35.86677932739258
7211,57.677581787109375
7212,20.542724609375
7213,79.68984985351562
7214,24.107147216796875
7215,36.342735290527344
7216,23.186527252197266
7217,11.504463195800781
7218,27.530536651611328
7219,49.05592727661133
7220,50.60221481323242
7221,61.87247848510742
7222,73.06388854980469
7223,37.42506408691406
7224,73.10423278808594
7225,48.49385452270508
7226,65.90319061279297
7227,49.11804962158203
7228,82.39524841308594
7229,66.37693786621094
7230,35.9063720703125
7231,30.884727478027344
7232,34.79645538330078
7233,60.654937744140625
7234,36.832881927490234
7235,72.13569641113281
7236,37.195533752441406
7237,37.259857177734375
7238,35.538597106933594
7239,25.656652450561523
7240,35.288734436035156
7241,56.36226272583008
7242,28.833236694335938
7243,79.07748413085938
7244,28.968868255615234
7245,42.399200439453125
7246,27.185497283935547
7247,19.055469512939453
7248,27.09738540649414
7249,48.916717529296875
7250,53.21481704711914
7251,59.532684326171875
7252,72.8863754272461
7253,36.32389831542969
7254,72.21466064453125
7255,48.00836944580078
7256,67.05101013183594
7257,47.86967468261719
7258,80.31845092773438
7259,67.24440002441406
7260,36.24132537841797
7261,29.087350845336914
7262,37.281517028808594
7263,60.864349365234375
7264,36.94144821166992
7265,73.433349609375
7266,36.781333923339844
7267,35.3411865234375
7268,37.397159576416016
7269,22.868921279907227
7270,38.657711029052734
7271,55.565513610839844
7272,30.180885314941406
7273,79.86688995361328
7274,29.474624633789062
7275,38.091983795166016
7276,30.014516830444336
7277,15.81076717376709
7278,30.623172760009766
7279,50.11312484741211
7280,54.599937438964844
7281,65.20696258544922
7282,74.84571838378906
7283,34.434547424316406
7284,75.99954986572266
7285,50.824134826660156
7286,70.60052490234375
7287,50.33034133911133
7288,81.93280029296875
7289,68.08544921875
7290,39.00605392456055
7291,28.670635223388672
7292,36.977195739746094
7293,60.561668395996094
7294,39.871543884277344
7295,75.30203247070312
7296,40.13420867919922
7297,35.53788757324219
7298,38.751319885253906
7299,21.07647705078125
7300,37.39358139038086
7301,58.83366394042969
7302,29.422775268554688
7303,82.8951416015625
7304,32.49445724487305
7305,38.355491638183594
7306,27.958650588989258
7307,14.072742462158203
7308,28.795406341552734
7309,47.74460220336914
7310,62.99889373779297
7311,60.96049118041992
7312,85.76425170898438
7313,33.161476135253906
7314,85.72547149658203
7315,47.50267791748047
7316,81.52596282958984
7317,47.15012741088867
7318,92.25924682617188
7319,65.75816345214844
7320,37.146278381347656
7321,30.904008865356445
7322,37.05012512207031
7323,59.82122039794922
7324,38.31013107299805
7325,72.314697265625
7326,37.629425048828125
7327,36.25469970703125
7328,37.71197509765625
7329,24.360870361328125
7330,37.315521240234375
7331,55.700286865234375
7332,31.946073532104492
7333,77.24205017089844
7334,32.03067398071289
7335,39.199825286865234
7336,31.55126953125
7337,18.647611618041992
7338,31.69715118408203
7339,49.42597961425781
7340,55.21174621582031
7341,62.17449188232422
7342,72.53954315185547
7343,35.437583923339844
7344,73.02916717529297
7345,49.51581573486328
7346,69.43653869628906
7347,48.668243408203125
7348,79.24449157714844
7349,66.5155029296875
7350,38.39862823486328
7351,29.390466690063477
7352,35.81001281738281
7353,59.154273986816406
7354,39.13104248046875
7355,74.10740661621094
7356,39.903953552246094
7357,36.629119873046875
7358,38.24839782714844
7359,21.449386596679688
7360,36.14897918701172
7361,55.45953369140625
7362,29.351242065429688
7363,82.47943878173828
7364,35.000221252441406
7365,42.62569808959961
7366,27.67932891845703
7367,13.553621292114258
7368,29.287212371826172
7369,46.609825134277344
7370,60.0793571472168
7371,57.66197204589844
7372,83.311767578125
7373,31.913917541503906
7374,82.6107177734375
7375,44.538761138916016
7376,76.53890991210938
7377,44.418861389160156
7378,92.06195068359375
7379,64.35478210449219
7380,35.36369323730469
7381,31.718624114990234
7382,34.17217254638672
7383,59.8410530090332
7384,35.69467544555664
7385,68.65804290771484
7386,35.86431121826172
7387,37.62313461303711
7388,35.491546630859375
7389,25.27195930480957
7390,34.46977233886719
7391,58.249717712402344
7392,28.66248893737793
7393,75.72999572753906
7394,27.690753936767578
7395,40.859771728515625
7396,28.852310180664062
7397,19.939891815185547
7398,27.237567901611328
7399,48.910823822021484
7400,59.078346252441406
7401,59.46620178222656
7402,75.02739715576172
7403,32.95825958251953
7404,74.20362854003906
7405,47.19847106933594
7406,71.12471008300781
7407,45.24628829956055
7408,83.43392944335938
7409,67.71458435058594
7410,35.764503479003906
7411,30.882783889770508
7412,34.631591796875
7413,61.03217697143555
7414,36.317344665527344
7415,74.75811767578125
7416,36.85572814941406
7417,37.280357360839844
7418,35.179649353027344
7419,23.901744842529297
7420,35.342254638671875
7421,59.38348388671875
7422,28.013729095458984
7423,81.50907135009766
7424,30.018051147460938
7425,39.179168701171875
7426,27.118000030517578
7427,17.845813751220703
7428,28.6907958984375
7429,48.0164794921875
7430,51.80105972290039
7431,63.0548210144043
7432,73.29177856445312
7433,32.436309814453125
7434,72.33476257324219
7435,47.68500900268555
7436,65.21369171142578
7437,48.24583435058594
7438,80.60144805908203
7439,65.71775817871094
7440,39.3856315612793
7441,29.694580078125
7442,37.188232421875
7443,58.56166458129883
7444,40.2198486328125
7445,72.88558959960938
7446,40.632057189941406
7447,37.234580993652344
7448,39.14222717285156
7449,21.814138412475586
7450,37.310325622558594
7451,55.357139587402344
7452,29.752355575561523
7453,80.25308227539062
7454,35.89164733886719
7455,42.07788848876953
7456,28.726892471313477
7457,13.767533302307129
7458,31.18963623046875
7459,47.62441635131836
7460,59.09515380859375
7461,60.445655822753906
7462,79.83610534667969
7463,29.038942337036133
7464,78.41435241699219
7465,45.128883361816406
7466,76.33790588378906
7467,45.01849365234375
7468,84.70967864990234
7469,64.22118377685547
7470,34.24114990234375
7471,31.00607681274414
7472,33.902442932128906
7473,59.28989028930664
7474,35.051177978515625
7475,69.95787811279297
7476,35.214195251464844
7477,36.33148956298828
7478,34.4556770324707
7479,25.666481018066406
7480,34.78437805175781
7481,55.537540435791016
7482,28.371158599853516
7483,76.13597106933594
7484,28.94400978088379
7485,40.17278289794922
7486,27.607986450195312
7487,19.62933349609375
7488,28.955547332763672
7489,47.98088073730469
7490,51.331363677978516
7491,58.39134216308594
7492,69.62347412109375
7493,33.98565673828125
7494,68.01097106933594
7495,46.40011978149414
7496,64.11892700195312
7497,45.17681121826172
7498,77.0028076171875
7499,64.96125030517578
7500,37.06324005126953
7501,30.13770294189453
7502,36.57421875
7503,58.53437042236328
7504,37.2462158203125
7505,71.10531616210938
7506,37.579139709472656
7507,36.859474182128906
7508,36.63029098510742
7509,23.16337776184082
7510,36.94005584716797
7511,57.43537902832031
7512,27.899898529052734
7513,76.24232482910156
7514,31.055233001708984
7515,39.246337890625
7516,26.58374786376953
7517,16.85115623474121
7518,29.22965431213379
7519,49.58073043823242
7520,51.81275177001953
7521,60.61540222167969
7522,71.16319274902344
7523,34.140480041503906
7524,71.78106689453125
7525,48.69697189331055
7526,66.53532409667969
7527,47.551109313964844
7528,77.42837524414062
7529,68.0853271484375
7530,36.23969268798828
7531,27.626670837402344
7532,35.23868179321289
7533,60.859161376953125
7534,37.17314910888672
7535,75.39012145996094
7536,36.377288818359375
7537,34.94805145263672
7538,36.78034210205078
7539,19.9309024810791
7540,35.27888107299805
7541,56.63513946533203
7542,28.381954193115234
7543,82.46099853515625
7544,27.943675994873047
7545,36.89044952392578
7546,29.0363826751709
7547,12.932162284851074
7548,27.046695709228516
7549,48.164302825927734
7550,58.508544921875
7551,69.90084838867188
7552,72.94464111328125
7553,28.414175033569336
7554,74.56440734863281
7555,49.58403778076172
7556,74.83463287353516
7557,47.871063232421875
7558,78.53997039794922
7559,65.30171203613281
7560,38.430240631103516
7561,31.460296630859375
7562,38.26830291748047
7563,58.76716613769531
7564,38.99797439575195
7565,71.9915771484375
7566,38.88237380981445
7567,38.52989959716797
7568,39.183006286621094
7569,24.613142013549805
7570,38.755393981933594
7571,56.35614776611328
7572,28.921546936035156
7573,79.59104919433594
7574,30.98065185546875
7575,41.78057861328125
7576,29.635032653808594
7577,16.82953643798828
7578,29.702028274536133
7579,48.382957458496094
7580,56.70242691040039
7581,63.922489166259766
7582,77.28558349609375
7583,33.025245666503906
7584,78.19778442382812
7585,47.99580001831055
7586,72.0142822265625
7587,48.854740142822266
7588,86.86257934570312
7589,69.1761474609375
7590,36.67771911621094
7591,30.949054718017578
7592,37.19704055786133
7593,61.6065673828125
7594,37.76969528198242
7595,76.4958724975586
7596,36.57635498046875
7597,37.37669372558594
7598,38.61281967163086
7599,23.75957489013672
7600,38.17877960205078
7601,57.2051887512207
7602,30.286117553710938
7603,82.50155639648438
7604,27.80042266845703
7605,39.70433044433594
7606,31.0819091796875
7607,16.61783218383789
7608,31.644546508789062
7609,46.3167724609375
7610,63.007080078125
7611,65.28953552246094
7612,79.2683334350586
7613,33.71552658081055
7614,80.28482818603516
7615,47.57796859741211
7616,75.24380493164062
7617,48.28291702270508
7618,84.83657836914062
7619,66.67155456542969
7620,39.02325439453125
7621,30.54267120361328
7622,40.40083312988281
7623,58.415645599365234
7624,40.38391876220703
7625,73.81494140625
7626,40.524803161621094
7627,38.36784362792969
7628,40.87126922607422
7629,22.680992126464844
7630,42.39636993408203
7631,55.91844940185547
7632,30.09241485595703
7633,80.36332702636719
7634,33.57643508911133
7635,39.21308898925781
7636,30.5730037689209
7637,14.803901672363281
7638,36.858272552490234
7639,48.78298568725586
7640,52.74064636230469
7641,65.78459167480469
7642,79.40738677978516
7643,32.425880432128906
7644,79.95401000976562
7645,48.692996978759766
7646,73.02238464355469
7647,48.99541473388672
7648,79.37197875976562
7649,63.97543716430664
7650,37.216793060302734
7651,30.415117263793945
7652,37.50752258300781
7653,57.862022399902344
7654,38.162506103515625
7655,69.84765625
7656,37.16117477416992
7657,36.75794982910156
7658,38.513736724853516
7659,24.08561897277832
7660,37.50605773925781
7661,53.19915771484375
7662,27.626697540283203
7663,78.20140075683594
7664,26.727996826171875
7665,38.97407150268555
7666,29.225656509399414
7667,15.083643913269043
7668,28.061527252197266
7669,45.79790496826172
7670,58.47160720825195
7671,62.830955505371094
7672,70.84304809570312
7673,33.63766860961914
7674,71.4688720703125
7675,46.91096496582031
7676,70.04739379882812
7677,47.99039077758789
7678,76.32970428466797
7679,66.90687561035156
7680,36.90696716308594
7681,31.020103454589844
7682,36.836212158203125
7683,60.95191955566406
7684,37.43564224243164
7685,73.16334533691406
7686,37.47051239013672
7687,36.96406936645508
7688,37.11553192138672
7689,24.47612190246582
7690,37.15121841430664
7691,57.20454406738281
7692,31.02344512939453
7693,78.4730224609375
7694,31.273441314697266
7695,39.617698669433594
7696,30.86175537109375
7697,18.451492309570312
7698,31.052291870117188
7699,50.85231399536133
7700,54.89016342163086
7701,62.96486282348633
7702,72.35832214355469
7703,35.03989028930664
7704,72.91423034667969
7705,50.35714340209961
7706,67.78719329833984
7707,49.095619201660156
7708,79.92306518554688
7709,67.3388671875
7710,34.698692321777344
7711,29.67426109313965
7712,35.576271057128906
7713,60.60958480834961
7714,35.18754577636719
7715,75.00990295410156
7716,35.46128845214844
7717,37.014198303222656
7718,35.70146179199219
7719,21.905803680419922
7720,36.808074951171875
7721,59.3547477722168
7722,24.995895385742188
7723,79.88341522216797
7724,27.69184112548828
7725,39.20321273803711
7726,26.87820053100586
7727,15.64500617980957
7728,31.051109313964844
7729,48.946075439453125
7730,48.9554557800293
7731,65.9953842163086
7732,70.21257019042969
7733,31.650178909301758
7734,71.68021392822266
7735,48.40745162963867
7736,62.386878967285156
7737,49.32195281982422
7738,78.13516998291016
7739,67.35736846923828
7740,35.6326789855957
7741,30.09990882873535
7742,36.38587188720703
7743,60.38144302368164
7744,36.838844299316406
7745,74.800048828125
7746,36.67279052734375
7747,37.77299499511719
7748,36.98104476928711
7749,22.277877807617188
7750,37.55836486816406
7751,58.887718200683594
7752,24.963600158691406
7753,80.71728515625
7754,27.998552322387695
7755,39.38778305053711
7756,25.934206008911133
7757,14.868173599243164
7758,29.87471580505371
7759,50.427642822265625
7760,58.32939147949219
7761,67.35917663574219
7762,71.97804260253906
7763,30.809144973754883
7764,71.59312438964844
7765,49.960716247558594
7766,68.49221801757812
7767,49.1991081237793
7768,77.19435119628906
7769,67.08628845214844
7770,35.00279998779297
7771,31.960628509521484
7772,36.51549530029297
7773,60.871124267578125
7774,35.96755599975586
7775,73.72160339355469
7776,34.90138244628906
7777,38.765140533447266
7778,36.90253448486328
7779,24.921615600585938
7780,36.672218322753906
7781,59.8494987487793
7782,28.718677520751953
7783,77.51353454589844
7784,27.612499237060547
7785,39.948997497558594
7786,30.729461669921875
7787,20.33538055419922
7788,31.66934585571289
7789,50.85077667236328
7790,55.528785705566406
7791,64.97354125976562
7792,72.11482238769531
7793,35.912841796875
7794,72.31059265136719
7795,51.09297180175781
7796,71.21121215820312
7797,50.779991149902344
7798,78.2847671508789
7799,66.48568725585938
7800,33.39336395263672
7801,27.02951431274414
7802,32.77214431762695
7803,60.635780334472656
7804,33.635009765625
7805,73.17323303222656
7806,34.196895599365234
7807,33.226585388183594
7808,33.0626106262207
7809,20.114274978637695
7810,33.2369499206543
7811,56.75059509277344
7812,21.851154327392578
7813,80.81767272949219
7814,23.77777862548828
7815,36.97964859008789
7816,22.19798469543457
7817,14.46673583984375
7818,23.280399322509766
7819,45.880516052246094
7820,57.483917236328125
7821,61.48358917236328
7822,70.79588317871094
7823,34.02875518798828
7824,70.01219177246094
7825,46.587432861328125
7826,66.32575225830078
7827,45.928253173828125
7828,78.25382995605469
7829,66.0599365234375
7830,35.51581573486328
7831,28.78561019897461
7832,35.50609588623047
7833,58.62017059326172
7834,36.66400909423828
7835,72.79322814941406
7836,36.461978912353516
7837,36.00751495361328
7838,36.172943115234375
7839,20.964649200439453
7840,36.77276611328125
7841,57.40260314941406
7842,24.441774368286133
7843,79.19239044189453
7844,28.079145431518555
7845,37.584800720214844
7846,24.731294631958008
7847,13.565420150756836
7848,28.885282516479492
7849,48.15809631347656
7850,52.115928649902344
7851,64.30677032470703
7852,71.16990661621094
7853,30.759233474731445
7854,71.65779113769531
7855,47.644081115722656
7856,67.68252563476562
7857,47.778038024902344
7858,77.50823211669922
7859,67.28871154785156
7860,36.806640625
7861,28.471580505371094
7862,38.512760162353516
7863,60.91664123535156
7864,37.2032470703125
7865,73.07704162597656
7866,37.72772979736328
7867,35.002685546875
7868,38.51805877685547
7869,21.58715057373047
7870,39.74256134033203
7871,57.84337615966797
7872,26.6219482421875
7873,79.69526672363281
7874,30.79962921142578
7875,37.13378143310547
7876,28.933006286621094
7877,13.730325698852539
7878,33.292076110839844
7879,47.76097106933594
7880,54.54005432128906
7881,63.73187255859375
7882,78.57096862792969
7883,33.740474700927734
7884,76.7248764038086
7885,48.18635559082031
7886,71.01727294921875
7887,47.965576171875
7888,85.21212005615234
7889,67.34156036376953
7890,38.339393615722656
7891,28.689342498779297
7892,39.01342010498047
7893,58.52079772949219
7894,39.655128479003906
7895,75.94934844970703
7896,39.275360107421875
7897,37.10574722290039
7898,39.74382400512695
7899,19.87980079650879
7900,40.51262664794922
7901,56.012081146240234
7902,31.901538848876953
7903,82.1497802734375
7904,31.926876068115234
7905,38.22261428833008
7906,31.53034210205078
7907,12.182863235473633
7908,34.105995178222656
7909,47.255592346191406
7910,63.656063079833984
7911,65.20695495605469
7912,84.5595703125
7913,30.90167808532715
7914,83.67060852050781
7915,47.05585479736328
7916,82.27826690673828
7917,47.33234405517578
7918,86.63557434082031
7919,64.80809020996094
7920,38.02079391479492
7921,23.930591583251953
7922,41.283302307128906
7923,57.414756774902344
7924,38.064002990722656
7925,72.49102783203125
7926,38.58307647705078
7927,30.630321502685547
7928,40.90869903564453
7929,16.934345245361328
7930,42.76173400878906
7931,55.13298797607422
7932,30.084436416625977
7933,79.67269897460938
7934,30.604341506958008
7935,33.195377349853516
7936,33.386131286621094
7937,9.174123764038086
7938,35.162498474121094
7939,44.344818115234375
7940,51.76129913330078
7941,61.481510162353516
7942,79.30813598632812
7943,32.3878173828125
7944,81.49281311035156
7945,45.74028778076172
7946,69.04481506347656
7947,46.56242752075195
7948,87.05702209472656
7949,65.90751647949219
7950,36.53602600097656
7951,31.304866790771484
7952,36.27994918823242
7953,58.91196060180664
7954,37.652099609375
7955,72.3239517211914
7956,36.98860168457031
7957,38.85967254638672
7958,37.2642707824707
7959,24.32122802734375
7960,36.91056823730469
7961,57.38654327392578
7962,27.762941360473633
7963,78.67906188964844
7964,30.027565002441406
7965,40.53978729248047
7966,27.54632568359375
7967,17.568260192871094
7968,29.731977462768555
7969,49.24726104736328
7970,54.23851013183594
7971,62.63640594482422
7972,71.74866485595703
7973,34.1557731628418
7974,71.86261749267578
7975,48.817649841308594
7976,67.57337951660156
7977,48.898765563964844
7978,80.67733764648438
7979,64.06808471679688
7980,39.749332427978516
7981,28.223613739013672
7982,36.65428161621094
7983,57.28883743286133
7984,40.37954330444336
7985,71.14784240722656
7986,41.37065505981445
7987,35.148128509521484
7988,37.94483184814453
7989,21.30766487121582
7990,36.87116241455078
7991,56.77267837524414
7992,29.087474822998047
7993,79.15576171875
7994,33.94435501098633
7995,37.74652099609375
7996,27.042598724365234
7997,15.322832107543945
7998,27.946592330932617
7999,46.002769470214844
8000,59.09513854980469
8001,56.65784454345703
8002,82.01666259765625
8003,31.44247817993164
8004,81.2283935546875
8005,44.889068603515625
8006,76.76939392089844
8007,44.529701232910156
8008,89.2879867553711
8009,66.76302337646484
8010,38.18002700805664
8011,29.721723556518555
8012,36.34220504760742
8013,60.993675231933594
8014,38.528167724609375
8015,73.02082824707031
8016,39.424407958984375
8017,35.52640914916992
8018,37.1060791015625
8019,22.58929443359375
8020,36.71905517578125
8021,56.66915512084961
8022,29.346561431884766
8023,80.57228088378906
8024,31.426010131835938
8025,39.18650817871094
8026,28.7872371673584
8027,14.607337951660156
8028,27.396865844726562
8029,49.107666015625
8030,53.07121276855469
8031,60.805091857910156
8032,77.71986389160156
8033,33.39219284057617
8034,76.86296081542969
8035,47.79746627807617
8036,68.94783020019531
8037,45.82133865356445
8038,85.25513458251953
8039,64.854736328125
8040,37.26604461669922
8041,25.39719009399414
8042,39.38333511352539
8043,57.52710723876953
8044,37.248390197753906
8045,71.94163513183594
8046,36.88412094116211
8047,32.95051193237305
8048,39.43268966674805
8049,19.134428024291992
8050,40.7437744140625
8051,55.555816650390625
8052,29.367036819458008
8053,78.94966125488281
8054,29.652956008911133
8055,35.827796936035156
8056,31.061016082763672
8057,12.042223930358887
8058,33.632041931152344
8059,45.73310470581055
8060,50.32355880737305
8061,63.604881286621094
8062,76.65309143066406
8063,33.93473434448242
8064,78.11663818359375
8065,46.858394622802734
8066,67.59910583496094
8067,48.534481048583984
8068,83.26216888427734
8069,67.43533325195312
8070,38.55866241455078
8071,23.56362533569336
8072,39.015541076660156
8073,60.241783142089844
8074,39.174903869628906
8075,74.87147521972656
8076,38.74847412109375
8077,30.516197204589844
8078,39.532196044921875
8079,15.05428695678711
8080,39.204429626464844
8081,54.453880310058594
8082,32.87800216674805
8083,82.10105895996094
8084,29.68663787841797
8085,34.99158477783203
8086,32.28303527832031
8087,7.191497802734375
8088,29.432830810546875
8089,45.4298095703125
8090,63.281524658203125
8091,61.383365631103516
8092,82.0455093383789
8093,26.864805221557617
8094,82.95869445800781
8095,46.29600524902344
8096,80.44062805175781
8097,44.95597457885742
8098,88.80311584472656
8099,66.83299255371094
8100,33.085731506347656
8101,29.544071197509766
8102,33.876983642578125
8103,59.8066520690918
8104,34.556575775146484
8105,73.50521850585938
8106,34.05400848388672
8107,36.17630386352539
8108,34.84813690185547
8109,22.51597023010254
8110,35.09210968017578
8111,55.11615753173828
8112,25.602005004882812
8113,78.86982727050781
8114,24.18718719482422
8115,39.53355407714844
8116,26.446243286132812
8117,15.372543334960938
8118,27.66924476623535
8119,45.70358657836914
8120,54.698341369628906
8121,62.9015998840332
8122,74.30166625976562
8123,32.00950622558594
8124,74.74693298339844
8125,46.979026794433594
8126,70.18305969238281
8127,47.2451286315918
8128,81.27015686035156
8129,66.69451904296875
8130,40.28582000732422
8131,27.9207763671875
8132,36.2493896484375
8133,60.77155685424805
8134,39.87144470214844
8135,72.58468627929688
8136,41.16328430175781
8137,35.05388259887695
8138,37.09772491455078
8139,20.4207820892334
8140,36.09701919555664
8141,59.99468994140625
8142,32.013885498046875
8143,79.16301727294922
8144,33.95452880859375
8145,39.712005615234375
8146,30.065101623535156
8147,14.802753448486328
8148,27.185440063476562
8149,48.604820251464844
8150,62.38838195800781
8151,60.88312911987305
8152,73.3372802734375
8153,23.8568115234375
8154,71.54475402832031
8155,45.881011962890625
8156,69.25318908691406
8157,44.365562438964844
8158,80.82816314697266
8159,68.23926544189453
8160,39.611968994140625
8161,29.764148712158203
8162,39.9174919128418
8163,60.46656799316406
8164,39.35564422607422
8165,76.21925354003906
8166,41.05518341064453
8167,36.52428436279297
8168,39.52448272705078
8169,22.802091598510742
8170,40.99299621582031
8171,55.21333312988281
8172,30.898365020751953
8173,83.69688415527344
8174,33.464111328125
8175,39.03043746948242
8176,30.313018798828125
8177,16.56866455078125
8178,33.44198989868164
8179,46.22455596923828
8180,52.52528381347656
8181,64.13945007324219
8182,77.66441345214844
8183,32.32537078857422
8184,78.50081634521484
8185,46.92031478881836
8186,73.43724060058594
8187,46.627193450927734
8188,81.82893371582031
8189,64.91766357421875
8190,35.73585891723633
8191,31.300508499145508
8192,36.419700622558594
8193,58.668487548828125
8194,36.8145751953125
8195,71.95268249511719
8196,35.83848571777344
8197,38.30425262451172
8198,37.54625701904297
8199,23.717445373535156
8200,36.748680114746094
8201,54.98114013671875
8202,27.974040985107422
8203,78.8126220703125
8204,27.693538665771484
8205,40.870601654052734
8206,29.181434631347656
8207,16.58555030822754
8208,28.986129760742188
8209,47.28398132324219
8210,56.336463928222656
8211,63.14715576171875
8212,72.17723846435547
8213,35.13188171386719
8214,73.02699279785156
8215,48.57525634765625
8216,69.3446044921875
8217,48.94971466064453
8218,79.35851287841797
8219,66.34786987304688
8220,38.969322204589844
8221,29.089006423950195
8222,37.12027359008789
8223,58.277801513671875
8224,39.13481903076172
8225,73.25315856933594
8226,40.307960510253906
8227,36.545753479003906
8228,37.78277587890625
8229,22.173526763916016
8230,38.1287841796875
8231,57.26862335205078
8232,29.679405212402344
8233,79.392822265625
8234,33.98239517211914
8235,38.05952072143555
8236,28.136882781982422
8237,16.628665924072266
8238,31.025379180908203
8239,47.427520751953125
8240,55.26933288574219
8241,61.663814544677734
8242,75.46664428710938
8243,32.822914123535156
8244,75.0608139038086
8245,47.249786376953125
8246,70.60376739501953
8247,46.580169677734375
8248,84.81301879882812
8249,66.77000427246094
8250,39.651100158691406
8251,28.223161697387695
8252,37.45351791381836
8253,59.41380310058594
8254,40.367149353027344
8255,74.19393920898438
8256,41.03361892700195
8257,35.0536003112793
8258,38.956329345703125
8259,21.079490661621094
8260,38.077232360839844
8261,57.07351303100586
8262,30.38772964477539
8263,81.74649047851562
8264,33.58965301513672
8265,37.023712158203125
8266,28.078346252441406
8267,14.514080047607422
8268,28.90770721435547
8269,46.138484954833984
8270,62.65452575683594
8271,59.395294189453125
8272,85.28520202636719
8273,32.06287384033203
8274,85.12136840820312
8275,46.29676818847656
8276,81.54927825927734
8277,45.824405670166016
8278,92.45964050292969
8279,66.85330963134766
8280,38.42693328857422
8281,28.211523056030273
8282,37.46455764770508
8283,58.914512634277344
8284,38.79436111450195
8285,74.13607025146484
8286,39.23826217651367
8287,35.934566497802734
8288,37.96595001220703
8289,20.807470321655273
8290,38.67327117919922
8291,57.37382507324219
8292,29.577930450439453
8293,80.4521255493164
8294,33.354129791259766
8295,36.789859771728516
8296,28.31052017211914
8297,13.804359436035156
8298,30.82680892944336
8299,47.490753173828125
8300,56.957733154296875
8301,61.992427825927734
8302,77.24197387695312
8303,32.18975067138672
8304,76.97154998779297
8305,47.43765640258789
8306,72.59446716308594
8307,46.539825439453125
8308,86.7436294555664
8309,69.25294494628906
8310,34.10292053222656
8311,29.34067726135254
8312,35.892311096191406
8313,63.14265441894531
8314,35.001792907714844
8315,75.7455825805664
8316,34.96511459350586
8317,36.19326400756836
8318,35.83154296875
8319,22.794031143188477
8320,36.992408752441406
8321,61.10115051269531
8322,22.824337005615234
8323,82.67359924316406
8324,27.435209274291992
8325,39.18699264526367
8326,26.209266662597656
8327,14.355104446411133
8328,29.84918975830078
8329,51.78998947143555
8330,52.728240966796875
8331,67.12276458740234
8332,75.48117065429688
8333,37.18125915527344
8334,73.84496307373047
8335,51.14533233642578
8336,67.95660400390625
8337,51.94551086425781
8338,84.41973876953125
8339,68.61766052246094
8340,37.27947235107422
8341,25.95880889892578
8342,37.25181198120117
8343,60.919464111328125
8344,37.0443229675293
8345,75.83484649658203
8346,38.09959411621094
8347,32.88249206542969
8348,36.893470764160156
8349,19.368640899658203
8350,37.784584045410156
8351,55.06979751586914
8352,29.186986923217773
8353,82.94975280761719
8354,27.660030364990234
8355,37.08662414550781
8356,28.48092269897461
8357,11.84996223449707
8358,27.88471221923828
8359,47.43842697143555
8360,57.634456634521484
8361,63.950523376464844
8362,78.68164825439453
8363,30.119169235229492
8364,79.42446899414062
8365,46.269874572753906
8366,76.90653991699219
8367,45.24939727783203
8368,87.44377136230469
8369,65.37812805175781
8370,40.24772262573242
8371,27.828937530517578
8372,38.39750671386719
8373,58.96156311035156
8374,40.783050537109375
8375,71.5997314453125
8376,41.12109375
8377,34.442237854003906
8378,38.83247375488281
8379,21.278413772583008
8380,38.89933395385742
8381,56.53263854980469
8382,28.582063674926758
8383,79.06007385253906
8384,32.12480926513672
8385,36.58625411987305
8386,27.1490478515625
8387,13.415887832641602
8388,29.295127868652344
8389,47.21475601196289
8390,57.77102279663086
8391,60.40040588378906
8392,81.84638214111328
8393,31.757844924926758
8394,82.85789489746094
8395,46.232696533203125
8396,77.46022033691406
8397,47.035823822021484
8398,87.13704681396484
8399,69.5263671875
8400,36.776695251464844
8401,31.004749298095703
8402,32.938751220703125
8403,63.29768371582031
8404,36.6725959777832
8405,75.43182373046875
8406,37.98454284667969
8407,37.445106506347656
8408,34.318382263183594
8409,24.571529388427734
8410,32.97026824951172
8411,60.939327239990234
8412,26.896211624145508
8413,82.74005126953125
8414,29.0675106048584
8415,40.50143814086914
8416,24.35955810546875
8417,19.062530517578125
8418,22.435527801513672
8419,49.18836975097656
8420,47.75091552734375
8421,59.48948287963867
8422,74.73674011230469
8423,32.24004364013672
8424,71.36668395996094
8425,47.13102722167969
8426,64.47042846679688
8427,45.68818664550781
8428,80.94026184082031
8429,66.42744445800781
8430,37.32151794433594
8431,29.340002059936523
8432,37.45829772949219
8433,60.61021041870117
8434,38.09730529785156
8435,72.43228149414062
8436,38.110565185546875
8437,35.53175354003906
8438,38.07496643066406
8439,24.168834686279297
8440,38.778587341308594
8441,57.32982635498047
8442,30.639894485473633
8443,78.73477172851562
8444,29.776796340942383
8445,39.36177444458008
8446,31.32693099975586
8447,16.289554595947266
8448,31.65627670288086
8449,47.673240661621094
8450,62.031097412109375
8451,64.10501861572266
8452,76.7896728515625
8453,33.6406364440918
8454,77.72185516357422
8455,47.923187255859375
8456,72.43012237548828
8457,47.83259201049805
8458,83.39126586914062
8459,63.852439880371094
8460,35.353336334228516
8461,31.453903198242188
8462,34.09199523925781
8463,59.56527328491211
8464,35.7279052734375
8465,68.94429016113281
8466,36.07763671875
8467,36.982826232910156
8468,34.948822021484375
8469,25.91400718688965
8470,34.84616470336914
8471,56.62306213378906
8472,29.045175552368164
8473,75.42417907714844
8474,29.500858306884766
8475,41.593666076660156
8476,27.81317901611328
8477,20.587284088134766
8478,27.98960304260254
8479,48.132022857666016
8480,51.6868896484375
8481,56.79050064086914
8482,69.23713684082031
8483,34.517066955566406
8484,67.6785888671875
8485,46.184207916259766
8486,64.25791931152344
8487,44.95713806152344
8488,76.39759826660156
8489,65.731689453125
8490,36.596336364746094
8491,30.853130340576172
8492,37.725135803222656
8493,60.03777313232422
8494,38.2379150390625
8495,71.57019805908203
8496,36.814701080322266
8497,36.272979736328125
8498,38.66285705566406
8499,26.205432891845703
8500,38.59497833251953
8501,56.34188461303711
8502,30.045249938964844
8503,77.92500305175781
8504,28.834379196166992
8505,39.03554153442383
8506,31.565109252929688
8507,18.793380737304688
8508,32.06489562988281
8509,48.256988525390625
8510,58.76179504394531
8511,63.933570861816406
8512,75.09056091308594
8513,36.360313415527344
8514,76.48666381835938
8515,48.57502365112305
8516,70.80986022949219
8517,49.897037506103516
8518,83.740234375
8519,67.13218688964844
8520,35.82672882080078
8521,26.20595932006836
8522,36.849639892578125
8523,60.370208740234375
8524,36.77647399902344
8525,74.6573486328125
8526,36.72158432006836
8527,32.411643981933594
8528,37.13169860839844
8529,19.51665496826172
8530,37.592620849609375
8531,54.2735595703125
8532,28.96401596069336
8533,81.6609878540039
8534,28.845905303955078
8535,36.6287841796875
8536,28.693649291992188
8537,11.009661674499512
8538,29.650787353515625
8539,46.914093017578125
8540,55.28174591064453
8541,64.16315460205078
8542,77.0833740234375
8543,30.89925765991211
8544,77.70796203613281
8545,47.46437454223633
8546,72.13401794433594
8547,46.17609405517578
8548,86.52029418945312
8549,67.73019409179688
8550,36.20823287963867
8551,32.59023666381836
8552,36.472251892089844
8553,61.738075256347656
8554,37.24586486816406
8555,74.39347839355469
8556,36.729759216308594
8557,38.68014144897461
8558,37.18312072753906
8559,25.83158302307129
8560,36.8587532043457
8561,57.108551025390625
8562,29.82412338256836
8563,80.86119079589844
8564,29.405536651611328
8565,40.84113311767578
8566,29.422225952148438
8567,19.513931274414062
8568,29.208755493164062
8569,51.871192932128906
8570,52.667396545410156
8571,64.75492095947266
8572,75.05793762207031
8573,39.334495544433594
8574,75.51992797851562
8575,52.13740539550781
8576,68.11046600341797
8577,52.38565444946289
8578,83.05718994140625
8579,66.09684753417969
8580,36.253082275390625
8581,31.004112243652344
8582,36.45556640625
8583,59.31306076049805
8584,37.411773681640625
8585,72.60281372070312
8586,36.837799072265625
8587,38.518943786621094
8588,37.07874298095703
8589,23.740453720092773
8590,37.3111572265625
8591,57.84662628173828
8592,26.270488739013672
8593,78.91629791259766
8594,29.858509063720703
8595,40.2797737121582
8596,27.093530654907227
8597,16.93536376953125
8598,30.475553512573242
8599,49.787452697753906
8600,53.555240631103516
8601,64.16068267822266
8602,71.7826156616211
8603,33.197479248046875
8604,72.34461212158203
8605,49.589691162109375
8606,66.12911987304688
8607,49.554046630859375
8608,82.03817749023438
8609,65.40780639648438
8610,37.455833435058594
8611,29.812650680541992
8612,36.73879623413086
8613,60.022457122802734
8614,39.05548095703125
8615,71.58633422851562
8616,38.14665985107422
8617,35.91899108886719
8618,38.11613464355469
8619,23.158830642700195
8620,37.69550323486328
8621,58.15910339355469
8622,27.824918746948242
8623,78.64537811279297
8624,29.029375076293945
8625,41.11565399169922
8626,29.258819580078125
8627,18.312192916870117
8628,28.063636779785156
8629,48.97781753540039
8630,55.70528030395508
8631,58.2805290222168
8632,76.13664245605469
8633,37.300437927246094
8634,75.92083740234375
8635,48.43114471435547
8636,68.60017395019531
8637,47.317405700683594
8638,84.51776123046875
8639,67.91947937011719
8640,33.175559997558594
8641,29.449905395507812
8642,36.90464782714844
8643,61.50820541381836
8644,34.730621337890625
8645,74.117431640625
8646,32.9034423828125
8647,35.447479248046875
8648,37.192222595214844
8649,22.97076416015625
8650,38.10942459106445
8651,56.103355407714844
8652,27.874107360839844
8653,79.00375366210938
8654,24.899703979492188
8655,38.094154357910156
8656,30.249553680419922
8657,16.004121780395508
8658,31.454748153686523
8659,51.490875244140625
8660,54.075992584228516
8661,69.20530700683594
8662,71.68780517578125
8663,38.73899841308594
8664,74.94892883300781
8665,52.674930572509766
8666,69.65755462646484
8667,53.1033935546875
8668,76.42896270751953
8669,64.89137268066406
8670,39.41905975341797
8671,30.281383514404297
8672,36.75460433959961
8673,59.31220245361328
8674,38.607025146484375
8675,70.98131561279297
8676,40.735755920410156
8677,36.50731658935547
8678,37.21437072753906
8679,24.047592163085938
8680,36.821563720703125
8681,58.591060638427734
8682,30.144611358642578
8683,80.19293212890625
8684,32.93903350830078
8685,39.04730987548828
8686,29.059858322143555
8687,18.315807342529297
8688,28.191146850585938
8689,45.434120178222656
8690,63.10322189331055
8691,59.15721893310547
8692,70.45683288574219
8693,32.248268127441406
8694,66.79747009277344
8695,45.01397705078125
8696,67.40859985351562
8697,44.541847229003906
8698,74.41044616699219
8699,65.77679443359375
8700,38.202125549316406
8701,31.496856689453125
8702,39.522621154785156
8703,58.234039306640625
8704,39.27418518066406
8705,72.55567932128906
8706,39.016639709472656
8707,38.321563720703125
8708,39.66886901855469
8709,25.011531829833984
8710,40.91241455078125
8711,55.375511169433594
8712,30.29925537109375
8713,78.7371826171875
8714,32.7579345703125
8715,40.2777099609375
8716,30.8596248626709
8717,18.250001907348633
8718,34.866371154785156
8719,48.80491638183594
8720,55.9338264465332
8721,65.13042449951172
8722,77.10892486572266
8723,34.325286865234375
8724,77.38002014160156
8725,48.98005676269531
8726,74.69436645507812
8727,49.45797348022461
8728,78.27942657470703
8729,67.36922454833984
8730,37.34349060058594
8731,29.22490882873535
8732,36.541481018066406
8733,61.474090576171875
8734,37.79468536376953
8735,72.7228775024414
8736,38.176692962646484
8737,35.6735725402832
8738,36.987831115722656
8739,22.843040466308594
8740,36.80677795410156
8741,58.69182586669922
8742,29.40285873413086
8743,78.11243438720703
8744,30.03645896911621
8745,39.06187057495117
8746,28.307479858398438
8747,16.596851348876953
8748,26.759857177734375
8749,50.06464385986328
8750,51.40541458129883
8751,61.843605041503906
8752,72.7587890625
8753,32.92753219604492
8754,72.77645874023438
8755,48.7053108215332
8756,66.1889877319336
8757,47.44590759277344
8758,80.88651275634766
8759,65.05775451660156
8760,38.18817138671875
8761,27.214553833007812
8762,40.904579162597656
8763,58.52721405029297
8764,38.522056579589844
8765,72.4316635131836
8766,38.72464370727539
8767,33.117332458496094
8768,40.56366729736328
8769,20.976245880126953
8770,42.05628967285156
8771,55.84729766845703
8772,30.20647430419922
8773,78.90526580810547
8774,30.835681915283203
8775,35.8983268737793
8776,32.76313781738281
8777,13.82853889465332
8778,34.89869689941406
8779,46.84315490722656
8780,49.50644302368164
8781,64.87015533447266
8782,76.00105285644531
8783,32.757511138916016
8784,77.48153686523438
8785,47.640899658203125
8786,69.79473876953125
8787,48.977455139160156
8788,82.63890838623047
8789,66.02310180664062
8790,30.960712432861328
8791,27.566919326782227
8792,35.41419219970703
8793,58.402034759521484
8794,33.46397399902344
8795,74.32952880859375
8796,30.120248794555664
8797,35.29241943359375
8798,36.00556945800781
8799,19.545360565185547
8800,36.48513412475586
8801,52.38442611694336
8802,25.22832679748535
8803,75.86962890625
8804,19.62720489501953
8805,36.162193298339844
8806,27.406810760498047
8807,13.009693145751953
8808,27.93028450012207
8809,46.71997833251953
8810,56.569114685058594
8811,66.32876586914062
8812,74.38424682617188
8813,36.951332092285156
8814,77.70523071289062
8815,50.19055938720703
8816,71.183837890625
8817,51.89228820800781
8818,82.04534912109375
8819,64.83573913574219
8820,37.41920471191406
8821,28.451126098632812
8822,37.53257751464844
8823,56.46686553955078
8824,39.193870544433594
8825,73.51683044433594
8826,37.7828369140625
8827,37.04243087768555
8828,39.156524658203125
8829,19.9444637298584
8830,38.52280044555664
8831,52.60096740722656
8832,29.813552856445312
8833,81.65574645996094
8834,29.54410171508789
8835,39.40721130371094
8836,30.668376922607422
8837,11.523176193237305
8838,31.315845489501953
8839,46.68650817871094
8840,60.91558074951172
8841,62.8201904296875
8842,79.880615234375
8843,32.95659637451172
8844,81.12816619873047
8845,46.805152893066406
8846,75.5291976928711
8847,46.970184326171875
8848,86.03515625
8849,68.08607482910156
8850,36.95801544189453
8851,29.78034210205078
8852,37.689884185791016
8853,61.76384353637695
8854,37.67985534667969
8855,74.5931625366211
8856,37.24504852294922
8857,35.584693908691406
8858,37.708946228027344
8859,22.810678482055664
8860,38.509552001953125
8861,53.935768127441406
8862,27.19785499572754
8863,82.58975219726562
8864,31.071380615234375
8865,40.30122756958008
8866,29.890792846679688
8867,14.427807807922363
8868,32.79423522949219
8869,49.53472900390625
8870,58.726192474365234
8871,68.47184753417969
8872,75.61883544921875
8873,32.361087799072266
8874,77.2567138671875
8875,49.791465759277344
8876,71.87142181396484
8877,49.888702392578125
8878,78.2564697265625
8879,65.64949035644531
8880,36.053550720214844
8881,28.26665496826172
8882,35.68425369262695
8883,58.79487228393555
8884,35.70015335083008
8885,73.3441162109375
8886,36.57619857788086
8887,35.580360412597656
8888,36.280921936035156
8889,20.9820556640625
8890,36.7276725769043
8891,56.02909469604492
8892,27.46408462524414
8893,81.59458923339844
8894,29.573017120361328
8895,38.269386291503906
8896,26.511045455932617
8897,12.922199249267578
8898,29.981359481811523
8899,48.22422790527344
8900,57.40904998779297
8901,63.62131118774414
8902,73.55088806152344
8903,26.381805419921875
8904,75.16999816894531
8905,46.43620300292969
8906,74.30242919921875
8907,45.80232238769531
8908,76.18415832519531
8909,67.87269592285156
8910,41.00321960449219
8911,27.030433654785156
8912,43.1600341796875
8913,58.94507598876953
8914,41.917198181152344
8915,77.66189575195312
8916,41.68751525878906
8917,35.774070739746094
8918,42.8072624206543
8919,16.339353561401367
8920,45.55149841308594
8921,53.25816345214844
8922,33.004913330078125
8923,85.63491821289062
8924,34.28669357299805
8925,38.572601318359375
8926,33.60926818847656
8927,9.807487487792969
8928,38.147377014160156
8929,47.18506622314453
8930,62.27052688598633
8931,69.40575408935547
8932,80.64889526367188
8933,29.115446090698242
8934,83.34255981445312
8935,47.738624572753906
8936,78.68631744384766
8937,48.583465576171875
8938,92.20977783203125
8939,65.46387481689453
8940,36.3140754699707
8941,28.54143714904785
8942,39.41312026977539
8943,59.20581817626953
8944,37.249046325683594
8945,72.54281616210938
8946,36.13362121582031
8947,34.69389343261719
8948,39.197166442871094
8949,21.123348236083984
8950,40.745338439941406
8951,52.74675750732422
8952,27.026771545410156
8953,79.42066192626953
8954,30.23615264892578
8955,38.14316177368164
8956,29.974315643310547
8957,13.161378860473633
8958,34.53813934326172
8959,48.58519744873047
8960,62.51757049560547
8961,69.87117004394531
8962,71.22503662109375
8963,30.128644943237305
8964,73.39530944824219
8965,49.10169982910156
8966,71.00254821777344
8967,50.316375732421875
8968,78.60485076904297
8969,67.12348937988281
8970,35.76419448852539
8971,28.50201416015625
8972,34.61210250854492
8973,59.22235107421875
8974,37.28903579711914
8975,75.36280822753906
8976,36.004615783691406
8977,36.240360260009766
8978,36.09272766113281
8979,20.217365264892578
8980,34.53644943237305
8981,55.73861312866211
8982,29.132890701293945
8983,82.89775085449219
8984,27.925859451293945
8985,41.37022018432617
8986,29.083398818969727
8987,12.285362243652344
8988,25.308805465698242
8989,48.038516998291016
8990,58.7991943359375
8991,59.163368225097656
8992,80.50643920898438
8993,30.194459915161133
8994,78.15177917480469
8995,45.28779602050781
8996,75.34805297851562
8997,44.04932403564453
8998,86.25148010253906
8999,65.53472900390625
9000,36.61891174316406
9001,27.70034408569336
9002,36.805870056152344
9003,60.08745574951172
9004,37.466552734375
9005,73.27667236328125
9006,37.18063735961914
9007,33.99448776245117
9008,36.816715240478516
9009,20.940088272094727
9010,37.38726043701172
9011,52.693275451660156
9012,30.72806167602539
9013,80.27163696289062
9014,31.520240783691406
9015,39.68342590332031
9016,30.446033477783203
9017,12.299919128417969
9018,31.890499114990234
9019,47.30518341064453
9020,60.03837585449219
9021,65.1639404296875
9022,77.13121795654297
9023,30.91545295715332
9024,77.29342651367188
9025,47.44272994995117
9026,72.52593994140625
9027,47.85980987548828
9028,78.8035888671875
9029,64.97099304199219
9030,39.691017150878906
9031,29.8670654296875
9032,38.166751861572266
9033,57.68645477294922
9034,39.3604736328125
9035,72.89398956298828
9036,42.18975067138672
9037,37.88531494140625
9038,38.61915588378906
9039,20.83407211303711
9040,39.78321838378906
9041,54.11182403564453
9042,31.756126403808594
9043,79.43505859375
9044,39.64337921142578
9045,42.41112518310547
9046,31.210491180419922
9047,13.24428939819336
9048,36.43053436279297
9049,48.001190185546875
9050,61.0301513671875
9051,63.49376678466797
9052,75.94036865234375
9053,28.406557083129883
9054,75.51199340820312
9055,47.001033782958984
9056,73.3118667602539
9057,45.61668395996094
9058,82.86601257324219
9059,65.83312225341797
9060,35.971893310546875
9061,28.800064086914062
9062,36.914974212646484
9063,58.930763244628906
9064,37.82514190673828
9065,73.47532653808594
9066,36.31358337402344
9067,37.113250732421875
9068,38.52279281616211
9069,20.675907135009766
9070,38.21368408203125
9071,54.88277053833008
9072,26.980388641357422
9073,79.35934448242188
9074,26.001827239990234
9075,40.014556884765625
9076,27.24595832824707
9077,12.805374145507812
9078,29.798500061035156
9079,47.316368103027344
9080,55.826316833496094
9081,62.746009826660156
9082,76.34244537353516
9083,32.73187255859375
9084,76.96390533447266
9085,47.251277923583984
9086,72.13818359375
9087,47.70085906982422
9088,81.46182250976562
9089,66.48932647705078
9090,37.305213928222656
9091,29.133647918701172
9092,36.21746826171875
9093,58.166709899902344
9094,38.035484313964844
9095,74.34637451171875
9096,38.856380462646484
9097,36.93199157714844
9098,36.86888885498047
9099,20.83690071105957
9100,36.13011932373047
9101,57.00624465942383
9102,28.30329132080078
9103,81.09750366210938
9104,32.321128845214844
9105,39.939781188964844
9106,27.920005798339844
9107,13.244009017944336
9108,29.841552734375
9109,46.965293884277344
9110,56.96063995361328
9111,61.114986419677734
9112,79.0868148803711
9113,29.165481567382812
9114,78.61267852783203
9115,45.259498596191406
9116,75.07025146484375
9117,45.079864501953125
9118,81.35307312011719
9119,65.19358825683594
9120,36.401885986328125
9121,25.588472366333008
9122,37.014305114746094
9123,57.82752990722656
9124,37.286865234375
9125,72.96406555175781
9126,36.610748291015625
9127,33.82103729248047
9128,37.932464599609375
9129,17.11044692993164
9130,38.25410079956055
9131,55.10902404785156
9132,28.745925903320312
9133,80.34423065185547
9134,29.935569763183594
9135,37.279903411865234
9136,30.78608512878418
9137,8.822553634643555
9138,33.435585021972656
9139,48.31884765625
9140,62.94512176513672
9141,65.08487701416016
9142,77.14661407470703
9143,29.1245059967041
9144,78.36921691894531
9145,48.01702117919922
9146,76.47618103027344
9147,47.570228576660156
9148,80.63539123535156
9149,65.60610961914062
9150,35.753013610839844
9151,29.590049743652344
9152,36.66489791870117
9153,57.990013122558594
9154,36.86418151855469
9155,74.36705017089844
9156,36.10060119628906
9157,37.90406036376953
9158,37.02375411987305
9159,21.078142166137695
9160,37.447017669677734
9161,55.73360824584961
9162,26.977184295654297
9163,81.03025817871094
9164,29.124805450439453
9165,39.54766082763672
9166,27.987516403198242
9167,13.370893478393555
9168,31.285888671875
9169,48.22032165527344
9170,60.88275146484375
9171,66.52607727050781
9172,78.34814453125
9173,34.13844299316406
9174,80.06248474121094
9175,50.44377136230469
9176,75.94889068603516
9177,50.33163070678711
9178,83.24388885498047
9179,66.74634552001953
9180,37.66648483276367
9181,26.945104598999023
9182,37.75566864013672
9183,58.639991760253906
9184,38.62248992919922
9185,74.94883728027344
9186,39.03891372680664
9187,35.43821716308594
9188,38.37980651855469
9189,18.106060028076172
9190,38.929256439208984
9191,54.06920623779297
9192,28.604721069335938
9193,81.90846252441406
9194,32.954376220703125
9195,39.312583923339844
9196,29.048648834228516
9197,10.833335876464844
9198,33.10489273071289
9199,46.67413330078125
9200,53.222900390625
9201,64.01039123535156
9202,78.71698760986328
9203,30.9289493560791
9204,79.02110290527344
9205,47.19480895996094
9206,72.98808288574219
9207,47.567752838134766
9208,83.67181396484375
9209,66.78102111816406
9210,36.03122329711914
9211,27.388668060302734
9212,36.660682678222656
9213,59.024818420410156
9214,37.74409484863281
9215,74.49470520019531
9216,36.56891632080078
9217,36.29902267456055
9218,38.17469787597656
9219,19.023624420166016
9220,36.98594665527344
9221,57.0555419921875
9222,31.018665313720703
9223,80.99421691894531
9224,29.783348083496094
9225,39.868446350097656
9226,32.07094955444336
9227,11.245591163635254
9228,30.988115310668945
9229,51.162479400634766
9230,61.58024215698242
9231,65.06143188476562
9232,79.80992889404297
9233,30.845746994018555
9234,79.61595153808594
9235,49.25614929199219
9236,78.63993072509766
9237,49.37376403808594
9238,84.55540466308594
9239,64.93193817138672
9240,36.477500915527344
9241,29.129077911376953
9242,35.47643280029297
9243,56.39684295654297
9244,38.12261962890625
9245,73.20921325683594
9246,36.3065185546875
9247,38.4782829284668
9248,37.62364959716797
9249,20.849130630493164
9250,35.14398193359375
9251,55.31840896606445
9252,29.60198402404785
9253,79.04493713378906
9254,28.975862503051758
9255,40.111366271972656
9256,29.31540298461914
9257,15.310113906860352
9258,27.56096839904785
9259,47.8919677734375
9260,62.98354721069336
9261,62.32466125488281
9262,76.43566131591797
9263,31.604887008666992
9264,75.49726104736328
9265,47.63568115234375
9266,75.27128601074219
9267,47.22663879394531
9268,79.95320129394531
9269,65.28839111328125
9270,35.264583587646484
9271,27.894927978515625
9272,37.11498260498047
9273,58.03572082519531
9274,36.905174255371094
9275,73.41123962402344
9276,35.124813079833984
9277,35.86650848388672
9278,37.40315246582031
9279,19.444957733154297
9280,38.804813385009766
9281,53.81246566772461
9282,26.1378173828125
9283,80.16322326660156
9284,28.064651489257812
9285,37.788368225097656
9286,28.126800537109375
9287,11.639589309692383
9288,32.684791564941406
9289,47.78712463378906
9290,61.2131233215332
9291,67.41617584228516
9292,77.72232055664062
9293,33.35227584838867
9294,80.98987579345703
9295,49.818084716796875
9296,76.39015197753906
9297,49.933937072753906
9298,84.39703369140625
9299,69.13800048828125
9300,37.51347732543945
9301,28.099586486816406
9302,36.37609100341797
9303,62.28802490234375
9304,37.81897735595703
9305,75.72857666015625
9306,38.00663757324219
9307,34.797447204589844
9308,37.07051086425781
9309,19.548473358154297
9310,36.88417053222656
9311,56.78361511230469
9312,25.18838882446289
9313,84.15899658203125
9314,29.325326919555664
9315,41.426475524902344
9316,25.77829360961914
9317,11.284887313842773
9318,27.26092529296875
9319,50.279170989990234
9320,57.45868682861328
9321,68.7593994140625
9322,83.0908203125
9323,28.96990966796875
9324,82.36067199707031
9325,50.71546936035156
9326,80.05680847167969
9327,50.5770378112793
9328,86.42918395996094
9329,66.41822052001953
9330,37.10227966308594
9331,28.29558563232422
9332,36.8007926940918
9333,58.861412048339844
9334,38.80397033691406
9335,74.1439208984375
9336,37.93646240234375
9337,36.67564392089844
9338,38.38003158569336
9339,19.930587768554688
9340,36.89543151855469
9341,56.81993865966797
9342,31.075817108154297
9343,80.70162963867188
9344,31.873886108398438
9345,39.90968704223633
9346,31.50833511352539
9347,12.247270584106445
9348,31.35057258605957
9349,49.83120346069336
9350,62.08327865600586
9351,63.37421417236328
9352,78.2785415649414
9353,30.26130485534668
9354,77.18827819824219
9355,47.987525939941406
9356,76.88290405273438
9357,47.70475769042969
9358,82.50390625
9359,67.50975799560547
9360,38.20053482055664
9361,28.761940002441406
9362,38.20887756347656
9363,59.019126892089844
9364,38.605506896972656
9365,76.73011779785156
9366,38.963050842285156
9367,36.982303619384766
9368,37.87547302246094
9369,19.39849281311035
9370,38.986671447753906
9371,56.567237854003906
9372,25.488983154296875
9373,85.32255554199219
9374,32.7926025390625
9375,39.8291130065918
9376,24.320858001708984
9377,9.891342163085938
9378,33.942222595214844
9379,48.31547164916992
9380,57.16569519042969
9381,69.95401000976562
9382,76.93254852294922
9383,27.27423095703125
9384,77.48627471923828
9385,47.83142852783203
9386,71.76148223876953
9387,49.360198974609375
9388,89.68196868896484
9389,65.07221984863281
9390,36.94049835205078
9391,27.948381423950195
9392,35.469993591308594
9393,58.9874382019043
9394,38.858421325683594
9395,72.71344757080078
9396,36.85447692871094
9397,36.059326171875
9398,38.08842086791992
9399,20.068368911743164
9400,35.18054962158203
9401,54.978275299072266
9402,29.672304153442383
9403,79.72489929199219
9404,29.517871856689453
9405,40.828163146972656
9406,30.373104095458984
9407,12.264057159423828
9408,26.339519500732422
9409,47.909400939941406
9410,58.707828521728516
9411,58.95819091796875
9412,79.80247497558594
9413,30.367704391479492
9414,78.46391296386719
9415,45.23698425292969
9416,75.22933959960938
9417,44.80048751831055
9418,84.86664581298828
9419,66.8084716796875
9420,38.58598327636719
9421,29.37604522705078
9422,36.959598541259766
9423,59.00392532348633
9424,39.071868896484375
9425,74.92718505859375
9426,39.22825622558594
9427,38.19266128540039
9428,38.334144592285156
9429,21.07720947265625
9430,37.116207122802734
9431,57.58937072753906
9432,29.073938369750977
9433,82.79119110107422
9434,32.44607162475586
9435,40.40687561035156
9436,29.060510635375977
9437,13.385581970214844
9438,30.980932235717773
9439,47.52315902709961
9440,60.030738830566406
9441,65.6904525756836
9442,76.74531555175781
9443,27.159841537475586
9444,75.35663604736328
9445,46.892974853515625
9446,73.6284408569336
9447,46.44599151611328
9448,85.20620727539062
9449,65.78108215332031
9450,36.545013427734375
9451,28.097415924072266
9452,38.631752014160156
9453,58.592769622802734
9454,37.21367263793945
9455,73.36978149414062
9456,36.66004180908203
9457,35.60590362548828
9458,38.349525451660156
9459,20.681259155273438
9460,39.20199203491211
9461,52.71868896484375
9462,29.737071990966797
9463,79.97593688964844
9464,29.49195098876953
9465,39.437416076660156
9466,30.527996063232422
9467,12.533427238464355
9468,33.230751037597656
9469,47.78817367553711
9470,57.23991775512695
9471,69.30230712890625
9472,70.55686950683594
9473,30.348501205444336
9474,73.17355346679688
9475,49.16391372680664
9476,70.81495666503906
9477,49.97700500488281
9478,84.52207946777344
9479,66.85072326660156
9480,33.11129379272461
9481,27.057968139648438
9482,36.52651596069336
9483,58.91344451904297
9484,35.170928955078125
9485,74.96774291992188
9486,33.21543502807617
9487,35.886356353759766
9488,37.04701232910156
9489,18.533187866210938
9490,37.686492919921875
9491,53.27984619140625
9492,27.490264892578125
9493,81.17527770996094
9494,27.009775161743164
9495,39.13862991333008
9496,29.088930130004883
9497,11.367948532104492
9498,32.646629333496094
9499,47.94586181640625
9500,55.532588958740234
9501,66.74043273925781
9502,76.37570190429688
9503,33.6743278503418
9504,79.19650268554688
9505,48.924102783203125
9506,74.1883773803711
9507,50.11784362792969
9508,84.30722045898438
9509,66.61505889892578
9510,36.447505950927734
9511,28.723251342773438
9512,35.010963439941406
9513,59.12196350097656
9514,36.89250946044922
9515,74.09917449951172
9516,37.35235595703125
9517,36.621673583984375
9518,35.990142822265625
9519,20.076852798461914
9520,35.15045166015625
9521,57.699546813964844
9522,26.71750259399414
9523,82.48605346679688
9524,30.991836547851562
9525,39.63806915283203
9526,26.903884887695312
9527,12.628807067871094
9528,28.497516632080078
9529,46.898773193359375
9530,57.092498779296875
9531,61.019859313964844
9532,79.16849517822266
9533,27.8935546875
9534,77.63581848144531
9535,44.995994567871094
9536,75.46719360351562
9537,45.401405334472656
9538,80.12413024902344
9539,66.76830291748047
9540,38.708587646484375
9541,27.94739532470703
9542,36.95641326904297
9543,59.93769073486328
9544,38.98758316040039
9545,73.98688507080078
9546,39.88254928588867
9547,35.90296173095703
9548,37.378936767578125
9549,20.667619705200195
9550,37.63523864746094
9551,57.03704071044922
9552,28.16510581970215
9553,81.12251281738281
9554,33.64887237548828
9555,40.091583251953125
9556,27.524860382080078
9557,13.371870040893555
9558,32.45301055908203
9559,46.376121520996094
9560,56.443214416503906
9561,62.59794616699219
9562,79.7606201171875
9563,29.333942413330078
9564,78.58098602294922
9565,46.72477722167969
9566,74.19633483886719
9567,45.75957107543945
9568,82.91268920898438
9569,66.12406158447266
9570,39.58051300048828
9571,29.858423233032227
9572,38.28199005126953
9573,58.9520263671875
9574,39.2095947265625
9575,74.05552673339844
9576,42.0452880859375
9577,37.62339782714844
9578,38.29279327392578
9579,21.09506607055664
9580,40.54960632324219
9581,55.57465362548828
9582,31.495882034301758
9583,81.16207885742188
9584,39.278587341308594
9585,42.999366760253906
9586,31.10248565673828
9587,13.776704788208008
9588,36.39500427246094
9589,49.30689239501953
9590,59.011627197265625
9591,62.46306610107422
9592,80.066650390625
9593,31.2605037689209
9594,79.62458801269531
9595,47.68762969970703
9596,77.45887756347656
9597,48.123619079589844
9598,79.80121612548828
9599,65.68174743652344
9600,37.70066833496094
9601,28.82042121887207
9602,38.28425216674805
9603,57.49052810668945
9604,38.64206314086914
9605,73.40240478515625
9606,38.220359802246094
9607,37.47239685058594
9608,38.40898895263672
9609,20.50132179260254
9610,39.55870819091797
9611,54.580810546875
9612,27.253637313842773
9613,80.60650634765625
9614,31.455907821655273
9615,39.29895782470703
9616,27.018287658691406
9617,12.238912582397461
9618,33.81883239746094
9619,47.4140625
9620,57.00053024291992
9621,65.56193542480469
9622,76.08655548095703
9623,31.240283966064453
9624,77.45904541015625
9625,48.208465576171875
9626,72.72393035888672
9627,49.18817138671875
9628,83.47560119628906
9629,65.81680297851562
9630,34.59709167480469
9631,29.706100463867188
9632,35.91825485229492
9633,59.34929656982422
9634,35.137847900390625
9635,72.7465591430664
9636,35.3229866027832
9637,36.66508102416992
9638,35.86901092529297
9639,22.509681701660156
9640,36.83870315551758
9641,53.67277526855469
9642,26.676294326782227
9643,79.45713806152344
9644,27.8624267578125
9645,41.6716423034668
9646,27.8128719329834
9647,14.127584457397461
9648,29.719379425048828
9649,48.51194381713867
9650,53.613739013671875
9651,64.01596069335938
9652,75.25682067871094
9653,34.54395294189453
9654,75.99418640136719
9655,48.521240234375
9656,69.866455078125
9657,48.6711311340332
9658,79.64994812011719
9659,65.17095947265625
9660,36.82325744628906
9661,30.623586654663086
9662,37.11349105834961
9663,57.00287628173828
9664,38.56378936767578
9665,73.53924560546875
9666,37.55475616455078
9667,38.68998718261719
9668,38.56452560424805
9669,22.472103118896484
9670,38.498077392578125
9671,55.2889518737793
9672,28.147823333740234
9673,82.73060607910156
9674,28.062715530395508
9675,39.117584228515625
9676,28.220909118652344
9677,13.560526847839355
9678,30.062307357788086
9679,46.91651153564453
9680,57.43745803833008
9681,64.16944885253906
9682,78.82170867919922
9683,33.31220626831055
9684,80.1736068725586
9685,47.49858093261719
9686,74.53068542480469
9687,48.235145568847656
9688,82.67242431640625
9689,66.364013671875
9690,39.51666259765625
9691,30.235591888427734
9692,38.00385665893555
9693,58.83776092529297
9694,39.35674285888672
9695,74.1859130859375
9696,42.02491760253906
9697,38.22319412231445
9698,38.31816864013672
9699,21.177932739257812
9700,39.59634780883789
9701,55.527339935302734
9702,31.54987335205078
9703,81.26702880859375
9704,39.117897033691406
9705,43.133995056152344
9706,31.097505569458008
9707,13.861730575561523
9708,36.28444290161133
9709,49.073612213134766
9710,60.817901611328125
9711,62.2044677734375
9712,80.0011978149414
9713,31.33875274658203
9714,78.8602523803711
9715,48.04588317871094
9716,77.2010498046875
9717,48.10972213745117
9718,79.73338317871094
9719,65.5570068359375
9720,35.04207992553711
9721,28.690767288208008
9722,36.99097442626953
9723,58.096256256103516
9724,35.78479766845703
9725,74.34593200683594
9726,36.3988037109375
9727,36.728363037109375
9728,37.520145416259766
9729,20.560121536254883
9730,38.42764663696289
9731,53.648712158203125
9732,26.932174682617188
9733,81.02569580078125
9734,28.897872924804688
9735,39.09086608886719
9736,27.298755645751953
9737,13.022523880004883
9738,31.089778900146484
9739,47.90576171875
9740,56.0865478515625
9741,65.87406921386719
9742,75.00704193115234
9743,33.060707092285156
9744,77.22775268554688
9745,49.02018737792969
9746,71.51298522949219
9747,49.49640655517578
9748,80.22459411621094
9749,66.3636703491211
9750,36.805206298828125
9751,29.646724700927734
9752,37.55919647216797
9753,58.5336799621582
9754,38.2310676574707
9755,74.0054931640625
9756,37.38011169433594
9757,37.792293548583984
9758,38.571937561035156
9759,21.57632064819336
9760,39.25125503540039
9761,53.99958801269531
9762,27.506031036376953
9763,82.57249450683594
9764,32.07037353515625
9765,40.756690979003906
9766,28.656309127807617
9767,14.070900917053223
9768,33.01416015625
9769,47.06435775756836
9770,57.964656829833984
9771,64.55351257324219
9772,77.25862884521484
9773,33.15477752685547
9774,79.08383178710938
9775,48.482242584228516
9776,74.05915832519531
9777,49.03084945678711
9778,83.23225402832031
9779,65.03826904296875
9780,38.68223190307617
9781,29.19995880126953
9782,37.61994552612305
9783,57.004150390625
9784,39.24333190917969
9785,73.44349670410156
9786,39.23921585083008
9787,37.500831604003906
9788,39.032936096191406
9789,20.889259338378906
9790,38.537269592285156
9791,55.24468231201172
9792,29.48416519165039
9793,82.08309936523438
9794,32.578948974609375
9795,40.34260940551758
9796,29.171152114868164
9797,13.29179859161377
9798,31.006084442138672
9799,47.68692398071289
9800,56.23377227783203
9801,61.481666564941406
9802,72.14634704589844
9803,30.889469146728516
9804,71.4605712890625
9805,46.83073425292969
9806,70.04627227783203
9807,46.86093521118164
9808,75.85653686523438
9809,64.14848327636719
9810,36.377845764160156
9811,29.902999877929688
9812,37.138267517089844
9813,57.1662483215332
9814,37.19467544555664
9815,70.7745361328125
9816,36.53158950805664
9817,36.105247497558594
9818,37.888084411621094
9819,23.77063751220703
9820,38.252410888671875
9821,52.943267822265625
9822,30.66071319580078
9823,77.1661376953125
9824,29.649765014648438
9825,39.648048400878906
9826,31.25428581237793
9827,15.776580810546875
9828,32.30308532714844
9829,47.280147552490234
9830,57.07482147216797
9831,62.51856231689453
9832,75.24967956542969
9833,34.970829010009766
9834,75.92689514160156
9835,47.69184112548828
9836,71.32654571533203
9837,47.62940979003906
9838,80.33636474609375
9839,67.03388977050781
9840,33.597564697265625
9841,28.41767120361328
9842,35.380218505859375
9843,59.350196838378906
9844,35.19677734375
9845,74.80458068847656
9846,34.37335205078125
9847,36.794097900390625
9848,35.77301788330078
9849,20.586925506591797
9850,35.92521667480469
9851,54.316612243652344
9852,27.91286849975586
9853,82.12046813964844
9854,26.71683120727539
9855,39.0595703125
9856,28.46992301940918
9857,14.982549667358398
9858,28.834976196289062
9859,47.34638977050781
9860,61.28649139404297
9861,63.390785217285156
9862,77.30303955078125
9863,32.739776611328125
9864,76.79225158691406
9865,46.991607666015625
9866,76.40233612060547
9867,47.837562561035156
9868,83.72293853759766
9869,71.19491577148438
9870,41.035194396972656
9871,32.055274963378906
9872,42.84083938598633
9873,63.345298767089844
9874,42.485530853271484
9875,79.19007873535156
9876,42.530250549316406
9877,42.026466369628906
9878,43.11699676513672
9879,26.29541778564453
9880,43.93954849243164
9881,59.16704177856445
9882,35.0922966003418
9883,86.81222534179688
9884,35.357181549072266
9885,43.861488342285156
9886,33.63096618652344
9887,16.418292999267578
9888,36.37575149536133
9889,53.34471130371094
9890,65.01477813720703
9891,69.85325622558594
9892,87.3661117553711
9893,35.497840881347656
9894,88.69064331054688
9895,54.016910552978516
9896,83.45527648925781
9897,53.56647491455078
9898,90.57774353027344
9899,66.71685791015625
9900,34.48225021362305
9901,27.73281478881836
9902,33.86551284790039
9903,58.540985107421875
9904,34.6324348449707
9905,75.29231262207031
9906,35.145835876464844
9907,35.32703399658203
9908,34.150367736816406
9909,19.186180114746094
9910,34.674278259277344
9911,54.40359878540039
9912,24.009387969970703
9913,83.74195861816406
9914,28.53656768798828
9915,39.1229362487793
9916,23.158109664916992
9917,9.54256820678711
9918,27.22048568725586
9919,45.983856201171875
9920,59.289451599121094
9921,71.97013854980469
9922,67.2254409790039
9923,19.283710479736328
9924,66.02737426757812
9925,46.472129821777344
9926,70.29579162597656
9927,47.251251220703125
9928,73.6268539428711
9929,68.58180236816406
9930,35.61138153076172
9931,30.245935440063477
9932,36.64479064941406
9933,60.75762176513672
9934,37.10369110107422
9935,76.53890991210938
9936,35.264488220214844
9937,37.0356330871582
9938,37.534873962402344
9939,22.436965942382812
9940,36.70899963378906
9941,57.38135528564453
9942,28.954166412353516
9943,84.6309585571289
9944,24.974740982055664
9945,39.46949005126953
9946,29.303115844726562
9947,13.858856201171875
9948,27.598817825317383
9949,48.57114791870117
9950,62.51368713378906
9951,67.75431823730469
9952,74.24635314941406
9953,33.25461959838867
9954,74.23545837402344
9955,49.97693634033203
9956,74.28900146484375
9957,50.18244552612305
9958,84.7352294921875
9959,67.87532806396484
9960,38.28219985961914
9961,28.260921478271484
9962,40.815399169921875
9963,60.172611236572266
9964,38.66033935546875
9965,75.45516967773438
9966,38.59603500366211
9967,35.8110466003418
9968,40.63900375366211
9969,20.83290672302246
9970,41.630706787109375
9971,55.7781982421875
9972,28.72633934020996
9973,82.67694091796875
9974,31.382457733154297
9975,38.9686279296875
9976,31.238353729248047
9977,13.500925064086914
9978,34.3331413269043
9979,49.71092987060547
9980,70.33967590332031
9981,70.79961395263672
9982,75.44900512695312
9983,31.40921974182129
9984,79.56124114990234
9985,50.825714111328125
9986,80.36430358886719
9987,50.51899719238281
9988,86.11795043945312
9989,64.99053192138672
9990,38.90855026245117
9991,30.0599365234375
9992,35.36286163330078
9993,58.03067398071289
9994,39.10120391845703
9995,72.07723999023438
9996,39.64535903930664
9997,38.97138977050781
9998,37.101287841796875
9999,21.885404586791992
10000,35.12568664550781
10001,57.42934036254883
10002,27.832223892211914
10003,78.86319732666016
10004,31.12200164794922
10005,40.83349609375
10006,26.62788200378418
10007,17.006961822509766
10008,26.349214553833008
10009,48.207359313964844
10010,56.16742706298828
10011,60.61445617675781
10012,77.000244140625
10013,29.806964874267578
10014,73.36380004882812
10015,45.751258850097656
10016,71.72394561767578
10017,45.389678955078125
10018,78.77516174316406
10019,66.63510131835938
10020,35.9581184387207
10021,28.734859466552734
10022,36.671165466308594
10023,58.78791809082031
10024,37.19049835205078
10025,75.15449523925781
10026,35.92017364501953
10027,36.834110260009766
10028,38.11278533935547
10029,20.9256591796875
10030,36.819637298583984
10031,55.896278381347656
10032,29.85256576538086
10033,82.42431640625
10034,29.431163787841797
10035,39.14910888671875
10036,30.221513748168945
10037,13.72520923614502
10038,30.497814178466797
10039,48.063232421875
10040,64.00836181640625
10041,68.89230346679688
10042,75.25314331054688
10043,29.87212562561035
10044,77.75009155273438
10045,48.02418518066406
10046,78.97309875488281
10047,47.84318923950195
10048,80.624755859375
10049,65.55500793457031
10050,36.22944641113281
10051,28.782176971435547
10052,37.86387634277344
10053,58.035133361816406
10054,37.95415496826172
10055,74.2382583618164
10056,36.18141174316406
10057,36.85467529296875
10058,39.08168411254883
10059,20.782997131347656
10060,38.783592224121094
10061,55.05977249145508
10062,30.31675910949707
10063,80.40924835205078
10064,29.13492202758789
10065,38.90519714355469
10066,31.17770767211914
10067,13.59219741821289
10068,33.04604721069336
10069,49.256103515625
10070,64.99516296386719
10071,69.39289855957031
10072,73.18501281738281
10073,29.796445846557617
10074,75.88300323486328
10075,48.65653991699219
10076,77.67687225341797
10077,48.93544387817383
10078,79.83869934082031
10079,66.72059631347656
10080,36.01850509643555
10081,29.061901092529297
10082,36.336326599121094
10083,58.8006591796875
10084,37.563148498535156
10085,73.94770812988281
10086,36.45476150512695
10087,37.827972412109375
10088,38.08258819580078
10089,20.977264404296875
10090,36.710716247558594
10091,55.4608039855957
10092,26.459400177001953
10093,79.61329650878906
10094,27.234107971191406
10095,41.63011169433594
10096,28.13724136352539
10097,14.53510856628418
10098,29.192975997924805
10099,47.964393615722656
10100,56.24463653564453
10101,62.05963134765625
10102,74.83236694335938
10103,32.81837463378906
10104,76.20631408691406
10105,48.0084342956543
10106,71.18441009521484
10107,48.40964126586914
10108,79.16346740722656
10109,65.11235046386719
10110,35.0788688659668
10111,28.64818572998047
10112,37.622154235839844
10113,57.701683044433594
10114,36.84247589111328
10115,74.23597717285156
10116,34.81462097167969
10117,36.43926239013672
10118,38.21349334716797
10119,20.163381576538086
10120,39.080421447753906
10121,53.344703674316406
10122,28.32714080810547
10123,80.4322509765625
10124,27.835025787353516
10125,37.51167297363281
10126,30.548200607299805
10127,12.87211799621582
10128,33.40534591674805
10129,47.77099609375
10130,64.45447540283203
10131,68.33438110351562
10132,78.1884765625
10133,35.41949462890625
10134,81.5543212890625
10135,50.791587829589844
10136,79.8051528930664
10137,51.64391326904297
10138,83.45834350585938
10139,66.22237396240234
10140,37.209022521972656
10141,29.124042510986328
10142,39.15974044799805
10143,59.65498352050781
10144,37.535736083984375
10145,73.50997161865234
10146,37.76756286621094
10147,35.80469512939453
10148,39.324275970458984
10149,22.149341583251953
10150,39.937599182128906
10151,55.41584014892578
10152,28.468589782714844
10153,81.06685638427734
10154,30.18484878540039
10155,39.280582427978516
10156,31.029685974121094
10157,15.08800983428955
10158,33.264869689941406
10159,48.01678466796875
10160,64.58601379394531
10161,65.66719818115234
10162,77.30025482177734
10163,34.55445861816406
10164,79.4456558227539
10165,49.78841781616211
10166,76.47650146484375
10167,50.259639739990234
10168,82.8214111328125
10169,65.22825622558594
10170,37.06016540527344
10171,30.03137969970703
10172,36.94586944580078
10173,57.182594299316406
10174,37.92504119873047
10175,73.35731506347656
10176,38.24882507324219
10177,38.03704833984375
10178,37.74799346923828
10179,22.17981719970703
10180,38.16111755371094
10181,53.45330047607422
10182,30.82781982421875
10183,79.72323608398438
10184,33.70938491821289
10185,39.97180938720703
10186,30.508834838867188
10187,15.408994674682617
10188,33.55012130737305
10189,47.62727737426758
10190,59.56537628173828
10191,62.43476104736328
10192,73.936279296875
10193,33.26945114135742
10194,73.525634765625
10195,47.84041976928711
10196,72.03128051757812
10197,48.28498077392578
10198,76.6505126953125
10199,64.58511352539062
10200,39.829505920410156
10201,27.05496597290039
10202,38.642723083496094
10203,57.34069061279297
10204,39.707698822021484
10205,72.40911865234375
10206,41.43734359741211
10207,35.60614013671875
10208,39.035301208496094
10209,18.940196990966797
10210,40.34882736206055
10211,53.615623474121094
10212,31.350265502929688
10213,80.47761535644531
10214,38.35408020019531
10215,41.62385559082031
10216,31.44286346435547
10217,11.000001907348633
10218,36.309120178222656
10219,47.15717315673828
10220,63.30369567871094
10221,62.561336517333984
10222,81.55368041992188
10223,29.23388671875
10224,81.57750701904297
10225,47.21612548828125
10226,78.19651794433594
10227,47.50933074951172
10228,82.03172302246094
10229,66.3892593383789
10230,36.864158630371094
10231,28.508777618408203
10232,38.4085693359375
10233,57.53468322753906
10234,38.17148971557617
10235,74.68887329101562
10236,37.999412536621094
10237,36.250274658203125
10238,38.69953918457031
10239,20.339221954345703
10240,39.92778778076172
10241,53.691165924072266
10242,29.06841468811035
10243,83.02371215820312
10244,32.438514709472656
10245,39.9356689453125
10246,29.376903533935547
10247,11.60633659362793
10248,33.52272033691406
10249,46.78333282470703
10250,61.16966247558594
10251,64.66413879394531
10252,79.86222839355469
10253,31.896053314208984
10254,81.42778015136719
10255,47.438690185546875
10256,77.92308044433594
10257,47.948829650878906
10258,85.3720703125
10259,64.30631256103516
10260,31.014265060424805
10261,27.738136291503906
10262,35.664268493652344
10263,57.418941497802734
10264,32.359336853027344
10265,72.33078002929688
10266,30.039369583129883
10267,35.7272834777832
10268,35.52352523803711
10269,20.080181121826172
10270,36.14447021484375
10271,53.21140670776367
10272,25.011592864990234
10273,79.8753662109375
10274,19.01738739013672
10275,37.86698913574219
10276,26.2733154296875
10277,10.122190475463867
10278,26.142215728759766
10279,48.182857513427734
10280,57.00494384765625
10281,63.48675537109375
10282,74.8024673461914
10283,37.57615661621094
10284,77.48138427734375
10285,49.51848602294922
10286,73.13816833496094
10287,50.932769775390625
10288,81.65168762207031
10289,67.25006103515625
10290,36.83720397949219
10291,29.380401611328125
10292,36.157432556152344
10293,59.230125427246094
10294,37.81634521484375
10295,74.89398193359375
10296,36.73743438720703
10297,37.878814697265625
10298,37.59000778198242
10299,20.964134216308594
10300,36.87644958496094
10301,56.5218505859375
10302,28.634042739868164
10303,79.36151123046875
10304,27.284626007080078
10305,43.24781799316406
10306,27.85198974609375
10307,13.137044906616211
10308,29.770755767822266
10309,48.9207649230957
10310,57.083831787109375
10311,62.74248504638672
10312,79.11604309082031
10313,31.928035736083984
10314,78.37507629394531
10315,47.350067138671875
10316,73.56466674804688
10317,46.77430725097656
10318,81.30606079101562
10319,64.27316284179688
10320,35.90632629394531
10321,28.945446014404297
10322,37.849395751953125
10323,56.59526062011719
10324,36.48600769042969
10325,71.53343963623047
10326,36.789127349853516
10327,36.58294677734375
10328,37.868648529052734
10329,20.741605758666992
10330,39.441009521484375
10331,52.91840362548828
10332,27.33965492248535
10333,78.86587524414062
10334,30.440143585205078
10335,38.3482666015625
10336,29.62677001953125
10337,13.63792610168457
10338,33.166709899902344
10339,46.65496063232422
10340,53.001792907714844
10341,62.25126647949219
10342,72.89503479003906
10343,35.6973876953125
10344,73.65303802490234
10345,48.24953842163086
10346,66.96002197265625
10347,48.421791076660156
10348,76.83734893798828
10349,65.57759857177734
10350,36.084510803222656
10351,30.578428268432617
10352,36.677120208740234
10353,58.687721252441406
10354,37.17972183227539
10355,73.44071197509766
10356,36.66354751586914
10357,38.924957275390625
10358,37.660430908203125
10359,22.085350036621094
10360,38.185611724853516
10361,55.60460662841797
10362,26.343116760253906
10363,82.67723083496094
10364,27.35114097595215
10365,39.561126708984375
10366,26.85622215270996
10367,13.206653594970703
10368,30.133888244628906
10369,47.31659698486328
10370,56.136802673339844
10371,65.8746109008789
10372,78.03035736083984
10373,32.668025970458984
10374,80.11984252929688
10375,48.30244827270508
10376,73.38076782226562
10377,49.859466552734375
10378,81.93305969238281
10379,66.57261657714844
10380,38.60517883300781
10381,28.981273651123047
10382,39.73582458496094
10383,58.27776336669922
10384,39.32048034667969
10385,75.13785552978516
10386,39.09813690185547
10387,36.824546813964844
10388,39.95806884765625
10389,20.73117446899414
10390,41.22924041748047
10391,55.161495208740234
10392,29.918752670288086
10393,83.02537536621094
10394,33.71617126464844
10395,40.285003662109375
10396,30.543014526367188
10397,12.406841278076172
10398,34.809051513671875
10399,46.60707092285156
10400,62.569854736328125
10401,68.22771453857422
10402,76.66144561767578
10403,29.07054901123047
10404,78.38349151611328
10405,47.226226806640625
10406,76.67237854003906
10407,47.83464431762695
10408,87.72921752929688
10409,64.844482421875
10410,38.87543487548828
10411,28.845706939697266
10412,37.915748596191406
10413,57.42101287841797
10414,39.18463134765625
10415,72.35037231445312
10416,39.12031555175781
10417,36.785484313964844
10418,39.2061767578125
10419,20.447280883789062
10420,38.82530975341797
10421,54.791351318359375
10422,29.488916397094727
10423,81.1271743774414
10424,32.45478820800781
10425,40.04892349243164
10426,30.11788558959961
10427,12.45877456665039
10428,31.519428253173828
10429,48.45270538330078
10430,56.758323669433594
10431,61.46528625488281
10432,72.41996765136719
10433,29.85456085205078
10434,71.64256286621094
10435,47.084781646728516
10436,70.23216247558594
10437,47.36621856689453
10438,74.60757446289062
10439,66.79411315917969
10440,36.26185989379883
10441,28.889278411865234
10442,37.38634490966797
10443,60.02751922607422
10444,36.77044677734375
10445,74.72368621826172
10446,36.22021484375
10447,36.48765182495117
10448,37.2749137878418
10449,21.53083610534668
10450,38.321414947509766
10451,53.82608413696289
10452,27.195629119873047
10453,82.12094116210938
10454,28.562484741210938
10455,41.01384735107422
10456,29.264699935913086
10457,13.325653076171875
10458,31.405548095703125
10459,49.63322448730469
10460,66.89187622070312
10461,67.47085571289062
10462,77.21035766601562
10463,33.794010162353516
10464,79.7566146850586
10465,52.37620544433594
10466,78.875732421875
10467,52.74772262573242
10468,81.15293884277344
10469,67.5726318359375
10470,39.24729537963867
10471,25.992910385131836
10472,41.51248550415039
10473,59.721649169921875
10474,39.704097747802734
10475,74.4755859375
10476,40.427879333496094
10477,35.22747039794922
10478,41.554405212402344
10479,17.354833602905273
10480,43.003509521484375
10481,54.462162017822266
10482,28.24468994140625
10483,83.48042297363281
10484,31.066265106201172
10485,38.278587341308594
10486,31.11508560180664
10487,13.056944847106934
10488,33.100196838378906
10489,46.44003677368164
10490,63.2916259765625
10491,62.32316970825195
10492,85.60628509521484
10493,30.988677978515625
10494,85.35734558105469
10495,46.18114471435547
10496,82.1693115234375
10497,46.40019226074219
10498,86.79920959472656
10499,66.5238037109375
10500,39.10236740112305
10501,25.145614624023438
10502,42.023067474365234
10503,59.71762466430664
10504,39.72117233276367
10505,73.63462829589844
10506,39.77234649658203
10507,34.55487060546875
10508,41.86552047729492
10509,17.184024810791016
10510,44.1235466003418
10511,52.07073211669922
10512,28.154455184936523
10513,80.87893676757812
10514,31.137258529663086
10515,37.64112091064453
10516,31.9484920501709
10517,10.817331314086914
10518,36.18730926513672
10519,45.58993148803711
10520,61.56047058105469
10521,64.49299621582031
10522,80.65279388427734
10523,27.975616455078125
10524,80.66215515136719
10525,45.55636215209961
10526,77.78727722167969
10527,46.803863525390625
10528,86.792236328125
10529,65.25619506835938
10530,35.64149475097656
10531,30.49333953857422
10532,34.716636657714844
10533,57.84071350097656
10534,36.17844009399414
10535,73.2124252319336
10536,35.88648986816406
10537,37.80463790893555
10538,36.19603729248047
10539,21.736326217651367
10540,34.861759185791016
10541,55.16704177856445
10542,28.91436195373535
10543,79.02044677734375
10544,29.815160751342773
10545,42.74024200439453
10546,28.212696075439453
10547,17.473251342773438
10548,28.126806259155273
10549,48.34370422363281
10550,57.07611846923828
10551,61.69371032714844
10552,73.13554382324219
10553,30.892101287841797
10554,71.76901245117188
10555,46.47530746459961
10556,71.05070495605469
10557,46.25143051147461
10558,77.23712158203125
10559,64.30583190917969
10560,35.6364631652832
10561,28.433090209960938
10562,36.6845703125
10563,58.00775146484375
10564,36.377784729003906
10565,71.66043853759766
10566,36.86180114746094
10567,35.687110900878906
10568,37.00205993652344
10569,21.370162963867188
10570,37.988121032714844
10571,52.90684509277344
10572,27.119049072265625
10573,78.75837707519531
10574,29.34644317626953
10575,39.28795623779297
10576,27.63479995727539
10577,14.309774398803711
10578,30.517362594604492
10579,47.07499313354492
10580,54.92235565185547
10581,63.645591735839844
10582,73.7664794921875
10583,33.38303756713867
10584,75.20356750488281
10585,47.776161193847656
10586,69.20556640625
10587,48.691856384277344
10588,78.15480041503906
10589,69.67976379394531
10590,40.37171173095703
10591,31.901077270507812
10592,42.51493835449219
10593,62.510066986083984
10594,41.688011169433594
10595,77.46917724609375
10596,41.54224395751953
10597,40.11508560180664
10598,42.46426773071289
10599,25.057985305786133
10600,43.37303924560547
10601,57.80363464355469
10602,34.00458908081055
10603,84.10374450683594
10604,34.77533721923828
10605,42.957000732421875
10606,33.6609992980957
10607,16.450016021728516
10608,35.98322296142578
10609,52.557029724121094
10610,64.09906005859375
10611,72.27098846435547
10612,78.34756469726562
10613,31.61280059814453
10614,80.61268615722656
10615,52.9573974609375
10616,80.93315124511719
10617,52.594482421875
10618,85.66661071777344
10619,65.20984649658203
10620,37.152191162109375
10621,27.374433517456055
10622,40.14488220214844
10623,58.65087127685547
10624,37.64430236816406
10625,73.18158721923828
10626,37.21479034423828
10627,35.08970260620117
10628,40.49585723876953
10629,20.1978759765625
10630,40.54914093017578
10631,53.69550323486328
10632,26.542652130126953
10633,80.00562286376953
10634,27.686538696289062
10635,36.93382263183594
10636,29.01676368713379
10637,12.123184204101562
10638,31.560361862182617
10639,47.49006652832031
10640,59.73027801513672
10641,71.41569519042969
10642,74.01229858398438
10643,28.934280395507812
10644,77.93650817871094
10645,49.038482666015625
10646,75.0662841796875
10647,50.094818115234375
10648,89.149169921875
10649,66.61888122558594
10650,36.89162063598633
10651,27.447879791259766
10652,38.28762435913086
10653,58.430877685546875
10654,38.33479309082031
10655,75.039306640625
10656,36.784027099609375
10657,36.20452117919922
10658,39.316864013671875
10659,19.269832611083984
10660,38.379852294921875
10661,55.63583755493164
10662,30.37673568725586
10663,82.12333679199219
10664,29.859058380126953
10665,38.69934844970703
10666,31.304168701171875
10667,12.837652206420898
10668,32.54872131347656
10669,48.716651916503906
10670,65.96553039550781
10671,72.50236511230469
10672,71.2938461303711
10673,24.629587173461914
10674,73.48391723632812
10675,48.699745178222656
10676,74.25265502929688
10677,49.92365264892578
10678,86.67890930175781
10679,68.11077880859375
10680,37.15953826904297
10681,29.013551712036133
10682,38.92546463012695
10683,61.13080596923828
10684,37.644676208496094
10685,74.84092712402344
10686,38.028465270996094
10687,36.12293243408203
10688,38.8607063293457
10689,21.72577667236328
10690,39.612247467041016
10691,55.70297622680664
10692,28.316608428955078
10693,83.14271545410156
10694,29.29979705810547
10695,40.63166809082031
10696,30.2741641998291
10697,13.930408477783203
10698,32.386451721191406
10699,48.89107131958008
10700,63.1549072265625
10701,67.61135864257812
10702,79.43309020996094
10703,34.00407791137695
10704,81.20142364501953
10705,49.81410598754883
10706,78.37946319580078
10707,49.94493103027344
10708,84.18272399902344
10709,65.7966537475586
10710,38.38447570800781
10711,28.9202938079834
10712,37.23371124267578
10713,58.32615661621094
10714,38.35505294799805
10715,73.85530853271484
10716,40.073822021484375
10717,37.17212677001953
10718,37.57195281982422
10719,21.176841735839844
10720,38.509185791015625
10721,56.25181579589844
10722,27.126380920410156
10723,80.58004760742188
10724,34.029441833496094
10725,40.14641571044922
10726,27.21991729736328
10727,14.217260360717773
10728,33.07312774658203
10729,46.79893493652344
10730,56.436805725097656
10731,64.135009765625
10732,76.2152099609375
10733,30.11881446838379
10734,74.12039184570312
10735,46.216278076171875
10736,69.7945556640625
10737,47.13670349121094
10738,82.82113647460938
10739,65.7606430053711
10740,38.655845642089844
10741,30.920955657958984
10742,38.7332763671875
10743,59.57745361328125
10744,38.58686828613281
10745,72.43888854980469
10746,39.40044021606445
10747,36.954986572265625
10748,39.55022430419922
10749,23.559791564941406
10750,38.43032455444336
10751,56.38876724243164
10752,29.650279998779297
10753,79.53844451904297
10754,31.949787139892578
10755,42.197967529296875
10756,30.323575973510742
10757,16.478748321533203
10758,31.027446746826172
10759,49.78202819824219
10760,59.22760009765625
10761,64.873291015625
10762,79.95870971679688
10763,32.91545867919922
10764,79.85487365722656
10765,49.70387649536133
10766,77.47896575927734
10767,49.127071380615234
10768,85.40599060058594
10769,66.28772735595703
10770,38.977928161621094
10771,26.33909034729004
10772,40.75629806518555
10773,58.22590637207031
10774,40.46003723144531
10775,76.29916381835938
10776,39.700523376464844
10777,35.577152252197266
10778,40.76631546020508
10779,16.62677764892578
10780,41.43081283569336
10781,53.03093719482422
10782,32.81272888183594
10783,83.79197692871094
10784,32.68450927734375
10785,39.110191345214844
10786,32.46535110473633
10787,10.673664093017578
10788,34.74357604980469
10789,47.68306350708008
10790,61.07329559326172
10791,62.69287109375
10792,83.93712615966797
10793,34.34349060058594
10794,84.83999633789062
10795,47.59833526611328
10796,78.65796661376953
10797,48.176856994628906
10798,92.06924438476562
10799,66.84664154052734
10800,38.896522521972656
10801,27.844097137451172
10802,37.980255126953125
10803,58.97835922241211
10804,39.134185791015625
10805,73.97918701171875
10806,40.700164794921875
10807,35.428611755371094
10808,38.72034454345703
10809,21.023799896240234
10810,38.747127532958984
10811,54.62770080566406
10812,31.575923919677734
10813,82.46427917480469
10814,36.84913635253906
10815,40.536231994628906
10816,31.30172348022461
10817,12.7528076171875
10818,33.14305877685547
10819,45.77132034301758
10820,63.877445220947266
10821,62.72288513183594
10822,78.90884399414062
10823,30.24691390991211
10824,78.95895385742188
10825,45.606319427490234
10826,75.44778442382812
10827,46.0712776184082
10828,81.97752380371094
10829,66.81173706054688
10830,38.667388916015625
10831,28.6601505279541
10832,36.879005432128906
10833,59.22681427001953
10834,38.57905578613281
10835,74.81819915771484
10836,40.347389221191406
10837,36.643348693847656
10838,37.07683563232422
10839,20.965770721435547
10840,37.36902618408203
10841,56.988616943359375
10842,26.435474395751953
10843,82.65279388427734
10844,34.402076721191406
10845,41.01657485961914
10846,26.44158935546875
10847,14.118021011352539
10848,30.942241668701172
10849,47.355159759521484
10850,56.901512145996094
10851,63.93840026855469
10852,78.18972778320312
10853,29.50062370300293
10854,76.92854309082031
10855,46.394630432128906
10856,74.27582550048828
10857,46.71577453613281
10858,78.53679656982422
10859,65.56732177734375
10860,35.17563247680664
10861,27.865306854248047
10862,36.685218811035156
10863,58.52771759033203
10864,36.62087631225586
10865,73.3936767578125
10866,35.34711456298828
10867,36.06166076660156
10868,37.94422149658203
10869,20.43682098388672
10870,37.030250549316406
10871,54.090179443359375
10872,27.935131072998047
10873,79.8290786743164
10874,27.63824462890625
10875,38.29044723510742
10876,28.858442306518555
10877,13.16474437713623
10878,30.81568717956543
10879,48.07612609863281
10880,64.26249694824219
10881,68.7553939819336
10882,74.69253540039062
10883,28.866594314575195
10884,77.1420669555664
10885,48.35089874267578
10886,75.73131561279297
10887,49.73957061767578
10888,78.92840576171875
10889,63.31352615356445
10890,33.107200622558594
10891,28.91778564453125
10892,33.31672668457031
10893,56.175811767578125
10894,35.03086853027344
10895,70.48127746582031
10896,33.571556091308594
10897,36.92574691772461
10898,34.906227111816406
10899,21.113813400268555
10900,34.20280838012695
10901,53.034149169921875
10902,27.03191375732422
10903,75.80241394042969
10904,27.122766494750977
10905,40.16865539550781
10906,26.551725387573242
10907,15.309694290161133
10908,28.65597152709961
10909,46.785926818847656
10910,52.482486724853516
10911,60.43617248535156
10912,69.53160095214844
10913,31.508901596069336
10914,70.09283447265625
10915,47.587432861328125
10916,63.7536735534668
10917,45.75514221191406
10918,76.47666931152344
10919,65.6290283203125
10920,35.52719497680664
10921,28.164440155029297
10922,38.50172424316406
10923,57.17235565185547
10924,37.13378143310547
10925,75.01788330078125
10926,35.63249206542969
10927,36.1722412109375
10928,38.19879913330078
10929,19.936735153198242
10930,40.37837219238281
10931,53.97624206542969
10932,24.855804443359375
10933,82.16288757324219
10934,28.714614868164062
10935,36.57612609863281
10936,28.141704559326172
10937,12.245647430419922
10938,33.842864990234375
10939,47.41055679321289
10940,61.08153533935547
10941,72.8447265625
10942,72.38447570800781
10943,32.96417236328125
10944,80.259765625
10945,49.52894592285156
10946,73.23994445800781
10947,53.149620056152344
10948,84.97906494140625
10949,66.98982238769531
10950,37.29357147216797
10951,29.93936538696289
10952,36.332054138183594
10953,58.623374938964844
10954,38.167354583740234
10955,75.02154541015625
10956,38.539669036865234
10957,38.574432373046875
10958,37.16529083251953
10959,21.2688045501709
10960,36.49308776855469
10961,57.43975067138672
10962,28.41534423828125
10963,82.73968505859375
10964,32.13920211791992
10965,40.697166442871094
10966,28.511789321899414
10967,14.890115737915039
10968,30.21868896484375
10969,47.03057098388672
10970,57.20064926147461
10971,60.4768180847168
10972,79.6143798828125
10973,34.35276794433594
10974,79.06591796875
10975,46.51833724975586
10976,75.80471801757812
10977,46.968788146972656
10978,82.57262420654297
10979,66.92259216308594
10980,37.185638427734375
10981,28.55059051513672
10982,37.24610137939453
10983,58.673072814941406
10984,37.976112365722656
10985,74.39590454101562
10986,37.76449203491211
10987,36.98750686645508
10988,37.96247100830078
10989,19.914012908935547
10990,37.90150451660156
10991,56.84397888183594
10992,28.507965087890625
10993,82.00174713134766
10994,32.2857666015625
10995,39.80438995361328
10996,29.942306518554688
10997,11.496315002441406
10998,32.750953674316406
10999,51.22466278076172
11000,57.07059860229492
11001,66.48050689697266
11002,75.41374206542969
11003,29.025226593017578
11004,75.0889892578125
11005,49.348812103271484
11006,74.1898193359375
11007,49.43017578125
11008,85.22357177734375
11009,67.68927001953125
11010,36.1005859375
11011,32.97469711303711
11012,38.04801940917969
11013,60.69019317626953
11014,37.802093505859375
11015,75.08824157714844
11016,36.74834060668945
11017,40.14751052856445
11018,38.7481575012207
11019,27.38626480102539
11020,39.74678039550781
11021,57.044681549072266
11022,29.588542938232422
11023,80.8546371459961
11024,31.102460861206055
11025,42.53851318359375
11026,31.369482040405273
11027,18.97185516357422
11028,33.38175964355469
11029,52.117698669433594
11030,60.35059356689453
11031,67.36502075195312
11032,77.5606460571289
11033,36.99557876586914
11034,79.38264465332031
11035,52.405174255371094
11036,76.01734924316406
11037,52.77016067504883
11038,80.84291076660156
11039,65.26953125
11040,38.76350784301758
11041,26.388290405273438
11042,41.11225891113281
11043,58.95573425292969
11044,38.964263916015625
11045,72.304931640625
11046,39.05101013183594
11047,35.52096176147461
11048,40.443328857421875
11049,19.227632522583008
11050,43.44218063354492
11051,54.563987731933594
11052,27.581687927246094
11053,79.68951416015625
11054,29.923126220703125
11055,39.0004997253418
11056,31.795394897460938
11057,13.668701171875
11058,33.85233688354492
11059,47.63005828857422
11060,60.02685546875
11061,62.242820739746094
11062,81.48416137695312
11063,32.0883903503418
11064,81.61393737792969
11065,47.86131286621094
11066,77.78466796875
11067,48.31925964355469
11068,84.03990936279297
11069,65.85465240478516
11070,37.83079147338867
11071,28.17693328857422
11072,38.19505310058594
11073,59.67546081542969
11074,38.61127471923828
11075,72.94232177734375
11076,38.69646072387695
11077,34.50250244140625
11078,38.315059661865234
11079,21.134756088256836
11080,39.06825256347656
11081,53.97574996948242
11082,27.829151153564453
11083,80.87020874023438
11084,32.270111083984375
11085,39.064537048339844
11086,29.277252197265625
11087,12.756538391113281
11088,33.14461135864258
11089,47.67851257324219
11090,60.86280059814453
11091,67.22367858886719
11092,74.91364288330078
11093,30.514554977416992
11094,76.8260726928711
11095,48.147216796875
11096,72.43505859375
11097,49.01142501831055
11098,76.84091186523438
11099,66.53590393066406
11100,35.27262496948242
11101,26.95833396911621
11102,35.298118591308594
11103,60.23161697387695
11104,36.47283935546875
11105,74.59680938720703
11106,35.48537826538086
11107,34.72858428955078
11108,35.60926055908203
11109,18.727333068847656
11110,35.94316101074219
11111,60.488346099853516
11112,25.67725372314453
11113,83.66266632080078
11114,28.675626754760742
11115,40.71895980834961
11116,24.266050338745117
11117,9.176749229431152
11118,26.927473068237305
11119,45.02442932128906
11120,57.92182159423828
11121,66.43455505371094
11122,75.32148742675781
11123,23.984819412231445
11124,76.01908874511719
11125,47.15238952636719
11126,71.02989196777344
11127,45.536109924316406
11128,76.17613220214844
11129,67.25408172607422
11130,36.486427307128906
11131,29.268409729003906
11132,35.886253356933594
11133,59.27738571166992
11134,38.386253356933594
11135,75.58252716064453
11136,36.20817947387695
11137,37.14209747314453
11138,37.45264434814453
11139,21.164669036865234
11140,35.80964660644531
11141,55.737911224365234
11142,29.222064971923828
11143,82.90277099609375
11144,27.8136043548584
11145,42.09747314453125
11146,29.30872917175293
11147,13.033371925354004
11148,26.653484344482422
11149,48.24898910522461
11150,58.589454650878906
11151,64.31273651123047
11152,76.5146713256836
11153,31.588722229003906
11154,75.1218032836914
11155,47.794219970703125
11156,72.07888793945312
11157,48.30022430419922
11158,83.96916198730469
11159,66.41472625732422
11160,36.87438201904297
11161,27.386428833007812
11162,36.86571502685547
11163,58.96135711669922
11164,37.83650207519531
11165,73.63504028320312
11166,37.50250244140625
11167,35.66669464111328
11168,37.732460021972656
11169,18.542926788330078
11170,37.7479133605957
11171,54.85310363769531
11172,28.766801834106445
11173,80.3114013671875
11174,31.863513946533203
11175,39.69245910644531
11176,29.287311553955078
11177,12.06041431427002
11178,31.97003173828125
11179,46.65562438964844
11180,53.269935607910156
11181,64.84197998046875
11182,76.46033477783203
11183,29.16650390625
11184,75.97608184814453
11185,46.90496826171875
11186,73.74752807617188
11187,48.00274658203125
11188,80.3856430053711
11189,65.05909729003906
11190,37.001441955566406
11191,29.506071090698242
11192,37.188385009765625
11193,57.97087097167969
11194,37.217689514160156
11195,71.65096282958984
11196,38.0419921875
11197,38.01786422729492
11198,37.393150329589844
11199,22.077472686767578
11200,39.014198303222656
11201,53.840309143066406
11202,27.12792205810547
11203,78.36913299560547
11204,31.484451293945312
11205,40.0030517578125
11206,27.487398147583008
11207,15.194218635559082
11208,33.84239959716797
11209,48.11575698852539
11210,54.0095100402832
11211,62.15934371948242
11212,72.48883819580078
11213,34.61499786376953
11214,72.78036499023438
11215,49.08271026611328
11216,68.19667053222656
11217,49.28448486328125
11218,75.03274536132812
11219,65.40354919433594
11220,35.131874084472656
11221,26.86647605895996
11222,36.62834167480469
11223,59.685585021972656
11224,36.683265686035156
11225,71.9168701171875
11226,35.92805480957031
11227,34.20172882080078
11228,36.409454345703125
11229,19.402584075927734
11230,37.895198822021484
11231,52.650428771972656
11232,27.136577606201172
11233,80.01586151123047
11234,28.855030059814453
11235,38.86122131347656
11236,28.21371841430664
11237,11.62651252746582
11238,31.434219360351562
11239,46.67332458496094
11240,56.7708854675293
11241,64.48936462402344
11242,79.0118408203125
11243,32.15731430053711
11244,79.375732421875
11245,47.637367248535156
11246,72.18586730957031
11247,47.0987663269043
11248,81.00753021240234
11249,64.0992202758789
11250,35.27753829956055
11251,26.77544593811035
11252,37.310699462890625
11253,57.50422286987305
11254,35.74285125732422
11255,71.22098541259766
11256,35.5258903503418
11257,33.72555160522461
11258,37.505897521972656
11259,20.137054443359375
11260,38.314823150634766
11261,52.76074981689453
11262,24.813720703125
11263,78.92481994628906
11264,26.94586944580078
11265,37.70276641845703
11266,27.35580825805664
11267,11.718408584594727
11268,29.477977752685547
11269,45.87519073486328
11270,56.79043960571289
11271,67.08289337158203
11272,76.89966583251953
11273,31.274980545043945
11274,79.49127960205078
11275,49.054141998291016
11276,74.82199096679688
11277,48.92420196533203
11278,82.64985656738281
11279,67.05699920654297
11280,33.93284225463867
11281,27.280668258666992
11282,33.063507080078125
11283,59.502418518066406
11284,34.937686920166016
11285,75.83353424072266
11286,34.43846130371094
11287,35.35597610473633
11288,34.292144775390625
11289,19.444107055664062
11290,33.283016204833984
11291,53.251853942871094
11292,23.685047149658203
11293,85.11337280273438
11294,27.232707977294922
11295,39.11978530883789
11296,22.651020050048828
11297,9.330765724182129
11298,24.83110237121582
11299,45.92860412597656
11300,58.477882385253906
11301,68.2325439453125
11302,74.68046569824219
11303,24.063827514648438
11304,73.79884338378906
11305,45.89299774169922
11306,70.81697082519531
11307,45.673728942871094
11308,75.10057067871094
11309,65.31448364257812
11310,38.7216796875
11311,28.93707275390625
11312,38.487491607666016
11313,57.28514862060547
11314,38.72736740112305
11315,74.20834350585938
11316,39.615623474121094
11317,37.10877227783203
11318,38.88481140136719
11319,20.513126373291016
11320,39.81293487548828
11321,53.85627746582031
11322,30.12487030029297
11323,81.40145874023438
11324,33.80927276611328
11325,40.68830871582031
11326,29.444881439208984
11327,13.068017959594727
11328,34.547550201416016
11329,47.51139450073242
11330,58.07659912109375
11331,63.9544677734375
11332,80.1104507446289
11333,31.156349182128906
11334,80.41110229492188
11335,47.5659065246582
11336,73.94496154785156
11337,47.82767105102539
11338,84.34196472167969
11339,65.78273010253906
11340,37.769596099853516
11341,27.374691009521484
11342,38.17189025878906
11343,59.1334228515625
11344,38.62284851074219
11345,72.33570861816406
11346,38.745826721191406
11347,35.357566833496094
11348,38.664894104003906
11349,20.126556396484375
11350,39.31958770751953
11351,54.22990417480469
11352,30.813709259033203
11353,79.85334014892578
11354,33.86861038208008
11355,41.55437469482422
11356,30.820499420166016
11357,12.231830596923828
11358,33.245452880859375
11359,46.782527923583984
11360,60.40036392211914
11361,62.889915466308594
11362,77.28117370605469
11363,30.550968170166016
11364,78.661376953125
11365,46.72547149658203
11366,73.44160461425781
11367,46.709861755371094
11368,80.54243469238281
11369,66.4100341796875
11370,37.15655517578125
11371,30.16952133178711
11372,36.74571228027344
11373,58.68128204345703
11374,38.59455490112305
11375,75.25746154785156
11376,38.953041076660156
11377,37.72795104980469
11378,37.38174057006836
11379,21.291370391845703
11380,37.32106018066406
11381,55.56547546386719
11382,32.07402801513672
11383,82.95482635498047
11384,33.477317810058594
11385,41.271305084228516
11386,31.190576553344727
11387,14.40497875213623
11388,32.556495666503906
11389,47.89293670654297
11390,58.58512878417969
11391,62.61920928955078
11392,73.7198486328125
11393,32.624725341796875
11394,74.87371826171875
11395,47.01483154296875
11396,72.2182388305664
11397,47.42392349243164
11398,82.30740356445312
11399,67.01083374023438
11400,36.65760040283203
11401,29.14480209350586
11402,36.66118240356445
11403,57.57538604736328
11404,38.47114181518555
11405,75.43659973144531
11406,37.08953857421875
11407,38.07109832763672
11408,38.715614318847656
11409,21.02808380126953
11410,37.072166442871094
11411,55.21403503417969
11412,27.924407958984375
11413,82.07708740234375
11414,28.738544464111328
11415,40.88273620605469
11416,29.233322143554688
11417,14.781584739685059
11418,29.10982894897461
11419,47.20743179321289
11420,58.540016174316406
11421,62.63892364501953
11422,77.4110107421875
11423,33.56867218017578
11424,78.3840560913086
11425,47.862640380859375
11426,72.57536315917969
11427,48.58292770385742
11428,82.6300048828125
11429,68.8536605834961
11430,40.55145263671875
11431,28.165328979492188
11432,40.81488800048828
11433,60.70286560058594
11434,41.19267272949219
11435,77.820556640625
11436,40.92802429199219
11437,36.696075439453125
11438,40.18037414550781
11439,18.200735092163086
11440,42.09120178222656
11441,54.600154876708984
11442,32.364097595214844
11443,84.12006378173828
11444,33.4144401550293
11445,41.964080810546875
11446,32.835147857666016
11447,11.730528831481934
11448,34.056671142578125
11449,47.08561706542969
11450,61.37583923339844
11451,63.62890625
11452,84.08216857910156
11453,31.507568359375
11454,84.7766342163086
11455,47.658966064453125
11456,76.43724060058594
11457,47.800384521484375
11458,90.22669982910156
11459,65.43269348144531
11460,39.48211669921875
11461,29.87282371520996
11462,41.67389678955078
11463,59.945579528808594
11464,40.696937561035156
11465,73.38407897949219
11466,40.46070098876953
11467,38.98413848876953
11468,42.069091796875
11469,22.72496795654297
11470,43.42597961425781
11471,54.12120819091797
11472,33.49143981933594
11473,80.99313354492188
11474,35.38674545288086
11475,42.70925521850586
11476,33.626564025878906
11477,15.724760055541992
11478,36.161460876464844
11479,50.124900817871094
11480,62.279754638671875
11481,67.202392578125
11482,83.00910949707031
11483,32.80420684814453
11484,84.0440902709961
11485,51.13547134399414
11486,81.11077117919922
11487,51.87371826171875
11488,83.64693450927734
11489,65.64802551269531
11490,39.729652404785156
11491,29.8472900390625
11492,40.86882019042969
11493,59.472694396972656
11494,40.49283218383789
11495,72.29190826416016
11496,40.03335189819336
11497,37.15634536743164
11498,41.61658477783203
11499,22.137409210205078
11500,41.27570343017578
11501,58.492759704589844
11502,31.00438690185547
11503,80.95269775390625
11504,32.72759246826172
11505,39.364688873291016
11506,33.643470764160156
11507,13.630470275878906
11508,33.865440368652344
11509,49.28742980957031
11510,61.55742645263672
11511,65.73875427246094
11512,77.0682373046875
11513,32.272865295410156
11514,79.22142028808594
11515,50.003787994384766
11516,74.7332763671875
11517,49.8160514831543
11518,81.75283813476562
11519,71.19491577148438
11520,41.035194396972656
11521,32.055274963378906
11522,42.84083938598633
11523,63.345298767089844
11524,42.485530853271484
11525,79.19007873535156
11526,42.530250549316406
11527,42.026466369628906
11528,43.11699676513672
11529,26.29541778564453
11530,43.93954849243164
11531,59.16704177856445
11532,35.0922966003418
11533,86.81222534179688
11534,35.357181549072266
11535,43.861488342285156
11536,33.63096618652344
11537,16.418292999267578
11538,36.37575149536133
11539,53.34471130371094
11540,65.01477813720703
11541,69.85325622558594
11542,87.3661117553711
11543,35.497840881347656
11544,88.69064331054688
11545,54.016910552978516
11546,83.45527648925781
11547,53.56647491455078
11548,90.57774353027344
11549,65.66049194335938
11550,41.9382438659668
11551,29.147903442382812
11552,41.47425842285156
11553,57.50225067138672
11554,41.4970817565918
11555,72.03408813476562
11556,42.843719482421875
11557,36.35862350463867
11558,42.42771911621094
11559,21.628896713256836
11560,41.84398651123047
11561,56.604156494140625
11562,31.889787673950195
11563,79.99166870117188
11564,35.780120849609375
11565,37.337947845458984
11566,33.15483856201172
11567,13.79377555847168
11568,34.91802978515625
11569,46.85540008544922
11570,62.74242401123047
11571,64.12931823730469
11572,77.67545318603516
11573,31.315702438354492
11574,77.44738006591797
11575,46.233924865722656
11576,75.06082153320312
11577,46.805328369140625
11578,81.54155731201172
11579,69.67976379394531
11580,40.37171173095703
11581,31.901077270507812
11582,42.51493835449219
11583,62.510066986083984
11584,41.688011169433594
11585,77.46917724609375
11586,41.54224395751953
11587,40.11508560180664
11588,42.46426773071289
11589,25.057985305786133
11590,43.37303924560547
11591,57.80363464355469
11592,34.00458908081055
11593,84.10374450683594
11594,34.77533721923828
11595,42.957000732421875
11596,33.6609992980957
11597,16.450016021728516
11598,35.98322296142578
11599,52.557029724121094
11600,64.09906005859375
11601,72.27098846435547
11602,78.34756469726562
11603,31.61280059814453
11604,80.61268615722656
11605,52.9573974609375
11606,80.93315124511719
11607,52.594482421875
11608,85.66661071777344
11609,67.68927001953125
11610,36.1005859375
11611,32.97469711303711
11612,38.04801940917969
11613,60.69019317626953
11614,37.802093505859375
11615,75.08824157714844
11616,36.74834060668945
11617,40.14751052856445
11618,38.7481575012207
11619,27.38626480102539
11620,39.74678039550781
11621,57.044681549072266
11622,29.588542938232422
11623,80.8546371459961
11624,31.102460861206055
11625,42.53851318359375
11626,31.369482040405273
11627,18.97185516357422
11628,33.38175964355469
11629,52.117698669433594
11630,60.35059356689453
11631,67.36502075195312
11632,77.5606460571289
11633,36.99557876586914
11634,79.38264465332031
11635,52.405174255371094
11636,76.01734924316406
11637,52.77016067504883
11638,80.84291076660156
11639,65.04220581054688
11640,36.57811737060547
11641,28.927499771118164
11642,36.63032150268555
11643,57.873687744140625
11644,37.2091064453125
11645,73.09201049804688
11646,36.79386901855469
11647,37.61155700683594
11648,38.509490966796875
11649,20.371456146240234
11650,36.833213806152344
11651,53.29264831542969
11652,28.326704025268555
11653,81.85338592529297
11654,29.690898895263672
11655,40.172882080078125
11656,29.272319793701172
11657,12.507024765014648
11658,30.300151824951172
11659,46.33441925048828
11660,60.00954818725586
11661,64.05201721191406
11662,74.95911407470703
11663,30.635408401489258
11664,76.95855712890625
11665,47.41706848144531
11666,73.80052947998047
11667,48.508907318115234
11668,81.36766052246094
11669,64.83573913574219
11670,37.41920471191406
11671,28.451126098632812
11672,37.53257751464844
11673,56.46686553955078
11674,39.193870544433594
11675,73.51683044433594
11676,37.7828369140625
11677,37.04243087768555
11678,39.156524658203125
11679,19.9444637298584
11680,38.52280044555664
11681,52.60096740722656
11682,29.813552856445312
11683,81.65574645996094
11684,29.54410171508789
11685,39.40721130371094
11686,30.668376922607422
11687,11.523176193237305
11688,31.315845489501953
11689,46.68650817871094
11690,60.91558074951172
11691,62.8201904296875
11692,79.880615234375
11693,32.95659637451172
11694,81.12816619873047
11695,46.805152893066406
11696,75.5291976928711
11697,46.970184326171875
11698,86.03515625
11699,65.05557250976562
11700,37.069908142089844
11701,30.422096252441406
11702,37.655059814453125
11703,57.15696716308594
11704,38.78250503540039
11705,73.00773620605469
11706,37.252532958984375
11707,38.35638427734375
11708,39.07622528076172
11709,21.9934139251709
11710,38.508995056152344
11711,55.474891662597656
11712,28.740982055664062
11713,80.74331665039062
11714,28.89364242553711
11715,39.71641159057617
11716,28.97641372680664
11717,13.141783714294434
11718,31.37423324584961
11719,47.7288703918457
11720,67.68558502197266
11721,62.447303771972656
11722,74.89895629882812
11723,33.42015838623047
11724,75.74855041503906
11725,47.84043884277344
11726,76.27384185791016
11727,47.89956283569336
11728,78.0724105834961
11729,65.5570068359375
11730,35.04207992553711
11731,28.690767288208008
11732,36.99097442626953
11733,58.096256256103516
11734,35.78479766845703
11735,74.34593200683594
11736,36.3988037109375
11737,36.728363037109375
11738,37.520145416259766
11739,20.560121536254883
11740,38.42764663696289
11741,53.648712158203125
11742,26.932174682617188
11743,81.02569580078125
11744,28.897872924804688
11745,39.09086608886719
11746,27.298755645751953
11747,13.022523880004883
11748,31.089778900146484
11749,47.90576171875
11750,56.0865478515625
11751,65.87406921386719
11752,75.00704193115234
11753,33.060707092285156
11754,77.22775268554688
11755,49.02018737792969
11756,71.51298522949219
11757,49.49640655517578
11758,80.22459411621094
11759,64.5640869140625
11760,34.898895263671875
11761,28.9857234954834
11762,36.94190979003906
11763,57.567222595214844
11764,35.84232711791992
11765,71.81327056884766
11766,35.06441879272461
11767,37.572845458984375
11768,37.77018737792969
11769,20.780170440673828
11770,38.32991027832031
11771,54.901634216308594
11772,23.388687133789062
11773,79.63471984863281
11774,26.93063735961914
11775,39.16273880004883
11776,26.385204315185547
11777,11.062406539916992
11778,31.976364135742188
11779,48.01411056518555
11780,59.680519104003906
11781,64.5799560546875
11782,73.81269836425781
11783,31.919652938842773
11784,77.03523254394531
11785,47.743141174316406
11786,72.7572021484375
11787,49.101280212402344
11788,78.48178100585938
11789,65.22825622558594
11790,37.06016540527344
11791,30.03137969970703
11792,36.94586944580078
11793,57.182594299316406
11794,37.92504119873047
11795,73.35731506347656
11796,38.24882507324219
11797,38.03704833984375
11798,37.74799346923828
11799,22.17981719970703
11800,38.16111755371094
11801,53.45330047607422
11802,30.82781982421875
11803,79.72323608398438
11804,33.70938491821289
11805,39.97180938720703
11806,30.508834838867188
11807,15.408994674682617
11808,33.55012130737305
11809,47.62727737426758
11810,59.56537628173828
11811,62.43476104736328
11812,73.936279296875
11813,33.26945114135742
11814,73.525634765625
11815,47.84041976928711
11816,72.03128051757812
11817,48.28498077392578
11818,76.6505126953125
11819,64.30583190917969
11820,35.6364631652832
11821,28.433090209960938
11822,36.6845703125
11823,58.00775146484375
11824,36.377784729003906
11825,71.66043853759766
11826,36.86180114746094
11827,35.687110900878906
11828,37.00205993652344
11829,21.370162963867188
11830,37.988121032714844
11831,52.90684509277344
11832,27.119049072265625
11833,78.75837707519531
11834,29.34644317626953
11835,39.28795623779297
11836,27.63479995727539
11837,14.309774398803711
11838,30.517362594604492
11839,47.07499313354492
11840,54.92235565185547
11841,63.645591735839844
11842,73.7664794921875
11843,33.38303756713867
11844,75.20356750488281
11845,47.776161193847656
11846,69.20556640625
11847,48.691856384277344
11848,78.15480041503906
11849,65.05909729003906
11850,37.001441955566406
11851,29.506071090698242
11852,37.188385009765625
11853,57.97087097167969
11854,37.217689514160156
11855,71.65096282958984
11856,38.0419921875
11857,38.01786422729492
11858,37.393150329589844
11859,22.077472686767578
11860,39.014198303222656
11861,53.840309143066406
11862,27.12792205810547
11863,78.36913299560547
11864,31.484451293945312
11865,40.0030517578125
11866,27.487398147583008
11867,15.194218635559082
11868,33.84239959716797
11869,48.11575698852539
11870,54.0095100402832
11871,62.15934371948242
11872,72.48883819580078
11873,34.61499786376953
11874,72.78036499023438
11875,49.08271026611328
11876,68.19667053222656
11877,49.28448486328125
11878,75.03274536132812
11879,67.11781311035156
11880,36.56650161743164
11881,30.484867095947266
11882,37.672332763671875
11883,58.688743591308594
11884,39.40223693847656
11885,75.10637664794922
11886,36.42875671386719
11887,37.710514068603516
11888,40.56254196166992
11889,22.110130310058594
11890,37.92837142944336
11891,56.98976135253906
11892,33.522491455078125
11893,81.42759704589844
11894,27.91252899169922
11895,41.76882553100586
11896,33.02503967285156
11897,13.0602445602417
11898,28.36770248413086
11899,50.8228759765625
11900,68.27467346191406
11901,65.35452270507812
11902,75.79588317871094
11903,28.35801887512207
11904,74.21702575683594
11905,49.05323028564453
11906,78.35126495361328
11907,49.26540756225586
11908,81.50389862060547
11909,66.43516540527344
11910,41.8032341003418
11911,31.426803588867188
11912,36.90876770019531
11913,59.06324005126953
11914,42.41596221923828
11915,73.78204345703125
11916,43.546791076660156
11917,39.48998260498047
11918,39.29581069946289
11919,23.18686866760254
11920,36.02265167236328
11921,59.127891540527344
11922,34.46636962890625
11923,82.84786987304688
11924,39.476768493652344
11925,43.67020034790039
11926,30.910816192626953
11927,16.07133674621582
11928,28.995006561279297
11929,47.86211013793945
11930,67.030029296875
11931,59.94562530517578
11932,79.55769348144531
11933,28.83121109008789
11934,76.91250610351562
11935,45.44938659667969
11936,76.90687561035156
11937,44.62936019897461
11938,82.00030517578125
11939,67.6253662109375
11940,37.060935974121094
11941,29.717893600463867
11942,37.45732879638672
11943,61.00148391723633
11944,38.09690856933594
11945,74.41505432128906
11946,37.17732238769531
11947,36.13398742675781
11948,38.20586395263672
11949,22.61360740661621
11950,37.84984588623047
11951,60.76879119873047
11952,31.811294555664062
11953,81.73006439208984
11954,27.837480545043945
11955,36.358917236328125
11956,28.988243103027344
11957,16.144107818603516
11958,28.687395095825195
11959,48.56273651123047
11960,55.811275482177734
11961,64.7471923828125
11962,79.2531967163086
11963,32.65864562988281
11964,80.42854309082031
11965,48.01325225830078
11966,74.44424438476562
11967,48.134822845458984
11968,83.50743103027344
11969,66.91397094726562
11970,38.37555694580078
11971,28.88157844543457
11972,39.150245666503906
11973,58.372230529785156
11974,40.7463493347168
11975,73.69116973876953
11976,37.746646881103516
11977,37.26908874511719
11978,40.91965866088867
11979,19.159109115600586
11980,39.7054557800293
11981,57.183345794677734
11982,29.36507797241211
11983,77.67274475097656
11984,28.646982192993164
11985,37.429779052734375
11986,31.532222747802734
11987,12.415982246398926
11988,33.09166717529297
11989,48.543487548828125
11990,68.9227294921875
11991,59.51231384277344
11992,77.86111450195312
11993,34.02996063232422
11994,79.61155700683594
11995,47.96620178222656
11996,76.99137115478516
11997,47.85356903076172
11998,80.49905395507812
11999,65.90478515625
12000,39.34416198730469
12001,31.222553253173828
12002,39.137901306152344
12003,57.25685119628906
12004,40.20075225830078
12005,75.10067749023438
12006,40.450767517089844
12007,38.03422546386719
12008,39.872352600097656
12009,24.826223373413086
12010,39.765281677246094
12011,52.43476104736328
12012,32.37091064453125
12013,83.72526550292969
12014,32.190513610839844
12015,38.25304412841797
12016,30.24551773071289
12017,18.714447021484375
12018,30.852230072021484
12019,44.398231506347656
12020,68.01001739501953
12021,59.550682067871094
12022,81.59610748291016
12023,37.015628814697266
12024,80.18086242675781
12025,47.901824951171875
12026,78.8916015625
12027,47.749534606933594
12028,81.38407897949219
12029,74.65573120117188
12030,44.659019470214844
12031,47.234580993652344
12032,42.92909622192383
12033,68.29375457763672
12034,45.10844802856445
12035,80.02721405029297
12036,44.52570343017578
12037,52.911766052246094
12038,44.5263786315918
12039,41.84328079223633
12040,41.806358337402344
12041,68.77601623535156
12042,38.99723815917969
12043,81.73464965820312
12044,39.110137939453125
12045,56.176124572753906
12046,37.04536437988281
12047,37.9384765625
12048,34.90468215942383
12049,62.965431213378906
12050,65.56953430175781
12051,71.13667297363281
12052,76.44923400878906
12053,47.864864349365234
12054,76.8795166015625
12055,60.87284851074219
12056,75.10640716552734
12057,60.78813171386719
12058,76.37965393066406
12059,66.1471939086914
12060,34.42291259765625
12061,29.7229061126709
12062,42.100074768066406
12063,59.05533981323242
12064,36.70252227783203
12065,72.82424926757812
12066,32.82225036621094
12067,36.204498291015625
12068,41.43425750732422
12069,23.53850555419922
12070,43.50786590576172
12071,52.828956604003906
12072,31.052093505859375
12073,77.72416687011719
12074,23.63149642944336
12075,34.655303955078125
12076,35.563560485839844
12077,16.107128143310547
12078,40.054779052734375
12079,50.204158782958984
12080,71.96617889404297
12081,78.02482604980469
12082,70.84927368164062
12083,37.37263488769531
12084,77.76648712158203
12085,57.97394561767578
12086,78.5531997680664
12087,58.59595489501953
12088,83.92913818359375
12089,67.24302673339844
12090,37.151824951171875
12091,27.926334381103516
12092,34.798057556152344
12093,58.74753952026367
12094,38.79399871826172
12095,75.68877410888672
12096,38.79517364501953
12097,36.154876708984375
12098,36.26692199707031
12099,20.028308868408203
12100,35.0509033203125
12101,56.49137496948242
12102,32.83646774291992
12103,82.18098449707031
12104,33.37527847290039
12105,39.586585998535156
12106,32.239013671875
12107,13.413202285766602
12108,29.110885620117188
12109,46.03941345214844
12110,64.38259887695312
12111,60.476051330566406
12112,79.77105712890625
12113,30.507347106933594
12114,79.1959228515625
12115,45.20814514160156
12116,78.64018249511719
12117,45.415550231933594
12118,84.0759048461914
12119,62.090606689453125
12120,40.41289138793945
12121,32.24595642089844
12122,39.40612030029297
12123,57.624027252197266
12124,41.66966247558594
12125,69.02012634277344
12126,37.955291748046875
12127,40.544097900390625
12128,39.77234649658203
12129,24.820035934448242
12130,39.71893310546875
12131,60.0617790222168
12132,35.72551345825195
12133,48.32758712768555
12134,29.48082733154297
12135,18.657907485961914
12136,30.59303855895996
12137,56.297340393066406
12138,70.21279907226562
12139,59.253662109375
12140,80.87061309814453
12141,33.094215393066406
12142,80.99565887451172
12143,51.29136657714844
12144,82.17158508300781
12145,51.292144775390625
12146,83.25786590576172
12147,68.4616470336914
12148,34.67340087890625
12149,28.948759078979492
12150,34.98649215698242
12151,59.655670166015625
12152,36.386138916015625
12153,76.04054260253906
12154,35.907527923583984
12155,38.75019836425781
12156,37.81124496459961
12157,19.48125457763672
12158,35.165977478027344
12159,58.982425689697266
12160,30.52788543701172
12161,80.79026794433594
12162,29.47028923034668
12163,41.15373611450195
12164,31.40441131591797
12165,12.179522514343262
12166,25.586734771728516
12167,49.306434631347656
12168,70.8125
12169,68.69151306152344
12170,74.10844421386719
12171,28.517120361328125
12172,74.11380004882812
12173,49.3078727722168
12174,78.62104797363281
12175,49.360565185546875
12176,82.61148071289062
12177,62.92833709716797
12178,36.64726257324219
12179,30.308366775512695
12180,40.399776458740234
12181,56.66084289550781
12182,38.463775634765625
12183,70.20587158203125
12184,35.951942443847656
12185,37.27893829345703
12186,40.151634216308594
12187,22.206621170043945
12188,41.0731201171875
12189,53.78290557861328
12190,31.739948272705078
12191,75.3056640625
12192,29.697708129882812
12193,39.7113037109375
12194,33.3365478515625
12195,15.779565811157227
12196,36.268836975097656
12197,51.47998809814453
12198,62.36592483520508
12199,68.54974365234375
12200,69.39907836914062
12201,32.9119758605957
12202,73.24272155761719
12203,51.33029556274414
12204,71.4734115600586
12205,52.09059143066406
12206,78.33153533935547
12207,66.5640640258789
12208,36.65806579589844
12209,31.01726531982422
12210,35.148353576660156
12211,58.19320297241211
12212,38.83380126953125
12213,74.75007629394531
12214,37.4154052734375
12215,38.98943328857422
12216,38.184181213378906
12217,22.91463279724121
12218,34.91682434082031
12219,58.31047439575195
12220,31.469459533691406
12221,81.1851806640625
12222,30.790035247802734
12223,42.7107048034668
12224,29.343414306640625
12225,16.976999282836914
12226,27.812183380126953
12227,50.17475891113281
12228,64.72557067871094
12229,63.02543258666992
12230,76.13778686523438
12231,32.59369659423828
12232,75.07579803466797
12233,49.019065856933594
12234,74.45230865478516
12235,49.653709411621094
12236,78.07139587402344
12237,65.62168884277344
12238,32.83182907104492
12239,30.245216369628906
12240,41.481590270996094
12241,57.14353942871094
12242,37.612579345703125
12243,73.08084106445312
12244,30.698570251464844
12245,37.34869384765625
12246,41.071754455566406
12247,23.53350067138672
12248,42.97126007080078
12249,49.025665283203125
12250,30.907135009765625
12251,77.47175598144531
12252,20.87105941772461
12253,35.099639892578125
12254,34.48872375488281
12255,18.411205291748047
12256,35.674537658691406
12257,51.35515594482422
12258,68.89707946777344
12259,74.07389831542969
12260,71.17506408691406
12261,44.925331115722656
12262,78.0978012084961
12263,56.118499755859375
12264,76.43206787109375
12265,56.26691436767578
12266,78.74002075195312
12267,70.58348083496094
12268,40.174652099609375
12269,27.405717849731445
12270,39.904056549072266
12271,60.31848907470703
12272,42.05138397216797
12273,77.24313354492188
12274,39.88724899291992
12275,36.437538146972656
12276,40.50742721557617
12277,17.92996597290039
12278,39.81025695800781
12279,60.431884765625
12280,28.84305763244629
12281,83.45523071289062
12282,25.526458740234375
12283,38.964683532714844
12284,28.721588134765625
12285,9.620339393615723
12286,29.38182830810547
12287,50.18172073364258
12288,65.63662719726562
12289,61.15790557861328
12290,80.76930236816406
12291,31.09149932861328
12292,80.38079833984375
12293,48.592979431152344
12294,78.44654846191406
12295,48.79845428466797
12296,83.11428833007812
12297,66.86418151855469
12298,38.0804328918457
12299,32.149261474609375
12300,36.845726013183594
12301,59.019371032714844
12302,39.247314453125
12303,74.54771423339844
12304,39.009788513183594
12305,40.66392517089844
12306,39.170867919921875
12307,23.41193389892578
12308,36.706085205078125
12309,57.98325729370117
12310,30.995059967041016
12311,83.22357177734375
12312,30.941823959350586
12313,44.853824615478516
12314,29.077163696289062
12315,15.9011869430542
12316,28.36102867126465
12317,49.3897819519043
12318,65.32184600830078
12319,64.6273193359375
12320,72.08084106445312
12321,29.220285415649414
12322,70.59007263183594
12323,48.438167572021484
12324,73.00912475585938
12325,48.67245864868164
12326,77.80909729003906
12327,68.4222412109375
12328,40.83619689941406
12329,33.39618682861328
12330,36.73455047607422
12331,61.593284606933594
12332,40.686275482177734
12333,75.28600311279297
12334,42.05218505859375
12335,41.83647918701172
12336,39.20133972167969
12337,27.18413734436035
12338,35.15650939941406
12339,48.05040740966797
12340,32.646087646484375
12341,52.31389617919922
12342,66.33222961425781
12343,61.00873565673828
12344,74.73995208740234
12345,25.25448989868164
12346,70.529052734375
12347,47.06632995605469
12348,73.13938903808594
12349,46.71037673950195
12350,79.19925689697266
12351,62.79597473144531
12352,38.64765548706055
12353,31.459346771240234
12354,37.033538818359375
12355,55.33440399169922
12356,39.29941940307617
12357,70.2437744140625
12358,39.3013916015625
12359,39.043785095214844
12360,38.354061126708984
12361,22.70492172241211
12362,36.60425567626953
12363,56.590858459472656
12364,32.21577453613281
12365,76.27288055419922
12366,32.820465087890625
12367,41.77702331542969
12368,30.772628784179688
12369,17.191314697265625
12370,28.658470153808594
12371,45.82018280029297
12372,66.54524230957031
12373,61.245521545410156
12374,70.69923400878906
12375,26.220687866210938
12376,67.50177764892578
12377,44.3060417175293
12378,72.31478881835938
12379,43.94413757324219
12380,76.06339263916016
12381,64.42062377929688
12382,38.44884490966797
12383,27.279268264770508
12384,53.51068878173828
12385,57.3651237487793
12386,39.711673736572266
12387,71.45097351074219
12388,38.75698471069336
12389,28.611921310424805
12390,54.88666534423828
12391,56.512454986572266
12392,32.582130432128906
12393,76.80552673339844
12394,31.961688995361328
12395,48.22908401489258
12396,63.2655143737793
12397,60.911956787109375
12398,77.54814147949219
12399,31.81694793701172
12400,77.05010986328125
12401,47.90019989013672
12402,77.0744400024414
12403,48.41783905029297
12404,79.29740142822266
12405,65.91276550292969
12406,33.417015075683594
12407,27.12974739074707
12408,41.10802459716797
12409,58.83580017089844
12410,36.702449798583984
12411,74.11129760742188
12412,32.33082580566406
12413,38.57060623168945
12414,41.81157684326172
12415,16.357559204101562
12416,43.119720458984375
12417,55.43889236450195
12418,28.946104049682617
12419,39.47584533691406
12420,32.21597671508789
12421,6.618937969207764
12422,36.00730895996094
12423,53.05362319946289
12424,68.02011108398438
12425,70.65660095214844
12426,71.65623474121094
12427,32.873748779296875
12428,78.38568115234375
12429,54.23149871826172
12430,75.62654113769531
12431,54.772220611572266
12432,81.49173736572266
12433,73.38335418701172
12434,34.77537155151367
12435,29.53976058959961
12436,36.25189208984375
12437,63.39729309082031
12438,36.90061950683594
12439,82.06640625
12440,35.207603454589844
12441,36.92066192626953
12442,37.44374084472656
12443,20.496232986450195
12444,36.81542205810547
12445,55.6375732421875
12446,26.27899932861328
12447,37.205326080322266
12448,30.01372528076172
12449,44.708343505859375
12450,69.88148498535156
12451,78.77232360839844
12452,74.35624694824219
12453,31.70847511291504
12454,75.64708709716797
12455,51.1064567565918
12456,78.46815490722656
12457,51.25604248046875
12458,85.26736450195312
12459,64.99949645996094
12460,33.566932678222656
12461,28.757118225097656
12462,39.49707794189453
12463,56.97499084472656
12464,36.72199630737305
12465,73.02938079833984
12466,32.976654052734375
12467,36.5776481628418
12468,39.69178009033203
12469,21.026315689086914
12470,41.13688659667969
12471,51.92656707763672
12472,29.90457534790039
12473,78.87615203857422
12474,24.225982666015625
12475,35.42631149291992
12476,32.771053314208984
12477,13.306597709655762
12478,33.326866149902344
12479,49.290672302246094
12480,67.80704498291016
12481,67.88331604003906
12482,76.92524719238281
12483,39.82761001586914
12484,80.65769958496094
12485,51.215721130371094
12486,80.66386413574219
12487,50.83440399169922
12488,82.05560302734375
12489,68.79844665527344
12490,36.682037353515625
12491,30.114540100097656
12492,36.863800048828125
12493,61.61734390258789
12494,37.42631149291992
12495,75.35040283203125
12496,37.286643981933594
12497,37.38427734375
12498,37.28874206542969
12499,22.16019058227539
12500,37.6432991027832
12501,58.69258117675781
12502,31.472286224365234
12503,83.97127532958984
12504,31.286537170410156
12505,40.94017791748047
12506,30.97878646850586
12507,13.104267120361328
12508,32.20088195800781
12509,52.133888244628906
12510,57.998573303222656
12511,64.44512939453125
12512,75.9365234375
12513,34.78987121582031
12514,76.53514099121094
12515,50.39823913574219
12516,74.62594604492188
12517,50.217857360839844
12518,79.30702209472656
12519,63.62425994873047
12520,35.95033645629883
12521,32.818138122558594
12522,41.93749237060547
12523,56.14736557006836
12524,38.86112976074219
12525,70.9571762084961
12526,34.5357666015625
12527,39.79502868652344
12528,41.64991760253906
12529,27.228267669677734
12530,42.271812438964844
12531,52.60835266113281
12532,29.409244537353516
12533,75.20155334472656
12534,25.139469146728516
12535,42.0237922668457
12536,30.61338996887207
12537,21.14519500732422
12538,33.50361633300781
12539,51.355201721191406
12540,59.69207000732422
12541,62.13688659667969
12542,80.47113037109375
12543,38.00756072998047
12544,84.30467224121094
12545,51.58993911743164
12546,76.05062103271484
12547,51.779083251953125
12548,88.27687072753906
12549,72.15980529785156
12550,36.72319030761719
12551,28.207584381103516
12552,37.19947814941406
12553,62.52134704589844
12554,38.24251174926758
12555,80.57759094238281
12556,36.19727325439453
12557,35.7131233215332
12558,37.08208465576172
12559,22.78955078125
12560,37.38542938232422
12561,59.681610107421875
12562,28.113597869873047
12563,83.89309692382812
12564,27.041648864746094
12565,37.56450653076172
12566,28.313234329223633
12567,19.058624267578125
12568,27.728622436523438
12569,47.868534088134766
12570,67.66522216796875
12571,74.6476821899414
12572,76.92207336425781
12573,33.16459655761719
12574,78.72664642333984
12575,49.386940002441406
12576,76.36795806884766
12577,50.73981857299805
12578,82.24478149414062
12579,63.01313400268555
12580,37.22053527832031
12581,32.63715362548828
12582,36.33197784423828
12583,56.184226989746094
12584,37.721412658691406
12585,69.63253784179688
12586,38.23527526855469
12587,39.163795471191406
12588,36.905487060546875
12589,26.439666748046875
12590,36.83722686767578
12591,55.81593322753906
12592,28.933048248291016
12593,76.35867309570312
12594,31.395492553710938
12595,39.53893280029297
12596,29.270732879638672
12597,44.88616943359375
12598,57.451053619384766
12599,59.34890365600586
12600,68.94493103027344
12601,34.362213134765625
12602,68.4991683959961
12603,45.56121826171875
12604,67.76016998291016
12605,44.991722106933594
12606,71.89988708496094
12607,64.84176635742188
12608,36.61971664428711
12609,29.295448303222656
12610,37.12394714355469
12611,56.42589569091797
12612,36.91432571411133
12613,74.28707885742188
12614,38.342960357666016
12615,37.3890380859375
12616,38.200042724609375
12617,22.070341110229492
12618,38.80302047729492
12619,54.70520782470703
12620,28.04727554321289
12621,81.3722915649414
12622,33.01249694824219
12623,38.040245056152344
12624,30.309059143066406
12625,15.60708236694336
12626,33.60382080078125
12627,45.02979278564453
12628,66.02580261230469
12629,65.06660461425781
12630,77.05580139160156
12631,31.24195098876953
12632,78.7191162109375
12633,46.31865692138672
12634,77.95618438720703
12635,46.19537353515625
12636,80.57647705078125
12637,66.612548828125
12638,40.732845306396484
12639,28.860305786132812
12640,36.947906494140625
12641,58.29096221923828
12642,40.48329162597656
12643,74.19535827636719
12644,41.85448455810547
12645,36.99274444580078
12646,38.97332000732422
12647,21.11343765258789
12648,36.56033706665039
12649,59.07415008544922
12650,30.95819854736328
12651,79.35944366455078
12652,33.21007537841797
12653,42.39634323120117
12654,30.208311080932617
12655,15.728022575378418
12656,27.735198974609375
12657,47.25666046142578
12658,62.54840087890625
12659,63.46676254272461
12660,73.68544006347656
12661,24.503387451171875
12662,69.80134582519531
12663,44.952789306640625
12664,69.94316101074219
12665,43.43086624145508
12666,79.45588684082031
12667,65.92682647705078
12668,35.347808837890625
12669,29.908111572265625
12670,34.25353240966797
12671,57.59028625488281
12672,37.220924377441406
12673,74.26524353027344
12674,35.5992431640625
12675,37.524559020996094
12676,36.89776611328125
12677,21.817657470703125
12678,34.137603759765625
12679,55.4174690246582
12680,30.086627960205078
12681,80.95486450195312
12682,27.577861785888672
12683,38.5225944519043
12684,30.109859466552734
12685,43.60151672363281
12686,65.40138244628906
12687,64.17284393310547
12688,73.08123779296875
12689,32.11945343017578
12690,73.09493255615234
12691,46.16130828857422
12692,75.80253601074219
12693,45.12394714355469
12694,77.10792541503906
12695,67.2926025390625
12696,35.794227600097656
12697,29.068374633789062
12698,37.2078742980957
12699,59.652793884277344
12700,37.69805145263672
12701,74.72118377685547
12702,36.64324951171875
12703,36.7706184387207
12704,38.68637466430664
12705,20.783023834228516
12706,37.55457305908203
12707,58.987422943115234
12708,24.58452796936035
12709,82.40328979492188
12710,27.411205291748047
12711,37.55665969848633
12712,27.544029235839844
12713,14.23095703125
12714,29.058364868164062
12715,48.90995788574219
12716,64.94285583496094
12717,68.219970703125
12718,70.95343017578125
12719,30.297496795654297
12720,71.6875228881836
12721,49.14739990234375
12722,74.73847961425781
12723,49.07911682128906
12724,77.07057189941406
12725,67.11494445800781
12726,37.13466262817383
12727,30.237794876098633
12728,35.571617126464844
12729,58.23564529418945
12730,37.2761116027832
12731,73.76829528808594
12732,38.696510314941406
12733,37.69574737548828
12734,37.33932113647461
12735,19.281097412109375
12736,36.07173156738281
12737,59.24702835083008
12738,31.427202224731445
12739,80.12594604492188
12740,33.86145782470703
12741,41.74357223510742
12742,29.748214721679688
12743,11.586980819702148
12744,29.859237670898438
12745,50.33818054199219
12746,65.85569763183594
12747,59.32030487060547
12748,79.63233947753906
12749,27.64907455444336
12750,79.1619873046875
12751,46.12062072753906
12752,80.22724914550781
12753,46.384613037109375
12754,82.16729736328125
12755,61.88275909423828
12756,34.545047760009766
12757,30.0809326171875
12758,39.58807373046875
12759,56.45622253417969
12760,36.22842788696289
12761,69.89839172363281
12762,33.95717239379883
12763,36.84412384033203
12764,39.381378173828125
12765,23.715187072753906
12766,40.600711822509766
12767,50.659767150878906
12768,29.28314208984375
12769,76.22984313964844
12770,26.352691650390625
12771,36.977394104003906
12772,31.862804412841797
12773,44.678863525390625
12774,58.92286682128906
12775,69.93226623535156
12776,71.93744659423828
12777,36.728904724121094
12778,74.7402572631836
12779,49.44989776611328
12780,71.1715087890625
12781,49.68993377685547
12782,77.93143463134766
12783,68.67276000976562
12784,35.420738220214844
12785,35.169891357421875
12786,37.53980255126953
12787,63.60459899902344
12788,35.73126220703125
12789,73.9570083618164
12790,36.81267547607422
12791,41.98883056640625
12792,39.46629333496094
12793,29.41023063659668
12794,37.34297561645508
12795,62.13864517211914
12796,28.30278968811035
12797,80.31843566894531
12798,30.87115478515625
12799,46.62068176269531
12800,30.281200408935547
12801,25.462142944335938
12802,30.142988204956055
12803,53.674232482910156
12804,53.319679260253906
12805,65.00445556640625
12806,68.27543640136719
12807,39.346214294433594
12808,68.49906921386719
12809,53.21697998046875
12810,65.31329345703125
12811,53.356117248535156
12812,67.95706176757812
12813,66.689208984375
12814,34.84363555908203
12815,25.071430206298828
12816,40.727500915527344
12817,56.917030334472656
12818,37.742462158203125
12819,75.44097900390625
12820,34.649391174316406
12821,33.52605438232422
12822,41.62041473388672
12823,16.976362228393555
12824,41.233802795410156
12825,48.50855255126953
12826,29.83123016357422
12827,80.86817169189453
12828,25.342090606689453
12829,33.8333740234375
12830,36.64806365966797
12831,11.197554588317871
12832,32.93114471435547
12833,44.624935150146484
12834,72.37166595458984
12835,65.91889953613281
12836,81.63951110839844
12837,35.78314971923828
12838,84.76176452636719
12839,49.16722106933594
12840,86.77694702148438
12841,49.219200134277344
12842,88.07110595703125
12843,63.79222869873047
12844,35.11798858642578
12845,29.669723510742188
12846,40.227725982666016
12847,55.98222732543945
12848,38.07898712158203
12849,71.51934814453125
12850,34.43760681152344
12851,36.350215911865234
12852,40.390350341796875
12853,50.799957275390625
12854,29.329242706298828
12855,74.01252746582031
12856,24.84271240234375
12857,35.89336395263672
12858,32.74683380126953
12859,48.31279754638672
12860,66.2049789428711
12861,69.16488647460938
12862,69.27964782714844
12863,31.84369659423828
12864,74.14056396484375
12865,50.315818786621094
12866,72.52880096435547
12867,51.658302307128906
12868,77.4664535522461
12869,65.02482604980469
12870,33.467071533203125
12871,30.802669525146484
12872,38.152191162109375
12873,57.30936813354492
12874,35.71028137207031
12875,72.38450622558594
12876,33.266700744628906
12877,38.05120086669922
12878,39.165618896484375
12879,21.895851135253906
12880,40.906028747558594
12881,56.11378479003906
12882,24.91885757446289
12883,78.92091369628906
12884,23.88833236694336
12885,37.829551696777344
12886,28.3778076171875
12887,12.40015697479248
12888,33.28810501098633
12889,53.69015121459961
12890,59.678470611572266
12891,68.8198471069336
12892,71.10687255859375
12893,33.927757263183594
12894,75.8402328491211
12895,52.61463165283203
12896,70.52976989746094
12897,53.752601623535156
12898,78.73301696777344
12899,66.52500915527344
12900,38.52374267578125
12901,28.910633087158203
12902,35.51504135131836
12903,58.8171501159668
12904,39.212890625
12905,74.70977783203125
12906,39.15192413330078
12907,36.678871154785156
12908,37.85240173339844
12909,21.50192642211914
12910,34.88890075683594
12911,53.06396484375
12912,30.36182975769043
12913,83.8751220703125
12914,30.667842864990234
12915,37.32979202270508
12916,31.279891967773438
12917,15.5139799118042
12918,25.631309509277344
12919,42.172332763671875
12920,69.56719207763672
12921,71.48554229736328
12922,75.10702514648438
12923,28.33356285095215
12924,69.98257446289062
12925,45.59996032714844
12926,75.82662963867188
12927,46.039405822753906
12928,82.02507781982422
12929,61.45685577392578
12930,35.12828826904297
12931,33.46350860595703
12932,39.246925354003906
12933,57.1335563659668
12934,37.638545989990234
12935,65.08282470703125
12936,33.14170837402344
12937,41.10240173339844
12938,38.96767807006836
12939,24.406909942626953
12940,40.60649490356445
12941,56.614261627197266
12942,33.734153747558594
12943,68.33528900146484
12944,26.68529510498047
12945,46.157997131347656
12946,33.35383224487305
12947,19.577194213867188
12948,34.986427307128906
12949,53.45403289794922
12950,67.1910629272461
12951,57.09248733520508
12952,75.2215347290039
12953,32.950103759765625
12954,77.75820922851562
12955,47.71137237548828
12956,77.99579620361328
12957,47.296627044677734
12958,80.14140319824219
12959,78.91130828857422
12960,41.7086181640625
12961,35.44536590576172
12962,32.22270202636719
12963,69.42738342285156
12964,41.83000946044922
12965,87.80848693847656
12966,42.88561248779297
12967,45.2081184387207
12968,37.662261962890625
12969,24.93802261352539
12970,30.28359603881836
12971,69.41238403320312
12972,35.449317932128906
12973,49.24443817138672
12974,29.16010284423828
12975,21.95383071899414
12976,16.582239151000977
12977,49.301307678222656
12978,72.89582824707031
12979,63.014915466308594
12980,85.42135620117188
12981,29.01679229736328
12982,78.367919921875
12983,46.8759765625
12984,83.32337188720703
12985,46.66107177734375
12986,84.84565734863281
12987,68.48046875
12988,37.32225036621094
12989,26.773466110229492
12990,36.985557556152344
12991,60.01570129394531
12992,38.28118133544922
12993,77.22291564941406
12994,39.15666961669922
12995,34.94204330444336
12996,36.962520599365234
12997,15.766483306884766
12998,40.349388122558594
12999,55.92981719970703
13000,23.814102172851562
13001,84.18364715576172
13002,30.334747314453125
13003,38.602630615234375
13004,23.266765594482422
13005,9.345949172973633
13006,31.350507736206055
13007,49.84672546386719
13008,49.165252685546875
13009,62.47495651245117
13010,79.72750091552734
13011,35.31947326660156
13012,80.07764434814453
13013,50.053863525390625
13014,69.14329528808594
13015,50.44976806640625
13016,81.72871398925781
13017,69.35724639892578
13018,29.783191680908203
13019,26.133312225341797
13020,34.77867889404297
13021,59.614830017089844
13022,33.18296813964844
13023,81.0503921508789
13024,28.22631072998047
13025,35.96022415161133
13026,35.987892150878906
13027,16.933908462524414
13028,36.24821472167969
13029,54.11683654785156
13030,23.82025146484375
13031,35.62035369873047
13032,27.67818832397461
13033,47.477821350097656
13034,70.05171203613281
13035,79.13652801513672
13036,68.84629821777344
13037,35.015235900878906
13038,75.37161254882812
13039,54.262779235839844
13040,78.53765869140625
13041,54.5738525390625
13042,84.55754852294922
13043,67.21562957763672
13044,35.066471099853516
13045,30.224609375
13046,37.147003173828125
13047,61.265777587890625
13048,37.57440948486328
13049,73.02734375
13050,34.69887924194336
13051,36.386962890625
13052,38.63743591308594
13053,23.97060775756836
13054,37.124267578125
13055,58.29164123535156
13056,30.855880737304688
13057,79.78156280517578
13058,29.26396942138672
13059,41.39702224731445
13060,33.426063537597656
13061,17.381866455078125
13062,31.189163208007812
13063,51.42108917236328
13064,67.11357116699219
13065,63.91733169555664
13066,74.34288787841797
13067,34.60220718383789
13068,74.21783447265625
13069,51.89946365356445
13070,74.56671142578125
13071,51.096466064453125
13072,78.2721176147461
13073,67.0701904296875
13074,39.19047546386719
13075,31.3344669342041
13076,36.17292022705078
13077,59.0520133972168
13078,38.069610595703125
13079,73.80973052978516
13080,40.956966400146484
13081,38.28153991699219
13082,35.87099075317383
13083,24.035322189331055
13084,36.927490234375
13085,56.844635009765625
13086,32.08100509643555
13087,78.68096160888672
13088,31.390308380126953
13089,40.56550979614258
13090,29.265178680419922
13091,16.08668327331543
13092,30.450164794921875
13093,48.43690490722656
13094,58.32042694091797
13095,59.8418083190918
13096,80.86859130859375
13097,31.242321014404297
13098,79.94595336914062
13099,46.177066802978516
13100,78.93639373779297
13101,45.755035400390625
13102,82.71311950683594
13103,63.27763366699219
13104,37.336753845214844
13105,30.321943283081055
13106,42.111473083496094
13107,56.179359436035156
13108,38.50871276855469
13109,71.32633972167969
13110,38.91630554199219
13111,37.27940368652344
13112,40.85840606689453
13113,24.75171661376953
13114,45.27423858642578
13115,52.84162521362305
13116,29.859670639038086
13117,79.28741455078125
13118,31.89944076538086
13119,38.998863220214844
13120,33.444541931152344
13121,17.384103775024414
13122,37.69140625
13123,45.98060989379883
13124,55.993385314941406
13125,64.52913665771484
13126,76.52967071533203
13127,37.41205596923828
13128,77.14599609375
13129,49.78123474121094
13130,67.01420593261719
13131,51.293663024902344
13132,84.02334594726562
13133,66.05777740478516
13134,35.261451721191406
13135,26.838611602783203
13136,36.787086486816406
13137,57.382598876953125
13138,37.95338439941406
13139,74.61624908447266
13140,35.22129821777344
13141,35.178199768066406
13142,38.946842193603516
13143,19.04667854309082
13144,36.59382629394531
13145,53.302337646484375
13146,29.508750915527344
13147,80.15966796875
13148,25.186195373535156
13149,38.00795364379883
13150,31.241748809814453
13151,13.837060928344727
13152,26.923194885253906
13153,45.44230651855469
13154,64.50537109375
13155,64.67521667480469
13156,70.94367980957031
13157,32.632877349853516
13158,71.210693359375
13159,47.460472106933594
13160,72.49352264404297
13161,47.42292785644531
13162,74.99853515625
13163,65.10488891601562
13164,35.203392028808594
13165,26.019874572753906
13166,36.99005889892578
13167,57.91444396972656
13168,36.04353332519531
13169,73.65872955322266
13170,36.0970458984375
13171,34.38603973388672
13172,37.04187774658203
13173,19.48743438720703
13174,38.14264678955078
13175,52.058197021484375
13176,26.715330123901367
13177,79.72712707519531
13178,28.405071258544922
13179,36.82759094238281
13180,27.993131637573242
13181,13.824231147766113
13182,29.160404205322266
13183,41.043617248535156
13184,56.77543640136719
13185,62.004478454589844
13186,82.03196716308594
13187,31.6082763671875
13188,82.52177429199219
13189,43.88375473022461
13190,76.92698669433594
13191,44.17884063720703
13192,84.38361358642578
13193,63.3677978515625
13194,34.713966369628906
13195,26.64392852783203
13196,41.077232360839844
13197,55.78239822387695
13198,36.58663558959961
13199,72.54945373535156
13200,33.10902786254883
13201,36.00367736816406
13202,40.772117614746094
13203,19.57026481628418
13204,42.55299377441406
13205,52.97721481323242
13206,30.107807159423828
13207,76.33056640625
13208,24.00372886657715
13209,36.1187858581543
13210,33.97868347167969
13211,14.807190895080566
13212,35.14851379394531
13213,50.77534484863281
13214,65.09622192382812
13215,72.49305725097656
13216,70.90670776367188
13217,32.28123474121094
13218,77.12039184570312
13219,52.16798400878906
13220,72.48983764648438
13221,55.06853485107422
13222,79.93276977539062
13223,64.76512145996094
13224,36.18119812011719
13225,29.628515243530273
13226,36.76625442504883
13227,56.31267547607422
13228,38.61662292480469
13229,73.16020202636719
13230,36.36317825317383
13231,36.57182693481445
13232,38.27370834350586
13233,21.678895950317383
13234,37.16015625
13235,51.714603424072266
13236,26.24509048461914
13237,79.63449096679688
13238,25.538732528686523
13239,37.19793701171875
13240,28.236696243286133
13241,18.622394561767578
13242,27.347990036010742
13243,44.63211441040039
13244,63.6997184753418
13245,63.0596923828125
13246,74.93978881835938
13247,30.249902725219727
13248,73.58982849121094
13249,45.85009002685547
13250,73.03595733642578
13251,46.008140563964844
13252,78.64068603515625
13253,62.73535919189453
13254,36.454795837402344
13255,26.50178337097168
13256,38.3238525390625
13257,56.117576599121094
13258,36.823760986328125
13259,68.43912506103516
13260,35.46638488769531
13261,33.079261779785156
13262,37.390480041503906
13263,20.469003677368164
13264,40.22024154663086
13265,55.571678161621094
13266,30.913103103637695
13267,36.60711669921875
13268,30.055625915527344
13269,15.045186996459961
13270,34.854698181152344
13271,50.388946533203125
13272,69.51498413085938
13273,61.00777053833008
13274,78.87924194335938
13275,30.532360076904297
13276,81.23565673828125
13277,46.73223114013672
13278,78.72013854980469
13279,49.53795623779297
13280,81.10289001464844
13281,64.45685577392578
13282,40.69898223876953
13283,31.95975685119629
13284,37.828575134277344
13285,57.183380126953125
13286,40.533935546875
13287,71.5533447265625
13288,41.079010009765625
13289,39.621246337890625
13290,39.30105209350586
13291,24.246387481689453
13292,38.041725158691406
13293,57.207725524902344
13294,30.29043197631836
13295,77.90542602539062
13296,32.0380973815918
13297,41.629905700683594
13298,27.550386428833008
13299,16.799468994140625
13300,30.885168075561523
13301,47.848724365234375
13302,65.88379669189453
13303,62.98492431640625
13304,74.90213012695312
13305,31.115549087524414
13306,74.98278045654297
13307,49.412803649902344
13308,77.20658874511719
13309,48.89934158325195
13310,79.03483581542969
13311,67.44078826904297
13312,43.14248275756836
13313,33.88902282714844
13314,36.00419616699219
13315,60.12971496582031
13316,42.179176330566406
13317,74.34976196289062
13318,45.55748748779297
13319,41.167789459228516
13320,37.07039260864258
13321,27.55550193786621
13322,35.31303405761719
13323,62.85307693481445
13324,31.400550842285156
13325,79.89993286132812
13326,38.817283630371094
13327,45.5749626159668
13328,28.230396270751953
13329,26.13097381591797
13330,25.29391098022461
13331,46.26067352294922
13332,58.55792236328125
13333,58.41351318359375
13334,77.42698669433594
13335,26.191268920898438
13336,69.7802734375
13337,42.80351257324219
13338,71.40480041503906
13339,42.35456085205078
13340,75.06546020507812
13341,65.49462127685547
13342,35.48561096191406
13343,29.38101577758789
13344,43.39325714111328
13345,57.2806396484375
13346,38.21512985229492
13347,73.34599304199219
13348,34.41127014160156
13349,37.23956298828125
13350,42.54889678955078
13351,22.175540924072266
13352,45.240013122558594
13353,53.195556640625
13354,29.9816837310791
13355,78.95622253417969
13356,25.99106216430664
13357,36.71023941040039
13358,35.115379333496094
13359,14.828104019165039
13360,40.235984802246094
13361,49.77317810058594
13362,61.944007873535156
13363,70.422119140625
13364,71.2168960571289
13365,38.97034454345703
13366,76.9809341430664
13367,52.95916748046875
13368,72.89319610595703
13369,53.40196228027344
13370,75.35829162597656
13371,66.58602905273438
13372,35.162437438964844
13373,26.169818878173828
13374,41.276939392089844
13375,57.99845886230469
13376,37.667816162109375
13377,73.94664001464844
13378,34.543331146240234
13379,36.522491455078125
13380,41.94171142578125
13381,18.987712860107422
13382,42.9617919921875
13383,56.77487564086914
13384,28.594505310058594
13385,78.06707000732422
13386,25.82822036743164
13387,35.08113098144531
13388,32.774147033691406
13389,12.848982810974121
13390,36.970455169677734
13391,51.83235168457031
13392,65.7273178100586
13393,71.95454406738281
13394,68.5579833984375
13395,32.414459228515625
13396,74.63551330566406
13397,53.71257019042969
13398,74.10196685791016
13399,53.63437271118164
13400,78.01287078857422
13401,66.89642333984375
13402,33.502098083496094
13403,28.029354095458984
13404,38.58483123779297
13405,58.47585678100586
13406,36.023677825927734
13407,75.36255645751953
13408,32.43187713623047
13409,36.42925262451172
13410,38.74016571044922
13411,20.52777099609375
13412,39.97242736816406
13413,52.86505889892578
13414,27.153263092041016
13415,77.31880187988281
13416,23.526782989501953
13417,35.795310974121094
13418,28.710010528564453
13419,13.291202545166016
13420,31.949462890625
13421,49.61742401123047
13422,64.41543579101562
13423,75.47386169433594
13424,68.80326843261719
13425,32.634185791015625
13426,74.47715759277344
13427,51.44029235839844
13428,73.0484619140625
13429,52.227935791015625
13430,76.08366394042969
13431,67.1602783203125
13432,39.927345275878906
13433,30.060068130493164
13434,37.01460266113281
13435,60.37388610839844
13436,40.391910552978516
13437,73.392578125
13438,40.193050384521484
13439,35.77629089355469
13440,37.63261795043945
13441,23.5444393157959
13442,37.46083068847656
13443,60.16682815551758
13444,33.265525817871094
13445,76.9703598022461
13446,31.3885440826416
13447,42.508094787597656
13448,30.367801666259766
13449,16.263593673706055
13450,30.658554077148438
13451,52.80620574951172
13452,60.78150177001953
13453,59.10266876220703
13454,77.32161712646484
13455,35.289695739746094
13456,75.5126724243164
13457,50.28844451904297
13458,75.03892517089844
13459,50.07664489746094
13460,76.83914184570312
13461,63.88881301879883
13462,38.27733612060547
13463,32.1680908203125
13464,38.748294830322266
13465,56.68965148925781
13466,39.34035873413086
13467,70.56929016113281
13468,39.02885437011719
13469,39.28523254394531
13470,39.11266326904297
13471,25.158126831054688
13472,40.51496887207031
13473,53.16100311279297
13474,32.31047058105469
13475,76.61976623535156
13476,33.21105194091797
13477,41.73241424560547
13478,32.17405700683594
13479,18.742809295654297
13480,35.855628967285156
13481,48.320457458496094
13482,60.89982604980469
13483,63.501617431640625
13484,72.73104858398438
13485,34.52724075317383
13486,72.03634643554688
13487,48.62958908081055
13488,69.98016357421875
13489,48.63904571533203
13490,75.5621337890625
13491,65.91035461425781
13492,36.71485137939453
13493,29.355920791625977
13494,40.44522476196289
13495,58.29750061035156
13496,38.07439041137695
13497,73.31542205810547
13498,36.873714447021484
13499,37.9195671081543
13500,40.88391876220703
13501,21.96841812133789
13502,41.68359375
13503,56.02947235107422
13504,28.57094955444336
13505,79.67604064941406
13506,30.62415313720703
13507,37.86344909667969
13508,30.955909729003906
13509,14.630786895751953
13510,36.49646759033203
13511,50.81828308105469
13512,66.1915283203125
13513,68.41539764404297
13514,70.40757751464844
13515,34.859291076660156
13516,74.07661437988281
13517,50.98820495605469
13518,72.21011352539062
13519,52.127899169921875
13520,79.11914825439453
13521,64.36322021484375
13522,31.366376876831055
13523,32.95452880859375
13524,33.3598518371582
13525,59.06753921508789
13526,31.655988693237305
13527,70.59440612792969
13528,32.508033752441406
13529,38.55548095703125
13530,34.18475341796875
13531,28.007566452026367
13532,34.908843994140625
13533,55.70094680786133
13534,24.58458709716797
13535,77.74359130859375
13536,25.279911041259766
13537,42.63499450683594
13538,28.332630157470703
13539,22.24413299560547
13540,22.34781265258789
13541,53.235389709472656
13542,58.426822662353516
13543,64.69743347167969
13544,67.48533630371094
13545,34.97184753417969
13546,68.20039367675781
13547,49.70184326171875
13548,67.093017578125
13549,48.48905944824219
13550,78.11215209960938
13551,68.82917785644531
13552,32.124996185302734
13553,27.78044319152832
13554,35.084129333496094
13555,60.80106735229492
13556,34.989715576171875
13557,76.34407043457031
13558,32.33435821533203
13559,36.307762145996094
13560,36.1693115234375
13561,19.731552124023438
13562,35.84745788574219
13563,58.873939514160156
13564,26.551517486572266
13565,83.66790008544922
13566,22.812755584716797
13567,38.6310920715332
13568,30.265552520751953
13569,11.899218559265137
13570,28.441646575927734
13571,51.45043182373047
13572,61.25775146484375
13573,67.86019897460938
13574,79.02339172363281
13575,35.245567321777344
13576,78.47938537597656
13577,51.57004165649414
13578,77.81061553955078
13579,54.95598602294922
13580,82.94377136230469
13581,62.321937561035156
13582,31.21185302734375
13583,30.45090103149414
13584,44.42487716674805
13585,55.18714141845703
13586,35.85687255859375
13587,69.57026672363281
13588,28.404693603515625
13589,38.56934356689453
13590,43.00013732910156
13591,22.81292152404785
13592,47.76337432861328
13593,49.142417907714844
13594,29.532974243164062
13595,70.64308166503906
13596,19.310707092285156
13597,38.58049392700195
13598,35.188411712646484
13599,15.199525833129883
13600,43.10801696777344
13601,57.57396697998047
13602,65.60809326171875
13603,75.90654754638672
13604,66.37618255615234
13605,44.91114044189453
13606,78.61064147949219
13607,60.81937789916992
13608,73.86518859863281
13609,62.271785736083984
13610,77.3194808959961
13611,67.24981689453125
13612,37.11848449707031
13613,28.47823715209961
13614,39.19469451904297
13615,59.328857421875
13616,39.422645568847656
13617,75.1414794921875
13618,36.665245056152344
13619,36.33922576904297
13620,40.09341812133789
13621,20.496395111083984
13622,39.45716094970703
13623,56.66704559326172
13624,32.67951965332031
13625,82.68280029296875
13626,29.357908248901367
13627,36.78169250488281
13628,33.747283935546875
13629,12.587915420532227
13630,33.140846252441406
13631,47.97647476196289
13632,70.25558471679688
13633,71.026611328125
13634,72.73472595214844
13635,27.956600189208984
13636,74.9105453491211
13637,48.3673210144043
13638,78.58241271972656
13639,49.51850891113281
13640,81.6692123413086
13641,69.01237487792969
13642,39.6846923828125
13643,28.92058753967285
13644,29.929140090942383
13645,62.533935546875
13646,39.095123291015625
13647,75.35301208496094
13648,41.82121276855469
13649,35.812034606933594
13650,31.034162521362305
13651,21.921459197998047
13652,30.018789291381836
13653,62.87144470214844
13654,27.78221321105957
13655,83.27581024169922
13656,38.014774322509766
13657,39.67314910888672
13658,20.8145809173584
13659,16.56178855895996
13660,23.174745559692383
13661,44.57743835449219
13662,54.27422332763672
13663,52.61390686035156
13664,84.720458984375
13665,24.700191497802734
13666,80.36649322509766
13667,40.263877868652344
13668,68.7412338256836
13669,37.794944763183594
13670,76.29547119140625
13671,67.74009704589844
13672,36.705833435058594
13673,29.84638214111328
13674,35.46242904663086
13675,61.434417724609375
13676,37.63671112060547
13677,74.16636657714844
13678,36.33161926269531
13679,37.56525421142578
13680,37.527130126953125
13681,22.012619018554688
13682,35.93806076049805
13683,59.18341827392578
13684,31.917373657226562
13685,40.82476806640625
13686,31.201208114624023
13687,14.826227188110352
13688,29.77394676208496
13689,47.101318359375
13690,65.38066101074219
13691,66.32324981689453
13692,71.27190399169922
13693,24.499164581298828
13694,69.21340942382812
13695,46.838470458984375
13696,73.61921691894531
13697,45.26856231689453
13698,80.90896606445312
13699,62.36317443847656
13700,33.76287841796875
13701,30.986019134521484
13702,35.00543212890625
13703,57.13761901855469
13704,33.38312530517578
13705,68.45289611816406
13706,32.777408599853516
13707,36.79990768432617
13708,33.55731201171875
13709,24.75543212890625
13710,35.675865173339844
13711,49.280147552490234
13712,57.62562561035156
13713,61.37834167480469
13714,67.616455078125
13715,36.35258102416992
13716,69.38433074951172
13717,49.44764709472656
13718,67.86518859863281
13719,49.66348648071289
13720,69.0839614868164
13721,66.73941040039062
13722,35.26818084716797
13723,27.546966552734375
13724,37.55763244628906
13725,58.29419708251953
13726,38.71636199951172
13727,74.1512451171875
13728,35.05827331542969
13729,35.54058837890625
13730,39.3772087097168
13731,19.55912208557129
13732,38.70061492919922
13733,53.692665100097656
13734,33.00660705566406
13735,80.19461059570312
13736,27.031099319458008
13737,39.34885025024414
13738,32.93016815185547
13739,12.704761505126953
13740,30.82478904724121
13741,48.15871047973633
13742,68.76141357421875
13743,64.74761962890625
13744,75.28120422363281
13745,32.691856384277344
13746,77.24401092529297
13747,48.95051574707031
13748,77.15252685546875
13749,49.17317581176758
13750,79.27815246582031
13751,66.44265747070312
13752,36.48936462402344
13753,30.45685386657715
13754,38.667213439941406
13755,58.721923828125
13756,37.621150970458984
13757,73.50465393066406
13758,36.71073913574219
13759,38.750587463378906
13760,39.08293151855469
13761,22.047082901000977
13762,40.47404479980469
13763,56.74229431152344
13764,31.389406204223633
13765,80.1639404296875
13766,31.843914031982422
13767,41.9140739440918
13768,32.059329986572266
13769,13.944625854492188
13770,35.82020568847656
13771,54.2312126159668
13772,67.44889831542969
13773,71.12039184570312
13774,75.27452850341797
13775,28.67441177368164
13776,78.74858093261719
13777,53.08955764770508
13778,77.47860717773438
13779,52.86141586303711
13780,84.38046264648438
13781,67.29927825927734
13782,33.07986831665039
13783,29.079389572143555
13784,38.559959411621094
13785,59.48822021484375
13786,36.07390594482422
13787,75.39198303222656
13788,32.08893585205078
13789,37.02060317993164
13790,38.96113967895508
13791,20.86573600769043
13792,39.17363357543945
13793,55.060428619384766
13794,28.01239013671875
13795,78.41706085205078
13796,23.41777229309082
13797,36.21906661987305
13798,31.518095016479492
13799,13.472905158996582
13800,31.98680877685547
13801,49.973228454589844
13802,65.14218139648438
13803,73.52728271484375
13804,67.45943450927734
13805,33.2811279296875
13806,72.1511459350586
13807,52.06378173828125
13808,71.3421630859375
13809,53.285804748535156
13810,79.33206176757812
13811,61.546607971191406
13812,31.955156326293945
13813,26.891311645507812
13814,39.54759216308594
13815,54.49274444580078
13816,33.867942810058594
13817,69.57315826416016
13818,30.42884063720703
13819,35.37623977661133
13820,38.808929443359375
13821,19.9589900970459
13822,40.26268005371094
13823,52.21512985229492
13824,28.778564453125
13825,74.25091552734375
13826,21.758583068847656
13827,34.17658233642578
13828,33.12271499633789
13829,13.670825958251953
13830,33.85523986816406
13831,51.162811279296875
13832,62.433067321777344
13833,70.41789245605469
13834,66.15025329589844
13835,37.24782943725586
13836,74.00872039794922
13837,55.043148040771484
13838,71.925537109375
13839,54.8331298828125
13840,72.75304412841797
13841,68.69989013671875
13842,31.812957763671875
13843,27.336593627929688
13844,34.13456726074219
13845,60.56599807739258
13846,33.856597900390625
13847,76.41537475585938
13848,32.01312255859375
13849,36.225337982177734
13850,35.37873077392578
13851,18.312135696411133
13852,34.841064453125
13853,58.13904571533203
13854,29.72931671142578
13855,84.27755737304688
13856,25.097938537597656
13857,38.75260543823242
13858,31.77509880065918
13859,11.07131576538086
13860,30.936471939086914
13861,48.95368957519531
13862,71.14601135253906
13863,66.5405502319336
13864,79.03329467773438
13865,32.3134880065918
13866,79.89673614501953
13867,49.653812408447266
13868,81.38031005859375
13869,49.59558868408203
13870,82.87789154052734
13871,64.6463623046875
13872,36.65647888183594
13873,26.710155487060547
13874,41.227787017822266
13875,57.081424713134766
13876,38.91105651855469
13877,73.76847839355469
13878,35.647438049316406
13879,35.08545684814453
13880,41.128273010253906
13881,19.3707275390625
13882,42.852569580078125
13883,52.28654479980469
13884,32.552490234375
13885,81.32408142089844
13886,27.583547592163086
13887,36.50177001953125
13888,34.21955871582031
13889,12.381555557250977
13890,36.2950439453125
13891,47.78760528564453
13892,68.57536315917969
13893,68.14768981933594
13894,75.40248107910156
13895,36.894012451171875
13896,79.66923522949219
13897,51.260398864746094
13898,78.56092834472656
13899,51.08176803588867
13900,80.69596099853516
13901,70.93035888671875
13902,41.01557540893555
13903,29.91156768798828
13904,30.473581314086914
13905,60.362335205078125
13906,41.609046936035156
13907,79.52459716796875
13908,43.12249755859375
13909,37.0451545715332
13910,35.128265380859375
13911,22.18575096130371
13912,27.264053344726562
13913,61.621116638183594
13914,31.904483795166016
13915,91.62005615234375
13916,33.09336853027344
13917,38.83224105834961
13918,29.087482452392578
13919,19.131433486938477
13920,14.715761184692383
13921,38.39105224609375
13922,68.13118743896484
13923,54.485660552978516
13924,81.76699829101562
13925,23.838428497314453
13926,73.11581420898438
13927,36.784034729003906
13928,79.76579284667969
13929,36.546791076660156
13930,81.73702239990234
13931,66.02200317382812
13932,39.5970458984375
13933,29.22601318359375
13934,36.44330596923828
13935,58.6907844543457
13936,40.60845947265625
13937,74.8061294555664
13938,41.17877197265625
13939,37.265541076660156
13940,39.142906188964844
13941,20.960493087768555
13942,35.626609802246094
13943,56.826385498046875
13944,31.34228515625
13945,82.18666076660156
13946,34.254615783691406
13947,40.031272888183594
13948,30.21209144592285
13949,15.51834487915039
13950,27.233301162719727
13951,46.4090461730957
13952,66.83740997314453
13953,63.43846130371094
13954,73.33599090576172
13955,27.651531219482422
13956,71.63246154785156
13957,46.308563232421875
13958,72.49324035644531
13959,44.82744598388672
13960,78.97810363769531
13961,60.512298583984375
13962,36.27568054199219
13963,32.07044219970703
13964,42.442325592041016
13965,54.89399337768555
13966,39.58746337890625
13967,67.39012145996094
13968,34.99542999267578
13969,37.80405807495117
13970,42.68456268310547
13971,24.704387664794922
13972,43.250545501708984
13973,48.31157684326172
13974,30.380210876464844
13975,72.11491394042969
13976,24.375425338745117
13977,37.236045837402344
13978,32.17033386230469
13979,19.3297061920166
13980,34.67463684082031
13981,48.1525764465332
13982,66.48110961914062
13983,68.40542602539062
13984,72.59003448486328
13985,40.21398162841797
13986,76.87542724609375
13987,51.394107818603516
13988,76.0089111328125
13989,51.48223114013672
13990,78.28565216064453
13991,65.79443359375
13992,40.53781509399414
13993,29.691164016723633
13994,38.09442901611328
13995,58.49073791503906
13996,41.09503173828125
13997,72.71554565429688
13998,40.71217346191406
13999,38.211212158203125
14000,40.938758850097656
14001,22.3177433013916
14002,37.69475555419922
14003,57.68764877319336
14004,29.12539291381836
14005,78.13044738769531
14006,32.25735092163086
14007,41.353187561035156
14008,28.24041748046875
14009,17.507238388061523
14010,28.85958480834961
14011,52.68963623046875
14012,59.809871673583984
14013,61.77522277832031
14014,81.41998291015625
14015,33.89811325073242
14016,81.80287170410156
14017,49.98722839355469
14018,78.04500579833984
14019,49.35505294799805
14020,82.37911987304688
14021,62.84574508666992
14022,37.94830322265625
14023,29.072473526000977
14024,38.53358459472656
14025,56.569801330566406
14026,38.59773635864258
14027,68.8883056640625
14028,38.521732330322266
14029,35.61749267578125
14030,39.06861877441406
14031,22.145469665527344
14032,39.42955780029297
14033,56.82619857788086
14034,31.0681095123291
14035,38.77781677246094
14036,29.5970458984375
14037,14.335301399230957
14038,33.689090728759766
14039,51.910091400146484
14040,65.39457702636719
14041,70.14640808105469
14042,70.23321533203125
14043,25.751285552978516
14044,75.289306640625
14045,50.78684997558594
14046,74.11140441894531
14047,50.111228942871094
14048,78.17066955566406
14049,64.9637451171875
14050,30.167888641357422
14051,28.741615295410156
14052,41.1556396484375
14053,56.99071502685547
14054,33.97648620605469
14055,71.71844482421875
14056,27.641977310180664
14057,37.279632568359375
14058,40.29049301147461
14059,20.34958839416504
14060,43.478179931640625
14061,50.570960998535156
14062,25.10770034790039
14063,33.25705337524414
14064,32.05408477783203
14065,11.569846153259277
14066,36.083770751953125
14067,52.659332275390625
14068,69.25631713867188
14069,76.1957015991211
14070,74.14337158203125
14071,39.54713439941406
14072,81.18940734863281
14073,56.68383026123047
14074,79.47412872314453
14075,57.60411071777344
14076,84.20856475830078
14077,66.20095825195312
14078,38.376338958740234
14079,31.564516067504883
14080,35.27075958251953
14081,57.135250091552734
14082,38.135154724121094
14083,73.59358215332031
14084,40.04680633544922
14085,37.88338088989258
14086,36.9254264831543
14087,24.7004451751709
14088,34.866493225097656
14089,53.04328918457031
14090,31.111114501953125
14091,78.4351806640625
14092,35.164703369140625
14093,37.23876190185547
14094,30.648239135742188
14095,19.79425811767578
14096,29.55450439453125
14097,39.113487243652344
14098,69.50053405761719
14099,58.63824462890625
14100,80.50759887695312
14101,30.48172378540039
14102,76.74110412597656
14103,41.315528869628906
14104,79.42906188964844
14105,40.54683303833008
14106,80.49472045898438
14107,66.8569564819336
14108,35.40985107421875
14109,29.74018669128418
14110,35.6083984375
14111,59.69081115722656
14112,35.56272888183594
14113,74.40579223632812
14114,36.21670913696289
14115,36.86396789550781
14116,35.50730895996094
14117,22.14751434326172
14118,36.47571563720703
14119,56.52970886230469
14120,25.650001525878906
14121,81.61431884765625
14122,28.275291442871094
14123,34.80690383911133
14124,26.02811050415039
14125,15.821121215820312
14126,28.41602325439453
14127,43.258888244628906
14128,57.930633544921875
14129,61.844093322753906
14130,73.67466735839844
14131,32.82028579711914
14132,75.13177490234375
14133,45.73927688598633
14134,72.42448425292969
14135,46.18445587158203
14136,77.03428649902344
14137,63.123905181884766
14138,40.770050048828125
14139,32.716758728027344
14140,40.65098571777344
14141,56.667236328125
14142,40.84515380859375
14143,70.45431518554688
14144,41.260196685791016
14145,39.16725158691406
14146,40.31552505493164
14147,25.636566162109375
14148,41.19068145751953
14149,56.56439208984375
14150,33.65380859375
14151,76.62857055664062
14152,35.838714599609375
14153,40.64447784423828
14154,32.520652770996094
14155,19.368642807006836
14156,36.06499481201172
14157,48.99800109863281
14158,65.59591674804688
14159,63.840667724609375
14160,71.419921875
14161,33.66943359375
14162,71.39708709716797
14163,48.77919006347656
14164,72.2990493774414
14165,48.86865234375
14166,74.82528686523438
14167,65.39106750488281
14168,36.17731475830078
14169,28.70389175415039
14170,38.21986389160156
14171,58.23994827270508
14172,37.52783966064453
14173,73.35990905761719
14174,36.6107177734375
14175,36.8148193359375
14176,39.069602966308594
14177,20.28831672668457
14178,39.07179641723633
14179,55.47822570800781
14180,30.924230575561523
14181,79.22456359863281
14182,31.217327117919922
14183,37.654319763183594
14184,32.15739822387695
14185,14.8341064453125
14186,35.27131271362305
14187,50.130836486816406
14188,68.99400329589844
14189,70.09339904785156
14190,70.23633575439453
14191,27.494142532348633
14192,72.85978698730469
14193,48.713600158691406
14194,75.97734069824219
14195,48.442134857177734
14196,81.07882690429688
14197,69.19752502441406
14198,33.240516662597656
14199,28.266746520996094
14200,36.32487487792969
14201,58.60154724121094
14202,37.42469787597656
14203,79.1451416015625
14204,32.45708465576172
14205,36.70216751098633
14206,37.21894073486328
14207,19.40341567993164
14208,37.07611846923828
14209,51.86693572998047
14210,29.78254508972168
14211,84.89799499511719
14212,23.450368881225586
14213,36.523704528808594
14214,30.660186767578125
14215,13.012641906738281
14216,28.81930160522461
14217,45.916343688964844
14218,66.92268371582031
14219,72.62000274658203
14220,72.9969482421875
14221,33.90470886230469
14222,77.34349060058594
14223,49.43421173095703
14224,77.88188171386719
14225,49.807037353515625
14226,82.15629577636719
14227,63.12890625
14228,35.66815185546875
14229,31.1099853515625
14230,37.88353729248047
14231,56.3712272644043
14232,37.982086181640625
14233,71.62100219726562
14234,34.306304931640625
14235,37.4842414855957
14236,38.91233825683594
14237,23.461170196533203
14238,38.695152282714844
14239,45.298004150390625
14240,63.85774230957031
14241,63.34081268310547
14242,72.77671813964844
14243,31.391965866088867
14244,72.98080444335938
14245,46.26108169555664
14246,70.8917236328125
14247,46.68750762939453
14248,77.86711120605469
14249,66.54987335205078
14250,37.106529235839844
14251,29.024808883666992
14252,37.56435012817383
14253,58.6165771484375
14254,38.99475860595703
14255,73.08015441894531
14256,37.618247985839844
14257,37.606475830078125
14258,38.17802429199219
14259,21.01262664794922
14260,38.95110321044922
14261,56.36381530761719
14262,31.62688446044922
14263,77.42648315429688
14264,28.558631896972656
14265,41.11405944824219
14266,29.696712493896484
14267,14.804920196533203
14268,31.18225860595703
14269,51.16514205932617
14270,66.17935180664062
14271,65.3128433227539
14272,79.34562683105469
14273,30.765243530273438
14274,80.8412094116211
14275,49.25230407714844
14276,80.28839111328125
14277,49.75081253051758
14278,87.73477172851562
14279,64.0171890258789
14280,38.62131118774414
14281,31.27423095703125
14282,34.225364685058594
14283,59.159027099609375
14284,38.62339401245117
14285,69.54537963867188
14286,38.136962890625
14287,37.210845947265625
14288,35.68732452392578
14289,24.255149841308594
14290,33.23430633544922
14291,56.39902877807617
14292,30.609142303466797
14293,76.65443420410156
14294,32.73448181152344
14295,42.996864318847656
14296,29.013212203979492
14297,19.145915985107422
14298,25.89684295654297
14299,46.68223190307617
14300,60.782440185546875
14301,61.55573654174805
14302,69.66995239257812
14303,27.797273635864258
14304,64.81724548339844
14305,45.44002914428711
14306,68.67915344238281
14307,45.600547790527344
14308,69.8568115234375
14309,65.89325714111328
14310,37.272247314453125
14311,29.018569946289062
14312,40.39692687988281
14313,58.49862289428711
14314,39.15141677856445
14315,73.31697082519531
14316,36.84690856933594
14317,36.442684173583984
14318,40.169273376464844
14319,21.98651885986328
14320,41.151519775390625
14321,55.928768157958984
14322,31.481319427490234
14323,77.66814422607422
14324,31.272811889648438
14325,36.60932159423828
14326,34.58281326293945
14327,15.755912780761719
14328,35.77387619018555
14329,48.425437927246094
14330,66.35930633544922
14331,67.97377014160156
14332,69.48993682861328
14333,30.971303939819336
14334,71.32777404785156
14335,48.67711639404297
14336,72.76104736328125
14337,48.94517517089844
14338,75.79129028320312
14339,67.51924896240234
14340,36.91044616699219
14341,27.489450454711914
14342,35.7838020324707
14343,58.4636344909668
14344,39.05810546875
14345,76.77302551269531
14346,37.17713165283203
14347,36.97879409790039
14348,38.5224494934082
14349,18.751794815063477
14350,35.26853942871094
14351,56.79187774658203
14352,31.125328063964844
14353,39.138160705566406
14354,29.952125549316406
14355,47.631004333496094
14356,71.08149719238281
14357,65.35011291503906
14358,77.07723999023438
14359,26.280113220214844
14360,74.99696350097656
14361,46.59109115600586
14362,80.36457824707031
14363,46.35337829589844
14364,84.74378967285156
14365,65.8802719116211
14366,31.09147071838379
14367,32.097816467285156
14368,39.06255340576172
14369,60.3648681640625
14370,33.33594512939453
14371,72.39701843261719
14372,30.131839752197266
14373,40.07514190673828
14374,38.584938049316406
14375,22.729454040527344
14376,42.05312728881836
14377,57.41998291015625
14378,28.930011749267578
14379,74.29977416992188
14380,23.147436141967773
14381,41.744754791259766
14382,32.64898681640625
14383,15.702579498291016
14384,39.714393615722656
14385,57.98976516723633
14386,64.30613708496094
14387,69.87149047851562
14388,65.26001739501953
14389,35.85950469970703
14390,75.74966430664062
14391,55.53261184692383
14392,74.24771118164062
14393,56.026512145996094
14394,77.85975646972656
14395,66.47320556640625
14396,38.58192825317383
14397,28.999509811401367
14398,34.6033935546875
14399,58.74628829956055
14400,39.41802215576172
14401,76.43052673339844
14402,40.59981918334961
14403,36.66436004638672
14404,35.838890075683594
14405,21.724140167236328
14406,34.92188262939453
14407,57.356781005859375
14408,31.245101928710938
14409,83.26712036132812
14410,32.607940673828125
14411,40.153072357177734
14412,27.546184539794922
14413,17.50896453857422
14414,26.140525817871094
14415,43.30811309814453
14416,71.14232635498047
14417,42.24650573730469
14418,80.44081115722656
14419,42.608238220214844
14420,81.64590454101562
14421,67.98890686035156
14422,32.51744079589844
14423,28.03650665283203
14424,38.81744384765625
14425,59.73623275756836
14426,33.95667266845703
14427,75.74131774902344
14428,31.283363342285156
14429,36.336097717285156
14430,38.5970458984375
14431,21.155902862548828
14432,39.196598052978516
14433,51.52692413330078
14434,31.053775787353516
14435,81.18173217773438
14436,24.885887145996094
14437,36.194236755371094
14438,33.59758758544922
14439,15.373847961425781
14440,35.10034942626953
14441,49.82508850097656
14442,68.97445678710938
14443,71.72599792480469
14444,72.02603149414062
14445,36.78546142578125
14446,78.33871459960938
14447,51.78203582763672
14448,76.73899841308594
14449,52.02315139770508
14450,78.23921966552734
14451,65.14239501953125
14452,36.31822967529297
14453,27.800540924072266
14454,36.30592346191406
14455,56.975135803222656
14456,37.41234588623047
14457,73.46147155761719
14458,36.21458435058594
14459,36.75328063964844
14460,37.73340606689453
14461,20.229888916015625
14462,36.1402587890625
14463,53.07941436767578
14464,31.687889099121094
14465,78.83317565917969
14466,28.527935028076172
14467,40.70553207397461
14468,30.63075065612793
14469,13.653199195861816
14470,29.07353973388672
14471,46.738643646240234
14472,64.11511993408203
14473,63.335052490234375
14474,69.77239227294922
14475,28.914426803588867
14476,68.52999877929688
14477,46.69404602050781
14478,71.25174713134766
14479,47.363433837890625
14480,74.42269897460938
14481,65.57025146484375
14482,35.962860107421875
14483,30.87287712097168
14484,44.02125549316406
14485,58.891090393066406
14486,37.84873962402344
14487,71.56217956542969
14488,34.43904113769531
14489,40.30023956298828
14490,42.928592681884766
14491,21.754037857055664
14492,45.52171325683594
14493,55.971519470214844
14494,25.558902740478516
14495,73.89128875732422
14496,22.596240997314453
14497,42.02220916748047
14498,28.839885711669922
14499,14.614112854003906
14500,35.931678771972656
14501,60.79779815673828
14502,65.95137023925781
14503,75.63749694824219
14504,74.14755249023438
14505,46.44473648071289
14506,83.4133529663086
14507,61.108795166015625
14508,77.9178466796875
14509,62.927947998046875
14510,83.58489990234375
14511,64.50955963134766
14512,34.89502716064453
14513,34.383819580078125
14514,42.0960693359375
14515,57.59379196166992
14516,36.58097839355469
14517,70.5193862915039
14518,34.57725524902344
14519,40.45514678955078
14520,41.002418518066406
14521,28.07724380493164
14522,42.912532806396484
14523,55.36465072631836
14524,30.236242294311523
14525,73.25846862792969
14526,25.02632713317871
14527,41.519813537597656
14528,34.25242614746094
14529,21.808305740356445
14530,34.756553649902344
14531,51.70366668701172
14532,65.59805297851562
14533,65.49581909179688
14534,75.0667495727539
14535,42.65431594848633
14536,77.57881927490234
14537,51.87394714355469
14538,73.55412292480469
14539,52.32950210571289
14540,77.67542266845703
14541,66.48320770263672
14542,38.8166389465332
14543,29.16192054748535
14544,35.69102478027344
14545,60.807106018066406
14546,39.075965881347656
14547,70.51053619384766
14548,39.55723571777344
14549,36.57356262207031
14550,37.088043212890625
14551,20.640758514404297
14552,34.82093048095703
14553,60.35291290283203
14554,32.739219665527344
14555,76.57362365722656
14556,33.851097106933594
14557,43.74980163574219
14558,30.03927230834961
14559,16.107105255126953
14560,27.008554458618164
14561,49.34665298461914
14562,61.2733154296875
14563,58.13225173950195
14564,78.3250961303711
14565,31.816177368164062
14566,76.67604064941406
14567,47.185707092285156
14568,73.62066650390625
14569,46.00210952758789
14570,78.03706359863281
14571,70.0794677734375
14572,39.659034729003906
14573,35.705810546875
14574,35.269737243652344
14575,63.9906005859375
14576,39.53028106689453
14577,75.03692626953125
14578,40.24665069580078
14579,44.72459030151367
14580,37.64486312866211
14581,25.386409759521484
14582,35.98826217651367
14583,60.766414642333984
14584,32.50529479980469
14585,76.53691101074219
14586,31.410655975341797
14587,50.833892822265625
14588,31.736507415771484
14589,20.593332290649414
14590,28.635997772216797
14591,57.61341857910156
14592,60.51950454711914
14593,65.72978210449219
14594,73.218017578125
14595,34.77782440185547
14596,71.16541290283203
14597,53.22627639770508
14598,70.19967651367188
14599,53.58465576171875
14600,71.7484130859375
14601,60.90106201171875
14602,36.73023223876953
14603,32.57225036621094
14604,44.32130813598633
14605,54.81477355957031
14606,38.23181915283203
14607,65.74775695800781
14608,35.5354118347168
14609,37.476985931396484
14610,42.504638671875
14611,28.124217987060547
14612,44.694313049316406
14613,49.93998718261719
14614,30.862957000732422
14615,67.68243408203125
14616,28.181758880615234
14617,37.3863525390625
14618,35.05149841308594
14619,23.006567001342773
14620,38.62877655029297
14621,45.30328369140625
14622,58.92587661743164
14623,62.81676483154297
14624,69.02760314941406
14625,42.860660552978516
14626,76.64945983886719
14627,51.6481819152832
14628,71.02685546875
14629,52.55693054199219
14630,75.889892578125
14631,67.53872680664062
14632,38.06147766113281
14633,28.869447708129883
14634,35.628204345703125
14635,61.04956817626953
14636,38.98292541503906
14637,73.36798095703125
14638,38.865482330322266
14639,36.19847869873047
14640,36.94561004638672
14641,21.438020706176758
14642,36.66857147216797
14643,57.54862976074219
14644,31.314477920532227
14645,80.92864990234375
14646,32.79631042480469
14647,41.256324768066406
14648,30.66196060180664
14649,14.5992431640625
14650,31.582107543945312
14651,49.97566223144531
14652,65.79598999023438
14653,64.18828582763672
14654,78.12024688720703
14655,29.718708038330078
14656,77.82276916503906
14657,47.912742614746094
14658,78.1821060180664
14659,49.227657318115234
14660,80.72608947753906
14661,65.10032653808594
14662,38.19020080566406
14663,25.528390884399414
14664,36.92194366455078
14665,56.635215759277344
14666,38.771018981933594
14667,75.34332275390625
14668,41.28038787841797
14669,33.833736419677734
14670,37.566864013671875
14671,18.829853057861328
14672,37.186546325683594
14673,52.98760223388672
14674,30.975461959838867
14675,83.0842056274414
14676,32.0896110534668
14677,31.574352264404297
14678,31.64701271057129
14679,13.240753173828125
14680,30.397727966308594
14681,43.41106414794922
14682,76.685546875
14683,68.20857238769531
14684,88.97351837158203
14685,33.28456497192383
14686,88.37570190429688
14687,45.033206939697266
14688,90.74189758300781
14689,44.94544982910156
14690,90.89694213867188
14691,68.57041931152344
14692,35.240943908691406
14693,31.2240047454834
14694,39.58311462402344
14695,60.666786193847656
14696,36.880855560302734
14697,75.40190124511719
14698,34.38349914550781
14699,38.15315628051758
14700,39.09287643432617
14701,23.835105895996094
14702,39.694950103759766
14703,56.59871292114258
14704,27.998432159423828
14705,80.86018371582031
14706,22.25893783569336
14707,38.669952392578125
14708,30.457963943481445
14709,17.00833511352539
14710,26.655132293701172
14711,49.392913818359375
14712,67.33342742919922
14713,69.09660339355469
14714,77.17369842529297
14715,38.76728057861328
14716,79.49838256835938
14717,52.43596649169922
14718,77.7994384765625
14719,52.24101257324219
14720,78.96316528320312
14721,65.93859100341797
14722,38.116600036621094
14723,29.098222732543945
14724,42.592201232910156
14725,57.356990814208984
14726,40.27751159667969
14727,72.68675231933594
14728,36.394222259521484
14729,36.26488494873047
14730,41.863914489746094
14731,22.279983520507812
14732,44.45735549926758
14733,52.82255935668945
14734,31.767009735107422
14735,77.05047607421875
14736,28.851470947265625
14737,37.966217041015625
14738,33.64435577392578
14739,14.712677955627441
14740,38.10685729980469
14741,48.157127380371094
14742,63.299434661865234
14743,68.20062255859375
14744,75.97441864013672
14745,35.90961456298828
14746,78.62985229492188
14747,50.253387451171875
14748,73.29371643066406
14749,50.47209548950195
14750,78.6748046875
14751,70.29643249511719
14752,39.29901123046875
14753,29.01666259765625
14754,38.63954162597656
14755,63.12074279785156
14756,39.61882781982422
14757,76.92196655273438
14758,40.769859313964844
14759,37.77593231201172
14760,39.693973541259766
14761,22.36482048034668
14762,39.576969146728516
14763,59.107383728027344
14764,30.504596710205078
14765,83.69947814941406
14766,35.65119934082031
14767,42.934288024902344
14768,32.24150085449219
14769,15.26071548461914
14770,34.40669631958008
14771,49.287811279296875
14772,57.13530349731445
14773,69.47308349609375
14774,71.20249938964844
14775,27.530380249023438
14776,66.84671783447266
14777,48.143890380859375
14778,68.7814712524414
14779,47.75245666503906
14780,74.15750122070312
14781,64.48780822753906
14782,37.923805236816406
14783,30.711429595947266
14784,39.582855224609375
14785,57.36015319824219
14786,39.31703186035156
14787,70.33360290527344
14788,37.9703254699707
14789,37.69132995605469
14790,39.918617248535156
14791,22.060649871826172
14792,40.58567810058594
14793,59.000091552734375
14794,27.69644546508789
14795,76.0718002319336
14796,26.90325164794922
14797,42.19635772705078
14798,28.832273483276367
14799,14.769195556640625
14800,32.38801193237305
14801,59.132537841796875
14802,68.2019271850586
14803,62.18683624267578
14804,76.68855285644531
14805,33.355045318603516
14806,82.37164306640625
14807,54.42736053466797
14808,84.54798889160156
14809,54.85071563720703
14810,84.93013000488281
14811,64.82457733154297
14812,36.04783630371094
14813,27.096864700317383
14814,36.6109619140625
14815,56.53040313720703
14816,37.676204681396484
14817,72.76473999023438
14818,35.718528747558594
14819,36.69493103027344
14820,38.4794807434082
14821,19.478729248046875
14822,36.422664642333984
14823,55.697540283203125
14824,29.474037170410156
14825,77.76014709472656
14826,26.370372772216797
14827,37.678977966308594
14828,31.148683547973633
14829,47.847660064697266
14830,67.50340270996094
14831,65.44908142089844
14832,72.34488677978516
14833,25.104516983032227
14834,72.08052062988281
14835,47.59968948364258
14836,75.52277374267578
14837,47.85152053833008
14838,78.56243896484375
14839,62.67218780517578
14840,39.13225555419922
14841,30.95710563659668
14842,35.199249267578125
14843,55.507423400878906
14844,39.05744934082031
14845,69.70674896240234
14846,41.38270568847656
14847,36.64482879638672
14848,36.398284912109375
14849,24.75971794128418
14850,35.25591278076172
14851,50.705657958984375
14852,29.25542640686035
14853,75.07540893554688
14854,35.247093200683594
14855,35.79853820800781
14856,27.082487106323242
14857,20.569351196289062
14858,27.530895233154297
14859,39.73919677734375
14860,65.406494140625
14861,59.13629150390625
14862,77.81782531738281
14863,30.038192749023438
14864,77.4057388305664
14865,40.885589599609375
14866,75.49333190917969
14867,39.44245529174805
14868,80.64842224121094
14869,66.62813568115234
14870,34.87899398803711
14871,29.00815200805664
14872,35.032981872558594
14873,59.47834014892578
14874,35.10613250732422
14875,73.83789825439453
14876,34.89683532714844
14877,36.019474029541016
14878,35.576873779296875
14879,22.601776123046875
14880,35.09754180908203
14881,56.35707473754883
14882,27.360328674316406
14883,79.91862487792969
14884,26.973876953125
14885,35.683753967285156
14886,27.853065490722656
14887,17.132295608520508
14888,24.666658401489258
14889,45.36360168457031
14890,63.37720489501953
14891,64.36909484863281
14892,71.77882385253906
14893,34.43618392944336
14894,72.25216674804688
14895,49.31196975708008
14896,72.66351318359375
14897,49.01023864746094
14898,75.08741760253906
14899,67.03208923339844
14900,35.9821891784668
14901,30.693199157714844
14902,35.65794372558594
14903,59.1275520324707
14904,36.708351135253906
14905,74.36048126220703
14906,36.63801574707031
14907,37.81449890136719
14908,36.76854705810547
14909,23.52581214904785
14910,36.59067916870117
14911,59.53289031982422
14912,23.177410125732422
14913,78.36117553710938
14914,29.183021545410156
14915,38.99903869628906
14916,24.171138763427734
14917,17.812623977661133
14918,28.125656127929688
14919,47.586708068847656
14920,70.68338012695312
14921,65.86039733886719
14922,81.13681030273438
14923,32.33336639404297
14924,81.24482727050781
14925,47.59017562866211
14926,80.36504364013672
14927,47.25576400756836
14928,81.74657440185547
14929,65.71208190917969
14930,38.158226013183594
14931,27.171367645263672
14932,38.21541213989258
14933,57.13092041015625
14934,40.51417541503906
14935,74.96511840820312
14936,38.89752197265625
14937,36.539031982421875
14938,40.2520751953125
14939,19.39151382446289
14940,38.64630889892578
14941,54.364933013916016
14942,33.862342834472656
14943,81.18731689453125
14944,32.179630279541016
14945,38.64900207519531
14946,33.22178649902344
14947,47.44303894042969
14948,70.53474426269531
14949,66.39654541015625
14950,75.27459716796875
14951,26.42532730102539
14952,74.90320587158203
14953,46.20702362060547
14954,79.58934020996094
14955,46.25728225708008
14956,83.91018676757812
14957,83.54624938964844
14958,24.719417572021484
14959,29.190797805786133
14960,29.8719482421875
14961,65.80847930908203
14962,31.580562591552734
14963,89.630126953125
14964,26.357654571533203
14965,37.793067932128906
14966,32.60529708862305
14967,19.4400634765625
14968,30.13414764404297
14969,61.12467956542969
14970,23.39935302734375
14971,40.22985076904297
14972,21.685937881469727
14973,52.72984313964844
14974,55.71249771118164
14975,69.31981658935547
14976,72.246826171875
14977,69.14381408691406
14978,38.470184326171875
14979,28.30782699584961
14980,35.38566589355469
14981,60.32647705078125
14982,39.231407165527344
14983,78.11563873291016
14984,40.219993591308594
14985,37.71967315673828
14986,38.05302429199219
14987,19.33235740661621
14988,35.88265609741211
14989,59.53932189941406
14990,31.197818756103516
14991,86.62271881103516
14992,34.09321594238281
14993,42.157039642333984
14994,28.943838119506836
14995,12.73076057434082
14996,27.659713745117188
14997,50.11406707763672
14998,68.10308837890625
14999,60.03888702392578
15000,87.44622802734375
15001,29.229957580566406
15002,85.425537109375
15003,46.72760772705078
15004,84.45838928222656
15005,45.793582916259766
15006,88.01451873779297
15007,67.08454895019531
15008,38.146827697753906
15009,28.309242248535156
15010,42.66826629638672
15011,59.12213897705078
15012,38.065155029296875
15013,73.09381103515625
15014,38.446372985839844
15015,34.77803421020508
15016,40.41175842285156
15017,23.672821044921875
15018,43.97034454345703
15019,50.557743072509766
15020,29.506208419799805
15021,74.904052734375
15022,25.866914749145508
15023,36.00081253051758
15024,31.883562088012695
15025,46.49077606201172
15026,68.33468627929688
15027,67.2493896484375
15028,78.84352111816406
15029,36.317893981933594
15030,80.08504486083984
15031,48.998233795166016
15032,79.03607177734375
15033,48.74285125732422
15034,81.25856018066406
15035,65.4098129272461
15036,41.422115325927734
15037,29.801570892333984
15038,32.08424377441406
15039,59.037105560302734
15040,40.30805969238281
15041,71.81663513183594
15042,43.74004364013672
15043,37.66004943847656
15044,35.123451232910156
15045,23.655302047729492
15046,31.329227447509766
15047,64.31624603271484
15048,31.011056900024414
15049,80.2763671875
15050,35.62649154663086
15051,42.16429901123047
15052,25.046295166015625
15053,44.23649215698242
15054,66.26673889160156
15055,53.54243850708008
15056,77.39278411865234
15057,21.338909149169922
15058,68.72591400146484
15059,37.215579986572266
15060,75.38557434082031
15061,36.16774368286133
15062,76.9259033203125
15063,61.48118591308594
15064,31.408315658569336
15065,27.065393447875977
15066,39.836822509765625
15067,54.991886138916016
15068,34.92993927001953
15069,68.134521484375
15070,29.059120178222656
15071,35.137847900390625
15072,39.063194274902344
15073,19.868942260742188
15074,42.37565994262695
15075,50.694984436035156
15076,26.63074493408203
15077,71.71441650390625
15078,19.45867156982422
15079,36.475406646728516
15080,29.22772789001465
15081,13.18710708618164
15082,33.85331726074219
15083,56.0924186706543
15084,57.98537826538086
15085,68.48504638671875
15086,72.91844177246094
15087,41.63201141357422
15088,78.09750366210938
15089,57.80198669433594
15090,72.59661865234375
15091,58.804840087890625
15092,75.76902770996094
15093,67.53863525390625
15094,37.74095916748047
15095,29.041248321533203
15096,37.05406951904297
15097,59.42683410644531
15098,39.29999542236328
15099,75.45606994628906
15100,37.91312026977539
15101,36.47980880737305
15102,38.710472106933594
15103,21.924579620361328
15104,36.43458557128906
15105,59.62915802001953
15106,34.07954025268555
15107,81.05607604980469
15108,32.19775390625
15109,37.897560119628906
15110,32.80311965942383
15111,15.458355903625488
15112,31.064916610717773
15113,47.0377082824707
15114,71.85945892333984
15115,64.18910217285156
15116,79.11027526855469
15117,31.879005432128906
15118,78.45001220703125
15119,46.987754821777344
15120,79.51614379882812
15121,47.15647888183594
15122,80.71043395996094
15123,70.61451721191406
15124,43.854434967041016
15125,33.71424102783203
15126,36.069313049316406
15127,62.80295944213867
15128,42.94171905517578
15129,77.35164642333984
15130,46.04343795776367
15131,42.35395812988281
15132,37.48512268066406
15133,26.75735092163086
15134,34.59387969970703
15135,63.11976623535156
15136,31.53524398803711
15137,84.93350219726562
15138,36.52406311035156
15139,47.17997741699219
15140,25.843067169189453
15141,21.000574111938477
15142,23.54645538330078
15143,48.73263931274414
15144,59.08090591430664
15145,59.05930709838867
15146,80.97958374023438
15147,27.68094253540039
15148,74.90155029296875
15149,44.456024169921875
15150,74.56294250488281
15151,43.245811462402344
15152,79.37821960449219
15153,50.6962776184082
15154,37.11308288574219
15155,35.31892776489258
15156,45.2403564453125
15157,45.14581298828125
15158,39.04042053222656
15159,57.47690200805664
15160,36.129417419433594
15161,39.56825637817383
15162,46.12126159667969
15163,38.59178161621094
15164,37.987953186035156
15165,34.24655532836914
15166,31.823984146118164
15167,60.28978729248047
15168,29.8392276763916
15169,31.55496597290039
15170,35.1722412109375
15171,27.458343505859375
15172,33.25878143310547
15173,31.642562866210938
15174,59.55186462402344
15175,46.632789611816406
15176,68.5765151977539
15177,28.044307708740234
15178,70.58824157714844
15179,39.4801025390625
15180,70.96419525146484
15181,39.21774673461914
15182,71.34764099121094
15183,65.07843017578125
15184,38.74287414550781
15185,29.3507022857666
15186,35.32133102416992
15187,57.87502670288086
15188,39.573123931884766
15189,73.76734924316406
15190,40.34033966064453
15191,37.00997543334961
15192,37.98540496826172
15193,21.219085693359375
15194,34.908138275146484
15195,56.03673553466797
15196,30.680370330810547
15197,80.97372436523438
15198,33.029964447021484
15199,39.780853271484375
15200,29.33840560913086
15201,15.542451858520508
15202,26.817686080932617
15203,45.93952178955078
15204,65.38525390625
15205,62.905521392822266
15206,71.99661254882812
15207,27.733932495117188
15208,69.92064666748047
15209,45.40986633300781
15210,71.17262268066406
15211,44.68798828125
15212,77.79835510253906
15213,65.60016632080078
15214,35.09049987792969
15215,28.085119247436523
15216,38.898529052734375
15217,58.292869567871094
15218,37.376747131347656
15219,73.13525390625
15220,35.03037643432617
15221,37.42509460449219
15222,38.87965393066406
15223,19.409645080566406
15224,39.79710006713867
15225,55.026451110839844
15226,26.876651763916016
15227,78.46694946289062
15228,26.534093856811523
15229,40.27794647216797
15230,28.908714294433594
15231,11.624098777770996
15232,31.29204559326172
15233,49.469444274902344
15234,58.275028228759766
15235,67.01200866699219
15236,75.04426574707031
15237,35.61337661743164
15238,77.61198425292969
15239,51.8317756652832
15240,75.06056213378906
15241,52.25069808959961
15242,79.58221435546875
15243,73.27887725830078
15244,29.302997589111328
15245,21.744537353515625
15246,39.40088653564453
15247,62.88819122314453
15248,32.35301208496094
15249,82.43359375
15250,29.67837905883789
15251,28.892196655273438
15252,38.5379753112793
15253,13.878403663635254
15254,41.96308898925781
15255,48.635986328125
15256,24.241464614868164
15257,89.49778747558594
15258,22.748634338378906
15259,31.262065887451172
15260,27.411834716796875
15261,4.945616245269775
15262,33.66777038574219
15263,42.308921813964844
15264,60.2222900390625
15265,70.51585388183594
15266,86.63581848144531
15267,27.021366119384766
15268,92.51136779785156
15269,42.69887161254883
15270,72.50883483886719
15271,46.145782470703125
15272,80.69723510742188
15273,65.30897521972656
15274,37.643829345703125
15275,32.93235778808594
15276,40.78447723388672
15277,56.867897033691406
15278,38.45514678955078
15279,72.70243072509766
15280,38.786521911621094
15281,39.139862060546875
15282,40.152305603027344
15283,25.823999404907227
15284,42.91510772705078
15285,53.459476470947266
15286,29.946300506591797
15287,77.92571258544922
15288,34.07270050048828
15289,36.92988586425781
15290,32.364593505859375
15291,19.783695220947266
15292,37.02699279785156
15293,47.20522689819336
15294,62.86241912841797
15295,67.46134948730469
15296,75.99040222167969
15297,36.4280891418457
15298,78.67549896240234
15299,49.36698532104492
15300,74.04331970214844
15301,51.649139404296875
15302,83.62275695800781
15303,61.41565704345703
15304,35.750953674316406
15305,33.302001953125
15306,39.70635223388672
15307,54.86693572998047
15308,36.85087203979492
15309,68.07145690917969
15310,35.04115676879883
15311,36.40424346923828
15312,40.32595443725586
15313,28.22184944152832
15314,38.76068878173828
15315,47.133792877197266
15316,30.387344360351562
15317,74.4544677734375
15318,28.196762084960938
15319,37.74992370605469
15320,35.93681335449219
15321,26.648639678955078
15322,32.97764205932617
15323,46.79115295410156
15324,67.89634704589844
15325,64.83186340332031
15326,76.62730407714844
15327,43.19438171386719
15328,90.1456298828125
15329,52.019344329833984
15330,77.42947387695312
15331,53.543914794921875
15332,83.7535171508789
15333,66.29988861083984
15334,42.611717224121094
15335,32.678070068359375
15336,33.694122314453125
15337,59.189632415771484
15338,41.10020446777344
15339,71.69902038574219
15340,44.81525421142578
15341,40.11009979248047
15342,35.08405303955078
15343,23.897247314453125
15344,33.12718963623047
15345,61.13035583496094
15346,30.766254425048828
15347,77.44145202636719
15348,35.899696350097656
15349,48.033424377441406
15350,24.523096084594727
15351,13.286407470703125
15352,24.081371307373047
15353,54.26026153564453
15354,58.665245056152344
15355,57.268470764160156
15356,78.63019561767578
15357,23.83861541748047
15358,72.50173950195312
15359,46.438472747802734
15360,71.174560546875
15361,46.996681213378906
15362,78.38604736328125
15363,62.84520721435547
15364,33.75655746459961
15365,27.743038177490234
15366,40.00035858154297
15367,56.02214431762695
15368,36.2114372253418
15369,69.61668395996094
15370,31.893157958984375
15371,36.16440200805664
15372,39.65965270996094
15373,19.48516082763672
15374,42.40879821777344
15375,51.898460388183594
15376,32.280967712402344
15377,74.31128692626953
15378,25.81325912475586
15379,37.9245719909668
15380,33.28205108642578
15381,10.760261535644531
15382,38.281002044677734
15383,54.720794677734375
15384,68.8026123046875
15385,68.68096923828125
15386,75.52214050292969
15387,37.91883087158203
15388,79.1537857055664
15389,55.5457649230957
15390,77.00022888183594
15391,55.108116149902344
15392,79.1061019897461
15393,63.2078857421875
15394,36.198829650878906
15395,28.42816162109375
15396,41.36415100097656
15397,56.27397918701172
15398,38.57026672363281
15399,70.19398498535156
15400,35.668609619140625
15401,35.590354919433594
15402,41.30209732055664
15403,21.990304946899414
15404,43.010101318359375
15405,51.44267654418945
15406,30.28205680847168
15407,75.02699279785156
15408,27.69884490966797
15409,35.33880615234375
15410,33.111366271972656
15411,16.002281188964844
15412,33.757450103759766
15413,50.79731369018555
15414,69.545166015625
15415,69.18418884277344
15416,72.19865417480469
15417,38.886474609375
15418,77.89994049072266
15419,52.694068908691406
15420,75.95375061035156
15421,53.03996658325195
15422,79.12761688232422
15423,66.08590698242188
15424,37.04352569580078
15425,28.860454559326172
15426,34.928504943847656
15427,58.43585968017578
15428,38.38092041015625
15429,75.54854583740234
15430,37.22150421142578
15431,36.02405548095703
15432,37.61940002441406
15433,21.99175262451172
15434,34.116737365722656
15435,54.612525939941406
15436,33.4096794128418
15437,85.0015869140625
15438,32.07823181152344
15439,37.21598815917969
15440,32.89990234375
15441,15.613548278808594
15442,27.686119079589844
15443,43.61357879638672
15444,70.12101745605469
15445,63.76118087768555
15446,83.70475006103516
15447,33.76149368286133
15448,83.37004089355469
15449,45.78129959106445
15450,82.52375793457031
15451,46.22429275512695
15452,88.47759246826172
15453,65.94233703613281
15454,39.583187103271484
15455,28.791671752929688
15456,39.014713287353516
15457,59.356910705566406
15458,40.101951599121094
15459,72.96368408203125
15460,39.62029266357422
15461,37.493797302246094
15462,40.34228515625
15463,19.953603744506836
15464,39.049781799316406
15465,58.03993225097656
15466,33.89232635498047
15467,77.78750610351562
15468,33.585601806640625
15469,40.63343811035156
15470,33.18557357788086
15471,14.94188404083252
15472,32.10506057739258
15473,49.975181579589844
15474,66.22493743896484
15475,65.93888854980469
15476,69.75448608398438
15477,25.768274307250977
15478,72.7712173461914
15479,47.925994873046875
15480,72.94670867919922
15481,47.28550338745117
15482,80.13483428955078
15483,66.30874633789062
15484,38.952510833740234
15485,27.1831111907959
15486,36.402462005615234
15487,59.39073181152344
15488,38.905189514160156
15489,73.68241882324219
15490,39.07537078857422
15491,35.44108200073242
15492,37.8578987121582
15493,20.5906925201416
15494,35.019561767578125
15495,57.15245819091797
15496,33.07830810546875
15497,79.95832061767578
15498,32.42494201660156
15499,41.58142852783203
15500,33.153202056884766
15501,16.874961853027344
15502,26.783525466918945
15503,43.656883239746094
15504,69.94819641113281
15505,65.69302368164062
15506,75.09452056884766
15507,27.464237213134766
15508,75.32477569580078
15509,42.339874267578125
15510,77.54998779296875
15511,43.454017639160156
15512,78.371826171875
15513,67.15647888183594
15514,35.36014938354492
15515,29.264476776123047
15516,39.269187927246094
15517,59.49826431274414
15518,37.2136116027832
15519,74.69649505615234
15520,35.47412109375
15521,36.90735626220703
15522,39.861412048339844
15523,21.389978408813477
15524,40.23222351074219
15525,54.02741622924805
15526,31.517911911010742
15527,36.08985137939453
15528,33.320621490478516
15529,48.61516571044922
15530,66.92500305175781
15531,72.76136779785156
15532,69.62454223632812
15533,35.717987060546875
15534,74.18407440185547
15535,51.073890686035156
15536,73.86524963378906
15537,51.921424865722656
15538,78.65523529052734
15539,63.19757080078125
15540,35.401214599609375
15541,33.029754638671875
15542,38.65364456176758
15543,57.95387268066406
15544,38.23146057128906
15545,69.3444595336914
15546,34.60939025878906
15547,38.19633865356445
15548,40.2994384765625
15549,29.200485229492188
15550,36.90102005004883
15551,51.616859436035156
15552,29.907766342163086
15553,75.43955993652344
15554,24.767555236816406
15555,41.37076187133789
15556,34.449310302734375
15557,34.93816375732422
15558,31.837127685546875
15559,46.161258697509766
15560,62.719581604003906
15561,63.2496337890625
15562,73.22030639648438
15563,40.666473388671875
15564,74.44165802001953
15565,49.65953826904297
15566,72.45355224609375
15567,50.06026077270508
15568,77.11256408691406
15569,65.57658386230469
15570,34.49286651611328
15571,29.419780731201172
15572,42.957637786865234
15573,56.390953063964844
15574,38.355445861816406
15575,72.57356262207031
15576,35.59782791137695
15577,35.75611877441406
15578,42.58960723876953
15579,24.063156127929688
15580,44.476905822753906
15581,49.28388595581055
15582,28.29001235961914
15583,79.18704223632812
15584,29.64101791381836
15585,35.360504150390625
15586,32.65348815917969
15587,18.296844482421875
15588,35.694854736328125
15589,37.46648406982422
15590,54.38650131225586
15591,60.51429748535156
15592,74.51080322265625
15593,35.91527557373047
15594,77.91783142089844
15595,44.347557067871094
15596,67.27935791015625
15597,48.363182067871094
15598,84.00125122070312
15599,64.00523376464844
15600,39.078163146972656
15601,27.498729705810547
15602,32.932350158691406
15603,57.89856719970703
15604,39.16448974609375
15605,70.60088348388672
15606,40.07571029663086
15607,34.1297492980957
15608,35.07590866088867
15609,21.682231903076172
15610,32.57394790649414
15611,55.308170318603516
15612,31.858436584472656
15613,77.87405395507812
15614,34.23048782348633
15615,39.02973175048828
15616,27.936931610107422
15617,17.823144912719727
15618,23.567113876342773
15619,42.261474609375
15620,64.75273132324219
15621,58.439674377441406
15622,77.3939437866211
15623,26.613122940063477
15624,75.05345153808594
15625,40.87476348876953
15626,77.22746276855469
15627,41.88155746459961
15628,79.1341323852539
15629,42.463294982910156
15630,42.58778762817383
15631,25.149578094482422
15632,44.342933654785156
15633,34.207523345947266
15634,44.956565856933594
15635,51.18096923828125
15636,40.06956481933594
15637,46.14656448364258
15638,39.589988708496094
15639,11.926589965820312
15640,48.32313919067383
15641,21.265893936157227
15642,35.50353240966797
15643,56.745826721191406
15644,29.158348083496094
15645,12.188691139221191
15646,40.61109924316406
15647,20.64846420288086
15648,38.28271484375
15649,30.047439575195312
15650,67.66956329345703
15651,46.75710678100586
15652,71.15864562988281
15653,24.17359733581543
15654,79.09999084472656
15655,32.44510269165039
15656,75.96658325195312
15657,33.94978713989258
15658,78.56163024902344
15659,66.84016418457031
15660,38.01512145996094
15661,26.187103271484375
15662,39.12451171875
15663,57.61632537841797
15664,39.719940185546875
15665,74.68418884277344
15666,37.21598434448242
15667,34.64057922363281
15668,40.132286071777344
15669,14.653829574584961
15670,41.0628776550293
15671,55.81901550292969
15672,31.184650421142578
15673,79.17887878417969
15674,24.249004364013672
15675,35.094417572021484
15676,30.414634704589844
15677,4.613474369049072
15678,36.25094985961914
15679,53.329010009765625
15680,65.867919921875
15681,66.8897476196289
15682,85.52143859863281
15683,31.560123443603516
15684,88.35255432128906
15685,52.240562438964844
15686,84.25049591064453
15687,52.28721237182617
15688,90.6766128540039
15689,67.85884094238281
15690,37.999473571777344
15691,28.691068649291992
15692,38.127315521240234
15693,60.492740631103516
15694,38.80295181274414
15695,75.06517791748047
15696,38.29621505737305
15697,35.82969665527344
15698,39.097320556640625
15699,21.41686248779297
15700,38.94913864135742
15701,57.82019805908203
15702,32.09968566894531
15703,80.04943084716797
15704,29.030532836914062
15705,37.70831298828125
15706,33.45893859863281
15707,17.069984436035156
15708,30.77539825439453
15709,45.759544372558594
15710,66.31047058105469
15711,65.86312866210938
15712,75.25103759765625
15713,34.249046325683594
15714,75.87129211425781
15715,47.22726821899414
15716,75.79473876953125
15717,47.18659973144531
15718,78.06683349609375
15719,66.94696807861328
15720,38.19411087036133
15721,30.067182540893555
15722,36.723915100097656
15723,59.40546417236328
15724,38.17152404785156
15725,74.39669036865234
15726,40.404258728027344
15727,38.059364318847656
15728,38.041072845458984
15729,23.58786392211914
15730,37.155914306640625
15731,56.53491973876953
15732,27.70452880859375
15733,82.41729736328125
15734,34.29466247558594
15735,39.75044250488281
15736,26.93540382385254
15737,17.435325622558594
15738,29.547286987304688
15739,45.85811233520508
15740,57.63612747192383
15741,64.62188720703125
15742,75.77378845214844
15743,31.324100494384766
15744,68.71715545654297
15745,46.399452209472656
15746,72.98513793945312
15747,46.539100646972656
15748,76.63385009765625
15749,70.42538452148438
15750,37.443153381347656
15751,25.831497192382812
15752,36.885833740234375
15753,59.71125411987305
15754,40.02754592895508
15755,80.4811782836914
15756,36.698768615722656
15757,34.88126754760742
15758,38.627586364746094
15759,17.52593994140625
15760,37.035682678222656
15761,57.125938415527344
15762,33.50078201293945
15763,87.74810791015625
15764,28.637174606323242
15765,37.76354217529297
15766,32.25830841064453
15767,10.947162628173828
15768,27.578533172607422
15769,48.43402099609375
15770,68.52826690673828
15771,68.64360046386719
15772,72.21910858154297
15773,26.91478729248047
15774,72.38253784179688
15775,47.99885940551758
15776,74.36699676513672
15777,47.93540573120117
15778,77.06265258789062
15779,68.63641357421875
15780,34.971435546875
15781,28.478206634521484
15782,36.639408111572266
15783,61.00060272216797
15784,35.51976776123047
15785,74.99180603027344
15786,35.112003326416016
15787,35.41816329956055
15788,37.05693054199219
15789,20.766040802001953
15790,37.25067138671875
15791,56.82530212402344
15792,31.38260841369629
15793,80.64098358154297
15794,27.36558723449707
15795,40.02467727661133
15796,32.5085334777832
15797,11.423702239990234
15798,31.274372100830078
15799,46.886573791503906
15800,67.59532928466797
15801,62.68495559692383
15802,78.86727142333984
15803,32.2247428894043
15804,78.2999496459961
15805,47.503013610839844
15806,77.70901489257812
15807,46.55701446533203
15808,81.18167114257812
15809,62.970123291015625
15810,33.49296569824219
15811,30.740154266357422
15812,41.296085357666016
15813,56.020442962646484
15814,36.081077575683594
15815,69.13639831542969
15816,31.44455337524414
15817,36.969295501708984
15818,40.69800567626953
15819,22.637666702270508
15820,42.89214324951172
15821,51.0659065246582
15822,30.35710334777832
15823,72.70271301269531
15824,24.032623291015625
15825,36.72461700439453
15826,33.804046630859375
15827,16.223081588745117
15828,34.91413116455078
15829,50.984130859375
15830,64.26454162597656
15831,69.75837707519531
15832,68.99378204345703
15833,38.941978454589844
15834,77.94588470458984
15835,54.18601608276367
15836,74.72527313232422
15837,54.14851379394531
15838,75.43170928955078
15839,63.89472961425781
15840,36.48698043823242
15841,27.195240020751953
15842,36.39893341064453
15843,57.581138610839844
15844,36.77278137207031
15845,71.267578125
15846,36.46772003173828
15847,34.783409118652344
15848,36.81861877441406
15849,21.7478084564209
15850,35.97398376464844
15851,51.419883728027344
15852,29.828350067138672
15853,76.65887451171875
15854,27.473796844482422
15855,38.99913024902344
15856,31.418724060058594
15857,41.194217681884766
15858,68.11207580566406
15859,68.82614135742188
15860,76.57707214355469
15861,34.03968048095703
15862,77.90184020996094
15863,46.75654983520508
15864,80.74954986572266
15865,45.489341735839844
15866,81.48199462890625
15867,64.74079132080078
15868,39.28980255126953
15869,30.81831932067871
15870,38.94294738769531
15871,56.68964385986328
15872,40.65319061279297
15873,72.57362365722656
15874,39.778778076171875
15875,37.92605972290039
15876,40.45845031738281
15877,23.199268341064453
15878,39.05775833129883
15879,53.011863708496094
15880,33.0994758605957
15881,78.89198303222656
15882,34.80853271484375
15883,40.45404815673828
15884,34.822303771972656
15885,17.458831787109375
15886,34.277687072753906
15887,44.97130584716797
15888,69.95185852050781
15889,64.90472412109375
15890,73.86267852783203
15891,30.268400192260742
15892,72.27118682861328
15893,47.45607376098633
15894,76.59341430664062
15895,47.29555130004883
15896,81.23622131347656
15897,69.62881469726562
15898,34.83330535888672
15899,30.680944442749023
15900,35.398155212402344
15901,61.99799346923828
15902,36.31953048706055
15903,75.88737487792969
15904,34.89436340332031
15905,38.62273025512695
15906,36.81764602661133
15907,22.354400634765625
15908,35.53905487060547
15909,62.151222229003906
15910,29.589555740356445
15911,81.5972900390625
15912,27.945510864257812
15913,44.475791931152344
15914,29.940799713134766
15915,12.964727401733398
15916,29.168437957763672
15917,58.15362548828125
15918,68.26657104492188
15919,67.46630096435547
15920,82.11083984375
15921,34.59320068359375
15922,83.4514389038086
15923,53.82938003540039
15924,81.99877166748047
15925,54.25484848022461
15926,83.13987731933594
15927,67.63656616210938
15928,37.250732421875
15929,30.844526290893555
15930,38.97431945800781
15931,59.92955017089844
15932,38.749813079833984
15933,74.7491683959961
15934,37.481109619140625
15935,39.0145378112793
15936,39.70246124267578
15937,20.505645751953125
15938,40.080894470214844
15939,58.59288024902344
15940,31.988872528076172
15941,81.05062866210938
15942,29.788618087768555
15943,41.47123718261719
15944,31.586509704589844
15945,11.217794418334961
15946,33.536338806152344
15947,52.46531677246094
15948,63.05076599121094
15949,64.8655776977539
15950,74.87934875488281
15951,33.55659484863281
15952,76.46498107910156
15953,50.377838134765625
15954,73.60154724121094
15955,49.71495819091797
15956,78.82255554199219
15957,59.48773193359375
15958,35.588836669921875
15959,28.664331436157227
15960,41.30451583862305
15961,52.65586853027344
15962,36.64504623413086
15963,65.5230941772461
15964,35.64885711669922
15965,34.0526237487793
15966,40.559627532958984
15967,23.311670303344727
15968,43.392051696777344
15969,70.10775756835938
15970,26.734535217285156
15971,18.399288177490234
15972,37.794776916503906
15973,48.50374984741211
15974,65.26600646972656
15975,65.15302276611328
15976,72.2000503540039
15977,39.05066680908203
15978,76.8249740600586
15979,50.81365203857422
15980,72.38992309570312
15981,51.676612854003906
15982,76.79475402832031
15983,63.217506408691406
15984,34.98571014404297
15985,30.12552833557129
15986,37.43910598754883
15987,56.210044860839844
15988,37.26329803466797
15989,70.81165313720703
15990,34.82865905761719
15991,37.17353057861328
15992,38.6793098449707
15993,22.531044006347656
15994,38.80818176269531
15995,52.121910095214844
15996,27.893821716308594
15997,78.26754760742188
15998,28.725013732910156
15999,37.48192596435547
16000,29.333362579345703
16001,15.585616111755371
16002,32.89250183105469
16003,48.209259033203125
16004,61.993896484375
16005,63.74229431152344
16006,72.88719940185547
16007,35.11292266845703
16008,74.6646728515625
16009,49.31757354736328
16010,72.1700439453125
16011,49.042327880859375
16012,76.08428955078125
16013,64.17253112792969
16014,38.305458068847656
16015,30.465463638305664
16016,38.827972412109375
16017,57.174903869628906
16018,39.07026672363281
16019,71.39840698242188
16020,38.963775634765625
16021,37.98187255859375
16022,39.2281494140625
16023,21.98480987548828
16024,40.59002685546875
16025,57.36845779418945
16026,33.050193786621094
16027,76.44544982910156
16028,32.704044342041016
16029,42.71177673339844
16030,32.33730697631836
16031,15.780488967895508
16032,36.030364990234375
16033,52.565086364746094
16034,64.88308715820312
16035,66.39830780029297
16036,73.69633483886719
16037,30.431129455566406
16038,74.98900604248047
16039,50.466819763183594
16040,75.42298889160156
16041,50.818763732910156
16042,77.08818817138672
16043,65.9681396484375
16044,34.8113899230957
16045,28.99473762512207
16046,41.55049133300781
16047,57.39237594604492
16048,37.30804443359375
16049,74.26722717285156
16050,34.50990295410156
16051,37.38633346557617
16052,40.811981201171875
16053,20.922592163085938
16054,43.389549255371094
16055,52.84461212158203
16056,28.236604690551758
16057,79.4964599609375
16058,26.977155685424805
16059,38.828773498535156
16060,31.56155014038086
16061,14.149063110351562
16062,38.401092529296875
16063,51.277557373046875
16064,64.83810424804688
16065,72.24014282226562
16066,69.88702392578125
16067,34.37533950805664
16068,76.99281311035156
16069,54.37700653076172
16070,74.98797607421875
16071,54.64080810546875
16072,80.73404693603516
16073,66.91804504394531
16074,34.17876052856445
16075,27.104963302612305
16076,34.94953918457031
16077,58.96713638305664
16078,35.24430847167969
16079,76.24095153808594
16080,36.194679260253906
16081,35.590782165527344
16082,35.55908203125
16083,18.757057189941406
16084,36.95021057128906
16085,54.24821472167969
16086,28.49402618408203
16087,82.05825805664062
16088,30.497215270996094
16089,38.39118194580078
16090,30.531978607177734
16091,11.545218467712402
16092,32.59347915649414
16093,47.138065338134766
16094,66.31682586669922
16095,64.4130630493164
16096,78.31282043457031
16097,31.148160934448242
16098,80.248291015625
16099,46.419471740722656
16100,77.53289794921875
16101,46.610748291015625
16102,79.4918212890625
16103,65.46507263183594
16104,39.12169647216797
16105,31.06494903564453
16106,39.00244140625
16107,58.135276794433594
16108,38.39240646362305
16109,73.95863342285156
16110,40.57542419433594
16111,36.43754577636719
16112,38.41547393798828
16113,26.77045440673828
16114,40.06521987915039
16115,52.45304870605469
16116,28.885143280029297
16117,75.5865478515625
16118,32.07131576538086
16119,42.014469146728516
16120,29.443557739257812
16121,21.909666061401367
16122,33.90837860107422
16123,44.59601974487305
16124,60.7025032043457
16125,64.71629333496094
16126,77.24592590332031
16127,32.389015197753906
16128,75.41444396972656
16129,46.61335754394531
16130,73.48480224609375
16131,45.15660095214844
16132,74.38095092773438
16133,64.24098205566406
16134,36.39680480957031
16135,32.06769561767578
16136,37.915279388427734
16137,58.01643371582031
16138,37.55712127685547
16139,70.0248794555664
16140,36.098548889160156
16141,36.974063873291016
16142,38.45271301269531
16143,26.62514305114746
16144,38.858585357666016
16145,54.52649688720703
16146,31.151702880859375
16147,75.74775695800781
16148,30.515865325927734
16149,37.916099548339844
16150,31.482315063476562
16151,20.509780883789062
16152,33.17650604248047
16153,46.57978820800781
16154,59.599544525146484
16155,61.70293426513672
16156,74.37657165527344
16157,36.00136947631836
16158,75.20582580566406
16159,48.1401252746582
16160,72.86103820800781
16161,48.96139144897461
16162,78.70539093017578
16163,65.54399108886719
16164,36.23017883300781
16165,30.60155487060547
16166,40.776329040527344
16167,60.07255554199219
16168,37.151798248291016
16169,71.95137023925781
16170,35.565887451171875
16171,39.22145462036133
16172,42.35911178588867
16173,20.794918060302734
16174,41.058326721191406
16175,59.3494873046875
16176,30.570831298828125
16177,76.55171966552734
16178,27.451030731201172
16179,38.813995361328125
16180,30.667118072509766
16181,11.325590133666992
16182,34.5572509765625
16183,54.09344482421875
16184,61.89838409423828
16185,68.77081298828125
16186,72.68335723876953
16187,31.98992156982422
16188,76.42080688476562
16189,53.59059143066406
16190,71.91114044189453
16191,53.542884826660156
16192,73.32943725585938
16193,61.723846435546875
16194,35.17051696777344
16195,30.24233627319336
16196,44.72216033935547
16197,55.67285919189453
16198,36.572959899902344
16199,67.35736846923828
16200,34.54522705078125
16201,37.674652099609375
16202,42.468894958496094
16203,23.457643508911133
16204,47.92884826660156
16205,51.72641372680664
16206,29.39642906188965
16207,69.41691589355469
16208,25.116283416748047
16209,39.495094299316406
16210,32.93579864501953
16211,17.061771392822266
16212,41.83081817626953
16213,54.496238708496094
16214,61.03122329711914
16215,67.93132781982422
16216,76.45646667480469
16217,42.98844909667969
16218,82.03662109375
16219,55.56018829345703
16220,70.88291931152344
16221,57.712547302246094
16222,83.04068756103516
16223,65.5752944946289
16224,34.134674072265625
16225,28.91952133178711
16226,32.20337677001953
16227,57.16508483886719
16228,36.31810760498047
16229,74.66287231445312
16230,33.49291229248047
16231,35.883609771728516
16232,34.88322067260742
16233,20.90041732788086
16234,31.84186363220215
16235,57.67627716064453
16236,28.262914657592773
16237,75.65548706054688
16238,24.47048568725586
16239,37.05076217651367
16240,26.79236602783203
16241,17.305912017822266
16242,24.331472396850586
16243,46.778564453125
16244,57.56636047363281
16245,59.93143081665039
16246,79.10076904296875
16247,33.34149169921875
16248,75.5780029296875
16249,46.18696594238281
16250,74.66481018066406
16251,46.863853454589844
16252,78.52328491210938
16253,65.39021301269531
16254,41.07740020751953
16255,31.137845993041992
16256,41.29921340942383
16257,58.39466857910156
16258,41.62917709350586
16259,73.93763732910156
16260,41.79346466064453
16261,37.19968032836914
16262,42.31842803955078
16263,23.87251091003418
16264,41.398773193359375
16265,55.29937744140625
16266,31.520244598388672
16267,81.505859375
16268,33.260581970214844
16269,37.470272064208984
16270,30.527868270874023
16271,16.952144622802734
16272,34.56231689453125
16273,47.01280975341797
16274,68.7074203491211
16275,66.64739227294922
16276,78.16065979003906
16277,35.196441650390625
16278,80.21601867675781
16279,49.82278060913086
16280,80.95753479003906
16281,50.15639114379883
16282,82.43690490722656
16283,64.94032287597656
16284,38.118995666503906
16285,32.637115478515625
16286,38.81421661376953
16287,57.40243911743164
16288,39.01191329956055
16289,72.57804870605469
16290,38.73444366455078
16291,38.9669189453125
16292,38.96023178100586
16293,26.043338775634766
16294,38.83805847167969
16295,51.63800048828125
16296,28.672876358032227
16297,79.95635223388672
16298,29.58208465576172
16299,39.01145935058594
16300,28.886356353759766
16301,20.10894775390625
16302,30.49844741821289
16303,41.71503829956055
16304,65.9454345703125
16305,60.40596008300781
16306,79.92695617675781
16307,36.01872253417969
16308,80.56449890136719
16309,45.37738037109375
16310,79.28111267089844
16311,45.50279998779297
16312,81.4020004272461
16313,64.68596649169922
16314,36.90470504760742
16315,31.041770935058594
16316,37.45746612548828
16317,56.829471588134766
16318,39.77190399169922
16319,72.48892974853516
16320,35.82249069213867
16321,38.181819915771484
16322,39.733184814453125
16323,23.40070343017578
16324,38.045127868652344
16325,56.01079177856445
16326,29.701313018798828
16327,79.58222198486328
16328,26.338321685791016
16329,40.02877426147461
16330,30.77312469482422
16331,16.302574157714844
16332,30.608356475830078
16333,48.406166076660156
16334,65.1591796875
16335,64.53656768798828
16336,70.243896484375
16337,32.12395095825195
16338,70.48262023925781
16339,48.27615737915039
16340,72.58506774902344
16341,47.996971130371094
16342,74.84121704101562
16343,60.97541809082031
16344,41.535377502441406
16345,28.213294982910156
16346,28.924428939819336
16347,53.55722427368164
16348,40.51130676269531
16349,68.48246765136719
16350,44.58123779296875
16351,35.08600616455078
16352,32.80278778076172
16353,20.771892547607422
16354,26.864788055419922
16355,53.139434814453125
16356,30.25181770324707
16357,78.63850402832031
16358,39.311370849609375
16359,40.21194076538086
16360,25.88339614868164
16361,16.721141815185547
16362,16.913162231445312
16363,36.03500747680664
16364,57.58601379394531
16365,52.74809265136719
16366,72.15120697021484
16367,15.208758354187012
16368,57.352962493896484
16369,33.61248016357422
16370,66.21586608886719
16371,29.25560760498047
16372,69.82431030273438
16373,64.48400115966797
16374,34.59431457519531
16375,27.198902130126953
16376,38.957313537597656
16377,57.183570861816406
16378,35.95543670654297
16379,71.39216613769531
16380,34.276588439941406
16381,36.6385498046875
16382,39.045616149902344
16383,20.60335922241211
16384,40.18989562988281
16385,55.414649963378906
16386,29.026874542236328
16387,74.86080169677734
16388,27.107555389404297
16389,38.22467041015625
16390,31.291553497314453
16391,16.038986206054688
16392,35.559181213378906
16393,51.6796989440918
16394,70.52515411376953
16395,64.61151123046875
16396,81.04734802246094
16397,33.663856506347656
16398,83.94332122802734
16399,51.47269058227539
16400,82.79047393798828
16401,51.15654754638672
16402,84.59660339355469
16403,62.57155990600586
16404,35.88178253173828
16405,25.07390594482422
16406,41.41862487792969
16407,54.01258087158203
16408,38.0975456237793
16409,70.9065933227539
16410,35.662784576416016
16411,31.53348159790039
16412,39.4910774230957
16413,20.053407669067383
16414,43.99245071411133
16415,44.76826095581055
16416,24.166616439819336
16417,73.16348266601562
16418,24.815387725830078
16419,28.659982681274414
16420,32.16264724731445
16421,14.868942260742188
16422,38.90637969970703
16423,40.366905212402344
16424,69.55929565429688
16425,65.60624694824219
16426,84.96800994873047
16427,47.80638885498047
16428,82.70559692382812
16429,58.64671325683594
16430,31.07110023498535
16431,28.644275665283203
16432,36.832725524902344
16433,62.97074890136719
16434,30.06498146057129
16435,36.2161979675293
16436,37.156761169433594
16437,23.00503921508789
16438,40.77434539794922
16439,46.57127380371094
16440,63.19320297241211
16441,64.23725128173828
16442,71.30443572998047
16443,31.44782066345215
16444,72.03536224365234
16445,46.70734786987305
16446,70.36703491210938
16447,46.853267669677734
16448,74.5273666381836
16449,65.31118774414062
16450,35.28010559082031
16451,28.61528778076172
16452,37.296051025390625
16453,58.457176208496094
16454,37.04193878173828
16455,73.43746185302734
16456,35.496646881103516
16457,36.183162689208984
16458,37.811004638671875
16459,20.564273834228516
16460,39.14380645751953
16461,58.43608856201172
16462,30.303144454956055
16463,78.77984619140625
16464,29.44896697998047
16465,36.649383544921875
16466,30.71913719177246
16467,14.27799129486084
16468,34.146488189697266
16469,51.93346405029297
16470,66.7865219116211
16471,68.2763671875
16472,75.63278198242188
16473,32.69057846069336
16474,80.75347900390625
16475,52.388336181640625
16476,78.17196655273438
16477,53.12315368652344
16478,78.67343139648438
16479,71.39681243896484
16480,42.164398193359375
16481,40.97388458251953
16482,37.80818176269531
16483,73.65228271484375
16484,41.04601287841797
16485,48.444419860839844
16486,38.8093376159668
16487,34.483612060546875
16488,37.737449645996094
16489,80.32368469238281
16490,34.14231872558594
16491,25.22347640991211
16492,30.36289405822754
16493,54.97356414794922
16494,64.3995361328125
16495,65.50592803955078
16496,77.87360382080078
16497,35.22660446166992
16498,74.40713500976562
16499,53.1650276184082
16500,73.31292724609375
16501,52.79143524169922
16502,78.84271240234375
16503,64.32169342041016
16504,38.73967742919922
16505,30.569082260131836
16506,38.516380310058594
16507,57.03301239013672
16508,39.14592742919922
16509,70.68363189697266
16510,39.05327224731445
16511,38.718955993652344
16512,38.95930480957031
16513,21.25836753845215
16514,39.54460144042969
16515,56.90921401977539
16516,28.459835052490234
16517,73.90597534179688
16518,27.8726863861084
16519,41.40607833862305
16520,27.187393188476562
16521,12.463464736938477
16522,30.525856018066406
16523,55.17814254760742
16524,60.83313751220703
16525,63.357513427734375
16526,78.3314208984375
16527,36.93313980102539
16528,78.98094177246094
16529,51.6951904296875
16530,76.75077819824219
16531,52.2104377746582
16532,78.3721694946289
16533,65.13078308105469
16534,36.43577575683594
16535,29.33814811706543
16536,37.25749206542969
16537,58.80146026611328
16538,38.35398864746094
16539,72.78846740722656
16540,36.43675994873047
16541,37.517066955566406
16542,38.15460968017578
16543,20.710216522216797
16544,38.35032653808594
16545,55.94426345825195
16546,33.18995666503906
16547,77.7621841430664
16548,33.21485137939453
16549,37.62757873535156
16550,32.513092041015625
16551,13.642154693603516
16552,31.537498474121094
16553,50.61591339111328
16554,68.01109313964844
16555,61.028221130371094
16556,80.67910766601562
16557,33.56938934326172
16558,79.80441284179688
16559,48.43062973022461
16560,77.56083679199219
16561,49.18902587890625
16562,80.14947509765625
16563,69.12525177001953
16564,37.123008728027344
16565,27.58130645751953
16566,38.22322082519531
16567,61.03893280029297
16568,37.48997116088867
16569,74.78166198730469
16570,37.917198181152344
16571,36.11170196533203
16572,38.395538330078125
16573,17.988622665405273
16574,40.3572883605957
16575,60.1239013671875
16576,28.015399932861328
16577,82.95094299316406
16578,30.887561798095703
16579,40.108001708984375
16580,28.37957763671875
16581,10.694570541381836
16582,33.546669006347656
16583,53.21837615966797
16584,63.72899627685547
16585,67.6243896484375
16586,75.47651672363281
16587,31.14450454711914
16588,77.72605895996094
16589,51.125160217285156
16590,78.22817993164062
16591,52.11370086669922
16592,78.53819274902344
16593,68.45777130126953
16594,36.52373504638672
16595,29.897907257080078
16596,35.47589874267578
16597,59.992591857910156
16598,37.39405822753906
16599,76.70999145507812
16600,37.78569793701172
16601,38.782371520996094
16602,36.84520721435547
16603,21.42428970336914
16604,36.451881408691406
16605,59.33274459838867
16606,31.31702423095703
16607,83.88725280761719
16608,32.367645263671875
16609,42.97040557861328
16610,31.489458084106445
16611,12.499138832092285
16612,30.539466857910156
16613,51.061187744140625
16614,66.41522216796875
16615,67.80818939208984
16616,72.46134948730469
16617,29.15079689025879
16618,75.72158813476562
16619,50.296241760253906
16620,76.59819030761719
16621,49.62910842895508
16622,77.92788696289062
16623,65.114990234375
16624,36.36980056762695
16625,30.538345336914062
16626,38.371910095214844
16627,57.02200698852539
16628,38.02975082397461
16629,38.488426208496094
16630,38.832725524902344
16631,22.90762710571289
16632,39.095481872558594
16633,53.28382873535156
16634,30.06229591369629
16635,39.541404724121094
16636,31.794452667236328
16637,16.815410614013672
16638,30.841218948364258
16639,50.805782318115234
16640,68.83615112304688
16641,69.1871566772461
16642,71.64959716796875
16643,34.97846221923828
16644,74.82184600830078
16645,51.98467254638672
16646,76.35668182373047
16647,51.991477966308594
16648,77.65475463867188
16649,69.71485137939453
16650,38.75775909423828
16651,28.256271362304688
16652,36.76960372924805
16653,61.65605163574219
16654,39.067649841308594
16655,77.49813079833984
16656,38.771484375
16657,35.463172912597656
16658,37.61262512207031
16659,21.076791763305664
16660,36.51356506347656
16661,61.05284118652344
16662,32.8646240234375
16663,84.78448486328125
16664,32.987918853759766
16665,36.29981231689453
16666,30.850948333740234
16667,9.012338638305664
16668,30.191354751586914
16669,50.87248992919922
16670,73.00332641601562
16671,66.48162841796875
16672,77.89865112304688
16673,24.754249572753906
16674,76.12307739257812
16675,47.78471374511719
16676,80.77792358398438
16677,47.445919036865234
16678,85.62577819824219
16679,62.9169921875
16680,36.51934814453125
16681,28.89893341064453
16682,42.748138427734375
16683,55.753570556640625
16684,36.80164337158203
16685,69.95591735839844
16686,36.870731353759766
16687,35.502010345458984
16688,40.26459503173828
16689,24.04266357421875
16690,45.05652618408203
16691,50.71648025512695
16692,27.903701782226562
16693,73.95796203613281
16694,26.4377384185791
16695,36.25894546508789
16696,30.985488891601562
16697,17.50988006591797
16698,39.62574005126953
16699,46.448402404785156
16700,61.98784637451172
16701,66.82598876953125
16702,72.46770477294922
16703,35.93397903442383
16704,76.97364807128906
16705,48.84944152832031
16706,72.30909729003906
16707,48.70078659057617
16708,73.84330749511719
16709,67.69760131835938
16710,36.53338623046875
16711,30.049713134765625
16712,38.436790466308594
16713,60.40937805175781
16714,37.483253479003906
16715,75.0101318359375
16716,36.84955596923828
16717,38.7629280090332
16718,38.90624237060547
16719,21.394933700561523
16720,39.528175354003906
16721,61.66980743408203
16722,26.947498321533203
16723,81.52413940429688
16724,28.523136138916016
16725,39.20511245727539
16726,27.889419555664062
16727,13.885132789611816
16728,32.42290496826172
16729,51.4049072265625
16730,54.20579528808594
16731,63.0936164855957
16732,74.46731567382812
16733,35.58378601074219
16734,77.76698303222656
16735,50.95772171020508
16736,69.40068817138672
16737,50.70329284667969
16738,80.60647583007812
16739,63.77307891845703
16740,30.870742797851562
16741,29.54787254333496
16742,33.984100341796875
16743,55.82014846801758
16744,33.144020080566406
16745,72.5010986328125
16746,31.840547561645508
16747,36.57334518432617
16748,35.27943420410156
16749,23.356483459472656
16750,33.80091857910156
16751,49.42121887207031
16752,25.102901458740234
16753,78.1131591796875
16754,24.199295043945312
16755,35.26839828491211
16756,28.081209182739258
16757,19.78660774230957
16758,25.44957733154297
16759,41.22216796875
16760,61.64082717895508
16761,64.34396362304688
16762,73.1125717163086
16763,34.6638298034668
16764,77.0048828125
16765,45.49778366088867
16766,71.6502456665039
16767,47.1206169128418
16768,80.57299041748047
16769,71.22684478759766
16770,36.95941162109375
16771,25.678611755371094
16772,39.126033782958984
16773,62.49040222167969
16774,37.66794967651367
16775,80.06596374511719
16776,38.226112365722656
16777,33.65708541870117
16778,39.25444030761719
16779,16.536449432373047
16780,40.8074951171875
16781,56.340763092041016
16782,27.084203720092773
16783,87.79206848144531
16784,31.798749923706055
16785,33.218536376953125
16786,30.165607452392578
16787,10.998397827148438
16788,31.529037475585938
16789,42.066795349121094
16790,74.71124267578125
16791,70.05854797363281
16792,89.0631103515625
16793,29.196414947509766
16794,87.49546813964844
16795,48.67546844482422
16796,89.86996459960938
16797,48.44218444824219
16798,90.61054992675781
16799,68.56655883789062
16800,35.704708099365234
16801,31.151121139526367
16802,38.32182312011719
16803,59.301048278808594
16804,36.036598205566406
16805,76.1405029296875
16806,36.37143325805664
16807,38.600120544433594
16808,38.771602630615234
16809,24.44178009033203
16810,39.46734619140625
16811,50.80209732055664
16812,27.384431838989258
16813,81.93508911132812
16814,28.416719436645508
16815,38.12408447265625
16816,28.50836181640625
16817,16.918453216552734
16818,33.35511779785156
16819,46.282249450683594
16820,67.58417510986328
16821,65.20884704589844
16822,85.17517852783203
16823,35.186920166015625
16824,86.3195571899414
16825,48.10076904296875
16826,84.4696273803711
16827,48.46662139892578
16828,87.83451843261719
16829,65.47264099121094
16830,30.59354019165039
16831,27.442270278930664
16832,36.44289016723633
16833,59.11260223388672
16834,33.11149597167969
16835,72.93893432617188
16836,30.381864547729492
16837,33.54895782470703
16838,36.93902587890625
16839,20.690629959106445
16840,37.18566131591797
16841,54.239158630371094
16842,29.116607666015625
16843,77.65675354003906
16844,22.604312896728516
16845,37.28736877441406
16846,30.708251953125
16847,14.479031562805176
16848,32.037174224853516
16849,50.2218017578125
16850,59.94756317138672
16851,66.06593322753906
16852,73.40626525878906
16853,34.64088439941406
16854,77.04158782958984
16855,49.354034423828125
16856,74.814453125
16857,50.11779022216797
16858,77.13578033447266
16859,65.2957992553711
16860,40.50916290283203
16861,28.63709259033203
16862,36.30105972290039
16863,57.5416259765625
16864,40.97651290893555
16865,76.64582824707031
16866,41.533714294433594
16867,35.198848724365234
16868,38.667877197265625
16869,22.987619400024414
16870,35.104881286621094
16871,54.764434814453125
16872,31.034656524658203
16873,87.00758361816406
16874,34.95555877685547
16875,37.68988037109375
16876,29.8173770904541
16877,19.163042068481445
16878,25.076644897460938
16879,40.43302917480469
16880,64.674072265625
16881,57.664798736572266
16882,81.15907287597656
16883,30.94698715209961
16884,78.58924865722656
16885,42.96403884887695
16886,78.5577392578125
16887,41.695777893066406
16888,82.65992736816406
16889,64.18248748779297
16890,39.668331146240234
16891,29.331607818603516
16892,36.631752014160156
16893,57.26952362060547
16894,40.80476760864258
16895,84.02000427246094
16896,49.218605041503906
16897,35.65718460083008
16898,38.139015197753906
16899,22.950233459472656
16900,36.863914489746094
16901,56.48770523071289
16902,32.12998962402344
16903,72.91886901855469
16904,29.439393997192383
16905,42.109954833984375
16906,30.038850784301758
16907,18.05564308166504
16908,29.047523498535156
16909,51.15559387207031
16910,67.25127410888672
16911,63.12993621826172
16912,78.92832946777344
16913,29.461042404174805
16914,78.73173522949219
16915,49.82609558105469
16916,79.2369613647461
16917,49.6566162109375
16918,80.68233489990234
16919,67.2009506225586
16920,35.76426696777344
16921,30.951053619384766
16922,37.413848876953125
16923,60.23000717163086
16924,36.92081069946289
16925,73.30162048339844
16926,35.384239196777344
16927,38.677330017089844
16928,37.62438201904297
16929,22.384069442749023
16930,38.761085510253906
16931,57.615142822265625
16932,31.33797264099121
16933,77.96343994140625
16934,29.38762092590332
16935,41.59989929199219
16936,32.35093688964844
16937,16.855993270874023
16938,33.62033462524414
16939,50.973472595214844
16940,66.66581726074219
16941,69.09634399414062
16942,71.42660522460938
16943,30.259859085083008
16944,74.49142456054688
16945,51.618080139160156
16946,76.91791534423828
16947,51.76904296875
16948,77.12400817871094
16949,65.83834075927734
16950,37.505332946777344
16951,30.614707946777344
16952,36.092926025390625
16953,58.96031188964844
16954,38.28794860839844
16955,74.14640045166016
16956,39.25889205932617
16957,39.31938934326172
16958,36.66819763183594
16959,22.727136611938477
16960,36.70069122314453
16961,58.936676025390625
16962,31.280567169189453
16963,80.12686157226562
16964,33.61379623413086
16965,43.09674835205078
16966,29.646589279174805
16967,16.642854690551758
16968,31.589506149291992
16969,51.99311447143555
16970,62.122032165527344
16971,65.280029296875
16972,73.85337829589844
16973,28.132455825805664
16974,71.27405548095703
16975,50.02916717529297
16976,70.53280639648438
16977,48.786537170410156
16978,75.220703125
16979,68.44314575195312
16980,35.29572296142578
16981,31.57896614074707
16982,38.72421646118164
16983,60.7655029296875
16984,38.2118034362793
16985,75.43562316894531
16986,35.07255554199219
16987,40.18072509765625
16988,39.66358184814453
16989,23.238040924072266
16990,39.33113098144531
16991,58.83424377441406
16992,29.69520378112793
16993,80.34283447265625
16994,27.899044036865234
16995,43.21697235107422
16996,30.84958267211914
16997,17.385902404785156
16998,33.66590881347656
16999,54.43210220336914
17000,64.0904769897461
17001,70.74449157714844
17002,68.52305603027344
17003,28.78557586669922
17004,73.07295989990234
17005,53.227020263671875
17006,69.35875701904297
17007,53.48663330078125
17008,78.21503448486328
17009,71.27600860595703
17010,32.87970733642578
17011,25.203826904296875
17012,30.46456527709961
17013,63.383056640625
17014,34.529296875
17015,77.89141845703125
17016,32.399169921875
17017,32.941368103027344
17018,32.09996795654297
17019,15.000439643859863
17020,29.89334487915039
17021,65.96382141113281
17022,26.301647186279297
17023,85.36737060546875
17024,23.426559448242188
17025,41.61488342285156
17026,23.533504486083984
17027,4.415838241577148
17028,21.60495376586914
17029,53.182647705078125
17030,69.400634765625
17031,61.579734802246094
17032,90.01227569580078
17033,49.34143829345703
17034,92.26036071777344
17035,51.10887908935547
17036,83.62140655517578
17037,67.49263000488281
17038,36.69580841064453
17039,28.7783203125
17040,36.98406982421875
17041,59.80541229248047
17042,37.35478210449219
17043,73.6038818359375
17044,36.57215118408203
17045,37.82516098022461
17046,37.80895233154297
17047,20.719345092773438
17048,37.15526580810547
17049,59.197715759277344
17050,29.185562133789062
17051,79.68656921386719
17052,27.163515090942383
17053,41.914581298828125
17054,28.993446350097656
17055,14.417459487915039
17056,28.235702514648438
17057,52.31682205200195
17058,64.78837585449219
17059,65.2747573852539
17060,71.60350036621094
17061,30.91146469116211
17062,73.88801574707031
17063,49.168888092041016
17064,73.5360336303711
17065,50.02972412109375
17066,77.19235229492188
17067,65.72550201416016
17068,40.759178161621094
17069,33.42046356201172
17070,35.85979461669922
17071,59.30846405029297
17072,40.57415008544922
17073,71.58865356445312
17074,40.940643310546875
17075,40.437644958496094
17076,37.46320724487305
17077,25.072240829467773
17078,34.59843444824219
17079,61.36363220214844
17080,28.448623657226562
17081,79.10408020019531
17082,31.374618530273438
17083,44.66401290893555
17084,25.612995147705078
17085,21.057899475097656
17086,20.896106719970703
17087,48.550437927246094
17088,65.19927215576172
17089,57.29303741455078
17090,76.286865234375
17091,29.836036682128906
17092,74.6649169921875
17093,44.58610534667969
17094,74.79290771484375
17095,44.150787353515625
17096,79.49566650390625
17097,56.24933624267578
17098,31.68210220336914
17099,84.20874786376953
17100,27.423133850097656
17101,39.214088439941406
17102,32.25651550292969
17103,10.252974510192871
17104,28.598926544189453
17105,48.43817138671875
17106,68.17700958251953
17107,61.01287078857422
17108,80.40813446044922
17109,36.63243103027344
17110,80.87406921386719
17111,48.683837890625
17112,79.13104248046875
17113,48.91063690185547
17114,85.98171997070312
17115,65.28251647949219
17116,36.104915618896484
17117,29.30005645751953
17118,37.6516227722168
17119,56.36661148071289
17120,38.879066467285156
17121,74.7144775390625
17122,36.26908874511719
17123,36.85722351074219
17124,39.01293182373047
17125,53.23082733154297
17126,29.020479202270508
17127,80.75052642822266
17128,28.21092987060547
17129,36.233421325683594
17130,31.682003021240234
17131,22.651458740234375
17132,28.853702545166016
17133,46.00878143310547
17134,65.90562438964844
17135,64.81484985351562
17136,76.95138549804688
17137,35.51130676269531
17138,79.75769805908203
17139,47.78580093383789
17140,78.43035125732422
17141,48.025333404541016
17142,81.50789642333984
17143,66.81343841552734
17144,31.564064025878906
17145,26.667770385742188
17146,37.34918212890625
17147,58.92195129394531
17148,35.09555435180664
17149,75.24415588378906
17150,30.87066650390625
17151,35.98271560668945
17152,37.948970794677734
17153,17.873767852783203
17154,38.67314147949219
17155,53.304962158203125
17156,27.99786949157715
17157,80.69610595703125
17158,21.011823654174805
17159,35.65815734863281
17160,30.379756927490234
17161,11.273101806640625
17162,29.982046127319336
17163,50.210506439208984
17164,62.707618713378906
17165,71.13270568847656
17166,71.92143249511719
17167,37.53130340576172
17168,77.22894287109375
17169,52.17560577392578
17170,75.56830596923828
17171,52.947731018066406
17172,79.90766906738281
17173,65.09850311279297
17174,39.06434631347656
17175,31.116912841796875
17176,37.960350036621094
17177,57.64358901977539
17178,39.756256103515625
17179,73.03631591796875
17180,39.728172302246094
17181,39.07713317871094
17182,39.070587158203125
17183,22.791284561157227
17184,38.80841064453125
17185,53.081111907958984
17186,31.435985565185547
17187,78.63704681396484
17188,35.53057861328125
17189,41.132293701171875
17190,32.110923767089844
17191,16.897438049316406
17192,32.93130111694336
17193,44.927276611328125
17194,66.91981506347656
17195,69.27372741699219
17196,76.11045837402344
17197,26.511310577392578
17198,74.15277099609375
17199,46.382240295410156
17200,77.47880554199219
17201,47.05763626098633
17202,83.8465805053711
17203,64.74386596679688
17204,38.266876220703125
17205,29.74068260192871
17206,38.41334533691406
17207,57.77046203613281
17208,39.2315673828125
17209,72.29612731933594
17210,37.36796569824219
17211,36.87744903564453
17212,39.61027526855469
17213,21.77406120300293
17214,38.092735290527344
17215,55.06647872924805
17216,29.5518856048584
17217,78.85887908935547
17218,29.659997940063477
17219,38.82264709472656
17220,29.239301681518555
17221,16.496021270751953
17222,28.70779800415039
17223,47.608158111572266
17224,60.62980651855469
17225,66.73641204833984
17226,72.09614562988281
17227,28.214523315429688
17228,71.24165344238281
17229,47.62764358520508
17230,71.00123596191406
17231,47.41935729980469
17232,74.80797576904297
17233,72.24269104003906
17234,41.20301818847656
17235,31.898788452148438
17236,31.464439392089844
17237,63.240203857421875
17238,41.00968551635742
17239,80.75453186035156
17240,44.275699615478516
17241,39.65418243408203
17242,35.71879959106445
17243,23.538671493530273
17244,30.72610092163086
17245,61.383907318115234
17246,31.8253173828125
17247,87.86856079101562
17248,36.35557556152344
17249,41.64165115356445
17250,27.851238250732422
17251,19.27437973022461
17252,20.95684242248535
17253,41.48152160644531
17254,69.84210968017578
17255,60.6263313293457
17256,82.93649291992188
17257,28.319551467895508
17258,75.78821563720703
17259,41.391849517822266
17260,79.85877227783203
17261,41.107608795166016
17262,82.25747680664062
17263,65.25590515136719
17264,30.152002334594727
17265,27.12735366821289
17266,37.537696838378906
17267,59.11213684082031
17268,33.66033172607422
17269,71.68184661865234
17270,28.490951538085938
17271,32.89024353027344
17272,38.363189697265625
17273,20.703712463378906
17274,37.896846771240234
17275,56.00538635253906
17276,28.33835792541504
17277,77.61509704589844
17278,19.957931518554688
17279,40.0024299621582
17280,31.668453216552734
17281,12.981575012207031
17282,30.44338035583496
17283,53.66636276245117
17284,64.579833984375
17285,67.91111755371094
17286,73.02748107910156
17287,36.625396728515625
17288,78.03136444091797
17289,56.64482498168945
17290,74.94733428955078
17291,55.287933349609375
17292,77.26560974121094
17293,65.03807830810547
17294,37.45465087890625
17295,29.024578094482422
17296,33.97620391845703
17297,56.532928466796875
17298,38.04476547241211
17299,75.40664672851562
17300,39.15510940551758
17301,35.491424560546875
17302,36.02409362792969
17303,22.839031219482422
17304,33.4798583984375
17305,52.822837829589844
17306,30.990055084228516
17307,82.3327407836914
17308,33.2842903137207
17309,39.06406784057617
17310,29.468347549438477
17311,17.374780654907227
17312,25.27191162109375
17313,41.30450439453125
17314,62.68125915527344
17315,60.61394500732422
17316,71.81045532226562
17317,27.394384384155273
17318,66.898193359375
17319,41.15791320800781
17320,70.81522369384766
17321,41.41767120361328
17322,73.53675079345703
17323,65.97608947753906
17324,37.23726272583008
17325,28.509746551513672
17326,36.89375305175781
17327,56.78874969482422
17328,39.96958923339844
17329,75.15682983398438
17330,36.52471160888672
17331,37.876251220703125
17332,39.69593048095703
17333,19.85250473022461
17334,37.335533142089844
17335,53.951133728027344
17336,33.748741149902344
17337,81.38749694824219
17338,27.583932876586914
17339,39.79540252685547
17340,34.330589294433594
17341,11.583773612976074
17342,29.44641876220703
17343,48.39056396484375
17344,71.26840209960938
17345,66.19758605957031
17346,72.39580535888672
17347,30.318199157714844
17348,73.74825286865234
17349,48.7866096496582
17350,77.72757720947266
17351,49.13569259643555
17352,79.9628677368164
17353,66.5235824584961
17354,37.79023742675781
17355,30.19738006591797
17356,35.0988655090332
17357,57.90370178222656
17358,40.395145416259766
17359,75.44610595703125
17360,38.913700103759766
17361,38.82612609863281
17362,39.19233703613281
17363,20.577213287353516
17364,34.911094665527344
17365,55.30928421020508
17366,33.67250061035156
17367,82.9168472290039
17368,31.782926559448242
17369,40.50263977050781
17370,33.6256217956543
17371,14.213419914245605
17372,27.16173553466797
17373,45.67169952392578
17374,70.4449462890625
17375,62.34672546386719
17376,75.9547119140625
17377,28.14174461364746
17378,71.99000549316406
17379,45.663482666015625
17380,77.83413696289062
17381,45.135643005371094
17382,80.60652160644531
17383,65.1199951171875
17384,36.639739990234375
17385,25.88955307006836
17386,35.220298767089844
17387,58.11353302001953
17388,38.095115661621094
17389,73.74446105957031
17390,37.26675796508789
17391,35.12464904785156
17392,37.66501998901367
17393,18.36090850830078
17394,34.95641326904297
17395,54.06964874267578
17396,31.136817932128906
17397,80.98286437988281
17398,29.036344528198242
17399,38.23180389404297
17400,30.20313262939453
17401,14.444770812988281
17402,27.207233428955078
17403,45.96074295043945
17404,66.53549194335938
17405,64.07997131347656
17406,78.52310180664062
17407,27.38678741455078
17408,78.6858139038086
17409,47.31965637207031
17410,77.39791870117188
17411,47.361602783203125
17412,80.65508270263672
17413,65.31134033203125
17414,39.88786315917969
17415,30.899314880371094
17416,36.94994354248047
17417,58.43263244628906
17418,40.82634353637695
17419,73.9898681640625
17420,40.749916076660156
17421,38.11625671386719
17422,38.94415283203125
17423,22.382854461669922
17424,37.123435974121094
17425,55.711883544921875
17426,34.98820495605469
17427,80.39547729492188
17428,33.072242736816406
17429,40.52145004272461
17430,33.9985237121582
17431,16.646244049072266
17432,30.181495666503906
17433,45.94415283203125
17434,68.65805053710938
17435,60.81525421142578
17436,75.40685272216797
17437,30.65575408935547
17438,73.00468444824219
17439,46.32977294921875
17440,74.97312927246094
17441,45.679176330566406
17442,78.47088623046875
17443,64.95095825195312
17444,37.92237091064453
17445,28.80117416381836
17446,36.71698760986328
17447,57.278533935546875
17448,39.04673767089844
17449,72.25588989257812
17450,38.402278900146484
17451,36.86113739013672
17452,38.72728729248047
17453,20.95176124572754
17454,37.27793884277344
17455,56.46101379394531
17456,32.54069900512695
17457,78.89427185058594
17458,32.57483673095703
17459,39.86304473876953
17460,32.815528869628906
17461,14.78336238861084
17462,32.330894470214844
17463,47.36955261230469
17464,66.80890655517578
17465,58.925010681152344
17466,79.22640228271484
17467,31.958297729492188
17468,77.43175506591797
17469,46.014095306396484
17470,78.20109558105469
17471,45.77618408203125
17472,79.59906768798828
17473,63.92550277709961
17474,36.78343963623047
17475,30.597566604614258
17476,38.46195983886719
17477,56.49799346923828
17478,38.41718292236328
17479,71.85870361328125
17480,36.67930603027344
17481,39.02385711669922
17482,39.287025451660156
17483,23.159461975097656
17484,39.23992919921875
17485,54.14241409301758
17486,31.163307189941406
17487,76.7300796508789
17488,28.9970760345459
17489,41.23744201660156
17490,31.656246185302734
17491,16.062427520751953
17492,33.42670440673828
17493,50.719444274902344
17494,65.19792175292969
17495,67.84698486328125
17496,67.64982604980469
17497,30.035465240478516
17498,69.180908203125
17499,50.04426193237305
17500,71.18565368652344
17501,50.586204528808594
17502,76.19630432128906
17503,65.77633666992188
17504,39.8643798828125
17505,30.631011962890625
17506,38.81826400756836
17507,58.787322998046875
17508,39.866214752197266
17509,73.57472229003906
17510,40.418235778808594
17511,38.28483200073242
17512,39.60176467895508
17513,22.74390983581543
17514,39.08183670043945
17515,55.67645263671875
17516,31.091140747070312
17517,80.19213104248047
17518,33.990455627441406
17519,41.77729797363281
17520,31.128131866455078
17521,16.035337448120117
17522,32.62435531616211
17523,47.231231689453125
17524,65.45719909667969
17525,61.46858596801758
17526,77.00548553466797
17527,32.82855987548828
17528,75.73829650878906
17529,47.50634002685547
17530,75.18212890625
17531,47.5169792175293
17532,77.48326110839844
17533,67.81094360351562
17534,37.46330261230469
17535,30.51464080810547
17536,35.11174011230469
17537,58.31629943847656
17538,40.23016357421875
17539,76.47856140136719
17540,38.7674560546875
17541,39.13202667236328
17542,39.18980407714844
17543,20.82883071899414
17544,34.50562286376953
17545,55.8610954284668
17546,33.662078857421875
17547,84.09550476074219
17548,31.47980499267578
17549,41.30176544189453
17550,33.47064208984375
17551,14.426610946655273
17552,27.000232696533203
17553,46.36484146118164
17554,70.73983764648438
17555,63.682273864746094
17556,76.26353454589844
17557,28.305221557617188
17558,72.27342987060547
17559,46.16265106201172
17560,78.56279754638672
17561,45.75513458251953
17562,80.96435546875
17563,74.7784423828125
17564,38.73685073852539
17565,28.9921875
17566,39.46816635131836
17567,66.52387237548828
17568,39.05261993408203
17569,83.30870819091797
17570,39.98277282714844
17571,36.967552185058594
17572,40.4254150390625
17573,20.055908203125
17574,41.14550018310547
17575,63.56581115722656
17576,30.53584098815918
17577,91.07548522949219
17578,31.82935905456543
17579,38.90806198120117
17580,32.58140182495117
17581,12.870163917541504
17582,33.390037536621094
17583,51.26960372924805
17584,64.1797866821289
17585,72.1719741821289
17586,88.85332489013672
17587,30.53753662109375
17588,88.619873046875
17589,53.60771179199219
17590,83.71749114990234
17591,53.41973114013672
17592,89.41539001464844
17593,65.54055786132812
17594,36.2115592956543
17595,30.499279022216797
17596,37.64002990722656
17597,48.83937454223633
17598,61.26406478881836
17599,48.96934509277344
17600,78.17418670654297
17601,64.5853271484375
17602,37.065513610839844
17603,30.233074188232422
17604,37.38639831542969
17605,49.40537643432617
17606,65.06280517578125
17607,47.19516372680664
17608,78.59237670898438
17609,70.44628143310547
17610,42.90692901611328
17611,31.829269409179688
17612,35.21253967285156
17613,50.42111587524414
17614,70.43443298339844
17615,48.583499908447266
17616,79.0579833984375
17617,67.64878845214844
17618,34.947261810302734
17619,29.91443634033203
17620,36.23263168334961
17621,47.512847900390625
17622,65.88902282714844
17623,48.69300842285156
17624,77.69865417480469
17625,65.661865234375
17626,36.88423156738281
17627,33.228851318359375
17628,40.135406494140625
17629,50.18375015258789
17630,65.94914245605469
17631,48.140296936035156
17632,72.70075988769531
17633,63.70946502685547
17634,35.183563232421875
17635,31.811201095581055
17636,40.347198486328125
17637,48.414764404296875
17638,67.0606689453125
17639,50.25719451904297
17640,76.599365234375
17641,66.12678527832031
17642,40.56031799316406
17643,27.750102996826172
17644,35.295387268066406
17645,46.404510498046875
17646,69.2841796875
17647,44.282047271728516
17648,84.70927429199219
17649,68.66366577148438
17650,37.28852462768555
17651,33.17884826660156
17652,40.693138122558594
17653,51.74455261230469
17654,68.75242614746094
17655,53.431549072265625
17656,78.48637390136719
17657,65.99774169921875
17658,37.944053649902344
17659,30.20040512084961
17660,37.98786926269531
17661,49.38209533691406
17662,67.16184997558594
17663,48.22889709472656
17664,76.80663299560547
17665,63.16862487792969
17666,36.98967742919922
17667,25.976041793823242
17668,34.576087951660156
17669,45.1555061340332
17670,68.69244384765625
17671,45.816741943359375
17672,79.25109100341797
17673,65.48848724365234
17674,37.63356018066406
17675,28.42441749572754
17676,34.833030700683594
17677,43.80543899536133
17678,64.2489242553711
17679,44.029022216796875
17680,74.44585418701172
17681,67.63880920410156
17682,39.671348571777344
17683,34.11065673828125
17684,39.35146713256836
17685,43.49005889892578
17686,70.99300384521484
17687,47.45146560668945
17688,88.53483581542969
17689,64.8388442993164
17690,37.21366500854492
17691,31.092071533203125
17692,36.77012252807617
17693,47.59369659423828
17694,62.26819610595703
17695,47.82069396972656
17696,79.04476928710938
17697,66.14445495605469
17698,38.099365234375
17699,31.98565101623535
17700,37.48371124267578
17701,43.606170654296875
17702,67.65612030029297
17703,46.3834342956543
17704,77.85443115234375
17705,65.34352111816406
17706,37.53020477294922
17707,31.8101749420166
17708,38.10736846923828
17709,47.47555160522461
17710,63.47324752807617
17711,47.542564392089844
17712,75.57218933105469
17713,60.85608673095703
17714,34.11107635498047
17715,29.252391815185547
17716,41.40594482421875
17717,55.48896789550781
17718,66.38397216796875
17719,57.422183990478516
17720,77.75404357910156
17721,65.83600616455078
17722,33.008506774902344
17723,29.625019073486328
17724,39.02153778076172
17725,56.2414436340332
17726,68.24589538574219
17727,57.604793548583984
17728,81.71504211425781
17729,64.29680633544922
17730,37.6666259765625
17731,31.250925064086914
17732,38.764381408691406
17733,48.298458099365234
17734,55.350547790527344
17735,48.583560943603516
17736,75.42518615722656
17737,65.79339599609375
17738,36.33959197998047
17739,28.992843627929688
17740,38.44691467285156
17741,44.841827392578125
17742,62.77947998046875
17743,47.470001220703125
17744,74.23466491699219
17745,69.00164794921875
17746,38.10557556152344
17747,28.447059631347656
17748,40.04702377319336
17749,49.23722839355469
17750,68.8658218383789
17751,49.74747085571289
17752,80.57028198242188
17753,65.7344970703125
17754,41.0001106262207
17755,28.43114471435547
17756,35.37559509277344
17757,51.74918746948242
17758,72.81402587890625
17759,48.994712829589844
17760,85.41461181640625
17761,68.14537811279297
17762,34.13482666015625
17763,30.93325424194336
17764,37.31410217285156
17765,48.24053192138672
17766,63.317359924316406
17767,51.759952545166016
17768,78.12527465820312
17769,66.34241485595703
17770,38.56806182861328
17771,30.64096450805664
17772,36.75749969482422
17773,44.39229202270508
17774,58.64216613769531
17775,44.47544860839844
17776,77.8115234375
17777,66.942626953125
17778,37.171695709228516
17779,30.33061981201172
17780,38.22334289550781
17781,48.78389358520508
17782,66.35955047607422
17783,49.096343994140625
17784,78.1802978515625
17785,67.36630249023438
17786,38.35219192504883
17787,28.009172439575195
17788,37.445953369140625
17789,46.617210388183594
17790,65.16714477539062
17791,47.41476058959961
17792,77.52356719970703
17793,64.19624328613281
17794,35.57304000854492
17795,29.05057144165039
17796,35.909358978271484
17797,44.43854522705078
17798,53.251094818115234
17799,44.96546173095703
17800,81.03077697753906
17801,66.59854125976562
17802,34.747215270996094
17803,26.07514190673828
17804,41.057167053222656
17805,48.60232162475586
17806,69.42980194091797
17807,51.988563537597656
17808,80.92868041992188
17809,63.193885803222656
17810,35.563270568847656
17811,28.066879272460938
17812,38.55470657348633
17813,51.2879753112793
17814,63.638545989990234
17815,54.28754425048828
17816,76.35829162597656
17817,65.59654235839844
17818,38.702796936035156
17819,29.091468811035156
17820,34.722259521484375
17821,42.267459869384766
17822,66.81782531738281
17823,41.97343444824219
17824,82.35791015625
17825,66.01898193359375
17826,36.14921951293945
17827,28.98775863647461
17828,40.419368743896484
17829,47.6049919128418
17830,65.60609436035156
17831,49.76676940917969
17832,77.89754486083984
17833,67.89134979248047
17834,40.61896514892578
17835,27.01837158203125
17836,35.4215087890625
17837,44.71783447265625
17838,59.68278121948242
17839,43.01716613769531
17840,77.78532409667969
17841,67.03683471679688
17842,34.5323486328125
17843,29.43364715576172
17844,34.97905731201172
17845,47.33119201660156
17846,58.723541259765625
17847,48.49879455566406
17848,75.94599914550781
17849,65.799560546875
17850,40.670745849609375
17851,30.929378509521484
17852,40.770713806152344
17853,45.34022521972656
17854,66.11632537841797
17855,46.93034362792969
17856,81.73666381835938
17857,66.32056427001953
17858,37.303585052490234
17859,35.751426696777344
17860,31.999252319335938
17861,46.61011505126953
17862,56.563201904296875
17863,45.32883834838867
17864,71.07524108886719
17865,64.76029205322266
17866,34.07202911376953
17867,32.2064094543457
17868,41.989219665527344
17869,58.28139114379883
17870,62.90055847167969
17871,59.5438232421875
17872,74.25938415527344
17873,66.35247039794922
17874,34.961578369140625
17875,29.827682495117188
17876,39.43316650390625
17877,52.19471740722656
17878,63.236881256103516
17879,53.01172637939453
17880,74.96111297607422
17881,62.47462463378906
17882,38.48686981201172
17883,27.418678283691406
17884,37.67412567138672
17885,46.34154510498047
17886,67.20967102050781
17887,43.93988037109375
17888,80.30167388916016
17889,66.92137145996094
17890,41.03910827636719
17891,29.866342544555664
17892,38.50593566894531
17893,47.43827819824219
17894,62.36719512939453
17895,46.63532638549805
17896,76.48439025878906
17897,67.27261352539062
17898,36.20983123779297
17899,26.786083221435547
17900,36.79491424560547
17901,45.933998107910156
17902,66.45063781738281
17903,46.72536087036133
17904,84.32987976074219
17905,61.687164306640625
17906,35.38520050048828
17907,28.594120025634766
17908,44.111083984375
17909,47.981895446777344
17910,65.88167572021484
17911,51.398468017578125
17912,77.19166564941406
17913,66.57530212402344
17914,37.931678771972656
17915,28.82981300354004
17916,37.424224853515625
17917,42.356597900390625
17918,69.59837341308594
17919,43.395362854003906
17920,82.19371032714844
17921,65.00032806396484
17922,36.10498809814453
17923,29.74899673461914
17924,41.80997085571289
17925,49.55805206298828
17926,65.04113006591797
17927,52.61891555786133
17928,74.80154418945312
17929,64.3368911743164
17930,37.53997802734375
17931,31.765914916992188
17932,35.65608215332031
17933,48.424468994140625
17934,63.17593002319336
17935,46.32172775268555
17936,72.16899108886719
17937,66.51895904541016
17938,33.80695724487305
17939,29.707061767578125
17940,38.71177673339844
17941,60.6251220703125
17942,65.85551452636719
17943,57.80869674682617
17944,86.51284790039062
17945,62.89514923095703
17946,36.831809997558594
17947,21.694480895996094
17948,40.277137756347656
17949,37.91442108154297
17950,62.975929260253906
17951,37.81531524658203
17952,77.66146850585938
17953,63.45674133300781
17954,37.332889556884766
17955,30.242237091064453
17956,38.692527770996094
17957,47.407310485839844
17958,69.32129669189453
17959,49.65480041503906
17960,77.03789520263672
17961,65.44764709472656
17962,39.248077392578125
17963,33.43186950683594
17964,38.917701721191406
17965,49.465538024902344
17966,65.50489807128906
17967,49.55731964111328
17968,75.0538330078125
17969,66.01455688476562
17970,39.77037811279297
17971,32.470176696777344
17972,38.77909851074219
17973,42.249725341796875
17974,61.532440185546875
17975,44.4537239074707
17976,76.79792785644531
17977,65.93077087402344
17978,38.89185333251953
17979,30.431812286376953
17980,37.49214172363281
17981,47.80882263183594
17982,64.37051391601562
17983,48.058258056640625
17984,77.54024505615234
17985,64.70567321777344
17986,33.735382080078125
17987,31.69500160217285
17988,38.05596160888672
17989,51.00684356689453
17990,63.54315948486328
17991,50.847381591796875
17992,74.26689147949219
17993,66.68507385253906
17994,40.35199737548828
17995,32.79152297973633
17996,39.967498779296875
17997,57.12010955810547
17998,65.77720642089844
17999,54.35239791870117
18000,81.36114501953125
18001,69.55875396728516
18002,34.15129089355469
18003,25.882919311523438
18004,35.114662170410156
18005,49.61607360839844
18006,75.23793029785156
18007,50.96079635620117
18008,81.9550552368164
18009,66.89262390136719
18010,38.46803665161133
18011,28.870677947998047
18012,34.784095764160156
18013,50.226531982421875
18014,60.46173858642578
18015,47.69797897338867
18016,76.94288635253906
18017,64.45977020263672
18018,36.16108703613281
18019,30.696054458618164
18020,36.86399841308594
18021,47.22663497924805
18022,63.49584197998047
18023,47.78844451904297
18024,75.1596908569336
18025,61.88050842285156
18026,35.7426643371582
18027,32.674049377441406
18028,41.96508026123047
18029,43.720428466796875
18030,66.69004821777344
18031,50.72390365600586
18032,79.19107055664062
18033,64.92202758789062
18034,33.50030517578125
18035,29.45674705505371
18036,38.561187744140625
18037,54.657127380371094
18038,59.91596221923828
18039,54.626502990722656
18040,70.83980560302734
18041,67.81954956054688
18042,42.329551696777344
18043,29.794034957885742
18044,37.672874450683594
18045,44.48445510864258
18046,72.62493896484375
18047,44.21543884277344
18048,83.26185607910156
18049,65.21131896972656
18050,34.91329574584961
18051,28.00244903564453
18052,34.733421325683594
18053,48.141151428222656
18054,63.06678009033203
18055,46.763946533203125
18056,76.36251831054688
18057,69.02449035644531
18058,35.827735900878906
18059,29.990068435668945
18060,33.11288833618164
18061,45.65667724609375
18062,68.88458251953125
18063,49.257225036621094
18064,80.92110443115234
18065,67.12309265136719
18066,37.49794387817383
18067,27.65543556213379
18068,36.9193115234375
18069,50.21028137207031
18070,67.10986328125
18071,49.08717346191406
18072,78.56706237792969
18073,66.61355590820312
18074,40.97467803955078
18075,29.96563720703125
18076,35.884246826171875
18077,56.10865020751953
18078,63.924644470214844
18079,50.309513092041016
18080,75.56411743164062
18081,66.94363403320312
18082,37.706417083740234
18083,32.468990325927734
18084,39.35662078857422
18085,43.78144836425781
18086,62.23192596435547
18087,45.787071228027344
18088,77.16445922851562
18089,62.80975341796875
18090,36.97582244873047
18091,31.45342254638672
18092,34.39165496826172
18093,42.40025329589844
18094,57.669532775878906
18095,41.06278610229492
18096,70.11011505126953
18097,67.00949096679688
18098,31.522396087646484
18099,31.490345001220703
18100,44.33692169189453
18101,60.040382385253906
18102,63.89483642578125
18103,62.07756042480469
18104,75.44195556640625
18105,68.89511108398438
18106,34.51521301269531
18107,28.213977813720703
18108,36.92367172241211
18109,50.959739685058594
18110,66.902099609375
18111,52.08864974975586
18112,79.53938293457031
18113,64.95758056640625
18114,37.38557434082031
18115,29.786701202392578
18116,37.21166229248047
18117,46.42577362060547
18118,61.67085266113281
18119,46.23619079589844
18120,70.95852661132812
18121,67.1487808227539
18122,36.51968765258789
18123,28.760128021240234
18124,35.95164489746094
18125,49.72573471069336
18126,66.64794921875
18127,47.656532287597656
18128,80.48213195800781
18129,62.4703369140625
18130,39.103416442871094
18131,32.28054428100586
18132,43.26493835449219
18133,48.8095817565918
18134,65.821044921875
18135,51.11272430419922
18136,76.05952453613281
18137,63.06000518798828
18138,34.78681182861328
18139,31.24843406677246
18140,36.762229919433594
18141,49.74968338012695
18142,61.64997863769531
18143,49.56867980957031
18144,73.41341400146484
18145,64.94239807128906
18146,36.475494384765625
18147,29.322673797607422
18148,35.58305740356445
18149,47.19833755493164
18150,64.12327575683594
18151,48.0534782409668
18152,74.66966247558594
18153,65.1351318359375
18154,41.360504150390625
18155,29.95932388305664
18156,41.98090362548828
18157,52.65885543823242
18158,60.7049560546875
18159,52.61791229248047
18160,78.20208740234375
18161,64.420654296875
18162,39.83428192138672
18163,30.053691864013672
18164,33.72657012939453
18165,40.66944885253906
18166,69.52055358886719
18167,43.45355224609375
18168,79.16943359375
18169,66.66571044921875
18170,34.56544494628906
18171,29.789152145385742
18172,34.62495422363281
18173,48.42802429199219
18174,59.32560729980469
18175,49.422142028808594
18176,71.75326538085938
18177,67.79347229003906
18178,37.2420539855957
18179,31.52486228942871
18180,37.75899124145508
18181,54.351783752441406
18182,64.75547790527344
18183,51.367034912109375
18184,79.50454711914062
18185,64.61425018310547
18186,37.72704315185547
18187,32.9218864440918
18188,36.57777404785156
18189,46.043495178222656
18190,68.5672836303711
18191,47.283790588378906
18192,76.9671401977539
18193,63.22322463989258
18194,38.77503967285156
18195,32.32632064819336
18196,40.46824264526367
18197,55.72869873046875
18198,70.84625244140625
18199,53.598388671875
18200,80.94293975830078
18201,64.37860870361328
18202,38.74178695678711
18203,31.170719146728516
18204,37.70800018310547
18205,50.43556213378906
18206,62.836265563964844
18207,49.178565979003906
18208,71.98504638671875
18209,67.27005004882812
18210,35.60682678222656
18211,28.27899742126465
18212,38.33811569213867
18213,50.30302810668945
18214,67.69699096679688
18215,50.9941291809082
18216,82.1496810913086
18217,63.016441345214844
18218,30.217525482177734
18219,29.132266998291016
18220,41.982948303222656
18221,52.64876937866211
18222,65.04286193847656
18223,57.38633346557617
18224,75.0771713256836
18225,67.41191101074219
18226,42.24047088623047
18227,31.85507583618164
18228,37.605491638183594
18229,50.8341178894043
18230,66.05542755126953
18231,47.14510726928711
18232,80.33360290527344
18233,63.10010528564453
18234,41.343223571777344
18235,29.39887237548828
18236,34.00269317626953
18237,45.3094482421875
18238,65.95303344726562
18239,40.09635925292969
18240,78.26033020019531
18241,60.60138702392578
18242,39.83122253417969
18243,34.38307189941406
18244,39.283935546875
18245,48.41326904296875
18246,53.469852447509766
18247,47.7667121887207
18248,72.06743621826172
18249,68.82736206054688
18250,38.213966369628906
18251,27.469940185546875
18252,36.39606475830078
18253,46.06008529663086
18254,58.16353988647461
18255,45.9399528503418
18256,71.42417907714844
18257,67.582275390625
18258,37.52280807495117
18259,30.578041076660156
18260,37.90507125854492
18261,47.29657745361328
18262,67.22932434082031
18263,47.564796447753906
18264,79.4266586303711
18265,70.23370361328125
18266,38.441932678222656
18267,35.457862854003906
18268,37.07121658325195
18269,61.20088195800781
18270,62.057533264160156
18271,59.236351013183594
18272,75.81652069091797
18273,66.67982482910156
18274,39.708045959472656
18275,25.121891021728516
18276,37.50822830200195
18277,47.11435317993164
18278,65.99640655517578
18279,45.688941955566406
18280,77.73039245605469
18281,62.942604064941406
18282,39.348079681396484
18283,30.39883041381836
18284,38.77727508544922
18285,52.94025421142578
18286,63.42871856689453
18287,50.919921875
18288,76.990234375
18289,63.71769332885742
18290,40.809471130371094
18291,29.814868927001953
18292,34.42926788330078
18293,44.41337585449219
18294,68.20454406738281
18295,41.479576110839844
18296,79.99020385742188
18297,66.82719421386719
18298,44.56543731689453
18299,33.294525146484375
18300,34.60890197753906
18301,39.79493713378906
18302,63.98845672607422
18303,38.842613220214844
18304,76.08026123046875
18305,65.9503173828125
18306,33.61017990112305
18307,27.974960327148438
18308,35.93962478637695
18309,47.426456451416016
18310,60.49153518676758
18311,48.96702194213867
18312,84.76927947998047
18313,61.16963195800781
18314,35.408935546875
18315,29.611896514892578
18316,42.729454040527344
18317,53.168113708496094
18318,64.57398986816406
18319,53.55834197998047
18320,72.12838745117188
18321,66.06637573242188
18322,38.697975158691406
18323,29.705631256103516
18324,39.02315139770508
18325,43.042057037353516
18326,66.58964538574219
18327,43.56239700317383
18328,77.46726989746094
18329,64.27293395996094
18330,36.86595153808594
18331,31.065380096435547
18332,35.28773498535156
18333,45.114715576171875
18334,62.541656494140625
18335,44.34897994995117
18336,75.56885528564453
18337,65.11801147460938
18338,37.81880569458008
18339,30.517471313476562
18340,37.11540985107422
18341,46.516971588134766
18342,65.33795928955078
18343,45.71455383300781
18344,75.38448333740234
18345,62.62458038330078
18346,39.12540817260742
18347,31.873260498046875
18348,35.606868743896484
18349,49.81263732910156
18350,66.55162048339844
18351,47.223384857177734
18352,77.95977020263672
18353,64.54194641113281
18354,38.80732727050781
18355,29.118656158447266
18356,40.769554138183594
18357,48.91539764404297
18358,66.35845184326172
18359,49.82231903076172
18360,78.15864562988281
18361,66.93862915039062
18362,38.8310661315918
18363,35.80879211425781
18364,39.45912170410156
18365,50.677616119384766
18366,67.83427429199219
18367,47.53020477294922
18368,76.68771362304688
18369,46.20854187011719
18370,46.0638427734375
18371,25.481292724609375
18372,40.482887268066406
18373,38.02851104736328
18374,57.28384780883789
18375,28.590442657470703
18376,69.34951782226562
18377,65.190185546875
18378,38.098876953125
18379,33.22393798828125
18380,36.93439483642578
18381,48.225460052490234
18382,57.63505554199219
18383,46.154022216796875
18384,69.5426025390625
18385,64.92622375488281
18386,36.62947463989258
18387,32.72477722167969
18388,35.4293212890625
18389,44.32868194580078
18390,65.59416961669922
18391,43.13957977294922
18392,74.48443603515625
18393,65.02513122558594
18394,40.8765869140625
18395,32.26137924194336
18396,39.28022766113281
18397,48.26570129394531
18398,61.32654571533203
18399,46.61933898925781
18400,72.42350769042969
18401,56.77912521362305
18402,35.9998779296875
18403,29.53879165649414
18404,38.347896575927734
18405,38.6888427734375
18406,65.11532592773438
18407,42.445335388183594
18408,74.60973358154297
18409,63.963340759277344
18410,35.04062271118164
18411,25.42885971069336
18412,36.84902572631836
18413,44.94598388671875
18414,62.4234733581543
18415,46.37956237792969
18416,74.24128723144531
18417,62.31890106201172
18418,36.12084197998047
18419,20.392072677612305
18420,37.50897979736328
18421,48.702972412109375
18422,50.822776794433594
18423,41.943973541259766
18424,71.87870025634766
18425,70.85321044921875
18426,38.89479446411133
18427,29.68765640258789
18428,30.10797882080078
18429,40.93966293334961
18430,66.90474700927734
18431,40.04730987548828
18432,77.16645050048828
18433,62.95098114013672
18434,37.175865173339844
18435,32.032798767089844
18436,35.478572845458984
18437,44.22605895996094
18438,54.03350830078125
18439,43.63059997558594
18440,62.41028594970703
18441,66.90397644042969
18442,35.06146240234375
18443,29.390033721923828
18444,38.3814697265625
18445,51.08043670654297
18446,66.64149475097656
18447,54.2479248046875
18448,75.229736328125
18449,69.0747299194336
18450,28.98230743408203
18451,28.52617645263672
18452,38.868438720703125
18453,51.06298828125
18454,63.4748420715332
18455,57.49755859375
18456,77.47314453125
18457,63.804405212402344
18458,40.69685363769531
18459,35.45342254638672
18460,32.842140197753906
18461,51.19025421142578
18462,62.18707275390625
18463,44.11403274536133
18464,74.05238342285156
18465,63.308135986328125
18466,41.286346435546875
18467,32.39519500732422
18468,37.2340202331543
18469,47.79322814941406
18470,62.06251525878906
18471,46.05763244628906
18472,73.5535888671875
18473,63.52803421020508
18474,36.27569580078125
18475,32.26441955566406
18476,39.04230499267578
18477,48.039878845214844
18478,63.395023345947266
18479,51.73126983642578
18480,76.64080047607422
18481,67.9156494140625
18482,41.4739990234375
18483,31.875917434692383
18484,37.19886779785156
18485,46.260501861572266
18486,62.87208557128906
18487,45.66150665283203
18488,73.1715087890625
18489,71.67120361328125
18490,54.84086608886719
18491,49.975791931152344
18492,50.01056671142578
18493,55.30162048339844
18494,66.08403015136719
18495,57.29723358154297
18496,74.6070785522461
18497,66.98724365234375
18498,37.55190658569336
18499,27.131423950195312
18500,38.505455017089844
18501,52.07760238647461
18502,68.49687194824219
18503,49.76664733886719
18504,82.55232238769531
18505,67.05680847167969
18506,38.60326385498047
18507,25.103483200073242
18508,35.140419006347656
18509,47.810829162597656
18510,75.0306396484375
18511,43.12397766113281
18512,88.55665588378906
18513,64.15585327148438
18514,38.222434997558594
18515,29.49059295654297
18516,37.29943084716797
18517,45.82912826538086
18518,66.18777465820312
18519,44.463951110839844
18520,78.91778564453125
18521,64.64308166503906
18522,41.08558654785156
18523,33.857521057128906
18524,34.9239501953125
18525,51.14918518066406
18526,58.993804931640625
18527,50.124237060546875
18528,69.14495849609375
18529,66.60787200927734
18530,37.58842468261719
18531,34.064090728759766
18532,37.65507507324219
18533,54.05493927001953
18534,64.5478515625
18535,49.95030975341797
18536,72.66456604003906
18537,67.23330688476562
18538,41.49223709106445
18539,26.88433837890625
18540,34.92457962036133
18541,46.56619644165039
18542,66.14478302001953
18543,44.162540435791016
18544,76.73550415039062
18545,64.8750991821289
18546,37.25482177734375
18547,29.72144317626953
18548,35.09512710571289
18549,44.54297637939453
18550,63.642234802246094
18551,44.79671096801758
18552,74.87528991699219
18553,64.75762176513672
18554,37.28684997558594
18555,32.434974670410156
18556,35.6029052734375
18557,49.01329803466797
18558,62.49087142944336
18559,47.6734619140625
18560,75.05166625976562
18561,65.02267456054688
18562,35.389705657958984
18563,30.905834197998047
18564,37.40184020996094
18565,49.21769714355469
18566,64.36285400390625
18567,49.555789947509766
18568,77.41195678710938
18569,63.82490921020508
18570,38.04324722290039
18571,31.700410842895508
18572,34.9616813659668
18573,44.582481384277344
18574,59.47229766845703
18575,45.13352966308594
18576,71.09037017822266
18577,62.712005615234375
18578,38.40040588378906
18579,31.638038635253906
18580,39.39155578613281
18581,48.7642707824707
18582,65.60002899169922
18583,48.371376037597656
18584,75.711669921875
18585,64.83491516113281
18586,38.36314392089844
18587,30.023300170898438
18588,38.82738494873047
18589,54.068084716796875
18590,57.76664352416992
18591,52.86119079589844
18592,76.326171875
18593,68.97734069824219
18594,40.652183532714844
18595,32.08136749267578
18596,38.40778350830078
18597,48.80762481689453
18598,65.63999938964844
18599,48.53723907470703
18600,74.81370544433594
18601,63.78226852416992
18602,37.439903259277344
18603,30.530258178710938
18604,34.97705841064453
18605,45.572723388671875
18606,66.48663330078125
18607,44.77961349487305
18608,75.55928039550781
18609,66.65579986572266
18610,37.33643341064453
18611,29.75030517578125
18612,37.24668502807617
18613,51.53709411621094
18614,61.93134689331055
18615,50.04615020751953
18616,76.1588134765625
18617,66.11749267578125
18618,38.09340286254883
18619,32.25227355957031
18620,38.602500915527344
18621,52.61830520629883
18622,67.75819396972656
18623,51.31727981567383
18624,77.15225219726562
18625,67.66549682617188
18626,37.80059814453125
18627,32.976505279541016
18628,41.05078125
18629,48.615447998046875
18630,63.128875732421875
18631,51.8057861328125
18632,70.91935729980469
18633,64.55237579345703
18634,39.00819396972656
18635,31.163959503173828
18636,40.70777893066406
18637,48.51533126831055
18638,64.43585205078125
18639,49.36012268066406
18640,78.43183898925781
18641,63.43705749511719
18642,37.84097671508789
18643,34.98476028442383
18644,37.27052307128906
18645,38.86747741699219
18646,62.41346740722656
18647,45.07355499267578
18648,73.57072448730469
18649,64.74482727050781
18650,37.02375793457031
18651,27.576324462890625
18652,40.86109924316406
18653,48.942649841308594
18654,66.68063354492188
18655,49.30073928833008
18656,78.92790222167969
18657,67.07127380371094
18658,37.45867919921875
18659,31.467716217041016
18660,38.07408142089844
18661,51.062217712402344
18662,68.20440673828125
18663,50.14072036743164
18664,80.60490417480469
18665,68.73552703857422
18666,41.351905822753906
18667,31.308685302734375
18668,39.342369079589844
18669,48.781593322753906
18670,63.70311737060547
18671,48.526039123535156
18672,75.12089538574219
18673,66.58224487304688
18674,38.289859771728516
18675,29.859703063964844
18676,36.26590347290039
18677,44.509029388427734
18678,63.17274475097656
18679,43.66019821166992
18680,77.44717407226562
18681,67.69793701171875
18682,40.14036560058594
18683,29.149030685424805
18684,37.2291259765625
18685,49.50318145751953
18686,59.63957595825195
18687,43.593990325927734
18688,72.88289642333984
18689,65.23351287841797
18690,35.209381103515625
18691,30.351348876953125
18692,38.88108444213867
18693,49.81196594238281
18694,64.25521850585938
18695,53.272769927978516
18696,72.03036499023438
18697,64.11314392089844
18698,41.803592681884766
18699,27.957725524902344
18700,36.808467864990234
18701,50.89221954345703
18702,68.31965637207031
18703,45.770606994628906
18704,86.51873779296875
18705,64.4670181274414
18706,32.93146514892578
18707,30.42279815673828
18708,38.8006591796875
18709,49.29304122924805
18710,60.62035369873047
18711,50.923439025878906
18712,79.64752197265625
18713,63.837188720703125
18714,35.603721618652344
18715,32.09794616699219
18716,34.61192321777344
18717,49.20536804199219
18718,58.948036193847656
18719,48.14130401611328
18720,75.83769226074219
18721,65.89692687988281
18722,37.60236358642578
18723,30.400487899780273
18724,37.67279815673828
18725,44.73651123046875
18726,66.21394348144531
18727,45.8879508972168
18728,77.15218353271484
18729,58.850868225097656
18730,35.69749450683594
18731,27.58536148071289
18732,41.84473419189453
18733,43.056663513183594
18734,65.17855834960938
18735,46.40564727783203
18736,76.02748107910156
18737,63.852020263671875
18738,42.02240753173828
18739,31.115772247314453
18740,31.535261154174805
18741,38.46370315551758
18742,67.73444366455078
18743,32.874481201171875
18744,77.53073120117188
18745,77.32684326171875
18746,37.75536346435547
18747,37.89886474609375
18748,35.97414779663086
18749,65.1203842163086
18750,65.7288818359375
18751,60.972206115722656
18752,80.17611694335938
18753,63.372501373291016
18754,34.36853790283203
18755,24.33002471923828
18756,38.132972717285156
18757,47.685054779052734
18758,61.48197937011719
18759,46.643836975097656
18760,75.13307189941406
18761,60.83470916748047
18762,34.90142059326172
18763,31.91447639465332
18764,43.43964767456055
18765,49.298187255859375
18766,64.83828735351562
18767,54.416534423828125
18768,76.12510681152344
18769,69.89409637451172
18770,31.380895614624023
18771,25.598909378051758
18772,43.32450866699219
18773,55.27287292480469
18774,72.62986755371094
18775,61.591068267822266
18776,84.27890014648438
18777,63.36410903930664
18778,38.658538818359375
18779,32.37632369995117
18780,37.0009765625
18781,47.90930938720703
18782,66.92884826660156
18783,45.042137145996094
18784,77.48646545410156
18785,67.182861328125
18786,38.293975830078125
18787,30.54828643798828
18788,36.20263671875
18789,46.13279724121094
18790,68.17729187011719
18791,44.89684295654297
18792,81.7705078125
18793,64.328369140625
18794,36.23961639404297
18795,29.05628204345703
18796,37.620033264160156
18797,50.806297302246094
18798,65.8524169921875
18799,49.68042755126953
18800,76.87670135498047
18801,65.16938781738281
18802,36.99471664428711
18803,29.147985458374023
18804,39.341224670410156
18805,52.63945007324219
18806,65.50162506103516
18807,50.385459899902344
18808,75.19208526611328
18809,68.73552703857422
18810,41.351905822753906
18811,31.308685302734375
18812,39.342369079589844
18813,48.781593322753906
18814,63.70311737060547
18815,48.526039123535156
18816,75.12089538574219
18817,63.164878845214844
18818,34.729095458984375
18819,29.42841339111328
18820,36.893157958984375
18821,48.0444221496582
18822,56.758216857910156
18823,48.3619270324707
18824,73.03594970703125
18825,64.94523620605469
18826,38.991127014160156
18827,31.121957778930664
18828,42.49061965942383
18829,49.372337341308594
18830,65.05443572998047
18831,53.16875076293945
18832,78.47200775146484
18833,64.328369140625
18834,36.23961639404297
18835,29.05628204345703
18836,37.620033264160156
18837,50.806297302246094
18838,65.8524169921875
18839,49.68042755126953
18840,76.87670135498047
18841,65.44793701171875
18842,37.95646667480469
18843,32.34023666381836
18844,36.79399871826172
18845,49.419822692871094
18846,66.91888427734375
18847,49.96418762207031
18848,79.84616088867188
18849,69.11750793457031
18850,38.20009231567383
18851,28.76512336730957
18852,39.23086166381836
18853,45.85053253173828
18854,70.12969970703125
18855,48.698814392089844
18856,83.15995788574219
18857,64.37828063964844
18858,37.03363800048828
18859,29.56741714477539
18860,37.00596237182617
18861,51.28263473510742
18862,63.81378173828125
18863,49.779510498046875
18864,74.2544937133789
18865,43.58952713012695
18866,38.59874725341797
18867,10.906103134155273
18868,40.074798583984375
18869,25.96941375732422
18870,62.77650833129883
18871,26.752479553222656
18872,72.4500732421875
18873,65.91123962402344
18874,42.98033905029297
18875,31.749778747558594
18876,33.67860412597656
18877,44.106544494628906
18878,66.02029418945312
18879,40.591514587402344
18880,78.21591186523438
18881,65.68063354492188
18882,37.033287048339844
18883,29.017568588256836
18884,41.1800651550293
18885,49.94844055175781
18886,63.849124908447266
18887,50.857269287109375
18888,77.00473022460938
18889,65.63712310791016
18890,37.04948425292969
18891,29.560993194580078
18892,36.33625030517578
18893,47.799476623535156
18894,69.92864227294922
18895,48.03113555908203
18896,80.30718231201172
18897,63.80775833129883
18898,39.69772720336914
18899,30.257850646972656
18900,37.10118865966797
18901,49.14543914794922
18902,62.12195587158203
18903,47.76499938964844
18904,75.8887939453125
18905,66.43182373046875
18906,40.149261474609375
18907,32.361148834228516
18908,36.2469482421875
18909,47.196537017822266
18910,62.64556121826172
18911,45.499427795410156
18912,74.71180725097656
18913,60.64765167236328
18914,38.70469284057617
18915,30.136030197143555
18916,42.87672424316406
18917,50.40319061279297
18918,62.934112548828125
18919,51.80520248413086
18920,73.24333190917969
18921,67.10327911376953
18922,35.025299072265625
18923,29.75005531311035
18924,37.46514129638672
18925,48.75367736816406
18926,67.403564453125
18927,49.97761535644531
18928,77.52312469482422
18929,66.78230285644531
18930,31.899499893188477
18931,29.337329864501953
18932,39.063690185546875
18933,47.716190338134766
18934,60.66869354248047
18935,52.255523681640625
18936,81.703857421875
18937,64.79117584228516
18938,37.126007080078125
18939,31.123641967773438
18940,38.91241455078125
18941,55.77547073364258
18942,66.46009063720703
18943,54.014625549316406
18944,77.72689819335938
18945,62.060264587402344
18946,43.23734664916992
18947,36.569698333740234
18948,35.08979797363281
18949,41.35707092285156
18950,57.19746398925781
18951,41.83086395263672
18952,70.0460205078125
18953,61.589759826660156
18954,37.168800354003906
18955,27.92157745361328
18956,41.39208221435547
18957,40.967979431152344
18958,63.03241729736328
18959,41.995784759521484
18960,76.25434875488281
18961,62.200439453125
18962,33.42631912231445
18963,31.133739471435547
18964,48.16809844970703
18965,51.71143341064453
18966,65.38195037841797
18967,58.786842346191406
18968,77.18669128417969
18969,62.90131378173828
18970,34.89958953857422
18971,30.344810485839844
18972,41.61890411376953
18973,47.72550582885742
18974,60.14248275756836
18975,51.311893463134766
18976,72.83151245117188
18977,62.3707275390625
18978,38.03886413574219
18979,28.915390014648438
18980,39.534767150878906
18981,47.10939407348633
18982,68.25234985351562
18983,46.91672897338867
18984,76.517822265625
18985,66.29443359375
18986,41.05448532104492
18987,29.291227340698242
18988,41.0622673034668
18989,50.10041809082031
18990,66.10375213623047
18991,47.752044677734375
18992,83.2001953125
18993,68.81768798828125
18994,37.35780715942383
18995,30.911592483520508
18996,38.76538848876953
18997,49.60784149169922
18998,67.89640808105469
18999,50.855621337890625
19000,83.6510009765625
19001,64.72061157226562
19002,32.11433029174805
19003,31.423114776611328
19004,40.519317626953125
19005,52.203155517578125
19006,65.61630249023438
19007,56.87216567993164
19008,73.998779296875
19009,68.14337158203125
19010,37.752017974853516
19011,29.989343643188477
19012,36.60515594482422
19013,45.68595886230469
19014,66.31905364990234
19015,45.540122985839844
19016,78.12488555908203
19017,64.68879699707031
19018,41.70475387573242
19019,29.22612953186035
19020,34.363372802734375
19021,43.528587341308594
19022,58.572086334228516
19023,39.647979736328125
19024,72.9212646484375
19025,65.40745544433594
19026,40.44486618041992
19027,27.763690948486328
19028,39.11355209350586
19029,46.834293365478516
19030,69.80752563476562
19031,46.4394645690918
19032,79.76727294921875
19033,64.5870361328125
19034,39.376060485839844
19035,25.90933609008789
19036,32.27677536010742
19037,45.48542022705078
19038,66.84362030029297
19039,37.32465362548828
19040,77.76107788085938
19041,67.613525390625
19042,35.65797424316406
19043,29.349018096923828
19044,36.169158935546875
19045,52.25788879394531
19046,64.41737365722656
19047,49.88508224487305
19048,71.62399291992188
19049,59.595855712890625
19050,35.89387512207031
19051,24.957252502441406
19052,42.79219436645508
19053,45.773494720458984
19054,65.34077453613281
19055,49.89876174926758
19056,77.09249114990234
19057,67.60429382324219
19058,36.808815002441406
19059,27.613325119018555
19060,38.69688415527344
19061,47.189205169677734
19062,62.280616760253906
19063,47.782012939453125
19064,79.49734497070312
19065,65.68414306640625
19066,36.615116119384766
19067,29.788103103637695
19068,38.66278076171875
19069,50.32417678833008
19070,66.452880859375
19071,51.218833923339844
19072,80.0433349609375
19073,67.29161071777344
19074,37.33258819580078
19075,30.97055435180664
19076,37.0491943359375
19077,47.533695220947266
19078,66.52960968017578
19079,47.948944091796875
19080,78.74506378173828
19081,62.573516845703125
19082,33.98929214477539
19083,28.020931243896484
19084,40.956336975097656
19085,50.722190856933594
19086,59.56651306152344
19087,53.4595947265625
19088,69.73185729980469
19089,64.5870361328125
19090,39.376060485839844
19091,25.90933609008789
19092,32.27677536010742
19093,45.48542022705078
19094,66.84362030029297
19095,37.32465362548828
19096,77.76107788085938
19097,61.52898406982422
19098,38.61371612548828
19099,28.874916076660156
19100,39.81035614013672
19101,44.8834228515625
19102,64.65092468261719
19103,47.97674560546875
19104,81.8905029296875
19105,64.69139862060547
19106,40.786312103271484
19107,28.903331756591797
19108,39.37804412841797
19109,46.31782150268555
19110,65.95170593261719
19111,46.127410888671875
19112,79.73564147949219
19113,64.39920043945312
19114,68.94978332519531
19115,37.448097229003906
19116,67.33152770996094
19117,50.51622772216797
19118,74.05465698242188
19119,61.80083465576172
19120,34.628387451171875
19121,27.02630615234375
19122,39.746177673339844
19123,43.14628601074219
19124,65.28191375732422
19125,43.98186492919922
19126,77.6456298828125
19127,67.82164764404297
19128,31.845062255859375
19129,32.445350646972656
19130,40.67012023925781
19131,50.720115661621094
19132,67.43141174316406
19133,57.048255920410156
19134,76.77944946289062
19135,64.44400024414062
19136,36.525306701660156
19137,29.8861083984375
19138,34.24830627441406
19139,46.893585205078125
19140,55.986083984375
19141,44.264183044433594
19142,69.80181884765625
19143,67.71858215332031
19144,43.08210754394531
19145,33.168235778808594
19146,34.03441619873047
19147,45.425411224365234
19148,62.445865631103516
19149,39.19898986816406
19150,78.9957275390625
19151,65.96759033203125
19152,38.19880676269531
19153,31.9302978515625
19154,39.11484146118164
19155,48.98883819580078
19156,69.91938781738281
19157,50.59785461425781
19158,80.05415344238281
19159,67.62056732177734
19160,40.525291442871094
19161,29.02894401550293
19162,31.51941680908203
19163,40.11277770996094
19164,64.14781188964844
19165,36.51697540283203
19166,74.35050201416016
19167,66.75698852539062
19168,38.184913635253906
19169,34.00267028808594
19170,36.43564987182617
19171,53.863502502441406
19172,60.97690200805664
19173,53.43193435668945
19174,73.00410461425781
19175,64.70974731445312
19176,39.02031707763672
19177,31.10007667541504
19178,41.672000885009766
19179,47.174903869628906
19180,68.08123779296875
19181,49.705223083496094
19182,78.92741394042969
19183,64.83346557617188
19184,38.620567321777344
19185,28.936613082885742
19186,35.897613525390625
19187,45.09439468383789
19188,70.92529296875
19189,45.36988067626953
19190,80.59707641601562
19191,66.8036117553711
19192,45.27602767944336
19193,35.47047805786133
19194,41.755653381347656
19195,48.688323974609375
19196,67.98257446289062
19197,45.17884826660156
19198,77.41726684570312
19199,69.10516357421875
19200,36.3255615234375
19201,29.604896545410156
19202,35.411930084228516
19203,45.81108856201172
19204,70.34095001220703
19205,48.39540100097656
19206,81.77019500732422
19207,63.88868713378906
19208,36.642948150634766
19209,28.360525131225586
19210,37.590675354003906
19211,46.789268493652344
19212,62.544639587402344
19213,47.76761245727539
19214,75.84452819824219
19215,67.21968841552734
19216,39.01358413696289
19217,31.557109832763672
19218,39.5703125
19219,46.68001937866211
19220,66.73739624023438
19221,48.632530212402344
19222,78.63493347167969
19223,74.07321166992188
19224,40.314510345458984
19225,31.83645248413086
19226,34.938079833984375
19227,45.56726837158203
19228,68.86738586425781
19229,45.28929138183594
19230,83.38359069824219
19231,69.31303405761719
19232,33.83403015136719
19233,28.023990631103516
19234,40.739097595214844
19235,57.009918212890625
19236,69.927734375
19237,54.32673645019531
19238,85.3163833618164
19239,64.465576171875
19240,37.040313720703125
19241,28.426509857177734
19242,37.623207092285156
19243,47.31934356689453
19244,61.84417724609375
19245,48.80712890625
19246,78.94293212890625
19247,44.40899658203125
19248,36.86005401611328
19249,18.220867156982422
19250,47.036659240722656
19251,30.861181259155273
19252,59.574974060058594
19253,34.710548400878906
19254,68.70263671875
19255,64.20352935791016
19256,36.595497131347656
19257,31.88642120361328
19258,37.05034637451172
19259,43.14044189453125
19260,67.16958618164062
19261,45.026432037353516
19262,76.65164947509766
19263,60.15779113769531
19264,35.097320556640625
19265,32.20112609863281
19266,40.78004455566406
19267,55.33031463623047
19268,64.20723724365234
19269,52.151954650878906
19270,72.36538696289062
19271,63.894893646240234
19272,38.202545166015625
19273,31.33704376220703
19274,38.59938049316406
19275,46.25494384765625
19276,64.32842254638672
19277,47.12562561035156
19278,75.29006958007812
19279,63.74951171875
19280,36.87864685058594
19281,29.11309814453125
19282,37.60192108154297
19283,50.64910888671875
19284,64.27885437011719
19285,48.428123474121094
19286,82.87577819824219
19287,68.51071166992188
19288,36.66809844970703
19289,28.16963768005371
19290,37.36536407470703
19291,48.44990158081055
19292,64.1795425415039
19293,48.65746307373047
19294,78.4134521484375
19295,65.96905517578125
19296,34.33384704589844
19297,27.148679733276367
19298,38.809410095214844
19299,52.48603057861328
19300,67.42683410644531
19301,52.39255142211914
19302,81.0133285522461
19303,63.967010498046875
19304,39.22386932373047
19305,30.300731658935547
19306,39.47590255737305
19307,49.81727600097656
19308,62.83819580078125
19309,49.152347564697266
19310,82.64360046386719
19311,66.07616424560547
19312,36.50244903564453
19313,30.30497932434082
19314,36.41212463378906
19315,42.57472610473633
19316,60.58866500854492
19317,44.502540588378906
19318,74.81609344482422
19319,64.83209991455078
19320,42.383056640625
19321,31.27124786376953
19322,35.733985900878906
19323,44.109649658203125
19324,64.89350128173828
19325,42.038963317871094
19326,76.67044067382812
19327,62.84630584716797
19328,34.993743896484375
19329,27.563831329345703
19330,35.192115783691406
19331,57.73207092285156
19332,60.68452453613281
19333,52.73600387573242
19334,75.24676513671875
19335,65.54914855957031
19336,32.647254943847656
19337,31.124238967895508
19338,37.8240966796875
19339,51.97589874267578
19340,67.25006103515625
19341,51.37086486816406
19342,76.6507568359375
19343,65.17247009277344
19344,33.384822845458984
19345,27.851211547851562
19346,31.035629272460938
19347,44.98155212402344
19348,61.64408874511719
19349,45.535255432128906
19350,70.58897399902344
19351,67.40869140625
19352,38.43323516845703
19353,30.003969192504883
19354,31.620813369750977
19355,45.753257751464844
19356,67.4227294921875
19357,43.08583450317383
19358,77.65300750732422
19359,64.58587646484375
19360,36.32025146484375
19361,25.4720516204834
19362,38.7191162109375
19363,47.76893615722656
19364,68.777099609375
19365,48.19376754760742
19366,87.83612060546875
19367,67.19044494628906
19368,39.797271728515625
19369,31.52597427368164
19370,36.093353271484375
19371,43.309776306152344
19372,65.15301513671875
19373,44.30588912963867
19374,76.15383911132812
19375,64.50263977050781
19376,42.053733825683594
19377,33.145591735839844
19378,35.25728988647461
19379,45.40238952636719
19380,63.27112579345703
19381,42.7707405090332
19382,74.32743835449219
19383,66.10015869140625
19384,42.225379943847656
19385,30.97140884399414
19386,34.968231201171875
19387,38.196067810058594
19388,68.43865966796875
19389,37.425865173339844
19390,81.04493713378906
19391,63.97547149658203
19392,38.35832595825195
19393,31.61104965209961
19394,37.593902587890625
19395,50.5595817565918
19396,63.67076110839844
19397,49.55646896362305
19398,71.9076919555664
19399,68.53472900390625
19400,38.20109939575195
19401,27.730070114135742
19402,38.372291564941406
19403,49.55389404296875
19404,66.96549987792969
19405,49.015655517578125
19406,79.04168701171875
19407,65.02003479003906
19408,35.52685546875
19409,31.160274505615234
19410,39.219764709472656
19411,50.371299743652344
19412,67.03787231445312
19413,51.95349884033203
19414,79.81106567382812
19415,62.36444091796875
19416,33.272308349609375
19417,29.981441497802734
19418,40.978755950927734
19419,54.13603591918945
19420,60.914085388183594
19421,55.829124450683594
19422,77.20497131347656
19423,66.49800872802734
19424,33.2093620300293
19425,28.547466278076172
19426,41.948020935058594
19427,53.478782653808594
19428,59.79570388793945
19429,57.36827087402344
19430,72.39865112304688
19431,63.613861083984375
19432,40.43095779418945
19433,28.838916778564453
19434,39.704673767089844
19435,48.30855178833008
19436,62.15675354003906
19437,46.864227294921875
19438,73.8086166381836
19439,59.786659240722656
19440,36.16930389404297
19441,32.874290466308594
19442,40.108646392822266
19443,49.096405029296875
19444,61.302162170410156
19445,51.39845275878906
19446,68.74825286865234
19447,63.586883544921875
19448,37.270599365234375
19449,28.41455078125
19450,37.47556686401367
19451,47.09107208251953
19452,56.716941833496094
19453,48.982872009277344
19454,75.01190948486328
19455,64.89195251464844
19456,34.200435638427734
19457,31.61599349975586
19458,37.28730773925781
19459,50.295875549316406
19460,66.06504821777344
19461,48.619117736816406
19462,75.81126403808594
19463,65.05023193359375
19464,38.09211730957031
19465,31.768016815185547
19466,36.681793212890625
19467,45.323509216308594
19468,59.34978485107422
19469,44.75050735473633
19470,71.17272186279297
19471,66.5754623413086
19472,37.088172912597656
19473,29.098140716552734
19474,37.31501770019531
19475,48.372100830078125
19476,63.63807678222656
19477,47.509178161621094
19478,77.39398956298828
19479,66.56103515625
19480,39.9713020324707
19481,29.94447898864746
19482,35.17071533203125
19483,45.588951110839844
19484,65.71115112304688
19485,43.53157424926758
19486,78.9764404296875
19487,63.883968353271484
19488,40.72901153564453
19489,27.246868133544922
19490,37.355804443359375
19491,49.253746032714844
19492,60.547119140625
19493,48.281394958496094
19494,76.05516052246094
19495,63.95186233520508
19496,34.92383575439453
19497,29.7686710357666
19498,35.53510665893555
19499,49.6686897277832
19500,59.753028869628906
19501,48.085994720458984
19502,73.75430297851562
19503,67.75450134277344
19504,36.594539642333984
19505,29.54155921936035
19506,38.614044189453125
19507,49.49553680419922
19508,63.93011474609375
19509,49.811885833740234
19510,75.75418853759766
19511,50.16682052612305
19512,40.365135192871094
19513,41.77508544921875
19514,37.773128509521484
19515,25.833526611328125
19516,65.1294937133789
19517,32.51204299926758
19518,70.81642150878906
19519,65.60768127441406
19520,36.46708679199219
19521,30.386005401611328
19522,33.38463592529297
19523,44.856178283691406
19524,62.53569412231445
19525,46.3714599609375
19526,75.04087829589844
19527,62.6558723449707
19528,40.111839294433594
19529,32.77863311767578
19530,37.22333526611328
19531,41.197208404541016
19532,61.62139129638672
19533,39.4581184387207
19534,80.5364761352539
19535,62.98374938964844
19536,39.594642639160156
19537,30.985103607177734
19538,40.59381103515625
19539,42.427757263183594
19540,69.43036651611328
19541,45.243221282958984
19542,79.73899841308594
19543,71.8069839477539
19544,39.78263473510742
19545,30.7988224029541
19546,41.11048889160156
19547,53.355709075927734
19548,71.36155700683594
19549,52.37641143798828
19550,84.90235900878906
19551,65.49679565429688
19552,36.838104248046875
19553,30.162738800048828
19554,38.75486755371094
19555,46.00230407714844
19556,65.53826904296875
19557,47.59282302856445
19558,77.44184875488281
19559,67.40328979492188
19560,34.19390106201172
19561,32.845298767089844
19562,36.679466247558594
19563,52.192413330078125
19564,63.76758575439453
19565,54.760643005371094
19566,74.96083068847656
19567,67.9391098022461
19568,37.419029235839844
19569,30.86043930053711
19570,36.9749641418457
19571,51.51564407348633
19572,59.79031753540039
19573,50.46944046020508
19574,72.63278198242188
19575,63.571937561035156
19576,34.21149444580078
19577,23.51865005493164
19578,38.304161071777344
19579,49.853302001953125
19580,64.96965789794922
19581,50.09966278076172
19582,83.32062530517578
19583,66.19499206542969
19584,39.310585021972656
19585,28.911422729492188
19586,37.54884338378906
19587,48.17821502685547
19588,64.64495849609375
19589,47.21026611328125
19590,78.04810333251953
19591,64.90049743652344
19592,38.82099151611328
19593,31.570171356201172
19594,36.290863037109375
19595,46.92218780517578
19596,64.16246795654297
19597,46.327335357666016
19598,73.8791732788086
19599,68.8944091796875
19600,37.34757995605469
19601,29.863082885742188
19602,38.80421829223633
19603,51.99609375
19604,67.01461029052734
19605,49.518131256103516
19606,79.79196166992188
19607,66.60990142822266
19608,35.199398040771484
19609,28.60725212097168
19610,30.229982376098633
19611,42.54204559326172
19612,62.40475082397461
19613,43.289649963378906
19614,72.25848388671875
19615,71.38035583496094
19616,30.04495620727539
19617,28.687135696411133
19618,37.695186614990234
19619,48.94896697998047
19620,66.63616180419922
19621,54.02275466918945
19622,80.9864730834961
19623,68.55449676513672
19624,38.86870574951172
19625,28.654735565185547
19626,36.531105041503906
19627,44.06529235839844
19628,51.83769989013672
19629,43.197357177734375
19630,82.2617416381836
19631,65.40825653076172
19632,36.74847412109375
19633,31.241371154785156
19634,36.91485595703125
19635,48.62598419189453
19636,64.25581359863281
19637,47.994319915771484
19638,75.68295288085938
19639,68.76957702636719
19640,43.874183654785156
19641,33.4559211730957
19642,36.16720199584961
19643,48.541412353515625
19644,66.38909149169922
19645,44.799842834472656
19646,76.26960754394531
19647,65.62031555175781
19648,32.61211395263672
19649,25.07965660095215
19650,38.78435516357422
19651,48.53162384033203
19652,66.92584991455078
19653,49.92768096923828
19654,77.46021270751953
19655,62.810577392578125
19656,40.238285064697266
19657,31.186805725097656
19658,35.89434051513672
19659,42.932029724121094
19660,67.83467102050781
19661,42.362030029296875
19662,77.85540771484375
19663,69.32411193847656
19664,41.26335906982422
19665,28.35233497619629
19666,36.07040786743164
19667,45.39868927001953
19668,67.69461059570312
19669,44.156471252441406
19670,80.45108032226562
19671,66.5691146850586
19672,39.081417083740234
19673,29.033061981201172
19674,40.68773651123047
19675,49.98717498779297
19676,60.69965362548828
19677,50.53744125366211
19678,73.2463150024414
19679,67.18655395507812
19680,36.841392517089844
19681,32.88623809814453
19682,38.11402130126953
19683,49.387123107910156
19684,65.73481750488281
19685,50.54753112792969
19686,76.03595733642578
19687,67.77351379394531
19688,39.244842529296875
19689,31.269107818603516
19690,38.954376220703125
19691,50.97591018676758
19692,64.98396301269531
19693,50.914268493652344
19694,71.66741943359375
19695,65.314453125
19696,31.478527069091797
19697,27.627410888671875
19698,38.32950973510742
19699,51.45002746582031
19700,70.5632095336914
19701,54.58916473388672
19702,83.70106506347656
19703,64.0528335571289
19704,32.8374137878418
19705,28.08226776123047
19706,35.30725860595703
19707,49.076744079589844
19708,59.725650787353516
19709,49.05926513671875
19710,71.29356384277344
19711,64.90266418457031
19712,37.413490295410156
19713,32.3343505859375
19714,35.97888946533203
19715,55.64886474609375
19716,58.735557556152344
19717,53.77770233154297
19718,73.91426086425781
19719,60.46338653564453
19720,36.34464645385742
19721,30.98886489868164
19722,37.416725158691406
19723,52.90238952636719
19724,66.98832702636719
19725,52.663047790527344
19726,76.26861572265625
19727,64.78236389160156
19728,38.8410530090332
19729,31.481164932250977
19730,36.393226623535156
19731,47.95151901245117
19732,61.2371826171875
19733,44.93208312988281
19734,75.82423400878906
19735,59.700233459472656
19736,41.11564636230469
19737,33.514400482177734
19738,42.27183532714844
19739,49.02854919433594
19740,58.80890655517578
19741,48.071990966796875
19742,65.97154235839844
19743,63.066375732421875
19744,31.468475341796875
19745,23.102680206298828
19746,37.60142517089844
19747,48.737125396728516
19748,65.98298645019531
19749,49.59668731689453
19750,77.72386169433594
19751,70.05093383789062
19752,36.756771087646484
19753,26.887615203857422
19754,37.85297393798828
19755,50.01737594604492
19756,65.89405059814453
19757,50.24787139892578
19758,79.83317565917969
19759,61.791175842285156
19760,38.52159881591797
19761,28.133920669555664
19762,34.18054962158203
19763,36.27375793457031
19764,64.88407897949219
19765,36.52121353149414
19766,75.9720458984375
19767,66.42436218261719
19768,38.0798225402832
19769,27.416854858398438
19770,37.61591339111328
19771,46.32952880859375
19772,59.71856689453125
19773,46.11017608642578
19774,76.72254180908203
19775,68.60917663574219
19776,39.74414825439453
19777,31.124053955078125
19778,36.420372009277344
19779,44.995445251464844
19780,66.27566528320312
19781,44.523590087890625
19782,80.27468872070312
19783,65.5826416015625
19784,36.3021354675293
19785,28.440217971801758
19786,36.72105026245117
19787,50.25738525390625
19788,60.482574462890625
19789,47.96426010131836
19790,76.09647369384766
19791,68.11921691894531
19792,34.98731994628906
19793,29.442340850830078
19794,34.396522521972656
19795,47.78992462158203
19796,61.031044006347656
19797,47.641029357910156
19798,75.06898498535156
19799,65.97099304199219
19800,34.72581481933594
19801,30.855552673339844
19802,39.498435974121094
19803,51.94080352783203
19804,63.68517303466797
19805,53.576698303222656
19806,78.20990753173828
19807,66.37447357177734
19808,36.31128692626953
19809,31.155378341674805
19810,36.929283142089844
19811,48.48044967651367
19812,55.73564147949219
19813,49.18682098388672
19814,75.05455017089844
19815,61.30034637451172
19816,34.21497344970703
19817,27.8421630859375
19818,37.69917297363281
19819,39.39830780029297
19820,57.7197151184082
19821,41.59764099121094
19822,72.31160736083984
19823,65.16985321044922
19824,34.41828155517578
19825,28.52828025817871
19826,42.052223205566406
19827,51.842987060546875
19828,62.99354553222656
19829,53.44062042236328
19830,73.57667541503906
19831,70.28790283203125
19832,38.913665771484375
19833,34.18461608886719
19834,36.0202522277832
19835,51.277557373046875
19836,62.43354415893555
19837,50.00281524658203
19838,75.94854736328125
19839,65.54338836669922
19840,41.776527404785156
19841,30.38237190246582
19842,38.75779342651367
19843,44.258514404296875
19844,64.68450164794922
19845,45.08340835571289
19846,73.78390502929688
19847,64.10877990722656
19848,39.99594497680664
19849,29.187599182128906
19850,35.25065994262695
19851,45.305328369140625
19852,65.68096923828125
19853,42.03139114379883
19854,78.99969482421875
19855,65.89822387695312
19856,44.32558059692383
19857,34.181358337402344
19858,38.577796936035156
19859,41.538787841796875
19860,62.800567626953125
19861,38.31788635253906
19862,78.62566375732422
19863,66.05937194824219
19864,38.85514831542969
19865,30.600534439086914
19866,36.2504997253418
19867,47.04569625854492
19868,67.50028991699219
19869,45.38987731933594
19870,77.8131332397461
19871,64.95983123779297
19872,36.44725799560547
19873,29.857261657714844
19874,37.186370849609375
19875,51.21257019042969
19876,59.51382827758789
19877,50.51173782348633
19878,69.28361511230469
19879,64.98346710205078
19880,38.509033203125
19881,29.140172958374023
19882,34.4896240234375
19883,44.26841735839844
19884,65.67889404296875
19885,43.419960021972656
19886,77.31806945800781
19887,67.29789733886719
19888,34.56610107421875
19889,26.943435668945312
19890,34.59502410888672
19891,44.486785888671875
19892,66.0530776977539
19893,46.18888854980469
19894,80.25062561035156
19895,66.10307312011719
19896,33.52580261230469
19897,23.350730895996094
19898,33.19982147216797
19899,48.13032531738281
19900,61.483028411865234
19901,46.94983673095703
19902,75.34295654296875
19903,66.93363952636719
19904,37.32362365722656
19905,28.466690063476562
19906,40.541908264160156
19907,49.310020446777344
19908,60.601776123046875
19909,51.552978515625
19910,79.0018310546875
19911,64.52233123779297
19912,35.78289794921875
19913,29.958351135253906
19914,35.76950454711914
19915,46.599281311035156
19916,57.95320129394531
19917,46.154788970947266
19918,71.78247833251953
19919,64.31803894042969
19920,35.04901123046875
19921,29.739330291748047
19922,37.023292541503906
19923,44.25472640991211
19924,59.46314239501953
19925,46.481178283691406
19926,76.41181945800781
19927,65.02630615234375
19928,40.74017333984375
19929,28.5211124420166
19930,40.13249588012695
19931,46.13322448730469
19932,65.99114990234375
19933,46.270057678222656
19934,79.87294006347656
19935,67.0003662109375
19936,41.14308547973633
19937,26.646896362304688
19938,37.33325958251953
19939,47.367462158203125
19940,68.27754211425781
19941,44.23504638671875
19942,79.14198303222656
19943,67.62043762207031
19944,38.459678649902344
19945,30.383285522460938
19946,39.23506546020508
19947,49.01726531982422
19948,62.84893798828125
19949,49.852752685546875
19950,73.96710205078125
19951,64.04371643066406
19952,36.620338439941406
19953,27.795513153076172
19954,41.67979431152344
19955,49.436012268066406
19956,64.72872924804688
19957,50.97582244873047
19958,85.18646240234375
19959,66.56854248046875
19960,41.63883972167969
19961,31.104034423828125
19962,40.90470504760742
19963,51.299373626708984
19964,67.3342056274414
19965,49.916587829589844
19966,78.92945861816406
19967,66.08493041992188
19968,36.84703063964844
19969,28.757883071899414
19970,42.129669189453125
19971,52.738059997558594
19972,56.50749206542969
19973,54.49768829345703
19974,77.45755004882812
19975,66.22874450683594
19976,37.4102783203125
19977,32.85263442993164
19978,38.60838317871094
19979,49.756591796875
19980,59.099891662597656
19981,47.91965103149414
19982,74.99433898925781
19983,64.83430480957031
19984,38.16120910644531
19985,31.357019424438477
19986,39.96335220336914
19987,50.308738708496094
19988,57.150848388671875
19989,51.60932922363281
19990,68.47593688964844
19991,67.26934051513672
19992,38.097843170166016
19993,28.82978057861328
19994,36.860382080078125
19995,48.12022399902344
19996,64.39132690429688
19997,46.73455810546875
19998,79.52507019042969
19999,67.8346939086914
20000,39.88178253173828
20001,31.068904876708984
20002,38.463218688964844
20003,48.66992950439453
20004,62.06645965576172
20005,46.1405029296875
20006,78.02188873291016
20007,65.53746795654297
20008,37.310062408447266
20009,33.55628204345703
20010,36.150062561035156
20011,47.9641227722168
20012,64.17583465576172
20013,46.52933120727539
20014,74.93653869628906
20015,66.87030029296875
20016,37.010955810546875
20017,27.229516983032227
20018,37.232154846191406
20019,50.01239776611328
20020,68.60841369628906
20021,50.04985809326172
20022,85.55964660644531
20023,66.50371551513672
20024,36.38557434082031
20025,30.674434661865234
20026,37.48625946044922
20027,47.6025390625
20028,65.64466857910156
20029,47.518516540527344
20030,80.33618927001953
20031,62.168609619140625
20032,42.874000549316406
20033,32.776580810546875
20034,41.656700134277344
20035,47.10851287841797
20036,61.845977783203125
20037,45.53201675415039
20038,72.9488525390625
20039,64.9091796875
20040,32.754878997802734
20041,26.850845336914062
20042,38.36643981933594
20043,51.57061767578125
20044,65.50117492675781
20045,53.65315246582031
20046,75.7896728515625
20047,66.40595245361328
20048,35.688568115234375
20049,30.183231353759766
20050,37.92420196533203
20051,51.6885986328125
20052,62.79521942138672
20053,51.47087097167969
20054,75.876220703125
20055,66.25623321533203
20056,35.90224838256836
20057,29.005056381225586
20058,35.66875457763672
20059,52.45233917236328
20060,61.622318267822266
20061,50.835731506347656
20062,76.93112182617188
20063,65.9322509765625
20064,38.171607971191406
20065,29.13857650756836
20066,45.73966979980469
20067,50.28998947143555
20068,65.95880889892578
20069,53.525291442871094
20070,77.851806640625
20071,69.10484313964844
20072,41.20218276977539
20073,27.382619857788086
20074,34.431549072265625
20075,42.63710021972656
20076,69.33192443847656
20077,42.20716857910156
20078,83.13404846191406
20079,63.98291015625
20080,35.830806732177734
20081,30.067073822021484
20082,39.450775146484375
20083,49.154327392578125
20084,69.03462219238281
20085,51.687721252441406
20086,79.5069580078125
20087,66.39511108398438
20088,38.16093444824219
20089,29.50116729736328
20090,37.556907653808594
20091,49.63103103637695
20092,64.40509796142578
20093,48.836753845214844
20094,79.53618621826172
20095,64.64056396484375
20096,36.91075134277344
20097,31.098979949951172
20098,38.24620819091797
20099,51.88441848754883
20100,65.74942016601562
20101,50.94255447387695
20102,78.28565979003906
20103,67.0634765625
20104,34.99557876586914
20105,31.86505126953125
20106,33.12149429321289
20107,49.23347854614258
20108,54.66920471191406
20109,47.80029296875
20110,74.87580108642578
20111,67.45346069335938
20112,30.55738067626953
20113,20.010848999023438
20114,35.45328140258789
20115,41.12259292602539
20116,63.91979217529297
20117,47.456146240234375
20118,79.43541717529297
20119,66.91126251220703
20120,39.16935729980469
20121,31.323530197143555
20122,38.43341064453125
20123,51.90245819091797
20124,71.50570678710938
20125,49.05815124511719
20126,82.03006744384766
20127,74.34053802490234
20128,42.841156005859375
20129,28.40114974975586
20130,38.22649383544922
20131,46.13446044921875
20132,74.80240631103516
20133,45.518924713134766
20134,91.35302734375
20135,63.89530944824219
20136,37.948822021484375
20137,29.328805923461914
20138,39.339500427246094
20139,48.235565185546875
20140,63.42146682739258
20141,49.00032424926758
20142,75.66018676757812
20143,66.74513244628906
20144,38.90430450439453
20145,28.865772247314453
20146,37.093528747558594
20147,51.60544204711914
20148,60.82782745361328
20149,48.34343719482422
20150,75.97181701660156
20151,65.43679809570312
20152,35.23200988769531
20153,26.156551361083984
20154,38.29142761230469
20155,50.34938430786133
20156,61.71929168701172
20157,51.91728591918945
20158,71.70840454101562
20159,64.1194076538086
20160,40.068359375
20161,30.71247100830078
20162,36.9112548828125
20163,48.09425354003906
20164,64.47413635253906
20165,46.133880615234375
20166,73.56180572509766
20167,65.06661224365234
20168,39.52180480957031
20169,28.456710815429688
20170,34.903873443603516
20171,44.10625457763672
20172,66.87565612792969
20173,42.309391021728516
20174,77.67611694335938
20175,64.3656997680664
20176,33.22601318359375
20177,27.95532989501953
20178,35.81673812866211
20179,45.2395133972168
20180,58.91899490356445
20181,47.3262939453125
20182,70.31629943847656
20183,60.35285568237305
20184,37.26740646362305
20185,30.327617645263672
20186,40.92326354980469
20187,46.2105827331543
20188,61.91265106201172
20189,48.67241668701172
20190,69.24851989746094
20191,62.541290283203125
20192,35.30267333984375
20193,27.507068634033203
20194,37.41993713378906
20195,57.48892593383789
20196,64.29766845703125
20197,54.593257904052734
20198,77.1257553100586
20199,61.12818145751953
20200,39.703636169433594
20201,29.645719528198242
20202,41.88013458251953
20203,49.56440734863281
20204,61.97709274291992
20205,50.87886428833008
20206,74.31503295898438
20207,65.28317260742188
20208,37.69287872314453
20209,28.560447692871094
20210,42.940921783447266
20211,42.92341613769531
20212,60.588523864746094
20213,46.82957077026367
20214,72.94625854492188
20215,71.45746612548828
20216,38.398765563964844
20217,24.88552474975586
20218,39.1412467956543
20219,50.20594024658203
20220,66.77883911132812
20221,50.41682434082031
20222,83.21855926513672
20223,67.6124267578125
20224,37.48395538330078
20225,29.19245719909668
20226,38.95835876464844
20227,47.2401008605957
20228,57.04443359375
20229,48.547760009765625
20230,79.85545349121094
20231,59.851898193359375
20232,38.15570831298828
20233,36.19652557373047
20234,31.299579620361328
20235,59.49835968017578
20236,65.9798355102539
20237,54.603721618652344
20238,76.48526000976562
20239,67.06330871582031
20240,37.32383728027344
20241,29.309213638305664
20242,38.946266174316406
20243,45.71177673339844
20244,63.81742858886719
20245,48.909523010253906
20246,79.43389892578125
20247,67.27680969238281
20248,36.765113830566406
20249,30.677486419677734
20250,40.875885009765625
20251,48.998870849609375
20252,64.11550903320312
20253,52.252071380615234
20254,78.56697082519531
20255,65.00167846679688
20256,37.01496887207031
20257,28.796602249145508
20258,38.7352409362793
20259,49.30467987060547
20260,68.06620788574219
20261,49.15709686279297
20262,82.82060241699219
20263,63.95789337158203
20264,37.423580169677734
20265,31.452682495117188
20266,37.98057556152344
20267,45.478485107421875
20268,66.2387466430664
20269,47.26596450805664
20270,77.22746276855469
20271,75.00849914550781
20272,42.26475524902344
20273,33.169960021972656
20274,30.952686309814453
20275,52.56031036376953
20276,54.43678283691406
20277,47.41664123535156
20278,71.63162994384766
20279,71.02556610107422
20280,41.34667205810547
20281,28.947481155395508
20282,39.27826690673828
20283,49.61241149902344
20284,66.26319885253906
20285,48.19297790527344
20286,89.99147033691406
20287,67.27576446533203
20288,40.844993591308594
20289,32.560707092285156
20290,38.289546966552734
20291,46.37400817871094
20292,59.947731018066406
20293,44.812904357910156
20294,78.4900131225586
20295,65.51683044433594
20296,38.176918029785156
20297,28.45328140258789
20298,41.13755416870117
20299,47.765625
20300,70.63333129882812
20301,48.02968978881836
20302,83.98989868164062
20303,64.75234985351562
20304,41.785621643066406
20305,29.690948486328125
20306,42.591522216796875
20307,47.32986831665039
20308,63.33767318725586
20309,47.44266128540039
20310,78.21277618408203
20311,65.05827331542969
20312,34.71007537841797
20313,29.09795570373535
20314,36.04803466796875
20315,51.51525115966797
20316,68.2542724609375
20317,51.992469787597656
20318,79.69684600830078
20319,65.34219360351562
20320,38.00680923461914
20321,31.138551712036133
20322,38.952674865722656
20323,47.31645202636719
20324,57.39421081542969
20325,49.18343734741211
20326,73.86546325683594
20327,63.824459075927734
20328,36.7042236328125
20329,30.86309051513672
20330,36.5162353515625
20331,47.01746368408203
20332,64.79637145996094
20333,47.0191764831543
20334,75.27059173583984
20335,67.49234771728516
20336,40.557228088378906
20337,30.036405563354492
20338,37.36457824707031
20339,46.3586540222168
20340,57.57604217529297
20341,44.48284912109375
20342,68.04886627197266
20343,66.34852600097656
20344,37.820350646972656
20345,31.219743728637695
20346,40.19110107421875
20347,50.29228210449219
20348,66.74774169921875
20349,52.742801666259766
20350,78.82899475097656
20351,68.22250366210938
20352,45.07190704345703
20353,31.58031463623047
20354,34.89630889892578
20355,46.706153869628906
20356,54.68756103515625
20357,43.54543685913086
20358,72.35464477539062
20359,69.13729858398438
20360,38.609710693359375
20361,32.3709716796875
20362,36.224159240722656
20363,52.672821044921875
20364,65.08135986328125
20365,51.95026397705078
20366,75.54601287841797
20367,59.94673156738281
20368,35.45696258544922
20369,28.428422927856445
20370,40.53116989135742
20371,46.69352722167969
20372,57.87590026855469
20373,49.47575759887695
20374,76.90272521972656
20375,66.82260131835938
20376,33.89814376831055
20377,25.291534423828125
20378,38.152259826660156
20379,47.58317184448242
20380,61.796329498291016
20381,51.529930114746094
20382,76.44387817382812
20383,67.54519653320312
20384,38.4323616027832
20385,29.56446075439453
20386,37.583473205566406
20387,49.038734436035156
20388,64.53026580810547
20389,49.78546905517578
20390,72.68132019042969
20391,71.54985046386719
20392,35.73893737792969
20393,28.34482765197754
20394,34.17107009887695
20395,46.31250762939453
20396,71.28289031982422
20397,48.03218460083008
20398,83.54888916015625
20399,61.769439697265625
20400,37.1971321105957
20401,32.08012390136719
20402,37.844154357910156
20403,46.914119720458984
20404,52.97593307495117
20405,47.557926177978516
20406,66.75836181640625
20407,67.35820007324219
20408,41.18689727783203
20409,33.74693298339844
20410,39.166107177734375
20411,51.060543060302734
20412,68.19682312011719
20413,47.58838653564453
20414,80.88833618164062
20415,65.7808837890625
20416,37.77784729003906
20417,30.40157699584961
20418,38.0577392578125
20419,49.2251091003418
20420,59.50640869140625
20421,48.693363189697266
20422,75.23939514160156
20423,62.016292572021484
20424,31.037443161010742
20425,30.518169403076172
20426,42.68806457519531
20427,52.64849090576172
20428,61.47836685180664
20429,61.551605224609375
20430,78.28175354003906
20431,65.56051635742188
20432,36.23676300048828
20433,30.52098846435547
20434,39.713836669921875
20435,56.5532341003418
20436,64.44718170166016
20437,54.03302764892578
20438,78.94227600097656
20439,64.0009765625
20440,38.763309478759766
20441,30.739988327026367
20442,38.86988067626953
20443,43.965309143066406
20444,65.59815979003906
20445,46.32145690917969
20446,81.32366943359375
20447,61.769439697265625
20448,37.1971321105957
20449,32.08012390136719
20450,37.844154357910156
20451,46.914119720458984
20452,52.97593307495117
20453,47.557926177978516
20454,66.75836181640625
20455,67.61244201660156
20456,30.493305206298828
20457,26.898574829101562
20458,40.91667938232422
20459,49.55377197265625
20460,65.82783508300781
20461,50.882965087890625
20462,77.79551696777344
20463,64.1861572265625
20464,39.26548767089844
20465,28.082124710083008
20466,41.1884765625
20467,50.690834045410156
20468,57.91297912597656
20469,53.136024475097656
20470,71.23904418945312
20471,64.1861572265625
20472,39.26548767089844
20473,28.082124710083008
20474,41.1884765625
20475,50.690834045410156
20476,57.91297912597656
20477,53.136024475097656
20478,71.23904418945312
20479,62.45075988769531
20480,35.41312026977539
20481,32.91260528564453
20482,37.864139556884766
20483,48.396087646484375
20484,63.83300018310547
20485,49.66656494140625
20486,65.69843292236328
20487,67.05604553222656
20488,39.03582000732422
20489,34.787349700927734
20490,38.68624496459961
20491,45.722816467285156
20492,59.80755615234375
20493,46.2447509765625
20494,72.7040786743164
20495,64.23768615722656
20496,32.800758361816406
20497,31.244558334350586
20498,36.25566864013672
20499,53.658714294433594
20500,64.0879135131836
20501,53.990936279296875
20502,75.72189331054688
20503,64.79624938964844
20504,39.58491134643555
20505,35.29030227661133
20506,37.859771728515625
20507,49.83753204345703
20508,57.68259048461914
20509,50.27229309082031
20510,68.30622100830078
20511,52.27825927734375
20512,37.09651184082031
20513,45.958290100097656
20514,32.544952392578125
20515,51.16179656982422
20516,60.63227081298828
20517,60.507164001464844
20518,36.45635223388672
20519,34.07978057861328
20520,45.739784240722656
20521,56.263587951660156
20522,62.78160858154297
20523,57.45677185058594
20524,69.26581573486328
20525,64.39089965820312
20526,34.79938507080078
20527,32.902015686035156
20528,40.170169830322266
20529,52.13398742675781
20530,61.69371795654297
20531,53.5135612487793
20532,76.51238250732422
20533,66.57949829101562
20534,40.09735870361328
20535,45.593135833740234
20536,46.20289993286133
20537,64.59725952148438
20538,56.58186340332031
20539,66.58152770996094
20540,63.16987609863281
20541,65.3881607055664
20542,50.873626708984375
20543,34.21656036376953
20544,43.82672119140625
20545,41.42300033569336
20546,69.8929443359375
20547,43.4224739074707
20548,76.63699340820312
20549,68.08899688720703
20550,38.75419616699219
20551,30.50475311279297
20552,40.11114501953125
20553,54.04998016357422
20554,68.66007995605469
20555,51.69901657104492
20556,79.8592529296875
20557,46.243682861328125
20558,41.96196746826172
20559,25.0545597076416
20560,41.19019317626953
20561,28.683631896972656
20562,55.6082878112793
20563,27.861637115478516
20564,70.97419738769531
20565,64.3837890625
20566,35.756431579589844
20567,31.14264678955078
20568,37.40313720703125
20569,47.178192138671875
20570,63.74382781982422
20571,48.39555358886719
20572,74.55470275878906
20573,63.610836029052734
20574,38.603126525878906
20575,28.124330520629883
20576,36.97845458984375
20577,45.57566833496094
20578,68.94892883300781
20579,40.945167541503906
20580,85.10442352294922
20581,62.0365104675293
20582,39.94247817993164
20583,30.065547943115234
20584,43.126930236816406
20585,42.01502990722656
20586,65.95028686523438
20587,44.97087097167969
20588,78.23876953125
20589,65.91375732421875
20590,35.39293670654297
20591,29.583017349243164
20592,39.624515533447266
20593,52.262046813964844
20594,60.31581497192383
20595,50.608970642089844
20596,71.25428771972656
20597,64.77601623535156
20598,39.396602630615234
20599,31.990575790405273
20600,38.43717575073242
20601,46.300132751464844
20602,67.56451416015625
20603,45.37942886352539
20604,77.90158081054688
20605,65.02687072753906
20606,39.52631378173828
20607,33.23431396484375
20608,43.271183013916016
20609,50.82569885253906
20610,64.5796127319336
20611,51.219886779785156
20612,74.74014282226562
20613,62.81706619262695
20614,41.18377685546875
20615,28.930086135864258
20616,36.85647964477539
20617,44.875484466552734
20618,69.21833801269531
20619,43.051124572753906
20620,78.98553466796875
20621,68.77029418945312
20622,35.140380859375
20623,27.896259307861328
20624,37.22494888305664
20625,46.08745574951172
20626,58.88859558105469
20627,50.534912109375
20628,80.67320251464844
20629,68.15690612792969
20630,36.1386833190918
20631,26.235179901123047
20632,35.801292419433594
20633,49.50138473510742
20634,64.17115783691406
20635,48.673736572265625
20636,73.80612182617188
20637,63.30577087402344
20638,39.78636169433594
20639,28.09854507446289
20640,38.960205078125
20641,47.51957702636719
20642,63.91131591796875
20643,46.759300231933594
20644,75.86311340332031
20645,55.41272735595703
20646,34.72795104980469
20647,29.46611213684082
20648,42.511436462402344
20649,41.263893127441406
20650,63.67066192626953
20651,47.98894119262695
20652,74.7838363647461
20653,68.04318237304688
20654,34.63642120361328
20655,31.896778106689453
20656,30.850828170776367
20657,46.83958435058594
20658,58.66402816772461
20659,47.37421798706055
20660,68.09349822998047
20661,62.635475158691406
20662,37.52601623535156
20663,29.088245391845703
20664,36.86882019042969
20665,41.68690872192383
20666,58.001773834228516
20667,45.16267395019531
20668,74.7645492553711
20669,65.58556365966797
20670,36.938941955566406
20671,30.649452209472656
20672,34.7794189453125
20673,46.5567626953125
20674,64.0972900390625
20675,49.14100646972656
20676,75.91162109375
20677,67.6029052734375
20678,34.882041931152344
20679,28.521358489990234
20680,38.900665283203125
20681,48.22418975830078
20682,64.41583251953125
20683,52.21411895751953
20684,80.6821517944336
20685,68.9488525390625
20686,42.85054016113281
20687,34.43793487548828
20688,37.25995635986328
20689,47.79338073730469
20690,66.32930755615234
20691,45.24156188964844
20692,77.73841094970703
20693,64.69044494628906
20694,40.54865264892578
20695,29.883270263671875
20696,36.61323547363281
20697,47.88365173339844
20698,67.18099975585938
20699,44.13185119628906
20700,77.01441192626953
20701,63.981388092041016
20702,37.512672424316406
20703,31.6126651763916
20704,38.89500427246094
20705,50.35152816772461
20706,65.12013244628906
20707,51.237613677978516
20708,76.2192153930664
20709,61.72632598876953
20710,35.272178649902344
20711,30.798398971557617
20712,42.03486251831055
20713,49.831321716308594
20714,67.10385131835938
20715,53.73126220703125
20716,76.09060668945312
20717,70.72490692138672
20718,35.78327941894531
20719,27.27741241455078
20720,38.557315826416016
20721,44.244144439697266
20722,66.17398071289062
20723,48.814842224121094
20724,76.54878997802734
20725,65.42716979980469
20726,38.58776092529297
20727,30.390880584716797
20728,35.92283630371094
20729,50.05083465576172
20730,59.9998664855957
20731,46.784820556640625
20732,77.92129516601562
20733,58.583614349365234
20734,38.290069580078125
20735,32.18204879760742
20736,38.301551818847656
20737,50.357879638671875
20738,53.65423583984375
20739,44.29894256591797
20740,67.24063110351562
20741,68.71745300292969
20742,48.34694290161133
20743,29.084339141845703
20744,40.609886169433594
20745,60.96997833251953
20746,63.843658447265625
20747,52.08544921875
20748,77.66104125976562
20749,63.75482177734375
20750,38.47954559326172
20751,28.578208923339844
20752,41.22932434082031
20753,47.34187316894531
20754,66.78595733642578
20755,48.644775390625
20756,77.20932006835938
20757,65.64892578125
20758,40.44733810424805
20759,31.424835205078125
20760,38.54615020751953
20761,51.49491500854492
20762,66.71833038330078
20763,50.338592529296875
20764,77.13883209228516
20765,61.207435607910156
20766,37.313209533691406
20767,28.178237915039062
20768,35.25486755371094
20769,40.48622131347656
20770,61.228511810302734
20771,41.581634521484375
20772,75.94819641113281
20773,64.17609405517578
20774,40.9073486328125
20775,33.47038650512695
20776,40.64685821533203
20777,47.031044006347656
20778,64.8372802734375
20779,47.62075424194336
20780,76.36246490478516
20781,65.77242279052734
20782,37.28465270996094
20783,31.873088836669922
20784,39.599334716796875
20785,52.24577331542969
20786,61.857261657714844
20787,50.90778732299805
20788,86.09895324707031
20789,66.69607543945312
20790,36.66703796386719
20791,30.27417755126953
20792,35.549293518066406
20793,50.20488357543945
20794,67.33660888671875
20795,49.83894729614258
20796,77.8809814453125
20797,66.66770935058594
20798,38.858848571777344
20799,31.105579376220703
20800,35.37128448486328
20801,46.56779479980469
20802,63.03568649291992
20803,45.37483596801758
20804,74.1393051147461
20805,65.67874145507812
20806,36.75736999511719
20807,28.950998306274414
20808,38.36470031738281
20809,51.8937873840332
20810,67.44454193115234
20811,52.673492431640625
20812,78.31936645507812
20813,66.92868041992188
20814,36.845252990722656
20815,31.692543029785156
20816,36.08705520629883
20817,48.261009216308594
20818,64.67897033691406
20819,47.66795349121094
20820,75.94783020019531
20821,62.82135772705078
20822,38.963279724121094
20823,31.545690536499023
20824,35.45441436767578
20825,44.88908386230469
20826,55.7038459777832
20827,42.48168182373047
20828,73.36861419677734
20829,66.2991943359375
20830,36.567710876464844
20831,27.894149780273438
20832,37.84413528442383
20833,50.90228271484375
20834,64.9740982055664
20835,49.294837951660156
20836,80.31485748291016
20837,66.95404052734375
20838,39.61207580566406
20839,26.865358352661133
20840,38.81183624267578
20841,44.40578079223633
20842,65.007080078125
20843,45.175987243652344
20844,83.50304412841797
20845,65.91366577148438
20846,38.60938262939453
20847,31.846220016479492
20848,42.0683479309082
20849,51.70353698730469
20850,69.0111083984375
20851,54.402793884277344
20852,76.92030334472656
20853,67.154052734375
20854,37.02482604980469
20855,30.352201461791992
20856,41.566383361816406
20857,50.4383544921875
20858,63.715938568115234
20859,51.98688888549805
20860,74.09398651123047
20861,62.62830352783203
20862,40.665035247802734
20863,32.94305419921875
20864,37.79157257080078
20865,45.65312957763672
20866,62.37136459350586
20867,44.50425338745117
20868,72.42007446289062
20869,64.77114868164062
20870,33.46070098876953
20871,29.19841766357422
20872,35.443336486816406
20873,49.21147918701172
20874,67.01715087890625
20875,49.37870407104492
20876,76.83847045898438
20877,66.5538330078125
20878,35.04913330078125
20879,27.472938537597656
20880,41.07771301269531
20881,55.26728439331055
20882,69.43106842041016
20883,56.22947311401367
20884,84.39036560058594
20885,71.59967041015625
20886,38.874961853027344
20887,29.152816772460938
20888,40.69025421142578
20889,48.59532165527344
20890,74.2959213256836
20891,54.24252700805664
20892,88.20515441894531
20893,66.138916015625
20894,41.575286865234375
20895,30.03423500061035
20896,39.220436096191406
20897,47.05562210083008
20898,68.3123550415039
20899,45.33283233642578
20900,80.59333801269531
20901,67.12340545654297
20902,38.437644958496094
20903,29.605083465576172
20904,38.336875915527344
20905,47.81779479980469
20906,57.26670837402344
20907,46.82159423828125
20908,77.83512878417969
20909,60.44072341918945
20910,38.56643295288086
20911,30.375259399414062
20912,42.297218322753906
20913,49.27832794189453
20914,63.846656799316406
20915,51.89630889892578
20916,73.63771057128906
20917,68.49186706542969
20918,37.1674690246582
20919,28.2493953704834
20920,37.597625732421875
20921,48.42529296875
20922,61.42669677734375
20923,50.030853271484375
20924,80.90473175048828
20925,61.77576446533203
20926,35.21162796020508
20927,30.850053787231445
20928,38.07500457763672
20929,45.28519821166992
20930,60.15485382080078
20931,46.714111328125
20932,70.02027130126953
20933,68.07942962646484
20934,32.64887619018555
20935,29.097454071044922
20936,41.11323928833008
20937,49.49143600463867
20938,65.32393646240234
20939,54.340484619140625
20940,83.062744140625
20941,65.72206115722656
20942,44.02389907836914
20943,31.60973358154297
20944,32.929603576660156
20945,44.88976287841797
20946,67.73387145996094
20947,39.12638854980469
20948,77.48472595214844
20949,67.06260681152344
20950,39.732749938964844
20951,28.715560913085938
20952,42.7314338684082
20953,50.184051513671875
20954,67.4757308959961
20955,51.10639190673828
20956,83.70211791992188
20957,66.16986083984375
20958,37.043701171875
20959,30.420761108398438
20960,37.40059280395508
20961,50.082149505615234
20962,57.81654357910156
20963,51.587806701660156
20964,71.70701599121094
20965,64.78124237060547
20966,37.90058898925781
20967,30.783132553100586
20968,38.999176025390625
20969,50.94608688354492
20970,70.0894775390625
20971,51.008155822753906
20972,79.0687484741211
20973,59.87786865234375
20974,36.64031982421875
20975,31.93976402282715
20976,45.76448059082031
20977,44.11747741699219
20978,60.53125762939453
20979,54.23463439941406
20980,82.46829223632812
20981,65.47294616699219
20982,39.196136474609375
20983,30.683135986328125
20984,37.191986083984375
20985,46.366798400878906
20986,63.67760467529297
20987,46.07819366455078
20988,74.8843002319336
20989,64.63289642333984
20990,33.40977096557617
20991,30.550029754638672
20992,34.5767936706543
20993,47.382286071777344
20994,55.52781295776367
20995,47.83980941772461
20996,66.14744567871094
20997,65.05622100830078
20998,32.908409118652344
20999,30.148847579956055
21000,34.532318115234375
21001,50.4679069519043
21002,62.48149871826172
21003,49.20741271972656
21004,76.64276885986328
21005,65.72789001464844
21006,35.35090637207031
21007,31.63623046875
21008,30.550506591796875
21009,47.177757263183594
21010,59.12864685058594
21011,44.21997833251953
21012,66.75149536132812
21013,65.64163970947266
21014,39.50780487060547
21015,30.660982131958008
21016,39.306312561035156
21017,48.67094802856445
21018,66.49501037597656
21019,48.18370819091797
21020,83.25350189208984
21021,67.48339080810547
21022,37.550689697265625
21023,29.484874725341797
21024,37.196285247802734
21025,46.090858459472656
21026,67.56828308105469
21027,45.57685852050781
21028,80.67691040039062
21029,66.398193359375
21030,37.454437255859375
21031,32.465782165527344
21032,39.47307586669922
21033,41.141544342041016
21034,61.0450439453125
21035,41.90493392944336
21036,81.90629577636719
21037,66.89103698730469
21038,38.79282760620117
21039,32.7598876953125
21040,36.18799591064453
21041,49.524417877197266
21042,58.2039794921875
21043,48.302032470703125
21044,75.49128723144531
21045,66.17799377441406
21046,35.02013397216797
21047,27.917407989501953
21048,36.93175506591797
21049,51.03510284423828
21050,58.41737365722656
21051,50.75836181640625
21052,73.84423828125
21053,55.11902618408203
21054,37.59822082519531
21055,22.449909210205078
21056,30.0537109375
21057,26.914403915405273
21058,58.01850128173828
21059,27.333984375
21060,70.45800018310547
21061,64.74897003173828
21062,37.747066497802734
21063,29.97243309020996
21064,38.031429290771484
21065,49.162437438964844
21066,68.58267211914062
21067,48.87846755981445
21068,82.77392578125
21069,64.0311508178711
21070,36.4385986328125
21071,28.59731674194336
21072,38.99214553833008
21073,45.40135192871094
21074,67.67105102539062
21075,48.73194885253906
21076,84.75059509277344
21077,66.02314758300781
21078,38.437767028808594
21079,28.75010871887207
21080,38.97639846801758
21081,50.484588623046875
21082,70.39968872070312
21083,46.994384765625
21084,81.081298828125
21085,65.17292785644531
21086,33.47571563720703
21087,32.465354919433594
21088,46.95758056640625
21089,59.14763641357422
21090,64.2463150024414
21091,60.78544616699219
21092,72.82516479492188
21093,44.26325225830078
21094,44.29169464111328
21095,41.20344543457031
21096,45.70845031738281
21097,30.531126022338867
21098,63.81208038330078
21099,37.961875915527344
21100,70.7330551147461
21101,67.86026000976562
21102,35.121856689453125
21103,28.839618682861328
21104,37.07240676879883
21105,51.149295806884766
21106,68.50192260742188
21107,51.71976089477539
21108,78.63665008544922
21109,60.947364807128906
21110,38.51368713378906
21111,33.228179931640625
21112,39.10542297363281
21113,48.017601013183594
21114,57.46275329589844
21115,48.934226989746094
21116,66.58668518066406
21117,65.93783569335938
21118,39.45541763305664
21119,29.944290161132812
21120,40.41556167602539
21121,47.133949279785156
21122,67.29839324951172
21123,48.625972747802734
21124,79.59300994873047
21125,64.61087036132812
21126,44.9475212097168
21127,32.959102630615234
21128,36.67835998535156
21129,47.856536865234375
21130,63.051666259765625
21131,44.10012435913086
21132,73.75154113769531
21133,64.07228088378906
21134,36.976661682128906
21135,29.75533676147461
21136,38.554039001464844
21137,48.66746139526367
21138,66.6397476196289
21139,49.48381805419922
21140,77.55679321289062
21141,66.163818359375
21142,28.387054443359375
21143,29.094955444335938
21144,35.58226013183594
21145,49.880889892578125
21146,60.883384704589844
21147,50.750709533691406
21148,73.8807144165039
21149,63.240814208984375
21150,35.8510856628418
21151,26.69196128845215
21152,39.807918548583984
21153,47.93309020996094
21154,65.9430923461914
21155,49.22990417480469
21156,76.70915222167969
21157,67.88523864746094
21158,33.87220001220703
21159,31.63762664794922
21160,38.962608337402344
21161,53.14524841308594
21162,62.14095687866211
21163,54.24489974975586
21164,75.3279800415039
21165,67.7095947265625
21166,38.726783752441406
21167,31.898107528686523
21168,36.3632698059082
21169,51.69063949584961
21170,65.79354858398438
21171,49.35919189453125
21172,77.0946044921875
21173,65.33951568603516
21174,37.74065017700195
21175,31.073448181152344
21176,37.621768951416016
21177,51.057594299316406
21178,65.36357116699219
21179,49.452816009521484
21180,82.68565368652344
21181,61.45677185058594
21182,36.569766998291016
21183,21.722929000854492
21184,38.886695861816406
21185,36.88740158081055
21186,67.66682434082031
21187,42.54191589355469
21188,80.73452758789062
21189,64.83413696289062
21190,44.35533905029297
21191,29.94759750366211
21192,38.30874252319336
21193,45.001502990722656
21194,72.6116714477539
21195,38.908897399902344
21196,82.60810089111328
21197,67.92440032958984
21198,37.12906265258789
21199,29.792240142822266
21200,37.098663330078125
21201,48.70856475830078
21202,68.8324203491211
21203,50.38241195678711
21204,81.86563873291016
21205,65.32935333251953
21206,40.92357635498047
21207,27.278411865234375
21208,37.80403137207031
21209,51.80986404418945
21210,65.93765258789062
21211,50.741275787353516
21212,77.37715148925781
21213,65.24051666259766
21214,38.19145202636719
21215,32.06919860839844
21216,38.62066650390625
21217,48.434879302978516
21218,61.08173370361328
21219,48.05560302734375
21220,71.44906616210938
21221,64.98439025878906
21222,38.01419448852539
21223,27.129026412963867
21224,37.258453369140625
21225,50.2922248840332
21226,66.2032470703125
21227,50.5340576171875
21228,77.69496154785156
21229,69.99075317382812
21230,41.43120574951172
21231,27.9591064453125
21232,40.276573181152344
21233,49.839561462402344
21234,64.02092742919922
21235,50.902305603027344
21236,75.77175903320312
21237,68.66175079345703
21238,40.812835693359375
21239,27.874889373779297
21240,38.845970153808594
21241,46.384193420410156
21242,60.98802185058594
21243,45.17327117919922
21244,82.69660949707031
21245,66.98323822021484
21246,35.063629150390625
21247,25.797016143798828
21248,38.9024658203125
21249,43.91191101074219
21250,62.67778015136719
21251,47.55292510986328
21252,81.57493591308594
21253,66.76715087890625
21254,37.08479690551758
21255,29.199081420898438
21256,38.80937194824219
21257,48.87588119506836
21258,67.22099304199219
21259,48.95160675048828
21260,77.816162109375
21261,53.774993896484375
21262,39.73297882080078
21263,24.443923950195312
21264,40.29766082763672
21265,39.397979736328125
21266,60.99723815917969
21267,35.903343200683594
21268,68.99632263183594
21269,67.25975036621094
21270,41.889564514160156
21271,31.95397186279297
21272,40.8953971862793
21273,50.33128356933594
21274,69.0093994140625
21275,49.45032501220703
21276,90.1045150756836
21277,67.46322631835938
21278,37.024662017822266
21279,31.746509552001953
21280,37.98431396484375
21281,52.510223388671875
21282,54.97719192504883
21283,52.123443603515625
21284,78.85274505615234
21285,68.83683776855469
21286,41.36524963378906
21287,23.940372467041016
21288,43.35028839111328
21289,45.24821853637695
21290,55.71440124511719
21291,48.29639434814453
21292,80.65388488769531
21293,69.19691467285156
21294,38.45963668823242
21295,28.06264305114746
21296,38.839561462402344
21297,49.65007781982422
21298,66.045166015625
21299,50.38457489013672
21300,79.99100494384766
21301,66.21601867675781
21302,36.82476806640625
21303,32.075592041015625
21304,36.58898162841797
21305,52.14696502685547
21306,63.748069763183594
21307,49.47201919555664
21308,78.90142059326172
21309,64.80449676513672
21310,34.18056106567383
21311,28.093034744262695
21312,42.35200119018555
21313,51.31364059448242
21314,63.309410095214844
21315,53.15846252441406
21316,74.69794464111328
21317,63.09663772583008
21318,38.88287353515625
21319,21.611408233642578
21320,31.16143226623535
21321,37.20118713378906
21322,57.02672576904297
21323,32.63390350341797
21324,73.56690979003906
21325,66.28704833984375
21326,38.66697692871094
21327,31.343547821044922
21328,37.32115173339844
21329,45.64323425292969
21330,66.40028381347656
21331,46.15856170654297
21332,81.25464630126953
21333,65.26458740234375
21334,35.476722717285156
21335,29.89002227783203
21336,35.529483795166016
21337,50.49409484863281
21338,61.58644104003906
21339,49.53844451904297
21340,76.54972839355469
21341,63.10978698730469
21342,37.782745361328125
21343,28.1444149017334
21344,40.29559326171875
21345,48.55963134765625
21346,65.11410522460938
21347,49.487361907958984
21348,78.36373901367188
21349,65.01683044433594
21350,40.005584716796875
21351,30.68416404724121
21352,39.83686828613281
21353,43.462852478027344
21354,69.81953430175781
21355,42.58904266357422
21356,79.24615478515625
21357,64.22438049316406
21358,39.321144104003906
21359,28.581756591796875
21360,37.7944221496582
21361,44.056861877441406
21362,59.85643005371094
21363,44.66590881347656
21364,83.2002182006836
21365,67.78691101074219
21366,41.63173294067383
21367,33.69782638549805
21368,40.16357421875
21369,44.37593078613281
21370,67.4505615234375
21371,46.815345764160156
21372,80.25877380371094
21373,43.063819885253906
21374,39.985740661621094
21375,40.27847671508789
21376,40.491737365722656
21377,26.109176635742188
21378,72.18537902832031
21379,25.434913635253906
21380,81.83264923095703
21381,64.47510528564453
21382,41.57842254638672
21383,36.13042449951172
21384,36.25096130371094
21385,42.78450012207031
21386,60.98561096191406
21387,43.710472106933594
21388,69.67079162597656
21389,71.45164489746094
21390,34.04740905761719
21391,26.340835571289062
21392,30.84634780883789
21393,48.88518524169922
21394,71.54080200195312
21395,47.80511474609375
21396,83.86878967285156
21397,65.73631286621094
21398,33.83720779418945
21399,30.656497955322266
21400,37.214195251464844
21401,53.197792053222656
21402,67.53536987304688
21403,51.44695281982422
21404,79.78324127197266
21405,68.56057739257812
21406,35.13279724121094
21407,28.814990997314453
21408,37.576316833496094
21409,49.263832092285156
21410,66.53582763671875
21411,50.96768569946289
21412,78.9732666015625
21413,64.76982116699219
21414,36.59101486206055
21415,31.13719940185547
21416,37.65766906738281
21417,45.016029357910156
21418,63.30913162231445
21419,45.820709228515625
21420,71.36871337890625
21421,66.34425354003906
21422,37.46460723876953
21423,30.130504608154297
21424,35.4267578125
21425,50.006813049316406
21426,68.19639587402344
21427,48.5686149597168
21428,78.4025650024414
21429,59.92633056640625
21430,38.71278381347656
21431,32.092437744140625
21432,40.58067321777344
21433,48.047000885009766
21434,63.68467330932617
21435,48.14185333251953
21436,73.53890228271484
21437,63.89387893676758
21438,40.412506103515625
21439,34.95916748046875
21440,35.87989807128906
21441,55.162960052490234
21442,59.44682693481445
21443,54.389801025390625
21444,72.90281677246094
21445,67.39359283447266
21446,40.31513214111328
21447,32.46174240112305
21448,37.51410675048828
21449,45.812530517578125
21450,61.09007263183594
21451,45.84211349487305
21452,80.79364776611328
21453,65.96475219726562
21454,38.69824981689453
21455,29.696210861206055
21456,36.68106460571289
21457,46.07558059692383
21458,53.52722930908203
21459,46.73842239379883
21460,74.10955810546875
21461,65.40086364746094
21462,37.482200622558594
21463,30.995107650756836
21464,38.115623474121094
21465,48.677467346191406
21466,62.35744857788086
21467,48.53173065185547
21468,74.10774230957031
21469,67.80999755859375
21470,37.524566650390625
21471,30.387773513793945
21472,39.2781867980957
21473,54.94819641113281
21474,67.56332397460938
21475,54.1556282043457
21476,80.55020141601562
21477,68.4815444946289
21478,38.24637222290039
21479,27.787572860717773
21480,42.06855010986328
21481,52.167396545410156
21482,63.07765197753906
21483,51.7253303527832
21484,75.40934753417969
21485,65.33861541748047
21486,37.067527770996094
21487,32.398536682128906
21488,36.996952056884766
21489,48.61749267578125
21490,63.71554946899414
21491,47.935546875
21492,74.4110336303711
21493,66.75166320800781
21494,38.6932258605957
21495,30.4641056060791
21496,36.87702178955078
21497,46.376556396484375
21498,60.36597442626953
21499,43.193328857421875
21500,81.06423950195312
21501,64.56704711914062
21502,43.11745071411133
21503,33.109954833984375
21504,35.687644958496094
21505,43.90306854248047
21506,69.17962646484375
21507,41.596885681152344
21508,78.44625091552734
21509,67.4150390625
21510,37.28356170654297
21511,29.265396118164062
21512,39.58564758300781
21513,47.10404968261719
21514,56.34951400756836
21515,50.26589584350586
21516,83.3420639038086
21517,61.93994903564453
21518,41.15355682373047
21519,29.47527503967285
21520,39.18681716918945
21521,45.91108703613281
21522,65.51510620117188
21523,45.09674835205078
21524,75.41481018066406
21525,67.49629211425781
21526,38.52226257324219
21527,30.303714752197266
21528,38.570579528808594
21529,48.9616584777832
21530,62.74092102050781
21531,48.510284423828125
21532,75.80526733398438
21533,66.67500305175781
21534,38.91925811767578
21535,31.103567123413086
21536,39.52204132080078
21537,49.66025161743164
21538,61.64748001098633
21539,50.12916564941406
21540,71.79867553710938
21541,66.59735107421875
21542,34.94757080078125
21543,34.06322479248047
21544,36.7083740234375
21545,53.14352035522461
21546,57.05760955810547
21547,52.10932159423828
21548,71.1922378540039
21549,68.3945541381836
21550,38.96467590332031
21551,34.98191452026367
21552,33.04813766479492
21553,51.851776123046875
21554,61.67352294921875
21555,47.57622146606445
21556,75.95027160644531
21557,67.07410430908203
21558,40.50086975097656
21559,25.89028549194336
21560,38.20884704589844
21561,42.53715515136719
21562,69.42002868652344
21563,42.92510223388672
21564,82.96282196044922
21565,69.16065979003906
21566,32.7376708984375
21567,34.50461959838867
21568,37.97756576538086
21569,57.663429260253906
21570,69.15486907958984
21571,55.4841423034668
21572,81.58721923828125
21573,67.87269592285156
21574,39.00795364379883
21575,30.62143325805664
21576,35.46889877319336
21577,44.875701904296875
21578,66.30990600585938
21579,45.45975875854492
21580,77.74029541015625
21581,68.91786193847656
21582,42.783023834228516
21583,29.72128677368164
21584,37.23863983154297
21585,44.966590881347656
21586,60.38629913330078
21587,43.53955078125
21588,74.09931945800781
21589,65.93875122070312
21590,42.88838195800781
21591,31.397052764892578
21592,37.33465576171875
21593,44.888206481933594
21594,66.38297271728516
21595,43.19859313964844
21596,85.25608825683594
21597,60.98075866699219
21598,35.52323913574219
21599,30.30237579345703
21600,36.76599884033203
21601,45.968421936035156
21602,63.05793762207031
21603,45.829071044921875
21604,73.32007598876953
21605,63.64762878417969
21606,37.499786376953125
21607,28.761499404907227
21608,41.370758056640625
21609,48.002952575683594
21610,67.6605224609375
21611,50.641605377197266
21612,80.75215148925781
21613,65.5802230834961
21614,36.83727264404297
21615,27.179420471191406
21616,36.45011901855469
21617,48.02528381347656
21618,65.73170471191406
21619,47.3297233581543
21620,77.65740966796875
21621,69.18266296386719
21622,31.474058151245117
21623,33.3632698059082
21624,35.305633544921875
21625,59.056739807128906
21626,64.45974731445312
21627,58.33837890625
21628,81.05330657958984
21629,65.17964935302734
21630,36.20166015625
21631,27.950851440429688
21632,38.221153259277344
21633,47.65685272216797
21634,59.17878723144531
21635,48.108360290527344
21636,71.43132781982422
21637,64.05128479003906
21638,43.5066032409668
21639,27.987197875976562
21640,33.355018615722656
21641,38.454612731933594
21642,53.53974914550781
21643,29.111045837402344
21644,80.5300521850586
21645,62.02574920654297
21646,39.66740417480469
21647,26.764446258544922
21648,39.566314697265625
21649,44.119537353515625
21650,66.95741271972656
21651,44.63523483276367
21652,77.05705261230469
21653,64.83448791503906
21654,38.477745056152344
21655,30.951839447021484
21656,34.82158660888672
21657,46.24713897705078
21658,62.97197341918945
21659,44.10699462890625
21660,75.08795166015625
21661,67.54984283447266
21662,35.649742126464844
21663,28.3049373626709
21664,38.08697509765625
21665,51.39471435546875
21666,67.19731140136719
21667,51.52655792236328
21668,79.73668670654297
21669,80.44786071777344
21670,46.09073257446289
21671,50.34539794921875
21672,38.88533020019531
21673,68.00259399414062
21674,67.95951080322266
21675,56.206260681152344
21676,88.19219970703125
21677,67.34246826171875
21678,33.02162170410156
21679,31.30158805847168
21680,36.31938934326172
21681,44.73900604248047
21682,57.275230407714844
21683,46.11493682861328
21684,67.81838989257812
21685,64.23956298828125
21686,37.09577941894531
21687,29.293176651000977
21688,39.20943069458008
21689,48.88374328613281
21690,64.62747192382812
21691,49.41937255859375
21692,75.53799438476562
21693,66.70933532714844
21694,36.63105773925781
21695,31.746788024902344
21696,38.634700775146484
21697,50.21434020996094
21698,67.6295166015625
21699,52.86265563964844
21700,78.98265838623047
21701,70.50862121582031
21702,39.553131103515625
21703,28.676513671875
21704,35.282798767089844
21705,43.798675537109375
21706,69.71781921386719
21707,44.532798767089844
21708,83.57028198242188
21709,65.14884948730469
21710,40.61848449707031
21711,25.371986389160156
21712,39.298213958740234
21713,50.72607421875
21714,67.22695922851562
21715,48.8510856628418
21716,78.90185546875
21717,63.897705078125
21718,36.39472961425781
21719,26.81931495666504
21720,38.159523010253906
21721,46.285430908203125
21722,66.26641845703125
21723,45.47524642944336
21724,79.23880004882812
21725,64.3045654296875
21726,32.80710983276367
21727,30.926864624023438
21728,40.376922607421875
21729,55.251129150390625
21730,62.86054229736328
21731,54.18892288208008
21732,73.74578094482422
21733,61.876792907714844
21734,41.66499710083008
21735,30.921142578125
21736,37.175193786621094
21737,38.99825668334961
21738,59.919883728027344
21739,40.7818603515625
21740,71.69990539550781
21741,62.308746337890625
21742,38.283775329589844
21743,24.28148651123047
21744,36.884132385253906
21745,39.30227279663086
21746,69.16067504882812
21747,39.12302017211914
21748,82.22665405273438
21749,64.38864135742188
21750,34.2447509765625
21751,30.761669158935547
21752,40.51320266723633
21753,54.79017639160156
21754,64.17066955566406
21755,54.93749237060547
21756,74.27405548095703
21757,64.94990539550781
21758,39.96666717529297
21759,29.218616485595703
21760,40.46453857421875
21761,45.85823059082031
21762,68.60929870605469
21763,47.665069580078125
21764,81.77018737792969
21765,70.09014892578125
21766,40.89620590209961
21767,30.859651565551758
21768,35.89888381958008
21769,48.04975128173828
21770,66.7376708984375
21771,46.100711822509766
21772,79.1766357421875
21773,65.98129272460938
21774,36.46867370605469
21775,31.294130325317383
21776,40.68596649169922
21777,50.958030700683594
21778,62.730934143066406
21779,51.894004821777344
21780,76.08474731445312
21781,65.19076538085938
21782,37.673927307128906
21783,30.899606704711914
21784,43.60809326171875
21785,48.69872283935547
21786,61.12446975708008
21787,50.84502410888672
21788,76.35774230957031
21789,46.70353317260742
21790,42.91835021972656
21791,37.075775146484375
21792,39.94802474975586
21793,24.287071228027344
21794,62.48878860473633
21795,26.0274715423584
21796,74.16513061523438
21797,64.21885681152344
21798,32.35110092163086
21799,28.600690841674805
21800,32.864707946777344
21801,46.222286224365234
21802,61.77584457397461
21803,46.08391571044922
21804,76.25425720214844
21805,68.14189147949219
21806,43.123046875
21807,32.45166778564453
21808,37.779090881347656
21809,44.98059844970703
21810,56.04062271118164
21811,41.87865447998047
21812,84.57440185546875
21813,64.59492492675781
21814,40.609375
21815,29.964460372924805
21816,43.631046295166016
21817,49.33933639526367
21818,67.73177337646484
21819,55.23368453979492
21820,87.49717712402344
21821,65.17620849609375
21822,40.92230987548828
21823,28.530542373657227
21824,36.0621337890625
21825,44.809715270996094
21826,69.10375213623047
21827,41.23122024536133
21828,80.24360656738281
21829,66.33013916015625
21830,41.35673522949219
21831,30.950084686279297
21832,38.66280746459961
21833,53.594573974609375
21834,65.3033676147461
21835,49.698265075683594
21836,80.85528564453125
21837,64.9979248046875
21838,37.408451080322266
21839,30.606552124023438
21840,37.536598205566406
21841,47.65236282348633
21842,65.71702575683594
21843,47.547935485839844
21844,79.47136688232422
21845,47.26253128051758
21846,46.094261169433594
21847,22.733779907226562
21848,46.109344482421875
21849,28.92345428466797
21850,67.81645202636719
21851,35.42463302612305
21852,79.69259643554688
21853,64.54361724853516
21854,39.37813949584961
21855,32.60371017456055
21856,41.004852294921875
21857,45.73528289794922
21858,60.865203857421875
21859,46.524837493896484
21860,72.25630187988281
21861,67.11622619628906
21862,38.80217742919922
21863,31.274707794189453
21864,39.75787353515625
21865,49.0919075012207
21866,62.29085159301758
21867,48.27831268310547
21868,79.37420654296875
21869,66.16529846191406
21870,36.21570587158203
21871,30.001598358154297
21872,39.32087707519531
21873,47.194190979003906
21874,60.756465911865234
21875,47.500160217285156
21876,71.35218048095703
21877,65.26879119873047
21878,39.86805725097656
21879,28.600862503051758
21880,38.314491271972656
21881,48.21943664550781
21882,64.27519226074219
21883,49.864742279052734
21884,76.48431396484375
21885,69.43921661376953
21886,44.97520446777344
21887,33.903602600097656
21888,38.85594177246094
21889,47.20438766479492
21890,65.99285125732422
21891,44.091896057128906
21892,76.71981811523438
21893,63.423465728759766
21894,35.6236686706543
21895,30.320615768432617
21896,39.79155731201172
21897,47.97627258300781
21898,56.49346160888672
21899,49.647125244140625
21900,73.25408935546875
21901,64.80706787109375
21902,36.15953063964844
21903,29.95635986328125
21904,40.77001953125
21905,50.773380279541016
21906,65.03807830810547
21907,50.951908111572266
21908,79.0372314453125
21909,61.898704528808594
21910,39.898406982421875
21911,34.09437942504883
21912,36.47808074951172
21913,44.73297119140625
21914,54.985130310058594
21915,44.95383834838867
21916,64.10389709472656
21917,68.46812438964844
21918,35.843528747558594
21919,35.3150634765625
21920,32.711299896240234
21921,48.59787368774414
21922,59.999427795410156
21923,44.323570251464844
21924,70.90621948242188
21925,65.51921844482422
21926,42.36792755126953
21927,33.686668395996094
21928,39.481021881103516
21929,49.76858901977539
21930,65.99435424804688
21931,44.833099365234375
21932,75.97799682617188
21933,68.55551147460938
21934,40.070350646972656
21935,28.472251892089844
21936,38.05109405517578
21937,49.51936721801758
21938,68.90702056884766
21939,46.46350860595703
21940,78.8158187866211
21941,62.64836883544922
21942,40.43107604980469
21943,30.401214599609375
21944,40.770545959472656
21945,47.79662322998047
21946,65.57849884033203
21947,47.517494201660156
21948,78.01587677001953
21949,64.64411926269531
21950,39.551612854003906
21951,29.743078231811523
21952,35.27067565917969
21953,44.922698974609375
21954,70.43331909179688
21955,41.49073028564453
21956,78.47650146484375
21957,63.19568634033203
21958,35.117942810058594
21959,31.061853408813477
21960,40.283626556396484
21961,57.24840545654297
21962,68.34494018554688
21963,55.634185791015625
21964,81.1172866821289
21965,67.04850769042969
21966,37.5842170715332
21967,29.171785354614258
21968,35.06123733520508
21969,55.02125549316406
21970,58.52143096923828
21971,49.13063049316406
21972,79.237548828125
21973,68.77490234375
21974,39.13580322265625
21975,30.54825210571289
21976,36.84568786621094
21977,48.383148193359375
21978,60.34471893310547
21979,45.80591583251953
21980,79.91439819335938
21981,64.28583526611328
21982,39.273860931396484
21983,34.75339889526367
21984,37.64308166503906
21985,48.187252044677734
21986,65.23558044433594
21987,44.486785888671875
21988,75.41287231445312
21989,63.027732849121094
21990,37.8004264831543
21991,31.38376235961914
21992,36.991336822509766
21993,44.19203567504883
21994,63.90040588378906
21995,44.13582992553711
21996,74.52134704589844
21997,66.93058776855469
21998,37.42748260498047
21999,29.051883697509766
22000,40.868064880371094
22001,45.642112731933594
22002,65.3552474975586
22003,50.077735900878906
22004,84.74339294433594
22005,68.72027587890625
22006,40.07216262817383
22007,27.021446228027344
22008,41.9570198059082
22009,45.591041564941406
22010,63.666439056396484
22011,46.06529235839844
22012,76.57742309570312
22013,67.0626220703125
22014,39.32078552246094
22015,30.436553955078125
22016,37.51110076904297
22017,49.781005859375
22018,61.65321350097656
22019,47.502403259277344
22020,79.73885345458984
22021,64.51590728759766
22022,40.12925338745117
22023,30.69321060180664
22024,36.12321472167969
22025,47.543739318847656
22026,65.57343292236328
22027,44.4500732421875
22028,77.0237808227539
22029,61.96730041503906
22030,38.544151306152344
22031,28.800233840942383
22032,41.670555114746094
22033,56.02884292602539
22034,65.20098114013672
22035,54.89359664916992
22036,75.79450988769531
22037,67.80388641357422
22038,37.64539337158203
22039,31.10611343383789
22040,34.17151641845703
22041,50.079551696777344
22042,66.74224853515625
22043,46.256614685058594
22044,77.53945922851562
22045,64.88141632080078
22046,38.441184997558594
22047,31.58704376220703
22048,39.75760269165039
22049,47.79469299316406
22050,63.541282653808594
22051,49.893070220947266
22052,75.51174926757812
22053,70.31744384765625
22054,38.012874603271484
22055,26.32859992980957
22056,37.60792541503906
22057,50.494140625
22058,75.29754638671875
22059,49.457786560058594
22060,85.19005584716797
22061,67.23323059082031
22062,34.49588394165039
22063,27.416975021362305
22064,41.94709777832031
22065,56.442893981933594
22066,68.7955093383789
22067,56.53507614135742
22068,82.18238830566406
22069,62.11003875732422
22070,40.19542694091797
22071,30.163320541381836
22072,40.917633056640625
22073,51.133094787597656
22074,67.50069427490234
22075,50.205902099609375
22076,79.42579650878906
22077,62.3709602355957
22078,38.96228790283203
22079,30.070987701416016
22080,41.00449752807617
22081,47.263919830322266
22082,64.98049926757812
22083,48.731605529785156
22084,75.82081604003906
22085,61.66907501220703
22086,37.359901428222656
22087,35.161720275878906
22088,39.15985870361328
22089,55.133087158203125
22090,69.07881164550781
22091,55.606693267822266
22092,81.39745330810547
22093,63.690711975097656
22094,40.58366012573242
22095,31.850427627563477
22096,37.27350616455078
22097,49.974708557128906
22098,63.03015899658203
22099,47.73964309692383
22100,75.09725952148438
22101,68.93887329101562
22102,36.61769104003906
22103,29.78833770751953
22104,39.929874420166016
22105,48.53986358642578
22106,66.439453125
22107,51.972991943359375
22108,78.12236022949219
22109,65.8197021484375
22110,40.56903839111328
22111,31.465137481689453
22112,39.881404876708984
22113,51.149017333984375
22114,64.22698974609375
22115,51.1761360168457
22116,75.24125671386719
22117,67.77212524414062
22118,39.01202392578125
22119,31.595409393310547
22120,37.81576919555664
22121,47.28266143798828
22122,63.57633972167969
22123,52.63776397705078
22124,80.7327880859375
22125,65.08943176269531
22126,39.06133270263672
22127,26.53591537475586
22128,36.69115447998047
22129,48.22943878173828
22130,62.95723342895508
22131,45.544517517089844
22132,77.06556701660156
22133,70.06922912597656
22134,42.126731872558594
22135,32.586753845214844
22136,40.42630386352539
22137,54.20343017578125
22138,62.16100311279297
22139,51.86876678466797
22140,75.14481353759766
22141,63.57585525512695
22142,38.69526672363281
22143,32.90998077392578
22144,38.59620666503906
22145,48.03271484375
22146,63.300926208496094
22147,47.672691345214844
22148,76.06016540527344
22149,62.19111633300781
22150,32.765098571777344
22151,25.65990447998047
22152,38.82220458984375
22153,51.65364456176758
22154,67.0709228515625
22155,51.402076721191406
22156,79.334716796875
22157,65.07052612304688
22158,40.94218063354492
22159,31.565643310546875
22160,39.744178771972656
22161,48.76938247680664
22162,62.73720932006836
22163,50.335784912109375
22164,70.70746612548828
22165,68.97421264648438
22166,36.51122283935547
22167,30.423566818237305
22168,33.715667724609375
22169,47.41582489013672
22170,64.03724670410156
22171,45.4317626953125
22172,76.457275390625
22173,64.17973327636719
22174,40.599979400634766
22175,30.583251953125
22176,36.485023498535156
22177,48.434104919433594
22178,66.38092803955078
22179,43.5322265625
22180,80.06914520263672
22181,65.80757904052734
22182,38.47919845581055
22183,31.060380935668945
22184,39.31924057006836
22185,46.86871337890625
22186,62.35794448852539
22187,47.82101821899414
22188,76.00444793701172
22189,65.13421630859375
22190,36.985504150390625
22191,31.27546501159668
22192,40.743629455566406
22193,51.76007080078125
22194,66.3387451171875
22195,53.23797607421875
22196,77.88043212890625
22197,73.56117248535156
22198,38.558868408203125
22199,28.891725540161133
22200,32.99810028076172
22201,48.716712951660156
22202,56.628536224365234
22203,45.75524139404297
22204,73.12530517578125
22205,65.07234191894531
22206,38.75957489013672
22207,31.1877498626709
22208,36.83417892456055
22209,45.41204833984375
22210,57.09764862060547
22211,44.53217697143555
22212,71.16322326660156
22213,69.2580337524414
22214,38.38081359863281
22215,28.03042984008789
22216,37.723445892333984
22217,45.93193054199219
22218,68.08003234863281
22219,48.577049255371094
22220,79.45145416259766
22221,68.7615966796875
22222,39.93876266479492
22223,30.74335479736328
22224,37.01335144042969
22225,47.99736022949219
22226,70.20079803466797
22227,46.20868682861328
22228,83.01719665527344
22229,66.12199401855469
22230,36.3155632019043
22231,31.979536056518555
22232,37.39883804321289
22233,48.747493743896484
22234,66.08062744140625
22235,49.17314910888672
22236,76.41610717773438
22237,68.87870788574219
22238,36.321311950683594
22239,25.84587860107422
22240,37.504478454589844
22241,51.78687286376953
22242,64.01700592041016
22243,50.5176887512207
22244,82.15150451660156
22245,65.29190826416016
22246,35.96456527709961
22247,32.34592819213867
22248,43.382659912109375
22249,50.88622283935547
22250,65.39012145996094
22251,53.3099365234375
22252,79.72434997558594
22253,64.79464721679688
22254,38.45750427246094
22255,27.167556762695312
22256,39.8786506652832
22257,49.548728942871094
22258,69.72904968261719
22259,48.37926483154297
22260,81.8321533203125
22261,67.18385314941406
22262,37.82460021972656
22263,35.373756408691406
22264,39.46076965332031
22265,53.06229782104492
22266,60.92938232421875
22267,50.76375961303711
22268,73.60298156738281
22269,64.2548828125
22270,35.80629348754883
22271,30.162206649780273
22272,36.15349578857422
22273,46.07365417480469
22274,62.689918518066406
22275,47.09331130981445
22276,74.30315399169922
22277,63.20624923706055
22278,36.530860900878906
22279,30.49755096435547
22280,41.395572662353516
22281,52.91963577270508
22282,64.11514282226562
22283,55.59176254272461
22284,74.82687377929688
22285,63.838470458984375
22286,38.29847717285156
22287,31.27484893798828
22288,39.75007629394531
22289,47.55146408081055
22290,53.663917541503906
22291,48.60118103027344
22292,76.11238098144531
22293,62.89908981323242
22294,37.11249542236328
22295,31.28392791748047
22296,41.248146057128906
22297,47.39655303955078
22298,66.48523712158203
22299,51.846927642822266
22300,81.01016998291016
22301,49.06371307373047
22302,44.073917388916016
22303,23.504310607910156
22304,41.11860656738281
22305,29.53740692138672
22306,64.31448364257812
22307,30.65022850036621
22308,70.75282287597656
22309,66.30091857910156
22310,38.07489013671875
22311,33.86913299560547
22312,39.86547088623047
22313,40.20060729980469
22314,69.20918273925781
22315,43.0063591003418
22316,80.24391174316406
22317,64.76177978515625
22318,35.298770904541016
22319,29.220170974731445
22320,35.59062957763672
22321,47.923622131347656
22322,56.04668426513672
22323,47.728546142578125
22324,78.18030548095703
22325,71.88385009765625
22326,32.9373664855957
22327,30.555723190307617
22328,32.285316467285156
22329,52.68250274658203
22330,61.34967041015625
22331,52.82989501953125
22332,80.73353576660156
22333,60.07198715209961
22334,40.3809814453125
22335,34.349796295166016
22336,41.509483337402344
22337,45.85289764404297
22338,60.292720794677734
22339,46.05250549316406
22340,69.49465942382812
22341,63.32743835449219
22342,31.05479621887207
22343,27.88239288330078
22344,40.14258575439453
22345,49.54730987548828
22346,66.13133239746094
22347,54.32952880859375
22348,77.13499450683594
22349,62.815303802490234
22350,36.40985870361328
22351,29.973960876464844
22352,36.14349365234375
22353,46.98632049560547
22354,65.8392333984375
22355,46.46971130371094
22356,78.37200927734375
22357,65.70108032226562
22358,33.18573760986328
22359,26.678882598876953
22360,43.142677307128906
22361,54.911659240722656
22362,65.0791015625
22363,57.48670959472656
22364,75.74320983886719
22365,66.76973724365234
22366,38.41139602661133
22367,32.275516510009766
22368,37.460594177246094
22369,48.2642822265625
22370,71.53569030761719
22371,48.96293258666992
22372,83.2989273071289
22373,68.47001647949219
22374,37.29725646972656
22375,28.62018585205078
22376,41.76290512084961
22377,52.327247619628906
22378,71.55330657958984
22379,56.45079040527344
22380,86.63692474365234
22381,66.61963653564453
22382,36.82902145385742
22383,32.16215133666992
22384,38.31166458129883
22385,49.653900146484375
22386,60.917091369628906
22387,52.113258361816406
22388,75.47281646728516
22389,65.18397521972656
22390,37.53144073486328
22391,26.98794937133789
22392,38.281341552734375
22393,44.191009521484375
22394,64.95649719238281
22395,44.32954788208008
22396,78.58489990234375
22397,45.95068359375
22398,42.960205078125
22399,24.2497615814209
22400,42.94676971435547
22401,32.868751525878906
22402,59.112403869628906
22403,36.84394836425781
22404,66.72174072265625
22405,61.50670623779297
22406,32.10382080078125
22407,31.224288940429688
22408,40.82858657836914
22409,57.022579193115234
22410,57.34101867675781
22411,59.95208740234375
22412,72.11952209472656
22413,63.166481018066406
22414,31.58831024169922
22415,27.24446678161621
22416,39.62369155883789
22417,44.8893928527832
22418,62.12232208251953
22419,49.15208435058594
22420,77.17457580566406
22421,64.70486450195312
22422,34.6837043762207
22423,25.79037094116211
22424,42.0162353515625
22425,56.26881790161133
22426,65.757080078125
22427,57.710205078125
22428,78.81832885742188
22429,64.70649719238281
22430,36.912296295166016
22431,32.463661193847656
22432,37.53886413574219
22433,48.615840911865234
22434,65.1779556274414
22435,48.806365966796875
22436,76.78924560546875
22437,62.05380630493164
22438,34.549522399902344
22439,32.250152587890625
22440,43.69953918457031
22441,53.701416015625
22442,62.49143600463867
22443,57.287967681884766
22444,70.42059326171875
22445,66.05975341796875
22446,37.29270935058594
22447,30.493101119995117
22448,38.635047912597656
22449,49.182647705078125
22450,66.95480346679688
22451,48.56343078613281
22452,76.27304077148438
22453,68.98099517822266
22454,43.320343017578125
22455,30.169652938842773
22456,36.43529510498047
22457,51.582855224609375
22458,72.20260620117188
22459,46.63404846191406
22460,88.26889038085938
22461,62.063316345214844
22462,37.62613296508789
22463,30.792985916137695
22464,42.86418914794922
22465,44.59368896484375
22466,66.40240478515625
22467,46.170780181884766
22468,76.39387512207031
22469,68.47279357910156
22470,32.80208969116211
22471,32.41129684448242
22472,36.33482360839844
22473,50.67512512207031
22474,66.19412231445312
22475,49.97311019897461
22476,81.88324737548828
22477,60.47100830078125
22478,33.675811767578125
22479,31.71184730529785
22480,42.96589660644531
22481,55.32796096801758
22482,69.43785095214844
22483,51.37947463989258
22484,83.24365997314453
22485,60.333736419677734
22486,41.29547882080078
22487,34.361236572265625
22488,40.81705856323242
22489,39.04738998413086
22490,59.1219367980957
22491,43.18656921386719
22492,75.89204406738281
22493,61.74774932861328
22494,35.473167419433594
22495,27.838340759277344
22496,39.61763000488281
22497,45.47351837158203
22498,62.01802062988281
22499,47.95084762573242
22500,72.64254760742188
22501,66.98719024658203
22502,31.096410751342773
22503,28.68979263305664
22504,32.36268615722656
22505,50.374855041503906
22506,59.545616149902344
22507,47.501705169677734
22508,78.12631225585938
22509,44.38461685180664
22510,43.43821716308594
22511,39.478309631347656
22512,40.78843688964844
22513,38.97972106933594
22514,68.7909164428711
22515,36.1505126953125
22516,76.11927795410156
22517,62.77314758300781
22518,44.39240264892578
22519,28.648212432861328
22520,36.47697067260742
22521,43.64307403564453
22522,68.85519409179688
22523,44.24717712402344
22524,80.84074401855469
22525,66.6607894897461
22526,34.474273681640625
22527,31.265018463134766
22528,39.40184020996094
22529,49.38351058959961
22530,65.22167205810547
22531,52.57187271118164
22532,78.215087890625
22533,64.83211517333984
22534,38.53125762939453
22535,29.59111213684082
22536,40.038291931152344
22537,49.0360221862793
22538,67.20038604736328
22539,49.50315856933594
22540,78.71723175048828
22541,67.33195495605469
22542,36.810401916503906
22543,31.050764083862305
22544,38.52461624145508
22545,46.483154296875
22546,64.55175018310547
22547,47.80629348754883
22548,76.73507690429688
22549,65.82933044433594
22550,39.00559997558594
22551,30.145832061767578
22552,37.162445068359375
22553,48.691009521484375
22554,61.00908279418945
22555,47.15980911254883
22556,76.12080383300781
22557,67.15879821777344
22558,36.60546875
22559,30.743167877197266
22560,33.75776290893555
22561,43.4772834777832
22562,61.38519287109375
22563,44.29964065551758
22564,74.50942993164062
22565,64.56880187988281
22566,39.14445877075195
22567,29.556644439697266
22568,38.705665588378906
22569,44.85260009765625
22570,69.69755554199219
22571,46.1292839050293
22572,86.87136840820312
22573,64.01713562011719
22574,33.85159683227539
22575,29.663066864013672
22576,40.13579559326172
22577,51.692161560058594
22578,65.10057830810547
22579,55.12232208251953
22580,75.53305053710938
22581,64.10047912597656
22582,38.75361633300781
22583,27.439409255981445
22584,38.089996337890625
22585,47.25691223144531
22586,66.42718505859375
22587,46.62736129760742
22588,77.56474304199219
22589,63.369468688964844
22590,36.08478546142578
22591,30.106769561767578
22592,39.31224060058594
22593,51.77227783203125
22594,62.40119934082031
22595,52.95168685913086
22596,78.5767822265625
22597,66.38420104980469
22598,35.726905822753906
22599,29.205795288085938
22600,35.60374450683594
22601,46.81593704223633
22602,67.07632446289062
22603,48.43244934082031
22604,81.17738342285156
22605,66.38233947753906
22606,36.954803466796875
22607,32.160980224609375
22608,39.20038604736328
22609,52.89936065673828
22610,65.05668640136719
22611,54.277984619140625
22612,75.85598754882812
22613,69.89418029785156
22614,41.53950500488281
22615,31.0189208984375
22616,32.99797821044922
22617,42.604515075683594
22618,68.729736328125
22619,40.563026428222656
22620,82.17138671875
22621,66.45588684082031
22622,38.53165054321289
22623,28.667266845703125
22624,37.28361511230469
22625,47.388755798339844
22626,66.46722412109375
22627,46.79762649536133
22628,79.70811462402344
22629,65.41105651855469
22630,38.74708557128906
22631,29.896076202392578
22632,38.940711975097656
22633,49.89080047607422
22634,61.315818786621094
22635,50.5054931640625
22636,77.33293151855469
22637,63.901580810546875
22638,36.71415710449219
22639,30.87576675415039
22640,34.957359313964844
22641,45.378963470458984
22642,63.02928161621094
22643,49.388832092285156
22644,75.28738403320312
22645,65.94970703125
22646,37.4093132019043
22647,28.897117614746094
22648,40.717323303222656
22649,48.1894645690918
22650,70.65592956542969
22651,49.27476119995117
22652,82.05905151367188
22653,65.87947082519531
22654,37.00712585449219
22655,30.96661376953125
22656,39.4926872253418
22657,47.20582962036133
22658,67.06391906738281
22659,48.948909759521484
22660,80.3343505859375
22661,69.24998474121094
22662,38.38602828979492
22663,27.828632354736328
22664,38.441864013671875
22665,48.98046875
22666,70.93924713134766
22667,49.801395416259766
22668,86.79786682128906
22669,65.29029846191406
22670,38.091392517089844
22671,30.79729461669922
22672,39.232322692871094
22673,49.957115173339844
22674,67.43403625488281
22675,50.86022186279297
22676,79.84487915039062
22677,65.70439147949219
22678,38.612876892089844
22679,30.34567642211914
22680,41.166831970214844
22681,47.71868133544922
22682,62.057090759277344
22683,50.14265060424805
22684,73.2679672241211
22685,59.44004821777344
22686,39.71546936035156
22687,30.14570426940918
22688,40.07488250732422
22689,38.18278884887695
22690,63.779964447021484
22691,44.31671142578125
22692,78.8203125
22693,65.7770767211914
22694,34.34449768066406
22695,32.0200309753418
22696,36.05199432373047
22697,47.17497253417969
22698,66.85481262207031
22699,50.47256851196289
22700,81.31739044189453
22701,65.87371826171875
22702,37.186790466308594
22703,28.22713851928711
22704,39.344730377197266
22705,50.72957992553711
22706,68.79963684082031
22707,49.94526672363281
22708,83.02603149414062
22709,65.60647583007812
22710,40.237449645996094
22711,31.09626007080078
22712,36.70305633544922
22713,44.99898147583008
22714,67.73865509033203
22715,45.85597610473633
22716,81.31255340576172
22717,63.52879333496094
22718,38.47755813598633
22719,30.098430633544922
22720,35.7578125
22721,46.04860305786133
22722,57.68550109863281
22723,42.411346435546875
22724,83.40458679199219
22725,64.43792724609375
22726,36.82362365722656
22727,33.998565673828125
22728,40.418609619140625
22729,45.98802185058594
22730,63.20079803466797
22731,48.250282287597656
22732,79.64683532714844
22733,49.111270904541016
22734,41.531471252441406
22735,32.15076446533203
22736,44.47478103637695
22737,35.11280059814453
22738,59.42597198486328
22739,38.83541488647461
22740,70.87346649169922
22741,66.60000610351562
22742,37.660552978515625
22743,28.315824508666992
22744,38.49494934082031
22745,42.343910217285156
22746,69.23395538330078
22747,43.960052490234375
22748,79.69305419921875
22749,64.82835388183594
22750,37.26982116699219
22751,31.416297912597656
22752,40.273765563964844
22753,49.110225677490234
22754,61.30348587036133
22755,53.660438537597656
22756,76.33787536621094
22757,63.29180908203125
22758,38.332271575927734
22759,30.545316696166992
22760,37.201698303222656
22761,42.25236511230469
22762,60.930091857910156
22763,42.825599670410156
22764,75.16172790527344
22765,63.50212860107422
22766,37.15504837036133
22767,32.53868103027344
22768,37.83549118041992
22769,47.08373260498047
22770,64.51122283935547
22771,47.28254699707031
22772,75.69743347167969
22773,65.44657897949219
22774,37.11277770996094
22775,28.86572265625
22776,41.25214767456055
22777,44.3343391418457
22778,69.59246063232422
22779,49.52922821044922
22780,82.66311645507812
22781,66.05181884765625
22782,34.62713623046875
22783,28.840152740478516
22784,40.796871185302734
22785,48.713775634765625
22786,62.427001953125
22787,50.643733978271484
22788,75.72822570800781
22789,63.5936279296875
22790,36.498497009277344
22791,29.89316177368164
22792,40.61814880371094
22793,48.262367248535156
22794,59.07020568847656
22795,52.35352325439453
22796,78.56268310546875
22797,65.16993713378906
22798,35.99220275878906
22799,29.9222354888916
22800,36.76899719238281
22801,48.86479187011719
22802,67.33926391601562
22803,48.93275451660156
22804,92.03813171386719
22805,66.36517333984375
22806,36.104652404785156
22807,27.74495506286621
22808,38.89612579345703
22809,49.92515563964844
22810,71.31472778320312
22811,49.64105224609375
22812,85.0777587890625
22813,66.50467681884766
22814,42.60737991333008
22815,27.56307601928711
22816,38.70298385620117
22817,47.00381088256836
22818,67.20413970947266
22819,44.83439636230469
22820,81.82786560058594
22821,66.24419403076172
22822,37.85928726196289
22823,30.914203643798828
22824,38.653053283691406
22825,48.19770812988281
22826,65.98469543457031
22827,47.6973991394043
22828,74.96337127685547
22829,65.72160339355469
22830,39.213619232177734
22831,31.178119659423828
22832,36.338653564453125
22833,55.67655944824219
22834,68.87005615234375
22835,53.00722885131836
22836,79.73506164550781
22837,63.34107208251953
22838,37.58106994628906
22839,29.282442092895508
22840,39.284202575683594
22841,47.23246765136719
22842,66.4869613647461
22843,52.14036560058594
22844,74.30299377441406
22845,65.16993713378906
22846,35.99220275878906
22847,29.9222354888916
22848,36.76899719238281
22849,48.86479187011719
22850,67.33926391601562
22851,48.93275451660156
22852,92.03813171386719
22853,66.41925811767578
22854,37.6213264465332
22855,30.12433624267578
22856,36.17417526245117
22857,43.38712692260742
22858,56.43245315551758
22859,41.83985137939453
22860,74.93665313720703
22861,65.3941650390625
22862,37.92869567871094
22863,29.950990676879883
22864,38.3555908203125
22865,49.55024719238281
22866,68.88350677490234
22867,52.20716857910156
22868,77.99978637695312
22869,64.95304870605469
22870,38.14898681640625
22871,31.23198890686035
22872,37.939823150634766
22873,49.69259262084961
22874,65.66781616210938
22875,49.79902648925781
22876,76.41270446777344
22877,64.76753997802734
22878,37.71368408203125
22879,32.93494415283203
22880,35.279693603515625
22881,51.63665008544922
22882,63.803890228271484
22883,46.032535552978516
22884,76.15983581542969
22885,60.940284729003906
22886,36.87853240966797
22887,31.55786895751953
22888,37.82255554199219
22889,42.50635528564453
22890,61.24738311767578
22891,46.28053283691406
22892,75.63531494140625
22893,67.7176513671875
22894,36.751407623291016
22895,30.874832153320312
22896,36.699623107910156
22897,53.078765869140625
22898,67.01602172851562
22899,52.799354553222656
22900,78.17113494873047
22901,65.7779541015625
22902,39.86509323120117
22903,30.289344787597656
22904,38.72468566894531
22905,53.044151306152344
22906,63.639923095703125
22907,50.979339599609375
22908,79.33311462402344
22909,66.60739135742188
22910,38.0940055847168
22911,29.16423988342285
22912,38.319053649902344
22913,48.74116516113281
22914,65.79017639160156
22915,49.211769104003906
22916,78.60845947265625
22917,65.7344970703125
22918,41.0001106262207
22919,28.43114471435547
22920,35.37559509277344
22921,51.74918746948242
22922,72.81402587890625
22923,48.994712829589844
22924,85.41461181640625
22925,63.179420471191406
22926,36.68658447265625
22927,34.32326126098633
22928,39.11345291137695
22929,61.73249053955078
22930,54.63615417480469
22931,62.07960510253906
22932,71.78965759277344
22933,67.15823364257812
22934,36.66612243652344
22935,30.415645599365234
22936,37.012908935546875
22937,46.53346252441406
22938,63.28453826904297
22939,46.872886657714844
22940,77.87061309814453
22941,66.24537658691406
22942,36.820716857910156
22943,28.681249618530273
22944,41.743099212646484
22945,48.93792724609375
22946,63.21240997314453
22947,51.51584243774414
22948,76.53606414794922
22949,66.69003295898438
22950,34.82075119018555
22951,27.562742233276367
22952,39.47982406616211
22953,48.182865142822266
22954,68.25057983398438
22955,52.0237922668457
22956,78.64262390136719
22957,65.45382690429688
22958,39.231109619140625
22959,31.323287963867188
22960,39.086029052734375
22961,46.57276916503906
22962,63.2325439453125
22963,43.68818283081055
22964,74.42200469970703
22965,68.97838592529297
22966,37.589393615722656
22967,31.750505447387695
22968,34.60820770263672
22969,47.51868438720703
22970,58.92424392700195
22971,45.81053161621094
22972,71.02767944335938
22973,66.04280853271484
22974,40.32431411743164
22975,32.71577453613281
22976,35.14824676513672
22977,40.10083770751953
22978,66.27703857421875
22979,42.72429275512695
22980,82.44842529296875
22981,69.04025268554688
22982,35.42472457885742
22983,31.550493240356445
22984,31.42359161376953
22985,49.477909088134766
22986,63.24617385864258
22987,46.50798797607422
22988,72.31178283691406
22989,67.44096374511719
22990,43.025333404541016
22991,31.42584228515625
22992,39.60455322265625
22993,46.459964752197266
22994,69.22106170654297
22995,45.4657096862793
22996,81.51040649414062
22997,64.17738342285156
22998,35.961669921875
22999,30.740673065185547
23000,37.69399642944336
23001,49.32084655761719
23002,67.95037841796875
23003,49.60200500488281
23004,80.6532974243164
23005,66.80474090576172
23006,36.688350677490234
23007,30.336721420288086
23008,35.788421630859375
23009,50.171165466308594
23010,64.91087341308594
23011,48.60934829711914
23012,79.42063903808594
23013,66.64215087890625
23014,37.084110260009766
23015,30.95207405090332
23016,41.17632293701172
23017,50.01813507080078
23018,65.83667755126953
23019,50.652748107910156
23020,77.51820373535156
23021,66.60397338867188
23022,35.11946105957031
23023,26.962947845458984
23024,37.33826446533203
23025,47.63075637817383
23026,64.60266876220703
23027,48.678733825683594
23028,78.0843276977539
23029,68.84814453125
23030,38.291709899902344
23031,27.894363403320312
23032,35.94035339355469
23033,45.50963592529297
23034,68.61421203613281
23035,43.92361068725586
23036,83.25369262695312
23037,64.7146224975586
23038,35.429439544677734
23039,30.023406982421875
23040,38.24501037597656
23041,46.6664924621582
23042,63.772274017333984
23043,49.82417297363281
23044,75.2996826171875
23045,65.74543762207031
23046,32.62776184082031
23047,28.830196380615234
23048,37.08906555175781
23049,47.037113189697266
23050,61.6104850769043
23051,50.26803970336914
23052,76.67314910888672
23053,64.33643341064453
23054,34.08904266357422
23055,30.73674201965332
23056,39.92407989501953
23057,49.5177001953125
23058,61.7459831237793
23059,51.91204071044922
23060,74.15380859375
23061,68.12918090820312
23062,34.677223205566406
23063,26.202007293701172
23064,34.515296936035156
23065,47.88687515258789
23066,62.85599899291992
23067,49.334625244140625
23068,79.73188781738281
23069,64.78182983398438
23070,39.521942138671875
23071,31.344995498657227
23072,38.861690521240234
23073,45.740509033203125
23074,61.66718673706055
23075,45.1156005859375
23076,74.92581176757812
23077,65.75794982910156
23078,41.28455352783203
23079,29.78095245361328
23080,40.39093017578125
23081,46.595436096191406
23082,70.67448425292969
23083,46.43750762939453
23084,82.48475646972656
23085,68.08300018310547
23086,39.87537384033203
23087,29.838340759277344
23088,36.72222900390625
23089,49.9276123046875
23090,67.859375
23091,47.008827209472656
23092,83.34959411621094
23093,67.63253021240234
23094,33.398712158203125
23095,26.220823287963867
23096,37.74559020996094
23097,48.61217498779297
23098,66.79280853271484
23099,52.649497985839844
23100,85.70368957519531
23101,65.14573669433594
23102,36.852333068847656
23103,28.634292602539062
23104,36.40338897705078
23105,46.77971649169922
23106,67.35367584228516
23107,44.896728515625
23108,78.9058837890625
23109,66.61622619628906
23110,33.022178649902344
23111,29.266462326049805
23112,44.87730407714844
23113,58.999900817871094
23114,68.59422302246094
23115,64.32958221435547
23116,81.10467529296875
23117,62.679222106933594
23118,33.32069778442383
23119,31.658042907714844
23120,38.242393493652344
23121,51.38297653198242
23122,60.890933990478516
23123,52.33570861816406
23124,72.43185424804688
23125,64.65923309326172
23126,36.665374755859375
23127,31.983566284179688
23128,39.53114700317383
23129,49.802154541015625
23130,56.933815002441406
23131,51.325416564941406
23132,76.00554656982422
23133,65.42671203613281
23134,38.673675537109375
23135,29.952831268310547
23136,38.572975158691406
23137,48.58686828613281
23138,67.50963592529297
23139,48.66373825073242
23140,77.47200012207031
23141,67.20135498046875
23142,35.517818450927734
23143,27.477216720581055
23144,40.215057373046875
23145,51.826805114746094
23146,70.11769104003906
23147,51.144569396972656
23148,81.98002624511719
23149,67.85856628417969
23150,42.249305725097656
23151,31.3262939453125
23152,38.281219482421875
23153,44.98611068725586
23154,67.11043548583984
23155,46.31928253173828
23156,77.91874694824219
23157,67.46928405761719
23158,36.61846160888672
23159,28.952058792114258
23160,33.43684387207031
23161,46.61903381347656
23162,67.7296371459961
23163,45.264381408691406
23164,79.76825714111328
23165,62.80827713012695
23166,36.41621398925781
23167,31.70172882080078
23168,39.67442321777344
23169,49.2510871887207
23170,63.668983459472656
23171,49.322723388671875
23172,75.1503677368164
23173,67.25701904296875
23174,37.173423767089844
23175,29.578758239746094
23176,37.240509033203125
23177,45.58109664916992
23178,63.18410873413086
23179,46.968849182128906
23180,75.61678314208984
23181,65.05052947998047
23182,37.07890701293945
23183,29.975505828857422
23184,36.950443267822266
23185,50.82293701171875
23186,66.88780212402344
23187,48.567161560058594
23188,79.2218017578125
23189,67.01020812988281
23190,36.612640380859375
23191,27.47317123413086
23192,37.12959671020508
23193,54.20850372314453
23194,65.07032775878906
23195,51.743446350097656
23196,81.69192504882812
23197,63.923316955566406
23198,35.814735412597656
23199,29.51681137084961
23200,41.63105010986328
23201,51.76081848144531
23202,68.34017944335938
23203,54.23396301269531
23204,81.00960540771484
23205,63.46739959716797
23206,35.35719299316406
23207,29.983840942382812
23208,39.96295928955078
23209,49.7927360534668
23210,63.690155029296875
23211,52.29497528076172
23212,73.30394744873047
23213,55.396690368652344
23214,34.86986541748047
23215,27.489429473876953
23216,43.989768981933594
23217,48.09611129760742
23218,64.50315856933594
23219,53.31897735595703
23220,74.02973175048828
23221,66.63993835449219
23222,36.839962005615234
23223,29.124202728271484
23224,37.834320068359375
23225,49.592796325683594
23226,67.6978759765625
23227,49.82670593261719
23228,79.1694107055664
23229,66.26673889160156
23230,36.22442626953125
23231,29.00800323486328
23232,42.677040100097656
23233,51.69307327270508
23234,64.06293487548828
23235,54.167930603027344
23236,76.23027038574219
23237,64.94500732421875
23238,37.590885162353516
23239,31.396438598632812
23240,37.91792297363281
23241,48.67367172241211
23242,62.270057678222656
23243,48.98757553100586
23244,77.12895202636719
23245,68.89945220947266
23246,38.46540069580078
23247,31.055355072021484
23248,35.22344207763672
23249,43.914241790771484
23250,67.30795288085938
23251,44.99273681640625
23252,81.01571655273438
23253,64.74383544921875
23254,41.120445251464844
23255,29.759790420532227
23256,37.129207611083984
23257,52.144447326660156
23258,66.53945922851562
23259,46.17683410644531
23260,78.77407836914062
23261,61.16581726074219
23262,36.13784408569336
23263,32.3549919128418
23264,43.16939163208008
23265,50.5052490234375
23266,66.44267272949219
23267,54.55547332763672
23268,82.78438568115234
23269,65.23957824707031
23270,36.0529670715332
23271,32.4422607421875
23272,34.387245178222656
23273,44.37630844116211
23274,64.29010009765625
23275,46.11625289916992
23276,77.22712707519531
23277,62.954071044921875
23278,35.319297790527344
23279,26.49147605895996
23280,38.85343933105469
23281,45.97121047973633
23282,60.46279525756836
23283,47.78202819824219
23284,71.79438781738281
23285,60.31389617919922
23286,34.69074630737305
23287,31.59629249572754
23288,43.25019073486328
23289,48.496341705322266
23290,59.014251708984375
23291,57.6786003112793
23292,73.30037689208984
23293,62.4703369140625
23294,39.103416442871094
23295,32.28054428100586
23296,43.26493835449219
23297,48.8095817565918
23298,65.821044921875
23299,51.11272430419922
23300,76.05952453613281
23301,66.83706665039062
23302,38.23124694824219
23303,34.69106674194336
23304,39.4219970703125
23305,49.52379608154297
23306,65.02165222167969
23307,48.884254455566406
23308,75.44204711914062
23309,68.85206604003906
23310,37.07737731933594
23311,29.18674087524414
23312,33.47216796875
23313,45.796234130859375
23314,65.64909362792969
23315,43.41518020629883
23316,79.95611572265625
23317,67.48954772949219
23318,34.856048583984375
23319,28.422687530517578
23320,35.567359924316406
23321,50.890987396240234
23322,60.14426803588867
23323,52.199562072753906
23324,70.45988464355469
23325,65.93231201171875
23326,43.783935546875
23327,32.073326110839844
23328,34.85959243774414
23329,50.94599914550781
23330,65.17766571044922
23331,44.25183868408203
23332,80.95433044433594
23333,66.61538696289062
23334,33.82044219970703
23335,31.51731300354004
23336,37.57115173339844
23337,54.29206085205078
23338,59.227928161621094
23339,54.91156005859375
23340,71.34860229492188
23341,67.50635528564453
23342,35.34143829345703
23343,26.641836166381836
23344,40.791709899902344
23345,51.64483642578125
23346,68.53727722167969
23347,52.60985565185547
23348,78.5933837890625
23349,64.94400024414062
23350,38.1332893371582
23351,32.041969299316406
23352,37.75261688232422
23353,49.52637481689453
23354,66.74136352539062
23355,49.124732971191406
23356,77.5067138671875
23357,62.722747802734375
23358,37.48048400878906
23359,30.599790573120117
23360,38.74601745605469
23361,45.161712646484375
23362,63.846351623535156
23363,45.996337890625
23364,74.69853210449219
23365,74.05763244628906
23366,40.93341827392578
23367,36.84237289428711
23368,34.00554656982422
23369,42.036888122558594
23370,68.52362060546875
23371,43.22936248779297
23372,83.75405883789062
23373,68.62673950195312
23374,31.441287994384766
23375,25.61454963684082
23376,39.45930480957031
23377,53.850914001464844
23378,63.364593505859375
23379,55.23101043701172
23380,77.28359985351562
23381,67.42826080322266
23382,38.89692306518555
23383,32.32707977294922
23384,35.01099395751953
23385,48.76806640625
23386,66.39899444580078
23387,45.54039764404297
23388,84.48129272460938
23389,66.56938171386719
23390,35.62141036987305
23391,28.052480697631836
23392,40.91846466064453
23393,43.486572265625
23394,68.2052993774414
23395,47.10458755493164
23396,79.92695617675781
23397,66.94757843017578
23398,32.997398376464844
23399,34.353580474853516
23400,29.92547035217285
23401,47.46648025512695
23402,57.21919631958008
23403,44.902626037597656
23404,73.00729370117188
23405,63.72895812988281
23406,34.96962356567383
23407,28.67645263671875
23408,40.7410888671875
23409,48.98711395263672
23410,67.44169616699219
23411,50.8028678894043
23412,77.72042846679688
23413,66.22547149658203
23414,35.969749450683594
23415,26.779754638671875
23416,40.798667907714844
23417,52.0959587097168
23418,65.521240234375
23419,52.02397155761719
23420,77.04326629638672
23421,68.3323745727539
23422,46.22774124145508
23423,32.76664733886719
23424,37.081787109375
23425,42.876441955566406
23426,66.05807495117188
23427,38.54540252685547
23428,82.18476867675781
23429,64.68673706054688
23430,38.86838150024414
23431,30.415916442871094
23432,40.842552185058594
23433,48.316192626953125
23434,70.46575927734375
23435,50.062896728515625
23436,81.43712615966797
23437,63.021820068359375
23438,36.20735168457031
23439,31.495086669921875
23440,35.043670654296875
23441,47.8963623046875
23442,57.239471435546875
23443,47.69867706298828
23444,75.54190063476562
23445,43.17672348022461
23446,40.81135177612305
23447,23.027603149414062
23448,42.467063903808594
23449,30.125900268554688
23450,59.64664077758789
23451,32.396240234375
23452,67.58797454833984
23453,65.21095275878906
23454,36.81080627441406
23455,30.333301544189453
23456,41.153236389160156
23457,49.97119903564453
23458,67.85484313964844
23459,52.675743103027344
23460,81.85385131835938
23461,64.07275390625
23462,36.546775817871094
23463,32.24925994873047
23464,38.2286376953125
23465,48.74774932861328
23466,59.674861907958984
23467,48.79595947265625
23468,71.8860092163086
23469,65.68894958496094
23470,37.990135192871094
23471,30.822887420654297
23472,33.9916877746582
23473,49.909217834472656
23474,60.598388671875
23475,45.83232879638672
23476,73.19181823730469
23477,61.90718460083008
23478,41.37236022949219
23479,30.117708206176758
23480,42.44746398925781
23481,46.97913360595703
23482,61.118961334228516
23483,46.37045669555664
23484,74.3548355102539
23485,65.63327026367188
23486,35.59418869018555
23487,30.766515731811523
23488,39.06288146972656
23489,46.9505500793457
23490,56.483612060546875
23491,48.564876556396484
23492,75.38269805908203
23493,69.08441162109375
23494,41.116905212402344
23495,35.04322052001953
23496,36.3582763671875
23497,46.80278015136719
23498,63.99702835083008
23499,45.89166259765625
23500,76.73782348632812
23501,64.7562026977539
23502,38.54139709472656
23503,30.861427307128906
23504,39.896018981933594
23505,45.94970703125
23506,64.89876556396484
23507,48.00232696533203
23508,75.3310546875
23509,66.6566162109375
23510,41.83882141113281
23511,32.075172424316406
23512,33.68940734863281
23513,45.27709197998047
23514,62.14033126831055
23515,42.818809509277344
23516,73.54917907714844
23517,65.55167388916016
23518,35.11101531982422
23519,29.179441452026367
23520,36.26885223388672
23521,47.36391067504883
23522,61.38670349121094
23523,47.49835968017578
23524,74.14912414550781
23525,62.79021072387695
23526,39.17987060546875
23527,33.200714111328125
23528,35.96929931640625
23529,47.08570861816406
23530,60.70503234863281
23531,39.107322692871094
23532,69.08914947509766
23533,64.85973358154297
23534,38.47245788574219
23535,30.217496871948242
23536,34.758811950683594
23537,44.07707977294922
23538,63.32102966308594
23539,41.591400146484375
23540,75.85469818115234
23541,67.42625427246094
23542,38.21827697753906
23543,29.01737403869629
23544,36.55432891845703
23545,45.515594482421875
23546,64.06529998779297
23547,47.1470947265625
23548,79.14659118652344
23549,59.43561553955078
23550,42.83350372314453
23551,34.82474899291992
23552,43.870216369628906
23553,46.091758728027344
23554,60.30502700805664
23555,47.236663818359375
23556,73.35749816894531
23557,66.21585083007812
23558,35.68063735961914
23559,29.181047439575195
23560,34.76200485229492
23561,48.53143310546875
23562,67.10546875
23563,47.02764892578125
23564,79.58831787109375
23565,67.28388977050781
23566,34.533119201660156
23567,27.472476959228516
23568,39.81028747558594
23569,54.188499450683594
23570,62.61848831176758
23571,54.99289321899414
23572,75.32022094726562
23573,66.74854278564453
23574,29.968910217285156
23575,29.77368927001953
23576,41.93180465698242
23577,59.155731201171875
23578,62.39570617675781
23579,63.05422592163086
23580,75.90687561035156
23581,63.4549446105957
23582,42.36284637451172
23583,31.13211441040039
23584,38.5147590637207
23585,45.57129669189453
23586,63.27137756347656
23587,43.74967575073242
23588,72.67996978759766
23589,60.14250183105469
23590,37.252838134765625
23591,26.76784896850586
23592,42.29290008544922
23593,45.17349624633789
23594,66.44157409667969
23595,49.80154800415039
23596,78.85983276367188
23597,61.00027084350586
23598,40.18766784667969
23599,31.843448638916016
23600,41.12835693359375
23601,43.54439926147461
23602,68.24835205078125
23603,43.113616943359375
23604,80.50794982910156
23605,68.89424133300781
23606,39.54253387451172
23607,30.317346572875977
23608,37.03880310058594
23609,47.810699462890625
23610,70.35920715332031
23611,47.126914978027344
23612,79.24617767333984
23613,66.28952026367188
23614,36.881954193115234
23615,29.433979034423828
23616,37.324886322021484
23617,50.4171028137207
23618,67.61711120605469
23619,47.290977478027344
23620,85.51673889160156
23621,63.420135498046875
23622,37.11088943481445
23623,34.877479553222656
23624,39.501136779785156
23625,51.86486053466797
23626,62.47721862792969
23627,50.04821014404297
23628,71.85206604003906
23629,63.27683639526367
23630,36.92454528808594
23631,27.67917823791504
23632,42.15550994873047
23633,46.43743896484375
23634,60.826812744140625
23635,48.00244903564453
23636,71.98696899414062
23637,64.09551239013672
23638,38.296112060546875
23639,28.62976837158203
23640,37.90740203857422
23641,46.45135498046875
23642,68.20228576660156
23643,45.49583435058594
23644,82.47269439697266
23645,67.52992248535156
23646,45.5548095703125
23647,30.931663513183594
23648,36.375511169433594
23649,34.9218635559082
23650,70.8541488647461
23651,34.197479248046875
23652,84.18902587890625
23653,67.06671142578125
23654,36.84680938720703
23655,30.96502685546875
23656,35.36766052246094
23657,44.24498748779297
23658,63.56911849975586
23659,45.33087921142578
23660,75.40422058105469
23661,66.68892669677734
23662,38.163997650146484
23663,30.406597137451172
23664,35.84918212890625
23665,47.04578399658203
23666,66.38343048095703
23667,46.44902038574219
23668,76.82463073730469
23669,65.1983642578125
23670,36.856754302978516
23671,28.494735717773438
23672,40.36737823486328
23673,48.980506896972656
23674,67.73309326171875
23675,50.671363830566406
23676,81.57217407226562
23677,65.81329345703125
23678,37.06006622314453
23679,28.795780181884766
23680,40.87564468383789
23681,46.214881896972656
23682,66.72611999511719
23683,47.02727508544922
23684,81.30099487304688
23685,64.8606185913086
23686,35.770057678222656
23687,32.237701416015625
23688,42.53236389160156
23689,53.32141876220703
23690,67.56169128417969
23691,57.468544006347656
23692,80.13200378417969
23693,67.66549682617188
23694,37.80059814453125
23695,32.976505279541016
23696,41.05078125
23697,48.615447998046875
23698,63.128875732421875
23699,51.8057861328125
23700,70.91935729980469
23701,69.69009399414062
23702,36.66856384277344
23703,28.628660202026367
23704,36.53486251831055
23705,49.124107360839844
23706,68.59100341796875
23707,50.915313720703125
23708,83.25546264648438
23709,77.64736938476562
23710,34.95819854736328
23711,41.60929489135742
23712,36.818233489990234
23713,54.69865036010742
23714,62.96936798095703
23715,56.06550979614258
23716,75.50300598144531
23717,66.83506774902344
23718,35.84190368652344
23719,29.700794219970703
23720,36.785316467285156
23721,52.86700439453125
23722,59.74238204956055
23723,50.312278747558594
23724,77.882568359375
23725,67.00398254394531
23726,38.313838958740234
23727,31.596317291259766
23728,38.26732635498047
23729,53.16647720336914
23730,68.46385192871094
23731,51.75602722167969
23732,78.24481201171875
23733,60.29536437988281
23734,33.80720901489258
23735,29.005407333374023
23736,41.87886428833008
23737,49.238189697265625
23738,61.3295783996582
23739,52.92376708984375
23740,72.38150024414062
23741,62.216705322265625
23742,40.73289489746094
23743,31.798316955566406
23744,36.474124908447266
23745,42.88223648071289
23746,59.33855056762695
23747,42.07225799560547
23748,68.7366943359375
23749,64.93649291992188
23750,38.47323226928711
23751,31.308210372924805
23752,38.81884002685547
23753,52.19536590576172
23754,67.41268920898438
23755,51.67167282104492
23756,76.56489562988281
23757,64.84843444824219
23758,43.03477478027344
23759,30.74843978881836
23760,37.049163818359375
23761,47.451324462890625
23762,66.68563842773438
23763,45.48112869262695
23764,74.8825454711914
23765,66.21182250976562
23766,40.461448669433594
23767,31.792720794677734
23768,36.74543762207031
23769,46.01755905151367
23770,69.01979064941406
23771,45.30146408081055
23772,81.80765533447266
23773,69.6214370727539
23774,30.369415283203125
23775,26.622581481933594
23776,41.14316940307617
23777,55.858646392822266
23778,70.864990234375
23779,61.419776916503906
23780,84.99947357177734
23781,67.69206237792969
23782,35.012168884277344
23783,30.263620376586914
23784,37.39183044433594
23785,47.57622528076172
23786,62.348960876464844
23787,49.210567474365234
23788,77.51742553710938
23789,63.235328674316406
23790,35.11536407470703
23791,35.02896499633789
23792,34.64302062988281
23793,50.85554885864258
23794,56.82880783081055
23795,48.78365707397461
23796,64.8824691772461
23797,66.67982482910156
23798,39.550445556640625
23799,27.112581253051758
23800,36.89524841308594
23801,48.669921875
23802,67.21371459960938
23803,41.727821350097656
23804,85.78517150878906
23805,66.35061645507812
23806,37.07720184326172
23807,27.050891876220703
23808,39.924400329589844
23809,45.590492248535156
23810,67.40991973876953
23811,48.60165786743164
23812,83.3314208984375
23813,63.09351348876953
23814,44.03152847290039
23815,33.21055603027344
23816,36.549659729003906
23817,49.266204833984375
23818,60.32276153564453
23819,44.528472900390625
23820,76.13685607910156
23821,64.47156524658203
23822,39.155540466308594
23823,27.52533531188965
23824,43.30422592163086
23825,49.54806900024414
23826,64.86726379394531
23827,51.93280792236328
23828,75.07373809814453
23829,67.47901153564453
23830,35.30583953857422
23831,33.68152618408203
23832,38.45679473876953
23833,55.49946212768555
23834,63.94501876831055
23835,51.836700439453125
23836,76.58418273925781
23837,67.22578430175781
23838,36.63702392578125
23839,28.634292602539062
23840,37.80388641357422
23841,50.633567810058594
23842,60.46417999267578
23843,47.840911865234375
23844,86.62431335449219
23845,65.0208969116211
23846,37.47002410888672
23847,29.140830993652344
23848,37.00813293457031
23849,44.27273178100586
23850,67.34400939941406
23851,44.70983123779297
23852,77.98896789550781
23853,63.789207458496094
23854,40.94908905029297
23855,31.788347244262695
23856,36.776451110839844
23857,49.97248077392578
23858,57.18688201904297
23859,45.76591110229492
23860,81.96531677246094
23861,67.68284606933594
23862,35.02709197998047
23863,29.638389587402344
23864,38.004127502441406
23865,50.202545166015625
23866,66.83074951171875
23867,51.834266662597656
23868,77.12451171875
23869,64.93649291992188
23870,38.47323226928711
23871,31.308210372924805
23872,38.81884002685547
23873,52.19536590576172
23874,67.41268920898438
23875,51.67167282104492
23876,76.56489562988281
23877,64.40894317626953
23878,33.47779846191406
23879,26.366836547851562
23880,37.062721252441406
23881,47.84206008911133
23882,59.89714050292969
23883,49.44428253173828
23884,77.11104583740234
23885,68.25196838378906
23886,40.92201232910156
23887,31.357288360595703
23888,37.406314849853516
23889,49.78734588623047
23890,68.48330688476562
23891,47.80195236206055
23892,80.44773864746094
23893,65.91273498535156
23894,41.18000411987305
23895,31.317550659179688
23896,36.85784149169922
23897,44.578643798828125
23898,63.39665222167969
23899,43.49151611328125
23900,78.3541259765625
23901,62.31135559082031
23902,41.68626403808594
23903,30.040666580200195
23904,41.65320587158203
23905,45.16321563720703
23906,63.113990783691406
23907,44.9826545715332
23908,71.4102783203125
23909,68.38322448730469
23910,37.22997283935547
23911,28.99065399169922
23912,38.65044403076172
23913,51.1674690246582
23914,66.56153869628906
23915,49.34923553466797
23916,79.55001831054688
23917,67.26535034179688
23918,39.33435821533203
23919,29.24721908569336
23920,39.32387924194336
23921,47.478965759277344
23922,62.63142013549805
23923,49.57661056518555
23924,74.79458618164062
23925,60.666934967041016
23926,39.00985336303711
23927,28.48328399658203
23928,38.844844818115234
23929,49.55906295776367
23930,67.59910583496094
23931,48.470787048339844
23932,76.63169860839844
23933,64.38623046875
23934,34.492401123046875
23935,28.875146865844727
23936,39.9709358215332
23937,49.10255432128906
23938,63.1397819519043
23939,53.483795166015625
23940,74.7910385131836
23941,61.84327697753906
23942,36.88621520996094
23943,32.68806838989258
23944,37.265647888183594
23945,48.93592834472656
23946,62.75059509277344
23947,46.337806701660156
23948,74.64341735839844
23949,67.34571838378906
23950,38.42145919799805
23951,32.93183135986328
23952,36.344696044921875
23953,51.476478576660156
23954,62.38494873046875
23955,50.386680603027344
23956,72.47767639160156
23957,67.52751159667969
23958,29.08942222595215
23959,25.956298828125
23960,36.301513671875
23961,54.31102752685547
23962,65.45221710205078
23963,54.91450500488281
23964,79.82975769042969
23965,64.46393585205078
23966,33.008819580078125
23967,25.487985610961914
23968,37.50108337402344
23969,48.537139892578125
23970,64.76722717285156
23971,48.38045883178711
23972,77.8572998046875
23973,62.66740036010742
23974,37.47077178955078
23975,26.01727867126465
23976,42.09907150268555
23977,47.29925537109375
23978,65.0328369140625
23979,49.690704345703125
23980,74.73115539550781
23981,67.12802124023438
23982,35.17298889160156
23983,28.99427032470703
23984,37.22187042236328
23985,48.036582946777344
23986,64.83383178710938
23987,48.23651885986328
23988,77.31906127929688
23989,63.97441101074219
23990,37.577327728271484
23991,33.72356033325195
23992,37.57469940185547
23993,52.35413360595703
23994,59.36973571777344
23995,50.080772399902344
23996,68.13733673095703
23997,65.17682647705078
23998,39.29218292236328
23999,35.5639533996582
24000,36.1553955078125
24001,49.33169937133789
24002,63.37288284301758
24003,48.5269775390625
24004,78.30081176757812
24005,66.8590087890625
24006,36.79876708984375
24007,29.953693389892578
24008,39.23638153076172
24009,44.773475646972656
24010,63.94816207885742
24011,48.026126861572266
24012,73.705322265625
24013,66.68370056152344
24014,39.8981819152832
24015,28.64771842956543
24016,38.508148193359375
24017,49.81554412841797
24018,64.50056457519531
24019,50.440284729003906
24020,76.20874786376953
24021,64.80374908447266
24022,32.770118713378906
24023,30.116104125976562
24024,33.24333953857422
24025,47.884521484375
24026,60.69124984741211
24027,47.616050720214844
24028,74.18505859375
24029,65.5826416015625
24030,37.69334411621094
24031,31.83325958251953
24032,34.497825622558594
24033,47.97724533081055
24034,64.66069793701172
24035,46.41361618041992
24036,77.27010345458984
24037,66.97091674804688
24038,38.00520324707031
24039,29.187158584594727
24040,34.06296157836914
24041,44.522247314453125
24042,64.31468200683594
24043,44.23198318481445
24044,76.003173828125
24045,66.43627166748047
24046,39.438804626464844
24047,30.360855102539062
24048,34.394561767578125
24049,49.23534393310547
24050,57.75139617919922
24051,45.68975067138672
24052,77.30508422851562
24053,63.59751510620117
24054,38.696563720703125
24055,29.703784942626953
24056,37.312713623046875
24057,45.457489013671875
24058,64.11865234375
24059,45.42997741699219
24060,77.53402709960938
24061,65.26873779296875
24062,33.127994537353516
24063,29.899438858032227
24064,36.43998718261719
24065,45.2889289855957
24066,57.793521881103516
24067,48.22461700439453
24068,77.07597351074219
24069,66.97091674804688
24070,38.00520324707031
24071,29.187158584594727
24072,34.06296157836914
24073,44.522247314453125
24074,64.31468200683594
24075,44.23198318481445
24076,76.003173828125
24077,68.81586456298828
24078,42.18745422363281
24079,33.54747772216797
24080,34.943763732910156
24081,47.45765686035156
24082,68.0634994506836
24083,41.47919464111328
24084,79.84538269042969
24085,65.8427963256836
24086,34.938697814941406
24087,26.081071853637695
24088,40.248687744140625
24089,45.606719970703125
24090,63.19645690917969
24091,51.021575927734375
24092,77.14070129394531
24093,65.0877685546875
24094,36.44862365722656
24095,30.164745330810547
24096,39.55577087402344
24097,50.248443603515625
24098,64.59255981445312
24099,50.471282958984375
24100,73.44441986083984
24101,65.528564453125
24102,38.19294738769531
24103,30.696651458740234
24104,38.763328552246094
24105,49.60284423828125
24106,64.80331420898438
24107,50.02601623535156
24108,76.56414794921875
24109,65.26873779296875
24110,33.127994537353516
24111,29.899438858032227
24112,36.43998718261719
24113,45.2889289855957
24114,57.793521881103516
24115,48.22461700439453
24116,77.07597351074219
24117,63.575626373291016
24118,42.515663146972656
24119,27.7301025390625
24120,35.653526306152344
24121,49.33955764770508
24122,62.359092712402344
24123,41.988975524902344
24124,73.95059204101562
24125,67.21873474121094
24126,38.08904266357422
24127,28.98931312561035
24128,39.716915130615234
24129,51.576744079589844
24130,66.53826904296875
24131,51.74589920043945
24132,78.38487243652344
24133,64.3866958618164
24134,38.8346061706543
24135,30.452518463134766
24136,37.22562026977539
24137,46.78601837158203
24138,61.86812210083008
24139,46.734771728515625
24140,72.89371490478516
24141,65.97068786621094
24142,39.5146369934082
24143,31.24985694885254
24144,36.52938461303711
24145,44.09828186035156
24146,69.22987365722656
24147,47.593345642089844
24148,81.75011444091797
24149,67.45411682128906
24150,40.202476501464844
24151,32.26890563964844
24152,41.73323059082031
24153,49.091094970703125
24154,68.24652862548828
24155,48.50767517089844
24156,75.04801177978516
24157,63.50596618652344
24158,38.052284240722656
24159,29.77584457397461
24160,39.13260269165039
24161,47.31342315673828
24162,63.22439193725586
24163,50.009521484375
24164,78.74911499023438
24165,67.19641876220703
24166,37.41314697265625
24167,29.436138153076172
24168,41.20832061767578
24169,50.901283264160156
24170,61.673309326171875
24171,51.36841583251953
24172,70.57276916503906
24173,66.71202087402344
24174,42.190982818603516
24175,31.96942901611328
24176,37.067787170410156
24177,49.060768127441406
24178,64.99436950683594
24179,46.14497375488281
24180,75.09884643554688
24181,67.3399658203125
24182,41.192623138427734
24183,32.705867767333984
24184,35.87915802001953
24185,50.16520690917969
24186,65.7312240600586
24187,46.870853424072266
24188,75.70428466796875
24189,68.35870361328125
24190,41.36811065673828
24191,31.3649959564209
24192,37.115577697753906
24193,43.38008499145508
24194,66.19245910644531
24195,43.68302917480469
24196,80.31794738769531
24197,64.70317840576172
24198,38.926673889160156
24199,28.10149383544922
24200,38.73135757446289
24201,48.31990051269531
24202,63.82896041870117
24203,48.32342529296875
24204,72.75529479980469
24205,67.59503173828125
24206,38.42021942138672
24207,30.479679107666016
24208,36.1864013671875
24209,48.345157623291016
24210,62.17527389526367
24211,47.586631774902344
24212,76.24800872802734
24213,64.41995239257812
24214,39.09511184692383
24215,31.5148868560791
24216,39.33662414550781
24217,43.8468017578125
24218,63.551788330078125
24219,46.220497131347656
24220,76.7168197631836
24221,66.82076263427734
24222,36.257667541503906
24223,28.752609252929688
24224,38.390411376953125
24225,49.34998321533203
24226,65.07173919677734
24227,50.715267181396484
24228,76.06578826904297
24229,64.94452667236328
24230,35.19319152832031
24231,26.409486770629883
24232,40.018524169921875
24233,49.09980773925781
24234,63.52392578125
24235,51.08942794799805
24236,75.8612289428711
24237,67.8755874633789
24238,42.46874237060547
24239,29.808696746826172
24240,37.02477264404297
24241,45.83817672729492
24242,68.46676635742188
24243,43.93938446044922
24244,80.26055908203125
24245,62.73399353027344
24246,34.92028045654297
24247,30.062238693237305
24248,36.82986831665039
24249,47.03839111328125
24250,62.54217529296875
24251,48.129554748535156
24252,82.13593292236328
24253,67.41373443603516
24254,36.40340805053711
24255,30.779970169067383
24256,35.229156494140625
24257,48.5120849609375
24258,56.26018524169922
24259,49.25676345825195
24260,77.57785034179688
24261,65.06953430175781
24262,37.52448272705078
24263,29.64975929260254
24264,37.26887512207031
24265,46.06153869628906
24266,62.530982971191406
24267,46.35419464111328
24268,83.27151489257812
24269,65.20968627929688
24270,34.184242248535156
24271,30.062646865844727
24272,37.5661506652832
24273,53.258670806884766
24274,61.13441467285156
24275,53.39291763305664
24276,73.01301574707031
24277,46.42987060546875
24278,42.086997985839844
24279,21.76306915283203
24280,44.54778289794922
24281,30.999858856201172
24282,63.52553176879883
24283,31.16549301147461
24284,70.30867004394531
24285,59.45426940917969
24286,41.6639404296875
24287,32.82767868041992
24288,42.070919036865234
24289,47.190162658691406
24290,54.69861602783203
24291,46.22412872314453
24292,65.9801025390625
24293,64.94954681396484
24294,35.250701904296875
24295,27.11587905883789
24296,37.19153594970703
24297,45.799285888671875
24298,64.56990051269531
24299,47.48298263549805
24300,80.03421020507812
24301,70.28164672851562
24302,38.622467041015625
24303,30.00415802001953
24304,36.46245193481445
24305,48.335811614990234
24306,69.71369934082031
24307,49.121212005615234
24308,82.38672637939453
24309,50.10887145996094
24310,45.616790771484375
24311,26.020992279052734
24312,36.76731872558594
24313,26.58633041381836
24314,58.868743896484375
24315,25.927120208740234
24316,68.52548217773438
24317,73.232177734375
24318,33.313106536865234
24319,29.311119079589844
24320,34.88603973388672
24321,41.54039764404297
24322,64.34317016601562
24323,46.77170181274414
24324,81.11143493652344
24325,64.35307312011719
24326,36.85605239868164
24327,25.504613876342773
24328,42.49896240234375
24329,48.54335403442383
24330,66.56885528564453
24331,49.699493408203125
24332,78.588134765625
24333,67.32512664794922
24334,36.566612243652344
24335,28.750598907470703
24336,40.70445251464844
24337,52.421207427978516
24338,67.36100006103516
24339,51.31970977783203
24340,81.07237243652344
24341,65.08917236328125
24342,39.94031524658203
24343,29.30443000793457
24344,38.30206298828125
24345,44.78519058227539
24346,66.25807189941406
24347,44.983192443847656
24348,82.22700500488281
24349,67.63949584960938
24350,37.181602478027344
24351,28.871994018554688
24352,35.185081481933594
24353,45.20037841796875
24354,63.636226654052734
24355,45.499935150146484
24356,78.57794952392578
24357,68.84854125976562
24358,38.880516052246094
24359,27.76480484008789
24360,38.46417236328125
24361,49.00341033935547
24362,60.937110900878906
24363,49.719818115234375
24364,79.13919067382812
24365,66.63995361328125
24366,35.314544677734375
24367,31.58542251586914
24368,36.49567413330078
24369,51.730995178222656
24370,66.37153625488281
24371,49.3001708984375
24372,75.972412109375
24373,66.85297393798828
24374,35.40748596191406
24375,31.740324020385742
24376,35.223941802978516
24377,54.81293487548828
24378,58.65576934814453
24379,52.82872772216797
24380,75.5785903930664
24381,68.70040893554688
24382,38.10346221923828
24383,30.678237915039062
24384,39.07976531982422
24385,52.38242721557617
24386,68.12799835205078
24387,50.85109329223633
24388,83.80146026611328
24389,67.12532806396484
24390,40.72740173339844
24391,31.79067611694336
24392,37.09987258911133
24393,47.77027130126953
24394,64.68304443359375
24395,46.40177536010742
24396,77.48065185546875
24397,65.21022033691406
24398,35.559959411621094
24399,29.50901222229004
24400,36.40993881225586
24401,43.36444091796875
24402,57.509796142578125
24403,45.33171844482422
24404,74.2013931274414
24405,67.19779968261719
24406,39.31948471069336
24407,31.826595306396484
24408,38.61730194091797
24409,46.471435546875
24410,70.01437377929688
24411,48.40792465209961
24412,82.86245727539062
24413,66.04330444335938
24414,39.15489196777344
24415,30.219947814941406
24416,35.67669677734375
24417,47.689308166503906
24418,69.92268371582031
24419,44.90060043334961
24420,86.95569610595703
24421,66.78889465332031
24422,38.21481704711914
24423,30.809980392456055
24424,33.51051330566406
24425,48.82514953613281
24426,60.672027587890625
24427,46.123863220214844
24428,73.72154998779297
24429,68.86068725585938
24430,38.269710540771484
24431,26.677867889404297
24432,38.35191345214844
24433,46.73636245727539
24434,66.02388000488281
24435,48.18031311035156
24436,75.97438049316406
24437,65.8050765991211
24438,36.381649017333984
24439,30.513164520263672
24440,32.28410720825195
24441,45.8690299987793
24442,61.21453857421875
24443,44.320579528808594
24444,74.89300537109375
24445,63.49833297729492
24446,38.20490264892578
24447,25.52481460571289
24448,30.889904022216797
24449,41.603416442871094
24450,54.70467758178711
24451,37.798362731933594
24452,73.92528533935547
24453,65.17710876464844
24454,36.06488800048828
24455,26.823680877685547
24456,34.844871520996094
24457,45.85108947753906
24458,67.09638977050781
24459,45.477569580078125
24460,79.00334167480469
24461,64.38581848144531
24462,37.917659759521484
24463,28.56090545654297
24464,38.98215866088867
24465,47.72979736328125
24466,62.76778030395508
24467,48.05459213256836
24468,76.11199951171875
24469,67.76655578613281
24470,41.989288330078125
24471,34.22999572753906
24472,30.919639587402344
24473,40.48576354980469
24474,67.8873291015625
24475,37.85978317260742
24476,78.33695220947266
24477,66.35282897949219
24478,40.6229362487793
24479,30.263797760009766
24480,35.26826477050781
24481,44.242408752441406
24482,64.48516082763672
24483,40.986942291259766
24484,78.399658203125
24485,66.15420532226562
24486,35.18302917480469
24487,32.75287628173828
24488,37.08603286743164
24489,49.06299591064453
24490,59.38670349121094
24491,49.92017364501953
24492,71.03556823730469
24493,68.98387145996094
24494,35.5728759765625
24495,29.607772827148438
24496,36.91151809692383
24497,52.088348388671875
24498,64.5963363647461
24499,51.79814910888672
24500,78.81318664550781
24501,71.12672424316406
24502,33.352134704589844
24503,36.216514587402344
24504,39.855857849121094
24505,59.28685760498047
24506,55.73161315917969
24507,63.86168670654297
24508,74.20478057861328
24509,68.68583679199219
24510,39.727272033691406
24511,29.785388946533203
24512,40.27178955078125
24513,49.367431640625
24514,63.45078659057617
24515,49.00200653076172
24516,75.82296752929688
24517,64.90471649169922
24518,34.46133041381836
24519,25.498750686645508
24520,35.399810791015625
24521,50.04518127441406
24522,66.78838348388672
24523,49.3702392578125
24524,81.2182388305664
24525,61.17559051513672
24526,38.136756896972656
24527,28.833036422729492
24528,39.42490768432617
24529,42.830665588378906
24530,66.6700439453125
24531,49.94825744628906
24532,76.77645874023438
24533,67.74845123291016
24534,38.49964141845703
24535,28.864700317382812
24536,35.6447868347168
24537,46.65597915649414
24538,66.31993103027344
24539,44.99696350097656
24540,79.39024353027344
24541,64.75001525878906
24542,40.33454895019531
24543,34.54686737060547
24544,32.28757858276367
24545,43.21868133544922
24546,61.80645751953125
24547,39.336517333984375
24548,73.0574722290039
24549,59.41043472290039
24550,38.187828063964844
24551,32.723365783691406
24552,36.63469696044922
24553,38.337158203125
24554,60.53089904785156
24555,41.89273452758789
24556,72.99821472167969
24557,64.0506362915039
24558,35.04016876220703
24559,29.827449798583984
24560,45.10057830810547
24561,50.462398529052734
24562,64.66462707519531
24563,55.107154846191406
24564,76.74931335449219
24565,63.34761047363281
24566,32.650108337402344
24567,29.080524444580078
24568,42.77740478515625
24569,53.82523727416992
24570,65.68141174316406
24571,58.80363464355469
24572,76.45411682128906
24573,65.33478546142578
24574,35.91673278808594
24575,29.34248924255371
24576,37.588157653808594
24577,49.155487060546875
24578,61.427391052246094
24579,50.26813507080078
24580,72.46580505371094
24581,64.86421966552734
24582,36.55719757080078
24583,31.992069244384766
24584,39.087215423583984
24585,52.756690979003906
24586,63.15892028808594
24587,52.411678314208984
24588,74.65998840332031
24589,66.92790222167969
24590,38.795654296875
24591,26.729778289794922
24592,38.7961311340332
24593,43.83795166015625
24594,70.17059326171875
24595,44.15348815917969
24596,82.57298278808594
24597,66.9903564453125
24598,39.272918701171875
24599,29.271432876586914
24600,37.56681823730469
24601,52.19957733154297
24602,69.71357727050781
24603,49.18531799316406
24604,86.32745361328125
24605,68.38078308105469
24606,38.20737075805664
24607,30.74308204650879
24608,36.567020416259766
24609,48.65753173828125
24610,63.00286102294922
24611,48.326377868652344
24612,76.3511962890625
24613,68.38079071044922
24614,35.13395690917969
24615,31.21060562133789
24616,39.34547805786133
24617,56.633296966552734
24618,65.20299530029297
24619,55.14845657348633
24620,80.64564514160156
24621,62.41529083251953
24622,39.757102966308594
24623,29.681781768798828
24624,38.59512710571289
24625,48.28240966796875
24626,65.6339340209961
24627,46.47618865966797
24628,73.186767578125
24629,66.5691146850586
24630,39.081417083740234
24631,29.033061981201172
24632,40.68773651123047
24633,49.98717498779297
24634,60.69965362548828
24635,50.53744125366211
24636,73.2463150024414
24637,70.05064392089844
24638,42.368228912353516
24639,27.653396606445312
24640,32.145774841308594
24641,43.251380920410156
24642,67.90129852294922
24643,41.27313995361328
24644,82.57073974609375
24645,67.87319946289062
24646,42.40237808227539
24647,30.277597427368164
24648,37.0458984375
24649,42.82011032104492
24650,72.75007629394531
24651,44.051998138427734
24652,82.11428833007812
24653,75.0848617553711
24654,36.18074417114258
24655,28.364749908447266
24656,30.075910568237305
24657,41.100399017333984
24658,69.05609893798828
24659,41.49514389038086
24660,87.45664978027344
24661,66.40795135498047
24662,37.22069549560547
24663,29.082834243774414
24664,34.90873336791992
24665,44.14670944213867
24666,61.1143684387207
24667,43.39378356933594
24668,73.02413177490234
24669,64.92446899414062
24670,41.08959197998047
24671,30.87020492553711
24672,40.21119689941406
24673,46.158294677734375
24674,63.47746276855469
24675,45.893638610839844
24676,77.3468017578125
24677,68.62492370605469
24678,39.428749084472656
24679,31.335620880126953
24680,33.885711669921875
24681,44.41252136230469
24682,63.82831573486328
24683,41.334938049316406
24684,83.78369140625
24685,66.73897552490234
24686,40.71563720703125
24687,29.690126419067383
24688,35.933677673339844
24689,44.60564041137695
24690,68.05526733398438
24691,44.69959259033203
24692,79.331298828125
24693,67.52926635742188
24694,34.11011505126953
24695,29.048734664916992
24696,35.96049118041992
24697,56.48487854003906
24698,66.00299072265625
24699,53.48979187011719
24700,81.77288818359375
24701,64.84957885742188
24702,40.077171325683594
24703,27.595354080200195
24704,38.061622619628906
24705,44.80394744873047
24706,67.00621795654297
24707,43.80358123779297
24708,77.36793518066406
24709,67.28335571289062
24710,37.94104766845703
24711,29.448915481567383
24712,38.8030891418457
24713,47.125980377197266
24714,67.48786163330078
24715,47.517356872558594
24716,81.48789978027344
24717,67.05580139160156
24718,39.711181640625
24719,30.993663787841797
24720,39.678096771240234
24721,47.89126205444336
24722,66.16797637939453
24723,47.060081481933594
24724,79.84963989257812
24725,62.003257751464844
24726,38.75802993774414
24727,34.08160400390625
24728,35.247413635253906
24729,45.826358795166016
24730,54.80518341064453
24731,46.00448989868164
24732,67.10556030273438
24733,67.19281005859375
24734,34.074668884277344
24735,32.973697662353516
24736,38.51002502441406
24737,59.677162170410156
24738,67.75901794433594
24739,52.65846252441406
24740,77.785400390625
24741,62.48992156982422
24742,35.123863220214844
24743,28.077314376831055
24744,37.523197174072266
24745,51.64588165283203
24746,66.12010192871094
24747,49.41950225830078
24748,80.23834991455078
24749,64.48866271972656
24750,39.03273391723633
24751,29.826496124267578
24752,34.769325256347656
24753,49.49951171875
24754,64.71539306640625
24755,46.05262756347656
24756,76.41915893554688
24757,65.68272399902344
24758,36.28312683105469
24759,31.610824584960938
24760,39.30712890625
24761,50.09879684448242
24762,64.6038818359375
24763,48.657005310058594
24764,73.27987670898438
24765,69.37562561035156
24766,44.07700729370117
24767,31.45046615600586
24768,34.51893615722656
24769,43.91300964355469
24770,70.3453140258789
24771,40.44020080566406
24772,80.97064208984375
24773,68.70982360839844
24774,43.65801239013672
24775,33.07725524902344
24776,36.97723388671875
24777,45.682350158691406
24778,67.55301666259766
24779,42.299556732177734
24780,77.42232513427734
24781,67.3536376953125
24782,37.9512825012207
24783,31.291847229003906
24784,35.626197814941406
24785,50.286285400390625
24786,62.496665954589844
24787,47.115501403808594
24788,78.33739471435547
24789,67.30781555175781
24790,37.37499237060547
24791,27.893823623657227
24792,36.81211853027344
24793,44.682830810546875
24794,62.337066650390625
24795,45.72412109375
24796,77.11366271972656
24797,67.39430236816406
24798,33.757179260253906
24799,29.12246322631836
24800,34.46968460083008
24801,48.21559143066406
24802,63.363399505615234
24803,46.508079528808594
24804,75.35973358154297
24805,66.57548522949219
24806,36.67475128173828
24807,30.96794319152832
24808,37.669036865234375
24809,51.771995544433594
24810,63.476341247558594
24811,50.46441650390625
24812,76.09534454345703
24813,66.14627075195312
24814,37.23726272583008
24815,30.885318756103516
24816,39.087158203125
24817,50.58609390258789
24818,63.52056121826172
24819,51.997222900390625
24820,76.115966796875
24821,66.76405334472656
24822,35.710296630859375
24823,29.700401306152344
24824,35.72358703613281
24825,50.464134216308594
24826,61.31962203979492
24827,49.84380340576172
24828,77.66136169433594
24829,62.42726135253906
24830,33.80296325683594
24831,25.156997680664062
24832,39.41036605834961
24833,44.342506408691406
24834,45.591796875
24835,47.771705627441406
24836,69.93161010742188
24837,67.69558715820312
24838,36.13258361816406
24839,30.9598388671875
24840,36.71430969238281
24841,48.30316162109375
24842,68.06184387207031
24843,49.93263626098633
24844,77.37196350097656
24845,66.3375244140625
24846,37.12236022949219
24847,29.145429611206055
24848,36.67475128173828
24849,49.917144775390625
24850,64.48538208007812
24851,49.26222229003906
24852,76.42375183105469
24853,69.82316589355469
24854,38.233985900878906
24855,28.370838165283203
24856,35.01393127441406
24857,46.57991027832031
24858,66.94731903076172
24859,46.10826873779297
24860,81.08989715576172
24861,65.10623168945312
24862,39.25754165649414
24863,28.43596649169922
24864,36.54060363769531
24865,51.533485412597656
24866,66.99868774414062
24867,48.50031661987305
24868,77.6634750366211
24869,65.91514587402344
24870,32.60527801513672
24871,28.266666412353516
24872,40.247947692871094
24873,49.606449127197266
24874,64.2331314086914
24875,56.25939178466797
24876,82.34623718261719
24877,64.48982238769531
24878,40.82405090332031
24879,31.925718307495117
24880,38.268653869628906
24881,45.771148681640625
24882,64.50437927246094
24883,45.350162506103516
24884,75.09319305419922
24885,63.994171142578125
24886,37.878662109375
24887,30.72832489013672
24888,38.16436004638672
24889,44.60835647583008
24890,66.89321899414062
24891,45.76506042480469
24892,80.47415161132812
24893,65.15406036376953
24894,37.24509811401367
24895,31.42611312866211
24896,34.16162872314453
24897,44.12133026123047
24898,60.944007873535156
24899,44.223121643066406
24900,71.84131622314453
24901,65.4112548828125
24902,38.15601348876953
24903,30.82389259338379
24904,35.923667907714844
24905,52.52065658569336
24906,62.393455505371094
24907,49.082725524902344
24908,77.83299255371094
24909,65.30194091796875
24910,39.03813171386719
24911,31.753551483154297
24912,39.294036865234375
24913,47.569419860839844
24914,62.215553283691406
24915,50.55087661743164
24916,76.806640625
24917,68.86705017089844
24918,39.49067306518555
24919,30.94235610961914
24920,36.83892059326172
24921,44.61187744140625
24922,68.4103012084961
24923,45.18446731567383
24924,78.29421997070312
24925,65.67525482177734
24926,36.581077575683594
24927,31.32496452331543
24928,35.78942108154297
24929,48.8753662109375
24930,62.12143325805664
24931,47.97160720825195
24932,72.5362548828125
24933,66.38832092285156
24934,39.32065200805664
24935,28.748178482055664
24936,37.459716796875
24937,44.633094787597656
24938,64.17053985595703
24939,44.382537841796875
24940,76.91883850097656
24941,68.12069702148438
24942,38.97121047973633
24943,30.265504837036133
24944,38.552894592285156
24945,46.7554931640625
24946,67.48677825927734
24947,46.08665466308594
24948,79.3323745727539
24949,66.39863586425781
24950,38.10652542114258
24951,31.229061126708984
24952,38.623416900634766
24953,43.75
24954,65.30091857910156
24955,45.960166931152344
24956,80.12466430664062
24957,66.71888732910156
24958,32.12841033935547
24959,28.707015991210938
24960,38.88963317871094
24961,51.3813362121582
24962,68.82377624511719
24963,55.397987365722656
24964,80.2322998046875
24965,63.91674041748047
24966,36.91257095336914
24967,31.79354476928711
24968,40.50761413574219
24969,47.76858901977539
24970,63.71681213378906
24971,48.405128479003906
24972,76.11984252929688
24973,66.07677459716797
24974,34.38712692260742
24975,31.287399291992188
24976,39.04413986206055
24977,50.835304260253906
24978,67.49933624267578
24979,52.36386489868164
24980,78.55056762695312
24981,67.09893035888672
24982,40.89755630493164
24983,29.279850006103516
24984,40.00452423095703
24985,47.2242317199707
24986,64.15936279296875
24987,47.26068115234375
24988,77.63916778564453
24989,65.15969848632812
24990,40.938148498535156
24991,30.548843383789062
24992,37.448429107666016
24993,47.826053619384766
24994,67.49266052246094
24995,47.07573699951172
24996,78.22996520996094
24997,65.92080688476562
24998,37.1763801574707
24999,27.623441696166992
25000,39.351890563964844
25001,52.512508392333984
25002,63.538368225097656
25003,51.73698425292969
25004,76.13334655761719
25005,64.09120178222656
25006,38.426551818847656
25007,30.444602966308594
25008,39.28292465209961
25009,48.284332275390625
25010,67.71036529541016
25011,48.908966064453125
25012,78.18439483642578
25013,70.42168426513672
25014,36.26800537109375
25015,29.244970321655273
25016,39.46707534790039
25017,55.12117004394531
25018,68.72906494140625
25019,54.56171417236328
25020,78.74259948730469
25021,66.77780151367188
25022,35.938724517822266
25023,28.36703872680664
25024,36.63588333129883
25025,48.645233154296875
25026,63.92753219604492
25027,48.871124267578125
25028,76.98329162597656
25029,62.58281707763672
25030,35.39011001586914
25031,31.1193904876709
25032,42.11725616455078
25033,48.657501220703125
25034,64.55863952636719
25035,54.523223876953125
25036,77.51826477050781
25037,67.79914855957031
25038,35.07978820800781
25039,32.04045486450195
25040,34.811317443847656
25041,48.98442077636719
25042,68.3622817993164
25043,48.662681579589844
25044,81.32718658447266
25045,65.75149536132812
25046,38.9503059387207
25047,32.592899322509766
25048,38.15753173828125
25049,49.36859130859375
25050,66.18601989746094
25051,49.157310485839844
25052,75.76445007324219
25053,66.25489807128906
25054,42.90740203857422
25055,30.62000846862793
25056,36.315467834472656
25057,41.24272155761719
25058,65.45852661132812
25059,43.146461486816406
25060,78.53157043457031
25061,65.43679809570312
25062,35.23200988769531
25063,26.156551361083984
25064,38.29142761230469
25065,50.34938430786133
25066,61.71929168701172
25067,51.91728591918945
25068,71.70840454101562
25069,63.70134735107422
25070,40.6572265625
25071,30.188655853271484
25072,40.73450469970703
25073,48.04851531982422
25074,62.14739227294922
25075,48.16651153564453
25076,73.45647430419922
25077,67.34095001220703
25078,38.562564849853516
25079,31.024593353271484
25080,37.31682205200195
25081,48.0814323425293
25082,61.748924255371094
25083,47.48038864135742
25084,74.00114440917969
25085,65.04031372070312
25086,36.668357849121094
25087,32.768157958984375
25088,37.77438735961914
25089,49.400760650634766
25090,58.51416015625
25091,51.001224517822266
25092,70.08937072753906
25093,65.16854858398438
25094,36.63896179199219
25095,30.9510498046875
25096,39.47578811645508
25097,48.50514221191406
25098,65.5771255493164
25099,49.94097900390625
25100,76.28984069824219
25101,65.21818542480469
25102,37.735294342041016
25103,28.79733657836914
25104,38.91565704345703
25105,46.975608825683594
25106,58.91902160644531
25107,48.90919876098633
25108,86.02059936523438
25109,67.50218200683594
25110,38.21160125732422
25111,36.996559143066406
25112,35.98274230957031
25113,55.609619140625
25114,63.57556915283203
25115,52.7479248046875
25116,72.17683410644531
25117,67.00965881347656
25118,38.668739318847656
25119,32.53335189819336
25120,39.082435607910156
25121,50.51646423339844
25122,61.89369583129883
25123,50.91957473754883
25124,80.22456359863281
25125,64.96379089355469
25126,32.8255615234375
25127,27.700698852539062
25128,38.7030143737793
25129,47.932472229003906
25130,62.217105865478516
25131,49.55994415283203
25132,72.63951873779297
25133,65.04031372070312
25134,36.668357849121094
25135,32.768157958984375
25136,37.77438735961914
25137,49.400760650634766
25138,58.51416015625
25139,51.001224517822266
25140,70.08937072753906
25141,69.20822143554688
25142,38.40735626220703
25143,31.17864227294922
25144,40.34208679199219
25145,48.62981033325195
25146,69.73518371582031
25147,52.13299560546875
25148,85.77776336669922
25149,67.31011199951172
25150,38.79475021362305
25151,28.743602752685547
25152,42.13785171508789
25153,48.16937255859375
25154,68.29803466796875
25155,53.64991760253906
25156,87.15756225585938
25157,65.06668090820312
25158,39.52183532714844
25159,28.45669937133789
25160,34.90388870239258
25161,44.106239318847656
25162,66.87576293945312
25163,42.30914306640625
25164,77.67609405517578
25165,64.97111511230469
25166,37.82142639160156
25167,32.566162109375
25168,38.96213912963867
25169,49.537960052490234
25170,62.044273376464844
25171,49.41246795654297
25172,77.16123962402344
25173,69.11231231689453
25174,32.959163665771484
25175,28.59658432006836
25176,36.88932800292969
25177,49.35496520996094
25178,68.70161437988281
25179,51.257659912109375
25180,80.12923431396484
25181,65.58428955078125
25182,38.75862121582031
25183,29.549894332885742
25184,40.13700866699219
25185,47.98263168334961
25186,64.20848846435547
25187,48.520347595214844
25188,74.00395202636719
25189,62.10484313964844
25190,39.69126892089844
25191,30.6459903717041
25192,39.121212005615234
25193,42.54194259643555
25194,63.585880279541016
25195,43.777034759521484
25196,76.370361328125
25197,62.87898635864258
25198,41.895076751708984
25199,32.78131866455078
25200,35.08049011230469
25201,43.602516174316406
25202,63.89369201660156
25203,41.62007522583008
25204,76.1243667602539
25205,69.01052856445312
25206,38.39429473876953
25207,28.471521377563477
25208,40.81697463989258
25209,51.617431640625
25210,64.48868560791016
25211,53.13406753540039
25212,76.40818786621094
25213,63.957908630371094
25214,37.423622131347656
25215,31.45267105102539
25216,37.98057556152344
25217,45.47849655151367
25218,66.23869323730469
25219,47.266014099121094
25220,77.2274169921875
25221,68.11624145507812
25222,34.77371597290039
25223,30.877893447875977
25224,40.329620361328125
25225,50.7599983215332
25226,68.07215881347656
25227,52.481170654296875
25228,77.67741394042969
25229,62.43320846557617
25230,37.749122619628906
25231,30.821731567382812
25232,36.96916961669922
25233,48.37614059448242
25234,67.1015853881836
25235,48.428985595703125
25236,76.41416931152344
25237,65.02589416503906
25238,36.36106872558594
25239,30.055204391479492
25240,39.07481384277344
25241,48.22234344482422
25242,66.5630111694336
25243,49.466575622558594
25244,77.15031433105469
25245,64.08033752441406
25246,42.80388641357422
25247,33.35281753540039
25248,32.69667053222656
25249,39.74647521972656
25250,62.818275451660156
25251,37.71241760253906
25252,71.4749755859375
25253,68.93070983886719
25254,42.778465270996094
25255,29.475767135620117
25256,34.28630065917969
25257,43.80492401123047
25258,67.36470031738281
25259,41.031700134277344
25260,79.25218200683594
25261,66.06221008300781
25262,37.23338317871094
25263,31.646947860717773
25264,37.14594650268555
25265,47.232017517089844
25266,65.25216674804688
25267,47.981746673583984
25268,77.96507263183594
25269,66.76617431640625
25270,39.54396057128906
25271,29.365249633789062
25272,37.20948791503906
25273,45.501670837402344
25274,64.43659210205078
25275,46.42310333251953
25276,75.3408203125
25277,64.0831298828125
25278,38.18461608886719
25279,26.829517364501953
25280,43.132606506347656
25281,52.126914978027344
25282,60.371917724609375
25283,53.067771911621094
25284,76.590087890625
25285,67.7908935546875
25286,36.61742401123047
25287,31.63780403137207
25288,36.59779357910156
25289,46.85641098022461
25290,60.602867126464844
25291,48.387962341308594
25292,73.64323425292969
25293,65.69235229492188
25294,41.6511344909668
25295,28.851930618286133
25296,41.61962890625
25297,50.536930084228516
25298,62.58606719970703
25299,50.13778305053711
25300,74.67810821533203
25301,62.965904235839844
25302,36.967506408691406
25303,32.556793212890625
25304,36.40240478515625
25305,47.80656814575195
25306,64.58934020996094
25307,49.341121673583984
25308,77.27578735351562
25309,65.53755187988281
25310,36.98323059082031
25311,34.27812194824219
25312,38.35734558105469
25313,55.120018005371094
25314,60.92188262939453
25315,55.18817901611328
25316,72.95646667480469
25317,65.75154113769531
25318,36.8728141784668
25319,29.48427963256836
25320,40.3234977722168
25321,45.516151428222656
25322,62.80524444580078
25323,50.42793273925781
25324,72.77510070800781
25325,65.0623779296875
25326,37.37867736816406
25327,30.463319778442383
25328,36.729698181152344
25329,46.9779052734375
25330,61.990074157714844
25331,46.725563049316406
25332,77.49180603027344
25333,68.24937438964844
25334,35.2277717590332
25335,28.442481994628906
25336,34.427268981933594
25337,47.534873962402344
25338,65.60667419433594
25339,45.852447509765625
25340,76.1043930053711
25341,47.66056823730469
25342,37.748592376708984
25343,24.33359718322754
25344,46.63887023925781
25345,32.626617431640625
25346,60.17599105834961
25347,38.468666076660156
25348,72.5322265625
25349,66.16644287109375
25350,40.547508239746094
25351,31.122074127197266
25352,32.80914306640625
25353,43.513877868652344
25354,63.733150482177734
25355,38.181800842285156
25356,80.4325180053711
25357,64.75297546386719
25358,40.182029724121094
25359,30.85926628112793
25360,37.59511947631836
25361,44.28300476074219
25362,58.252159118652344
25363,44.019989013671875
25364,81.661865234375
25365,59.14162826538086
25366,34.78266143798828
25367,28.496837615966797
25368,37.43743896484375
25369,48.317901611328125
25370,56.356056213378906
25371,48.445274353027344
25372,68.34247589111328
25373,59.64014434814453
25374,38.14952087402344
25375,33.66069793701172
25376,39.626731872558594
25377,48.532039642333984
25378,57.200408935546875
25379,48.978477478027344
25380,66.24480438232422
25381,64.98454284667969
25382,36.81910705566406
25383,30.578001022338867
25384,36.950584411621094
25385,49.141868591308594
25386,57.80152130126953
25387,47.509498596191406
25388,73.98790740966797
25389,73.13211059570312
25390,29.474576950073242
25391,25.674850463867188
25392,39.50534439086914
25393,51.86072540283203
25394,78.25796508789062
25395,57.13191604614258
25396,88.79056549072266
25397,65.07794189453125
25398,39.52483367919922
25399,33.61739730834961
25400,35.21296691894531
25401,48.98447799682617
25402,65.1441650390625
25403,46.16053009033203
25404,74.47352600097656
25405,66.10507202148438
25406,38.015480041503906
25407,27.59476089477539
25408,36.19881820678711
25409,46.45918655395508
25410,59.0732536315918
25411,48.77975845336914
25412,81.77232360839844
25413,67.61251068115234
25414,30.493408203125
25415,26.8985652923584
25416,40.916709899902344
25417,49.55384826660156
25418,65.82796478271484
25419,50.882972717285156
25420,77.79551696777344
25421,61.76947021484375
25422,37.19710159301758
25423,32.080169677734375
25424,37.84420394897461
25425,46.914222717285156
25426,52.976051330566406
25427,47.55796432495117
25428,66.75827026367188
25429,64.53695678710938
25430,36.9332275390625
25431,31.496862411499023
25432,35.44343566894531
25433,49.16035461425781
25434,59.24928283691406
25435,48.41553497314453
25436,71.77845764160156
25437,67.61251068115234
25438,30.493408203125
25439,26.8985652923584
25440,40.916709899902344
25441,49.55384826660156
25442,65.82796478271484
25443,50.882972717285156
25444,77.79551696777344
25445,67.7682876586914
25446,37.87543869018555
25447,27.751039505004883
25448,38.74114227294922
25449,48.835811614990234
25450,68.25119018554688
25451,48.596702575683594
25452,79.88209533691406
25453,64.4115219116211
25454,39.210330963134766
25455,31.203502655029297
25456,38.47205352783203
25457,46.79352951049805
25458,58.469322204589844
25459,47.99622344970703
25460,70.847412109375
25461,64.65792846679688
25462,37.33897018432617
25463,32.99067687988281
25464,37.81123352050781
25465,51.31242370605469
25466,61.07864761352539
25467,50.207801818847656
25468,73.26216125488281
25469,63.47981262207031
25470,31.27529525756836
25471,26.016422271728516
25472,34.89607238769531
25473,41.80409622192383
25474,62.11572265625
25475,45.6722412109375
25476,75.01426696777344
25477,50.883056640625
25478,37.826446533203125
25479,27.45580291748047
25480,34.70673370361328
25481,33.829673767089844
25482,54.263118743896484
25483,33.19401931762695
25484,67.86502075195312
25485,60.84022521972656
25486,34.793235778808594
25487,29.559722900390625
25488,36.67189025878906
25489,50.96971893310547
25490,58.78251266479492
25491,50.554405212402344
25492,69.21092224121094
25493,64.78225708007812
25494,41.2768440246582
25495,25.583621978759766
25496,40.20960998535156
25497,46.202354431152344
25498,64.53938293457031
25499,46.86212158203125
25500,89.00785827636719
25501,65.8003158569336
25502,39.98999786376953
25503,32.816871643066406
25504,37.08858108520508
25505,47.75995635986328
25506,62.61961364746094
25507,45.614097595214844
25508,71.09272766113281
25509,66.36213684082031
25510,35.49785614013672
25511,29.375640869140625
25512,39.28362274169922
25513,50.045860290527344
25514,68.99268341064453
25515,51.13562774658203
25516,79.04889678955078
25517,65.49749755859375
25518,34.69767761230469
25519,29.508235931396484
25520,36.089717864990234
25521,45.86127471923828
25522,61.890480041503906
25523,47.78491973876953
25524,73.36627960205078
25525,64.19151306152344
25526,37.21527099609375
25527,31.110628128051758
25528,36.72372055053711
25529,48.687294006347656
25530,67.81729125976562
25531,48.91856384277344
25532,79.14620208740234
25533,67.35003662109375
25534,37.97337341308594
25535,31.411317825317383
25536,36.509300231933594
25537,46.03376007080078
25538,62.034423828125
25539,47.32666015625
25540,77.72016906738281
25541,65.8056411743164
25542,36.718292236328125
25543,29.18820571899414
25544,36.60991668701172
25545,46.129112243652344
25546,65.05631256103516
25547,46.46197509765625
25548,77.5389175415039
25549,59.87579345703125
25550,34.733848571777344
25551,32.58627700805664
25552,42.54436492919922
25553,47.70219421386719
25554,64.84012603759766
25555,51.24299621582031
25556,76.99764251708984
25557,67.38320922851562
25558,36.81060791015625
25559,29.229625701904297
25560,37.4176025390625
25561,50.27769470214844
25562,67.93699645996094
25563,48.73384475708008
25564,78.14688110351562
25565,60.93483352661133
25566,36.348289489746094
25567,30.117965698242188
25568,44.627098083496094
25569,47.47975540161133
25570,67.22288513183594
25571,52.6589241027832
25572,77.26007080078125
25573,59.91239929199219
25574,37.5519905090332
25575,28.493379592895508
25576,36.05403137207031
25577,43.7550163269043
25578,60.682273864746094
25579,42.8754997253418
25580,73.02853393554688
25581,66.73636627197266
25582,40.04679870605469
25583,30.113855361938477
25584,35.958961486816406
25585,45.515380859375
25586,66.82205200195312
25587,43.13092803955078
25588,77.13674926757812
25589,64.90231323242188
25590,40.202476501464844
25591,28.07065200805664
25592,39.44988250732422
25593,50.676029205322266
25594,70.18476104736328
25595,49.14250564575195
25596,80.25968933105469
25597,61.008644104003906
25598,33.12424087524414
25599,36.13317108154297
25600,43.24079895019531
25601,47.64193344116211
25602,58.87841796875
25603,51.57234191894531
25604,67.19718933105469
25605,67.64750671386719
25606,36.62079620361328
25607,29.66877555847168
25608,33.870487213134766
25609,42.52899932861328
25610,69.42430877685547
25611,46.39703369140625
25612,81.53579711914062
25613,63.45465087890625
25614,33.227821350097656
25615,31.61039924621582
25616,40.13208770751953
25617,55.92168045043945
25618,63.08946228027344
25619,57.367088317871094
25620,72.43389892578125
25621,66.97215270996094
25622,40.79231262207031
25623,27.373374938964844
25624,38.49406433105469
25625,46.05052947998047
25626,64.66858673095703
25627,45.23588562011719
25628,78.22895050048828
25629,65.43879699707031
25630,38.37299346923828
25631,30.089824676513672
25632,37.7593994140625
25633,48.32244873046875
25634,65.52467346191406
25635,47.908573150634766
25636,78.52239990234375
25637,65.8343505859375
25638,40.98838806152344
25639,29.504932403564453
25640,37.831539154052734
25641,45.443328857421875
25642,64.80602264404297
25643,43.70682144165039
25644,75.28581237792969
25645,67.49853515625
25646,37.02820587158203
25647,27.167633056640625
25648,41.631385803222656
25649,49.10368347167969
25650,63.653770446777344
25651,47.17222595214844
25652,79.60319519042969
25653,64.79855346679688
25654,39.229705810546875
25655,31.621164321899414
25656,39.670745849609375
25657,47.778316497802734
25658,65.37557220458984
25659,48.57905960083008
25660,77.81416320800781
25661,60.94782257080078
25662,35.89300537109375
25663,29.954483032226562
25664,43.63982009887695
25665,46.67322540283203
25666,64.92957305908203
25667,53.93506622314453
25668,77.11978912353516
25669,66.30696105957031
25670,38.95489501953125
25671,31.106338500976562
25672,37.14719009399414
25673,46.32692337036133
25674,66.52005004882812
25675,45.98268127441406
25676,80.9368896484375
25677,67.48402404785156
25678,41.86152267456055
25679,31.987226486206055
25680,38.253047943115234
25681,45.9255485534668
25682,68.65884399414062
25683,46.233245849609375
25684,79.71310424804688
25685,50.024471282958984
25686,42.458892822265625
25687,23.824176788330078
25688,42.36456298828125
25689,31.43268585205078
25690,62.7200927734375
25691,34.207027435302734
25692,74.17930603027344
25693,64.2623291015625
25694,38.117523193359375
25695,26.012420654296875
25696,35.345741271972656
25697,47.20696258544922
25698,53.43754577636719
25699,42.658546447753906
25700,80.24273681640625
25701,65.64974975585938
25702,36.616455078125
25703,32.16932678222656
25704,36.90978240966797
25705,51.673362731933594
25706,62.4011116027832
25707,52.906829833984375
25708,74.26885223388672
25709,67.38180541992188
25710,39.66443634033203
25711,32.35416030883789
25712,34.60239028930664
25713,49.49751281738281
25714,59.98963165283203
25715,46.894737243652344
25716,76.65336608886719
25717,63.43134307861328
25718,34.75415802001953
25719,29.996532440185547
25720,37.98188400268555
25721,51.074440002441406
25722,57.61977767944336
25723,53.153961181640625
25724,71.10809326171875
25725,65.2017822265625
25726,37.00898742675781
25727,31.18170928955078
25728,36.435279846191406
25729,47.78963088989258
25730,53.91136169433594
25731,46.80442810058594
25732,75.82011413574219
25733,68.44770812988281
25734,34.79645538330078
25735,27.311620712280273
25736,40.566375732421875
25737,52.33646774291992
25738,64.49067687988281
25739,55.20075225830078
25740,81.67979431152344
25741,65.7130126953125
25742,35.433292388916016
25743,30.206857681274414
25744,38.346168518066406
25745,50.1217041015625
25746,62.20213317871094
25747,51.33123016357422
25748,73.08829498291016
25749,64.35832214355469
25750,37.45967483520508
25751,31.929296493530273
25752,38.709564208984375
25753,47.027923583984375
25754,55.24470520019531
25755,48.09856414794922
25756,74.58797454833984
25757,59.87884521484375
25758,37.54302978515625
25759,27.046768188476562
25760,39.29686737060547
25761,41.902931213378906
25762,63.54827880859375
25763,44.59284973144531
25764,73.27813720703125
25765,46.933753967285156
25766,41.686649322509766
25767,25.495515823364258
25768,39.43450927734375
25769,22.312530517578125
25770,67.32131958007812
25771,23.735891342163086
25772,78.885009765625
25773,64.59075927734375
25774,38.607810974121094
25775,37.373077392578125
25776,40.30479431152344
25777,53.962860107421875
25778,61.905941009521484
25779,52.18226623535156
25780,77.04022216796875
25781,60.98828887939453
25782,43.517269134521484
25783,30.17116355895996
25784,40.95762634277344
25785,46.85150909423828
25786,59.331111907958984
25787,44.15121078491211
25788,70.6598129272461
25789,70.24299621582031
25790,42.807830810546875
25791,37.151214599609375
25792,40.08336639404297
25793,53.35302734375
25794,63.285614013671875
25795,51.610984802246094
25796,75.68836975097656
25797,66.40800476074219
25798,37.1060791015625
25799,28.416067123413086
25800,40.878543853759766
25801,49.062652587890625
25802,63.07903289794922
25803,51.75506591796875
25804,75.36546325683594
25805,67.6378173828125
25806,34.61391830444336
25807,27.142271041870117
25808,35.22334289550781
25809,48.95391845703125
25810,70.4996337890625
25811,49.907814025878906
25812,82.63609313964844
25813,65.7023696899414
25814,35.42228698730469
25815,25.15230369567871
25816,33.65443420410156
25817,39.534400939941406
25818,69.72274780273438
25819,40.799903869628906
25820,83.14584350585938
25821,62.92107009887695
25822,37.42595291137695
25823,31.846052169799805
25824,42.046783447265625
25825,42.9349250793457
25826,66.49366760253906
25827,45.379302978515625
25828,78.37140655517578
25829,69.29165649414062
25830,38.27915954589844
25831,28.502296447753906
25832,40.02140808105469
25833,45.89830780029297
25834,71.7794189453125
25835,52.407958984375
25836,87.23898315429688
25837,64.74757385253906
25838,34.45805358886719
25839,29.54107666015625
25840,39.01946258544922
25841,48.321231842041016
25842,64.55172729492188
25843,52.085411071777344
25844,74.0902099609375
25845,69.42002868652344
25846,35.38072204589844
25847,28.341047286987305
25848,37.30873107910156
25849,44.52972412109375
25850,67.6508560180664
25851,48.60440444946289
25852,82.73963928222656
25853,65.703369140625
25854,40.019203186035156
25855,29.410907745361328
25856,36.74225616455078
25857,49.451820373535156
25858,63.1943244934082
25859,46.8223876953125
25860,73.18404388427734
25861,66.23597717285156
25862,35.320594787597656
25863,28.920848846435547
25864,37.182273864746094
25865,51.33699417114258
25866,64.03538513183594
25867,50.819854736328125
25868,77.7942886352539
25869,67.47406005859375
25870,41.35478973388672
25871,32.24807357788086
25872,37.840030670166016
25873,51.202632904052734
25874,68.6527099609375
25875,46.159996032714844
25876,83.0462646484375
25877,67.12310791015625
25878,39.41899490356445
25879,26.922096252441406
25880,39.71419906616211
25881,45.45747375488281
25882,64.22551727294922
25883,46.484317779541016
25884,71.27894592285156
25885,65.63621520996094
25886,37.46881103515625
25887,30.478187561035156
25888,39.2189826965332
25889,49.766639709472656
25890,63.74673080444336
25891,49.738250732421875
25892,76.16957092285156
25893,64.86921691894531
25894,36.53723907470703
25895,30.18402099609375
25896,40.505638122558594
25897,51.06986999511719
25898,66.67704772949219
25899,50.57708740234375
25900,79.48304748535156
25901,59.873146057128906
25902,35.688297271728516
25903,26.658462524414062
25904,38.06715393066406
25905,46.48953628540039
25906,62.342960357666016
25907,46.0981559753418
25908,74.73493957519531
25909,66.54521942138672
25910,39.030181884765625
25911,27.079708099365234
25912,37.16423416137695
25913,49.157798767089844
25914,67.20987701416016
25915,45.42144775390625
25916,81.39666748046875
25917,68.78419494628906
25918,35.22895812988281
25919,30.692459106445312
25920,36.99562072753906
25921,52.19811248779297
25922,68.61650085449219
25923,52.504913330078125
25924,78.98593139648438
25925,66.21586608886719
25926,43.632564544677734
25927,32.85554504394531
25928,42.771522521972656
25929,46.08766555786133
25930,64.29806518554688
25931,45.86320495605469
25932,78.27799987792969
25933,65.0442886352539
25934,35.81916046142578
25935,30.074840545654297
25936,35.85194396972656
25937,49.13944625854492
25938,57.72939682006836
25939,48.75949478149414
25940,77.24491882324219
25941,65.05381774902344
25942,35.01090621948242
25943,30.657365798950195
25944,33.545814514160156
25945,46.05438995361328
25946,57.34307098388672
25947,45.63752746582031
25948,74.69158935546875
25949,65.59249877929688
25950,37.600154876708984
25951,32.16879653930664
25952,36.424049377441406
25953,50.13432312011719
25954,62.06109619140625
25955,49.39285659790039
25956,74.89105987548828
25957,67.75602722167969
25958,37.05547332763672
25959,32.85465621948242
25960,40.87822723388672
25961,55.602210998535156
25962,66.60954284667969
25963,55.610538482666016
25964,76.30733489990234
25965,65.66969299316406
25966,36.138362884521484
25967,27.598649978637695
25968,42.079345703125
25969,46.53219985961914
25970,64.2841567993164
25971,51.54285430908203
25972,79.02508544921875
25973,63.618839263916016
25974,36.86613082885742
25975,25.23782730102539
25976,39.71049499511719
25977,42.3533935546875
25978,67.2274398803711
25979,43.97801971435547
25980,81.55276489257812
25981,64.78715515136719
25982,36.080780029296875
25983,28.14385414123535
25984,38.56537628173828
25985,50.16539001464844
25986,65.80570983886719
25987,50.112831115722656
25988,79.03681182861328
25989,65.22430419921875
25990,38.90452575683594
25991,29.04927635192871
25992,39.841957092285156
25993,48.416080474853516
25994,70.62434387207031
25995,47.173118591308594
25996,82.68441772460938
25997,63.888404846191406
25998,37.74973678588867
25999,23.84918212890625
26000,36.69010925292969
26001,49.60906219482422
26002,74.59812927246094
26003,43.86848449707031
26004,87.86175537109375
26005,65.88185119628906
26006,40.50105667114258
26007,31.669124603271484
26008,35.10219192504883
26009,41.15890884399414
26010,61.754364013671875
26011,41.36933135986328
26012,75.51948547363281
26013,66.91531372070312
26014,39.24482727050781
26015,30.45987319946289
26016,41.12764358520508
26017,44.716888427734375
26018,66.56602478027344
26019,46.15612030029297
26020,76.97735595703125
26021,66.52508544921875
26022,39.44440460205078
26023,29.743436813354492
26024,39.977054595947266
26025,47.61044692993164
26026,67.73435974121094
26027,47.75394058227539
26028,78.55961608886719
26029,67.43643188476562
26030,37.86669921875
26031,29.89861488342285
26032,38.80462646484375
26033,49.011932373046875
26034,65.19729614257812
26035,49.92366027832031
26036,78.99916076660156
26037,69.63505554199219
26038,35.84934997558594
26039,29.77635383605957
26040,36.129642486572266
26041,46.86194610595703
26042,63.85688781738281
26043,46.76198959350586
26044,74.79523468017578
26045,64.39552307128906
26046,37.9513053894043
26047,28.32078742980957
26048,40.1429443359375
26049,40.96837615966797
26050,67.52696228027344
26051,43.663055419921875
26052,81.81317138671875
26053,67.8206558227539
26054,38.573143005371094
26055,30.99264907836914
26056,38.44773864746094
26057,48.32776641845703
26058,66.53999328613281
26059,48.12419509887695
26060,77.96501159667969
26061,65.48056030273438
26062,38.74446487426758
26063,32.569000244140625
26064,40.88307189941406
26065,49.246116638183594
26066,66.78327941894531
26067,49.51713562011719
26068,80.52690124511719
26069,64.55230712890625
26070,41.16709899902344
26071,29.031232833862305
26072,38.61265563964844
26073,47.23137283325195
26074,68.1447525024414
26075,48.207515716552734
26076,81.79423522949219
26077,68.99811553955078
26078,39.762451171875
26079,30.329648971557617
26080,38.821693420410156
26081,46.203041076660156
26082,68.00804138183594
26083,46.620208740234375
26084,77.19590759277344
26085,64.27059936523438
26086,38.61030960083008
26087,28.921817779541016
26088,36.731712341308594
26089,44.336185455322266
26090,65.97183227539062
26091,43.199363708496094
26092,74.92068481445312
26093,65.06771850585938
26094,39.27033615112305
26095,28.484682083129883
26096,40.08987045288086
26097,48.41026306152344
26098,71.8067626953125
26099,47.91648864746094
26100,83.48138427734375
26101,43.20934295654297
26102,41.91432189941406
26103,16.10140037536621
26104,47.72093200683594
26105,29.494054794311523
26106,68.18974304199219
26107,36.489986419677734
26108,78.44013977050781
26109,68.28614807128906
26110,38.43709182739258
26111,33.90740203857422
26112,34.868858337402344
26113,55.492313385009766
26114,63.172122955322266
26115,51.765419006347656
26116,75.92849731445312
26117,66.84381103515625
26118,39.34929656982422
26119,31.323293685913086
26120,37.35135269165039
26121,46.4261474609375
26122,66.28316497802734
26123,47.328338623046875
26124,77.95240020751953
26125,65.78665924072266
26126,41.56542205810547
26127,33.34528350830078
26128,37.31541442871094
26129,49.633033752441406
26130,63.94660949707031
26131,48.04130554199219
26132,75.02610778808594
26133,66.7320785522461
26134,39.29418182373047
26135,31.375722885131836
26136,36.10874938964844
26137,49.99553298950195
26138,64.14071655273438
26139,47.4409065246582
26140,76.91950988769531
26141,65.38682556152344
26142,40.485992431640625
26143,29.737035751342773
26144,42.82966613769531
26145,45.33595657348633
26146,68.47395324707031
26147,49.02134704589844
26148,80.14768981933594
26149,66.0290298461914
26150,38.21209716796875
26151,29.68497657775879
26152,40.33492660522461
26153,48.28443908691406
26154,69.007568359375
26155,48.947174072265625
26156,81.87638854980469
26157,66.1219482421875
26158,37.346641540527344
26159,32.50032043457031
26160,34.77556228637695
26161,42.80956268310547
26162,62.02672576904297
26163,43.1695556640625
26164,78.08116912841797
26165,64.47622680664062
26166,36.80695343017578
26167,27.25804328918457
26168,40.7583122253418
26169,47.840667724609375
26170,65.19107818603516
26171,49.68292999267578
26172,77.06025695800781
26173,67.17936706542969
26174,37.248504638671875
26175,31.391748428344727
26176,38.27293395996094
26177,45.40526580810547
26178,64.65621185302734
26179,45.592811584472656
26180,77.52268981933594
26181,62.88306427001953
26182,36.56526184082031
26183,29.258804321289062
26184,36.5318603515625
26185,43.795745849609375
26186,58.9674072265625
26187,44.618953704833984
26188,69.19549560546875
26189,64.76131439208984
26190,36.78849792480469
26191,30.428688049316406
26192,38.897605895996094
26193,46.801780700683594
26194,65.60710906982422
26195,46.36748504638672
26196,82.66213989257812
26197,69.0028076171875
26198,39.50193786621094
26199,30.3663330078125
26200,36.11431121826172
26201,48.98796081542969
26202,66.7666015625
26203,47.932273864746094
26204,76.09503173828125
26205,70.49465942382812
26206,36.73209762573242
26207,26.72361183166504
26208,37.503211975097656
26209,50.1633186340332
26210,65.1636962890625
26211,48.69059371948242
26212,81.31317138671875
26213,67.09764099121094
26214,41.87042999267578
26215,29.43047332763672
26216,36.38749313354492
26217,46.95552444458008
26218,64.69898986816406
26219,44.51101303100586
26220,78.80416870117188
26221,64.10430908203125
26222,37.89878463745117
26223,31.764768600463867
26224,38.59687423706055
26225,50.037174224853516
26226,62.81983947753906
26227,50.1126594543457
26228,75.79508972167969
26229,64.84708404541016
26230,37.22235870361328
26231,29.93984603881836
26232,36.43513870239258
26233,54.65433883666992
26234,67.33601379394531
26235,52.421173095703125
26236,80.03337097167969
26237,66.51988220214844
26238,37.983036041259766
26239,33.551300048828125
26240,38.737327575683594
26241,51.23889923095703
26242,63.10563659667969
26243,51.24577331542969
26244,77.27619934082031
26245,65.71348571777344
26246,36.529541015625
26247,31.08260154724121
26248,37.78904724121094
26249,48.766632080078125
26250,63.060611724853516
26251,50.38673400878906
26252,78.29102325439453
26253,65.73641967773438
26254,33.83717346191406
26255,30.656591415405273
26256,37.21416473388672
26257,53.19775390625
26258,67.53530883789062
26259,51.446842193603516
26260,79.78349304199219
26261,63.49281311035156
26262,36.41872787475586
26263,29.290315628051758
26264,39.96068572998047
26265,49.04167938232422
26266,66.23663330078125
26267,50.34794998168945
26268,78.80148315429688
26269,65.08209228515625
26270,34.51612854003906
26271,26.530601501464844
26272,36.72661590576172
26273,42.65461730957031
26274,64.52755737304688
26275,45.361907958984375
26276,75.26924133300781
26277,65.54342651367188
26278,40.46791076660156
26279,33.64970397949219
26280,37.84432601928711
26281,52.25281524658203
26282,68.39051818847656
26283,45.84334945678711
26284,81.07720947265625
26285,66.54769134521484
26286,36.312530517578125
26287,28.31715202331543
26288,33.67675018310547
26289,42.398067474365234
26290,64.09516143798828
26291,41.51105880737305
26292,76.3709716796875
26293,68.88066101074219
26294,42.943817138671875
26295,34.35881423950195
26296,35.962154388427734
26297,47.10139465332031
26298,65.49620056152344
26299,43.80412292480469
26300,79.26436614990234
26301,62.934242248535156
26302,35.590660095214844
26303,30.07551383972168
26304,36.17350769042969
26305,47.71100616455078
26306,58.97978973388672
26307,47.17865753173828
26308,77.02873229980469
26309,65.94564819335938
26310,42.96295928955078
26311,33.15453338623047
26312,36.412864685058594
26313,47.23328399658203
26314,66.41246032714844
26315,45.61602783203125
26316,75.6226577758789
26317,72.408203125
26318,31.527877807617188
26319,27.65761375427246
26320,40.65977096557617
26321,56.397117614746094
26322,62.703941345214844
26323,57.23352813720703
26324,78.30477905273438
26325,63.81217575073242
26326,37.36865997314453
26327,28.84634017944336
26328,38.18400573730469
26329,46.27578353881836
26330,67.40032196044922
26331,49.22715759277344
26332,78.55906677246094
26333,66.19023895263672
26334,36.94183349609375
26335,31.862220764160156
26336,40.50501251220703
26337,48.16908645629883
26338,62.374114990234375
26339,53.315162658691406
26340,72.42982482910156
26341,65.04143524169922
26342,41.96961212158203
26343,33.077552795410156
26344,37.34819412231445
26345,49.60616683959961
26346,60.816078186035156
26347,47.625465393066406
26348,75.62955474853516
26349,66.86825561523438
26350,39.94535827636719
26351,28.861831665039062
26352,39.500694274902344
26353,45.481510162353516
26354,66.01237487792969
26355,46.97892379760742
26356,83.8011474609375
26357,70.96591186523438
26358,36.40104675292969
26359,31.53009796142578
26360,37.1173095703125
26361,52.220123291015625
26362,65.92891693115234
26363,53.432159423828125
26364,88.49212646484375
26365,64.97569274902344
26366,37.233177185058594
26367,29.6567440032959
26368,39.1979866027832
26369,44.18498229980469
26370,70.87393951416016
26371,49.37066650390625
26372,82.34197998046875
26373,67.20538330078125
26374,42.5618896484375
26375,33.01305389404297
26376,35.49354553222656
26377,43.10682678222656
26378,62.595394134521484
26379,40.9948844909668
26380,77.47160339355469
26381,65.25261688232422
26382,37.841590881347656
26383,30.87203025817871
26384,35.94165802001953
26385,48.83368682861328
26386,64.3675308227539
26387,46.82889938354492
26388,75.63648223876953
26389,65.68907165527344
26390,34.018280029296875
26391,27.70888900756836
26392,38.133949279785156
26393,50.74192428588867
26394,59.49513244628906
26395,52.64636993408203
26396,76.27440643310547
26397,64.65785217285156
26398,35.83976745605469
26399,27.37206268310547
26400,36.741722106933594
26401,51.87934875488281
26402,65.91064453125
26403,46.89776611328125
26404,80.74006652832031
26405,64.43673706054688
26406,40.39643096923828
26407,31.104724884033203
26408,38.108306884765625
26409,48.52759552001953
26410,63.38618850708008
26411,46.318153381347656
26412,82.47843933105469
26413,64.2657241821289
26414,42.44999694824219
26415,31.95235252380371
26416,37.36084747314453
26417,44.839759826660156
26418,64.55673217773438
26419,44.51740264892578
26420,77.51161193847656
26421,67.55419921875
26422,34.38807678222656
26423,30.723831176757812
26424,37.07332229614258
26425,49.81421661376953
26426,63.432159423828125
26427,49.657535552978516
26428,75.89331817626953
26429,60.230960845947266
26430,36.77336120605469
26431,26.932361602783203
26432,41.46044921875
26433,47.705955505371094
26434,64.1597671508789
26435,53.12474822998047
26436,84.92401123046875
26437,67.31856536865234
26438,38.93159866333008
26439,31.144851684570312
26440,36.13141632080078
26441,45.31357192993164
26442,67.16123962402344
26443,44.66896057128906
26444,78.05044555664062
26445,67.78263854980469
26446,37.9140625
26447,27.397750854492188
26448,39.025047302246094
26449,50.651123046875
26450,66.980224609375
26451,49.949310302734375
26452,76.61331176757812
26453,67.94972229003906
26454,37.90309143066406
26455,26.761308670043945
26456,39.41728210449219
26457,48.76934051513672
26458,74.43832397460938
26459,47.681644439697266
26460,88.87953186035156
26461,63.95281219482422
26462,37.019439697265625
26463,28.65015411376953
26464,39.12955093383789
26465,47.629295349121094
26466,65.06153106689453
26467,48.196868896484375
26468,76.14173889160156
26469,66.8111801147461
26470,38.67676544189453
26471,28.54373550415039
26472,38.446876525878906
26473,49.2945556640625
26474,68.19438934326172
26475,49.004638671875
26476,79.48542785644531
26477,66.81229400634766
26478,34.50407409667969
26479,29.144145965576172
26480,37.47584915161133
26481,56.42131805419922
26482,64.46615600585938
26483,54.14209747314453
26484,77.00711822509766
26485,66.37680053710938
26486,37.51728057861328
26487,33.948394775390625
26488,39.25813674926758
26489,47.69385528564453
26490,64.76702880859375
26491,50.797943115234375
26492,76.12437438964844
26493,69.99284362792969
26494,39.65972900390625
26495,30.842365264892578
26496,35.78083038330078
26497,48.89133834838867
26498,63.068485260009766
26499,47.43587112426758
26500,77.11080932617188
26501,64.30206298828125
26502,36.49003601074219
26503,29.267566680908203
26504,40.53902816772461
26505,48.7623405456543
26506,64.44242095947266
26507,52.89828872680664
26508,82.23272705078125
26509,67.17879486083984
26510,37.616920471191406
26511,30.296043395996094
26512,37.0362548828125
26513,48.652137756347656
26514,65.36761474609375
26515,49.58570098876953
26516,76.5716323852539
26517,66.515380859375
26518,40.769569396972656
26519,27.62671661376953
26520,37.01744842529297
26521,43.619476318359375
26522,61.84916687011719
26523,43.77467346191406
26524,75.4712905883789
26525,44.1568717956543
26526,39.18047332763672
26527,33.0658073425293
26528,40.314979553222656
26529,29.04212188720703
26530,58.79530334472656
26531,31.455215454101562
26532,67.81332397460938
26533,65.00187683105469
26534,38.05353546142578
26535,27.567642211914062
26536,38.11090087890625
26537,46.2799072265625
26538,66.84810638427734
26539,45.94508361816406
26540,77.13809967041016
26541,66.04376220703125
26542,34.21178436279297
26543,30.514705657958984
26544,39.00648498535156
26545,51.56121826171875
26546,64.83394622802734
26547,51.66392517089844
26548,77.48092651367188
26549,65.25392150878906
26550,39.33013153076172
26551,28.43280601501465
26552,37.49235153198242
26553,49.21475601196289
26554,62.86357879638672
26555,47.140159606933594
26556,76.02134704589844
26557,61.123992919921875
26558,39.13560485839844
26559,31.07046890258789
26560,37.479549407958984
26561,45.429893493652344
26562,66.62908935546875
26563,45.9134635925293
26564,75.97555541992188
26565,64.48943328857422
26566,43.46586608886719
26567,28.836442947387695
26568,39.51203155517578
26569,44.21741485595703
26570,66.23383331298828
26571,42.709774017333984
26572,76.29755401611328
26573,64.63788604736328
26574,37.33525085449219
26575,28.91106414794922
26576,36.376930236816406
26577,48.97887420654297
26578,65.58619689941406
26579,47.71418762207031
26580,77.66230773925781
26581,66.36093139648438
26582,46.03185272216797
26583,32.40216064453125
26584,35.791259765625
26585,40.594703674316406
26586,64.43121337890625
26587,36.997901916503906
26588,75.14089965820312
26589,64.54212951660156
26590,40.31201934814453
26591,31.601228713989258
26592,38.45161437988281
26593,45.228599548339844
26594,65.8538818359375
26595,45.37417221069336
26596,82.25740051269531
26597,62.9587516784668
26598,47.155426025390625
26599,32.97987365722656
26600,32.56365203857422
26601,44.51311111450195
26602,64.1473388671875
26603,38.13145446777344
26604,74.24264526367188
26605,67.216796875
26606,38.00892639160156
26607,33.35649108886719
26608,33.063148498535156
26609,49.78271484375
26610,55.04280090332031
26611,46.54869842529297
26612,79.38682556152344
26613,67.93778991699219
26614,38.50609588623047
26615,30.500011444091797
26616,35.879093170166016
26617,48.15681457519531
26618,61.66857147216797
26619,48.20008087158203
26620,74.67514038085938
26621,66.97895050048828
26622,36.823760986328125
26623,29.338871002197266
26624,37.640743255615234
26625,48.411033630371094
26626,67.10684967041016
26627,48.62419891357422
26628,78.7606201171875
26629,67.61802673339844
26630,41.91217041015625
26631,31.174091339111328
26632,35.81520462036133
26633,44.7706298828125
26634,56.275901794433594
26635,42.16456604003906
26636,75.08789825439453
26637,65.57891845703125
26638,39.49848175048828
26639,28.952049255371094
26640,37.057830810546875
26641,45.149845123291016
26642,66.23916625976562
26643,43.41550827026367
26644,80.27574157714844
26645,68.44657897949219
26646,37.037925720214844
26647,26.664737701416016
26648,37.43743133544922
26649,48.476287841796875
26650,63.15478515625
26651,49.06077575683594
26652,74.93994140625
26653,66.31198120117188
26654,33.366058349609375
26655,29.64940643310547
26656,35.87391662597656
26657,50.14543151855469
26658,63.337982177734375
26659,50.673728942871094
26660,75.51824951171875
26661,67.09056091308594
26662,38.14155197143555
26663,31.178852081298828
26664,34.803550720214844
26665,50.36859893798828
26666,61.352928161621094
26667,47.15268325805664
26668,77.65576171875
26669,65.10415649414062
26670,34.990089416503906
26671,31.636756896972656
26672,40.897491455078125
26673,54.11331558227539
26674,66.1865234375
26675,55.958946228027344
26676,76.45835876464844
26677,66.09896850585938
26678,35.134490966796875
26679,30.587209701538086
26680,37.04071044921875
26681,48.92365646362305
26682,66.44132232666016
26683,48.81959533691406
26684,77.04077911376953
26685,63.962890625
26686,38.2515983581543
26687,32.220054626464844
26688,36.748985290527344
26689,48.102783203125
26690,63.818180084228516
26691,47.70640563964844
26692,77.81873321533203
26693,60.92548370361328
26694,36.081398010253906
26695,30.86300277709961
26696,42.550079345703125
26697,47.69173049926758
26698,65.928466796875
26699,50.822242736816406
26700,73.15372467041016
26701,64.53425598144531
26702,36.99580764770508
26703,29.086519241333008
26704,37.336910247802734
26705,50.34039306640625
26706,65.6388168334961
26707,50.352317810058594
26708,77.62552642822266
26709,64.22964477539062
26710,39.728721618652344
26711,30.888324737548828
26712,37.72040557861328
26713,43.59183120727539
26714,60.020057678222656
26715,44.23297119140625
26716,74.93482971191406
26717,66.82931518554688
26718,35.125823974609375
26719,27.323678970336914
26720,42.52145767211914
26721,55.52275848388672
26722,68.98155212402344
26723,55.1667366027832
26724,80.36483764648438
26725,67.87767028808594
26726,39.95471954345703
26727,31.65975570678711
26728,37.975799560546875
26729,48.44951629638672
26730,64.62966918945312
26731,47.24249267578125
26732,76.57763671875
26733,65.06419372558594
26734,36.45832824707031
26735,28.761276245117188
26736,33.224937438964844
26737,48.41551971435547
26738,61.72307586669922
26739,44.947784423828125
26740,73.70411682128906
26741,64.77978515625
26742,37.606971740722656
26743,31.72418212890625
26744,37.88887023925781
26745,45.84400939941406
26746,67.59866333007812
26747,49.352561950683594
26748,82.97898864746094
26749,65.43679809570312
26750,35.889678955078125
26751,30.824996948242188
26752,38.20165252685547
26753,43.94507598876953
26754,65.29916381835938
26755,48.572715759277344
26756,75.85215759277344
26757,64.01985168457031
26758,35.20606994628906
26759,28.213512420654297
26760,39.03037643432617
26761,55.6336555480957
26762,68.38668060302734
26763,56.15318298339844
26764,82.32640075683594
26765,61.817413330078125
26766,39.32849884033203
26767,30.313798904418945
26768,39.37374496459961
26769,47.814308166503906
26770,60.887779235839844
26771,46.41466522216797
26772,75.51507568359375
26773,66.1152572631836
26774,37.94164276123047
26775,31.04641342163086
26776,38.70294189453125
26777,47.705997467041016
26778,63.679378509521484
26779,48.25799560546875
26780,75.2833480834961
26781,60.83116149902344
26782,37.863853454589844
26783,33.04521179199219
26784,39.67908477783203
26785,46.36275863647461
26786,62.58269119262695
26787,48.039337158203125
26788,69.66808319091797
26789,66.00009155273438
26790,37.02425765991211
26791,30.378496170043945
26792,31.262142181396484
26793,57.063079833984375
26794,59.75438690185547
26795,50.742958068847656
26796,74.99398803710938
26797,68.20692443847656
26798,42.84169387817383
26799,29.44396209716797
26800,36.92674255371094
26801,41.84803771972656
26802,67.38319396972656
26803,42.17744445800781
26804,77.46118927001953
26805,65.20613861083984
26806,32.88402557373047
26807,29.188074111938477
26808,35.47112274169922
26809,49.626747131347656
26810,61.78831100463867
26811,50.4821891784668
26812,73.03369140625
26813,65.17903137207031
26814,37.72215270996094
26815,31.62535858154297
26816,36.85231018066406
26817,48.81864547729492
26818,66.74046325683594
26819,46.75345230102539
26820,77.10491943359375
26821,58.27170944213867
26822,37.536746978759766
26823,31.92957305908203
26824,39.93950653076172
26825,41.498111724853516
26826,59.81270217895508
26827,41.84544372558594
26828,70.18572235107422
26829,66.14663696289062
26830,36.00514221191406
26831,29.056848526000977
26832,38.16416931152344
26833,47.72743606567383
26834,69.28780364990234
26835,50.36408233642578
26836,77.17507934570312
26837,66.4898681640625
26838,43.52457809448242
26839,28.82593536376953
26840,34.99824523925781
26841,41.55672836303711
26842,67.14993286132812
26843,36.599918365478516
26844,82.82937622070312
26845,61.96170425415039
26846,38.87976837158203
26847,31.31173324584961
26848,40.09979248046875
26849,45.30083084106445
26850,66.11778259277344
26851,49.42705154418945
26852,73.25959777832031
26853,66.09469604492188
26854,39.70114517211914
26855,30.325820922851562
26856,37.053001403808594
26857,48.221221923828125
26858,68.85324096679688
26859,45.35388946533203
26860,80.25
26861,62.366905212402344
26862,34.840057373046875
26863,30.464630126953125
26864,39.5882682800293
26865,48.0948600769043
26866,65.76063537597656
26867,51.26923370361328
26868,77.17764282226562
26869,66.07987976074219
26870,40.173133850097656
26871,31.288002014160156
26872,37.80073547363281
26873,48.96087646484375
26874,69.36946868896484
26875,46.050941467285156
26876,81.49139404296875
26877,68.53368377685547
26878,32.354801177978516
26879,28.986114501953125
26880,35.01759719848633
26881,53.656959533691406
26882,65.99722290039062
26883,50.72941207885742
26884,74.62942504882812
26885,66.32438659667969
26886,37.581573486328125
26887,27.524391174316406
26888,37.16322326660156
26889,50.58871078491211
26890,56.514530181884766
26891,48.294307708740234
26892,80.54973602294922
26893,64.78878784179688
26894,39.0657958984375
26895,31.022668838500977
26896,37.97550964355469
26897,46.12627410888672
26898,63.182899475097656
26899,44.664955139160156
26900,74.88723754882812
26901,70.5575180053711
26902,36.7085075378418
26903,34.260581970214844
26904,35.319374084472656
26905,43.224571228027344
26906,64.04910278320312
26907,45.786537170410156
26908,79.122314453125
26909,64.90708923339844
26910,37.721824645996094
26911,30.47414207458496
26912,39.33818817138672
26913,48.860469818115234
26914,66.12274169921875
26915,49.074615478515625
26916,78.01268005371094
26917,66.31666564941406
26918,37.16273498535156
26919,30.186969757080078
26920,41.62938690185547
26921,46.72351837158203
26922,68.4622802734375
26923,48.04230880737305
26924,76.68518829345703
26925,64.49215698242188
26926,37.62694549560547
26927,28.477161407470703
26928,38.09319305419922
26929,48.548301696777344
26930,60.57411575317383
26931,47.86756896972656
26932,76.62089538574219
26933,62.500038146972656
26934,44.39094161987305
26935,30.397680282592773
26936,38.46039581298828
26937,43.31153106689453
26938,67.32518005371094
26939,42.543724060058594
26940,85.98738098144531
26941,66.11006164550781
26942,39.079078674316406
26943,28.48440170288086
26944,39.481658935546875
26945,49.0450325012207
26946,68.72660064697266
26947,48.45587921142578
26948,81.95039367675781
26949,69.9434814453125
26950,37.774234771728516
26951,32.03144073486328
26952,35.47529983520508
26953,53.899356842041016
26954,65.85313415527344
26955,50.702972412109375
26956,76.85870361328125
26957,65.82752990722656
26958,38.228057861328125
26959,30.86538314819336
26960,39.7322883605957
26961,47.67062759399414
26962,65.32695770263672
26963,49.82331848144531
26964,77.66265869140625
26965,68.90095520019531
26966,39.62083435058594
26967,30.286115646362305
26968,37.88328170776367
26969,53.35927200317383
26970,64.01953125
26971,51.304656982421875
26972,78.28327941894531
26973,64.90342712402344
26974,38.354156494140625
26975,31.767127990722656
26976,37.34734344482422
26977,48.94927215576172
26978,63.930442810058594
26979,45.32704162597656
26980,75.94223022460938
26981,66.0130615234375
26982,39.80570983886719
26983,30.338756561279297
26984,39.71955871582031
26985,48.87983703613281
26986,64.2686767578125
26987,48.197608947753906
26988,77.28375244140625
26989,69.35785675048828
26990,42.428016662597656
26991,27.370750427246094
26992,38.742828369140625
26993,43.16670608520508
26994,55.4260368347168
26995,42.937538146972656
26996,73.63212585449219
26997,63.994140625
26998,36.15062713623047
26999,30.920679092407227
27000,36.570343017578125
27001,47.4256591796875
27002,59.569091796875
27003,43.121315002441406
27004,78.07889556884766
27005,64.91575622558594
27006,38.55482482910156
27007,31.74629783630371
27008,36.91245651245117
27009,44.981834411621094
27010,64.20836639404297
27011,46.57221984863281
27012,74.74038696289062
27013,67.14968872070312
27014,38.8270263671875
27015,32.68121337890625
27016,38.875953674316406
27017,50.713340759277344
27018,62.098873138427734
27019,48.428123474121094
27020,75.14067840576172
27021,64.04161071777344
27022,36.942283630371094
27023,29.13859748840332
27024,33.882286071777344
27025,47.402687072753906
27026,63.586769104003906
27027,44.22723388671875
27028,80.25883483886719
27029,65.03997802734375
27030,36.56532287597656
27031,26.842557907104492
27032,31.025362014770508
27033,41.31745910644531
27034,67.6502685546875
27035,39.37730026245117
27036,79.69915008544922
27037,62.612979888916016
27038,38.875308990478516
27039,32.42973327636719
27040,36.83673095703125
27041,46.76958465576172
27042,60.694305419921875
27043,44.37553405761719
27044,71.67214965820312
27045,68.3178482055664
27046,35.8111457824707
27047,26.905200958251953
27048,36.865074157714844
27049,43.96178436279297
27050,61.303009033203125
27051,45.728302001953125
27052,81.54661560058594
27053,63.893096923828125
27054,35.378395080566406
27055,30.806175231933594
27056,40.464942932128906
27057,51.34778594970703
27058,65.56916046142578
27059,53.097049713134766
27060,77.84539031982422
27061,64.40426635742188
27062,34.308624267578125
27063,24.216644287109375
27064,39.54246520996094
27065,43.265995025634766
27066,63.74223327636719
27067,46.65979766845703
27068,77.85643005371094
27069,68.32127380371094
27070,41.44830322265625
27071,28.26294708251953
27072,37.00736999511719
27073,45.15829086303711
27074,69.71519470214844
27075,44.26274108886719
27076,77.83019256591797
27077,65.79899597167969
27078,38.91649627685547
27079,29.58270835876465
27080,39.46354675292969
27081,42.93831253051758
27082,68.60276794433594
27083,45.890480041503906
27084,82.76558685302734
27085,64.71930694580078
27086,38.74442672729492
27087,31.001367568969727
27088,36.557716369628906
27089,46.334930419921875
27090,63.6204948425293
27091,48.25452423095703
27092,76.71346282958984
27093,64.0551986694336
27094,35.12468719482422
27095,29.7705078125
27096,43.336795806884766
27097,51.131591796875
27098,63.95555877685547
27099,53.58574676513672
27100,74.4758529663086
27101,66.90338134765625
27102,43.117244720458984
27103,32.55434799194336
27104,39.28993606567383
27105,46.53358459472656
27106,67.07493591308594
27107,43.78248977661133
27108,77.28218841552734
27109,63.48568344116211
27110,36.47270202636719
27111,30.41787338256836
27112,38.03561782836914
27113,41.692779541015625
27114,63.38623046875
27115,45.926307678222656
27116,73.62687683105469
27117,67.7720947265625
27118,39.011940002441406
27119,31.595741271972656
27120,37.81548309326172
27121,47.282779693603516
27122,63.57616424560547
27123,52.63744354248047
27124,80.73262023925781
